2026-08-03 09:12:31,214 | [FULL    ] | INFO | __main__ | Run ID: 20260803_091231_full_wvote_artifact30_strat_4err | augment=False | dropout=0.50 | patience=30 | batch_size=32 | artifact=thr=30.0 | signal_mode=four_error (4ch) | stratified={0: 4, 1: 8} | weighted_vote={0: 0.0, 1: 0.5, 2: 0.5, 3: 0.5, 4: 0.0, 5: 1.5, 6: 1.5, 7: 1.5}
2026-08-03 09:12:31,214 | [FULL    ] | INFO | __main__ | Log file: /home/oem/choihyunsu/VOGBasedMCIDetection/outputs/logs/run_20260803_091231_full_wvote_artifact30_strat_4err.log
2026-08-03 09:12:31,214 | [FULL    ] | INFO | __main__ | Loading full 8-task VOG saccade tensors from: /home/oem/choihyunsu/VOGBasedMCIDetection/data
2026-08-03 09:12:31,321 | [FULL    ] | INFO | full_experiments_using.data_processor.data_engineering | Loaded preprocessed data_store from cache: /home/oem/choihyunsu/VOGBasedMCIDetection/outputs/cache/data_store_full_4err.pkl (5715 epochs)
2026-08-03 09:12:31,434 | [FULL    ] | INFO | __main__ | Total epoched samples: 5715
2026-08-03 09:12:31,560 | [FULL    ] | INFO | full_experiments_using.evaluators.monte_carlo_evaluator | MC Group CV [stratified-group] — 30 folds | device=cuda | num_tasks=8 | augment=False | dropout=0.50 | weighted_vote={0: 0.0, 1: 0.5, 2: 0.5, 3: 0.5, 4: 0.0, 5: 1.5, 6: 1.5, 7: 1.5}
2026-08-03 09:12:31,669 | [FULL    ] | INFO | full_experiments_using.evaluators.monte_carlo_evaluator | === Fold 01/30 | train: 25 subj (HC=10 MCI=15) / 3872 win | test: 12 subj (HC=4 MCI=8) / 1843 win ===
2026-08-03 09:12:31,918 | [FULL    ] | INFO | httpx | HTTP Request: GET https://huggingface.co/api/agent-harnesses "HTTP/1.1 200 OK"
2026-08-03 09:12:32,135 | [FULL    ] | INFO | httpx | HTTP Request: HEAD https://huggingface.co/apple/mobilevit-small/resolve/main/config.json "HTTP/1.1 307 Temporary Redirect"
2026-08-03 09:12:32,136 | [FULL    ] | WARNING | huggingface_hub.utils._http | Warning: You are sending unauthenticated requests to the HF Hub. Please set a HF_TOKEN to enable higher rate limits and faster downloads.
2026-08-03 09:12:32,148 | [FULL    ] | INFO | httpx | HTTP Request: HEAD https://huggingface.co/api/resolve-cache/models/apple/mobilevit-small/6c8612545dc98676d27bc518fa521d9e9af23e34/config.json "HTTP/1.1 200 OK"
2026-08-03 09:12:32,392 | [FULL    ] | INFO | httpx | HTTP Request: HEAD https://huggingface.co/apple/mobilevit-small/resolve/main/model.safetensors "HTTP/1.1 404 Not Found"
2026-08-03 09:12:32,591 | [FULL    ] | INFO | httpx | HTTP Request: HEAD https://huggingface.co/apple/mobilevit-small/resolve/main/model.safetensors.index.json "HTTP/1.1 404 Not Found"
2026-08-03 09:12:32,815 | [FULL    ] | INFO | httpx | HTTP Request: HEAD https://huggingface.co/apple/mobilevit-small/resolve/main/pytorch_model.bin "HTTP/1.1 302 Found"
2026-08-03 09:12:33,033 | [FULL    ] | INFO | httpx | HTTP Request: HEAD https://huggingface.co/apple/mobilevit-small/resolve/main/model.safetensors "HTTP/1.1 404 Not Found"
2026-08-03 09:12:33,256 | [FULL    ] | INFO | httpx | HTTP Request: GET https://huggingface.co/api/models/apple/mobilevit-small "HTTP/1.1 200 OK"
2026-08-03 09:12:33,509 | [FULL    ] | INFO | full_experiments_using.model_trainers.mobile_vit_trainer | Device: cuda | max_epochs=500 | batch=32 | eval_batch=256 | es_patience=30
2026-08-03 09:12:33,514 | [FULL    ] | INFO | full_experiments_using.model_trainers.mobile_vit_trainer | CE weights — HC: 1.079  MCI: 0.932
2026-08-03 09:12:33,519 | [FULL    ] | INFO | httpx | HTTP Request: GET https://huggingface.co/api/models/apple/mobilevit-small/commits/main "HTTP/1.1 200 OK"
2026-08-03 09:12:33,752 | [FULL    ] | INFO | httpx | HTTP Request: GET https://huggingface.co/api/models/apple/mobilevit-small/discussions?p=0 "HTTP/1.1 200 OK"
2026-08-03 09:12:33,971 | [FULL    ] | INFO | httpx | HTTP Request: GET https://huggingface.co/api/models/apple/mobilevit-small/commits/refs%2Fpr%2F6 "HTTP/1.1 200 OK"
2026-08-03 09:12:34,178 | [FULL    ] | INFO | httpx | HTTP Request: HEAD https://huggingface.co/apple/mobilevit-small/resolve/refs%2Fpr%2F6/model.safetensors.index.json "HTTP/1.1 404 Not Found"
2026-08-03 09:12:34,398 | [FULL    ] | INFO | httpx | HTTP Request: HEAD https://huggingface.co/apple/mobilevit-small/resolve/refs%2Fpr%2F6/model.safetensors "HTTP/1.1 302 Found"
2026-08-03 09:13:05,092 | [FULL    ] | INFO | full_experiments_using.model_trainers.mobile_vit_trainer | Ep [001/500] T-Acc:  48.8%  V-Acc:  46.5%  V-AUROC: 0.4957  LR: 2.00e-04
2026-08-03 09:13:05,150 | [FULL    ] | INFO | full_experiments_using.model_trainers.mobile_vit_trainer |   ↳ new best AUROC; saved checkpoint: /home/oem/choihyunsu/VOGBasedMCIDetection/outputs/checkpoints/run_20260803_091231_full_wvote_artifact30_strat_4err/fold_00_best.pth
2026-08-03 09:13:28,359 | [FULL    ] | INFO | full_experiments_using.model_trainers.mobile_vit_trainer | Ep [002/500] T-Acc:  48.1%  V-Acc:  48.7%  V-AUROC: 0.4922  LR: 4.00e-04
2026-08-03 09:13:52,369 | [FULL    ] | INFO | full_experiments_using.model_trainers.mobile_vit_trainer | Ep [003/500] T-Acc:  50.8%  V-Acc:  50.2%  V-AUROC: 0.4998  LR: 6.00e-04
2026-08-03 09:13:52,550 | [FULL    ] | INFO | full_experiments_using.model_trainers.mobile_vit_trainer |   ↳ new best AUROC; saved checkpoint: /home/oem/choihyunsu/VOGBasedMCIDetection/outputs/checkpoints/run_20260803_091231_full_wvote_artifact30_strat_4err/fold_00_best.pth
2026-08-03 09:14:18,475 | [FULL    ] | INFO | full_experiments_using.model_trainers.mobile_vit_trainer | Ep [004/500] T-Acc:  51.4%  V-Acc:  49.8%  V-AUROC: 0.5175  LR: 8.00e-04
2026-08-03 09:14:18,655 | [FULL    ] | INFO | full_experiments_using.model_trainers.mobile_vit_trainer |   ↳ new best AUROC; saved checkpoint: /home/oem/choihyunsu/VOGBasedMCIDetection/outputs/checkpoints/run_20260803_091231_full_wvote_artifact30_strat_4err/fold_00_best.pth
2026-08-03 09:14:46,910 | [FULL    ] | INFO | full_experiments_using.model_trainers.mobile_vit_trainer | Ep [005/500] T-Acc:  50.3%  V-Acc:  53.9%  V-AUROC: 0.5349  LR: 1.00e-03
2026-08-03 09:14:47,025 | [FULL    ] | INFO | full_experiments_using.model_trainers.mobile_vit_trainer |   ↳ new best AUROC; saved checkpoint: /home/oem/choihyunsu/VOGBasedMCIDetection/outputs/checkpoints/run_20260803_091231_full_wvote_artifact30_strat_4err/fold_00_best.pth
2026-08-03 09:15:14,982 | [FULL    ] | INFO | full_experiments_using.model_trainers.mobile_vit_trainer | Ep [006/500] T-Acc:  52.7%  V-Acc:  55.8%  V-AUROC: 0.5514  LR: 1.00e-03
2026-08-03 09:15:15,204 | [FULL    ] | INFO | full_experiments_using.model_trainers.mobile_vit_trainer |   ↳ new best AUROC; saved checkpoint: /home/oem/choihyunsu/VOGBasedMCIDetection/outputs/checkpoints/run_20260803_091231_full_wvote_artifact30_strat_4err/fold_00_best.pth
2026-08-03 09:15:43,444 | [FULL    ] | INFO | full_experiments_using.model_trainers.mobile_vit_trainer | Ep [007/500] T-Acc:  52.5%  V-Acc:  57.8%  V-AUROC: 0.5661  LR: 1.00e-03
2026-08-03 09:15:43,651 | [FULL    ] | INFO | full_experiments_using.model_trainers.mobile_vit_trainer |   ↳ new best AUROC; saved checkpoint: /home/oem/choihyunsu/VOGBasedMCIDetection/outputs/checkpoints/run_20260803_091231_full_wvote_artifact30_strat_4err/fold_00_best.pth
2026-08-03 09:16:11,896 | [FULL    ] | INFO | full_experiments_using.model_trainers.mobile_vit_trainer | Ep [008/500] T-Acc:  52.7%  V-Acc:  57.9%  V-AUROC: 0.5653  LR: 1.00e-03
2026-08-03 09:16:40,134 | [FULL    ] | INFO | full_experiments_using.model_trainers.mobile_vit_trainer | Ep [009/500] T-Acc:  53.1%  V-Acc:  57.6%  V-AUROC: 0.5671  LR: 1.00e-03
2026-08-03 09:16:40,260 | [FULL    ] | INFO | full_experiments_using.model_trainers.mobile_vit_trainer |   ↳ new best AUROC; saved checkpoint: /home/oem/choihyunsu/VOGBasedMCIDetection/outputs/checkpoints/run_20260803_091231_full_wvote_artifact30_strat_4err/fold_00_best.pth
2026-08-03 09:17:08,105 | [FULL    ] | INFO | full_experiments_using.model_trainers.mobile_vit_trainer | Ep [010/500] T-Acc:  53.9%  V-Acc:  58.4%  V-AUROC: 0.5755  LR: 1.00e-03
2026-08-03 09:17:08,246 | [FULL    ] | INFO | full_experiments_using.model_trainers.mobile_vit_trainer |   ↳ new best AUROC; saved checkpoint: /home/oem/choihyunsu/VOGBasedMCIDetection/outputs/checkpoints/run_20260803_091231_full_wvote_artifact30_strat_4err/fold_00_best.pth
2026-08-03 09:17:36,467 | [FULL    ] | INFO | full_experiments_using.model_trainers.mobile_vit_trainer | Ep [011/500] T-Acc:  54.9%  V-Acc:  57.5%  V-AUROC: 0.5750  LR: 1.00e-03
2026-08-03 09:18:04,580 | [FULL    ] | INFO | full_experiments_using.model_trainers.mobile_vit_trainer | Ep [012/500] T-Acc:  53.9%  V-Acc:  57.4%  V-AUROC: 0.5816  LR: 1.00e-03
2026-08-03 09:18:04,738 | [FULL    ] | INFO | full_experiments_using.model_trainers.mobile_vit_trainer |   ↳ new best AUROC; saved checkpoint: /home/oem/choihyunsu/VOGBasedMCIDetection/outputs/checkpoints/run_20260803_091231_full_wvote_artifact30_strat_4err/fold_00_best.pth
2026-08-03 09:18:32,986 | [FULL    ] | INFO | full_experiments_using.model_trainers.mobile_vit_trainer | Ep [013/500] T-Acc:  54.6%  V-Acc:  58.8%  V-AUROC: 0.5855  LR: 1.00e-03
2026-08-03 09:18:33,166 | [FULL    ] | INFO | full_experiments_using.model_trainers.mobile_vit_trainer |   ↳ new best AUROC; saved checkpoint: /home/oem/choihyunsu/VOGBasedMCIDetection/outputs/checkpoints/run_20260803_091231_full_wvote_artifact30_strat_4err/fold_00_best.pth
2026-08-03 09:19:01,350 | [FULL    ] | INFO | full_experiments_using.model_trainers.mobile_vit_trainer | Ep [014/500] T-Acc:  54.4%  V-Acc:  58.3%  V-AUROC: 0.5944  LR: 1.00e-03
2026-08-03 09:19:01,471 | [FULL    ] | INFO | full_experiments_using.model_trainers.mobile_vit_trainer |   ↳ new best AUROC; saved checkpoint: /home/oem/choihyunsu/VOGBasedMCIDetection/outputs/checkpoints/run_20260803_091231_full_wvote_artifact30_strat_4err/fold_00_best.pth
2026-08-03 09:19:29,621 | [FULL    ] | INFO | full_experiments_using.model_trainers.mobile_vit_trainer | Ep [015/500] T-Acc:  55.3%  V-Acc:  58.4%  V-AUROC: 0.5880  LR: 1.00e-03
2026-08-03 09:19:57,976 | [FULL    ] | INFO | full_experiments_using.model_trainers.mobile_vit_trainer | Ep [016/500] T-Acc:  56.4%  V-Acc:  57.9%  V-AUROC: 0.5916  LR: 1.00e-03
2026-08-03 09:20:26,414 | [FULL    ] | INFO | full_experiments_using.model_trainers.mobile_vit_trainer | Ep [017/500] T-Acc:  54.6%  V-Acc:  57.9%  V-AUROC: 0.5924  LR: 1.00e-03
2026-08-03 09:20:54,667 | [FULL    ] | INFO | full_experiments_using.model_trainers.mobile_vit_trainer | Ep [018/500] T-Acc:  55.8%  V-Acc:  58.6%  V-AUROC: 0.5969  LR: 1.00e-03
2026-08-03 09:20:54,855 | [FULL    ] | INFO | full_experiments_using.model_trainers.mobile_vit_trainer |   ↳ new best AUROC; saved checkpoint: /home/oem/choihyunsu/VOGBasedMCIDetection/outputs/checkpoints/run_20260803_091231_full_wvote_artifact30_strat_4err/fold_00_best.pth
2026-08-03 09:21:23,243 | [FULL    ] | INFO | full_experiments_using.model_trainers.mobile_vit_trainer | Ep [019/500] T-Acc:  56.9%  V-Acc:  59.4%  V-AUROC: 0.6040  LR: 1.00e-03
2026-08-03 09:21:23,363 | [FULL    ] | INFO | full_experiments_using.model_trainers.mobile_vit_trainer |   ↳ new best AUROC; saved checkpoint: /home/oem/choihyunsu/VOGBasedMCIDetection/outputs/checkpoints/run_20260803_091231_full_wvote_artifact30_strat_4err/fold_00_best.pth
2026-08-03 09:21:51,630 | [FULL    ] | INFO | full_experiments_using.model_trainers.mobile_vit_trainer | Ep [020/500] T-Acc:  56.2%  V-Acc:  59.1%  V-AUROC: 0.6034  LR: 1.00e-03
2026-08-03 09:22:19,953 | [FULL    ] | INFO | full_experiments_using.model_trainers.mobile_vit_trainer | Ep [021/500] T-Acc:  56.9%  V-Acc:  58.9%  V-AUROC: 0.6023  LR: 1.00e-03
2026-08-03 09:22:48,236 | [FULL    ] | INFO | full_experiments_using.model_trainers.mobile_vit_trainer | Ep [022/500] T-Acc:  57.4%  V-Acc:  59.4%  V-AUROC: 0.6001  LR: 1.00e-03
2026-08-03 09:23:16,668 | [FULL    ] | INFO | full_experiments_using.model_trainers.mobile_vit_trainer | Ep [023/500] T-Acc:  57.3%  V-Acc:  59.4%  V-AUROC: 0.6133  LR: 1.00e-03
2026-08-03 09:23:16,786 | [FULL    ] | INFO | full_experiments_using.model_trainers.mobile_vit_trainer |   ↳ new best AUROC; saved checkpoint: /home/oem/choihyunsu/VOGBasedMCIDetection/outputs/checkpoints/run_20260803_091231_full_wvote_artifact30_strat_4err/fold_00_best.pth
2026-08-03 09:23:45,245 | [FULL    ] | INFO | full_experiments_using.model_trainers.mobile_vit_trainer | Ep [024/500] T-Acc:  57.6%  V-Acc:  58.8%  V-AUROC: 0.6038  LR: 1.00e-03
2026-08-03 09:24:13,504 | [FULL    ] | INFO | full_experiments_using.model_trainers.mobile_vit_trainer | Ep [025/500] T-Acc:  57.7%  V-Acc:  59.0%  V-AUROC: 0.6043  LR: 1.00e-03
2026-08-03 09:24:41,918 | [FULL    ] | INFO | full_experiments_using.model_trainers.mobile_vit_trainer | Ep [026/500] T-Acc:  58.3%  V-Acc:  60.6%  V-AUROC: 0.6134  LR: 1.00e-03
2026-08-03 09:24:42,029 | [FULL    ] | INFO | full_experiments_using.model_trainers.mobile_vit_trainer |   ↳ new best AUROC; saved checkpoint: /home/oem/choihyunsu/VOGBasedMCIDetection/outputs/checkpoints/run_20260803_091231_full_wvote_artifact30_strat_4err/fold_00_best.pth
2026-08-03 09:25:10,241 | [FULL    ] | INFO | full_experiments_using.model_trainers.mobile_vit_trainer | Ep [027/500] T-Acc:  57.7%  V-Acc:  59.6%  V-AUROC: 0.6072  LR: 1.00e-03
2026-08-03 09:25:38,709 | [FULL    ] | INFO | full_experiments_using.model_trainers.mobile_vit_trainer | Ep [028/500] T-Acc:  57.5%  V-Acc:  58.5%  V-AUROC: 0.6020  LR: 1.00e-03
2026-08-03 09:26:07,056 | [FULL    ] | INFO | full_experiments_using.model_trainers.mobile_vit_trainer | Ep [029/500] T-Acc:  57.5%  V-Acc:  59.6%  V-AUROC: 0.6039  LR: 1.00e-03
2026-08-03 09:26:35,287 | [FULL    ] | INFO | full_experiments_using.model_trainers.mobile_vit_trainer | Ep [030/500] T-Acc:  58.4%  V-Acc:  58.3%  V-AUROC: 0.5981  LR: 1.00e-03
2026-08-03 09:27:03,489 | [FULL    ] | INFO | full_experiments_using.model_trainers.mobile_vit_trainer | Ep [031/500] T-Acc:  59.0%  V-Acc:  58.7%  V-AUROC: 0.6040  LR: 1.00e-03
2026-08-03 09:27:31,807 | [FULL    ] | INFO | full_experiments_using.model_trainers.mobile_vit_trainer | Ep [032/500] T-Acc:  59.2%  V-Acc:  59.3%  V-AUROC: 0.6082  LR: 1.00e-03
2026-08-03 09:28:00,349 | [FULL    ] | INFO | full_experiments_using.model_trainers.mobile_vit_trainer | Ep [033/500] T-Acc:  58.9%  V-Acc:  58.7%  V-AUROC: 0.6062  LR: 1.00e-03
2026-08-03 09:28:28,646 | [FULL    ] | INFO | full_experiments_using.model_trainers.mobile_vit_trainer | Ep [034/500] T-Acc:  58.5%  V-Acc:  60.0%  V-AUROC: 0.6124  LR: 1.00e-03
2026-08-03 09:28:56,924 | [FULL    ] | INFO | full_experiments_using.model_trainers.mobile_vit_trainer | Ep [035/500] T-Acc:  59.3%  V-Acc:  58.8%  V-AUROC: 0.6120  LR: 1.00e-03
2026-08-03 09:29:25,137 | [FULL    ] | INFO | full_experiments_using.model_trainers.mobile_vit_trainer | Ep [036/500] T-Acc:  59.6%  V-Acc:  59.3%  V-AUROC: 0.6078  LR: 1.00e-03
2026-08-03 09:29:53,312 | [FULL    ] | INFO | full_experiments_using.model_trainers.mobile_vit_trainer | Ep [037/500] T-Acc:  59.7%  V-Acc:  59.2%  V-AUROC: 0.6069  LR: 1.00e-03
2026-08-03 09:30:21,603 | [FULL    ] | INFO | full_experiments_using.model_trainers.mobile_vit_trainer | Ep [038/500] T-Acc:  58.0%  V-Acc:  59.9%  V-AUROC: 0.6091  LR: 2.00e-04
2026-08-03 09:30:49,896 | [FULL    ] | INFO | full_experiments_using.model_trainers.mobile_vit_trainer | Ep [039/500] T-Acc:  59.1%  V-Acc:  60.3%  V-AUROC: 0.6074  LR: 2.00e-04
2026-08-03 09:31:18,309 | [FULL    ] | INFO | full_experiments_using.model_trainers.mobile_vit_trainer | Ep [040/500] T-Acc:  59.6%  V-Acc:  59.9%  V-AUROC: 0.6104  LR: 2.00e-04
2026-08-03 09:31:46,469 | [FULL    ] | INFO | full_experiments_using.model_trainers.mobile_vit_trainer | Ep [041/500] T-Acc:  59.0%  V-Acc:  59.9%  V-AUROC: 0.6082  LR: 2.00e-04
2026-08-03 09:32:14,813 | [FULL    ] | INFO | full_experiments_using.model_trainers.mobile_vit_trainer | Ep [042/500] T-Acc:  60.4%  V-Acc:  60.4%  V-AUROC: 0.6109  LR: 2.00e-04
2026-08-03 09:32:43,201 | [FULL    ] | INFO | full_experiments_using.model_trainers.mobile_vit_trainer | Ep [043/500] T-Acc:  59.7%  V-Acc:  60.2%  V-AUROC: 0.6115  LR: 2.00e-04
2026-08-03 09:33:11,512 | [FULL    ] | INFO | full_experiments_using.model_trainers.mobile_vit_trainer | Ep [044/500] T-Acc:  59.9%  V-Acc:  59.5%  V-AUROC: 0.6116  LR: 2.00e-04
2026-08-03 09:33:39,893 | [FULL    ] | INFO | full_experiments_using.model_trainers.mobile_vit_trainer | Ep [045/500] T-Acc:  60.4%  V-Acc:  59.9%  V-AUROC: 0.6121  LR: 2.00e-04
2026-08-03 09:34:08,296 | [FULL    ] | INFO | full_experiments_using.model_trainers.mobile_vit_trainer | Ep [046/500] T-Acc:  60.5%  V-Acc:  60.0%  V-AUROC: 0.6126  LR: 2.00e-04
2026-08-03 09:34:36,538 | [FULL    ] | INFO | full_experiments_using.model_trainers.mobile_vit_trainer | Ep [047/500] T-Acc:  59.5%  V-Acc:  59.3%  V-AUROC: 0.6126  LR: 2.00e-04
2026-08-03 09:35:05,180 | [FULL    ] | INFO | full_experiments_using.model_trainers.mobile_vit_trainer | Ep [048/500] T-Acc:  60.7%  V-Acc:  60.3%  V-AUROC: 0.6098  LR: 2.00e-04
2026-08-03 09:35:33,515 | [FULL    ] | INFO | full_experiments_using.model_trainers.mobile_vit_trainer | Ep [049/500] T-Acc:  60.7%  V-Acc:  60.2%  V-AUROC: 0.6105  LR: 4.00e-05
2026-08-03 09:36:01,720 | [FULL    ] | INFO | full_experiments_using.model_trainers.mobile_vit_trainer | Ep [050/500] T-Acc:  61.0%  V-Acc:  60.0%  V-AUROC: 0.6106  LR: 4.00e-05
2026-08-03 09:36:29,956 | [FULL    ] | INFO | full_experiments_using.model_trainers.mobile_vit_trainer | Ep [051/500] T-Acc:  59.5%  V-Acc:  59.6%  V-AUROC: 0.6097  LR: 4.00e-05
2026-08-03 09:36:58,315 | [FULL    ] | INFO | full_experiments_using.model_trainers.mobile_vit_trainer | Ep [052/500] T-Acc:  60.7%  V-Acc:  60.1%  V-AUROC: 0.6109  LR: 4.00e-05
2026-08-03 09:37:26,777 | [FULL    ] | INFO | full_experiments_using.model_trainers.mobile_vit_trainer | Ep [053/500] T-Acc:  59.2%  V-Acc:  60.4%  V-AUROC: 0.6109  LR: 4.00e-05
2026-08-03 09:37:55,216 | [FULL    ] | INFO | full_experiments_using.model_trainers.mobile_vit_trainer | Ep [054/500] T-Acc:  60.6%  V-Acc:  60.0%  V-AUROC: 0.6101  LR: 4.00e-05
2026-08-03 09:38:23,605 | [FULL    ] | INFO | full_experiments_using.model_trainers.mobile_vit_trainer | Ep [055/500] T-Acc:  59.9%  V-Acc:  59.7%  V-AUROC: 0.6105  LR: 4.00e-05
2026-08-03 09:38:52,080 | [FULL    ] | INFO | full_experiments_using.model_trainers.mobile_vit_trainer | Ep [056/500] T-Acc:  60.4%  V-Acc:  60.3%  V-AUROC: 0.6105  LR: 4.00e-05
2026-08-03 09:38:52,080 | [FULL    ] | INFO | full_experiments_using.model_trainers.mobile_vit_trainer | Early stop — best AUROC 0.6134 at epoch 26 (no improvement for 30 epochs)
2026-08-03 09:38:52,080 | [FULL    ] | INFO | full_experiments_using.model_trainers.mobile_vit_trainer | Done. Best AUROC: 0.6134 (epoch 26) → /home/oem/choihyunsu/VOGBasedMCIDetection/outputs/checkpoints/run_20260803_091231_full_wvote_artifact30_strat_4err/fold_00_best.pth
2026-08-03 09:39:06,774 | [FULL    ] | INFO | full_experiments_using.evaluators.monte_carlo_evaluator | -> Fold 01 Result | Acc=0.727 Sens=0.875 Spec=0.333 AUROC=0.833
2026-08-03 09:39:06,781 | [FULL    ] | INFO | full_experiments_using.evaluators.monte_carlo_evaluator | === Fold 02/30 | train: 25 subj (HC=10 MCI=15) / 3854 win | test: 12 subj (HC=4 MCI=8) / 1861 win ===
2026-08-03 09:39:07,046 | [FULL    ] | INFO | httpx | HTTP Request: HEAD https://huggingface.co/apple/mobilevit-small/resolve/main/config.json "HTTP/1.1 307 Temporary Redirect"
2026-08-03 09:39:07,068 | [FULL    ] | INFO | httpx | HTTP Request: HEAD https://huggingface.co/api/resolve-cache/models/apple/mobilevit-small/6c8612545dc98676d27bc518fa521d9e9af23e34/config.json "HTTP/1.1 200 OK"
2026-08-03 09:39:07,350 | [FULL    ] | INFO | httpx | HTTP Request: HEAD https://huggingface.co/apple/mobilevit-small/resolve/main/model.safetensors "HTTP/1.1 404 Not Found"
2026-08-03 09:39:07,600 | [FULL    ] | INFO | httpx | HTTP Request: HEAD https://huggingface.co/apple/mobilevit-small/resolve/main/model.safetensors.index.json "HTTP/1.1 404 Not Found"
2026-08-03 09:39:07,830 | [FULL    ] | INFO | httpx | HTTP Request: HEAD https://huggingface.co/apple/mobilevit-small/resolve/main/pytorch_model.bin "HTTP/1.1 302 Found"
2026-08-03 09:39:08,048 | [FULL    ] | INFO | httpx | HTTP Request: HEAD https://huggingface.co/apple/mobilevit-small/resolve/main/model.safetensors "HTTP/1.1 404 Not Found"
2026-08-03 09:39:08,274 | [FULL    ] | INFO | httpx | HTTP Request: GET https://huggingface.co/api/models/apple/mobilevit-small "HTTP/1.1 200 OK"
2026-08-03 09:39:08,526 | [FULL    ] | INFO | httpx | HTTP Request: GET https://huggingface.co/api/models/apple/mobilevit-small/commits/main "HTTP/1.1 200 OK"
2026-08-03 09:39:08,767 | [FULL    ] | INFO | httpx | HTTP Request: GET https://huggingface.co/api/models/apple/mobilevit-small/discussions?p=0 "HTTP/1.1 200 OK"
2026-08-03 09:39:09,007 | [FULL    ] | INFO | httpx | HTTP Request: GET https://huggingface.co/api/models/apple/mobilevit-small/commits/refs%2Fpr%2F6 "HTTP/1.1 200 OK"
2026-08-03 09:39:09,259 | [FULL    ] | INFO | httpx | HTTP Request: HEAD https://huggingface.co/apple/mobilevit-small/resolve/refs%2Fpr%2F6/model.safetensors.index.json "HTTP/1.1 404 Not Found"
2026-08-03 09:39:09,474 | [FULL    ] | INFO | httpx | HTTP Request: HEAD https://huggingface.co/apple/mobilevit-small/resolve/refs%2Fpr%2F6/model.safetensors "HTTP/1.1 302 Found"
2026-08-03 09:39:10,191 | [FULL    ] | INFO | full_experiments_using.model_trainers.mobile_vit_trainer | Device: cuda | max_epochs=500 | batch=32 | eval_batch=256 | es_patience=30
2026-08-03 09:39:10,203 | [FULL    ] | INFO | full_experiments_using.model_trainers.mobile_vit_trainer | CE weights — HC: 1.103  MCI: 0.915
2026-08-03 09:39:48,906 | [FULL    ] | INFO | full_experiments_using.model_trainers.mobile_vit_trainer | Ep [001/500] T-Acc:  52.3%  V-Acc:  57.3%  V-AUROC: 0.4937  LR: 2.00e-04
2026-08-03 09:39:49,029 | [FULL    ] | INFO | full_experiments_using.model_trainers.mobile_vit_trainer |   ↳ new best AUROC; saved checkpoint: /home/oem/choihyunsu/VOGBasedMCIDetection/outputs/checkpoints/run_20260803_091231_full_wvote_artifact30_strat_4err/fold_01_best.pth
2026-08-03 09:40:17,365 | [FULL    ] | INFO | full_experiments_using.model_trainers.mobile_vit_trainer | Ep [002/500] T-Acc:  52.3%  V-Acc:  55.6%  V-AUROC: 0.4888  LR: 4.00e-04
2026-08-03 09:40:42,904 | [FULL    ] | INFO | full_experiments_using.model_trainers.mobile_vit_trainer | Ep [003/500] T-Acc:  53.5%  V-Acc:  56.8%  V-AUROC: 0.5251  LR: 6.00e-04
2026-08-03 09:40:43,043 | [FULL    ] | INFO | full_experiments_using.model_trainers.mobile_vit_trainer |   ↳ new best AUROC; saved checkpoint: /home/oem/choihyunsu/VOGBasedMCIDetection/outputs/checkpoints/run_20260803_091231_full_wvote_artifact30_strat_4err/fold_01_best.pth
2026-08-03 09:41:09,469 | [FULL    ] | INFO | full_experiments_using.model_trainers.mobile_vit_trainer | Ep [004/500] T-Acc:  52.8%  V-Acc:  52.9%  V-AUROC: 0.5074  LR: 8.00e-04
2026-08-03 09:41:36,903 | [FULL    ] | INFO | full_experiments_using.model_trainers.mobile_vit_trainer | Ep [005/500] T-Acc:  55.2%  V-Acc:  51.9%  V-AUROC: 0.5070  LR: 1.00e-03
2026-08-03 09:42:05,045 | [FULL    ] | INFO | full_experiments_using.model_trainers.mobile_vit_trainer | Ep [006/500] T-Acc:  54.6%  V-Acc:  52.9%  V-AUROC: 0.5183  LR: 1.00e-03
2026-08-03 09:42:33,103 | [FULL    ] | INFO | full_experiments_using.model_trainers.mobile_vit_trainer | Ep [007/500] T-Acc:  54.6%  V-Acc:  51.3%  V-AUROC: 0.5136  LR: 1.00e-03
2026-08-03 09:43:01,309 | [FULL    ] | INFO | full_experiments_using.model_trainers.mobile_vit_trainer | Ep [008/500] T-Acc:  54.4%  V-Acc:  52.3%  V-AUROC: 0.5222  LR: 1.00e-03
2026-08-03 09:43:29,581 | [FULL    ] | INFO | full_experiments_using.model_trainers.mobile_vit_trainer | Ep [009/500] T-Acc:  55.6%  V-Acc:  50.6%  V-AUROC: 0.5263  LR: 1.00e-03
2026-08-03 09:43:29,753 | [FULL    ] | INFO | full_experiments_using.model_trainers.mobile_vit_trainer |   ↳ new best AUROC; saved checkpoint: /home/oem/choihyunsu/VOGBasedMCIDetection/outputs/checkpoints/run_20260803_091231_full_wvote_artifact30_strat_4err/fold_01_best.pth
2026-08-03 09:43:57,940 | [FULL    ] | INFO | full_experiments_using.model_trainers.mobile_vit_trainer | Ep [010/500] T-Acc:  58.3%  V-Acc:  50.5%  V-AUROC: 0.5134  LR: 1.00e-03
2026-08-03 09:44:26,197 | [FULL    ] | INFO | full_experiments_using.model_trainers.mobile_vit_trainer | Ep [011/500] T-Acc:  57.0%  V-Acc:  50.1%  V-AUROC: 0.5114  LR: 1.00e-03
2026-08-03 09:44:54,445 | [FULL    ] | INFO | full_experiments_using.model_trainers.mobile_vit_trainer | Ep [012/500] T-Acc:  57.1%  V-Acc:  51.3%  V-AUROC: 0.5270  LR: 1.00e-03
2026-08-03 09:44:54,563 | [FULL    ] | INFO | full_experiments_using.model_trainers.mobile_vit_trainer |   ↳ new best AUROC; saved checkpoint: /home/oem/choihyunsu/VOGBasedMCIDetection/outputs/checkpoints/run_20260803_091231_full_wvote_artifact30_strat_4err/fold_01_best.pth
2026-08-03 09:45:22,111 | [FULL    ] | INFO | full_experiments_using.model_trainers.mobile_vit_trainer | Ep [013/500] T-Acc:  59.2%  V-Acc:  51.4%  V-AUROC: 0.5295  LR: 1.00e-03
2026-08-03 09:45:22,178 | [FULL    ] | INFO | full_experiments_using.model_trainers.mobile_vit_trainer |   ↳ new best AUROC; saved checkpoint: /home/oem/choihyunsu/VOGBasedMCIDetection/outputs/checkpoints/run_20260803_091231_full_wvote_artifact30_strat_4err/fold_01_best.pth
2026-08-03 09:45:48,541 | [FULL    ] | INFO | full_experiments_using.model_trainers.mobile_vit_trainer | Ep [014/500] T-Acc:  59.0%  V-Acc:  52.7%  V-AUROC: 0.5240  LR: 1.00e-03
2026-08-03 09:46:14,571 | [FULL    ] | INFO | full_experiments_using.model_trainers.mobile_vit_trainer | Ep [015/500] T-Acc:  58.5%  V-Acc:  51.4%  V-AUROC: 0.5274  LR: 1.00e-03
2026-08-03 09:46:42,543 | [FULL    ] | INFO | full_experiments_using.model_trainers.mobile_vit_trainer | Ep [016/500] T-Acc:  59.3%  V-Acc:  50.5%  V-AUROC: 0.5255  LR: 1.00e-03
2026-08-03 09:47:10,371 | [FULL    ] | INFO | full_experiments_using.model_trainers.mobile_vit_trainer | Ep [017/500] T-Acc:  59.2%  V-Acc:  52.1%  V-AUROC: 0.5277  LR: 1.00e-03
2026-08-03 09:47:38,677 | [FULL    ] | INFO | full_experiments_using.model_trainers.mobile_vit_trainer | Ep [018/500] T-Acc:  60.2%  V-Acc:  52.8%  V-AUROC: 0.5258  LR: 1.00e-03
2026-08-03 09:48:06,992 | [FULL    ] | INFO | full_experiments_using.model_trainers.mobile_vit_trainer | Ep [019/500] T-Acc:  60.4%  V-Acc:  51.0%  V-AUROC: 0.5314  LR: 1.00e-03
2026-08-03 09:48:07,198 | [FULL    ] | INFO | full_experiments_using.model_trainers.mobile_vit_trainer |   ↳ new best AUROC; saved checkpoint: /home/oem/choihyunsu/VOGBasedMCIDetection/outputs/checkpoints/run_20260803_091231_full_wvote_artifact30_strat_4err/fold_01_best.pth
2026-08-03 09:48:35,202 | [FULL    ] | INFO | full_experiments_using.model_trainers.mobile_vit_trainer | Ep [020/500] T-Acc:  60.9%  V-Acc:  51.0%  V-AUROC: 0.5271  LR: 1.00e-03
2026-08-03 09:49:03,460 | [FULL    ] | INFO | full_experiments_using.model_trainers.mobile_vit_trainer | Ep [021/500] T-Acc:  60.5%  V-Acc:  52.0%  V-AUROC: 0.5277  LR: 1.00e-03
2026-08-03 09:49:31,789 | [FULL    ] | INFO | full_experiments_using.model_trainers.mobile_vit_trainer | Ep [022/500] T-Acc:  60.9%  V-Acc:  50.7%  V-AUROC: 0.5279  LR: 1.00e-03
2026-08-03 09:50:00,023 | [FULL    ] | INFO | full_experiments_using.model_trainers.mobile_vit_trainer | Ep [023/500] T-Acc:  61.3%  V-Acc:  52.3%  V-AUROC: 0.5328  LR: 1.00e-03
2026-08-03 09:50:00,206 | [FULL    ] | INFO | full_experiments_using.model_trainers.mobile_vit_trainer |   ↳ new best AUROC; saved checkpoint: /home/oem/choihyunsu/VOGBasedMCIDetection/outputs/checkpoints/run_20260803_091231_full_wvote_artifact30_strat_4err/fold_01_best.pth
2026-08-03 09:50:28,556 | [FULL    ] | INFO | full_experiments_using.model_trainers.mobile_vit_trainer | Ep [024/500] T-Acc:  61.7%  V-Acc:  51.2%  V-AUROC: 0.5367  LR: 1.00e-03
2026-08-03 09:50:28,707 | [FULL    ] | INFO | full_experiments_using.model_trainers.mobile_vit_trainer |   ↳ new best AUROC; saved checkpoint: /home/oem/choihyunsu/VOGBasedMCIDetection/outputs/checkpoints/run_20260803_091231_full_wvote_artifact30_strat_4err/fold_01_best.pth
2026-08-03 09:50:56,745 | [FULL    ] | INFO | full_experiments_using.model_trainers.mobile_vit_trainer | Ep [025/500] T-Acc:  61.3%  V-Acc:  51.3%  V-AUROC: 0.5386  LR: 1.00e-03
2026-08-03 09:50:56,870 | [FULL    ] | INFO | full_experiments_using.model_trainers.mobile_vit_trainer |   ↳ new best AUROC; saved checkpoint: /home/oem/choihyunsu/VOGBasedMCIDetection/outputs/checkpoints/run_20260803_091231_full_wvote_artifact30_strat_4err/fold_01_best.pth
2026-08-03 09:51:25,040 | [FULL    ] | INFO | full_experiments_using.model_trainers.mobile_vit_trainer | Ep [026/500] T-Acc:  61.8%  V-Acc:  50.1%  V-AUROC: 0.5482  LR: 1.00e-03
2026-08-03 09:51:25,229 | [FULL    ] | INFO | full_experiments_using.model_trainers.mobile_vit_trainer |   ↳ new best AUROC; saved checkpoint: /home/oem/choihyunsu/VOGBasedMCIDetection/outputs/checkpoints/run_20260803_091231_full_wvote_artifact30_strat_4err/fold_01_best.pth
2026-08-03 09:51:53,125 | [FULL    ] | INFO | full_experiments_using.model_trainers.mobile_vit_trainer | Ep [027/500] T-Acc:  62.1%  V-Acc:  51.7%  V-AUROC: 0.5404  LR: 1.00e-03
2026-08-03 09:52:21,342 | [FULL    ] | INFO | full_experiments_using.model_trainers.mobile_vit_trainer | Ep [028/500] T-Acc:  62.3%  V-Acc:  51.3%  V-AUROC: 0.5343  LR: 1.00e-03
2026-08-03 09:52:49,564 | [FULL    ] | INFO | full_experiments_using.model_trainers.mobile_vit_trainer | Ep [029/500] T-Acc:  62.5%  V-Acc:  52.6%  V-AUROC: 0.5343  LR: 1.00e-03
2026-08-03 09:53:18,112 | [FULL    ] | INFO | full_experiments_using.model_trainers.mobile_vit_trainer | Ep [030/500] T-Acc:  62.7%  V-Acc:  52.5%  V-AUROC: 0.5379  LR: 1.00e-03
2026-08-03 09:53:46,535 | [FULL    ] | INFO | full_experiments_using.model_trainers.mobile_vit_trainer | Ep [031/500] T-Acc:  62.0%  V-Acc:  51.0%  V-AUROC: 0.5327  LR: 1.00e-03
2026-08-03 09:54:14,635 | [FULL    ] | INFO | full_experiments_using.model_trainers.mobile_vit_trainer | Ep [032/500] T-Acc:  63.1%  V-Acc:  51.7%  V-AUROC: 0.5317  LR: 1.00e-03
2026-08-03 09:54:42,948 | [FULL    ] | INFO | full_experiments_using.model_trainers.mobile_vit_trainer | Ep [033/500] T-Acc:  63.0%  V-Acc:  51.1%  V-AUROC: 0.5251  LR: 1.00e-03
2026-08-03 09:55:11,064 | [FULL    ] | INFO | full_experiments_using.model_trainers.mobile_vit_trainer | Ep [034/500] T-Acc:  63.0%  V-Acc:  53.4%  V-AUROC: 0.5435  LR: 1.00e-03
2026-08-03 09:55:39,307 | [FULL    ] | INFO | full_experiments_using.model_trainers.mobile_vit_trainer | Ep [035/500] T-Acc:  63.5%  V-Acc:  51.2%  V-AUROC: 0.5308  LR: 1.00e-03
2026-08-03 09:56:05,666 | [FULL    ] | INFO | full_experiments_using.model_trainers.mobile_vit_trainer | Ep [036/500] T-Acc:  62.4%  V-Acc:  51.6%  V-AUROC: 0.5396  LR: 1.00e-03
2026-08-03 09:56:33,683 | [FULL    ] | INFO | full_experiments_using.model_trainers.mobile_vit_trainer | Ep [037/500] T-Acc:  62.9%  V-Acc:  51.6%  V-AUROC: 0.5345  LR: 1.00e-03
2026-08-03 09:57:00,063 | [FULL    ] | INFO | full_experiments_using.model_trainers.mobile_vit_trainer | Ep [038/500] T-Acc:  63.5%  V-Acc:  51.5%  V-AUROC: 0.5350  LR: 2.00e-04
2026-08-03 09:57:28,262 | [FULL    ] | INFO | full_experiments_using.model_trainers.mobile_vit_trainer | Ep [039/500] T-Acc:  63.8%  V-Acc:  51.4%  V-AUROC: 0.5354  LR: 2.00e-04
2026-08-03 09:57:56,410 | [FULL    ] | INFO | full_experiments_using.model_trainers.mobile_vit_trainer | Ep [040/500] T-Acc:  63.5%  V-Acc:  51.4%  V-AUROC: 0.5371  LR: 2.00e-04
2026-08-03 09:58:24,809 | [FULL    ] | INFO | full_experiments_using.model_trainers.mobile_vit_trainer | Ep [041/500] T-Acc:  63.7%  V-Acc:  50.8%  V-AUROC: 0.5387  LR: 2.00e-04
2026-08-03 09:58:52,718 | [FULL    ] | INFO | full_experiments_using.model_trainers.mobile_vit_trainer | Ep [042/500] T-Acc:  64.1%  V-Acc:  52.0%  V-AUROC: 0.5381  LR: 2.00e-04
2026-08-03 09:59:20,823 | [FULL    ] | INFO | full_experiments_using.model_trainers.mobile_vit_trainer | Ep [043/500] T-Acc:  63.9%  V-Acc:  49.8%  V-AUROC: 0.5358  LR: 2.00e-04
2026-08-03 09:59:49,351 | [FULL    ] | INFO | full_experiments_using.model_trainers.mobile_vit_trainer | Ep [044/500] T-Acc:  64.5%  V-Acc:  51.3%  V-AUROC: 0.5361  LR: 2.00e-04
2026-08-03 10:00:17,525 | [FULL    ] | INFO | full_experiments_using.model_trainers.mobile_vit_trainer | Ep [045/500] T-Acc:  64.2%  V-Acc:  51.8%  V-AUROC: 0.5388  LR: 2.00e-04
2026-08-03 10:00:45,448 | [FULL    ] | INFO | full_experiments_using.model_trainers.mobile_vit_trainer | Ep [046/500] T-Acc:  62.7%  V-Acc:  51.8%  V-AUROC: 0.5363  LR: 2.00e-04
2026-08-03 10:01:13,171 | [FULL    ] | INFO | full_experiments_using.model_trainers.mobile_vit_trainer | Ep [047/500] T-Acc:  64.3%  V-Acc:  51.1%  V-AUROC: 0.5367  LR: 2.00e-04
2026-08-03 10:01:40,054 | [FULL    ] | INFO | full_experiments_using.model_trainers.mobile_vit_trainer | Ep [048/500] T-Acc:  63.4%  V-Acc:  51.8%  V-AUROC: 0.5375  LR: 2.00e-04
2026-08-03 10:02:06,392 | [FULL    ] | INFO | full_experiments_using.model_trainers.mobile_vit_trainer | Ep [049/500] T-Acc:  63.8%  V-Acc:  51.0%  V-AUROC: 0.5383  LR: 4.00e-05
2026-08-03 10:02:32,691 | [FULL    ] | INFO | full_experiments_using.model_trainers.mobile_vit_trainer | Ep [050/500] T-Acc:  64.2%  V-Acc:  51.2%  V-AUROC: 0.5363  LR: 4.00e-05
2026-08-03 10:03:00,272 | [FULL    ] | INFO | full_experiments_using.model_trainers.mobile_vit_trainer | Ep [051/500] T-Acc:  64.0%  V-Acc:  51.3%  V-AUROC: 0.5362  LR: 4.00e-05
2026-08-03 10:03:27,150 | [FULL    ] | INFO | full_experiments_using.model_trainers.mobile_vit_trainer | Ep [052/500] T-Acc:  64.0%  V-Acc:  51.2%  V-AUROC: 0.5365  LR: 4.00e-05
2026-08-03 10:03:55,105 | [FULL    ] | INFO | full_experiments_using.model_trainers.mobile_vit_trainer | Ep [053/500] T-Acc:  64.0%  V-Acc:  52.0%  V-AUROC: 0.5382  LR: 4.00e-05
2026-08-03 10:04:23,184 | [FULL    ] | INFO | full_experiments_using.model_trainers.mobile_vit_trainer | Ep [054/500] T-Acc:  64.6%  V-Acc:  51.9%  V-AUROC: 0.5390  LR: 4.00e-05
2026-08-03 10:04:51,440 | [FULL    ] | INFO | full_experiments_using.model_trainers.mobile_vit_trainer | Ep [055/500] T-Acc:  64.0%  V-Acc:  52.0%  V-AUROC: 0.5379  LR: 4.00e-05
2026-08-03 10:05:19,695 | [FULL    ] | INFO | full_experiments_using.model_trainers.mobile_vit_trainer | Ep [056/500] T-Acc:  63.2%  V-Acc:  52.1%  V-AUROC: 0.5405  LR: 4.00e-05
2026-08-03 10:05:19,695 | [FULL    ] | INFO | full_experiments_using.model_trainers.mobile_vit_trainer | Early stop — best AUROC 0.5482 at epoch 26 (no improvement for 30 epochs)
2026-08-03 10:05:19,695 | [FULL    ] | INFO | full_experiments_using.model_trainers.mobile_vit_trainer | Done. Best AUROC: 0.5482 (epoch 26) → /home/oem/choihyunsu/VOGBasedMCIDetection/outputs/checkpoints/run_20260803_091231_full_wvote_artifact30_strat_4err/fold_01_best.pth
2026-08-03 10:05:29,029 | [FULL    ] | INFO | full_experiments_using.evaluators.monte_carlo_evaluator | -> Fold 02 Result | Acc=0.727 Sens=0.571 Spec=1.000 AUROC=0.857
2026-08-03 10:05:29,036 | [FULL    ] | INFO | full_experiments_using.evaluators.monte_carlo_evaluator | === Fold 03/30 | train: 25 subj (HC=10 MCI=15) / 3777 win | test: 12 subj (HC=4 MCI=8) / 1938 win ===
2026-08-03 10:05:29,276 | [FULL    ] | INFO | httpx | HTTP Request: HEAD https://huggingface.co/apple/mobilevit-small/resolve/main/config.json "HTTP/1.1 307 Temporary Redirect"
2026-08-03 10:05:29,291 | [FULL    ] | INFO | httpx | HTTP Request: HEAD https://huggingface.co/api/resolve-cache/models/apple/mobilevit-small/6c8612545dc98676d27bc518fa521d9e9af23e34/config.json "HTTP/1.1 200 OK"
2026-08-03 10:05:29,548 | [FULL    ] | INFO | httpx | HTTP Request: HEAD https://huggingface.co/apple/mobilevit-small/resolve/main/model.safetensors "HTTP/1.1 404 Not Found"
2026-08-03 10:05:29,752 | [FULL    ] | INFO | httpx | HTTP Request: HEAD https://huggingface.co/apple/mobilevit-small/resolve/main/model.safetensors.index.json "HTTP/1.1 404 Not Found"
2026-08-03 10:05:29,972 | [FULL    ] | INFO | httpx | HTTP Request: HEAD https://huggingface.co/apple/mobilevit-small/resolve/main/pytorch_model.bin "HTTP/1.1 302 Found"
2026-08-03 10:05:30,183 | [FULL    ] | INFO | httpx | HTTP Request: HEAD https://huggingface.co/apple/mobilevit-small/resolve/main/model.safetensors "HTTP/1.1 404 Not Found"
2026-08-03 10:05:30,401 | [FULL    ] | INFO | httpx | HTTP Request: GET https://huggingface.co/api/models/apple/mobilevit-small "HTTP/1.1 200 OK"
2026-08-03 10:05:30,650 | [FULL    ] | INFO | httpx | HTTP Request: GET https://huggingface.co/api/models/apple/mobilevit-small/commits/main "HTTP/1.1 200 OK"
2026-08-03 10:05:30,878 | [FULL    ] | INFO | httpx | HTTP Request: GET https://huggingface.co/api/models/apple/mobilevit-small/discussions?p=0 "HTTP/1.1 200 OK"
2026-08-03 10:05:31,098 | [FULL    ] | INFO | httpx | HTTP Request: GET https://huggingface.co/api/models/apple/mobilevit-small/commits/refs%2Fpr%2F6 "HTTP/1.1 200 OK"
2026-08-03 10:05:31,306 | [FULL    ] | INFO | httpx | HTTP Request: HEAD https://huggingface.co/apple/mobilevit-small/resolve/refs%2Fpr%2F6/model.safetensors.index.json "HTTP/1.1 404 Not Found"
2026-08-03 10:05:31,512 | [FULL    ] | INFO | httpx | HTTP Request: HEAD https://huggingface.co/apple/mobilevit-small/resolve/refs%2Fpr%2F6/model.safetensors "HTTP/1.1 302 Found"
2026-08-03 10:05:32,328 | [FULL    ] | INFO | full_experiments_using.model_trainers.mobile_vit_trainer | Device: cuda | max_epochs=500 | batch=32 | eval_batch=256 | es_patience=30
2026-08-03 10:05:32,340 | [FULL    ] | INFO | full_experiments_using.model_trainers.mobile_vit_trainer | CE weights — HC: 1.084  MCI: 0.928
2026-08-03 10:06:16,342 | [FULL    ] | INFO | full_experiments_using.model_trainers.mobile_vit_trainer | Ep [001/500] T-Acc:  47.9%  V-Acc:  46.0%  V-AUROC: 0.4786  LR: 2.00e-04
2026-08-03 10:06:16,415 | [FULL    ] | INFO | full_experiments_using.model_trainers.mobile_vit_trainer |   ↳ new best AUROC; saved checkpoint: /home/oem/choihyunsu/VOGBasedMCIDetection/outputs/checkpoints/run_20260803_091231_full_wvote_artifact30_strat_4err/fold_02_best.pth
2026-08-03 10:06:44,279 | [FULL    ] | INFO | full_experiments_using.model_trainers.mobile_vit_trainer | Ep [002/500] T-Acc:  50.0%  V-Acc:  44.0%  V-AUROC: 0.4874  LR: 4.00e-04
2026-08-03 10:06:44,427 | [FULL    ] | INFO | full_experiments_using.model_trainers.mobile_vit_trainer |   ↳ new best AUROC; saved checkpoint: /home/oem/choihyunsu/VOGBasedMCIDetection/outputs/checkpoints/run_20260803_091231_full_wvote_artifact30_strat_4err/fold_02_best.pth
2026-08-03 10:07:12,408 | [FULL    ] | INFO | full_experiments_using.model_trainers.mobile_vit_trainer | Ep [003/500] T-Acc:  50.4%  V-Acc:  46.4%  V-AUROC: 0.4922  LR: 6.00e-04
2026-08-03 10:07:12,528 | [FULL    ] | INFO | full_experiments_using.model_trainers.mobile_vit_trainer |   ↳ new best AUROC; saved checkpoint: /home/oem/choihyunsu/VOGBasedMCIDetection/outputs/checkpoints/run_20260803_091231_full_wvote_artifact30_strat_4err/fold_02_best.pth
2026-08-03 10:07:40,420 | [FULL    ] | INFO | full_experiments_using.model_trainers.mobile_vit_trainer | Ep [004/500] T-Acc:  50.9%  V-Acc:  51.9%  V-AUROC: 0.5105  LR: 8.00e-04
2026-08-03 10:07:40,560 | [FULL    ] | INFO | full_experiments_using.model_trainers.mobile_vit_trainer |   ↳ new best AUROC; saved checkpoint: /home/oem/choihyunsu/VOGBasedMCIDetection/outputs/checkpoints/run_20260803_091231_full_wvote_artifact30_strat_4err/fold_02_best.pth
2026-08-03 10:08:08,318 | [FULL    ] | INFO | full_experiments_using.model_trainers.mobile_vit_trainer | Ep [005/500] T-Acc:  53.2%  V-Acc:  49.1%  V-AUROC: 0.5379  LR: 1.00e-03
2026-08-03 10:08:08,444 | [FULL    ] | INFO | full_experiments_using.model_trainers.mobile_vit_trainer |   ↳ new best AUROC; saved checkpoint: /home/oem/choihyunsu/VOGBasedMCIDetection/outputs/checkpoints/run_20260803_091231_full_wvote_artifact30_strat_4err/fold_02_best.pth
2026-08-03 10:08:36,549 | [FULL    ] | INFO | full_experiments_using.model_trainers.mobile_vit_trainer | Ep [006/500] T-Acc:  55.8%  V-Acc:  53.3%  V-AUROC: 0.5448  LR: 1.00e-03
2026-08-03 10:08:36,669 | [FULL    ] | INFO | full_experiments_using.model_trainers.mobile_vit_trainer |   ↳ new best AUROC; saved checkpoint: /home/oem/choihyunsu/VOGBasedMCIDetection/outputs/checkpoints/run_20260803_091231_full_wvote_artifact30_strat_4err/fold_02_best.pth
2026-08-03 10:09:04,557 | [FULL    ] | INFO | full_experiments_using.model_trainers.mobile_vit_trainer | Ep [007/500] T-Acc:  54.4%  V-Acc:  51.8%  V-AUROC: 0.5609  LR: 1.00e-03
2026-08-03 10:09:04,680 | [FULL    ] | INFO | full_experiments_using.model_trainers.mobile_vit_trainer |   ↳ new best AUROC; saved checkpoint: /home/oem/choihyunsu/VOGBasedMCIDetection/outputs/checkpoints/run_20260803_091231_full_wvote_artifact30_strat_4err/fold_02_best.pth
2026-08-03 10:09:32,824 | [FULL    ] | INFO | full_experiments_using.model_trainers.mobile_vit_trainer | Ep [008/500] T-Acc:  55.0%  V-Acc:  51.9%  V-AUROC: 0.5638  LR: 1.00e-03
2026-08-03 10:09:32,946 | [FULL    ] | INFO | full_experiments_using.model_trainers.mobile_vit_trainer |   ↳ new best AUROC; saved checkpoint: /home/oem/choihyunsu/VOGBasedMCIDetection/outputs/checkpoints/run_20260803_091231_full_wvote_artifact30_strat_4err/fold_02_best.pth
2026-08-03 10:10:00,933 | [FULL    ] | INFO | full_experiments_using.model_trainers.mobile_vit_trainer | Ep [009/500] T-Acc:  55.8%  V-Acc:  51.7%  V-AUROC: 0.5694  LR: 1.00e-03
2026-08-03 10:10:01,054 | [FULL    ] | INFO | full_experiments_using.model_trainers.mobile_vit_trainer |   ↳ new best AUROC; saved checkpoint: /home/oem/choihyunsu/VOGBasedMCIDetection/outputs/checkpoints/run_20260803_091231_full_wvote_artifact30_strat_4err/fold_02_best.pth
2026-08-03 10:10:29,093 | [FULL    ] | INFO | full_experiments_using.model_trainers.mobile_vit_trainer | Ep [010/500] T-Acc:  55.3%  V-Acc:  51.3%  V-AUROC: 0.5632  LR: 1.00e-03
2026-08-03 10:10:57,027 | [FULL    ] | INFO | full_experiments_using.model_trainers.mobile_vit_trainer | Ep [011/500] T-Acc:  57.1%  V-Acc:  53.2%  V-AUROC: 0.5649  LR: 1.00e-03
2026-08-03 10:11:25,096 | [FULL    ] | INFO | full_experiments_using.model_trainers.mobile_vit_trainer | Ep [012/500] T-Acc:  58.2%  V-Acc:  53.7%  V-AUROC: 0.5593  LR: 1.00e-03
2026-08-03 10:11:53,086 | [FULL    ] | INFO | full_experiments_using.model_trainers.mobile_vit_trainer | Ep [013/500] T-Acc:  57.5%  V-Acc:  53.7%  V-AUROC: 0.5693  LR: 1.00e-03
2026-08-03 10:12:21,158 | [FULL    ] | INFO | full_experiments_using.model_trainers.mobile_vit_trainer | Ep [014/500] T-Acc:  57.5%  V-Acc:  52.5%  V-AUROC: 0.5663  LR: 1.00e-03
2026-08-03 10:12:49,142 | [FULL    ] | INFO | full_experiments_using.model_trainers.mobile_vit_trainer | Ep [015/500] T-Acc:  58.8%  V-Acc:  51.5%  V-AUROC: 0.5588  LR: 1.00e-03
2026-08-03 10:13:17,158 | [FULL    ] | INFO | full_experiments_using.model_trainers.mobile_vit_trainer | Ep [016/500] T-Acc:  59.5%  V-Acc:  52.4%  V-AUROC: 0.5810  LR: 1.00e-03
2026-08-03 10:13:17,355 | [FULL    ] | INFO | full_experiments_using.model_trainers.mobile_vit_trainer |   ↳ new best AUROC; saved checkpoint: /home/oem/choihyunsu/VOGBasedMCIDetection/outputs/checkpoints/run_20260803_091231_full_wvote_artifact30_strat_4err/fold_02_best.pth
2026-08-03 10:13:45,415 | [FULL    ] | INFO | full_experiments_using.model_trainers.mobile_vit_trainer | Ep [017/500] T-Acc:  60.3%  V-Acc:  53.1%  V-AUROC: 0.5697  LR: 1.00e-03
2026-08-03 10:14:13,476 | [FULL    ] | INFO | full_experiments_using.model_trainers.mobile_vit_trainer | Ep [018/500] T-Acc:  60.5%  V-Acc:  52.4%  V-AUROC: 0.5697  LR: 1.00e-03
2026-08-03 10:14:41,567 | [FULL    ] | INFO | full_experiments_using.model_trainers.mobile_vit_trainer | Ep [019/500] T-Acc:  59.9%  V-Acc:  50.8%  V-AUROC: 0.5522  LR: 1.00e-03
2026-08-03 10:15:09,385 | [FULL    ] | INFO | full_experiments_using.model_trainers.mobile_vit_trainer | Ep [020/500] T-Acc:  60.6%  V-Acc:  52.0%  V-AUROC: 0.5646  LR: 1.00e-03
2026-08-03 10:15:37,350 | [FULL    ] | INFO | full_experiments_using.model_trainers.mobile_vit_trainer | Ep [021/500] T-Acc:  60.4%  V-Acc:  51.5%  V-AUROC: 0.5630  LR: 1.00e-03
2026-08-03 10:16:05,187 | [FULL    ] | INFO | full_experiments_using.model_trainers.mobile_vit_trainer | Ep [022/500] T-Acc:  60.8%  V-Acc:  52.0%  V-AUROC: 0.5600  LR: 1.00e-03
2026-08-03 10:16:33,049 | [FULL    ] | INFO | full_experiments_using.model_trainers.mobile_vit_trainer | Ep [023/500] T-Acc:  60.6%  V-Acc:  51.0%  V-AUROC: 0.5633  LR: 1.00e-03
2026-08-03 10:17:00,928 | [FULL    ] | INFO | full_experiments_using.model_trainers.mobile_vit_trainer | Ep [024/500] T-Acc:  61.0%  V-Acc:  51.0%  V-AUROC: 0.5634  LR: 1.00e-03
2026-08-03 10:17:28,971 | [FULL    ] | INFO | full_experiments_using.model_trainers.mobile_vit_trainer | Ep [025/500] T-Acc:  61.4%  V-Acc:  52.5%  V-AUROC: 0.5642  LR: 1.00e-03
2026-08-03 10:17:56,773 | [FULL    ] | INFO | full_experiments_using.model_trainers.mobile_vit_trainer | Ep [026/500] T-Acc:  61.5%  V-Acc:  51.5%  V-AUROC: 0.5568  LR: 1.00e-03
2026-08-03 10:18:24,563 | [FULL    ] | INFO | full_experiments_using.model_trainers.mobile_vit_trainer | Ep [027/500] T-Acc:  62.0%  V-Acc:  51.3%  V-AUROC: 0.5566  LR: 1.00e-03
2026-08-03 10:18:52,505 | [FULL    ] | INFO | full_experiments_using.model_trainers.mobile_vit_trainer | Ep [028/500] T-Acc:  62.7%  V-Acc:  51.0%  V-AUROC: 0.5617  LR: 2.00e-04
2026-08-03 10:19:20,526 | [FULL    ] | INFO | full_experiments_using.model_trainers.mobile_vit_trainer | Ep [029/500] T-Acc:  62.4%  V-Acc:  52.3%  V-AUROC: 0.5606  LR: 2.00e-04
2026-08-03 10:19:48,380 | [FULL    ] | INFO | full_experiments_using.model_trainers.mobile_vit_trainer | Ep [030/500] T-Acc:  61.3%  V-Acc:  50.7%  V-AUROC: 0.5646  LR: 2.00e-04
2026-08-03 10:20:16,698 | [FULL    ] | INFO | full_experiments_using.model_trainers.mobile_vit_trainer | Ep [031/500] T-Acc:  62.6%  V-Acc:  51.7%  V-AUROC: 0.5642  LR: 2.00e-04
2026-08-03 10:20:43,021 | [FULL    ] | INFO | full_experiments_using.model_trainers.mobile_vit_trainer | Ep [032/500] T-Acc:  61.7%  V-Acc:  51.8%  V-AUROC: 0.5609  LR: 2.00e-04
2026-08-03 10:21:11,059 | [FULL    ] | INFO | full_experiments_using.model_trainers.mobile_vit_trainer | Ep [033/500] T-Acc:  62.0%  V-Acc:  50.9%  V-AUROC: 0.5622  LR: 2.00e-04
2026-08-03 10:21:36,958 | [FULL    ] | INFO | full_experiments_using.model_trainers.mobile_vit_trainer | Ep [034/500] T-Acc:  62.6%  V-Acc:  51.1%  V-AUROC: 0.5639  LR: 2.00e-04
2026-08-03 10:22:04,833 | [FULL    ] | INFO | full_experiments_using.model_trainers.mobile_vit_trainer | Ep [035/500] T-Acc:  62.3%  V-Acc:  51.8%  V-AUROC: 0.5635  LR: 2.00e-04
2026-08-03 10:22:32,605 | [FULL    ] | INFO | full_experiments_using.model_trainers.mobile_vit_trainer | Ep [036/500] T-Acc:  63.0%  V-Acc:  51.5%  V-AUROC: 0.5637  LR: 2.00e-04
2026-08-03 10:23:00,311 | [FULL    ] | INFO | full_experiments_using.model_trainers.mobile_vit_trainer | Ep [037/500] T-Acc:  62.8%  V-Acc:  51.7%  V-AUROC: 0.5618  LR: 2.00e-04
2026-08-03 10:23:26,523 | [FULL    ] | INFO | full_experiments_using.model_trainers.mobile_vit_trainer | Ep [038/500] T-Acc:  63.1%  V-Acc:  51.6%  V-AUROC: 0.5630  LR: 2.00e-04
2026-08-03 10:23:54,149 | [FULL    ] | INFO | full_experiments_using.model_trainers.mobile_vit_trainer | Ep [039/500] T-Acc:  62.7%  V-Acc:  51.7%  V-AUROC: 0.5640  LR: 4.00e-05
2026-08-03 10:24:20,057 | [FULL    ] | INFO | full_experiments_using.model_trainers.mobile_vit_trainer | Ep [040/500] T-Acc:  62.4%  V-Acc:  51.9%  V-AUROC: 0.5635  LR: 4.00e-05
2026-08-03 10:24:48,356 | [FULL    ] | INFO | full_experiments_using.model_trainers.mobile_vit_trainer | Ep [041/500] T-Acc:  62.7%  V-Acc:  51.6%  V-AUROC: 0.5654  LR: 4.00e-05
2026-08-03 10:25:16,336 | [FULL    ] | INFO | full_experiments_using.model_trainers.mobile_vit_trainer | Ep [042/500] T-Acc:  62.3%  V-Acc:  51.4%  V-AUROC: 0.5637  LR: 4.00e-05
2026-08-03 10:25:44,214 | [FULL    ] | INFO | full_experiments_using.model_trainers.mobile_vit_trainer | Ep [043/500] T-Acc:  63.3%  V-Acc:  51.4%  V-AUROC: 0.5627  LR: 4.00e-05
2026-08-03 10:26:10,860 | [FULL    ] | INFO | full_experiments_using.model_trainers.mobile_vit_trainer | Ep [044/500] T-Acc:  63.1%  V-Acc:  51.4%  V-AUROC: 0.5635  LR: 4.00e-05
2026-08-03 10:26:38,644 | [FULL    ] | INFO | full_experiments_using.model_trainers.mobile_vit_trainer | Ep [045/500] T-Acc:  62.1%  V-Acc:  51.9%  V-AUROC: 0.5641  LR: 4.00e-05
2026-08-03 10:27:04,446 | [FULL    ] | INFO | full_experiments_using.model_trainers.mobile_vit_trainer | Ep [046/500] T-Acc:  62.6%  V-Acc:  51.8%  V-AUROC: 0.5632  LR: 4.00e-05
2026-08-03 10:27:04,446 | [FULL    ] | INFO | full_experiments_using.model_trainers.mobile_vit_trainer | Early stop — best AUROC 0.5810 at epoch 16 (no improvement for 30 epochs)
2026-08-03 10:27:04,446 | [FULL    ] | INFO | full_experiments_using.model_trainers.mobile_vit_trainer | Done. Best AUROC: 0.5810 (epoch 16) → /home/oem/choihyunsu/VOGBasedMCIDetection/outputs/checkpoints/run_20260803_091231_full_wvote_artifact30_strat_4err/fold_02_best.pth
2026-08-03 10:27:14,531 | [FULL    ] | INFO | full_experiments_using.evaluators.monte_carlo_evaluator | -> Fold 03 Result | Acc=0.455 Sens=0.143 Spec=1.000 AUROC=0.893
2026-08-03 10:27:14,538 | [FULL    ] | INFO | full_experiments_using.evaluators.monte_carlo_evaluator | === Fold 04/30 | train: 25 subj (HC=10 MCI=15) / 3820 win | test: 12 subj (HC=4 MCI=8) / 1895 win ===
2026-08-03 10:27:14,769 | [FULL    ] | INFO | httpx | HTTP Request: HEAD https://huggingface.co/apple/mobilevit-small/resolve/main/config.json "HTTP/1.1 307 Temporary Redirect"
2026-08-03 10:27:14,779 | [FULL    ] | INFO | httpx | HTTP Request: HEAD https://huggingface.co/api/resolve-cache/models/apple/mobilevit-small/6c8612545dc98676d27bc518fa521d9e9af23e34/config.json "HTTP/1.1 200 OK"
2026-08-03 10:27:15,028 | [FULL    ] | INFO | httpx | HTTP Request: HEAD https://huggingface.co/apple/mobilevit-small/resolve/main/model.safetensors "HTTP/1.1 404 Not Found"
2026-08-03 10:27:15,232 | [FULL    ] | INFO | httpx | HTTP Request: HEAD https://huggingface.co/apple/mobilevit-small/resolve/main/model.safetensors.index.json "HTTP/1.1 404 Not Found"
2026-08-03 10:27:15,441 | [FULL    ] | INFO | httpx | HTTP Request: HEAD https://huggingface.co/apple/mobilevit-small/resolve/main/pytorch_model.bin "HTTP/1.1 302 Found"
2026-08-03 10:27:15,746 | [FULL    ] | INFO | httpx | HTTP Request: HEAD https://huggingface.co/apple/mobilevit-small/resolve/main/model.safetensors "HTTP/1.1 404 Not Found"
2026-08-03 10:27:15,955 | [FULL    ] | INFO | httpx | HTTP Request: GET https://huggingface.co/api/models/apple/mobilevit-small "HTTP/1.1 200 OK"
2026-08-03 10:27:16,174 | [FULL    ] | INFO | httpx | HTTP Request: GET https://huggingface.co/api/models/apple/mobilevit-small/commits/main "HTTP/1.1 200 OK"
2026-08-03 10:27:16,391 | [FULL    ] | INFO | httpx | HTTP Request: GET https://huggingface.co/api/models/apple/mobilevit-small/discussions?p=0 "HTTP/1.1 200 OK"
2026-08-03 10:27:16,607 | [FULL    ] | INFO | httpx | HTTP Request: GET https://huggingface.co/api/models/apple/mobilevit-small/commits/refs%2Fpr%2F6 "HTTP/1.1 200 OK"
2026-08-03 10:27:16,813 | [FULL    ] | INFO | httpx | HTTP Request: HEAD https://huggingface.co/apple/mobilevit-small/resolve/refs%2Fpr%2F6/model.safetensors.index.json "HTTP/1.1 404 Not Found"
2026-08-03 10:27:17,030 | [FULL    ] | INFO | httpx | HTTP Request: HEAD https://huggingface.co/apple/mobilevit-small/resolve/refs%2Fpr%2F6/model.safetensors "HTTP/1.1 302 Found"
2026-08-03 10:27:17,763 | [FULL    ] | INFO | full_experiments_using.model_trainers.mobile_vit_trainer | Device: cuda | max_epochs=500 | batch=32 | eval_batch=256 | es_patience=30
2026-08-03 10:27:17,769 | [FULL    ] | INFO | full_experiments_using.model_trainers.mobile_vit_trainer | CE weights — HC: 1.082  MCI: 0.930
2026-08-03 10:27:58,765 | [FULL    ] | INFO | full_experiments_using.model_trainers.mobile_vit_trainer | Ep [001/500] T-Acc:  51.1%  V-Acc:  53.2%  V-AUROC: 0.5015  LR: 2.00e-04
2026-08-03 10:27:58,824 | [FULL    ] | INFO | full_experiments_using.model_trainers.mobile_vit_trainer |   ↳ new best AUROC; saved checkpoint: /home/oem/choihyunsu/VOGBasedMCIDetection/outputs/checkpoints/run_20260803_091231_full_wvote_artifact30_strat_4err/fold_03_best.pth
2026-08-03 10:28:26,799 | [FULL    ] | INFO | full_experiments_using.model_trainers.mobile_vit_trainer | Ep [002/500] T-Acc:  51.6%  V-Acc:  52.7%  V-AUROC: 0.4989  LR: 4.00e-04
2026-08-03 10:28:54,771 | [FULL    ] | INFO | full_experiments_using.model_trainers.mobile_vit_trainer | Ep [003/500] T-Acc:  52.0%  V-Acc:  52.8%  V-AUROC: 0.4980  LR: 6.00e-04
2026-08-03 10:29:22,766 | [FULL    ] | INFO | full_experiments_using.model_trainers.mobile_vit_trainer | Ep [004/500] T-Acc:  52.1%  V-Acc:  53.2%  V-AUROC: 0.5139  LR: 8.00e-04
2026-08-03 10:29:22,903 | [FULL    ] | INFO | full_experiments_using.model_trainers.mobile_vit_trainer |   ↳ new best AUROC; saved checkpoint: /home/oem/choihyunsu/VOGBasedMCIDetection/outputs/checkpoints/run_20260803_091231_full_wvote_artifact30_strat_4err/fold_03_best.pth
2026-08-03 10:29:50,756 | [FULL    ] | INFO | full_experiments_using.model_trainers.mobile_vit_trainer | Ep [005/500] T-Acc:  53.2%  V-Acc:  54.6%  V-AUROC: 0.5534  LR: 1.00e-03
2026-08-03 10:29:50,873 | [FULL    ] | INFO | full_experiments_using.model_trainers.mobile_vit_trainer |   ↳ new best AUROC; saved checkpoint: /home/oem/choihyunsu/VOGBasedMCIDetection/outputs/checkpoints/run_20260803_091231_full_wvote_artifact30_strat_4err/fold_03_best.pth
2026-08-03 10:30:18,835 | [FULL    ] | INFO | full_experiments_using.model_trainers.mobile_vit_trainer | Ep [006/500] T-Acc:  52.9%  V-Acc:  53.5%  V-AUROC: 0.5635  LR: 1.00e-03
2026-08-03 10:30:18,954 | [FULL    ] | INFO | full_experiments_using.model_trainers.mobile_vit_trainer |   ↳ new best AUROC; saved checkpoint: /home/oem/choihyunsu/VOGBasedMCIDetection/outputs/checkpoints/run_20260803_091231_full_wvote_artifact30_strat_4err/fold_03_best.pth
2026-08-03 10:30:47,021 | [FULL    ] | INFO | full_experiments_using.model_trainers.mobile_vit_trainer | Ep [007/500] T-Acc:  54.9%  V-Acc:  55.9%  V-AUROC: 0.5647  LR: 1.00e-03
2026-08-03 10:30:47,150 | [FULL    ] | INFO | full_experiments_using.model_trainers.mobile_vit_trainer |   ↳ new best AUROC; saved checkpoint: /home/oem/choihyunsu/VOGBasedMCIDetection/outputs/checkpoints/run_20260803_091231_full_wvote_artifact30_strat_4err/fold_03_best.pth
2026-08-03 10:31:15,380 | [FULL    ] | INFO | full_experiments_using.model_trainers.mobile_vit_trainer | Ep [008/500] T-Acc:  54.6%  V-Acc:  53.5%  V-AUROC: 0.5463  LR: 1.00e-03
2026-08-03 10:31:43,304 | [FULL    ] | INFO | full_experiments_using.model_trainers.mobile_vit_trainer | Ep [009/500] T-Acc:  53.9%  V-Acc:  53.0%  V-AUROC: 0.5447  LR: 1.00e-03
2026-08-03 10:32:11,271 | [FULL    ] | INFO | full_experiments_using.model_trainers.mobile_vit_trainer | Ep [010/500] T-Acc:  54.9%  V-Acc:  52.6%  V-AUROC: 0.5412  LR: 1.00e-03
2026-08-03 10:32:39,300 | [FULL    ] | INFO | full_experiments_using.model_trainers.mobile_vit_trainer | Ep [011/500] T-Acc:  55.0%  V-Acc:  53.2%  V-AUROC: 0.5489  LR: 1.00e-03
2026-08-03 10:33:07,311 | [FULL    ] | INFO | full_experiments_using.model_trainers.mobile_vit_trainer | Ep [012/500] T-Acc:  56.0%  V-Acc:  53.9%  V-AUROC: 0.5438  LR: 1.00e-03
2026-08-03 10:33:35,200 | [FULL    ] | INFO | full_experiments_using.model_trainers.mobile_vit_trainer | Ep [013/500] T-Acc:  57.0%  V-Acc:  51.8%  V-AUROC: 0.5486  LR: 1.00e-03
2026-08-03 10:34:03,305 | [FULL    ] | INFO | full_experiments_using.model_trainers.mobile_vit_trainer | Ep [014/500] T-Acc:  57.9%  V-Acc:  51.9%  V-AUROC: 0.5467  LR: 1.00e-03
2026-08-03 10:34:31,296 | [FULL    ] | INFO | full_experiments_using.model_trainers.mobile_vit_trainer | Ep [015/500] T-Acc:  56.9%  V-Acc:  51.5%  V-AUROC: 0.5444  LR: 1.00e-03
2026-08-03 10:34:59,518 | [FULL    ] | INFO | full_experiments_using.model_trainers.mobile_vit_trainer | Ep [016/500] T-Acc:  57.0%  V-Acc:  52.7%  V-AUROC: 0.5508  LR: 1.00e-03
2026-08-03 10:35:27,611 | [FULL    ] | INFO | full_experiments_using.model_trainers.mobile_vit_trainer | Ep [017/500] T-Acc:  57.5%  V-Acc:  54.0%  V-AUROC: 0.5601  LR: 1.00e-03
2026-08-03 10:35:55,645 | [FULL    ] | INFO | full_experiments_using.model_trainers.mobile_vit_trainer | Ep [018/500] T-Acc:  56.6%  V-Acc:  53.4%  V-AUROC: 0.5547  LR: 1.00e-03
2026-08-03 10:36:23,500 | [FULL    ] | INFO | full_experiments_using.model_trainers.mobile_vit_trainer | Ep [019/500] T-Acc:  58.9%  V-Acc:  52.7%  V-AUROC: 0.5524  LR: 2.00e-04
2026-08-03 10:36:51,567 | [FULL    ] | INFO | full_experiments_using.model_trainers.mobile_vit_trainer | Ep [020/500] T-Acc:  58.7%  V-Acc:  52.2%  V-AUROC: 0.5527  LR: 2.00e-04
2026-08-03 10:37:19,531 | [FULL    ] | INFO | full_experiments_using.model_trainers.mobile_vit_trainer | Ep [021/500] T-Acc:  58.4%  V-Acc:  51.6%  V-AUROC: 0.5511  LR: 2.00e-04
2026-08-03 10:37:47,691 | [FULL    ] | INFO | full_experiments_using.model_trainers.mobile_vit_trainer | Ep [022/500] T-Acc:  58.7%  V-Acc:  52.7%  V-AUROC: 0.5549  LR: 2.00e-04
2026-08-03 10:38:15,725 | [FULL    ] | INFO | full_experiments_using.model_trainers.mobile_vit_trainer | Ep [023/500] T-Acc:  58.6%  V-Acc:  52.3%  V-AUROC: 0.5568  LR: 2.00e-04
2026-08-03 10:38:43,603 | [FULL    ] | INFO | full_experiments_using.model_trainers.mobile_vit_trainer | Ep [024/500] T-Acc:  58.1%  V-Acc:  52.7%  V-AUROC: 0.5556  LR: 2.00e-04
2026-08-03 10:39:11,775 | [FULL    ] | INFO | full_experiments_using.model_trainers.mobile_vit_trainer | Ep [025/500] T-Acc:  60.2%  V-Acc:  53.0%  V-AUROC: 0.5575  LR: 2.00e-04
2026-08-03 10:39:39,874 | [FULL    ] | INFO | full_experiments_using.model_trainers.mobile_vit_trainer | Ep [026/500] T-Acc:  58.8%  V-Acc:  52.5%  V-AUROC: 0.5557  LR: 2.00e-04
2026-08-03 10:40:07,884 | [FULL    ] | INFO | full_experiments_using.model_trainers.mobile_vit_trainer | Ep [027/500] T-Acc:  57.5%  V-Acc:  52.7%  V-AUROC: 0.5549  LR: 2.00e-04
2026-08-03 10:40:36,004 | [FULL    ] | INFO | full_experiments_using.model_trainers.mobile_vit_trainer | Ep [028/500] T-Acc:  58.4%  V-Acc:  52.9%  V-AUROC: 0.5568  LR: 2.00e-04
2026-08-03 10:41:04,135 | [FULL    ] | INFO | full_experiments_using.model_trainers.mobile_vit_trainer | Ep [029/500] T-Acc:  59.6%  V-Acc:  52.0%  V-AUROC: 0.5585  LR: 2.00e-04
2026-08-03 10:41:32,020 | [FULL    ] | INFO | full_experiments_using.model_trainers.mobile_vit_trainer | Ep [030/500] T-Acc:  59.3%  V-Acc:  52.6%  V-AUROC: 0.5578  LR: 4.00e-05
2026-08-03 10:41:59,999 | [FULL    ] | INFO | full_experiments_using.model_trainers.mobile_vit_trainer | Ep [031/500] T-Acc:  59.3%  V-Acc:  52.6%  V-AUROC: 0.5592  LR: 4.00e-05
2026-08-03 10:42:28,072 | [FULL    ] | INFO | full_experiments_using.model_trainers.mobile_vit_trainer | Ep [032/500] T-Acc:  59.6%  V-Acc:  52.1%  V-AUROC: 0.5580  LR: 4.00e-05
2026-08-03 10:42:54,657 | [FULL    ] | INFO | full_experiments_using.model_trainers.mobile_vit_trainer | Ep [033/500] T-Acc:  58.6%  V-Acc:  52.6%  V-AUROC: 0.5560  LR: 4.00e-05
2026-08-03 10:43:22,731 | [FULL    ] | INFO | full_experiments_using.model_trainers.mobile_vit_trainer | Ep [034/500] T-Acc:  59.2%  V-Acc:  52.6%  V-AUROC: 0.5576  LR: 4.00e-05
2026-08-03 10:43:49,008 | [FULL    ] | INFO | full_experiments_using.model_trainers.mobile_vit_trainer | Ep [035/500] T-Acc:  58.6%  V-Acc:  52.8%  V-AUROC: 0.5592  LR: 4.00e-05
2026-08-03 10:44:17,391 | [FULL    ] | INFO | full_experiments_using.model_trainers.mobile_vit_trainer | Ep [036/500] T-Acc:  59.2%  V-Acc:  52.9%  V-AUROC: 0.5565  LR: 4.00e-05
2026-08-03 10:44:45,188 | [FULL    ] | INFO | full_experiments_using.model_trainers.mobile_vit_trainer | Ep [037/500] T-Acc:  58.9%  V-Acc:  52.7%  V-AUROC: 0.5599  LR: 4.00e-05
2026-08-03 10:44:45,191 | [FULL    ] | INFO | full_experiments_using.model_trainers.mobile_vit_trainer | Early stop — best AUROC 0.5647 at epoch 7 (no improvement for 30 epochs)
2026-08-03 10:44:45,191 | [FULL    ] | INFO | full_experiments_using.model_trainers.mobile_vit_trainer | Done. Best AUROC: 0.5647 (epoch 7) → /home/oem/choihyunsu/VOGBasedMCIDetection/outputs/checkpoints/run_20260803_091231_full_wvote_artifact30_strat_4err/fold_03_best.pth
2026-08-03 10:44:54,846 | [FULL    ] | INFO | full_experiments_using.evaluators.monte_carlo_evaluator | -> Fold 04 Result | Acc=0.545 Sens=0.571 Spec=0.500 AUROC=0.750
2026-08-03 10:44:54,853 | [FULL    ] | INFO | full_experiments_using.evaluators.monte_carlo_evaluator | === Fold 05/30 | train: 25 subj (HC=10 MCI=15) / 3894 win | test: 12 subj (HC=4 MCI=8) / 1821 win ===
2026-08-03 10:44:55,082 | [FULL    ] | INFO | httpx | HTTP Request: HEAD https://huggingface.co/apple/mobilevit-small/resolve/main/config.json "HTTP/1.1 307 Temporary Redirect"
2026-08-03 10:44:55,094 | [FULL    ] | INFO | httpx | HTTP Request: HEAD https://huggingface.co/api/resolve-cache/models/apple/mobilevit-small/6c8612545dc98676d27bc518fa521d9e9af23e34/config.json "HTTP/1.1 200 OK"
2026-08-03 10:44:55,373 | [FULL    ] | INFO | httpx | HTTP Request: HEAD https://huggingface.co/apple/mobilevit-small/resolve/main/model.safetensors "HTTP/1.1 404 Not Found"
2026-08-03 10:44:55,580 | [FULL    ] | INFO | httpx | HTTP Request: HEAD https://huggingface.co/apple/mobilevit-small/resolve/main/model.safetensors.index.json "HTTP/1.1 404 Not Found"
2026-08-03 10:44:55,786 | [FULL    ] | INFO | httpx | HTTP Request: HEAD https://huggingface.co/apple/mobilevit-small/resolve/main/pytorch_model.bin "HTTP/1.1 302 Found"
2026-08-03 10:44:55,997 | [FULL    ] | INFO | httpx | HTTP Request: HEAD https://huggingface.co/apple/mobilevit-small/resolve/main/model.safetensors "HTTP/1.1 404 Not Found"
2026-08-03 10:44:56,203 | [FULL    ] | INFO | httpx | HTTP Request: GET https://huggingface.co/api/models/apple/mobilevit-small "HTTP/1.1 200 OK"
2026-08-03 10:44:56,418 | [FULL    ] | INFO | httpx | HTTP Request: GET https://huggingface.co/api/models/apple/mobilevit-small/commits/main "HTTP/1.1 200 OK"
2026-08-03 10:44:56,636 | [FULL    ] | INFO | httpx | HTTP Request: GET https://huggingface.co/api/models/apple/mobilevit-small/discussions?p=0 "HTTP/1.1 200 OK"
2026-08-03 10:44:56,854 | [FULL    ] | INFO | httpx | HTTP Request: GET https://huggingface.co/api/models/apple/mobilevit-small/commits/refs%2Fpr%2F6 "HTTP/1.1 200 OK"
2026-08-03 10:44:57,068 | [FULL    ] | INFO | httpx | HTTP Request: HEAD https://huggingface.co/apple/mobilevit-small/resolve/refs%2Fpr%2F6/model.safetensors.index.json "HTTP/1.1 404 Not Found"
2026-08-03 10:44:57,277 | [FULL    ] | INFO | httpx | HTTP Request: HEAD https://huggingface.co/apple/mobilevit-small/resolve/refs%2Fpr%2F6/model.safetensors "HTTP/1.1 302 Found"
2026-08-03 10:44:57,969 | [FULL    ] | INFO | full_experiments_using.model_trainers.mobile_vit_trainer | Device: cuda | max_epochs=500 | batch=32 | eval_batch=256 | es_patience=30
2026-08-03 10:44:57,981 | [FULL    ] | INFO | full_experiments_using.model_trainers.mobile_vit_trainer | CE weights — HC: 1.060  MCI: 0.947
2026-08-03 10:45:35,482 | [FULL    ] | INFO | full_experiments_using.model_trainers.mobile_vit_trainer | Ep [001/500] T-Acc:  52.6%  V-Acc:  52.9%  V-AUROC: 0.5406  LR: 2.00e-04
2026-08-03 10:45:35,564 | [FULL    ] | INFO | full_experiments_using.model_trainers.mobile_vit_trainer |   ↳ new best AUROC; saved checkpoint: /home/oem/choihyunsu/VOGBasedMCIDetection/outputs/checkpoints/run_20260803_091231_full_wvote_artifact30_strat_4err/fold_04_best.pth
2026-08-03 10:46:03,846 | [FULL    ] | INFO | full_experiments_using.model_trainers.mobile_vit_trainer | Ep [002/500] T-Acc:  51.3%  V-Acc:  52.0%  V-AUROC: 0.5421  LR: 4.00e-04
2026-08-03 10:46:04,035 | [FULL    ] | INFO | full_experiments_using.model_trainers.mobile_vit_trainer |   ↳ new best AUROC; saved checkpoint: /home/oem/choihyunsu/VOGBasedMCIDetection/outputs/checkpoints/run_20260803_091231_full_wvote_artifact30_strat_4err/fold_04_best.pth
2026-08-03 10:46:32,598 | [FULL    ] | INFO | full_experiments_using.model_trainers.mobile_vit_trainer | Ep [003/500] T-Acc:  52.5%  V-Acc:  51.8%  V-AUROC: 0.5383  LR: 6.00e-04
2026-08-03 10:47:00,719 | [FULL    ] | INFO | full_experiments_using.model_trainers.mobile_vit_trainer | Ep [004/500] T-Acc:  54.5%  V-Acc:  49.8%  V-AUROC: 0.5426  LR: 8.00e-04
2026-08-03 10:47:00,839 | [FULL    ] | INFO | full_experiments_using.model_trainers.mobile_vit_trainer |   ↳ new best AUROC; saved checkpoint: /home/oem/choihyunsu/VOGBasedMCIDetection/outputs/checkpoints/run_20260803_091231_full_wvote_artifact30_strat_4err/fold_04_best.pth
2026-08-03 10:47:28,499 | [FULL    ] | INFO | full_experiments_using.model_trainers.mobile_vit_trainer | Ep [005/500] T-Acc:  54.3%  V-Acc:  51.6%  V-AUROC: 0.5472  LR: 1.00e-03
2026-08-03 10:47:28,618 | [FULL    ] | INFO | full_experiments_using.model_trainers.mobile_vit_trainer |   ↳ new best AUROC; saved checkpoint: /home/oem/choihyunsu/VOGBasedMCIDetection/outputs/checkpoints/run_20260803_091231_full_wvote_artifact30_strat_4err/fold_04_best.pth
2026-08-03 10:47:55,783 | [FULL    ] | INFO | full_experiments_using.model_trainers.mobile_vit_trainer | Ep [006/500] T-Acc:  54.9%  V-Acc:  51.5%  V-AUROC: 0.5429  LR: 1.00e-03
2026-08-03 10:48:21,445 | [FULL    ] | INFO | full_experiments_using.model_trainers.mobile_vit_trainer | Ep [007/500] T-Acc:  55.8%  V-Acc:  53.8%  V-AUROC: 0.5408  LR: 1.00e-03
2026-08-03 10:48:49,516 | [FULL    ] | INFO | full_experiments_using.model_trainers.mobile_vit_trainer | Ep [008/500] T-Acc:  57.9%  V-Acc:  54.8%  V-AUROC: 0.5473  LR: 1.00e-03
2026-08-03 10:48:49,697 | [FULL    ] | INFO | full_experiments_using.model_trainers.mobile_vit_trainer |   ↳ new best AUROC; saved checkpoint: /home/oem/choihyunsu/VOGBasedMCIDetection/outputs/checkpoints/run_20260803_091231_full_wvote_artifact30_strat_4err/fold_04_best.pth
2026-08-03 10:49:17,960 | [FULL    ] | INFO | full_experiments_using.model_trainers.mobile_vit_trainer | Ep [009/500] T-Acc:  58.0%  V-Acc:  54.3%  V-AUROC: 0.5424  LR: 1.00e-03
2026-08-03 10:49:46,204 | [FULL    ] | INFO | full_experiments_using.model_trainers.mobile_vit_trainer | Ep [010/500] T-Acc:  57.3%  V-Acc:  54.8%  V-AUROC: 0.5403  LR: 1.00e-03
2026-08-03 10:50:14,408 | [FULL    ] | INFO | full_experiments_using.model_trainers.mobile_vit_trainer | Ep [011/500] T-Acc:  58.6%  V-Acc:  53.4%  V-AUROC: 0.5405  LR: 1.00e-03
2026-08-03 10:50:41,393 | [FULL    ] | INFO | full_experiments_using.model_trainers.mobile_vit_trainer | Ep [012/500] T-Acc:  59.0%  V-Acc:  54.1%  V-AUROC: 0.5468  LR: 1.00e-03
2026-08-03 10:51:07,379 | [FULL    ] | INFO | full_experiments_using.model_trainers.mobile_vit_trainer | Ep [013/500] T-Acc:  59.0%  V-Acc:  54.1%  V-AUROC: 0.5441  LR: 1.00e-03
2026-08-03 10:51:35,565 | [FULL    ] | INFO | full_experiments_using.model_trainers.mobile_vit_trainer | Ep [014/500] T-Acc:  59.1%  V-Acc:  55.1%  V-AUROC: 0.5375  LR: 1.00e-03
2026-08-03 10:52:03,955 | [FULL    ] | INFO | full_experiments_using.model_trainers.mobile_vit_trainer | Ep [015/500] T-Acc:  61.0%  V-Acc:  54.3%  V-AUROC: 0.5532  LR: 1.00e-03
2026-08-03 10:52:04,090 | [FULL    ] | INFO | full_experiments_using.model_trainers.mobile_vit_trainer |   ↳ new best AUROC; saved checkpoint: /home/oem/choihyunsu/VOGBasedMCIDetection/outputs/checkpoints/run_20260803_091231_full_wvote_artifact30_strat_4err/fold_04_best.pth
2026-08-03 10:52:32,554 | [FULL    ] | INFO | full_experiments_using.model_trainers.mobile_vit_trainer | Ep [016/500] T-Acc:  59.6%  V-Acc:  52.7%  V-AUROC: 0.5383  LR: 1.00e-03
2026-08-03 10:53:00,982 | [FULL    ] | INFO | full_experiments_using.model_trainers.mobile_vit_trainer | Ep [017/500] T-Acc:  59.9%  V-Acc:  54.1%  V-AUROC: 0.5461  LR: 1.00e-03
2026-08-03 10:53:29,366 | [FULL    ] | INFO | full_experiments_using.model_trainers.mobile_vit_trainer | Ep [018/500] T-Acc:  60.2%  V-Acc:  54.6%  V-AUROC: 0.5501  LR: 1.00e-03
2026-08-03 10:53:57,709 | [FULL    ] | INFO | full_experiments_using.model_trainers.mobile_vit_trainer | Ep [019/500] T-Acc:  61.9%  V-Acc:  54.3%  V-AUROC: 0.5512  LR: 1.00e-03
2026-08-03 10:54:25,963 | [FULL    ] | INFO | full_experiments_using.model_trainers.mobile_vit_trainer | Ep [020/500] T-Acc:  61.3%  V-Acc:  54.8%  V-AUROC: 0.5518  LR: 1.00e-03
2026-08-03 10:54:54,359 | [FULL    ] | INFO | full_experiments_using.model_trainers.mobile_vit_trainer | Ep [021/500] T-Acc:  61.5%  V-Acc:  55.7%  V-AUROC: 0.5492  LR: 1.00e-03
2026-08-03 10:55:22,598 | [FULL    ] | INFO | full_experiments_using.model_trainers.mobile_vit_trainer | Ep [022/500] T-Acc:  60.9%  V-Acc:  54.0%  V-AUROC: 0.5461  LR: 1.00e-03
2026-08-03 10:55:51,179 | [FULL    ] | INFO | full_experiments_using.model_trainers.mobile_vit_trainer | Ep [023/500] T-Acc:  61.8%  V-Acc:  52.5%  V-AUROC: 0.5292  LR: 1.00e-03
2026-08-03 10:56:19,554 | [FULL    ] | INFO | full_experiments_using.model_trainers.mobile_vit_trainer | Ep [024/500] T-Acc:  62.5%  V-Acc:  52.4%  V-AUROC: 0.5435  LR: 1.00e-03
2026-08-03 10:56:47,742 | [FULL    ] | INFO | full_experiments_using.model_trainers.mobile_vit_trainer | Ep [025/500] T-Acc:  60.8%  V-Acc:  51.6%  V-AUROC: 0.5405  LR: 1.00e-03
2026-08-03 10:57:16,015 | [FULL    ] | INFO | full_experiments_using.model_trainers.mobile_vit_trainer | Ep [026/500] T-Acc:  61.0%  V-Acc:  53.4%  V-AUROC: 0.5290  LR: 1.00e-03
2026-08-03 10:57:44,068 | [FULL    ] | INFO | full_experiments_using.model_trainers.mobile_vit_trainer | Ep [027/500] T-Acc:  62.6%  V-Acc:  54.0%  V-AUROC: 0.5355  LR: 2.00e-04
2026-08-03 10:58:12,303 | [FULL    ] | INFO | full_experiments_using.model_trainers.mobile_vit_trainer | Ep [028/500] T-Acc:  61.8%  V-Acc:  53.6%  V-AUROC: 0.5375  LR: 2.00e-04
2026-08-03 10:58:40,483 | [FULL    ] | INFO | full_experiments_using.model_trainers.mobile_vit_trainer | Ep [029/500] T-Acc:  62.2%  V-Acc:  55.1%  V-AUROC: 0.5444  LR: 2.00e-04
2026-08-03 10:59:08,536 | [FULL    ] | INFO | full_experiments_using.model_trainers.mobile_vit_trainer | Ep [030/500] T-Acc:  62.4%  V-Acc:  54.2%  V-AUROC: 0.5409  LR: 2.00e-04
2026-08-03 10:59:36,932 | [FULL    ] | INFO | full_experiments_using.model_trainers.mobile_vit_trainer | Ep [031/500] T-Acc:  62.8%  V-Acc:  54.4%  V-AUROC: 0.5442  LR: 2.00e-04
2026-08-03 11:00:05,227 | [FULL    ] | INFO | full_experiments_using.model_trainers.mobile_vit_trainer | Ep [032/500] T-Acc:  62.9%  V-Acc:  54.4%  V-AUROC: 0.5406  LR: 2.00e-04
2026-08-03 11:00:33,740 | [FULL    ] | INFO | full_experiments_using.model_trainers.mobile_vit_trainer | Ep [033/500] T-Acc:  62.9%  V-Acc:  54.1%  V-AUROC: 0.5399  LR: 2.00e-04
2026-08-03 11:01:01,944 | [FULL    ] | INFO | full_experiments_using.model_trainers.mobile_vit_trainer | Ep [034/500] T-Acc:  63.2%  V-Acc:  54.9%  V-AUROC: 0.5448  LR: 2.00e-04
2026-08-03 11:01:30,337 | [FULL    ] | INFO | full_experiments_using.model_trainers.mobile_vit_trainer | Ep [035/500] T-Acc:  63.7%  V-Acc:  54.9%  V-AUROC: 0.5442  LR: 2.00e-04
2026-08-03 11:01:58,611 | [FULL    ] | INFO | full_experiments_using.model_trainers.mobile_vit_trainer | Ep [036/500] T-Acc:  62.6%  V-Acc:  54.5%  V-AUROC: 0.5437  LR: 2.00e-04
2026-08-03 11:02:26,825 | [FULL    ] | INFO | full_experiments_using.model_trainers.mobile_vit_trainer | Ep [037/500] T-Acc:  62.4%  V-Acc:  54.0%  V-AUROC: 0.5440  LR: 2.00e-04
2026-08-03 11:02:55,020 | [FULL    ] | INFO | full_experiments_using.model_trainers.mobile_vit_trainer | Ep [038/500] T-Acc:  62.0%  V-Acc:  53.9%  V-AUROC: 0.5432  LR: 4.00e-05
2026-08-03 11:03:23,317 | [FULL    ] | INFO | full_experiments_using.model_trainers.mobile_vit_trainer | Ep [039/500] T-Acc:  64.0%  V-Acc:  54.5%  V-AUROC: 0.5430  LR: 4.00e-05
2026-08-03 11:03:51,710 | [FULL    ] | INFO | full_experiments_using.model_trainers.mobile_vit_trainer | Ep [040/500] T-Acc:  63.8%  V-Acc:  54.1%  V-AUROC: 0.5436  LR: 4.00e-05
2026-08-03 11:04:19,712 | [FULL    ] | INFO | full_experiments_using.model_trainers.mobile_vit_trainer | Ep [041/500] T-Acc:  62.7%  V-Acc:  54.3%  V-AUROC: 0.5449  LR: 4.00e-05
2026-08-03 11:04:48,064 | [FULL    ] | INFO | full_experiments_using.model_trainers.mobile_vit_trainer | Ep [042/500] T-Acc:  62.7%  V-Acc:  53.9%  V-AUROC: 0.5424  LR: 4.00e-05
2026-08-03 11:05:14,575 | [FULL    ] | INFO | full_experiments_using.model_trainers.mobile_vit_trainer | Ep [043/500] T-Acc:  62.2%  V-Acc:  53.7%  V-AUROC: 0.5432  LR: 4.00e-05
2026-08-03 11:05:41,822 | [FULL    ] | INFO | full_experiments_using.model_trainers.mobile_vit_trainer | Ep [044/500] T-Acc:  64.0%  V-Acc:  53.3%  V-AUROC: 0.5424  LR: 4.00e-05
2026-08-03 11:06:08,786 | [FULL    ] | INFO | full_experiments_using.model_trainers.mobile_vit_trainer | Ep [045/500] T-Acc:  62.9%  V-Acc:  53.7%  V-AUROC: 0.5425  LR: 4.00e-05
2026-08-03 11:06:08,786 | [FULL    ] | INFO | full_experiments_using.model_trainers.mobile_vit_trainer | Early stop — best AUROC 0.5532 at epoch 15 (no improvement for 30 epochs)
2026-08-03 11:06:08,787 | [FULL    ] | INFO | full_experiments_using.model_trainers.mobile_vit_trainer | Done. Best AUROC: 0.5532 (epoch 15) → /home/oem/choihyunsu/VOGBasedMCIDetection/outputs/checkpoints/run_20260803_091231_full_wvote_artifact30_strat_4err/fold_04_best.pth
2026-08-03 11:06:17,922 | [FULL    ] | INFO | full_experiments_using.evaluators.monte_carlo_evaluator | -> Fold 05 Result | Acc=0.818 Sens=0.875 Spec=0.667 AUROC=0.875
2026-08-03 11:06:17,929 | [FULL    ] | INFO | full_experiments_using.evaluators.monte_carlo_evaluator | === Fold 06/30 | train: 25 subj (HC=10 MCI=15) / 3820 win | test: 12 subj (HC=4 MCI=8) / 1895 win ===
2026-08-03 11:06:18,179 | [FULL    ] | INFO | httpx | HTTP Request: HEAD https://huggingface.co/apple/mobilevit-small/resolve/main/config.json "HTTP/1.1 307 Temporary Redirect"
2026-08-03 11:06:18,201 | [FULL    ] | INFO | httpx | HTTP Request: HEAD https://huggingface.co/api/resolve-cache/models/apple/mobilevit-small/6c8612545dc98676d27bc518fa521d9e9af23e34/config.json "HTTP/1.1 200 OK"
2026-08-03 11:06:18,536 | [FULL    ] | INFO | httpx | HTTP Request: HEAD https://huggingface.co/apple/mobilevit-small/resolve/main/model.safetensors "HTTP/1.1 404 Not Found"
2026-08-03 11:06:18,753 | [FULL    ] | INFO | httpx | HTTP Request: HEAD https://huggingface.co/apple/mobilevit-small/resolve/main/model.safetensors.index.json "HTTP/1.1 404 Not Found"
2026-08-03 11:06:18,968 | [FULL    ] | INFO | httpx | HTTP Request: HEAD https://huggingface.co/apple/mobilevit-small/resolve/main/pytorch_model.bin "HTTP/1.1 302 Found"
2026-08-03 11:06:19,179 | [FULL    ] | INFO | httpx | HTTP Request: HEAD https://huggingface.co/apple/mobilevit-small/resolve/main/model.safetensors "HTTP/1.1 404 Not Found"
2026-08-03 11:06:19,396 | [FULL    ] | INFO | httpx | HTTP Request: GET https://huggingface.co/api/models/apple/mobilevit-small "HTTP/1.1 200 OK"
2026-08-03 11:06:19,626 | [FULL    ] | INFO | httpx | HTTP Request: GET https://huggingface.co/api/models/apple/mobilevit-small/commits/main "HTTP/1.1 200 OK"
2026-08-03 11:06:19,873 | [FULL    ] | INFO | httpx | HTTP Request: GET https://huggingface.co/api/models/apple/mobilevit-small/discussions?p=0 "HTTP/1.1 200 OK"
2026-08-03 11:06:20,127 | [FULL    ] | INFO | httpx | HTTP Request: GET https://huggingface.co/api/models/apple/mobilevit-small/commits/refs%2Fpr%2F6 "HTTP/1.1 200 OK"
2026-08-03 11:06:20,336 | [FULL    ] | INFO | httpx | HTTP Request: HEAD https://huggingface.co/apple/mobilevit-small/resolve/refs%2Fpr%2F6/model.safetensors.index.json "HTTP/1.1 404 Not Found"
2026-08-03 11:06:20,586 | [FULL    ] | INFO | httpx | HTTP Request: HEAD https://huggingface.co/apple/mobilevit-small/resolve/refs%2Fpr%2F6/model.safetensors "HTTP/1.1 302 Found"
2026-08-03 11:06:21,237 | [FULL    ] | INFO | full_experiments_using.model_trainers.mobile_vit_trainer | Device: cuda | max_epochs=500 | batch=32 | eval_batch=256 | es_patience=30
2026-08-03 11:06:21,254 | [FULL    ] | INFO | full_experiments_using.model_trainers.mobile_vit_trainer | CE weights — HC: 1.072  MCI: 0.937
2026-08-03 11:06:49,479 | [FULL    ] | INFO | full_experiments_using.model_trainers.mobile_vit_trainer | Ep [001/500] T-Acc:  47.8%  V-Acc:  39.9%  V-AUROC: 0.5007  LR: 2.00e-04
2026-08-03 11:06:49,538 | [FULL    ] | INFO | full_experiments_using.model_trainers.mobile_vit_trainer |   ↳ new best AUROC; saved checkpoint: /home/oem/choihyunsu/VOGBasedMCIDetection/outputs/checkpoints/run_20260803_091231_full_wvote_artifact30_strat_4err/fold_05_best.pth
2026-08-03 11:07:17,443 | [FULL    ] | INFO | full_experiments_using.model_trainers.mobile_vit_trainer | Ep [002/500] T-Acc:  47.6%  V-Acc:  40.3%  V-AUROC: 0.5110  LR: 4.00e-04
2026-08-03 11:07:17,558 | [FULL    ] | INFO | full_experiments_using.model_trainers.mobile_vit_trainer |   ↳ new best AUROC; saved checkpoint: /home/oem/choihyunsu/VOGBasedMCIDetection/outputs/checkpoints/run_20260803_091231_full_wvote_artifact30_strat_4err/fold_05_best.pth
2026-08-03 11:07:45,751 | [FULL    ] | INFO | full_experiments_using.model_trainers.mobile_vit_trainer | Ep [003/500] T-Acc:  49.6%  V-Acc:  41.0%  V-AUROC: 0.5408  LR: 6.00e-04
2026-08-03 11:07:45,867 | [FULL    ] | INFO | full_experiments_using.model_trainers.mobile_vit_trainer |   ↳ new best AUROC; saved checkpoint: /home/oem/choihyunsu/VOGBasedMCIDetection/outputs/checkpoints/run_20260803_091231_full_wvote_artifact30_strat_4err/fold_05_best.pth
2026-08-03 11:08:13,954 | [FULL    ] | INFO | full_experiments_using.model_trainers.mobile_vit_trainer | Ep [004/500] T-Acc:  50.2%  V-Acc:  44.7%  V-AUROC: 0.5496  LR: 8.00e-04
2026-08-03 11:08:14,089 | [FULL    ] | INFO | full_experiments_using.model_trainers.mobile_vit_trainer |   ↳ new best AUROC; saved checkpoint: /home/oem/choihyunsu/VOGBasedMCIDetection/outputs/checkpoints/run_20260803_091231_full_wvote_artifact30_strat_4err/fold_05_best.pth
2026-08-03 11:08:42,226 | [FULL    ] | INFO | full_experiments_using.model_trainers.mobile_vit_trainer | Ep [005/500] T-Acc:  51.3%  V-Acc:  46.4%  V-AUROC: 0.5617  LR: 1.00e-03
2026-08-03 11:08:42,340 | [FULL    ] | INFO | full_experiments_using.model_trainers.mobile_vit_trainer |   ↳ new best AUROC; saved checkpoint: /home/oem/choihyunsu/VOGBasedMCIDetection/outputs/checkpoints/run_20260803_091231_full_wvote_artifact30_strat_4err/fold_05_best.pth
2026-08-03 11:09:10,494 | [FULL    ] | INFO | full_experiments_using.model_trainers.mobile_vit_trainer | Ep [006/500] T-Acc:  52.6%  V-Acc:  47.6%  V-AUROC: 0.5568  LR: 1.00e-03
2026-08-03 11:09:38,958 | [FULL    ] | INFO | full_experiments_using.model_trainers.mobile_vit_trainer | Ep [007/500] T-Acc:  53.4%  V-Acc:  48.5%  V-AUROC: 0.5504  LR: 1.00e-03
2026-08-03 11:10:07,045 | [FULL    ] | INFO | full_experiments_using.model_trainers.mobile_vit_trainer | Ep [008/500] T-Acc:  55.0%  V-Acc:  51.8%  V-AUROC: 0.5579  LR: 1.00e-03
2026-08-03 11:10:35,047 | [FULL    ] | INFO | full_experiments_using.model_trainers.mobile_vit_trainer | Ep [009/500] T-Acc:  54.2%  V-Acc:  50.3%  V-AUROC: 0.5479  LR: 1.00e-03
2026-08-03 11:11:01,412 | [FULL    ] | INFO | full_experiments_using.model_trainers.mobile_vit_trainer | Ep [010/500] T-Acc:  56.4%  V-Acc:  49.4%  V-AUROC: 0.5511  LR: 1.00e-03
2026-08-03 11:11:29,485 | [FULL    ] | INFO | full_experiments_using.model_trainers.mobile_vit_trainer | Ep [011/500] T-Acc:  57.2%  V-Acc:  52.6%  V-AUROC: 0.5660  LR: 1.00e-03
2026-08-03 11:11:29,640 | [FULL    ] | INFO | full_experiments_using.model_trainers.mobile_vit_trainer |   ↳ new best AUROC; saved checkpoint: /home/oem/choihyunsu/VOGBasedMCIDetection/outputs/checkpoints/run_20260803_091231_full_wvote_artifact30_strat_4err/fold_05_best.pth
2026-08-03 11:11:57,602 | [FULL    ] | INFO | full_experiments_using.model_trainers.mobile_vit_trainer | Ep [012/500] T-Acc:  56.9%  V-Acc:  52.1%  V-AUROC: 0.5559  LR: 1.00e-03
2026-08-03 11:12:25,477 | [FULL    ] | INFO | full_experiments_using.model_trainers.mobile_vit_trainer | Ep [013/500] T-Acc:  57.9%  V-Acc:  52.9%  V-AUROC: 0.5619  LR: 1.00e-03
2026-08-03 11:12:53,366 | [FULL    ] | INFO | full_experiments_using.model_trainers.mobile_vit_trainer | Ep [014/500] T-Acc:  57.6%  V-Acc:  52.0%  V-AUROC: 0.5783  LR: 1.00e-03
2026-08-03 11:12:53,495 | [FULL    ] | INFO | full_experiments_using.model_trainers.mobile_vit_trainer |   ↳ new best AUROC; saved checkpoint: /home/oem/choihyunsu/VOGBasedMCIDetection/outputs/checkpoints/run_20260803_091231_full_wvote_artifact30_strat_4err/fold_05_best.pth
2026-08-03 11:13:21,937 | [FULL    ] | INFO | full_experiments_using.model_trainers.mobile_vit_trainer | Ep [015/500] T-Acc:  56.5%  V-Acc:  52.5%  V-AUROC: 0.5763  LR: 1.00e-03
2026-08-03 11:13:50,033 | [FULL    ] | INFO | full_experiments_using.model_trainers.mobile_vit_trainer | Ep [016/500] T-Acc:  57.6%  V-Acc:  52.5%  V-AUROC: 0.5781  LR: 1.00e-03
2026-08-03 11:14:17,935 | [FULL    ] | INFO | full_experiments_using.model_trainers.mobile_vit_trainer | Ep [017/500] T-Acc:  58.2%  V-Acc:  52.0%  V-AUROC: 0.5804  LR: 1.00e-03
2026-08-03 11:14:18,056 | [FULL    ] | INFO | full_experiments_using.model_trainers.mobile_vit_trainer |   ↳ new best AUROC; saved checkpoint: /home/oem/choihyunsu/VOGBasedMCIDetection/outputs/checkpoints/run_20260803_091231_full_wvote_artifact30_strat_4err/fold_05_best.pth
2026-08-03 11:14:46,162 | [FULL    ] | INFO | full_experiments_using.model_trainers.mobile_vit_trainer | Ep [018/500] T-Acc:  58.0%  V-Acc:  52.3%  V-AUROC: 0.5685  LR: 1.00e-03
2026-08-03 11:15:14,554 | [FULL    ] | INFO | full_experiments_using.model_trainers.mobile_vit_trainer | Ep [019/500] T-Acc:  59.0%  V-Acc:  52.8%  V-AUROC: 0.5818  LR: 1.00e-03
2026-08-03 11:15:14,742 | [FULL    ] | INFO | full_experiments_using.model_trainers.mobile_vit_trainer |   ↳ new best AUROC; saved checkpoint: /home/oem/choihyunsu/VOGBasedMCIDetection/outputs/checkpoints/run_20260803_091231_full_wvote_artifact30_strat_4err/fold_05_best.pth
2026-08-03 11:15:42,899 | [FULL    ] | INFO | full_experiments_using.model_trainers.mobile_vit_trainer | Ep [020/500] T-Acc:  58.8%  V-Acc:  52.1%  V-AUROC: 0.5697  LR: 1.00e-03
2026-08-03 11:16:09,052 | [FULL    ] | INFO | full_experiments_using.model_trainers.mobile_vit_trainer | Ep [021/500] T-Acc:  58.9%  V-Acc:  52.4%  V-AUROC: 0.5734  LR: 1.00e-03
2026-08-03 11:16:36,967 | [FULL    ] | INFO | full_experiments_using.model_trainers.mobile_vit_trainer | Ep [022/500] T-Acc:  59.2%  V-Acc:  51.2%  V-AUROC: 0.5699  LR: 1.00e-03
2026-08-03 11:17:04,783 | [FULL    ] | INFO | full_experiments_using.model_trainers.mobile_vit_trainer | Ep [023/500] T-Acc:  59.9%  V-Acc:  52.6%  V-AUROC: 0.5717  LR: 1.00e-03
2026-08-03 11:17:32,972 | [FULL    ] | INFO | full_experiments_using.model_trainers.mobile_vit_trainer | Ep [024/500] T-Acc:  59.3%  V-Acc:  52.3%  V-AUROC: 0.5721  LR: 1.00e-03
2026-08-03 11:18:01,109 | [FULL    ] | INFO | full_experiments_using.model_trainers.mobile_vit_trainer | Ep [025/500] T-Acc:  60.9%  V-Acc:  51.3%  V-AUROC: 0.5736  LR: 1.00e-03
2026-08-03 11:18:29,115 | [FULL    ] | INFO | full_experiments_using.model_trainers.mobile_vit_trainer | Ep [026/500] T-Acc:  60.7%  V-Acc:  52.4%  V-AUROC: 0.5755  LR: 1.00e-03
2026-08-03 11:18:57,087 | [FULL    ] | INFO | full_experiments_using.model_trainers.mobile_vit_trainer | Ep [027/500] T-Acc:  60.4%  V-Acc:  53.1%  V-AUROC: 0.5736  LR: 1.00e-03
2026-08-03 11:19:25,023 | [FULL    ] | INFO | full_experiments_using.model_trainers.mobile_vit_trainer | Ep [028/500] T-Acc:  60.9%  V-Acc:  51.8%  V-AUROC: 0.5789  LR: 1.00e-03
2026-08-03 11:19:53,074 | [FULL    ] | INFO | full_experiments_using.model_trainers.mobile_vit_trainer | Ep [029/500] T-Acc:  60.3%  V-Acc:  52.7%  V-AUROC: 0.5715  LR: 1.00e-03
2026-08-03 11:20:21,281 | [FULL    ] | INFO | full_experiments_using.model_trainers.mobile_vit_trainer | Ep [030/500] T-Acc:  60.2%  V-Acc:  52.3%  V-AUROC: 0.5693  LR: 1.00e-03
2026-08-03 11:20:49,362 | [FULL    ] | INFO | full_experiments_using.model_trainers.mobile_vit_trainer | Ep [031/500] T-Acc:  61.3%  V-Acc:  52.9%  V-AUROC: 0.5726  LR: 2.00e-04
2026-08-03 11:21:17,552 | [FULL    ] | INFO | full_experiments_using.model_trainers.mobile_vit_trainer | Ep [032/500] T-Acc:  60.8%  V-Acc:  52.8%  V-AUROC: 0.5738  LR: 2.00e-04
2026-08-03 11:21:45,691 | [FULL    ] | INFO | full_experiments_using.model_trainers.mobile_vit_trainer | Ep [033/500] T-Acc:  60.7%  V-Acc:  53.1%  V-AUROC: 0.5751  LR: 2.00e-04
2026-08-03 11:22:13,880 | [FULL    ] | INFO | full_experiments_using.model_trainers.mobile_vit_trainer | Ep [034/500] T-Acc:  61.1%  V-Acc:  52.8%  V-AUROC: 0.5765  LR: 2.00e-04
2026-08-03 11:22:41,925 | [FULL    ] | INFO | full_experiments_using.model_trainers.mobile_vit_trainer | Ep [035/500] T-Acc:  61.5%  V-Acc:  52.7%  V-AUROC: 0.5783  LR: 2.00e-04
2026-08-03 11:23:09,911 | [FULL    ] | INFO | full_experiments_using.model_trainers.mobile_vit_trainer | Ep [036/500] T-Acc:  62.3%  V-Acc:  52.2%  V-AUROC: 0.5774  LR: 2.00e-04
2026-08-03 11:23:37,903 | [FULL    ] | INFO | full_experiments_using.model_trainers.mobile_vit_trainer | Ep [037/500] T-Acc:  60.6%  V-Acc:  52.5%  V-AUROC: 0.5764  LR: 2.00e-04
2026-08-03 11:24:05,964 | [FULL    ] | INFO | full_experiments_using.model_trainers.mobile_vit_trainer | Ep [038/500] T-Acc:  61.6%  V-Acc:  51.9%  V-AUROC: 0.5776  LR: 2.00e-04
2026-08-03 11:24:34,318 | [FULL    ] | INFO | full_experiments_using.model_trainers.mobile_vit_trainer | Ep [039/500] T-Acc:  61.4%  V-Acc:  52.6%  V-AUROC: 0.5772  LR: 2.00e-04
2026-08-03 11:25:02,556 | [FULL    ] | INFO | full_experiments_using.model_trainers.mobile_vit_trainer | Ep [040/500] T-Acc:  62.0%  V-Acc:  52.8%  V-AUROC: 0.5778  LR: 2.00e-04
2026-08-03 11:25:30,698 | [FULL    ] | INFO | full_experiments_using.model_trainers.mobile_vit_trainer | Ep [041/500] T-Acc:  61.6%  V-Acc:  52.6%  V-AUROC: 0.5766  LR: 2.00e-04
2026-08-03 11:25:58,596 | [FULL    ] | INFO | full_experiments_using.model_trainers.mobile_vit_trainer | Ep [042/500] T-Acc:  61.5%  V-Acc:  52.1%  V-AUROC: 0.5784  LR: 4.00e-05
2026-08-03 11:26:26,758 | [FULL    ] | INFO | full_experiments_using.model_trainers.mobile_vit_trainer | Ep [043/500] T-Acc:  61.3%  V-Acc:  52.2%  V-AUROC: 0.5758  LR: 4.00e-05
2026-08-03 11:26:54,790 | [FULL    ] | INFO | full_experiments_using.model_trainers.mobile_vit_trainer | Ep [044/500] T-Acc:  61.6%  V-Acc:  53.2%  V-AUROC: 0.5776  LR: 4.00e-05
2026-08-03 11:27:23,092 | [FULL    ] | INFO | full_experiments_using.model_trainers.mobile_vit_trainer | Ep [045/500] T-Acc:  60.8%  V-Acc:  52.6%  V-AUROC: 0.5768  LR: 4.00e-05
2026-08-03 11:27:50,951 | [FULL    ] | INFO | full_experiments_using.model_trainers.mobile_vit_trainer | Ep [046/500] T-Acc:  61.0%  V-Acc:  52.7%  V-AUROC: 0.5766  LR: 4.00e-05
2026-08-03 11:28:18,757 | [FULL    ] | INFO | full_experiments_using.model_trainers.mobile_vit_trainer | Ep [047/500] T-Acc:  61.4%  V-Acc:  53.7%  V-AUROC: 0.5772  LR: 4.00e-05
2026-08-03 11:28:46,779 | [FULL    ] | INFO | full_experiments_using.model_trainers.mobile_vit_trainer | Ep [048/500] T-Acc:  61.3%  V-Acc:  52.4%  V-AUROC: 0.5770  LR: 4.00e-05
2026-08-03 11:29:14,828 | [FULL    ] | INFO | full_experiments_using.model_trainers.mobile_vit_trainer | Ep [049/500] T-Acc:  62.8%  V-Acc:  52.8%  V-AUROC: 0.5768  LR: 4.00e-05
2026-08-03 11:29:14,829 | [FULL    ] | INFO | full_experiments_using.model_trainers.mobile_vit_trainer | Early stop — best AUROC 0.5818 at epoch 19 (no improvement for 30 epochs)
2026-08-03 11:29:14,829 | [FULL    ] | INFO | full_experiments_using.model_trainers.mobile_vit_trainer | Done. Best AUROC: 0.5818 (epoch 19) → /home/oem/choihyunsu/VOGBasedMCIDetection/outputs/checkpoints/run_20260803_091231_full_wvote_artifact30_strat_4err/fold_05_best.pth
2026-08-03 11:29:20,787 | [FULL    ] | INFO | full_experiments_using.evaluators.monte_carlo_evaluator | -> Fold 06 Result | Acc=0.545 Sens=0.375 Spec=1.000 AUROC=0.917
2026-08-03 11:29:20,794 | [FULL    ] | INFO | full_experiments_using.evaluators.monte_carlo_evaluator | === Fold 07/30 | train: 25 subj (HC=10 MCI=15) / 3913 win | test: 12 subj (HC=4 MCI=8) / 1802 win ===
2026-08-03 11:29:21,022 | [FULL    ] | INFO | httpx | HTTP Request: HEAD https://huggingface.co/apple/mobilevit-small/resolve/main/config.json "HTTP/1.1 307 Temporary Redirect"
2026-08-03 11:29:21,036 | [FULL    ] | INFO | httpx | HTTP Request: HEAD https://huggingface.co/api/resolve-cache/models/apple/mobilevit-small/6c8612545dc98676d27bc518fa521d9e9af23e34/config.json "HTTP/1.1 200 OK"
2026-08-03 11:29:21,343 | [FULL    ] | INFO | httpx | HTTP Request: HEAD https://huggingface.co/apple/mobilevit-small/resolve/main/model.safetensors "HTTP/1.1 404 Not Found"
2026-08-03 11:29:21,550 | [FULL    ] | INFO | httpx | HTTP Request: HEAD https://huggingface.co/apple/mobilevit-small/resolve/main/model.safetensors.index.json "HTTP/1.1 404 Not Found"
2026-08-03 11:29:21,767 | [FULL    ] | INFO | httpx | HTTP Request: HEAD https://huggingface.co/apple/mobilevit-small/resolve/main/pytorch_model.bin "HTTP/1.1 302 Found"
2026-08-03 11:29:21,979 | [FULL    ] | INFO | httpx | HTTP Request: HEAD https://huggingface.co/apple/mobilevit-small/resolve/main/model.safetensors "HTTP/1.1 404 Not Found"
2026-08-03 11:29:22,185 | [FULL    ] | INFO | httpx | HTTP Request: GET https://huggingface.co/api/models/apple/mobilevit-small "HTTP/1.1 200 OK"
2026-08-03 11:29:22,437 | [FULL    ] | INFO | httpx | HTTP Request: GET https://huggingface.co/api/models/apple/mobilevit-small/commits/main "HTTP/1.1 200 OK"
2026-08-03 11:29:22,662 | [FULL    ] | INFO | httpx | HTTP Request: GET https://huggingface.co/api/models/apple/mobilevit-small/discussions?p=0 "HTTP/1.1 200 OK"
2026-08-03 11:29:22,878 | [FULL    ] | INFO | httpx | HTTP Request: GET https://huggingface.co/api/models/apple/mobilevit-small/commits/refs%2Fpr%2F6 "HTTP/1.1 200 OK"
2026-08-03 11:29:23,089 | [FULL    ] | INFO | httpx | HTTP Request: HEAD https://huggingface.co/apple/mobilevit-small/resolve/refs%2Fpr%2F6/model.safetensors.index.json "HTTP/1.1 404 Not Found"
2026-08-03 11:29:23,298 | [FULL    ] | INFO | httpx | HTTP Request: HEAD https://huggingface.co/apple/mobilevit-small/resolve/refs%2Fpr%2F6/model.safetensors "HTTP/1.1 302 Found"
2026-08-03 11:29:23,854 | [FULL    ] | INFO | full_experiments_using.model_trainers.mobile_vit_trainer | Device: cuda | max_epochs=500 | batch=32 | eval_batch=256 | es_patience=30
2026-08-03 11:29:23,868 | [FULL    ] | INFO | full_experiments_using.model_trainers.mobile_vit_trainer | CE weights — HC: 1.115  MCI: 0.906
2026-08-03 11:30:00,472 | [FULL    ] | INFO | full_experiments_using.model_trainers.mobile_vit_trainer | Ep [001/500] T-Acc:  51.8%  V-Acc:  52.0%  V-AUROC: 0.5109  LR: 2.00e-04
2026-08-03 11:30:00,595 | [FULL    ] | INFO | full_experiments_using.model_trainers.mobile_vit_trainer |   ↳ new best AUROC; saved checkpoint: /home/oem/choihyunsu/VOGBasedMCIDetection/outputs/checkpoints/run_20260803_091231_full_wvote_artifact30_strat_4err/fold_06_best.pth
2026-08-03 11:30:29,081 | [FULL    ] | INFO | full_experiments_using.model_trainers.mobile_vit_trainer | Ep [002/500] T-Acc:  51.4%  V-Acc:  51.9%  V-AUROC: 0.5211  LR: 4.00e-04
2026-08-03 11:30:29,239 | [FULL    ] | INFO | full_experiments_using.model_trainers.mobile_vit_trainer |   ↳ new best AUROC; saved checkpoint: /home/oem/choihyunsu/VOGBasedMCIDetection/outputs/checkpoints/run_20260803_091231_full_wvote_artifact30_strat_4err/fold_06_best.pth
2026-08-03 11:30:55,787 | [FULL    ] | INFO | full_experiments_using.model_trainers.mobile_vit_trainer | Ep [003/500] T-Acc:  50.9%  V-Acc:  52.4%  V-AUROC: 0.5260  LR: 6.00e-04
2026-08-03 11:30:55,960 | [FULL    ] | INFO | full_experiments_using.model_trainers.mobile_vit_trainer |   ↳ new best AUROC; saved checkpoint: /home/oem/choihyunsu/VOGBasedMCIDetection/outputs/checkpoints/run_20260803_091231_full_wvote_artifact30_strat_4err/fold_06_best.pth
2026-08-03 11:31:24,814 | [FULL    ] | INFO | full_experiments_using.model_trainers.mobile_vit_trainer | Ep [004/500] T-Acc:  49.5%  V-Acc:  55.5%  V-AUROC: 0.5502  LR: 8.00e-04
2026-08-03 11:31:24,961 | [FULL    ] | INFO | full_experiments_using.model_trainers.mobile_vit_trainer |   ↳ new best AUROC; saved checkpoint: /home/oem/choihyunsu/VOGBasedMCIDetection/outputs/checkpoints/run_20260803_091231_full_wvote_artifact30_strat_4err/fold_06_best.pth
2026-08-03 11:31:53,613 | [FULL    ] | INFO | full_experiments_using.model_trainers.mobile_vit_trainer | Ep [005/500] T-Acc:  52.1%  V-Acc:  55.0%  V-AUROC: 0.5552  LR: 1.00e-03
2026-08-03 11:31:53,758 | [FULL    ] | INFO | full_experiments_using.model_trainers.mobile_vit_trainer |   ↳ new best AUROC; saved checkpoint: /home/oem/choihyunsu/VOGBasedMCIDetection/outputs/checkpoints/run_20260803_091231_full_wvote_artifact30_strat_4err/fold_06_best.pth
2026-08-03 11:32:22,398 | [FULL    ] | INFO | full_experiments_using.model_trainers.mobile_vit_trainer | Ep [006/500] T-Acc:  53.8%  V-Acc:  55.7%  V-AUROC: 0.5763  LR: 1.00e-03
2026-08-03 11:32:22,607 | [FULL    ] | INFO | full_experiments_using.model_trainers.mobile_vit_trainer |   ↳ new best AUROC; saved checkpoint: /home/oem/choihyunsu/VOGBasedMCIDetection/outputs/checkpoints/run_20260803_091231_full_wvote_artifact30_strat_4err/fold_06_best.pth
2026-08-03 11:32:51,045 | [FULL    ] | INFO | full_experiments_using.model_trainers.mobile_vit_trainer | Ep [007/500] T-Acc:  51.6%  V-Acc:  56.1%  V-AUROC: 0.5924  LR: 1.00e-03
2026-08-03 11:32:51,188 | [FULL    ] | INFO | full_experiments_using.model_trainers.mobile_vit_trainer |   ↳ new best AUROC; saved checkpoint: /home/oem/choihyunsu/VOGBasedMCIDetection/outputs/checkpoints/run_20260803_091231_full_wvote_artifact30_strat_4err/fold_06_best.pth
2026-08-03 11:33:19,460 | [FULL    ] | INFO | full_experiments_using.model_trainers.mobile_vit_trainer | Ep [008/500] T-Acc:  53.0%  V-Acc:  54.4%  V-AUROC: 0.5852  LR: 1.00e-03
2026-08-03 11:33:47,999 | [FULL    ] | INFO | full_experiments_using.model_trainers.mobile_vit_trainer | Ep [009/500] T-Acc:  51.8%  V-Acc:  54.9%  V-AUROC: 0.5964  LR: 1.00e-03
2026-08-03 11:33:48,187 | [FULL    ] | INFO | full_experiments_using.model_trainers.mobile_vit_trainer |   ↳ new best AUROC; saved checkpoint: /home/oem/choihyunsu/VOGBasedMCIDetection/outputs/checkpoints/run_20260803_091231_full_wvote_artifact30_strat_4err/fold_06_best.pth
2026-08-03 11:34:16,656 | [FULL    ] | INFO | full_experiments_using.model_trainers.mobile_vit_trainer | Ep [010/500] T-Acc:  53.0%  V-Acc:  54.7%  V-AUROC: 0.5770  LR: 1.00e-03
2026-08-03 11:34:45,232 | [FULL    ] | INFO | full_experiments_using.model_trainers.mobile_vit_trainer | Ep [011/500] T-Acc:  53.6%  V-Acc:  57.1%  V-AUROC: 0.6068  LR: 1.00e-03
2026-08-03 11:34:45,405 | [FULL    ] | INFO | full_experiments_using.model_trainers.mobile_vit_trainer |   ↳ new best AUROC; saved checkpoint: /home/oem/choihyunsu/VOGBasedMCIDetection/outputs/checkpoints/run_20260803_091231_full_wvote_artifact30_strat_4err/fold_06_best.pth
2026-08-03 11:35:14,102 | [FULL    ] | INFO | full_experiments_using.model_trainers.mobile_vit_trainer | Ep [012/500] T-Acc:  53.5%  V-Acc:  55.4%  V-AUROC: 0.5795  LR: 1.00e-03
2026-08-03 11:35:42,206 | [FULL    ] | INFO | full_experiments_using.model_trainers.mobile_vit_trainer | Ep [013/500] T-Acc:  55.1%  V-Acc:  55.3%  V-AUROC: 0.5740  LR: 1.00e-03
2026-08-03 11:36:10,830 | [FULL    ] | INFO | full_experiments_using.model_trainers.mobile_vit_trainer | Ep [014/500] T-Acc:  55.3%  V-Acc:  53.6%  V-AUROC: 0.5726  LR: 1.00e-03
2026-08-03 11:36:39,268 | [FULL    ] | INFO | full_experiments_using.model_trainers.mobile_vit_trainer | Ep [015/500] T-Acc:  55.7%  V-Acc:  54.5%  V-AUROC: 0.5740  LR: 1.00e-03
2026-08-03 11:37:07,778 | [FULL    ] | INFO | full_experiments_using.model_trainers.mobile_vit_trainer | Ep [016/500] T-Acc:  55.5%  V-Acc:  54.9%  V-AUROC: 0.5876  LR: 1.00e-03
2026-08-03 11:37:36,165 | [FULL    ] | INFO | full_experiments_using.model_trainers.mobile_vit_trainer | Ep [017/500] T-Acc:  56.4%  V-Acc:  56.3%  V-AUROC: 0.6107  LR: 1.00e-03
2026-08-03 11:37:36,291 | [FULL    ] | INFO | full_experiments_using.model_trainers.mobile_vit_trainer |   ↳ new best AUROC; saved checkpoint: /home/oem/choihyunsu/VOGBasedMCIDetection/outputs/checkpoints/run_20260803_091231_full_wvote_artifact30_strat_4err/fold_06_best.pth
2026-08-03 11:38:04,700 | [FULL    ] | INFO | full_experiments_using.model_trainers.mobile_vit_trainer | Ep [018/500] T-Acc:  55.4%  V-Acc:  57.8%  V-AUROC: 0.6255  LR: 1.00e-03
2026-08-03 11:38:04,825 | [FULL    ] | INFO | full_experiments_using.model_trainers.mobile_vit_trainer |   ↳ new best AUROC; saved checkpoint: /home/oem/choihyunsu/VOGBasedMCIDetection/outputs/checkpoints/run_20260803_091231_full_wvote_artifact30_strat_4err/fold_06_best.pth
2026-08-03 11:38:33,234 | [FULL    ] | INFO | full_experiments_using.model_trainers.mobile_vit_trainer | Ep [019/500] T-Acc:  56.0%  V-Acc:  55.4%  V-AUROC: 0.5972  LR: 1.00e-03
2026-08-03 11:39:01,506 | [FULL    ] | INFO | full_experiments_using.model_trainers.mobile_vit_trainer | Ep [020/500] T-Acc:  55.7%  V-Acc:  55.3%  V-AUROC: 0.5969  LR: 1.00e-03
2026-08-03 11:39:29,876 | [FULL    ] | INFO | full_experiments_using.model_trainers.mobile_vit_trainer | Ep [021/500] T-Acc:  55.6%  V-Acc:  55.5%  V-AUROC: 0.6056  LR: 1.00e-03
2026-08-03 11:39:58,273 | [FULL    ] | INFO | full_experiments_using.model_trainers.mobile_vit_trainer | Ep [022/500] T-Acc:  57.0%  V-Acc:  55.9%  V-AUROC: 0.6096  LR: 1.00e-03
2026-08-03 11:40:26,919 | [FULL    ] | INFO | full_experiments_using.model_trainers.mobile_vit_trainer | Ep [023/500] T-Acc:  57.6%  V-Acc:  55.5%  V-AUROC: 0.6313  LR: 1.00e-03
2026-08-03 11:40:27,113 | [FULL    ] | INFO | full_experiments_using.model_trainers.mobile_vit_trainer |   ↳ new best AUROC; saved checkpoint: /home/oem/choihyunsu/VOGBasedMCIDetection/outputs/checkpoints/run_20260803_091231_full_wvote_artifact30_strat_4err/fold_06_best.pth
2026-08-03 11:40:55,433 | [FULL    ] | INFO | full_experiments_using.model_trainers.mobile_vit_trainer | Ep [024/500] T-Acc:  56.6%  V-Acc:  57.9%  V-AUROC: 0.6407  LR: 1.00e-03
2026-08-03 11:40:55,584 | [FULL    ] | INFO | full_experiments_using.model_trainers.mobile_vit_trainer |   ↳ new best AUROC; saved checkpoint: /home/oem/choihyunsu/VOGBasedMCIDetection/outputs/checkpoints/run_20260803_091231_full_wvote_artifact30_strat_4err/fold_06_best.pth
2026-08-03 11:41:24,317 | [FULL    ] | INFO | full_experiments_using.model_trainers.mobile_vit_trainer | Ep [025/500] T-Acc:  56.6%  V-Acc:  57.8%  V-AUROC: 0.6253  LR: 1.00e-03
2026-08-03 11:41:50,790 | [FULL    ] | INFO | full_experiments_using.model_trainers.mobile_vit_trainer | Ep [026/500] T-Acc:  57.6%  V-Acc:  55.9%  V-AUROC: 0.6087  LR: 1.00e-03
2026-08-03 11:42:16,168 | [FULL    ] | INFO | full_experiments_using.model_trainers.mobile_vit_trainer | Ep [027/500] T-Acc:  58.2%  V-Acc:  57.1%  V-AUROC: 0.6205  LR: 1.00e-03
2026-08-03 11:42:43,495 | [FULL    ] | INFO | full_experiments_using.model_trainers.mobile_vit_trainer | Ep [028/500] T-Acc:  58.1%  V-Acc:  56.8%  V-AUROC: 0.6072  LR: 1.00e-03
2026-08-03 11:43:11,654 | [FULL    ] | INFO | full_experiments_using.model_trainers.mobile_vit_trainer | Ep [029/500] T-Acc:  56.7%  V-Acc:  57.0%  V-AUROC: 0.6150  LR: 1.00e-03
2026-08-03 11:43:39,918 | [FULL    ] | INFO | full_experiments_using.model_trainers.mobile_vit_trainer | Ep [030/500] T-Acc:  56.8%  V-Acc:  55.7%  V-AUROC: 0.6185  LR: 1.00e-03
2026-08-03 11:44:08,456 | [FULL    ] | INFO | full_experiments_using.model_trainers.mobile_vit_trainer | Ep [031/500] T-Acc:  56.5%  V-Acc:  58.0%  V-AUROC: 0.6278  LR: 1.00e-03
2026-08-03 11:44:36,883 | [FULL    ] | INFO | full_experiments_using.model_trainers.mobile_vit_trainer | Ep [032/500] T-Acc:  57.2%  V-Acc:  56.3%  V-AUROC: 0.6108  LR: 1.00e-03
2026-08-03 11:45:05,506 | [FULL    ] | INFO | full_experiments_using.model_trainers.mobile_vit_trainer | Ep [033/500] T-Acc:  57.9%  V-Acc:  56.5%  V-AUROC: 0.6159  LR: 1.00e-03
2026-08-03 11:45:34,184 | [FULL    ] | INFO | full_experiments_using.model_trainers.mobile_vit_trainer | Ep [034/500] T-Acc:  58.1%  V-Acc:  59.0%  V-AUROC: 0.6287  LR: 1.00e-03
2026-08-03 11:46:02,482 | [FULL    ] | INFO | full_experiments_using.model_trainers.mobile_vit_trainer | Ep [035/500] T-Acc:  58.0%  V-Acc:  56.8%  V-AUROC: 0.6176  LR: 1.00e-03
2026-08-03 11:46:30,977 | [FULL    ] | INFO | full_experiments_using.model_trainers.mobile_vit_trainer | Ep [036/500] T-Acc:  58.5%  V-Acc:  56.7%  V-AUROC: 0.6116  LR: 2.00e-04
2026-08-03 11:46:59,482 | [FULL    ] | INFO | full_experiments_using.model_trainers.mobile_vit_trainer | Ep [037/500] T-Acc:  58.5%  V-Acc:  56.2%  V-AUROC: 0.6094  LR: 2.00e-04
2026-08-03 11:47:28,128 | [FULL    ] | INFO | full_experiments_using.model_trainers.mobile_vit_trainer | Ep [038/500] T-Acc:  59.7%  V-Acc:  55.9%  V-AUROC: 0.6112  LR: 2.00e-04
2026-08-03 11:47:56,600 | [FULL    ] | INFO | full_experiments_using.model_trainers.mobile_vit_trainer | Ep [039/500] T-Acc:  58.8%  V-Acc:  56.0%  V-AUROC: 0.6124  LR: 2.00e-04
2026-08-03 11:48:25,099 | [FULL    ] | INFO | full_experiments_using.model_trainers.mobile_vit_trainer | Ep [040/500] T-Acc:  59.4%  V-Acc:  56.3%  V-AUROC: 0.6101  LR: 2.00e-04
2026-08-03 11:48:53,745 | [FULL    ] | INFO | full_experiments_using.model_trainers.mobile_vit_trainer | Ep [041/500] T-Acc:  58.3%  V-Acc:  55.9%  V-AUROC: 0.6033  LR: 2.00e-04
2026-08-03 11:49:22,318 | [FULL    ] | INFO | full_experiments_using.model_trainers.mobile_vit_trainer | Ep [042/500] T-Acc:  59.5%  V-Acc:  57.0%  V-AUROC: 0.6136  LR: 2.00e-04
2026-08-03 11:49:50,917 | [FULL    ] | INFO | full_experiments_using.model_trainers.mobile_vit_trainer | Ep [043/500] T-Acc:  58.4%  V-Acc:  57.1%  V-AUROC: 0.6179  LR: 2.00e-04
2026-08-03 11:50:19,311 | [FULL    ] | INFO | full_experiments_using.model_trainers.mobile_vit_trainer | Ep [044/500] T-Acc:  58.6%  V-Acc:  57.3%  V-AUROC: 0.6155  LR: 2.00e-04
2026-08-03 11:50:47,793 | [FULL    ] | INFO | full_experiments_using.model_trainers.mobile_vit_trainer | Ep [045/500] T-Acc:  58.5%  V-Acc:  57.8%  V-AUROC: 0.6160  LR: 2.00e-04
2026-08-03 11:51:16,407 | [FULL    ] | INFO | full_experiments_using.model_trainers.mobile_vit_trainer | Ep [046/500] T-Acc:  57.9%  V-Acc:  56.5%  V-AUROC: 0.6119  LR: 2.00e-04
2026-08-03 11:51:45,004 | [FULL    ] | INFO | full_experiments_using.model_trainers.mobile_vit_trainer | Ep [047/500] T-Acc:  59.8%  V-Acc:  56.8%  V-AUROC: 0.6149  LR: 4.00e-05
2026-08-03 11:52:13,365 | [FULL    ] | INFO | full_experiments_using.model_trainers.mobile_vit_trainer | Ep [048/500] T-Acc:  58.8%  V-Acc:  56.9%  V-AUROC: 0.6094  LR: 4.00e-05
2026-08-03 11:52:41,903 | [FULL    ] | INFO | full_experiments_using.model_trainers.mobile_vit_trainer | Ep [049/500] T-Acc:  59.6%  V-Acc:  55.2%  V-AUROC: 0.6131  LR: 4.00e-05
2026-08-03 11:53:10,869 | [FULL    ] | INFO | full_experiments_using.model_trainers.mobile_vit_trainer | Ep [050/500] T-Acc:  59.6%  V-Acc:  56.9%  V-AUROC: 0.6093  LR: 4.00e-05
2026-08-03 11:53:39,479 | [FULL    ] | INFO | full_experiments_using.model_trainers.mobile_vit_trainer | Ep [051/500] T-Acc:  59.7%  V-Acc:  56.4%  V-AUROC: 0.6140  LR: 4.00e-05
2026-08-03 11:54:07,109 | [FULL    ] | INFO | full_experiments_using.model_trainers.mobile_vit_trainer | Ep [052/500] T-Acc:  58.9%  V-Acc:  57.7%  V-AUROC: 0.6148  LR: 4.00e-05
2026-08-03 11:54:33,198 | [FULL    ] | INFO | full_experiments_using.model_trainers.mobile_vit_trainer | Ep [053/500] T-Acc:  59.0%  V-Acc:  57.8%  V-AUROC: 0.6125  LR: 4.00e-05
2026-08-03 11:55:01,826 | [FULL    ] | INFO | full_experiments_using.model_trainers.mobile_vit_trainer | Ep [054/500] T-Acc:  58.8%  V-Acc:  57.3%  V-AUROC: 0.6144  LR: 4.00e-05
2026-08-03 11:55:01,826 | [FULL    ] | INFO | full_experiments_using.model_trainers.mobile_vit_trainer | Early stop — best AUROC 0.6407 at epoch 24 (no improvement for 30 epochs)
2026-08-03 11:55:01,826 | [FULL    ] | INFO | full_experiments_using.model_trainers.mobile_vit_trainer | Done. Best AUROC: 0.6407 (epoch 24) → /home/oem/choihyunsu/VOGBasedMCIDetection/outputs/checkpoints/run_20260803_091231_full_wvote_artifact30_strat_4err/fold_06_best.pth
2026-08-03 11:55:10,125 | [FULL    ] | INFO | full_experiments_using.evaluators.monte_carlo_evaluator | -> Fold 07 Result | Acc=0.900 Sens=0.833 Spec=1.000 AUROC=0.958
2026-08-03 11:55:10,132 | [FULL    ] | INFO | full_experiments_using.evaluators.monte_carlo_evaluator | === Fold 08/30 | train: 25 subj (HC=10 MCI=15) / 3889 win | test: 12 subj (HC=4 MCI=8) / 1826 win ===
2026-08-03 11:55:10,362 | [FULL    ] | INFO | httpx | HTTP Request: HEAD https://huggingface.co/apple/mobilevit-small/resolve/main/config.json "HTTP/1.1 307 Temporary Redirect"
2026-08-03 11:55:10,374 | [FULL    ] | INFO | httpx | HTTP Request: HEAD https://huggingface.co/api/resolve-cache/models/apple/mobilevit-small/6c8612545dc98676d27bc518fa521d9e9af23e34/config.json "HTTP/1.1 200 OK"
2026-08-03 11:55:10,644 | [FULL    ] | INFO | httpx | HTTP Request: HEAD https://huggingface.co/apple/mobilevit-small/resolve/main/model.safetensors "HTTP/1.1 404 Not Found"
2026-08-03 11:55:10,859 | [FULL    ] | INFO | httpx | HTTP Request: HEAD https://huggingface.co/apple/mobilevit-small/resolve/main/model.safetensors.index.json "HTTP/1.1 404 Not Found"
2026-08-03 11:55:11,066 | [FULL    ] | INFO | httpx | HTTP Request: HEAD https://huggingface.co/apple/mobilevit-small/resolve/main/pytorch_model.bin "HTTP/1.1 302 Found"
2026-08-03 11:55:11,279 | [FULL    ] | INFO | httpx | HTTP Request: HEAD https://huggingface.co/apple/mobilevit-small/resolve/main/model.safetensors "HTTP/1.1 404 Not Found"
2026-08-03 11:55:11,488 | [FULL    ] | INFO | httpx | HTTP Request: GET https://huggingface.co/api/models/apple/mobilevit-small "HTTP/1.1 200 OK"
2026-08-03 11:55:11,753 | [FULL    ] | INFO | httpx | HTTP Request: GET https://huggingface.co/api/models/apple/mobilevit-small/commits/main "HTTP/1.1 200 OK"
2026-08-03 11:55:11,969 | [FULL    ] | INFO | httpx | HTTP Request: GET https://huggingface.co/api/models/apple/mobilevit-small/discussions?p=0 "HTTP/1.1 200 OK"
2026-08-03 11:55:12,189 | [FULL    ] | INFO | httpx | HTTP Request: GET https://huggingface.co/api/models/apple/mobilevit-small/commits/refs%2Fpr%2F6 "HTTP/1.1 200 OK"
2026-08-03 11:55:12,392 | [FULL    ] | INFO | httpx | HTTP Request: HEAD https://huggingface.co/apple/mobilevit-small/resolve/refs%2Fpr%2F6/model.safetensors.index.json "HTTP/1.1 404 Not Found"
2026-08-03 11:55:12,663 | [FULL    ] | INFO | httpx | HTTP Request: HEAD https://huggingface.co/apple/mobilevit-small/resolve/refs%2Fpr%2F6/model.safetensors "HTTP/1.1 302 Found"
2026-08-03 11:55:13,359 | [FULL    ] | INFO | full_experiments_using.model_trainers.mobile_vit_trainer | Device: cuda | max_epochs=500 | batch=32 | eval_batch=256 | es_patience=30
2026-08-03 11:55:13,365 | [FULL    ] | INFO | full_experiments_using.model_trainers.mobile_vit_trainer | CE weights — HC: 1.086  MCI: 0.926
2026-08-03 11:55:50,008 | [FULL    ] | INFO | full_experiments_using.model_trainers.mobile_vit_trainer | Ep [001/500] T-Acc:  50.4%  V-Acc:  56.5%  V-AUROC: 0.5204  LR: 2.00e-04
2026-08-03 11:55:50,067 | [FULL    ] | INFO | full_experiments_using.model_trainers.mobile_vit_trainer |   ↳ new best AUROC; saved checkpoint: /home/oem/choihyunsu/VOGBasedMCIDetection/outputs/checkpoints/run_20260803_091231_full_wvote_artifact30_strat_4err/fold_07_best.pth
2026-08-03 11:56:18,529 | [FULL    ] | INFO | full_experiments_using.model_trainers.mobile_vit_trainer | Ep [002/500] T-Acc:  51.1%  V-Acc:  55.5%  V-AUROC: 0.5174  LR: 4.00e-04
2026-08-03 11:56:46,887 | [FULL    ] | INFO | full_experiments_using.model_trainers.mobile_vit_trainer | Ep [003/500] T-Acc:  51.7%  V-Acc:  55.0%  V-AUROC: 0.5196  LR: 6.00e-04
2026-08-03 11:57:15,298 | [FULL    ] | INFO | full_experiments_using.model_trainers.mobile_vit_trainer | Ep [004/500] T-Acc:  53.3%  V-Acc:  52.9%  V-AUROC: 0.5110  LR: 8.00e-04
2026-08-03 11:57:43,579 | [FULL    ] | INFO | full_experiments_using.model_trainers.mobile_vit_trainer | Ep [005/500] T-Acc:  53.7%  V-Acc:  52.9%  V-AUROC: 0.5295  LR: 1.00e-03
2026-08-03 11:57:43,716 | [FULL    ] | INFO | full_experiments_using.model_trainers.mobile_vit_trainer |   ↳ new best AUROC; saved checkpoint: /home/oem/choihyunsu/VOGBasedMCIDetection/outputs/checkpoints/run_20260803_091231_full_wvote_artifact30_strat_4err/fold_07_best.pth
2026-08-03 11:58:12,148 | [FULL    ] | INFO | full_experiments_using.model_trainers.mobile_vit_trainer | Ep [006/500] T-Acc:  53.6%  V-Acc:  50.4%  V-AUROC: 0.5116  LR: 1.00e-03
2026-08-03 11:58:40,416 | [FULL    ] | INFO | full_experiments_using.model_trainers.mobile_vit_trainer | Ep [007/500] T-Acc:  53.0%  V-Acc:  51.0%  V-AUROC: 0.5087  LR: 1.00e-03
2026-08-03 11:59:08,555 | [FULL    ] | INFO | full_experiments_using.model_trainers.mobile_vit_trainer | Ep [008/500] T-Acc:  56.0%  V-Acc:  52.6%  V-AUROC: 0.5273  LR: 1.00e-03
2026-08-03 11:59:36,766 | [FULL    ] | INFO | full_experiments_using.model_trainers.mobile_vit_trainer | Ep [009/500] T-Acc:  55.8%  V-Acc:  51.8%  V-AUROC: 0.5223  LR: 1.00e-03
2026-08-03 12:00:05,245 | [FULL    ] | INFO | full_experiments_using.model_trainers.mobile_vit_trainer | Ep [010/500] T-Acc:  58.4%  V-Acc:  51.2%  V-AUROC: 0.5180  LR: 1.00e-03
2026-08-03 12:00:33,525 | [FULL    ] | INFO | full_experiments_using.model_trainers.mobile_vit_trainer | Ep [011/500] T-Acc:  56.1%  V-Acc:  50.9%  V-AUROC: 0.5125  LR: 1.00e-03
2026-08-03 12:01:01,831 | [FULL    ] | INFO | full_experiments_using.model_trainers.mobile_vit_trainer | Ep [012/500] T-Acc:  59.0%  V-Acc:  50.4%  V-AUROC: 0.5105  LR: 1.00e-03
2026-08-03 12:01:30,101 | [FULL    ] | INFO | full_experiments_using.model_trainers.mobile_vit_trainer | Ep [013/500] T-Acc:  58.9%  V-Acc:  50.8%  V-AUROC: 0.5128  LR: 1.00e-03
2026-08-03 12:01:58,416 | [FULL    ] | INFO | full_experiments_using.model_trainers.mobile_vit_trainer | Ep [014/500] T-Acc:  59.4%  V-Acc:  50.1%  V-AUROC: 0.5103  LR: 1.00e-03
2026-08-03 12:02:26,779 | [FULL    ] | INFO | full_experiments_using.model_trainers.mobile_vit_trainer | Ep [015/500] T-Acc:  59.2%  V-Acc:  49.9%  V-AUROC: 0.5071  LR: 1.00e-03
2026-08-03 12:02:55,087 | [FULL    ] | INFO | full_experiments_using.model_trainers.mobile_vit_trainer | Ep [016/500] T-Acc:  60.7%  V-Acc:  50.5%  V-AUROC: 0.5043  LR: 1.00e-03
2026-08-03 12:03:23,306 | [FULL    ] | INFO | full_experiments_using.model_trainers.mobile_vit_trainer | Ep [017/500] T-Acc:  60.3%  V-Acc:  49.8%  V-AUROC: 0.5042  LR: 1.00e-03
2026-08-03 12:03:51,550 | [FULL    ] | INFO | full_experiments_using.model_trainers.mobile_vit_trainer | Ep [018/500] T-Acc:  61.1%  V-Acc:  49.6%  V-AUROC: 0.5024  LR: 1.00e-03
2026-08-03 12:04:19,915 | [FULL    ] | INFO | full_experiments_using.model_trainers.mobile_vit_trainer | Ep [019/500] T-Acc:  60.5%  V-Acc:  49.9%  V-AUROC: 0.4986  LR: 1.00e-03
2026-08-03 12:04:48,281 | [FULL    ] | INFO | full_experiments_using.model_trainers.mobile_vit_trainer | Ep [020/500] T-Acc:  61.9%  V-Acc:  49.3%  V-AUROC: 0.4942  LR: 2.00e-04
2026-08-03 12:05:16,600 | [FULL    ] | INFO | full_experiments_using.model_trainers.mobile_vit_trainer | Ep [021/500] T-Acc:  61.9%  V-Acc:  49.8%  V-AUROC: 0.4954  LR: 2.00e-04
2026-08-03 12:05:44,883 | [FULL    ] | INFO | full_experiments_using.model_trainers.mobile_vit_trainer | Ep [022/500] T-Acc:  62.5%  V-Acc:  50.3%  V-AUROC: 0.4957  LR: 2.00e-04
2026-08-03 12:06:13,189 | [FULL    ] | INFO | full_experiments_using.model_trainers.mobile_vit_trainer | Ep [023/500] T-Acc:  62.0%  V-Acc:  49.4%  V-AUROC: 0.4958  LR: 2.00e-04
2026-08-03 12:06:41,404 | [FULL    ] | INFO | full_experiments_using.model_trainers.mobile_vit_trainer | Ep [024/500] T-Acc:  61.8%  V-Acc:  49.9%  V-AUROC: 0.4977  LR: 2.00e-04
2026-08-03 12:07:05,839 | [FULL    ] | INFO | full_experiments_using.model_trainers.mobile_vit_trainer | Ep [025/500] T-Acc:  61.9%  V-Acc:  49.0%  V-AUROC: 0.4975  LR: 2.00e-04
2026-08-03 12:07:31,882 | [FULL    ] | INFO | full_experiments_using.model_trainers.mobile_vit_trainer | Ep [026/500] T-Acc:  62.4%  V-Acc:  49.6%  V-AUROC: 0.4977  LR: 2.00e-04
2026-08-03 12:07:57,908 | [FULL    ] | INFO | full_experiments_using.model_trainers.mobile_vit_trainer | Ep [027/500] T-Acc:  61.9%  V-Acc:  50.1%  V-AUROC: 0.4965  LR: 2.00e-04
2026-08-03 12:08:26,125 | [FULL    ] | INFO | full_experiments_using.model_trainers.mobile_vit_trainer | Ep [028/500] T-Acc:  63.1%  V-Acc:  49.2%  V-AUROC: 0.4935  LR: 2.00e-04
2026-08-03 12:08:54,205 | [FULL    ] | INFO | full_experiments_using.model_trainers.mobile_vit_trainer | Ep [029/500] T-Acc:  63.0%  V-Acc:  49.7%  V-AUROC: 0.4957  LR: 2.00e-04
2026-08-03 12:09:22,651 | [FULL    ] | INFO | full_experiments_using.model_trainers.mobile_vit_trainer | Ep [030/500] T-Acc:  63.3%  V-Acc:  49.9%  V-AUROC: 0.4948  LR: 2.00e-04
2026-08-03 12:09:51,102 | [FULL    ] | INFO | full_experiments_using.model_trainers.mobile_vit_trainer | Ep [031/500] T-Acc:  62.7%  V-Acc:  49.8%  V-AUROC: 0.4956  LR: 4.00e-05
2026-08-03 12:10:19,210 | [FULL    ] | INFO | full_experiments_using.model_trainers.mobile_vit_trainer | Ep [032/500] T-Acc:  62.6%  V-Acc:  50.2%  V-AUROC: 0.4961  LR: 4.00e-05
2026-08-03 12:10:47,466 | [FULL    ] | INFO | full_experiments_using.model_trainers.mobile_vit_trainer | Ep [033/500] T-Acc:  61.9%  V-Acc:  50.0%  V-AUROC: 0.4979  LR: 4.00e-05
2026-08-03 12:11:15,766 | [FULL    ] | INFO | full_experiments_using.model_trainers.mobile_vit_trainer | Ep [034/500] T-Acc:  63.7%  V-Acc:  50.2%  V-AUROC: 0.4979  LR: 4.00e-05
2026-08-03 12:11:44,068 | [FULL    ] | INFO | full_experiments_using.model_trainers.mobile_vit_trainer | Ep [035/500] T-Acc:  63.1%  V-Acc:  49.8%  V-AUROC: 0.4977  LR: 4.00e-05
2026-08-03 12:11:44,069 | [FULL    ] | INFO | full_experiments_using.model_trainers.mobile_vit_trainer | Early stop — best AUROC 0.5295 at epoch 5 (no improvement for 30 epochs)
2026-08-03 12:11:44,069 | [FULL    ] | INFO | full_experiments_using.model_trainers.mobile_vit_trainer | Done. Best AUROC: 0.5295 (epoch 5) → /home/oem/choihyunsu/VOGBasedMCIDetection/outputs/checkpoints/run_20260803_091231_full_wvote_artifact30_strat_4err/fold_07_best.pth
2026-08-03 12:11:53,122 | [FULL    ] | INFO | full_experiments_using.evaluators.monte_carlo_evaluator | -> Fold 08 Result | Acc=0.455 Sens=0.375 Spec=0.667 AUROC=0.750
2026-08-03 12:11:53,136 | [FULL    ] | INFO | full_experiments_using.evaluators.monte_carlo_evaluator | === Fold 09/30 | train: 25 subj (HC=10 MCI=15) / 3891 win | test: 12 subj (HC=4 MCI=8) / 1824 win ===
2026-08-03 12:11:53,367 | [FULL    ] | INFO | httpx | HTTP Request: HEAD https://huggingface.co/apple/mobilevit-small/resolve/main/config.json "HTTP/1.1 307 Temporary Redirect"
2026-08-03 12:11:53,379 | [FULL    ] | INFO | httpx | HTTP Request: HEAD https://huggingface.co/api/resolve-cache/models/apple/mobilevit-small/6c8612545dc98676d27bc518fa521d9e9af23e34/config.json "HTTP/1.1 200 OK"
2026-08-03 12:11:53,657 | [FULL    ] | INFO | httpx | HTTP Request: HEAD https://huggingface.co/apple/mobilevit-small/resolve/main/model.safetensors "HTTP/1.1 404 Not Found"
2026-08-03 12:11:53,856 | [FULL    ] | INFO | httpx | HTTP Request: HEAD https://huggingface.co/apple/mobilevit-small/resolve/main/model.safetensors.index.json "HTTP/1.1 404 Not Found"
2026-08-03 12:11:54,067 | [FULL    ] | INFO | httpx | HTTP Request: HEAD https://huggingface.co/apple/mobilevit-small/resolve/main/pytorch_model.bin "HTTP/1.1 302 Found"
2026-08-03 12:11:54,272 | [FULL    ] | INFO | httpx | HTTP Request: HEAD https://huggingface.co/apple/mobilevit-small/resolve/main/model.safetensors "HTTP/1.1 404 Not Found"
2026-08-03 12:11:54,479 | [FULL    ] | INFO | httpx | HTTP Request: GET https://huggingface.co/api/models/apple/mobilevit-small "HTTP/1.1 200 OK"
2026-08-03 12:11:54,702 | [FULL    ] | INFO | httpx | HTTP Request: GET https://huggingface.co/api/models/apple/mobilevit-small/commits/main "HTTP/1.1 200 OK"
2026-08-03 12:11:54,924 | [FULL    ] | INFO | httpx | HTTP Request: GET https://huggingface.co/api/models/apple/mobilevit-small/discussions?p=0 "HTTP/1.1 200 OK"
2026-08-03 12:11:55,146 | [FULL    ] | INFO | httpx | HTTP Request: GET https://huggingface.co/api/models/apple/mobilevit-small/commits/refs%2Fpr%2F6 "HTTP/1.1 200 OK"
2026-08-03 12:11:55,358 | [FULL    ] | INFO | httpx | HTTP Request: HEAD https://huggingface.co/apple/mobilevit-small/resolve/refs%2Fpr%2F6/model.safetensors.index.json "HTTP/1.1 404 Not Found"
2026-08-03 12:11:55,566 | [FULL    ] | INFO | httpx | HTTP Request: HEAD https://huggingface.co/apple/mobilevit-small/resolve/refs%2Fpr%2F6/model.safetensors "HTTP/1.1 302 Found"
2026-08-03 12:11:56,382 | [FULL    ] | INFO | full_experiments_using.model_trainers.mobile_vit_trainer | Device: cuda | max_epochs=500 | batch=32 | eval_batch=256 | es_patience=30
2026-08-03 12:11:56,394 | [FULL    ] | INFO | full_experiments_using.model_trainers.mobile_vit_trainer | CE weights — HC: 1.105  MCI: 0.913
2026-08-03 12:12:24,939 | [FULL    ] | INFO | full_experiments_using.model_trainers.mobile_vit_trainer | Ep [001/500] T-Acc:  50.8%  V-Acc:  53.4%  V-AUROC: 0.5419  LR: 2.00e-04
2026-08-03 12:12:25,060 | [FULL    ] | INFO | full_experiments_using.model_trainers.mobile_vit_trainer |   ↳ new best AUROC; saved checkpoint: /home/oem/choihyunsu/VOGBasedMCIDetection/outputs/checkpoints/run_20260803_091231_full_wvote_artifact30_strat_4err/fold_08_best.pth
2026-08-03 12:12:53,379 | [FULL    ] | INFO | full_experiments_using.model_trainers.mobile_vit_trainer | Ep [002/500] T-Acc:  50.6%  V-Acc:  52.8%  V-AUROC: 0.5516  LR: 4.00e-04
2026-08-03 12:12:53,536 | [FULL    ] | INFO | full_experiments_using.model_trainers.mobile_vit_trainer |   ↳ new best AUROC; saved checkpoint: /home/oem/choihyunsu/VOGBasedMCIDetection/outputs/checkpoints/run_20260803_091231_full_wvote_artifact30_strat_4err/fold_08_best.pth
2026-08-03 12:13:21,890 | [FULL    ] | INFO | full_experiments_using.model_trainers.mobile_vit_trainer | Ep [003/500] T-Acc:  51.9%  V-Acc:  53.0%  V-AUROC: 0.5418  LR: 6.00e-04
2026-08-03 12:13:50,192 | [FULL    ] | INFO | full_experiments_using.model_trainers.mobile_vit_trainer | Ep [004/500] T-Acc:  53.5%  V-Acc:  54.9%  V-AUROC: 0.5642  LR: 8.00e-04
2026-08-03 12:13:50,445 | [FULL    ] | INFO | full_experiments_using.model_trainers.mobile_vit_trainer |   ↳ new best AUROC; saved checkpoint: /home/oem/choihyunsu/VOGBasedMCIDetection/outputs/checkpoints/run_20260803_091231_full_wvote_artifact30_strat_4err/fold_08_best.pth
2026-08-03 12:14:18,877 | [FULL    ] | INFO | full_experiments_using.model_trainers.mobile_vit_trainer | Ep [005/500] T-Acc:  52.4%  V-Acc:  54.0%  V-AUROC: 0.5669  LR: 1.00e-03
2026-08-03 12:14:19,014 | [FULL    ] | INFO | full_experiments_using.model_trainers.mobile_vit_trainer |   ↳ new best AUROC; saved checkpoint: /home/oem/choihyunsu/VOGBasedMCIDetection/outputs/checkpoints/run_20260803_091231_full_wvote_artifact30_strat_4err/fold_08_best.pth
2026-08-03 12:14:47,189 | [FULL    ] | INFO | full_experiments_using.model_trainers.mobile_vit_trainer | Ep [006/500] T-Acc:  53.4%  V-Acc:  54.6%  V-AUROC: 0.5673  LR: 1.00e-03
2026-08-03 12:14:47,395 | [FULL    ] | INFO | full_experiments_using.model_trainers.mobile_vit_trainer |   ↳ new best AUROC; saved checkpoint: /home/oem/choihyunsu/VOGBasedMCIDetection/outputs/checkpoints/run_20260803_091231_full_wvote_artifact30_strat_4err/fold_08_best.pth
2026-08-03 12:15:15,955 | [FULL    ] | INFO | full_experiments_using.model_trainers.mobile_vit_trainer | Ep [007/500] T-Acc:  53.7%  V-Acc:  53.3%  V-AUROC: 0.5658  LR: 1.00e-03
2026-08-03 12:15:44,338 | [FULL    ] | INFO | full_experiments_using.model_trainers.mobile_vit_trainer | Ep [008/500] T-Acc:  54.4%  V-Acc:  54.2%  V-AUROC: 0.5716  LR: 1.00e-03
2026-08-03 12:15:44,489 | [FULL    ] | INFO | full_experiments_using.model_trainers.mobile_vit_trainer |   ↳ new best AUROC; saved checkpoint: /home/oem/choihyunsu/VOGBasedMCIDetection/outputs/checkpoints/run_20260803_091231_full_wvote_artifact30_strat_4err/fold_08_best.pth
2026-08-03 12:16:12,675 | [FULL    ] | INFO | full_experiments_using.model_trainers.mobile_vit_trainer | Ep [009/500] T-Acc:  54.2%  V-Acc:  54.4%  V-AUROC: 0.5821  LR: 1.00e-03
2026-08-03 12:16:12,859 | [FULL    ] | INFO | full_experiments_using.model_trainers.mobile_vit_trainer |   ↳ new best AUROC; saved checkpoint: /home/oem/choihyunsu/VOGBasedMCIDetection/outputs/checkpoints/run_20260803_091231_full_wvote_artifact30_strat_4err/fold_08_best.pth
2026-08-03 12:16:41,359 | [FULL    ] | INFO | full_experiments_using.model_trainers.mobile_vit_trainer | Ep [010/500] T-Acc:  55.1%  V-Acc:  57.0%  V-AUROC: 0.6069  LR: 1.00e-03
2026-08-03 12:16:41,500 | [FULL    ] | INFO | full_experiments_using.model_trainers.mobile_vit_trainer |   ↳ new best AUROC; saved checkpoint: /home/oem/choihyunsu/VOGBasedMCIDetection/outputs/checkpoints/run_20260803_091231_full_wvote_artifact30_strat_4err/fold_08_best.pth
2026-08-03 12:17:09,769 | [FULL    ] | INFO | full_experiments_using.model_trainers.mobile_vit_trainer | Ep [011/500] T-Acc:  55.7%  V-Acc:  56.9%  V-AUROC: 0.6008  LR: 1.00e-03
2026-08-03 12:17:37,879 | [FULL    ] | INFO | full_experiments_using.model_trainers.mobile_vit_trainer | Ep [012/500] T-Acc:  55.5%  V-Acc:  56.9%  V-AUROC: 0.5877  LR: 1.00e-03
2026-08-03 12:18:05,963 | [FULL    ] | INFO | full_experiments_using.model_trainers.mobile_vit_trainer | Ep [013/500] T-Acc:  57.1%  V-Acc:  55.0%  V-AUROC: 0.5866  LR: 1.00e-03
2026-08-03 12:18:34,351 | [FULL    ] | INFO | full_experiments_using.model_trainers.mobile_vit_trainer | Ep [014/500] T-Acc:  57.4%  V-Acc:  55.3%  V-AUROC: 0.5795  LR: 1.00e-03
2026-08-03 12:19:02,522 | [FULL    ] | INFO | full_experiments_using.model_trainers.mobile_vit_trainer | Ep [015/500] T-Acc:  55.9%  V-Acc:  54.7%  V-AUROC: 0.5759  LR: 1.00e-03
2026-08-03 12:19:31,183 | [FULL    ] | INFO | full_experiments_using.model_trainers.mobile_vit_trainer | Ep [016/500] T-Acc:  57.7%  V-Acc:  55.9%  V-AUROC: 0.5923  LR: 1.00e-03
2026-08-03 12:19:59,596 | [FULL    ] | INFO | full_experiments_using.model_trainers.mobile_vit_trainer | Ep [017/500] T-Acc:  56.5%  V-Acc:  54.6%  V-AUROC: 0.5716  LR: 1.00e-03
2026-08-03 12:20:27,831 | [FULL    ] | INFO | full_experiments_using.model_trainers.mobile_vit_trainer | Ep [018/500] T-Acc:  57.1%  V-Acc:  53.7%  V-AUROC: 0.5785  LR: 1.00e-03
2026-08-03 12:20:56,054 | [FULL    ] | INFO | full_experiments_using.model_trainers.mobile_vit_trainer | Ep [019/500] T-Acc:  57.1%  V-Acc:  53.2%  V-AUROC: 0.5710  LR: 1.00e-03
2026-08-03 12:21:24,166 | [FULL    ] | INFO | full_experiments_using.model_trainers.mobile_vit_trainer | Ep [020/500] T-Acc:  57.5%  V-Acc:  54.3%  V-AUROC: 0.5710  LR: 1.00e-03
2026-08-03 12:21:52,307 | [FULL    ] | INFO | full_experiments_using.model_trainers.mobile_vit_trainer | Ep [021/500] T-Acc:  57.9%  V-Acc:  54.6%  V-AUROC: 0.5795  LR: 1.00e-03
2026-08-03 12:22:20,753 | [FULL    ] | INFO | full_experiments_using.model_trainers.mobile_vit_trainer | Ep [022/500] T-Acc:  57.7%  V-Acc:  53.9%  V-AUROC: 0.5780  LR: 2.00e-04
2026-08-03 12:22:48,927 | [FULL    ] | INFO | full_experiments_using.model_trainers.mobile_vit_trainer | Ep [023/500] T-Acc:  60.0%  V-Acc:  54.8%  V-AUROC: 0.5811  LR: 2.00e-04
2026-08-03 12:23:15,421 | [FULL    ] | INFO | full_experiments_using.model_trainers.mobile_vit_trainer | Ep [024/500] T-Acc:  59.3%  V-Acc:  55.2%  V-AUROC: 0.5793  LR: 2.00e-04
2026-08-03 12:23:43,727 | [FULL    ] | INFO | full_experiments_using.model_trainers.mobile_vit_trainer | Ep [025/500] T-Acc:  59.4%  V-Acc:  53.9%  V-AUROC: 0.5779  LR: 2.00e-04
2026-08-03 12:24:12,197 | [FULL    ] | INFO | full_experiments_using.model_trainers.mobile_vit_trainer | Ep [026/500] T-Acc:  58.3%  V-Acc:  54.7%  V-AUROC: 0.5813  LR: 2.00e-04
2026-08-03 12:24:40,387 | [FULL    ] | INFO | full_experiments_using.model_trainers.mobile_vit_trainer | Ep [027/500] T-Acc:  59.1%  V-Acc:  54.4%  V-AUROC: 0.5797  LR: 2.00e-04
2026-08-03 12:25:08,735 | [FULL    ] | INFO | full_experiments_using.model_trainers.mobile_vit_trainer | Ep [028/500] T-Acc:  59.3%  V-Acc:  54.7%  V-AUROC: 0.5792  LR: 2.00e-04
2026-08-03 12:25:37,071 | [FULL    ] | INFO | full_experiments_using.model_trainers.mobile_vit_trainer | Ep [029/500] T-Acc:  58.8%  V-Acc:  53.8%  V-AUROC: 0.5786  LR: 2.00e-04
2026-08-03 12:26:04,531 | [FULL    ] | INFO | full_experiments_using.model_trainers.mobile_vit_trainer | Ep [030/500] T-Acc:  58.4%  V-Acc:  54.8%  V-AUROC: 0.5853  LR: 2.00e-04
2026-08-03 12:26:31,866 | [FULL    ] | INFO | full_experiments_using.model_trainers.mobile_vit_trainer | Ep [031/500] T-Acc:  59.8%  V-Acc:  54.1%  V-AUROC: 0.5771  LR: 2.00e-04
2026-08-03 12:27:00,346 | [FULL    ] | INFO | full_experiments_using.model_trainers.mobile_vit_trainer | Ep [032/500] T-Acc:  59.3%  V-Acc:  54.2%  V-AUROC: 0.5761  LR: 2.00e-04
2026-08-03 12:27:28,264 | [FULL    ] | INFO | full_experiments_using.model_trainers.mobile_vit_trainer | Ep [033/500] T-Acc:  60.9%  V-Acc:  53.8%  V-AUROC: 0.5752  LR: 4.00e-05
2026-08-03 12:27:56,404 | [FULL    ] | INFO | full_experiments_using.model_trainers.mobile_vit_trainer | Ep [034/500] T-Acc:  60.3%  V-Acc:  54.2%  V-AUROC: 0.5795  LR: 4.00e-05
2026-08-03 12:28:24,490 | [FULL    ] | INFO | full_experiments_using.model_trainers.mobile_vit_trainer | Ep [035/500] T-Acc:  59.5%  V-Acc:  53.8%  V-AUROC: 0.5737  LR: 4.00e-05
2026-08-03 12:28:52,858 | [FULL    ] | INFO | full_experiments_using.model_trainers.mobile_vit_trainer | Ep [036/500] T-Acc:  59.7%  V-Acc:  54.3%  V-AUROC: 0.5799  LR: 4.00e-05
2026-08-03 12:29:19,206 | [FULL    ] | INFO | full_experiments_using.model_trainers.mobile_vit_trainer | Ep [037/500] T-Acc:  59.3%  V-Acc:  54.8%  V-AUROC: 0.5764  LR: 4.00e-05
2026-08-03 12:29:45,117 | [FULL    ] | INFO | full_experiments_using.model_trainers.mobile_vit_trainer | Ep [038/500] T-Acc:  59.8%  V-Acc:  55.2%  V-AUROC: 0.5752  LR: 4.00e-05
2026-08-03 12:30:13,407 | [FULL    ] | INFO | full_experiments_using.model_trainers.mobile_vit_trainer | Ep [039/500] T-Acc:  58.9%  V-Acc:  54.2%  V-AUROC: 0.5773  LR: 4.00e-05
2026-08-03 12:30:41,378 | [FULL    ] | INFO | full_experiments_using.model_trainers.mobile_vit_trainer | Ep [040/500] T-Acc:  59.3%  V-Acc:  53.5%  V-AUROC: 0.5749  LR: 4.00e-05
2026-08-03 12:30:41,379 | [FULL    ] | INFO | full_experiments_using.model_trainers.mobile_vit_trainer | Early stop — best AUROC 0.6069 at epoch 10 (no improvement for 30 epochs)
2026-08-03 12:30:41,379 | [FULL    ] | INFO | full_experiments_using.model_trainers.mobile_vit_trainer | Done. Best AUROC: 0.6069 (epoch 10) → /home/oem/choihyunsu/VOGBasedMCIDetection/outputs/checkpoints/run_20260803_091231_full_wvote_artifact30_strat_4err/fold_08_best.pth
2026-08-03 12:30:50,605 | [FULL    ] | INFO | full_experiments_using.evaluators.monte_carlo_evaluator | -> Fold 09 Result | Acc=0.636 Sens=0.429 Spec=1.000 AUROC=0.821
2026-08-03 12:30:50,613 | [FULL    ] | INFO | full_experiments_using.evaluators.monte_carlo_evaluator | === Fold 10/30 | train: 25 subj (HC=10 MCI=15) / 3927 win | test: 12 subj (HC=4 MCI=8) / 1788 win ===
2026-08-03 12:30:50,852 | [FULL    ] | INFO | httpx | HTTP Request: HEAD https://huggingface.co/apple/mobilevit-small/resolve/main/config.json "HTTP/1.1 307 Temporary Redirect"
2026-08-03 12:30:50,863 | [FULL    ] | INFO | httpx | HTTP Request: HEAD https://huggingface.co/api/resolve-cache/models/apple/mobilevit-small/6c8612545dc98676d27bc518fa521d9e9af23e34/config.json "HTTP/1.1 200 OK"
2026-08-03 12:30:51,132 | [FULL    ] | INFO | httpx | HTTP Request: HEAD https://huggingface.co/apple/mobilevit-small/resolve/main/model.safetensors "HTTP/1.1 404 Not Found"
2026-08-03 12:30:51,352 | [FULL    ] | INFO | httpx | HTTP Request: HEAD https://huggingface.co/apple/mobilevit-small/resolve/main/model.safetensors.index.json "HTTP/1.1 404 Not Found"
2026-08-03 12:30:51,573 | [FULL    ] | INFO | httpx | HTTP Request: HEAD https://huggingface.co/apple/mobilevit-small/resolve/main/pytorch_model.bin "HTTP/1.1 302 Found"
2026-08-03 12:30:51,824 | [FULL    ] | INFO | httpx | HTTP Request: HEAD https://huggingface.co/apple/mobilevit-small/resolve/main/model.safetensors "HTTP/1.1 404 Not Found"
2026-08-03 12:30:52,027 | [FULL    ] | INFO | httpx | HTTP Request: GET https://huggingface.co/api/models/apple/mobilevit-small "HTTP/1.1 200 OK"
2026-08-03 12:30:52,294 | [FULL    ] | INFO | httpx | HTTP Request: GET https://huggingface.co/api/models/apple/mobilevit-small/commits/main "HTTP/1.1 200 OK"
2026-08-03 12:30:52,576 | [FULL    ] | INFO | httpx | HTTP Request: GET https://huggingface.co/api/models/apple/mobilevit-small/discussions?p=0 "HTTP/1.1 200 OK"
2026-08-03 12:30:52,829 | [FULL    ] | INFO | httpx | HTTP Request: GET https://huggingface.co/api/models/apple/mobilevit-small/commits/refs%2Fpr%2F6 "HTTP/1.1 200 OK"
2026-08-03 12:30:53,044 | [FULL    ] | INFO | httpx | HTTP Request: HEAD https://huggingface.co/apple/mobilevit-small/resolve/refs%2Fpr%2F6/model.safetensors.index.json "HTTP/1.1 404 Not Found"
2026-08-03 12:30:53,265 | [FULL    ] | INFO | httpx | HTTP Request: HEAD https://huggingface.co/apple/mobilevit-small/resolve/refs%2Fpr%2F6/model.safetensors "HTTP/1.1 302 Found"
2026-08-03 12:30:53,995 | [FULL    ] | INFO | full_experiments_using.model_trainers.mobile_vit_trainer | Device: cuda | max_epochs=500 | batch=32 | eval_batch=256 | es_patience=30
2026-08-03 12:30:54,041 | [FULL    ] | INFO | full_experiments_using.model_trainers.mobile_vit_trainer | CE weights — HC: 1.091  MCI: 0.923
2026-08-03 12:31:43,069 | [FULL    ] | INFO | full_experiments_using.model_trainers.mobile_vit_trainer | Ep [001/500] T-Acc:  50.6%  V-Acc:  53.5%  V-AUROC: 0.5126  LR: 2.00e-04
2026-08-03 12:31:43,172 | [FULL    ] | INFO | full_experiments_using.model_trainers.mobile_vit_trainer |   ↳ new best AUROC; saved checkpoint: /home/oem/choihyunsu/VOGBasedMCIDetection/outputs/checkpoints/run_20260803_091231_full_wvote_artifact30_strat_4err/fold_09_best.pth
2026-08-03 12:32:11,729 | [FULL    ] | INFO | full_experiments_using.model_trainers.mobile_vit_trainer | Ep [002/500] T-Acc:  52.1%  V-Acc:  54.8%  V-AUROC: 0.5283  LR: 4.00e-04
2026-08-03 12:32:11,892 | [FULL    ] | INFO | full_experiments_using.model_trainers.mobile_vit_trainer |   ↳ new best AUROC; saved checkpoint: /home/oem/choihyunsu/VOGBasedMCIDetection/outputs/checkpoints/run_20260803_091231_full_wvote_artifact30_strat_4err/fold_09_best.pth
2026-08-03 12:32:40,797 | [FULL    ] | INFO | full_experiments_using.model_trainers.mobile_vit_trainer | Ep [003/500] T-Acc:  51.6%  V-Acc:  55.6%  V-AUROC: 0.5417  LR: 6.00e-04
2026-08-03 12:32:40,922 | [FULL    ] | INFO | full_experiments_using.model_trainers.mobile_vit_trainer |   ↳ new best AUROC; saved checkpoint: /home/oem/choihyunsu/VOGBasedMCIDetection/outputs/checkpoints/run_20260803_091231_full_wvote_artifact30_strat_4err/fold_09_best.pth
2026-08-03 12:33:09,281 | [FULL    ] | INFO | full_experiments_using.model_trainers.mobile_vit_trainer | Ep [004/500] T-Acc:  54.0%  V-Acc:  54.4%  V-AUROC: 0.5377  LR: 8.00e-04
2026-08-03 12:33:37,656 | [FULL    ] | INFO | full_experiments_using.model_trainers.mobile_vit_trainer | Ep [005/500] T-Acc:  52.8%  V-Acc:  54.5%  V-AUROC: 0.5478  LR: 1.00e-03
2026-08-03 12:33:37,800 | [FULL    ] | INFO | full_experiments_using.model_trainers.mobile_vit_trainer |   ↳ new best AUROC; saved checkpoint: /home/oem/choihyunsu/VOGBasedMCIDetection/outputs/checkpoints/run_20260803_091231_full_wvote_artifact30_strat_4err/fold_09_best.pth
2026-08-03 12:34:06,138 | [FULL    ] | INFO | full_experiments_using.model_trainers.mobile_vit_trainer | Ep [006/500] T-Acc:  53.4%  V-Acc:  53.5%  V-AUROC: 0.5559  LR: 1.00e-03
2026-08-03 12:34:06,326 | [FULL    ] | INFO | full_experiments_using.model_trainers.mobile_vit_trainer |   ↳ new best AUROC; saved checkpoint: /home/oem/choihyunsu/VOGBasedMCIDetection/outputs/checkpoints/run_20260803_091231_full_wvote_artifact30_strat_4err/fold_09_best.pth
2026-08-03 12:34:34,898 | [FULL    ] | INFO | full_experiments_using.model_trainers.mobile_vit_trainer | Ep [007/500] T-Acc:  54.6%  V-Acc:  52.7%  V-AUROC: 0.5496  LR: 1.00e-03
2026-08-03 12:35:03,393 | [FULL    ] | INFO | full_experiments_using.model_trainers.mobile_vit_trainer | Ep [008/500] T-Acc:  54.7%  V-Acc:  52.0%  V-AUROC: 0.5501  LR: 1.00e-03
2026-08-03 12:35:31,877 | [FULL    ] | INFO | full_experiments_using.model_trainers.mobile_vit_trainer | Ep [009/500] T-Acc:  56.4%  V-Acc:  52.2%  V-AUROC: 0.5633  LR: 1.00e-03
2026-08-03 12:35:32,134 | [FULL    ] | INFO | full_experiments_using.model_trainers.mobile_vit_trainer |   ↳ new best AUROC; saved checkpoint: /home/oem/choihyunsu/VOGBasedMCIDetection/outputs/checkpoints/run_20260803_091231_full_wvote_artifact30_strat_4err/fold_09_best.pth
2026-08-03 12:36:00,427 | [FULL    ] | INFO | full_experiments_using.model_trainers.mobile_vit_trainer | Ep [010/500] T-Acc:  56.6%  V-Acc:  52.7%  V-AUROC: 0.5704  LR: 1.00e-03
2026-08-03 12:36:00,548 | [FULL    ] | INFO | full_experiments_using.model_trainers.mobile_vit_trainer |   ↳ new best AUROC; saved checkpoint: /home/oem/choihyunsu/VOGBasedMCIDetection/outputs/checkpoints/run_20260803_091231_full_wvote_artifact30_strat_4err/fold_09_best.pth
2026-08-03 12:36:28,856 | [FULL    ] | INFO | full_experiments_using.model_trainers.mobile_vit_trainer | Ep [011/500] T-Acc:  56.9%  V-Acc:  54.4%  V-AUROC: 0.5788  LR: 1.00e-03
2026-08-03 12:36:28,972 | [FULL    ] | INFO | full_experiments_using.model_trainers.mobile_vit_trainer |   ↳ new best AUROC; saved checkpoint: /home/oem/choihyunsu/VOGBasedMCIDetection/outputs/checkpoints/run_20260803_091231_full_wvote_artifact30_strat_4err/fold_09_best.pth
2026-08-03 12:36:57,500 | [FULL    ] | INFO | full_experiments_using.model_trainers.mobile_vit_trainer | Ep [012/500] T-Acc:  57.1%  V-Acc:  53.5%  V-AUROC: 0.5653  LR: 1.00e-03
2026-08-03 12:37:26,000 | [FULL    ] | INFO | full_experiments_using.model_trainers.mobile_vit_trainer | Ep [013/500] T-Acc:  56.4%  V-Acc:  53.2%  V-AUROC: 0.5740  LR: 1.00e-03
2026-08-03 12:37:54,163 | [FULL    ] | INFO | full_experiments_using.model_trainers.mobile_vit_trainer | Ep [014/500] T-Acc:  57.6%  V-Acc:  54.4%  V-AUROC: 0.5793  LR: 1.00e-03
2026-08-03 12:37:54,359 | [FULL    ] | INFO | full_experiments_using.model_trainers.mobile_vit_trainer |   ↳ new best AUROC; saved checkpoint: /home/oem/choihyunsu/VOGBasedMCIDetection/outputs/checkpoints/run_20260803_091231_full_wvote_artifact30_strat_4err/fold_09_best.pth
2026-08-03 12:38:22,964 | [FULL    ] | INFO | full_experiments_using.model_trainers.mobile_vit_trainer | Ep [015/500] T-Acc:  58.3%  V-Acc:  54.1%  V-AUROC: 0.5769  LR: 1.00e-03
2026-08-03 12:38:51,503 | [FULL    ] | INFO | full_experiments_using.model_trainers.mobile_vit_trainer | Ep [016/500] T-Acc:  58.9%  V-Acc:  54.0%  V-AUROC: 0.5759  LR: 1.00e-03
2026-08-03 12:39:19,816 | [FULL    ] | INFO | full_experiments_using.model_trainers.mobile_vit_trainer | Ep [017/500] T-Acc:  59.0%  V-Acc:  54.1%  V-AUROC: 0.5764  LR: 1.00e-03
2026-08-03 12:39:48,342 | [FULL    ] | INFO | full_experiments_using.model_trainers.mobile_vit_trainer | Ep [018/500] T-Acc:  59.0%  V-Acc:  53.1%  V-AUROC: 0.5733  LR: 1.00e-03
2026-08-03 12:40:16,904 | [FULL    ] | INFO | full_experiments_using.model_trainers.mobile_vit_trainer | Ep [019/500] T-Acc:  59.3%  V-Acc:  54.2%  V-AUROC: 0.5706  LR: 1.00e-03
2026-08-03 12:40:45,306 | [FULL    ] | INFO | full_experiments_using.model_trainers.mobile_vit_trainer | Ep [020/500] T-Acc:  58.1%  V-Acc:  54.8%  V-AUROC: 0.5703  LR: 1.00e-03
2026-08-03 12:41:13,873 | [FULL    ] | INFO | full_experiments_using.model_trainers.mobile_vit_trainer | Ep [021/500] T-Acc:  58.7%  V-Acc:  54.1%  V-AUROC: 0.5774  LR: 1.00e-03
2026-08-03 12:41:42,319 | [FULL    ] | INFO | full_experiments_using.model_trainers.mobile_vit_trainer | Ep [022/500] T-Acc:  59.8%  V-Acc:  53.7%  V-AUROC: 0.5705  LR: 1.00e-03
2026-08-03 12:42:10,851 | [FULL    ] | INFO | full_experiments_using.model_trainers.mobile_vit_trainer | Ep [023/500] T-Acc:  60.8%  V-Acc:  53.7%  V-AUROC: 0.5668  LR: 1.00e-03
2026-08-03 12:42:39,402 | [FULL    ] | INFO | full_experiments_using.model_trainers.mobile_vit_trainer | Ep [024/500] T-Acc:  60.3%  V-Acc:  54.3%  V-AUROC: 0.5719  LR: 1.00e-03
2026-08-03 12:43:07,688 | [FULL    ] | INFO | full_experiments_using.model_trainers.mobile_vit_trainer | Ep [025/500] T-Acc:  59.7%  V-Acc:  54.3%  V-AUROC: 0.5686  LR: 1.00e-03
2026-08-03 12:43:36,169 | [FULL    ] | INFO | full_experiments_using.model_trainers.mobile_vit_trainer | Ep [026/500] T-Acc:  60.0%  V-Acc:  54.1%  V-AUROC: 0.5690  LR: 2.00e-04
2026-08-03 12:44:02,888 | [FULL    ] | INFO | full_experiments_using.model_trainers.mobile_vit_trainer | Ep [027/500] T-Acc:  61.7%  V-Acc:  54.4%  V-AUROC: 0.5701  LR: 2.00e-04
2026-08-03 12:44:31,305 | [FULL    ] | INFO | full_experiments_using.model_trainers.mobile_vit_trainer | Ep [028/500] T-Acc:  61.1%  V-Acc:  53.7%  V-AUROC: 0.5710  LR: 2.00e-04
2026-08-03 12:44:59,542 | [FULL    ] | INFO | full_experiments_using.model_trainers.mobile_vit_trainer | Ep [029/500] T-Acc:  60.6%  V-Acc:  54.9%  V-AUROC: 0.5704  LR: 2.00e-04
2026-08-03 12:45:28,022 | [FULL    ] | INFO | full_experiments_using.model_trainers.mobile_vit_trainer | Ep [030/500] T-Acc:  60.4%  V-Acc:  54.3%  V-AUROC: 0.5687  LR: 2.00e-04
2026-08-03 12:45:56,473 | [FULL    ] | INFO | full_experiments_using.model_trainers.mobile_vit_trainer | Ep [031/500] T-Acc:  62.1%  V-Acc:  53.3%  V-AUROC: 0.5670  LR: 2.00e-04
2026-08-03 12:46:25,098 | [FULL    ] | INFO | full_experiments_using.model_trainers.mobile_vit_trainer | Ep [032/500] T-Acc:  60.3%  V-Acc:  54.5%  V-AUROC: 0.5685  LR: 2.00e-04
2026-08-03 12:46:53,493 | [FULL    ] | INFO | full_experiments_using.model_trainers.mobile_vit_trainer | Ep [033/500] T-Acc:  60.6%  V-Acc:  53.4%  V-AUROC: 0.5666  LR: 2.00e-04
2026-08-03 12:47:22,174 | [FULL    ] | INFO | full_experiments_using.model_trainers.mobile_vit_trainer | Ep [034/500] T-Acc:  61.5%  V-Acc:  54.1%  V-AUROC: 0.5672  LR: 2.00e-04
2026-08-03 12:47:50,710 | [FULL    ] | INFO | full_experiments_using.model_trainers.mobile_vit_trainer | Ep [035/500] T-Acc:  61.9%  V-Acc:  54.3%  V-AUROC: 0.5692  LR: 2.00e-04
2026-08-03 12:48:19,002 | [FULL    ] | INFO | full_experiments_using.model_trainers.mobile_vit_trainer | Ep [036/500] T-Acc:  61.2%  V-Acc:  54.7%  V-AUROC: 0.5695  LR: 2.00e-04
2026-08-03 12:48:47,364 | [FULL    ] | INFO | full_experiments_using.model_trainers.mobile_vit_trainer | Ep [037/500] T-Acc:  62.1%  V-Acc:  53.4%  V-AUROC: 0.5687  LR: 4.00e-05
2026-08-03 12:49:15,890 | [FULL    ] | INFO | full_experiments_using.model_trainers.mobile_vit_trainer | Ep [038/500] T-Acc:  61.0%  V-Acc:  54.0%  V-AUROC: 0.5716  LR: 4.00e-05
2026-08-03 12:49:44,386 | [FULL    ] | INFO | full_experiments_using.model_trainers.mobile_vit_trainer | Ep [039/500] T-Acc:  61.3%  V-Acc:  55.0%  V-AUROC: 0.5699  LR: 4.00e-05
2026-08-03 12:50:12,850 | [FULL    ] | INFO | full_experiments_using.model_trainers.mobile_vit_trainer | Ep [040/500] T-Acc:  61.4%  V-Acc:  54.0%  V-AUROC: 0.5709  LR: 4.00e-05
2026-08-03 12:50:41,186 | [FULL    ] | INFO | full_experiments_using.model_trainers.mobile_vit_trainer | Ep [041/500] T-Acc:  61.7%  V-Acc:  54.1%  V-AUROC: 0.5700  LR: 4.00e-05
2026-08-03 12:51:09,724 | [FULL    ] | INFO | full_experiments_using.model_trainers.mobile_vit_trainer | Ep [042/500] T-Acc:  60.6%  V-Acc:  54.0%  V-AUROC: 0.5713  LR: 4.00e-05
2026-08-03 12:51:38,266 | [FULL    ] | INFO | full_experiments_using.model_trainers.mobile_vit_trainer | Ep [043/500] T-Acc:  61.2%  V-Acc:  54.0%  V-AUROC: 0.5695  LR: 4.00e-05
2026-08-03 12:52:06,208 | [FULL    ] | INFO | full_experiments_using.model_trainers.mobile_vit_trainer | Ep [044/500] T-Acc:  61.6%  V-Acc:  53.7%  V-AUROC: 0.5696  LR: 4.00e-05
2026-08-03 12:52:06,208 | [FULL    ] | INFO | full_experiments_using.model_trainers.mobile_vit_trainer | Early stop — best AUROC 0.5793 at epoch 14 (no improvement for 30 epochs)
2026-08-03 12:52:06,208 | [FULL    ] | INFO | full_experiments_using.model_trainers.mobile_vit_trainer | Done. Best AUROC: 0.5793 (epoch 14) → /home/oem/choihyunsu/VOGBasedMCIDetection/outputs/checkpoints/run_20260803_091231_full_wvote_artifact30_strat_4err/fold_09_best.pth
2026-08-03 12:52:15,405 | [FULL    ] | INFO | full_experiments_using.evaluators.monte_carlo_evaluator | -> Fold 10 Result | Acc=0.800 Sens=0.714 Spec=1.000 AUROC=0.952
2026-08-03 12:52:15,416 | [FULL    ] | INFO | full_experiments_using.evaluators.monte_carlo_evaluator | === Fold 11/30 | train: 25 subj (HC=10 MCI=15) / 3866 win | test: 12 subj (HC=4 MCI=8) / 1849 win ===
2026-08-03 12:52:15,668 | [FULL    ] | INFO | httpx | HTTP Request: HEAD https://huggingface.co/apple/mobilevit-small/resolve/main/config.json "HTTP/1.1 307 Temporary Redirect"
2026-08-03 12:52:15,690 | [FULL    ] | INFO | httpx | HTTP Request: HEAD https://huggingface.co/api/resolve-cache/models/apple/mobilevit-small/6c8612545dc98676d27bc518fa521d9e9af23e34/config.json "HTTP/1.1 200 OK"
2026-08-03 12:52:15,980 | [FULL    ] | INFO | httpx | HTTP Request: HEAD https://huggingface.co/apple/mobilevit-small/resolve/main/model.safetensors "HTTP/1.1 404 Not Found"
2026-08-03 12:52:16,196 | [FULL    ] | INFO | httpx | HTTP Request: HEAD https://huggingface.co/apple/mobilevit-small/resolve/main/model.safetensors.index.json "HTTP/1.1 404 Not Found"
2026-08-03 12:52:16,444 | [FULL    ] | INFO | httpx | HTTP Request: HEAD https://huggingface.co/apple/mobilevit-small/resolve/main/pytorch_model.bin "HTTP/1.1 302 Found"
2026-08-03 12:52:16,659 | [FULL    ] | INFO | httpx | HTTP Request: HEAD https://huggingface.co/apple/mobilevit-small/resolve/main/model.safetensors "HTTP/1.1 404 Not Found"
2026-08-03 12:52:16,878 | [FULL    ] | INFO | httpx | HTTP Request: GET https://huggingface.co/api/models/apple/mobilevit-small "HTTP/1.1 200 OK"
2026-08-03 12:52:17,160 | [FULL    ] | INFO | httpx | HTTP Request: GET https://huggingface.co/api/models/apple/mobilevit-small/commits/main "HTTP/1.1 200 OK"
2026-08-03 12:52:17,397 | [FULL    ] | INFO | httpx | HTTP Request: GET https://huggingface.co/api/models/apple/mobilevit-small/discussions?p=0 "HTTP/1.1 200 OK"
2026-08-03 12:52:17,615 | [FULL    ] | INFO | httpx | HTTP Request: GET https://huggingface.co/api/models/apple/mobilevit-small/commits/refs%2Fpr%2F6 "HTTP/1.1 200 OK"
2026-08-03 12:52:17,885 | [FULL    ] | INFO | httpx | HTTP Request: HEAD https://huggingface.co/apple/mobilevit-small/resolve/refs%2Fpr%2F6/model.safetensors.index.json "HTTP/1.1 404 Not Found"
2026-08-03 12:52:18,098 | [FULL    ] | INFO | httpx | HTTP Request: HEAD https://huggingface.co/apple/mobilevit-small/resolve/refs%2Fpr%2F6/model.safetensors "HTTP/1.1 302 Found"
2026-08-03 12:52:18,789 | [FULL    ] | INFO | full_experiments_using.model_trainers.mobile_vit_trainer | Device: cuda | max_epochs=500 | batch=32 | eval_batch=256 | es_patience=30
2026-08-03 12:52:18,794 | [FULL    ] | INFO | full_experiments_using.model_trainers.mobile_vit_trainer | CE weights — HC: 1.106  MCI: 0.913
2026-08-03 12:52:54,348 | [FULL    ] | INFO | full_experiments_using.model_trainers.mobile_vit_trainer | Ep [001/500] T-Acc:  49.9%  V-Acc:  51.3%  V-AUROC: 0.4864  LR: 2.00e-04
2026-08-03 12:52:54,446 | [FULL    ] | INFO | full_experiments_using.model_trainers.mobile_vit_trainer |   ↳ new best AUROC; saved checkpoint: /home/oem/choihyunsu/VOGBasedMCIDetection/outputs/checkpoints/run_20260803_091231_full_wvote_artifact30_strat_4err/fold_10_best.pth
2026-08-03 12:53:22,154 | [FULL    ] | INFO | full_experiments_using.model_trainers.mobile_vit_trainer | Ep [002/500] T-Acc:  49.4%  V-Acc:  52.0%  V-AUROC: 0.4901  LR: 4.00e-04
2026-08-03 12:53:22,314 | [FULL    ] | INFO | full_experiments_using.model_trainers.mobile_vit_trainer |   ↳ new best AUROC; saved checkpoint: /home/oem/choihyunsu/VOGBasedMCIDetection/outputs/checkpoints/run_20260803_091231_full_wvote_artifact30_strat_4err/fold_10_best.pth
2026-08-03 12:53:50,495 | [FULL    ] | INFO | full_experiments_using.model_trainers.mobile_vit_trainer | Ep [003/500] T-Acc:  49.4%  V-Acc:  47.1%  V-AUROC: 0.4784  LR: 6.00e-04
2026-08-03 12:54:18,718 | [FULL    ] | INFO | full_experiments_using.model_trainers.mobile_vit_trainer | Ep [004/500] T-Acc:  50.7%  V-Acc:  50.8%  V-AUROC: 0.5164  LR: 8.00e-04
2026-08-03 12:54:18,849 | [FULL    ] | INFO | full_experiments_using.model_trainers.mobile_vit_trainer |   ↳ new best AUROC; saved checkpoint: /home/oem/choihyunsu/VOGBasedMCIDetection/outputs/checkpoints/run_20260803_091231_full_wvote_artifact30_strat_4err/fold_10_best.pth
2026-08-03 12:54:47,209 | [FULL    ] | INFO | full_experiments_using.model_trainers.mobile_vit_trainer | Ep [005/500] T-Acc:  51.4%  V-Acc:  50.8%  V-AUROC: 0.5130  LR: 1.00e-03
2026-08-03 12:55:15,339 | [FULL    ] | INFO | full_experiments_using.model_trainers.mobile_vit_trainer | Ep [006/500] T-Acc:  53.7%  V-Acc:  51.5%  V-AUROC: 0.5448  LR: 1.00e-03
2026-08-03 12:55:15,494 | [FULL    ] | INFO | full_experiments_using.model_trainers.mobile_vit_trainer |   ↳ new best AUROC; saved checkpoint: /home/oem/choihyunsu/VOGBasedMCIDetection/outputs/checkpoints/run_20260803_091231_full_wvote_artifact30_strat_4err/fold_10_best.pth
2026-08-03 12:55:43,535 | [FULL    ] | INFO | full_experiments_using.model_trainers.mobile_vit_trainer | Ep [007/500] T-Acc:  52.7%  V-Acc:  53.0%  V-AUROC: 0.5451  LR: 1.00e-03
2026-08-03 12:55:43,809 | [FULL    ] | INFO | full_experiments_using.model_trainers.mobile_vit_trainer |   ↳ new best AUROC; saved checkpoint: /home/oem/choihyunsu/VOGBasedMCIDetection/outputs/checkpoints/run_20260803_091231_full_wvote_artifact30_strat_4err/fold_10_best.pth
2026-08-03 12:56:12,055 | [FULL    ] | INFO | full_experiments_using.model_trainers.mobile_vit_trainer | Ep [008/500] T-Acc:  53.3%  V-Acc:  52.7%  V-AUROC: 0.5520  LR: 1.00e-03
2026-08-03 12:56:12,191 | [FULL    ] | INFO | full_experiments_using.model_trainers.mobile_vit_trainer |   ↳ new best AUROC; saved checkpoint: /home/oem/choihyunsu/VOGBasedMCIDetection/outputs/checkpoints/run_20260803_091231_full_wvote_artifact30_strat_4err/fold_10_best.pth
2026-08-03 12:56:40,145 | [FULL    ] | INFO | full_experiments_using.model_trainers.mobile_vit_trainer | Ep [009/500] T-Acc:  54.1%  V-Acc:  54.0%  V-AUROC: 0.5682  LR: 1.00e-03
2026-08-03 12:56:40,396 | [FULL    ] | INFO | full_experiments_using.model_trainers.mobile_vit_trainer |   ↳ new best AUROC; saved checkpoint: /home/oem/choihyunsu/VOGBasedMCIDetection/outputs/checkpoints/run_20260803_091231_full_wvote_artifact30_strat_4err/fold_10_best.pth
2026-08-03 12:57:08,525 | [FULL    ] | INFO | full_experiments_using.model_trainers.mobile_vit_trainer | Ep [010/500] T-Acc:  55.6%  V-Acc:  56.1%  V-AUROC: 0.5891  LR: 1.00e-03
2026-08-03 12:57:08,711 | [FULL    ] | INFO | full_experiments_using.model_trainers.mobile_vit_trainer |   ↳ new best AUROC; saved checkpoint: /home/oem/choihyunsu/VOGBasedMCIDetection/outputs/checkpoints/run_20260803_091231_full_wvote_artifact30_strat_4err/fold_10_best.pth
2026-08-03 12:57:36,666 | [FULL    ] | INFO | full_experiments_using.model_trainers.mobile_vit_trainer | Ep [011/500] T-Acc:  56.1%  V-Acc:  54.6%  V-AUROC: 0.5835  LR: 1.00e-03
2026-08-03 12:58:02,725 | [FULL    ] | INFO | full_experiments_using.model_trainers.mobile_vit_trainer | Ep [012/500] T-Acc:  54.8%  V-Acc:  53.7%  V-AUROC: 0.5675  LR: 1.00e-03
2026-08-03 12:58:29,901 | [FULL    ] | INFO | full_experiments_using.model_trainers.mobile_vit_trainer | Ep [013/500] T-Acc:  54.8%  V-Acc:  55.5%  V-AUROC: 0.5905  LR: 1.00e-03
2026-08-03 12:58:30,019 | [FULL    ] | INFO | full_experiments_using.model_trainers.mobile_vit_trainer |   ↳ new best AUROC; saved checkpoint: /home/oem/choihyunsu/VOGBasedMCIDetection/outputs/checkpoints/run_20260803_091231_full_wvote_artifact30_strat_4err/fold_10_best.pth
2026-08-03 12:58:57,499 | [FULL    ] | INFO | full_experiments_using.model_trainers.mobile_vit_trainer | Ep [014/500] T-Acc:  57.1%  V-Acc:  54.8%  V-AUROC: 0.5980  LR: 1.00e-03
2026-08-03 12:58:57,698 | [FULL    ] | INFO | full_experiments_using.model_trainers.mobile_vit_trainer |   ↳ new best AUROC; saved checkpoint: /home/oem/choihyunsu/VOGBasedMCIDetection/outputs/checkpoints/run_20260803_091231_full_wvote_artifact30_strat_4err/fold_10_best.pth
2026-08-03 12:59:25,930 | [FULL    ] | INFO | full_experiments_using.model_trainers.mobile_vit_trainer | Ep [015/500] T-Acc:  56.0%  V-Acc:  56.7%  V-AUROC: 0.5973  LR: 1.00e-03
2026-08-03 12:59:53,946 | [FULL    ] | INFO | full_experiments_using.model_trainers.mobile_vit_trainer | Ep [016/500] T-Acc:  56.1%  V-Acc:  56.1%  V-AUROC: 0.5990  LR: 1.00e-03
2026-08-03 12:59:54,116 | [FULL    ] | INFO | full_experiments_using.model_trainers.mobile_vit_trainer |   ↳ new best AUROC; saved checkpoint: /home/oem/choihyunsu/VOGBasedMCIDetection/outputs/checkpoints/run_20260803_091231_full_wvote_artifact30_strat_4err/fold_10_best.pth
2026-08-03 13:00:22,023 | [FULL    ] | INFO | full_experiments_using.model_trainers.mobile_vit_trainer | Ep [017/500] T-Acc:  57.5%  V-Acc:  56.5%  V-AUROC: 0.5956  LR: 1.00e-03
2026-08-03 13:00:49,937 | [FULL    ] | INFO | full_experiments_using.model_trainers.mobile_vit_trainer | Ep [018/500] T-Acc:  56.7%  V-Acc:  56.2%  V-AUROC: 0.5962  LR: 1.00e-03
2026-08-03 13:01:18,114 | [FULL    ] | INFO | full_experiments_using.model_trainers.mobile_vit_trainer | Ep [019/500] T-Acc:  57.0%  V-Acc:  55.9%  V-AUROC: 0.5992  LR: 1.00e-03
2026-08-03 13:01:18,286 | [FULL    ] | INFO | full_experiments_using.model_trainers.mobile_vit_trainer |   ↳ new best AUROC; saved checkpoint: /home/oem/choihyunsu/VOGBasedMCIDetection/outputs/checkpoints/run_20260803_091231_full_wvote_artifact30_strat_4err/fold_10_best.pth
2026-08-03 13:01:46,464 | [FULL    ] | INFO | full_experiments_using.model_trainers.mobile_vit_trainer | Ep [020/500] T-Acc:  57.9%  V-Acc:  56.0%  V-AUROC: 0.6020  LR: 1.00e-03
2026-08-03 13:01:46,619 | [FULL    ] | INFO | full_experiments_using.model_trainers.mobile_vit_trainer |   ↳ new best AUROC; saved checkpoint: /home/oem/choihyunsu/VOGBasedMCIDetection/outputs/checkpoints/run_20260803_091231_full_wvote_artifact30_strat_4err/fold_10_best.pth
2026-08-03 13:02:14,590 | [FULL    ] | INFO | full_experiments_using.model_trainers.mobile_vit_trainer | Ep [021/500] T-Acc:  56.4%  V-Acc:  56.7%  V-AUROC: 0.6029  LR: 1.00e-03
2026-08-03 13:02:14,813 | [FULL    ] | INFO | full_experiments_using.model_trainers.mobile_vit_trainer |   ↳ new best AUROC; saved checkpoint: /home/oem/choihyunsu/VOGBasedMCIDetection/outputs/checkpoints/run_20260803_091231_full_wvote_artifact30_strat_4err/fold_10_best.pth
2026-08-03 13:02:43,036 | [FULL    ] | INFO | full_experiments_using.model_trainers.mobile_vit_trainer | Ep [022/500] T-Acc:  58.6%  V-Acc:  58.5%  V-AUROC: 0.6096  LR: 1.00e-03
2026-08-03 13:02:43,272 | [FULL    ] | INFO | full_experiments_using.model_trainers.mobile_vit_trainer |   ↳ new best AUROC; saved checkpoint: /home/oem/choihyunsu/VOGBasedMCIDetection/outputs/checkpoints/run_20260803_091231_full_wvote_artifact30_strat_4err/fold_10_best.pth
2026-08-03 13:03:11,339 | [FULL    ] | INFO | full_experiments_using.model_trainers.mobile_vit_trainer | Ep [023/500] T-Acc:  57.9%  V-Acc:  58.1%  V-AUROC: 0.6113  LR: 1.00e-03
2026-08-03 13:03:11,483 | [FULL    ] | INFO | full_experiments_using.model_trainers.mobile_vit_trainer |   ↳ new best AUROC; saved checkpoint: /home/oem/choihyunsu/VOGBasedMCIDetection/outputs/checkpoints/run_20260803_091231_full_wvote_artifact30_strat_4err/fold_10_best.pth
2026-08-03 13:03:39,580 | [FULL    ] | INFO | full_experiments_using.model_trainers.mobile_vit_trainer | Ep [024/500] T-Acc:  58.4%  V-Acc:  56.5%  V-AUROC: 0.5952  LR: 1.00e-03
2026-08-03 13:04:07,462 | [FULL    ] | INFO | full_experiments_using.model_trainers.mobile_vit_trainer | Ep [025/500] T-Acc:  58.6%  V-Acc:  56.6%  V-AUROC: 0.6047  LR: 1.00e-03
2026-08-03 13:04:35,665 | [FULL    ] | INFO | full_experiments_using.model_trainers.mobile_vit_trainer | Ep [026/500] T-Acc:  57.8%  V-Acc:  58.3%  V-AUROC: 0.6142  LR: 1.00e-03
2026-08-03 13:04:35,824 | [FULL    ] | INFO | full_experiments_using.model_trainers.mobile_vit_trainer |   ↳ new best AUROC; saved checkpoint: /home/oem/choihyunsu/VOGBasedMCIDetection/outputs/checkpoints/run_20260803_091231_full_wvote_artifact30_strat_4err/fold_10_best.pth
2026-08-03 13:05:03,963 | [FULL    ] | INFO | full_experiments_using.model_trainers.mobile_vit_trainer | Ep [027/500] T-Acc:  58.1%  V-Acc:  58.2%  V-AUROC: 0.6171  LR: 1.00e-03
2026-08-03 13:05:04,118 | [FULL    ] | INFO | full_experiments_using.model_trainers.mobile_vit_trainer |   ↳ new best AUROC; saved checkpoint: /home/oem/choihyunsu/VOGBasedMCIDetection/outputs/checkpoints/run_20260803_091231_full_wvote_artifact30_strat_4err/fold_10_best.pth
2026-08-03 13:05:32,328 | [FULL    ] | INFO | full_experiments_using.model_trainers.mobile_vit_trainer | Ep [028/500] T-Acc:  58.5%  V-Acc:  56.9%  V-AUROC: 0.6133  LR: 1.00e-03
2026-08-03 13:06:00,196 | [FULL    ] | INFO | full_experiments_using.model_trainers.mobile_vit_trainer | Ep [029/500] T-Acc:  59.5%  V-Acc:  58.2%  V-AUROC: 0.6220  LR: 1.00e-03
2026-08-03 13:06:00,353 | [FULL    ] | INFO | full_experiments_using.model_trainers.mobile_vit_trainer |   ↳ new best AUROC; saved checkpoint: /home/oem/choihyunsu/VOGBasedMCIDetection/outputs/checkpoints/run_20260803_091231_full_wvote_artifact30_strat_4err/fold_10_best.pth
2026-08-03 13:06:28,420 | [FULL    ] | INFO | full_experiments_using.model_trainers.mobile_vit_trainer | Ep [030/500] T-Acc:  58.4%  V-Acc:  56.7%  V-AUROC: 0.6197  LR: 1.00e-03
2026-08-03 13:06:56,503 | [FULL    ] | INFO | full_experiments_using.model_trainers.mobile_vit_trainer | Ep [031/500] T-Acc:  58.7%  V-Acc:  56.9%  V-AUROC: 0.6214  LR: 1.00e-03
2026-08-03 13:07:24,502 | [FULL    ] | INFO | full_experiments_using.model_trainers.mobile_vit_trainer | Ep [032/500] T-Acc:  59.7%  V-Acc:  57.1%  V-AUROC: 0.6145  LR: 1.00e-03
2026-08-03 13:07:52,795 | [FULL    ] | INFO | full_experiments_using.model_trainers.mobile_vit_trainer | Ep [033/500] T-Acc:  59.0%  V-Acc:  56.8%  V-AUROC: 0.6243  LR: 1.00e-03
2026-08-03 13:07:52,937 | [FULL    ] | INFO | full_experiments_using.model_trainers.mobile_vit_trainer |   ↳ new best AUROC; saved checkpoint: /home/oem/choihyunsu/VOGBasedMCIDetection/outputs/checkpoints/run_20260803_091231_full_wvote_artifact30_strat_4err/fold_10_best.pth
2026-08-03 13:08:21,206 | [FULL    ] | INFO | full_experiments_using.model_trainers.mobile_vit_trainer | Ep [034/500] T-Acc:  59.8%  V-Acc:  58.5%  V-AUROC: 0.6154  LR: 1.00e-03
2026-08-03 13:08:49,524 | [FULL    ] | INFO | full_experiments_using.model_trainers.mobile_vit_trainer | Ep [035/500] T-Acc:  59.0%  V-Acc:  56.2%  V-AUROC: 0.6152  LR: 1.00e-03
2026-08-03 13:09:17,706 | [FULL    ] | INFO | full_experiments_using.model_trainers.mobile_vit_trainer | Ep [036/500] T-Acc:  59.5%  V-Acc:  57.3%  V-AUROC: 0.6199  LR: 1.00e-03
2026-08-03 13:09:45,916 | [FULL    ] | INFO | full_experiments_using.model_trainers.mobile_vit_trainer | Ep [037/500] T-Acc:  59.2%  V-Acc:  57.4%  V-AUROC: 0.6133  LR: 1.00e-03
2026-08-03 13:10:14,189 | [FULL    ] | INFO | full_experiments_using.model_trainers.mobile_vit_trainer | Ep [038/500] T-Acc:  59.3%  V-Acc:  58.1%  V-AUROC: 0.6211  LR: 1.00e-03
2026-08-03 13:10:42,415 | [FULL    ] | INFO | full_experiments_using.model_trainers.mobile_vit_trainer | Ep [039/500] T-Acc:  59.3%  V-Acc:  57.9%  V-AUROC: 0.6159  LR: 1.00e-03
2026-08-03 13:11:10,818 | [FULL    ] | INFO | full_experiments_using.model_trainers.mobile_vit_trainer | Ep [040/500] T-Acc:  59.7%  V-Acc:  56.7%  V-AUROC: 0.6196  LR: 1.00e-03
2026-08-03 13:11:38,970 | [FULL    ] | INFO | full_experiments_using.model_trainers.mobile_vit_trainer | Ep [041/500] T-Acc:  60.3%  V-Acc:  57.4%  V-AUROC: 0.6158  LR: 1.00e-03
2026-08-03 13:12:06,925 | [FULL    ] | INFO | full_experiments_using.model_trainers.mobile_vit_trainer | Ep [042/500] T-Acc:  59.6%  V-Acc:  57.7%  V-AUROC: 0.6122  LR: 1.00e-03
2026-08-03 13:12:35,255 | [FULL    ] | INFO | full_experiments_using.model_trainers.mobile_vit_trainer | Ep [043/500] T-Acc:  60.1%  V-Acc:  57.9%  V-AUROC: 0.6096  LR: 1.00e-03
2026-08-03 13:13:03,474 | [FULL    ] | INFO | full_experiments_using.model_trainers.mobile_vit_trainer | Ep [044/500] T-Acc:  60.3%  V-Acc:  56.9%  V-AUROC: 0.6143  LR: 1.00e-03
2026-08-03 13:13:31,826 | [FULL    ] | INFO | full_experiments_using.model_trainers.mobile_vit_trainer | Ep [045/500] T-Acc:  60.8%  V-Acc:  56.7%  V-AUROC: 0.6141  LR: 2.00e-04
2026-08-03 13:14:00,194 | [FULL    ] | INFO | full_experiments_using.model_trainers.mobile_vit_trainer | Ep [046/500] T-Acc:  61.1%  V-Acc:  56.6%  V-AUROC: 0.6150  LR: 2.00e-04
2026-08-03 13:14:28,302 | [FULL    ] | INFO | full_experiments_using.model_trainers.mobile_vit_trainer | Ep [047/500] T-Acc:  60.8%  V-Acc:  56.8%  V-AUROC: 0.6175  LR: 2.00e-04
2026-08-03 13:14:56,604 | [FULL    ] | INFO | full_experiments_using.model_trainers.mobile_vit_trainer | Ep [048/500] T-Acc:  60.3%  V-Acc:  57.4%  V-AUROC: 0.6202  LR: 2.00e-04
2026-08-03 13:15:24,909 | [FULL    ] | INFO | full_experiments_using.model_trainers.mobile_vit_trainer | Ep [049/500] T-Acc:  60.8%  V-Acc:  56.5%  V-AUROC: 0.6200  LR: 2.00e-04
2026-08-03 13:15:52,775 | [FULL    ] | INFO | full_experiments_using.model_trainers.mobile_vit_trainer | Ep [050/500] T-Acc:  60.9%  V-Acc:  56.9%  V-AUROC: 0.6185  LR: 2.00e-04
2026-08-03 13:16:20,877 | [FULL    ] | INFO | full_experiments_using.model_trainers.mobile_vit_trainer | Ep [051/500] T-Acc:  60.5%  V-Acc:  57.2%  V-AUROC: 0.6193  LR: 2.00e-04
2026-08-03 13:16:48,915 | [FULL    ] | INFO | full_experiments_using.model_trainers.mobile_vit_trainer | Ep [052/500] T-Acc:  61.0%  V-Acc:  56.3%  V-AUROC: 0.6187  LR: 2.00e-04
2026-08-03 13:17:16,943 | [FULL    ] | INFO | full_experiments_using.model_trainers.mobile_vit_trainer | Ep [053/500] T-Acc:  60.9%  V-Acc:  56.9%  V-AUROC: 0.6203  LR: 2.00e-04
2026-08-03 13:17:45,138 | [FULL    ] | INFO | full_experiments_using.model_trainers.mobile_vit_trainer | Ep [054/500] T-Acc:  61.7%  V-Acc:  57.2%  V-AUROC: 0.6206  LR: 2.00e-04
2026-08-03 13:18:13,386 | [FULL    ] | INFO | full_experiments_using.model_trainers.mobile_vit_trainer | Ep [055/500] T-Acc:  61.5%  V-Acc:  57.1%  V-AUROC: 0.6218  LR: 2.00e-04
2026-08-03 13:18:41,483 | [FULL    ] | INFO | full_experiments_using.model_trainers.mobile_vit_trainer | Ep [056/500] T-Acc:  60.8%  V-Acc:  57.5%  V-AUROC: 0.6222  LR: 4.00e-05
2026-08-03 13:19:09,658 | [FULL    ] | INFO | full_experiments_using.model_trainers.mobile_vit_trainer | Ep [057/500] T-Acc:  61.9%  V-Acc:  56.6%  V-AUROC: 0.6205  LR: 4.00e-05
2026-08-03 13:19:37,940 | [FULL    ] | INFO | full_experiments_using.model_trainers.mobile_vit_trainer | Ep [058/500] T-Acc:  60.9%  V-Acc:  57.7%  V-AUROC: 0.6208  LR: 4.00e-05
2026-08-03 13:20:06,087 | [FULL    ] | INFO | full_experiments_using.model_trainers.mobile_vit_trainer | Ep [059/500] T-Acc:  62.3%  V-Acc:  56.9%  V-AUROC: 0.6210  LR: 4.00e-05
2026-08-03 13:20:34,208 | [FULL    ] | INFO | full_experiments_using.model_trainers.mobile_vit_trainer | Ep [060/500] T-Acc:  60.8%  V-Acc:  57.1%  V-AUROC: 0.6215  LR: 4.00e-05
2026-08-03 13:21:00,635 | [FULL    ] | INFO | full_experiments_using.model_trainers.mobile_vit_trainer | Ep [061/500] T-Acc:  61.9%  V-Acc:  57.0%  V-AUROC: 0.6214  LR: 4.00e-05
2026-08-03 13:21:27,802 | [FULL    ] | INFO | full_experiments_using.model_trainers.mobile_vit_trainer | Ep [062/500] T-Acc:  62.1%  V-Acc:  57.3%  V-AUROC: 0.6218  LR: 4.00e-05
2026-08-03 13:21:53,651 | [FULL    ] | INFO | full_experiments_using.model_trainers.mobile_vit_trainer | Ep [063/500] T-Acc:  61.3%  V-Acc:  56.9%  V-AUROC: 0.6212  LR: 4.00e-05
2026-08-03 13:21:53,652 | [FULL    ] | INFO | full_experiments_using.model_trainers.mobile_vit_trainer | Early stop — best AUROC 0.6243 at epoch 33 (no improvement for 30 epochs)
2026-08-03 13:21:53,652 | [FULL    ] | INFO | full_experiments_using.model_trainers.mobile_vit_trainer | Done. Best AUROC: 0.6243 (epoch 33) → /home/oem/choihyunsu/VOGBasedMCIDetection/outputs/checkpoints/run_20260803_091231_full_wvote_artifact30_strat_4err/fold_10_best.pth
2026-08-03 13:22:01,898 | [FULL    ] | INFO | full_experiments_using.evaluators.monte_carlo_evaluator | -> Fold 11 Result | Acc=1.000 Sens=1.000 Spec=1.000 AUROC=1.000
2026-08-03 13:22:01,905 | [FULL    ] | INFO | full_experiments_using.evaluators.monte_carlo_evaluator | === Fold 12/30 | train: 25 subj (HC=10 MCI=15) / 3812 win | test: 12 subj (HC=4 MCI=8) / 1903 win ===
2026-08-03 13:22:02,138 | [FULL    ] | INFO | httpx | HTTP Request: HEAD https://huggingface.co/apple/mobilevit-small/resolve/main/config.json "HTTP/1.1 307 Temporary Redirect"
2026-08-03 13:22:02,151 | [FULL    ] | INFO | httpx | HTTP Request: HEAD https://huggingface.co/api/resolve-cache/models/apple/mobilevit-small/6c8612545dc98676d27bc518fa521d9e9af23e34/config.json "HTTP/1.1 200 OK"
2026-08-03 13:22:02,554 | [FULL    ] | INFO | httpx | HTTP Request: HEAD https://huggingface.co/apple/mobilevit-small/resolve/main/model.safetensors "HTTP/1.1 404 Not Found"
2026-08-03 13:22:02,760 | [FULL    ] | INFO | httpx | HTTP Request: HEAD https://huggingface.co/apple/mobilevit-small/resolve/main/model.safetensors.index.json "HTTP/1.1 404 Not Found"
2026-08-03 13:22:02,977 | [FULL    ] | INFO | httpx | HTTP Request: HEAD https://huggingface.co/apple/mobilevit-small/resolve/main/pytorch_model.bin "HTTP/1.1 302 Found"
2026-08-03 13:22:03,198 | [FULL    ] | INFO | httpx | HTTP Request: HEAD https://huggingface.co/apple/mobilevit-small/resolve/main/model.safetensors "HTTP/1.1 404 Not Found"
2026-08-03 13:22:03,406 | [FULL    ] | INFO | httpx | HTTP Request: GET https://huggingface.co/api/models/apple/mobilevit-small "HTTP/1.1 200 OK"
2026-08-03 13:22:03,628 | [FULL    ] | INFO | httpx | HTTP Request: GET https://huggingface.co/api/models/apple/mobilevit-small/commits/main "HTTP/1.1 200 OK"
2026-08-03 13:22:03,836 | [FULL    ] | INFO | httpx | HTTP Request: GET https://huggingface.co/api/models/apple/mobilevit-small/discussions?p=0 "HTTP/1.1 200 OK"
2026-08-03 13:22:04,050 | [FULL    ] | INFO | httpx | HTTP Request: GET https://huggingface.co/api/models/apple/mobilevit-small/commits/refs%2Fpr%2F6 "HTTP/1.1 200 OK"
2026-08-03 13:22:04,266 | [FULL    ] | INFO | httpx | HTTP Request: HEAD https://huggingface.co/apple/mobilevit-small/resolve/refs%2Fpr%2F6/model.safetensors.index.json "HTTP/1.1 404 Not Found"
2026-08-03 13:22:04,514 | [FULL    ] | INFO | httpx | HTTP Request: HEAD https://huggingface.co/apple/mobilevit-small/resolve/refs%2Fpr%2F6/model.safetensors "HTTP/1.1 302 Found"
2026-08-03 13:22:04,525 | [FULL    ] | INFO | full_experiments_using.model_trainers.mobile_vit_trainer | Device: cuda | max_epochs=500 | batch=32 | eval_batch=256 | es_patience=30
2026-08-03 13:22:04,533 | [FULL    ] | INFO | full_experiments_using.model_trainers.mobile_vit_trainer | CE weights — HC: 1.084  MCI: 0.928
2026-08-03 13:22:45,400 | [FULL    ] | INFO | full_experiments_using.model_trainers.mobile_vit_trainer | Ep [001/500] T-Acc:  51.1%  V-Acc:  58.2%  V-AUROC: 0.5230  LR: 2.00e-04
2026-08-03 13:22:45,481 | [FULL    ] | INFO | full_experiments_using.model_trainers.mobile_vit_trainer |   ↳ new best AUROC; saved checkpoint: /home/oem/choihyunsu/VOGBasedMCIDetection/outputs/checkpoints/run_20260803_091231_full_wvote_artifact30_strat_4err/fold_11_best.pth
2026-08-03 13:23:13,765 | [FULL    ] | INFO | full_experiments_using.model_trainers.mobile_vit_trainer | Ep [002/500] T-Acc:  51.6%  V-Acc:  60.0%  V-AUROC: 0.5563  LR: 4.00e-04
2026-08-03 13:23:13,952 | [FULL    ] | INFO | full_experiments_using.model_trainers.mobile_vit_trainer |   ↳ new best AUROC; saved checkpoint: /home/oem/choihyunsu/VOGBasedMCIDetection/outputs/checkpoints/run_20260803_091231_full_wvote_artifact30_strat_4err/fold_11_best.pth
2026-08-03 13:23:41,965 | [FULL    ] | INFO | full_experiments_using.model_trainers.mobile_vit_trainer | Ep [003/500] T-Acc:  50.5%  V-Acc:  58.7%  V-AUROC: 0.5479  LR: 6.00e-04
2026-08-03 13:24:09,885 | [FULL    ] | INFO | full_experiments_using.model_trainers.mobile_vit_trainer | Ep [004/500] T-Acc:  52.2%  V-Acc:  56.9%  V-AUROC: 0.5469  LR: 8.00e-04
2026-08-03 13:24:37,732 | [FULL    ] | INFO | full_experiments_using.model_trainers.mobile_vit_trainer | Ep [005/500] T-Acc:  52.6%  V-Acc:  54.5%  V-AUROC: 0.5116  LR: 1.00e-03
2026-08-03 13:25:05,796 | [FULL    ] | INFO | full_experiments_using.model_trainers.mobile_vit_trainer | Ep [006/500] T-Acc:  52.0%  V-Acc:  58.1%  V-AUROC: 0.5492  LR: 1.00e-03
2026-08-03 13:25:33,866 | [FULL    ] | INFO | full_experiments_using.model_trainers.mobile_vit_trainer | Ep [007/500] T-Acc:  53.7%  V-Acc:  54.1%  V-AUROC: 0.5474  LR: 1.00e-03
2026-08-03 13:26:01,782 | [FULL    ] | INFO | full_experiments_using.model_trainers.mobile_vit_trainer | Ep [008/500] T-Acc:  51.9%  V-Acc:  55.0%  V-AUROC: 0.5575  LR: 1.00e-03
2026-08-03 13:26:01,904 | [FULL    ] | INFO | full_experiments_using.model_trainers.mobile_vit_trainer |   ↳ new best AUROC; saved checkpoint: /home/oem/choihyunsu/VOGBasedMCIDetection/outputs/checkpoints/run_20260803_091231_full_wvote_artifact30_strat_4err/fold_11_best.pth
2026-08-03 13:26:30,029 | [FULL    ] | INFO | full_experiments_using.model_trainers.mobile_vit_trainer | Ep [009/500] T-Acc:  55.2%  V-Acc:  54.9%  V-AUROC: 0.5364  LR: 1.00e-03
2026-08-03 13:26:57,876 | [FULL    ] | INFO | full_experiments_using.model_trainers.mobile_vit_trainer | Ep [010/500] T-Acc:  53.3%  V-Acc:  53.0%  V-AUROC: 0.5234  LR: 1.00e-03
2026-08-03 13:27:24,531 | [FULL    ] | INFO | full_experiments_using.model_trainers.mobile_vit_trainer | Ep [011/500] T-Acc:  54.1%  V-Acc:  55.0%  V-AUROC: 0.5660  LR: 1.00e-03
2026-08-03 13:27:24,661 | [FULL    ] | INFO | full_experiments_using.model_trainers.mobile_vit_trainer |   ↳ new best AUROC; saved checkpoint: /home/oem/choihyunsu/VOGBasedMCIDetection/outputs/checkpoints/run_20260803_091231_full_wvote_artifact30_strat_4err/fold_11_best.pth
2026-08-03 13:27:50,789 | [FULL    ] | INFO | full_experiments_using.model_trainers.mobile_vit_trainer | Ep [012/500] T-Acc:  55.0%  V-Acc:  54.8%  V-AUROC: 0.5773  LR: 1.00e-03
2026-08-03 13:27:50,928 | [FULL    ] | INFO | full_experiments_using.model_trainers.mobile_vit_trainer |   ↳ new best AUROC; saved checkpoint: /home/oem/choihyunsu/VOGBasedMCIDetection/outputs/checkpoints/run_20260803_091231_full_wvote_artifact30_strat_4err/fold_11_best.pth
2026-08-03 13:28:18,903 | [FULL    ] | INFO | full_experiments_using.model_trainers.mobile_vit_trainer | Ep [013/500] T-Acc:  53.8%  V-Acc:  55.2%  V-AUROC: 0.5590  LR: 1.00e-03
2026-08-03 13:28:46,858 | [FULL    ] | INFO | full_experiments_using.model_trainers.mobile_vit_trainer | Ep [014/500] T-Acc:  55.3%  V-Acc:  55.1%  V-AUROC: 0.5745  LR: 1.00e-03
2026-08-03 13:29:14,913 | [FULL    ] | INFO | full_experiments_using.model_trainers.mobile_vit_trainer | Ep [015/500] T-Acc:  54.3%  V-Acc:  56.4%  V-AUROC: 0.5819  LR: 1.00e-03
2026-08-03 13:29:15,104 | [FULL    ] | INFO | full_experiments_using.model_trainers.mobile_vit_trainer |   ↳ new best AUROC; saved checkpoint: /home/oem/choihyunsu/VOGBasedMCIDetection/outputs/checkpoints/run_20260803_091231_full_wvote_artifact30_strat_4err/fold_11_best.pth
2026-08-03 13:29:43,235 | [FULL    ] | INFO | full_experiments_using.model_trainers.mobile_vit_trainer | Ep [016/500] T-Acc:  56.3%  V-Acc:  56.7%  V-AUROC: 0.5778  LR: 1.00e-03
2026-08-03 13:30:11,127 | [FULL    ] | INFO | full_experiments_using.model_trainers.mobile_vit_trainer | Ep [017/500] T-Acc:  55.4%  V-Acc:  54.0%  V-AUROC: 0.5656  LR: 1.00e-03
2026-08-03 13:30:39,094 | [FULL    ] | INFO | full_experiments_using.model_trainers.mobile_vit_trainer | Ep [018/500] T-Acc:  55.5%  V-Acc:  55.7%  V-AUROC: 0.5807  LR: 1.00e-03
2026-08-03 13:31:07,248 | [FULL    ] | INFO | full_experiments_using.model_trainers.mobile_vit_trainer | Ep [019/500] T-Acc:  57.4%  V-Acc:  56.1%  V-AUROC: 0.5633  LR: 1.00e-03
2026-08-03 13:31:35,265 | [FULL    ] | INFO | full_experiments_using.model_trainers.mobile_vit_trainer | Ep [020/500] T-Acc:  56.9%  V-Acc:  58.3%  V-AUROC: 0.5844  LR: 1.00e-03
2026-08-03 13:31:35,373 | [FULL    ] | INFO | full_experiments_using.model_trainers.mobile_vit_trainer |   ↳ new best AUROC; saved checkpoint: /home/oem/choihyunsu/VOGBasedMCIDetection/outputs/checkpoints/run_20260803_091231_full_wvote_artifact30_strat_4err/fold_11_best.pth
2026-08-03 13:32:03,344 | [FULL    ] | INFO | full_experiments_using.model_trainers.mobile_vit_trainer | Ep [021/500] T-Acc:  56.7%  V-Acc:  59.7%  V-AUROC: 0.5946  LR: 1.00e-03
2026-08-03 13:32:03,590 | [FULL    ] | INFO | full_experiments_using.model_trainers.mobile_vit_trainer |   ↳ new best AUROC; saved checkpoint: /home/oem/choihyunsu/VOGBasedMCIDetection/outputs/checkpoints/run_20260803_091231_full_wvote_artifact30_strat_4err/fold_11_best.pth
2026-08-03 13:32:31,687 | [FULL    ] | INFO | full_experiments_using.model_trainers.mobile_vit_trainer | Ep [022/500] T-Acc:  56.2%  V-Acc:  57.2%  V-AUROC: 0.5864  LR: 1.00e-03
2026-08-03 13:32:59,956 | [FULL    ] | INFO | full_experiments_using.model_trainers.mobile_vit_trainer | Ep [023/500] T-Acc:  55.3%  V-Acc:  54.8%  V-AUROC: 0.5630  LR: 1.00e-03
2026-08-03 13:33:28,107 | [FULL    ] | INFO | full_experiments_using.model_trainers.mobile_vit_trainer | Ep [024/500] T-Acc:  58.0%  V-Acc:  56.7%  V-AUROC: 0.5777  LR: 1.00e-03
2026-08-03 13:33:56,206 | [FULL    ] | INFO | full_experiments_using.model_trainers.mobile_vit_trainer | Ep [025/500] T-Acc:  58.4%  V-Acc:  54.9%  V-AUROC: 0.5830  LR: 1.00e-03
2026-08-03 13:34:24,324 | [FULL    ] | INFO | full_experiments_using.model_trainers.mobile_vit_trainer | Ep [026/500] T-Acc:  59.0%  V-Acc:  55.8%  V-AUROC: 0.5797  LR: 1.00e-03
2026-08-03 13:34:52,461 | [FULL    ] | INFO | full_experiments_using.model_trainers.mobile_vit_trainer | Ep [027/500] T-Acc:  56.9%  V-Acc:  55.7%  V-AUROC: 0.5884  LR: 1.00e-03
2026-08-03 13:35:20,629 | [FULL    ] | INFO | full_experiments_using.model_trainers.mobile_vit_trainer | Ep [028/500] T-Acc:  57.2%  V-Acc:  54.7%  V-AUROC: 0.5726  LR: 1.00e-03
2026-08-03 13:35:48,530 | [FULL    ] | INFO | full_experiments_using.model_trainers.mobile_vit_trainer | Ep [029/500] T-Acc:  58.4%  V-Acc:  55.0%  V-AUROC: 0.5810  LR: 1.00e-03
2026-08-03 13:36:16,743 | [FULL    ] | INFO | full_experiments_using.model_trainers.mobile_vit_trainer | Ep [030/500] T-Acc:  57.8%  V-Acc:  55.2%  V-AUROC: 0.5696  LR: 1.00e-03
2026-08-03 13:36:44,752 | [FULL    ] | INFO | full_experiments_using.model_trainers.mobile_vit_trainer | Ep [031/500] T-Acc:  57.1%  V-Acc:  56.0%  V-AUROC: 0.5937  LR: 1.00e-03
2026-08-03 13:37:12,795 | [FULL    ] | INFO | full_experiments_using.model_trainers.mobile_vit_trainer | Ep [032/500] T-Acc:  57.9%  V-Acc:  56.9%  V-AUROC: 0.5726  LR: 1.00e-03
2026-08-03 13:37:40,719 | [FULL    ] | INFO | full_experiments_using.model_trainers.mobile_vit_trainer | Ep [033/500] T-Acc:  56.9%  V-Acc:  57.3%  V-AUROC: 0.5850  LR: 2.00e-04
2026-08-03 13:38:08,812 | [FULL    ] | INFO | full_experiments_using.model_trainers.mobile_vit_trainer | Ep [034/500] T-Acc:  59.0%  V-Acc:  56.7%  V-AUROC: 0.5866  LR: 2.00e-04
2026-08-03 13:38:36,711 | [FULL    ] | INFO | full_experiments_using.model_trainers.mobile_vit_trainer | Ep [035/500] T-Acc:  58.9%  V-Acc:  55.9%  V-AUROC: 0.5834  LR: 2.00e-04
2026-08-03 13:39:04,839 | [FULL    ] | INFO | full_experiments_using.model_trainers.mobile_vit_trainer | Ep [036/500] T-Acc:  57.9%  V-Acc:  56.9%  V-AUROC: 0.5807  LR: 2.00e-04
2026-08-03 13:39:32,704 | [FULL    ] | INFO | full_experiments_using.model_trainers.mobile_vit_trainer | Ep [037/500] T-Acc:  59.2%  V-Acc:  57.1%  V-AUROC: 0.5820  LR: 2.00e-04
2026-08-03 13:40:00,831 | [FULL    ] | INFO | full_experiments_using.model_trainers.mobile_vit_trainer | Ep [038/500] T-Acc:  58.2%  V-Acc:  57.2%  V-AUROC: 0.5866  LR: 2.00e-04
2026-08-03 13:40:28,852 | [FULL    ] | INFO | full_experiments_using.model_trainers.mobile_vit_trainer | Ep [039/500] T-Acc:  58.4%  V-Acc:  56.2%  V-AUROC: 0.5795  LR: 2.00e-04
2026-08-03 13:40:57,088 | [FULL    ] | INFO | full_experiments_using.model_trainers.mobile_vit_trainer | Ep [040/500] T-Acc:  58.9%  V-Acc:  56.8%  V-AUROC: 0.5810  LR: 2.00e-04
2026-08-03 13:41:25,180 | [FULL    ] | INFO | full_experiments_using.model_trainers.mobile_vit_trainer | Ep [041/500] T-Acc:  57.6%  V-Acc:  56.1%  V-AUROC: 0.5767  LR: 2.00e-04
2026-08-03 13:41:53,171 | [FULL    ] | INFO | full_experiments_using.model_trainers.mobile_vit_trainer | Ep [042/500] T-Acc:  58.0%  V-Acc:  56.4%  V-AUROC: 0.5819  LR: 2.00e-04
2026-08-03 13:42:21,234 | [FULL    ] | INFO | full_experiments_using.model_trainers.mobile_vit_trainer | Ep [043/500] T-Acc:  57.9%  V-Acc:  56.3%  V-AUROC: 0.5785  LR: 2.00e-04
2026-08-03 13:42:49,226 | [FULL    ] | INFO | full_experiments_using.model_trainers.mobile_vit_trainer | Ep [044/500] T-Acc:  57.9%  V-Acc:  56.5%  V-AUROC: 0.5819  LR: 4.00e-05
2026-08-03 13:43:17,426 | [FULL    ] | INFO | full_experiments_using.model_trainers.mobile_vit_trainer | Ep [045/500] T-Acc:  58.7%  V-Acc:  56.1%  V-AUROC: 0.5816  LR: 4.00e-05
2026-08-03 13:43:45,484 | [FULL    ] | INFO | full_experiments_using.model_trainers.mobile_vit_trainer | Ep [046/500] T-Acc:  58.7%  V-Acc:  56.7%  V-AUROC: 0.5838  LR: 4.00e-05
2026-08-03 13:44:13,664 | [FULL    ] | INFO | full_experiments_using.model_trainers.mobile_vit_trainer | Ep [047/500] T-Acc:  59.0%  V-Acc:  55.9%  V-AUROC: 0.5818  LR: 4.00e-05
2026-08-03 13:44:41,894 | [FULL    ] | INFO | full_experiments_using.model_trainers.mobile_vit_trainer | Ep [048/500] T-Acc:  59.9%  V-Acc:  56.3%  V-AUROC: 0.5824  LR: 4.00e-05
2026-08-03 13:45:10,310 | [FULL    ] | INFO | full_experiments_using.model_trainers.mobile_vit_trainer | Ep [049/500] T-Acc:  58.5%  V-Acc:  56.0%  V-AUROC: 0.5810  LR: 4.00e-05
2026-08-03 13:45:38,435 | [FULL    ] | INFO | full_experiments_using.model_trainers.mobile_vit_trainer | Ep [050/500] T-Acc:  58.4%  V-Acc:  56.1%  V-AUROC: 0.5803  LR: 4.00e-05
2026-08-03 13:46:04,581 | [FULL    ] | INFO | full_experiments_using.model_trainers.mobile_vit_trainer | Ep [051/500] T-Acc:  59.3%  V-Acc:  56.2%  V-AUROC: 0.5835  LR: 4.00e-05
2026-08-03 13:46:04,581 | [FULL    ] | INFO | full_experiments_using.model_trainers.mobile_vit_trainer | Early stop — best AUROC 0.5946 at epoch 21 (no improvement for 30 epochs)
2026-08-03 13:46:04,581 | [FULL    ] | INFO | full_experiments_using.model_trainers.mobile_vit_trainer | Done. Best AUROC: 0.5946 (epoch 21) → /home/oem/choihyunsu/VOGBasedMCIDetection/outputs/checkpoints/run_20260803_091231_full_wvote_artifact30_strat_4err/fold_11_best.pth
2026-08-03 13:46:14,051 | [FULL    ] | INFO | full_experiments_using.evaluators.monte_carlo_evaluator | -> Fold 12 Result | Acc=0.818 Sens=1.000 Spec=0.500 AUROC=0.929
2026-08-03 13:46:14,058 | [FULL    ] | INFO | full_experiments_using.evaluators.monte_carlo_evaluator | === Fold 13/30 | train: 25 subj (HC=10 MCI=15) / 3806 win | test: 12 subj (HC=4 MCI=8) / 1909 win ===
2026-08-03 13:46:14,292 | [FULL    ] | INFO | httpx | HTTP Request: HEAD https://huggingface.co/apple/mobilevit-small/resolve/main/config.json "HTTP/1.1 307 Temporary Redirect"
2026-08-03 13:46:14,320 | [FULL    ] | INFO | httpx | HTTP Request: HEAD https://huggingface.co/api/resolve-cache/models/apple/mobilevit-small/6c8612545dc98676d27bc518fa521d9e9af23e34/config.json "HTTP/1.1 200 OK"
2026-08-03 13:46:14,566 | [FULL    ] | INFO | httpx | HTTP Request: HEAD https://huggingface.co/apple/mobilevit-small/resolve/main/model.safetensors "HTTP/1.1 404 Not Found"
2026-08-03 13:46:14,772 | [FULL    ] | INFO | httpx | HTTP Request: HEAD https://huggingface.co/apple/mobilevit-small/resolve/main/model.safetensors.index.json "HTTP/1.1 404 Not Found"
2026-08-03 13:46:14,977 | [FULL    ] | INFO | httpx | HTTP Request: HEAD https://huggingface.co/apple/mobilevit-small/resolve/main/pytorch_model.bin "HTTP/1.1 302 Found"
2026-08-03 13:46:15,183 | [FULL    ] | INFO | httpx | HTTP Request: HEAD https://huggingface.co/apple/mobilevit-small/resolve/main/model.safetensors "HTTP/1.1 404 Not Found"
2026-08-03 13:46:15,441 | [FULL    ] | INFO | httpx | HTTP Request: GET https://huggingface.co/api/models/apple/mobilevit-small "HTTP/1.1 200 OK"
2026-08-03 13:46:15,664 | [FULL    ] | INFO | httpx | HTTP Request: GET https://huggingface.co/api/models/apple/mobilevit-small/commits/main "HTTP/1.1 200 OK"
2026-08-03 13:46:15,888 | [FULL    ] | INFO | httpx | HTTP Request: GET https://huggingface.co/api/models/apple/mobilevit-small/discussions?p=0 "HTTP/1.1 200 OK"
2026-08-03 13:46:16,111 | [FULL    ] | INFO | httpx | HTTP Request: GET https://huggingface.co/api/models/apple/mobilevit-small/commits/refs%2Fpr%2F6 "HTTP/1.1 200 OK"
2026-08-03 13:46:16,327 | [FULL    ] | INFO | httpx | HTTP Request: HEAD https://huggingface.co/apple/mobilevit-small/resolve/refs%2Fpr%2F6/model.safetensors.index.json "HTTP/1.1 404 Not Found"
2026-08-03 13:46:16,536 | [FULL    ] | INFO | httpx | HTTP Request: HEAD https://huggingface.co/apple/mobilevit-small/resolve/refs%2Fpr%2F6/model.safetensors "HTTP/1.1 302 Found"
2026-08-03 13:46:17,174 | [FULL    ] | INFO | full_experiments_using.model_trainers.mobile_vit_trainer | Device: cuda | max_epochs=500 | batch=32 | eval_batch=256 | es_patience=30
2026-08-03 13:46:17,181 | [FULL    ] | INFO | full_experiments_using.model_trainers.mobile_vit_trainer | CE weights — HC: 1.079  MCI: 0.932
2026-08-03 13:46:57,569 | [FULL    ] | INFO | full_experiments_using.model_trainers.mobile_vit_trainer | Ep [001/500] T-Acc:  52.5%  V-Acc:  52.5%  V-AUROC: 0.4986  LR: 2.00e-04
2026-08-03 13:46:57,630 | [FULL    ] | INFO | full_experiments_using.model_trainers.mobile_vit_trainer |   ↳ new best AUROC; saved checkpoint: /home/oem/choihyunsu/VOGBasedMCIDetection/outputs/checkpoints/run_20260803_091231_full_wvote_artifact30_strat_4err/fold_12_best.pth
2026-08-03 13:47:25,346 | [FULL    ] | INFO | full_experiments_using.model_trainers.mobile_vit_trainer | Ep [002/500] T-Acc:  53.6%  V-Acc:  50.7%  V-AUROC: 0.4871  LR: 4.00e-04
2026-08-03 13:47:53,128 | [FULL    ] | INFO | full_experiments_using.model_trainers.mobile_vit_trainer | Ep [003/500] T-Acc:  53.8%  V-Acc:  53.6%  V-AUROC: 0.5107  LR: 6.00e-04
2026-08-03 13:47:53,248 | [FULL    ] | INFO | full_experiments_using.model_trainers.mobile_vit_trainer |   ↳ new best AUROC; saved checkpoint: /home/oem/choihyunsu/VOGBasedMCIDetection/outputs/checkpoints/run_20260803_091231_full_wvote_artifact30_strat_4err/fold_12_best.pth
2026-08-03 13:48:21,001 | [FULL    ] | INFO | full_experiments_using.model_trainers.mobile_vit_trainer | Ep [004/500] T-Acc:  54.1%  V-Acc:  51.7%  V-AUROC: 0.4956  LR: 8.00e-04
2026-08-03 13:48:48,931 | [FULL    ] | INFO | full_experiments_using.model_trainers.mobile_vit_trainer | Ep [005/500] T-Acc:  53.9%  V-Acc:  50.6%  V-AUROC: 0.5164  LR: 1.00e-03
2026-08-03 13:48:49,097 | [FULL    ] | INFO | full_experiments_using.model_trainers.mobile_vit_trainer |   ↳ new best AUROC; saved checkpoint: /home/oem/choihyunsu/VOGBasedMCIDetection/outputs/checkpoints/run_20260803_091231_full_wvote_artifact30_strat_4err/fold_12_best.pth
2026-08-03 13:49:16,858 | [FULL    ] | INFO | full_experiments_using.model_trainers.mobile_vit_trainer | Ep [006/500] T-Acc:  54.8%  V-Acc:  54.2%  V-AUROC: 0.5278  LR: 1.00e-03
2026-08-03 13:49:16,978 | [FULL    ] | INFO | full_experiments_using.model_trainers.mobile_vit_trainer |   ↳ new best AUROC; saved checkpoint: /home/oem/choihyunsu/VOGBasedMCIDetection/outputs/checkpoints/run_20260803_091231_full_wvote_artifact30_strat_4err/fold_12_best.pth
2026-08-03 13:49:44,743 | [FULL    ] | INFO | full_experiments_using.model_trainers.mobile_vit_trainer | Ep [007/500] T-Acc:  54.8%  V-Acc:  49.0%  V-AUROC: 0.5092  LR: 1.00e-03
2026-08-03 13:50:12,588 | [FULL    ] | INFO | full_experiments_using.model_trainers.mobile_vit_trainer | Ep [008/500] T-Acc:  56.7%  V-Acc:  52.2%  V-AUROC: 0.5214  LR: 1.00e-03
2026-08-03 13:50:40,327 | [FULL    ] | INFO | full_experiments_using.model_trainers.mobile_vit_trainer | Ep [009/500] T-Acc:  56.3%  V-Acc:  50.7%  V-AUROC: 0.5316  LR: 1.00e-03
2026-08-03 13:50:40,524 | [FULL    ] | INFO | full_experiments_using.model_trainers.mobile_vit_trainer |   ↳ new best AUROC; saved checkpoint: /home/oem/choihyunsu/VOGBasedMCIDetection/outputs/checkpoints/run_20260803_091231_full_wvote_artifact30_strat_4err/fold_12_best.pth
2026-08-03 13:51:08,432 | [FULL    ] | INFO | full_experiments_using.model_trainers.mobile_vit_trainer | Ep [010/500] T-Acc:  56.5%  V-Acc:  51.3%  V-AUROC: 0.5229  LR: 1.00e-03
2026-08-03 13:51:36,478 | [FULL    ] | INFO | full_experiments_using.model_trainers.mobile_vit_trainer | Ep [011/500] T-Acc:  56.9%  V-Acc:  53.0%  V-AUROC: 0.5483  LR: 1.00e-03
2026-08-03 13:51:36,630 | [FULL    ] | INFO | full_experiments_using.model_trainers.mobile_vit_trainer |   ↳ new best AUROC; saved checkpoint: /home/oem/choihyunsu/VOGBasedMCIDetection/outputs/checkpoints/run_20260803_091231_full_wvote_artifact30_strat_4err/fold_12_best.pth
2026-08-03 13:52:04,630 | [FULL    ] | INFO | full_experiments_using.model_trainers.mobile_vit_trainer | Ep [012/500] T-Acc:  57.5%  V-Acc:  52.6%  V-AUROC: 0.5405  LR: 1.00e-03
2026-08-03 13:52:32,688 | [FULL    ] | INFO | full_experiments_using.model_trainers.mobile_vit_trainer | Ep [013/500] T-Acc:  58.6%  V-Acc:  50.9%  V-AUROC: 0.5440  LR: 1.00e-03
2026-08-03 13:53:00,631 | [FULL    ] | INFO | full_experiments_using.model_trainers.mobile_vit_trainer | Ep [014/500] T-Acc:  58.9%  V-Acc:  50.7%  V-AUROC: 0.5312  LR: 1.00e-03
2026-08-03 13:53:28,498 | [FULL    ] | INFO | full_experiments_using.model_trainers.mobile_vit_trainer | Ep [015/500] T-Acc:  60.2%  V-Acc:  52.0%  V-AUROC: 0.5393  LR: 1.00e-03
2026-08-03 13:53:56,340 | [FULL    ] | INFO | full_experiments_using.model_trainers.mobile_vit_trainer | Ep [016/500] T-Acc:  57.5%  V-Acc:  51.3%  V-AUROC: 0.5289  LR: 1.00e-03
2026-08-03 13:54:24,207 | [FULL    ] | INFO | full_experiments_using.model_trainers.mobile_vit_trainer | Ep [017/500] T-Acc:  58.7%  V-Acc:  50.6%  V-AUROC: 0.5367  LR: 1.00e-03
2026-08-03 13:54:52,215 | [FULL    ] | INFO | full_experiments_using.model_trainers.mobile_vit_trainer | Ep [018/500] T-Acc:  60.2%  V-Acc:  50.2%  V-AUROC: 0.5204  LR: 1.00e-03
2026-08-03 13:55:20,211 | [FULL    ] | INFO | full_experiments_using.model_trainers.mobile_vit_trainer | Ep [019/500] T-Acc:  59.4%  V-Acc:  52.0%  V-AUROC: 0.5473  LR: 1.00e-03
2026-08-03 13:55:48,182 | [FULL    ] | INFO | full_experiments_using.model_trainers.mobile_vit_trainer | Ep [020/500] T-Acc:  59.7%  V-Acc:  52.2%  V-AUROC: 0.5300  LR: 1.00e-03
2026-08-03 13:56:16,059 | [FULL    ] | INFO | full_experiments_using.model_trainers.mobile_vit_trainer | Ep [021/500] T-Acc:  59.4%  V-Acc:  51.4%  V-AUROC: 0.5369  LR: 1.00e-03
2026-08-03 13:56:43,933 | [FULL    ] | INFO | full_experiments_using.model_trainers.mobile_vit_trainer | Ep [022/500] T-Acc:  59.7%  V-Acc:  51.1%  V-AUROC: 0.5436  LR: 1.00e-03
2026-08-03 13:57:11,776 | [FULL    ] | INFO | full_experiments_using.model_trainers.mobile_vit_trainer | Ep [023/500] T-Acc:  61.8%  V-Acc:  51.5%  V-AUROC: 0.5355  LR: 2.00e-04
2026-08-03 13:57:39,542 | [FULL    ] | INFO | full_experiments_using.model_trainers.mobile_vit_trainer | Ep [024/500] T-Acc:  60.5%  V-Acc:  51.6%  V-AUROC: 0.5374  LR: 2.00e-04
2026-08-03 13:58:07,520 | [FULL    ] | INFO | full_experiments_using.model_trainers.mobile_vit_trainer | Ep [025/500] T-Acc:  59.7%  V-Acc:  51.4%  V-AUROC: 0.5398  LR: 2.00e-04
2026-08-03 13:58:35,518 | [FULL    ] | INFO | full_experiments_using.model_trainers.mobile_vit_trainer | Ep [026/500] T-Acc:  60.6%  V-Acc:  51.5%  V-AUROC: 0.5391  LR: 2.00e-04
2026-08-03 13:59:03,428 | [FULL    ] | INFO | full_experiments_using.model_trainers.mobile_vit_trainer | Ep [027/500] T-Acc:  60.4%  V-Acc:  51.9%  V-AUROC: 0.5440  LR: 2.00e-04
2026-08-03 13:59:31,586 | [FULL    ] | INFO | full_experiments_using.model_trainers.mobile_vit_trainer | Ep [028/500] T-Acc:  60.8%  V-Acc:  51.9%  V-AUROC: 0.5441  LR: 2.00e-04
2026-08-03 13:59:59,460 | [FULL    ] | INFO | full_experiments_using.model_trainers.mobile_vit_trainer | Ep [029/500] T-Acc:  60.3%  V-Acc:  52.2%  V-AUROC: 0.5445  LR: 2.00e-04
2026-08-03 14:00:27,211 | [FULL    ] | INFO | full_experiments_using.model_trainers.mobile_vit_trainer | Ep [030/500] T-Acc:  59.9%  V-Acc:  49.8%  V-AUROC: 0.5406  LR: 2.00e-04
2026-08-03 14:00:55,041 | [FULL    ] | INFO | full_experiments_using.model_trainers.mobile_vit_trainer | Ep [031/500] T-Acc:  59.6%  V-Acc:  51.3%  V-AUROC: 0.5440  LR: 2.00e-04
2026-08-03 14:01:22,873 | [FULL    ] | INFO | full_experiments_using.model_trainers.mobile_vit_trainer | Ep [032/500] T-Acc:  60.9%  V-Acc:  50.8%  V-AUROC: 0.5415  LR: 2.00e-04
2026-08-03 14:01:50,618 | [FULL    ] | INFO | full_experiments_using.model_trainers.mobile_vit_trainer | Ep [033/500] T-Acc:  61.3%  V-Acc:  51.7%  V-AUROC: 0.5416  LR: 2.00e-04
2026-08-03 14:02:18,374 | [FULL    ] | INFO | full_experiments_using.model_trainers.mobile_vit_trainer | Ep [034/500] T-Acc:  61.3%  V-Acc:  50.9%  V-AUROC: 0.5421  LR: 4.00e-05
2026-08-03 14:02:45,983 | [FULL    ] | INFO | full_experiments_using.model_trainers.mobile_vit_trainer | Ep [035/500] T-Acc:  60.6%  V-Acc:  51.8%  V-AUROC: 0.5414  LR: 4.00e-05
2026-08-03 14:03:14,233 | [FULL    ] | INFO | full_experiments_using.model_trainers.mobile_vit_trainer | Ep [036/500] T-Acc:  60.0%  V-Acc:  51.5%  V-AUROC: 0.5413  LR: 4.00e-05
2026-08-03 14:03:42,425 | [FULL    ] | INFO | full_experiments_using.model_trainers.mobile_vit_trainer | Ep [037/500] T-Acc:  60.6%  V-Acc:  51.2%  V-AUROC: 0.5411  LR: 4.00e-05
2026-08-03 14:04:10,230 | [FULL    ] | INFO | full_experiments_using.model_trainers.mobile_vit_trainer | Ep [038/500] T-Acc:  61.2%  V-Acc:  51.4%  V-AUROC: 0.5412  LR: 4.00e-05
2026-08-03 14:04:36,904 | [FULL    ] | INFO | full_experiments_using.model_trainers.mobile_vit_trainer | Ep [039/500] T-Acc:  60.9%  V-Acc:  50.8%  V-AUROC: 0.5415  LR: 4.00e-05
2026-08-03 14:05:04,341 | [FULL    ] | INFO | full_experiments_using.model_trainers.mobile_vit_trainer | Ep [040/500] T-Acc:  60.6%  V-Acc:  51.8%  V-AUROC: 0.5423  LR: 4.00e-05
2026-08-03 14:05:28,550 | [FULL    ] | INFO | full_experiments_using.model_trainers.mobile_vit_trainer | Ep [041/500] T-Acc:  60.0%  V-Acc:  51.8%  V-AUROC: 0.5447  LR: 4.00e-05
2026-08-03 14:05:28,551 | [FULL    ] | INFO | full_experiments_using.model_trainers.mobile_vit_trainer | Early stop — best AUROC 0.5483 at epoch 11 (no improvement for 30 epochs)
2026-08-03 14:05:28,551 | [FULL    ] | INFO | full_experiments_using.model_trainers.mobile_vit_trainer | Done. Best AUROC: 0.5483 (epoch 11) → /home/oem/choihyunsu/VOGBasedMCIDetection/outputs/checkpoints/run_20260803_091231_full_wvote_artifact30_strat_4err/fold_12_best.pth
2026-08-03 14:05:37,807 | [FULL    ] | INFO | full_experiments_using.evaluators.monte_carlo_evaluator | -> Fold 13 Result | Acc=0.727 Sens=1.000 Spec=0.250 AUROC=0.786
2026-08-03 14:05:37,814 | [FULL    ] | INFO | full_experiments_using.evaluators.monte_carlo_evaluator | === Fold 14/30 | train: 25 subj (HC=10 MCI=15) / 3989 win | test: 12 subj (HC=4 MCI=8) / 1726 win ===
2026-08-03 14:05:38,044 | [FULL    ] | INFO | httpx | HTTP Request: HEAD https://huggingface.co/apple/mobilevit-small/resolve/main/config.json "HTTP/1.1 307 Temporary Redirect"
2026-08-03 14:05:38,060 | [FULL    ] | INFO | httpx | HTTP Request: HEAD https://huggingface.co/api/resolve-cache/models/apple/mobilevit-small/6c8612545dc98676d27bc518fa521d9e9af23e34/config.json "HTTP/1.1 200 OK"
2026-08-03 14:05:38,308 | [FULL    ] | INFO | httpx | HTTP Request: HEAD https://huggingface.co/apple/mobilevit-small/resolve/main/model.safetensors "HTTP/1.1 404 Not Found"
2026-08-03 14:05:38,512 | [FULL    ] | INFO | httpx | HTTP Request: HEAD https://huggingface.co/apple/mobilevit-small/resolve/main/model.safetensors.index.json "HTTP/1.1 404 Not Found"
2026-08-03 14:05:38,722 | [FULL    ] | INFO | httpx | HTTP Request: HEAD https://huggingface.co/apple/mobilevit-small/resolve/main/pytorch_model.bin "HTTP/1.1 302 Found"
2026-08-03 14:05:38,920 | [FULL    ] | INFO | httpx | HTTP Request: HEAD https://huggingface.co/apple/mobilevit-small/resolve/main/model.safetensors "HTTP/1.1 404 Not Found"
2026-08-03 14:05:39,175 | [FULL    ] | INFO | httpx | HTTP Request: GET https://huggingface.co/api/models/apple/mobilevit-small "HTTP/1.1 200 OK"
2026-08-03 14:05:39,397 | [FULL    ] | INFO | httpx | HTTP Request: GET https://huggingface.co/api/models/apple/mobilevit-small/commits/main "HTTP/1.1 200 OK"
2026-08-03 14:05:39,626 | [FULL    ] | INFO | httpx | HTTP Request: GET https://huggingface.co/api/models/apple/mobilevit-small/discussions?p=0 "HTTP/1.1 200 OK"
2026-08-03 14:05:39,848 | [FULL    ] | INFO | httpx | HTTP Request: GET https://huggingface.co/api/models/apple/mobilevit-small/commits/refs%2Fpr%2F6 "HTTP/1.1 200 OK"
2026-08-03 14:05:40,052 | [FULL    ] | INFO | httpx | HTTP Request: HEAD https://huggingface.co/apple/mobilevit-small/resolve/refs%2Fpr%2F6/model.safetensors.index.json "HTTP/1.1 404 Not Found"
2026-08-03 14:05:40,267 | [FULL    ] | INFO | httpx | HTTP Request: HEAD https://huggingface.co/apple/mobilevit-small/resolve/refs%2Fpr%2F6/model.safetensors "HTTP/1.1 302 Found"
2026-08-03 14:05:40,387 | [FULL    ] | INFO | full_experiments_using.model_trainers.mobile_vit_trainer | Device: cuda | max_epochs=500 | batch=32 | eval_batch=256 | es_patience=30
2026-08-03 14:05:40,398 | [FULL    ] | INFO | full_experiments_using.model_trainers.mobile_vit_trainer | CE weights — HC: 1.084  MCI: 0.928
2026-08-03 14:06:24,455 | [FULL    ] | INFO | full_experiments_using.model_trainers.mobile_vit_trainer | Ep [001/500] T-Acc:  48.7%  V-Acc:  47.4%  V-AUROC: 0.4888  LR: 2.00e-04
2026-08-03 14:06:24,614 | [FULL    ] | INFO | full_experiments_using.model_trainers.mobile_vit_trainer |   ↳ new best AUROC; saved checkpoint: /home/oem/choihyunsu/VOGBasedMCIDetection/outputs/checkpoints/run_20260803_091231_full_wvote_artifact30_strat_4err/fold_13_best.pth
2026-08-03 14:06:53,236 | [FULL    ] | INFO | full_experiments_using.model_trainers.mobile_vit_trainer | Ep [002/500] T-Acc:  49.9%  V-Acc:  47.7%  V-AUROC: 0.4918  LR: 4.00e-04
2026-08-03 14:06:53,397 | [FULL    ] | INFO | full_experiments_using.model_trainers.mobile_vit_trainer |   ↳ new best AUROC; saved checkpoint: /home/oem/choihyunsu/VOGBasedMCIDetection/outputs/checkpoints/run_20260803_091231_full_wvote_artifact30_strat_4err/fold_13_best.pth
2026-08-03 14:07:21,939 | [FULL    ] | INFO | full_experiments_using.model_trainers.mobile_vit_trainer | Ep [003/500] T-Acc:  49.6%  V-Acc:  49.0%  V-AUROC: 0.5080  LR: 6.00e-04
2026-08-03 14:07:22,055 | [FULL    ] | INFO | full_experiments_using.model_trainers.mobile_vit_trainer |   ↳ new best AUROC; saved checkpoint: /home/oem/choihyunsu/VOGBasedMCIDetection/outputs/checkpoints/run_20260803_091231_full_wvote_artifact30_strat_4err/fold_13_best.pth
2026-08-03 14:07:50,639 | [FULL    ] | INFO | full_experiments_using.model_trainers.mobile_vit_trainer | Ep [004/500] T-Acc:  49.7%  V-Acc:  48.4%  V-AUROC: 0.5157  LR: 8.00e-04
2026-08-03 14:07:50,755 | [FULL    ] | INFO | full_experiments_using.model_trainers.mobile_vit_trainer |   ↳ new best AUROC; saved checkpoint: /home/oem/choihyunsu/VOGBasedMCIDetection/outputs/checkpoints/run_20260803_091231_full_wvote_artifact30_strat_4err/fold_13_best.pth
2026-08-03 14:08:19,898 | [FULL    ] | INFO | full_experiments_using.model_trainers.mobile_vit_trainer | Ep [005/500] T-Acc:  52.3%  V-Acc:  52.9%  V-AUROC: 0.5414  LR: 1.00e-03
2026-08-03 14:08:20,034 | [FULL    ] | INFO | full_experiments_using.model_trainers.mobile_vit_trainer |   ↳ new best AUROC; saved checkpoint: /home/oem/choihyunsu/VOGBasedMCIDetection/outputs/checkpoints/run_20260803_091231_full_wvote_artifact30_strat_4err/fold_13_best.pth
2026-08-03 14:08:48,692 | [FULL    ] | INFO | full_experiments_using.model_trainers.mobile_vit_trainer | Ep [006/500] T-Acc:  50.9%  V-Acc:  49.5%  V-AUROC: 0.5194  LR: 1.00e-03
2026-08-03 14:09:17,361 | [FULL    ] | INFO | full_experiments_using.model_trainers.mobile_vit_trainer | Ep [007/500] T-Acc:  52.8%  V-Acc:  51.6%  V-AUROC: 0.5465  LR: 1.00e-03
2026-08-03 14:09:17,486 | [FULL    ] | INFO | full_experiments_using.model_trainers.mobile_vit_trainer |   ↳ new best AUROC; saved checkpoint: /home/oem/choihyunsu/VOGBasedMCIDetection/outputs/checkpoints/run_20260803_091231_full_wvote_artifact30_strat_4err/fold_13_best.pth
2026-08-03 14:09:46,012 | [FULL    ] | INFO | full_experiments_using.model_trainers.mobile_vit_trainer | Ep [008/500] T-Acc:  52.0%  V-Acc:  53.9%  V-AUROC: 0.5306  LR: 1.00e-03
2026-08-03 14:10:15,052 | [FULL    ] | INFO | full_experiments_using.model_trainers.mobile_vit_trainer | Ep [009/500] T-Acc:  55.3%  V-Acc:  53.2%  V-AUROC: 0.5379  LR: 1.00e-03
2026-08-03 14:10:43,811 | [FULL    ] | INFO | full_experiments_using.model_trainers.mobile_vit_trainer | Ep [010/500] T-Acc:  54.7%  V-Acc:  56.3%  V-AUROC: 0.5720  LR: 1.00e-03
2026-08-03 14:10:43,931 | [FULL    ] | INFO | full_experiments_using.model_trainers.mobile_vit_trainer |   ↳ new best AUROC; saved checkpoint: /home/oem/choihyunsu/VOGBasedMCIDetection/outputs/checkpoints/run_20260803_091231_full_wvote_artifact30_strat_4err/fold_13_best.pth
2026-08-03 14:11:12,469 | [FULL    ] | INFO | full_experiments_using.model_trainers.mobile_vit_trainer | Ep [011/500] T-Acc:  54.6%  V-Acc:  54.9%  V-AUROC: 0.5638  LR: 1.00e-03
2026-08-03 14:11:41,189 | [FULL    ] | INFO | full_experiments_using.model_trainers.mobile_vit_trainer | Ep [012/500] T-Acc:  55.6%  V-Acc:  56.0%  V-AUROC: 0.5633  LR: 1.00e-03
2026-08-03 14:12:10,036 | [FULL    ] | INFO | full_experiments_using.model_trainers.mobile_vit_trainer | Ep [013/500] T-Acc:  56.7%  V-Acc:  56.5%  V-AUROC: 0.5757  LR: 1.00e-03
2026-08-03 14:12:10,157 | [FULL    ] | INFO | full_experiments_using.model_trainers.mobile_vit_trainer |   ↳ new best AUROC; saved checkpoint: /home/oem/choihyunsu/VOGBasedMCIDetection/outputs/checkpoints/run_20260803_091231_full_wvote_artifact30_strat_4err/fold_13_best.pth
2026-08-03 14:12:38,841 | [FULL    ] | INFO | full_experiments_using.model_trainers.mobile_vit_trainer | Ep [014/500] T-Acc:  56.9%  V-Acc:  57.2%  V-AUROC: 0.5721  LR: 1.00e-03
2026-08-03 14:13:07,371 | [FULL    ] | INFO | full_experiments_using.model_trainers.mobile_vit_trainer | Ep [015/500] T-Acc:  56.2%  V-Acc:  55.3%  V-AUROC: 0.5837  LR: 1.00e-03
2026-08-03 14:13:07,490 | [FULL    ] | INFO | full_experiments_using.model_trainers.mobile_vit_trainer |   ↳ new best AUROC; saved checkpoint: /home/oem/choihyunsu/VOGBasedMCIDetection/outputs/checkpoints/run_20260803_091231_full_wvote_artifact30_strat_4err/fold_13_best.pth
2026-08-03 14:13:36,428 | [FULL    ] | INFO | full_experiments_using.model_trainers.mobile_vit_trainer | Ep [016/500] T-Acc:  57.2%  V-Acc:  57.3%  V-AUROC: 0.5999  LR: 1.00e-03
2026-08-03 14:13:36,552 | [FULL    ] | INFO | full_experiments_using.model_trainers.mobile_vit_trainer |   ↳ new best AUROC; saved checkpoint: /home/oem/choihyunsu/VOGBasedMCIDetection/outputs/checkpoints/run_20260803_091231_full_wvote_artifact30_strat_4err/fold_13_best.pth
2026-08-03 14:14:05,318 | [FULL    ] | INFO | full_experiments_using.model_trainers.mobile_vit_trainer | Ep [017/500] T-Acc:  56.8%  V-Acc:  59.7%  V-AUROC: 0.5972  LR: 1.00e-03
2026-08-03 14:14:34,067 | [FULL    ] | INFO | full_experiments_using.model_trainers.mobile_vit_trainer | Ep [018/500] T-Acc:  56.8%  V-Acc:  58.6%  V-AUROC: 0.6005  LR: 1.00e-03
2026-08-03 14:14:34,185 | [FULL    ] | INFO | full_experiments_using.model_trainers.mobile_vit_trainer |   ↳ new best AUROC; saved checkpoint: /home/oem/choihyunsu/VOGBasedMCIDetection/outputs/checkpoints/run_20260803_091231_full_wvote_artifact30_strat_4err/fold_13_best.pth
2026-08-03 14:15:02,980 | [FULL    ] | INFO | full_experiments_using.model_trainers.mobile_vit_trainer | Ep [019/500] T-Acc:  59.4%  V-Acc:  58.5%  V-AUROC: 0.5817  LR: 1.00e-03
2026-08-03 14:15:31,797 | [FULL    ] | INFO | full_experiments_using.model_trainers.mobile_vit_trainer | Ep [020/500] T-Acc:  57.4%  V-Acc:  59.4%  V-AUROC: 0.5847  LR: 1.00e-03
2026-08-03 14:16:00,569 | [FULL    ] | INFO | full_experiments_using.model_trainers.mobile_vit_trainer | Ep [021/500] T-Acc:  59.9%  V-Acc:  58.1%  V-AUROC: 0.5749  LR: 1.00e-03
2026-08-03 14:16:29,395 | [FULL    ] | INFO | full_experiments_using.model_trainers.mobile_vit_trainer | Ep [022/500] T-Acc:  58.0%  V-Acc:  58.6%  V-AUROC: 0.5856  LR: 1.00e-03
2026-08-03 14:16:57,978 | [FULL    ] | INFO | full_experiments_using.model_trainers.mobile_vit_trainer | Ep [023/500] T-Acc:  59.1%  V-Acc:  59.3%  V-AUROC: 0.5926  LR: 1.00e-03
2026-08-03 14:17:26,846 | [FULL    ] | INFO | full_experiments_using.model_trainers.mobile_vit_trainer | Ep [024/500] T-Acc:  58.6%  V-Acc:  58.0%  V-AUROC: 0.5721  LR: 1.00e-03
2026-08-03 14:17:55,494 | [FULL    ] | INFO | full_experiments_using.model_trainers.mobile_vit_trainer | Ep [025/500] T-Acc:  58.4%  V-Acc:  57.9%  V-AUROC: 0.5897  LR: 1.00e-03
2026-08-03 14:18:24,164 | [FULL    ] | INFO | full_experiments_using.model_trainers.mobile_vit_trainer | Ep [026/500] T-Acc:  57.5%  V-Acc:  56.6%  V-AUROC: 0.5901  LR: 1.00e-03
2026-08-03 14:18:53,050 | [FULL    ] | INFO | full_experiments_using.model_trainers.mobile_vit_trainer | Ep [027/500] T-Acc:  56.7%  V-Acc:  58.1%  V-AUROC: 0.5866  LR: 1.00e-03
2026-08-03 14:19:21,870 | [FULL    ] | INFO | full_experiments_using.model_trainers.mobile_vit_trainer | Ep [028/500] T-Acc:  57.3%  V-Acc:  59.5%  V-AUROC: 0.5865  LR: 1.00e-03
2026-08-03 14:19:48,766 | [FULL    ] | INFO | full_experiments_using.model_trainers.mobile_vit_trainer | Ep [029/500] T-Acc:  58.7%  V-Acc:  57.9%  V-AUROC: 0.5878  LR: 1.00e-03
2026-08-03 14:20:16,485 | [FULL    ] | INFO | full_experiments_using.model_trainers.mobile_vit_trainer | Ep [030/500] T-Acc:  57.7%  V-Acc:  58.4%  V-AUROC: 0.5963  LR: 2.00e-04
2026-08-03 14:20:44,574 | [FULL    ] | INFO | full_experiments_using.model_trainers.mobile_vit_trainer | Ep [031/500] T-Acc:  59.7%  V-Acc:  58.3%  V-AUROC: 0.6026  LR: 2.00e-04
2026-08-03 14:20:44,700 | [FULL    ] | INFO | full_experiments_using.model_trainers.mobile_vit_trainer |   ↳ new best AUROC; saved checkpoint: /home/oem/choihyunsu/VOGBasedMCIDetection/outputs/checkpoints/run_20260803_091231_full_wvote_artifact30_strat_4err/fold_13_best.pth
2026-08-03 14:21:13,545 | [FULL    ] | INFO | full_experiments_using.model_trainers.mobile_vit_trainer | Ep [032/500] T-Acc:  59.3%  V-Acc:  57.8%  V-AUROC: 0.6068  LR: 2.00e-04
2026-08-03 14:21:13,686 | [FULL    ] | INFO | full_experiments_using.model_trainers.mobile_vit_trainer |   ↳ new best AUROC; saved checkpoint: /home/oem/choihyunsu/VOGBasedMCIDetection/outputs/checkpoints/run_20260803_091231_full_wvote_artifact30_strat_4err/fold_13_best.pth
2026-08-03 14:21:42,225 | [FULL    ] | INFO | full_experiments_using.model_trainers.mobile_vit_trainer | Ep [033/500] T-Acc:  58.8%  V-Acc:  58.1%  V-AUROC: 0.6063  LR: 2.00e-04
2026-08-03 14:22:10,894 | [FULL    ] | INFO | full_experiments_using.model_trainers.mobile_vit_trainer | Ep [034/500] T-Acc:  59.3%  V-Acc:  58.5%  V-AUROC: 0.6032  LR: 2.00e-04
2026-08-03 14:22:39,821 | [FULL    ] | INFO | full_experiments_using.model_trainers.mobile_vit_trainer | Ep [035/500] T-Acc:  59.1%  V-Acc:  57.5%  V-AUROC: 0.6017  LR: 2.00e-04
2026-08-03 14:23:08,616 | [FULL    ] | INFO | full_experiments_using.model_trainers.mobile_vit_trainer | Ep [036/500] T-Acc:  59.7%  V-Acc:  57.9%  V-AUROC: 0.6034  LR: 2.00e-04
2026-08-03 14:23:37,327 | [FULL    ] | INFO | full_experiments_using.model_trainers.mobile_vit_trainer | Ep [037/500] T-Acc:  59.9%  V-Acc:  58.5%  V-AUROC: 0.6038  LR: 2.00e-04
2026-08-03 14:24:06,217 | [FULL    ] | INFO | full_experiments_using.model_trainers.mobile_vit_trainer | Ep [038/500] T-Acc:  57.6%  V-Acc:  58.2%  V-AUROC: 0.6014  LR: 2.00e-04
2026-08-03 14:24:33,192 | [FULL    ] | INFO | full_experiments_using.model_trainers.mobile_vit_trainer | Ep [039/500] T-Acc:  59.5%  V-Acc:  58.3%  V-AUROC: 0.5972  LR: 2.00e-04
2026-08-03 14:25:00,063 | [FULL    ] | INFO | full_experiments_using.model_trainers.mobile_vit_trainer | Ep [040/500] T-Acc:  58.7%  V-Acc:  59.2%  V-AUROC: 0.6027  LR: 2.00e-04
2026-08-03 14:25:28,892 | [FULL    ] | INFO | full_experiments_using.model_trainers.mobile_vit_trainer | Ep [041/500] T-Acc:  59.8%  V-Acc:  58.4%  V-AUROC: 0.6043  LR: 2.00e-04
2026-08-03 14:25:57,561 | [FULL    ] | INFO | full_experiments_using.model_trainers.mobile_vit_trainer | Ep [042/500] T-Acc:  60.1%  V-Acc:  58.2%  V-AUROC: 0.6041  LR: 2.00e-04
2026-08-03 14:26:25,085 | [FULL    ] | INFO | full_experiments_using.model_trainers.mobile_vit_trainer | Ep [043/500] T-Acc:  60.3%  V-Acc:  58.6%  V-AUROC: 0.6045  LR: 2.00e-04
2026-08-03 14:26:53,260 | [FULL    ] | INFO | full_experiments_using.model_trainers.mobile_vit_trainer | Ep [044/500] T-Acc:  60.5%  V-Acc:  57.9%  V-AUROC: 0.6043  LR: 4.00e-05
2026-08-03 14:27:20,017 | [FULL    ] | INFO | full_experiments_using.model_trainers.mobile_vit_trainer | Ep [045/500] T-Acc:  59.7%  V-Acc:  57.5%  V-AUROC: 0.6055  LR: 4.00e-05
2026-08-03 14:27:48,870 | [FULL    ] | INFO | full_experiments_using.model_trainers.mobile_vit_trainer | Ep [046/500] T-Acc:  61.1%  V-Acc:  58.5%  V-AUROC: 0.6040  LR: 4.00e-05
2026-08-03 14:28:17,589 | [FULL    ] | INFO | full_experiments_using.model_trainers.mobile_vit_trainer | Ep [047/500] T-Acc:  60.0%  V-Acc:  57.5%  V-AUROC: 0.6046  LR: 4.00e-05
2026-08-03 14:28:46,231 | [FULL    ] | INFO | full_experiments_using.model_trainers.mobile_vit_trainer | Ep [048/500] T-Acc:  59.6%  V-Acc:  58.2%  V-AUROC: 0.6046  LR: 4.00e-05
2026-08-03 14:29:14,845 | [FULL    ] | INFO | full_experiments_using.model_trainers.mobile_vit_trainer | Ep [049/500] T-Acc:  58.8%  V-Acc:  58.7%  V-AUROC: 0.6042  LR: 4.00e-05
2026-08-03 14:29:43,620 | [FULL    ] | INFO | full_experiments_using.model_trainers.mobile_vit_trainer | Ep [050/500] T-Acc:  60.1%  V-Acc:  58.3%  V-AUROC: 0.6070  LR: 4.00e-05
2026-08-03 14:29:43,773 | [FULL    ] | INFO | full_experiments_using.model_trainers.mobile_vit_trainer |   ↳ new best AUROC; saved checkpoint: /home/oem/choihyunsu/VOGBasedMCIDetection/outputs/checkpoints/run_20260803_091231_full_wvote_artifact30_strat_4err/fold_13_best.pth
2026-08-03 14:30:12,279 | [FULL    ] | INFO | full_experiments_using.model_trainers.mobile_vit_trainer | Ep [051/500] T-Acc:  58.9%  V-Acc:  57.7%  V-AUROC: 0.6047  LR: 4.00e-05
2026-08-03 14:30:40,965 | [FULL    ] | INFO | full_experiments_using.model_trainers.mobile_vit_trainer | Ep [052/500] T-Acc:  60.9%  V-Acc:  57.8%  V-AUROC: 0.6044  LR: 4.00e-05
2026-08-03 14:31:09,867 | [FULL    ] | INFO | full_experiments_using.model_trainers.mobile_vit_trainer | Ep [053/500] T-Acc:  59.9%  V-Acc:  58.5%  V-AUROC: 0.6061  LR: 4.00e-05
2026-08-03 14:31:38,391 | [FULL    ] | INFO | full_experiments_using.model_trainers.mobile_vit_trainer | Ep [054/500] T-Acc:  59.9%  V-Acc:  58.0%  V-AUROC: 0.6050  LR: 4.00e-05
2026-08-03 14:32:07,203 | [FULL    ] | INFO | full_experiments_using.model_trainers.mobile_vit_trainer | Ep [055/500] T-Acc:  60.1%  V-Acc:  57.5%  V-AUROC: 0.6031  LR: 4.00e-05
2026-08-03 14:32:35,887 | [FULL    ] | INFO | full_experiments_using.model_trainers.mobile_vit_trainer | Ep [056/500] T-Acc:  59.9%  V-Acc:  58.1%  V-AUROC: 0.6036  LR: 4.00e-05
2026-08-03 14:33:04,718 | [FULL    ] | INFO | full_experiments_using.model_trainers.mobile_vit_trainer | Ep [057/500] T-Acc:  60.3%  V-Acc:  58.5%  V-AUROC: 0.6033  LR: 4.00e-05
2026-08-03 14:33:33,305 | [FULL    ] | INFO | full_experiments_using.model_trainers.mobile_vit_trainer | Ep [058/500] T-Acc:  59.9%  V-Acc:  58.2%  V-AUROC: 0.6035  LR: 4.00e-05
2026-08-03 14:34:01,901 | [FULL    ] | INFO | full_experiments_using.model_trainers.mobile_vit_trainer | Ep [059/500] T-Acc:  60.4%  V-Acc:  58.0%  V-AUROC: 0.6023  LR: 4.00e-05
2026-08-03 14:34:30,729 | [FULL    ] | INFO | full_experiments_using.model_trainers.mobile_vit_trainer | Ep [060/500] T-Acc:  59.5%  V-Acc:  58.2%  V-AUROC: 0.6032  LR: 4.00e-05
2026-08-03 14:34:59,432 | [FULL    ] | INFO | full_experiments_using.model_trainers.mobile_vit_trainer | Ep [061/500] T-Acc:  60.3%  V-Acc:  57.5%  V-AUROC: 0.6041  LR: 4.00e-05
2026-08-03 14:35:28,211 | [FULL    ] | INFO | full_experiments_using.model_trainers.mobile_vit_trainer | Ep [062/500] T-Acc:  59.8%  V-Acc:  58.0%  V-AUROC: 0.6035  LR: 8.00e-06
2026-08-03 14:35:56,908 | [FULL    ] | INFO | full_experiments_using.model_trainers.mobile_vit_trainer | Ep [063/500] T-Acc:  60.0%  V-Acc:  57.5%  V-AUROC: 0.6038  LR: 8.00e-06
2026-08-03 14:36:25,675 | [FULL    ] | INFO | full_experiments_using.model_trainers.mobile_vit_trainer | Ep [064/500] T-Acc:  60.0%  V-Acc:  57.9%  V-AUROC: 0.6036  LR: 8.00e-06
2026-08-03 14:36:54,430 | [FULL    ] | INFO | full_experiments_using.model_trainers.mobile_vit_trainer | Ep [065/500] T-Acc:  60.5%  V-Acc:  57.7%  V-AUROC: 0.6026  LR: 8.00e-06
2026-08-03 14:37:23,216 | [FULL    ] | INFO | full_experiments_using.model_trainers.mobile_vit_trainer | Ep [066/500] T-Acc:  61.0%  V-Acc:  58.5%  V-AUROC: 0.6044  LR: 8.00e-06
2026-08-03 14:37:51,998 | [FULL    ] | INFO | full_experiments_using.model_trainers.mobile_vit_trainer | Ep [067/500] T-Acc:  59.3%  V-Acc:  58.5%  V-AUROC: 0.6021  LR: 8.00e-06
2026-08-03 14:38:20,674 | [FULL    ] | INFO | full_experiments_using.model_trainers.mobile_vit_trainer | Ep [068/500] T-Acc:  60.1%  V-Acc:  57.8%  V-AUROC: 0.6039  LR: 8.00e-06
2026-08-03 14:38:49,610 | [FULL    ] | INFO | full_experiments_using.model_trainers.mobile_vit_trainer | Ep [069/500] T-Acc:  60.1%  V-Acc:  57.4%  V-AUROC: 0.6040  LR: 8.00e-06
2026-08-03 14:39:18,525 | [FULL    ] | INFO | full_experiments_using.model_trainers.mobile_vit_trainer | Ep [070/500] T-Acc:  60.3%  V-Acc:  58.2%  V-AUROC: 0.6031  LR: 8.00e-06
2026-08-03 14:39:47,026 | [FULL    ] | INFO | full_experiments_using.model_trainers.mobile_vit_trainer | Ep [071/500] T-Acc:  60.6%  V-Acc:  58.4%  V-AUROC: 0.6026  LR: 8.00e-06
2026-08-03 14:40:15,596 | [FULL    ] | INFO | full_experiments_using.model_trainers.mobile_vit_trainer | Ep [072/500] T-Acc:  61.0%  V-Acc:  59.2%  V-AUROC: 0.6018  LR: 8.00e-06
2026-08-03 14:40:44,366 | [FULL    ] | INFO | full_experiments_using.model_trainers.mobile_vit_trainer | Ep [073/500] T-Acc:  60.7%  V-Acc:  58.6%  V-AUROC: 0.6038  LR: 1.60e-06
2026-08-03 14:41:13,126 | [FULL    ] | INFO | full_experiments_using.model_trainers.mobile_vit_trainer | Ep [074/500] T-Acc:  60.1%  V-Acc:  57.9%  V-AUROC: 0.6036  LR: 1.60e-06
2026-08-03 14:41:41,555 | [FULL    ] | INFO | full_experiments_using.model_trainers.mobile_vit_trainer | Ep [075/500] T-Acc:  59.6%  V-Acc:  58.0%  V-AUROC: 0.6035  LR: 1.60e-06
2026-08-03 14:42:10,265 | [FULL    ] | INFO | full_experiments_using.model_trainers.mobile_vit_trainer | Ep [076/500] T-Acc:  60.4%  V-Acc:  57.9%  V-AUROC: 0.6024  LR: 1.60e-06
2026-08-03 14:42:39,128 | [FULL    ] | INFO | full_experiments_using.model_trainers.mobile_vit_trainer | Ep [077/500] T-Acc:  61.2%  V-Acc:  58.5%  V-AUROC: 0.6015  LR: 1.60e-06
2026-08-03 14:43:07,881 | [FULL    ] | INFO | full_experiments_using.model_trainers.mobile_vit_trainer | Ep [078/500] T-Acc:  60.3%  V-Acc:  58.3%  V-AUROC: 0.6033  LR: 1.60e-06
2026-08-03 14:43:36,579 | [FULL    ] | INFO | full_experiments_using.model_trainers.mobile_vit_trainer | Ep [079/500] T-Acc:  60.0%  V-Acc:  58.1%  V-AUROC: 0.6046  LR: 1.60e-06
2026-08-03 14:44:05,303 | [FULL    ] | INFO | full_experiments_using.model_trainers.mobile_vit_trainer | Ep [080/500] T-Acc:  61.5%  V-Acc:  57.8%  V-AUROC: 0.6022  LR: 1.60e-06
2026-08-03 14:44:05,303 | [FULL    ] | INFO | full_experiments_using.model_trainers.mobile_vit_trainer | Early stop — best AUROC 0.6070 at epoch 50 (no improvement for 30 epochs)
2026-08-03 14:44:05,303 | [FULL    ] | INFO | full_experiments_using.model_trainers.mobile_vit_trainer | Done. Best AUROC: 0.6070 (epoch 50) → /home/oem/choihyunsu/VOGBasedMCIDetection/outputs/checkpoints/run_20260803_091231_full_wvote_artifact30_strat_4err/fold_13_best.pth
2026-08-03 14:44:15,117 | [FULL    ] | INFO | full_experiments_using.evaluators.monte_carlo_evaluator | -> Fold 14 Result | Acc=0.800 Sens=0.857 Spec=0.667 AUROC=0.905
2026-08-03 14:44:15,123 | [FULL    ] | INFO | full_experiments_using.evaluators.monte_carlo_evaluator | === Fold 15/30 | train: 25 subj (HC=10 MCI=15) / 3839 win | test: 12 subj (HC=4 MCI=8) / 1876 win ===
2026-08-03 14:44:15,346 | [FULL    ] | INFO | httpx | HTTP Request: HEAD https://huggingface.co/apple/mobilevit-small/resolve/main/config.json "HTTP/1.1 307 Temporary Redirect"
2026-08-03 14:44:15,358 | [FULL    ] | INFO | httpx | HTTP Request: HEAD https://huggingface.co/api/resolve-cache/models/apple/mobilevit-small/6c8612545dc98676d27bc518fa521d9e9af23e34/config.json "HTTP/1.1 200 OK"
2026-08-03 14:44:15,632 | [FULL    ] | INFO | httpx | HTTP Request: HEAD https://huggingface.co/apple/mobilevit-small/resolve/main/model.safetensors "HTTP/1.1 404 Not Found"
2026-08-03 14:44:15,845 | [FULL    ] | INFO | httpx | HTTP Request: HEAD https://huggingface.co/apple/mobilevit-small/resolve/main/model.safetensors.index.json "HTTP/1.1 404 Not Found"
2026-08-03 14:44:16,062 | [FULL    ] | INFO | httpx | HTTP Request: HEAD https://huggingface.co/apple/mobilevit-small/resolve/main/pytorch_model.bin "HTTP/1.1 302 Found"
2026-08-03 14:44:16,269 | [FULL    ] | INFO | httpx | HTTP Request: HEAD https://huggingface.co/apple/mobilevit-small/resolve/main/model.safetensors "HTTP/1.1 404 Not Found"
2026-08-03 14:44:16,480 | [FULL    ] | INFO | httpx | HTTP Request: GET https://huggingface.co/api/models/apple/mobilevit-small "HTTP/1.1 200 OK"
2026-08-03 14:44:16,763 | [FULL    ] | INFO | httpx | HTTP Request: GET https://huggingface.co/api/models/apple/mobilevit-small/commits/main "HTTP/1.1 200 OK"
2026-08-03 14:44:17,006 | [FULL    ] | INFO | httpx | HTTP Request: GET https://huggingface.co/api/models/apple/mobilevit-small/discussions?p=0 "HTTP/1.1 200 OK"
2026-08-03 14:44:17,217 | [FULL    ] | INFO | httpx | HTTP Request: GET https://huggingface.co/api/models/apple/mobilevit-small/commits/refs%2Fpr%2F6 "HTTP/1.1 200 OK"
2026-08-03 14:44:17,430 | [FULL    ] | INFO | httpx | HTTP Request: HEAD https://huggingface.co/apple/mobilevit-small/resolve/refs%2Fpr%2F6/model.safetensors.index.json "HTTP/1.1 404 Not Found"
2026-08-03 14:44:17,638 | [FULL    ] | INFO | httpx | HTTP Request: HEAD https://huggingface.co/apple/mobilevit-small/resolve/refs%2Fpr%2F6/model.safetensors "HTTP/1.1 302 Found"
2026-08-03 14:44:18,621 | [FULL    ] | INFO | full_experiments_using.model_trainers.mobile_vit_trainer | Device: cuda | max_epochs=500 | batch=32 | eval_batch=256 | es_patience=30
2026-08-03 14:44:18,633 | [FULL    ] | INFO | full_experiments_using.model_trainers.mobile_vit_trainer | CE weights — HC: 1.101  MCI: 0.916
2026-08-03 14:44:58,888 | [FULL    ] | INFO | full_experiments_using.model_trainers.mobile_vit_trainer | Ep [001/500] T-Acc:  50.2%  V-Acc:  52.0%  V-AUROC: 0.5035  LR: 2.00e-04
2026-08-03 14:44:58,947 | [FULL    ] | INFO | full_experiments_using.model_trainers.mobile_vit_trainer |   ↳ new best AUROC; saved checkpoint: /home/oem/choihyunsu/VOGBasedMCIDetection/outputs/checkpoints/run_20260803_091231_full_wvote_artifact30_strat_4err/fold_14_best.pth
2026-08-03 14:45:27,124 | [FULL    ] | INFO | full_experiments_using.model_trainers.mobile_vit_trainer | Ep [002/500] T-Acc:  50.3%  V-Acc:  51.8%  V-AUROC: 0.5079  LR: 4.00e-04
2026-08-03 14:45:27,285 | [FULL    ] | INFO | full_experiments_using.model_trainers.mobile_vit_trainer |   ↳ new best AUROC; saved checkpoint: /home/oem/choihyunsu/VOGBasedMCIDetection/outputs/checkpoints/run_20260803_091231_full_wvote_artifact30_strat_4err/fold_14_best.pth
2026-08-03 14:45:55,169 | [FULL    ] | INFO | full_experiments_using.model_trainers.mobile_vit_trainer | Ep [003/500] T-Acc:  50.7%  V-Acc:  52.3%  V-AUROC: 0.5172  LR: 6.00e-04
2026-08-03 14:45:55,301 | [FULL    ] | INFO | full_experiments_using.model_trainers.mobile_vit_trainer |   ↳ new best AUROC; saved checkpoint: /home/oem/choihyunsu/VOGBasedMCIDetection/outputs/checkpoints/run_20260803_091231_full_wvote_artifact30_strat_4err/fold_14_best.pth
2026-08-03 14:46:23,034 | [FULL    ] | INFO | full_experiments_using.model_trainers.mobile_vit_trainer | Ep [004/500] T-Acc:  51.4%  V-Acc:  51.8%  V-AUROC: 0.5136  LR: 8.00e-04
2026-08-03 14:46:51,149 | [FULL    ] | INFO | full_experiments_using.model_trainers.mobile_vit_trainer | Ep [005/500] T-Acc:  51.4%  V-Acc:  54.3%  V-AUROC: 0.5346  LR: 1.00e-03
2026-08-03 14:46:51,270 | [FULL    ] | INFO | full_experiments_using.model_trainers.mobile_vit_trainer |   ↳ new best AUROC; saved checkpoint: /home/oem/choihyunsu/VOGBasedMCIDetection/outputs/checkpoints/run_20260803_091231_full_wvote_artifact30_strat_4err/fold_14_best.pth
2026-08-03 14:47:17,481 | [FULL    ] | INFO | full_experiments_using.model_trainers.mobile_vit_trainer | Ep [006/500] T-Acc:  52.8%  V-Acc:  54.3%  V-AUROC: 0.5437  LR: 1.00e-03
2026-08-03 14:47:17,604 | [FULL    ] | INFO | full_experiments_using.model_trainers.mobile_vit_trainer |   ↳ new best AUROC; saved checkpoint: /home/oem/choihyunsu/VOGBasedMCIDetection/outputs/checkpoints/run_20260803_091231_full_wvote_artifact30_strat_4err/fold_14_best.pth
2026-08-03 14:47:43,627 | [FULL    ] | INFO | full_experiments_using.model_trainers.mobile_vit_trainer | Ep [007/500] T-Acc:  53.7%  V-Acc:  53.1%  V-AUROC: 0.5285  LR: 1.00e-03
2026-08-03 14:48:11,714 | [FULL    ] | INFO | full_experiments_using.model_trainers.mobile_vit_trainer | Ep [008/500] T-Acc:  52.0%  V-Acc:  53.9%  V-AUROC: 0.5455  LR: 1.00e-03
2026-08-03 14:48:11,862 | [FULL    ] | INFO | full_experiments_using.model_trainers.mobile_vit_trainer |   ↳ new best AUROC; saved checkpoint: /home/oem/choihyunsu/VOGBasedMCIDetection/outputs/checkpoints/run_20260803_091231_full_wvote_artifact30_strat_4err/fold_14_best.pth
2026-08-03 14:48:39,851 | [FULL    ] | INFO | full_experiments_using.model_trainers.mobile_vit_trainer | Ep [009/500] T-Acc:  54.1%  V-Acc:  54.4%  V-AUROC: 0.5359  LR: 1.00e-03
2026-08-03 14:49:07,752 | [FULL    ] | INFO | full_experiments_using.model_trainers.mobile_vit_trainer | Ep [010/500] T-Acc:  53.2%  V-Acc:  54.4%  V-AUROC: 0.5564  LR: 1.00e-03
2026-08-03 14:49:07,832 | [FULL    ] | INFO | full_experiments_using.model_trainers.mobile_vit_trainer |   ↳ new best AUROC; saved checkpoint: /home/oem/choihyunsu/VOGBasedMCIDetection/outputs/checkpoints/run_20260803_091231_full_wvote_artifact30_strat_4err/fold_14_best.pth
2026-08-03 14:49:35,730 | [FULL    ] | INFO | full_experiments_using.model_trainers.mobile_vit_trainer | Ep [011/500] T-Acc:  54.3%  V-Acc:  53.6%  V-AUROC: 0.5616  LR: 1.00e-03
2026-08-03 14:49:35,867 | [FULL    ] | INFO | full_experiments_using.model_trainers.mobile_vit_trainer |   ↳ new best AUROC; saved checkpoint: /home/oem/choihyunsu/VOGBasedMCIDetection/outputs/checkpoints/run_20260803_091231_full_wvote_artifact30_strat_4err/fold_14_best.pth
2026-08-03 14:50:04,200 | [FULL    ] | INFO | full_experiments_using.model_trainers.mobile_vit_trainer | Ep [012/500] T-Acc:  54.6%  V-Acc:  55.1%  V-AUROC: 0.5691  LR: 1.00e-03
2026-08-03 14:50:04,372 | [FULL    ] | INFO | full_experiments_using.model_trainers.mobile_vit_trainer |   ↳ new best AUROC; saved checkpoint: /home/oem/choihyunsu/VOGBasedMCIDetection/outputs/checkpoints/run_20260803_091231_full_wvote_artifact30_strat_4err/fold_14_best.pth
2026-08-03 14:50:31,751 | [FULL    ] | INFO | full_experiments_using.model_trainers.mobile_vit_trainer | Ep [013/500] T-Acc:  54.7%  V-Acc:  54.6%  V-AUROC: 0.5624  LR: 1.00e-03
2026-08-03 14:50:58,707 | [FULL    ] | INFO | full_experiments_using.model_trainers.mobile_vit_trainer | Ep [014/500] T-Acc:  55.7%  V-Acc:  53.8%  V-AUROC: 0.5666  LR: 1.00e-03
2026-08-03 14:51:25,071 | [FULL    ] | INFO | full_experiments_using.model_trainers.mobile_vit_trainer | Ep [015/500] T-Acc:  56.4%  V-Acc:  55.0%  V-AUROC: 0.5888  LR: 1.00e-03
2026-08-03 14:51:25,188 | [FULL    ] | INFO | full_experiments_using.model_trainers.mobile_vit_trainer |   ↳ new best AUROC; saved checkpoint: /home/oem/choihyunsu/VOGBasedMCIDetection/outputs/checkpoints/run_20260803_091231_full_wvote_artifact30_strat_4err/fold_14_best.pth
2026-08-03 14:51:53,318 | [FULL    ] | INFO | full_experiments_using.model_trainers.mobile_vit_trainer | Ep [016/500] T-Acc:  56.3%  V-Acc:  55.2%  V-AUROC: 0.5828  LR: 1.00e-03
2026-08-03 14:52:21,346 | [FULL    ] | INFO | full_experiments_using.model_trainers.mobile_vit_trainer | Ep [017/500] T-Acc:  56.4%  V-Acc:  55.3%  V-AUROC: 0.5811  LR: 1.00e-03
2026-08-03 14:52:49,405 | [FULL    ] | INFO | full_experiments_using.model_trainers.mobile_vit_trainer | Ep [018/500] T-Acc:  55.8%  V-Acc:  54.0%  V-AUROC: 0.5654  LR: 1.00e-03
2026-08-03 14:53:17,246 | [FULL    ] | INFO | full_experiments_using.model_trainers.mobile_vit_trainer | Ep [019/500] T-Acc:  56.8%  V-Acc:  55.1%  V-AUROC: 0.5779  LR: 1.00e-03
2026-08-03 14:53:45,051 | [FULL    ] | INFO | full_experiments_using.model_trainers.mobile_vit_trainer | Ep [020/500] T-Acc:  58.2%  V-Acc:  55.7%  V-AUROC: 0.5872  LR: 1.00e-03
2026-08-03 14:54:12,993 | [FULL    ] | INFO | full_experiments_using.model_trainers.mobile_vit_trainer | Ep [021/500] T-Acc:  57.1%  V-Acc:  55.0%  V-AUROC: 0.5937  LR: 1.00e-03
2026-08-03 14:54:13,152 | [FULL    ] | INFO | full_experiments_using.model_trainers.mobile_vit_trainer |   ↳ new best AUROC; saved checkpoint: /home/oem/choihyunsu/VOGBasedMCIDetection/outputs/checkpoints/run_20260803_091231_full_wvote_artifact30_strat_4err/fold_14_best.pth
2026-08-03 14:54:41,339 | [FULL    ] | INFO | full_experiments_using.model_trainers.mobile_vit_trainer | Ep [022/500] T-Acc:  56.8%  V-Acc:  53.4%  V-AUROC: 0.5839  LR: 1.00e-03
2026-08-03 14:55:09,424 | [FULL    ] | INFO | full_experiments_using.model_trainers.mobile_vit_trainer | Ep [023/500] T-Acc:  57.7%  V-Acc:  56.1%  V-AUROC: 0.5909  LR: 1.00e-03
2026-08-03 14:55:37,605 | [FULL    ] | INFO | full_experiments_using.model_trainers.mobile_vit_trainer | Ep [024/500] T-Acc:  57.8%  V-Acc:  55.2%  V-AUROC: 0.5918  LR: 1.00e-03
2026-08-03 14:56:05,970 | [FULL    ] | INFO | full_experiments_using.model_trainers.mobile_vit_trainer | Ep [025/500] T-Acc:  57.8%  V-Acc:  55.3%  V-AUROC: 0.5833  LR: 1.00e-03
2026-08-03 14:56:33,790 | [FULL    ] | INFO | full_experiments_using.model_trainers.mobile_vit_trainer | Ep [026/500] T-Acc:  57.6%  V-Acc:  55.9%  V-AUROC: 0.5858  LR: 1.00e-03
2026-08-03 14:57:01,936 | [FULL    ] | INFO | full_experiments_using.model_trainers.mobile_vit_trainer | Ep [027/500] T-Acc:  58.2%  V-Acc:  55.4%  V-AUROC: 0.5925  LR: 1.00e-03
2026-08-03 14:57:28,006 | [FULL    ] | INFO | full_experiments_using.model_trainers.mobile_vit_trainer | Ep [028/500] T-Acc:  59.4%  V-Acc:  56.2%  V-AUROC: 0.6002  LR: 1.00e-03
2026-08-03 14:57:28,151 | [FULL    ] | INFO | full_experiments_using.model_trainers.mobile_vit_trainer |   ↳ new best AUROC; saved checkpoint: /home/oem/choihyunsu/VOGBasedMCIDetection/outputs/checkpoints/run_20260803_091231_full_wvote_artifact30_strat_4err/fold_14_best.pth
2026-08-03 14:57:55,849 | [FULL    ] | INFO | full_experiments_using.model_trainers.mobile_vit_trainer | Ep [029/500] T-Acc:  58.3%  V-Acc:  56.1%  V-AUROC: 0.5900  LR: 1.00e-03
2026-08-03 14:58:22,082 | [FULL    ] | INFO | full_experiments_using.model_trainers.mobile_vit_trainer | Ep [030/500] T-Acc:  59.6%  V-Acc:  54.8%  V-AUROC: 0.5921  LR: 1.00e-03
2026-08-03 14:58:50,127 | [FULL    ] | INFO | full_experiments_using.model_trainers.mobile_vit_trainer | Ep [031/500] T-Acc:  58.4%  V-Acc:  56.6%  V-AUROC: 0.5943  LR: 1.00e-03
2026-08-03 14:59:18,036 | [FULL    ] | INFO | full_experiments_using.model_trainers.mobile_vit_trainer | Ep [032/500] T-Acc:  60.0%  V-Acc:  55.0%  V-AUROC: 0.5859  LR: 1.00e-03
2026-08-03 14:59:45,642 | [FULL    ] | INFO | full_experiments_using.model_trainers.mobile_vit_trainer | Ep [033/500] T-Acc:  58.9%  V-Acc:  54.8%  V-AUROC: 0.5950  LR: 1.00e-03
2026-08-03 15:00:13,739 | [FULL    ] | INFO | full_experiments_using.model_trainers.mobile_vit_trainer | Ep [034/500] T-Acc:  57.4%  V-Acc:  55.4%  V-AUROC: 0.5991  LR: 1.00e-03
2026-08-03 15:00:41,761 | [FULL    ] | INFO | full_experiments_using.model_trainers.mobile_vit_trainer | Ep [035/500] T-Acc:  59.0%  V-Acc:  55.2%  V-AUROC: 0.5761  LR: 1.00e-03
2026-08-03 15:01:09,589 | [FULL    ] | INFO | full_experiments_using.model_trainers.mobile_vit_trainer | Ep [036/500] T-Acc:  58.8%  V-Acc:  56.2%  V-AUROC: 0.5896  LR: 1.00e-03
2026-08-03 15:01:37,636 | [FULL    ] | INFO | full_experiments_using.model_trainers.mobile_vit_trainer | Ep [037/500] T-Acc:  59.3%  V-Acc:  55.2%  V-AUROC: 0.5802  LR: 1.00e-03
2026-08-03 15:02:05,763 | [FULL    ] | INFO | full_experiments_using.model_trainers.mobile_vit_trainer | Ep [038/500] T-Acc:  59.9%  V-Acc:  55.1%  V-AUROC: 0.5822  LR: 1.00e-03
2026-08-03 15:02:33,810 | [FULL    ] | INFO | full_experiments_using.model_trainers.mobile_vit_trainer | Ep [039/500] T-Acc:  59.7%  V-Acc:  55.6%  V-AUROC: 0.5876  LR: 1.00e-03
2026-08-03 15:03:02,093 | [FULL    ] | INFO | full_experiments_using.model_trainers.mobile_vit_trainer | Ep [040/500] T-Acc:  60.4%  V-Acc:  56.1%  V-AUROC: 0.5852  LR: 2.00e-04
2026-08-03 15:03:30,154 | [FULL    ] | INFO | full_experiments_using.model_trainers.mobile_vit_trainer | Ep [041/500] T-Acc:  60.8%  V-Acc:  56.8%  V-AUROC: 0.5891  LR: 2.00e-04
2026-08-03 15:03:58,278 | [FULL    ] | INFO | full_experiments_using.model_trainers.mobile_vit_trainer | Ep [042/500] T-Acc:  60.3%  V-Acc:  57.1%  V-AUROC: 0.5967  LR: 2.00e-04
2026-08-03 15:04:26,428 | [FULL    ] | INFO | full_experiments_using.model_trainers.mobile_vit_trainer | Ep [043/500] T-Acc:  60.1%  V-Acc:  56.7%  V-AUROC: 0.5944  LR: 2.00e-04
2026-08-03 15:04:54,459 | [FULL    ] | INFO | full_experiments_using.model_trainers.mobile_vit_trainer | Ep [044/500] T-Acc:  59.9%  V-Acc:  56.0%  V-AUROC: 0.5946  LR: 2.00e-04
2026-08-03 15:05:22,361 | [FULL    ] | INFO | full_experiments_using.model_trainers.mobile_vit_trainer | Ep [045/500] T-Acc:  60.2%  V-Acc:  56.4%  V-AUROC: 0.5968  LR: 2.00e-04
2026-08-03 15:05:50,589 | [FULL    ] | INFO | full_experiments_using.model_trainers.mobile_vit_trainer | Ep [046/500] T-Acc:  59.6%  V-Acc:  56.6%  V-AUROC: 0.5979  LR: 2.00e-04
2026-08-03 15:06:18,688 | [FULL    ] | INFO | full_experiments_using.model_trainers.mobile_vit_trainer | Ep [047/500] T-Acc:  61.6%  V-Acc:  57.7%  V-AUROC: 0.6056  LR: 2.00e-04
2026-08-03 15:06:18,875 | [FULL    ] | INFO | full_experiments_using.model_trainers.mobile_vit_trainer |   ↳ new best AUROC; saved checkpoint: /home/oem/choihyunsu/VOGBasedMCIDetection/outputs/checkpoints/run_20260803_091231_full_wvote_artifact30_strat_4err/fold_14_best.pth
2026-08-03 15:06:47,000 | [FULL    ] | INFO | full_experiments_using.model_trainers.mobile_vit_trainer | Ep [048/500] T-Acc:  60.1%  V-Acc:  57.4%  V-AUROC: 0.6017  LR: 2.00e-04
2026-08-03 15:07:15,185 | [FULL    ] | INFO | full_experiments_using.model_trainers.mobile_vit_trainer | Ep [049/500] T-Acc:  60.2%  V-Acc:  57.2%  V-AUROC: 0.6014  LR: 2.00e-04
2026-08-03 15:07:43,318 | [FULL    ] | INFO | full_experiments_using.model_trainers.mobile_vit_trainer | Ep [050/500] T-Acc:  60.6%  V-Acc:  56.7%  V-AUROC: 0.5956  LR: 2.00e-04
2026-08-03 15:08:11,418 | [FULL    ] | INFO | full_experiments_using.model_trainers.mobile_vit_trainer | Ep [051/500] T-Acc:  60.7%  V-Acc:  56.9%  V-AUROC: 0.5970  LR: 2.00e-04
2026-08-03 15:08:39,550 | [FULL    ] | INFO | full_experiments_using.model_trainers.mobile_vit_trainer | Ep [052/500] T-Acc:  60.3%  V-Acc:  56.9%  V-AUROC: 0.5983  LR: 2.00e-04
2026-08-03 15:09:07,655 | [FULL    ] | INFO | full_experiments_using.model_trainers.mobile_vit_trainer | Ep [053/500] T-Acc:  61.1%  V-Acc:  57.1%  V-AUROC: 0.5946  LR: 2.00e-04
2026-08-03 15:09:35,597 | [FULL    ] | INFO | full_experiments_using.model_trainers.mobile_vit_trainer | Ep [054/500] T-Acc:  60.2%  V-Acc:  56.7%  V-AUROC: 0.5969  LR: 2.00e-04
2026-08-03 15:10:03,825 | [FULL    ] | INFO | full_experiments_using.model_trainers.mobile_vit_trainer | Ep [055/500] T-Acc:  59.5%  V-Acc:  57.2%  V-AUROC: 0.5980  LR: 2.00e-04
2026-08-03 15:10:31,879 | [FULL    ] | INFO | full_experiments_using.model_trainers.mobile_vit_trainer | Ep [056/500] T-Acc:  60.0%  V-Acc:  56.6%  V-AUROC: 0.6000  LR: 2.00e-04
2026-08-03 15:11:00,095 | [FULL    ] | INFO | full_experiments_using.model_trainers.mobile_vit_trainer | Ep [057/500] T-Acc:  60.0%  V-Acc:  56.8%  V-AUROC: 0.5968  LR: 2.00e-04
2026-08-03 15:11:28,035 | [FULL    ] | INFO | full_experiments_using.model_trainers.mobile_vit_trainer | Ep [058/500] T-Acc:  61.8%  V-Acc:  56.4%  V-AUROC: 0.5985  LR: 2.00e-04
2026-08-03 15:11:56,046 | [FULL    ] | INFO | full_experiments_using.model_trainers.mobile_vit_trainer | Ep [059/500] T-Acc:  60.5%  V-Acc:  56.9%  V-AUROC: 0.5983  LR: 4.00e-05
2026-08-03 15:12:24,020 | [FULL    ] | INFO | full_experiments_using.model_trainers.mobile_vit_trainer | Ep [060/500] T-Acc:  60.1%  V-Acc:  56.9%  V-AUROC: 0.5971  LR: 4.00e-05
2026-08-03 15:12:50,241 | [FULL    ] | INFO | full_experiments_using.model_trainers.mobile_vit_trainer | Ep [061/500] T-Acc:  60.6%  V-Acc:  57.6%  V-AUROC: 0.5978  LR: 4.00e-05
2026-08-03 15:13:16,956 | [FULL    ] | INFO | full_experiments_using.model_trainers.mobile_vit_trainer | Ep [062/500] T-Acc:  60.6%  V-Acc:  56.6%  V-AUROC: 0.5971  LR: 4.00e-05
2026-08-03 15:13:44,485 | [FULL    ] | INFO | full_experiments_using.model_trainers.mobile_vit_trainer | Ep [063/500] T-Acc:  61.0%  V-Acc:  56.8%  V-AUROC: 0.5970  LR: 4.00e-05
2026-08-03 15:14:12,399 | [FULL    ] | INFO | full_experiments_using.model_trainers.mobile_vit_trainer | Ep [064/500] T-Acc:  61.8%  V-Acc:  56.7%  V-AUROC: 0.5986  LR: 4.00e-05
2026-08-03 15:14:40,320 | [FULL    ] | INFO | full_experiments_using.model_trainers.mobile_vit_trainer | Ep [065/500] T-Acc:  61.5%  V-Acc:  57.4%  V-AUROC: 0.5999  LR: 4.00e-05
2026-08-03 15:15:08,475 | [FULL    ] | INFO | full_experiments_using.model_trainers.mobile_vit_trainer | Ep [066/500] T-Acc:  60.7%  V-Acc:  57.5%  V-AUROC: 0.6004  LR: 4.00e-05
2026-08-03 15:15:36,335 | [FULL    ] | INFO | full_experiments_using.model_trainers.mobile_vit_trainer | Ep [067/500] T-Acc:  61.3%  V-Acc:  57.0%  V-AUROC: 0.6003  LR: 4.00e-05
2026-08-03 15:16:04,412 | [FULL    ] | INFO | full_experiments_using.model_trainers.mobile_vit_trainer | Ep [068/500] T-Acc:  59.8%  V-Acc:  57.0%  V-AUROC: 0.6002  LR: 4.00e-05
2026-08-03 15:16:32,529 | [FULL    ] | INFO | full_experiments_using.model_trainers.mobile_vit_trainer | Ep [069/500] T-Acc:  60.0%  V-Acc:  56.7%  V-AUROC: 0.5981  LR: 4.00e-05
2026-08-03 15:17:00,716 | [FULL    ] | INFO | full_experiments_using.model_trainers.mobile_vit_trainer | Ep [070/500] T-Acc:  60.8%  V-Acc:  56.9%  V-AUROC: 0.5997  LR: 8.00e-06
2026-08-03 15:17:28,642 | [FULL    ] | INFO | full_experiments_using.model_trainers.mobile_vit_trainer | Ep [071/500] T-Acc:  59.8%  V-Acc:  56.9%  V-AUROC: 0.6010  LR: 8.00e-06
2026-08-03 15:17:56,586 | [FULL    ] | INFO | full_experiments_using.model_trainers.mobile_vit_trainer | Ep [072/500] T-Acc:  59.8%  V-Acc:  56.6%  V-AUROC: 0.5987  LR: 8.00e-06
2026-08-03 15:18:24,592 | [FULL    ] | INFO | full_experiments_using.model_trainers.mobile_vit_trainer | Ep [073/500] T-Acc:  60.6%  V-Acc:  56.6%  V-AUROC: 0.5966  LR: 8.00e-06
2026-08-03 15:18:52,733 | [FULL    ] | INFO | full_experiments_using.model_trainers.mobile_vit_trainer | Ep [074/500] T-Acc:  60.9%  V-Acc:  57.1%  V-AUROC: 0.5988  LR: 8.00e-06
2026-08-03 15:19:20,809 | [FULL    ] | INFO | full_experiments_using.model_trainers.mobile_vit_trainer | Ep [075/500] T-Acc:  60.6%  V-Acc:  56.8%  V-AUROC: 0.6008  LR: 8.00e-06
2026-08-03 15:19:47,400 | [FULL    ] | INFO | full_experiments_using.model_trainers.mobile_vit_trainer | Ep [076/500] T-Acc:  61.2%  V-Acc:  57.2%  V-AUROC: 0.5976  LR: 8.00e-06
2026-08-03 15:20:14,691 | [FULL    ] | INFO | full_experiments_using.model_trainers.mobile_vit_trainer | Ep [077/500] T-Acc:  60.8%  V-Acc:  56.9%  V-AUROC: 0.6001  LR: 8.00e-06
2026-08-03 15:20:14,691 | [FULL    ] | INFO | full_experiments_using.model_trainers.mobile_vit_trainer | Early stop — best AUROC 0.6056 at epoch 47 (no improvement for 30 epochs)
2026-08-03 15:20:14,691 | [FULL    ] | INFO | full_experiments_using.model_trainers.mobile_vit_trainer | Done. Best AUROC: 0.6056 (epoch 47) → /home/oem/choihyunsu/VOGBasedMCIDetection/outputs/checkpoints/run_20260803_091231_full_wvote_artifact30_strat_4err/fold_14_best.pth
2026-08-03 15:20:23,681 | [FULL    ] | INFO | full_experiments_using.evaluators.monte_carlo_evaluator | -> Fold 15 Result | Acc=0.818 Sens=1.000 Spec=0.500 AUROC=0.929
2026-08-03 15:20:23,688 | [FULL    ] | INFO | full_experiments_using.evaluators.monte_carlo_evaluator | === Fold 16/30 | train: 25 subj (HC=10 MCI=15) / 3865 win | test: 12 subj (HC=4 MCI=8) / 1850 win ===
2026-08-03 15:20:23,926 | [FULL    ] | INFO | httpx | HTTP Request: HEAD https://huggingface.co/apple/mobilevit-small/resolve/main/config.json "HTTP/1.1 307 Temporary Redirect"
2026-08-03 15:20:23,938 | [FULL    ] | INFO | httpx | HTTP Request: HEAD https://huggingface.co/api/resolve-cache/models/apple/mobilevit-small/6c8612545dc98676d27bc518fa521d9e9af23e34/config.json "HTTP/1.1 200 OK"
2026-08-03 15:20:24,220 | [FULL    ] | INFO | httpx | HTTP Request: HEAD https://huggingface.co/apple/mobilevit-small/resolve/main/model.safetensors "HTTP/1.1 404 Not Found"
2026-08-03 15:20:24,565 | [FULL    ] | INFO | httpx | HTTP Request: HEAD https://huggingface.co/apple/mobilevit-small/resolve/main/model.safetensors.index.json "HTTP/1.1 404 Not Found"
2026-08-03 15:20:24,775 | [FULL    ] | INFO | httpx | HTTP Request: HEAD https://huggingface.co/apple/mobilevit-small/resolve/main/pytorch_model.bin "HTTP/1.1 302 Found"
2026-08-03 15:20:24,985 | [FULL    ] | INFO | httpx | HTTP Request: HEAD https://huggingface.co/apple/mobilevit-small/resolve/main/model.safetensors "HTTP/1.1 404 Not Found"
2026-08-03 15:20:25,191 | [FULL    ] | INFO | httpx | HTTP Request: GET https://huggingface.co/api/models/apple/mobilevit-small "HTTP/1.1 200 OK"
2026-08-03 15:20:25,471 | [FULL    ] | INFO | httpx | HTTP Request: GET https://huggingface.co/api/models/apple/mobilevit-small/commits/main "HTTP/1.1 200 OK"
2026-08-03 15:20:25,729 | [FULL    ] | INFO | httpx | HTTP Request: GET https://huggingface.co/api/models/apple/mobilevit-small/discussions?p=0 "HTTP/1.1 200 OK"
2026-08-03 15:20:25,948 | [FULL    ] | INFO | httpx | HTTP Request: GET https://huggingface.co/api/models/apple/mobilevit-small/commits/refs%2Fpr%2F6 "HTTP/1.1 200 OK"
2026-08-03 15:20:26,153 | [FULL    ] | INFO | httpx | HTTP Request: HEAD https://huggingface.co/apple/mobilevit-small/resolve/refs%2Fpr%2F6/model.safetensors.index.json "HTTP/1.1 404 Not Found"
2026-08-03 15:20:26,359 | [FULL    ] | INFO | httpx | HTTP Request: HEAD https://huggingface.co/apple/mobilevit-small/resolve/refs%2Fpr%2F6/model.safetensors "HTTP/1.1 302 Found"
2026-08-03 15:20:27,146 | [FULL    ] | INFO | full_experiments_using.model_trainers.mobile_vit_trainer | Device: cuda | max_epochs=500 | batch=32 | eval_batch=256 | es_patience=30
2026-08-03 15:20:27,156 | [FULL    ] | INFO | full_experiments_using.model_trainers.mobile_vit_trainer | CE weights — HC: 1.112  MCI: 0.909
2026-08-03 15:21:03,418 | [FULL    ] | INFO | full_experiments_using.model_trainers.mobile_vit_trainer | Ep [001/500] T-Acc:  52.2%  V-Acc:  52.5%  V-AUROC: 0.5239  LR: 2.00e-04
2026-08-03 15:21:03,541 | [FULL    ] | INFO | full_experiments_using.model_trainers.mobile_vit_trainer |   ↳ new best AUROC; saved checkpoint: /home/oem/choihyunsu/VOGBasedMCIDetection/outputs/checkpoints/run_20260803_091231_full_wvote_artifact30_strat_4err/fold_15_best.pth
2026-08-03 15:21:31,899 | [FULL    ] | INFO | full_experiments_using.model_trainers.mobile_vit_trainer | Ep [002/500] T-Acc:  51.6%  V-Acc:  51.7%  V-AUROC: 0.5225  LR: 4.00e-04
2026-08-03 15:21:59,756 | [FULL    ] | INFO | full_experiments_using.model_trainers.mobile_vit_trainer | Ep [003/500] T-Acc:  53.0%  V-Acc:  52.8%  V-AUROC: 0.5364  LR: 6.00e-04
2026-08-03 15:21:59,878 | [FULL    ] | INFO | full_experiments_using.model_trainers.mobile_vit_trainer |   ↳ new best AUROC; saved checkpoint: /home/oem/choihyunsu/VOGBasedMCIDetection/outputs/checkpoints/run_20260803_091231_full_wvote_artifact30_strat_4err/fold_15_best.pth
2026-08-03 15:22:27,919 | [FULL    ] | INFO | full_experiments_using.model_trainers.mobile_vit_trainer | Ep [004/500] T-Acc:  53.5%  V-Acc:  53.9%  V-AUROC: 0.5480  LR: 8.00e-04
2026-08-03 15:22:28,054 | [FULL    ] | INFO | full_experiments_using.model_trainers.mobile_vit_trainer |   ↳ new best AUROC; saved checkpoint: /home/oem/choihyunsu/VOGBasedMCIDetection/outputs/checkpoints/run_20260803_091231_full_wvote_artifact30_strat_4err/fold_15_best.pth
2026-08-03 15:22:56,297 | [FULL    ] | INFO | full_experiments_using.model_trainers.mobile_vit_trainer | Ep [005/500] T-Acc:  52.8%  V-Acc:  54.1%  V-AUROC: 0.5525  LR: 1.00e-03
2026-08-03 15:22:56,534 | [FULL    ] | INFO | full_experiments_using.model_trainers.mobile_vit_trainer |   ↳ new best AUROC; saved checkpoint: /home/oem/choihyunsu/VOGBasedMCIDetection/outputs/checkpoints/run_20260803_091231_full_wvote_artifact30_strat_4err/fold_15_best.pth
2026-08-03 15:23:24,669 | [FULL    ] | INFO | full_experiments_using.model_trainers.mobile_vit_trainer | Ep [006/500] T-Acc:  54.0%  V-Acc:  55.2%  V-AUROC: 0.5617  LR: 1.00e-03
2026-08-03 15:23:24,852 | [FULL    ] | INFO | full_experiments_using.model_trainers.mobile_vit_trainer |   ↳ new best AUROC; saved checkpoint: /home/oem/choihyunsu/VOGBasedMCIDetection/outputs/checkpoints/run_20260803_091231_full_wvote_artifact30_strat_4err/fold_15_best.pth
2026-08-03 15:23:53,025 | [FULL    ] | INFO | full_experiments_using.model_trainers.mobile_vit_trainer | Ep [007/500] T-Acc:  54.9%  V-Acc:  53.5%  V-AUROC: 0.5527  LR: 1.00e-03
2026-08-03 15:24:21,084 | [FULL    ] | INFO | full_experiments_using.model_trainers.mobile_vit_trainer | Ep [008/500] T-Acc:  53.6%  V-Acc:  57.3%  V-AUROC: 0.5730  LR: 1.00e-03
2026-08-03 15:24:21,221 | [FULL    ] | INFO | full_experiments_using.model_trainers.mobile_vit_trainer |   ↳ new best AUROC; saved checkpoint: /home/oem/choihyunsu/VOGBasedMCIDetection/outputs/checkpoints/run_20260803_091231_full_wvote_artifact30_strat_4err/fold_15_best.pth
2026-08-03 15:24:49,202 | [FULL    ] | INFO | full_experiments_using.model_trainers.mobile_vit_trainer | Ep [009/500] T-Acc:  54.3%  V-Acc:  54.5%  V-AUROC: 0.5705  LR: 1.00e-03
2026-08-03 15:25:17,344 | [FULL    ] | INFO | full_experiments_using.model_trainers.mobile_vit_trainer | Ep [010/500] T-Acc:  55.1%  V-Acc:  57.1%  V-AUROC: 0.5931  LR: 1.00e-03
2026-08-03 15:25:17,492 | [FULL    ] | INFO | full_experiments_using.model_trainers.mobile_vit_trainer |   ↳ new best AUROC; saved checkpoint: /home/oem/choihyunsu/VOGBasedMCIDetection/outputs/checkpoints/run_20260803_091231_full_wvote_artifact30_strat_4err/fold_15_best.pth
2026-08-03 15:25:45,670 | [FULL    ] | INFO | full_experiments_using.model_trainers.mobile_vit_trainer | Ep [011/500] T-Acc:  55.3%  V-Acc:  58.3%  V-AUROC: 0.5952  LR: 1.00e-03
2026-08-03 15:25:45,814 | [FULL    ] | INFO | full_experiments_using.model_trainers.mobile_vit_trainer |   ↳ new best AUROC; saved checkpoint: /home/oem/choihyunsu/VOGBasedMCIDetection/outputs/checkpoints/run_20260803_091231_full_wvote_artifact30_strat_4err/fold_15_best.pth
2026-08-03 15:26:13,857 | [FULL    ] | INFO | full_experiments_using.model_trainers.mobile_vit_trainer | Ep [012/500] T-Acc:  55.7%  V-Acc:  57.9%  V-AUROC: 0.5977  LR: 1.00e-03
2026-08-03 15:26:14,014 | [FULL    ] | INFO | full_experiments_using.model_trainers.mobile_vit_trainer |   ↳ new best AUROC; saved checkpoint: /home/oem/choihyunsu/VOGBasedMCIDetection/outputs/checkpoints/run_20260803_091231_full_wvote_artifact30_strat_4err/fold_15_best.pth
2026-08-03 15:26:42,172 | [FULL    ] | INFO | full_experiments_using.model_trainers.mobile_vit_trainer | Ep [013/500] T-Acc:  55.0%  V-Acc:  56.9%  V-AUROC: 0.5953  LR: 1.00e-03
2026-08-03 15:27:10,266 | [FULL    ] | INFO | full_experiments_using.model_trainers.mobile_vit_trainer | Ep [014/500] T-Acc:  56.7%  V-Acc:  58.1%  V-AUROC: 0.6055  LR: 1.00e-03
2026-08-03 15:27:10,397 | [FULL    ] | INFO | full_experiments_using.model_trainers.mobile_vit_trainer |   ↳ new best AUROC; saved checkpoint: /home/oem/choihyunsu/VOGBasedMCIDetection/outputs/checkpoints/run_20260803_091231_full_wvote_artifact30_strat_4err/fold_15_best.pth
2026-08-03 15:27:38,690 | [FULL    ] | INFO | full_experiments_using.model_trainers.mobile_vit_trainer | Ep [015/500] T-Acc:  57.5%  V-Acc:  57.5%  V-AUROC: 0.6006  LR: 1.00e-03
2026-08-03 15:28:06,879 | [FULL    ] | INFO | full_experiments_using.model_trainers.mobile_vit_trainer | Ep [016/500] T-Acc:  56.8%  V-Acc:  56.7%  V-AUROC: 0.5983  LR: 1.00e-03
2026-08-03 15:28:34,901 | [FULL    ] | INFO | full_experiments_using.model_trainers.mobile_vit_trainer | Ep [017/500] T-Acc:  57.7%  V-Acc:  59.1%  V-AUROC: 0.6000  LR: 1.00e-03
2026-08-03 15:29:01,308 | [FULL    ] | INFO | full_experiments_using.model_trainers.mobile_vit_trainer | Ep [018/500] T-Acc:  56.4%  V-Acc:  57.4%  V-AUROC: 0.5991  LR: 1.00e-03
2026-08-03 15:29:28,281 | [FULL    ] | INFO | full_experiments_using.model_trainers.mobile_vit_trainer | Ep [019/500] T-Acc:  57.7%  V-Acc:  56.2%  V-AUROC: 0.5947  LR: 1.00e-03
2026-08-03 15:29:55,865 | [FULL    ] | INFO | full_experiments_using.model_trainers.mobile_vit_trainer | Ep [020/500] T-Acc:  58.5%  V-Acc:  58.0%  V-AUROC: 0.5905  LR: 1.00e-03
2026-08-03 15:30:23,944 | [FULL    ] | INFO | full_experiments_using.model_trainers.mobile_vit_trainer | Ep [021/500] T-Acc:  57.6%  V-Acc:  57.8%  V-AUROC: 0.6002  LR: 1.00e-03
2026-08-03 15:30:52,266 | [FULL    ] | INFO | full_experiments_using.model_trainers.mobile_vit_trainer | Ep [022/500] T-Acc:  58.1%  V-Acc:  58.2%  V-AUROC: 0.6051  LR: 1.00e-03
2026-08-03 15:31:20,289 | [FULL    ] | INFO | full_experiments_using.model_trainers.mobile_vit_trainer | Ep [023/500] T-Acc:  58.8%  V-Acc:  58.3%  V-AUROC: 0.6068  LR: 1.00e-03
2026-08-03 15:31:20,452 | [FULL    ] | INFO | full_experiments_using.model_trainers.mobile_vit_trainer |   ↳ new best AUROC; saved checkpoint: /home/oem/choihyunsu/VOGBasedMCIDetection/outputs/checkpoints/run_20260803_091231_full_wvote_artifact30_strat_4err/fold_15_best.pth
2026-08-03 15:31:48,641 | [FULL    ] | INFO | full_experiments_using.model_trainers.mobile_vit_trainer | Ep [024/500] T-Acc:  58.3%  V-Acc:  57.3%  V-AUROC: 0.5985  LR: 1.00e-03
2026-08-03 15:32:16,656 | [FULL    ] | INFO | full_experiments_using.model_trainers.mobile_vit_trainer | Ep [025/500] T-Acc:  59.9%  V-Acc:  60.0%  V-AUROC: 0.6113  LR: 1.00e-03
2026-08-03 15:32:16,775 | [FULL    ] | INFO | full_experiments_using.model_trainers.mobile_vit_trainer |   ↳ new best AUROC; saved checkpoint: /home/oem/choihyunsu/VOGBasedMCIDetection/outputs/checkpoints/run_20260803_091231_full_wvote_artifact30_strat_4err/fold_15_best.pth
2026-08-03 15:32:44,779 | [FULL    ] | INFO | full_experiments_using.model_trainers.mobile_vit_trainer | Ep [026/500] T-Acc:  59.1%  V-Acc:  59.7%  V-AUROC: 0.6071  LR: 1.00e-03
2026-08-03 15:33:12,758 | [FULL    ] | INFO | full_experiments_using.model_trainers.mobile_vit_trainer | Ep [027/500] T-Acc:  59.8%  V-Acc:  59.4%  V-AUROC: 0.6091  LR: 1.00e-03
2026-08-03 15:33:41,023 | [FULL    ] | INFO | full_experiments_using.model_trainers.mobile_vit_trainer | Ep [028/500] T-Acc:  58.3%  V-Acc:  59.3%  V-AUROC: 0.6044  LR: 1.00e-03
2026-08-03 15:34:09,128 | [FULL    ] | INFO | full_experiments_using.model_trainers.mobile_vit_trainer | Ep [029/500] T-Acc:  58.6%  V-Acc:  57.1%  V-AUROC: 0.5965  LR: 1.00e-03
2026-08-03 15:34:37,568 | [FULL    ] | INFO | full_experiments_using.model_trainers.mobile_vit_trainer | Ep [030/500] T-Acc:  58.5%  V-Acc:  59.2%  V-AUROC: 0.6142  LR: 1.00e-03
2026-08-03 15:34:37,726 | [FULL    ] | INFO | full_experiments_using.model_trainers.mobile_vit_trainer |   ↳ new best AUROC; saved checkpoint: /home/oem/choihyunsu/VOGBasedMCIDetection/outputs/checkpoints/run_20260803_091231_full_wvote_artifact30_strat_4err/fold_15_best.pth
2026-08-03 15:35:05,906 | [FULL    ] | INFO | full_experiments_using.model_trainers.mobile_vit_trainer | Ep [031/500] T-Acc:  58.1%  V-Acc:  58.2%  V-AUROC: 0.5989  LR: 1.00e-03
2026-08-03 15:35:34,075 | [FULL    ] | INFO | full_experiments_using.model_trainers.mobile_vit_trainer | Ep [032/500] T-Acc:  59.6%  V-Acc:  57.2%  V-AUROC: 0.6045  LR: 1.00e-03
2026-08-03 15:36:02,303 | [FULL    ] | INFO | full_experiments_using.model_trainers.mobile_vit_trainer | Ep [033/500] T-Acc:  59.8%  V-Acc:  59.1%  V-AUROC: 0.6108  LR: 1.00e-03
2026-08-03 15:36:30,464 | [FULL    ] | INFO | full_experiments_using.model_trainers.mobile_vit_trainer | Ep [034/500] T-Acc:  59.2%  V-Acc:  59.2%  V-AUROC: 0.6136  LR: 1.00e-03
2026-08-03 15:36:58,687 | [FULL    ] | INFO | full_experiments_using.model_trainers.mobile_vit_trainer | Ep [035/500] T-Acc:  60.9%  V-Acc:  60.6%  V-AUROC: 0.6214  LR: 1.00e-03
2026-08-03 15:36:58,812 | [FULL    ] | INFO | full_experiments_using.model_trainers.mobile_vit_trainer |   ↳ new best AUROC; saved checkpoint: /home/oem/choihyunsu/VOGBasedMCIDetection/outputs/checkpoints/run_20260803_091231_full_wvote_artifact30_strat_4err/fold_15_best.pth
2026-08-03 15:37:26,893 | [FULL    ] | INFO | full_experiments_using.model_trainers.mobile_vit_trainer | Ep [036/500] T-Acc:  60.5%  V-Acc:  56.9%  V-AUROC: 0.6096  LR: 1.00e-03
2026-08-03 15:37:55,059 | [FULL    ] | INFO | full_experiments_using.model_trainers.mobile_vit_trainer | Ep [037/500] T-Acc:  59.7%  V-Acc:  59.7%  V-AUROC: 0.6061  LR: 1.00e-03
2026-08-03 15:38:23,081 | [FULL    ] | INFO | full_experiments_using.model_trainers.mobile_vit_trainer | Ep [038/500] T-Acc:  60.7%  V-Acc:  58.7%  V-AUROC: 0.6061  LR: 1.00e-03
2026-08-03 15:38:51,364 | [FULL    ] | INFO | full_experiments_using.model_trainers.mobile_vit_trainer | Ep [039/500] T-Acc:  59.6%  V-Acc:  57.6%  V-AUROC: 0.6060  LR: 1.00e-03
2026-08-03 15:39:19,364 | [FULL    ] | INFO | full_experiments_using.model_trainers.mobile_vit_trainer | Ep [040/500] T-Acc:  60.4%  V-Acc:  57.9%  V-AUROC: 0.6066  LR: 1.00e-03
2026-08-03 15:39:47,300 | [FULL    ] | INFO | full_experiments_using.model_trainers.mobile_vit_trainer | Ep [041/500] T-Acc:  61.3%  V-Acc:  58.2%  V-AUROC: 0.6117  LR: 1.00e-03
2026-08-03 15:40:15,466 | [FULL    ] | INFO | full_experiments_using.model_trainers.mobile_vit_trainer | Ep [042/500] T-Acc:  60.0%  V-Acc:  57.2%  V-AUROC: 0.6128  LR: 1.00e-03
2026-08-03 15:40:43,572 | [FULL    ] | INFO | full_experiments_using.model_trainers.mobile_vit_trainer | Ep [043/500] T-Acc:  60.1%  V-Acc:  58.8%  V-AUROC: 0.6253  LR: 1.00e-03
2026-08-03 15:40:43,691 | [FULL    ] | INFO | full_experiments_using.model_trainers.mobile_vit_trainer |   ↳ new best AUROC; saved checkpoint: /home/oem/choihyunsu/VOGBasedMCIDetection/outputs/checkpoints/run_20260803_091231_full_wvote_artifact30_strat_4err/fold_15_best.pth
2026-08-03 15:41:12,020 | [FULL    ] | INFO | full_experiments_using.model_trainers.mobile_vit_trainer | Ep [044/500] T-Acc:  60.1%  V-Acc:  59.9%  V-AUROC: 0.6158  LR: 1.00e-03
2026-08-03 15:41:38,341 | [FULL    ] | INFO | full_experiments_using.model_trainers.mobile_vit_trainer | Ep [045/500] T-Acc:  60.1%  V-Acc:  56.4%  V-AUROC: 0.6027  LR: 1.00e-03
2026-08-03 15:42:05,278 | [FULL    ] | INFO | full_experiments_using.model_trainers.mobile_vit_trainer | Ep [046/500] T-Acc:  59.9%  V-Acc:  59.4%  V-AUROC: 0.6109  LR: 1.00e-03
2026-08-03 15:42:32,024 | [FULL    ] | INFO | full_experiments_using.model_trainers.mobile_vit_trainer | Ep [047/500] T-Acc:  60.7%  V-Acc:  56.8%  V-AUROC: 0.5965  LR: 1.00e-03
2026-08-03 15:42:58,802 | [FULL    ] | INFO | full_experiments_using.model_trainers.mobile_vit_trainer | Ep [048/500] T-Acc:  60.6%  V-Acc:  58.1%  V-AUROC: 0.6016  LR: 1.00e-03
2026-08-03 15:43:24,853 | [FULL    ] | INFO | full_experiments_using.model_trainers.mobile_vit_trainer | Ep [049/500] T-Acc:  60.6%  V-Acc:  59.6%  V-AUROC: 0.6141  LR: 1.00e-03
2026-08-03 15:43:52,881 | [FULL    ] | INFO | full_experiments_using.model_trainers.mobile_vit_trainer | Ep [050/500] T-Acc:  60.9%  V-Acc:  58.7%  V-AUROC: 0.6029  LR: 1.00e-03
2026-08-03 15:44:21,011 | [FULL    ] | INFO | full_experiments_using.model_trainers.mobile_vit_trainer | Ep [051/500] T-Acc:  61.3%  V-Acc:  59.1%  V-AUROC: 0.6102  LR: 1.00e-03
2026-08-03 15:44:49,266 | [FULL    ] | INFO | full_experiments_using.model_trainers.mobile_vit_trainer | Ep [052/500] T-Acc:  60.2%  V-Acc:  58.2%  V-AUROC: 0.6094  LR: 1.00e-03
2026-08-03 15:45:17,247 | [FULL    ] | INFO | full_experiments_using.model_trainers.mobile_vit_trainer | Ep [053/500] T-Acc:  60.4%  V-Acc:  57.8%  V-AUROC: 0.6111  LR: 1.00e-03
2026-08-03 15:45:45,357 | [FULL    ] | INFO | full_experiments_using.model_trainers.mobile_vit_trainer | Ep [054/500] T-Acc:  61.0%  V-Acc:  57.7%  V-AUROC: 0.6086  LR: 1.00e-03
2026-08-03 15:46:13,503 | [FULL    ] | INFO | full_experiments_using.model_trainers.mobile_vit_trainer | Ep [055/500] T-Acc:  60.7%  V-Acc:  58.3%  V-AUROC: 0.6107  LR: 2.00e-04
2026-08-03 15:46:41,516 | [FULL    ] | INFO | full_experiments_using.model_trainers.mobile_vit_trainer | Ep [056/500] T-Acc:  61.6%  V-Acc:  58.4%  V-AUROC: 0.6111  LR: 2.00e-04
2026-08-03 15:47:09,535 | [FULL    ] | INFO | full_experiments_using.model_trainers.mobile_vit_trainer | Ep [057/500] T-Acc:  61.2%  V-Acc:  58.8%  V-AUROC: 0.6140  LR: 2.00e-04
2026-08-03 15:47:37,813 | [FULL    ] | INFO | full_experiments_using.model_trainers.mobile_vit_trainer | Ep [058/500] T-Acc:  61.7%  V-Acc:  59.3%  V-AUROC: 0.6129  LR: 2.00e-04
2026-08-03 15:48:05,897 | [FULL    ] | INFO | full_experiments_using.model_trainers.mobile_vit_trainer | Ep [059/500] T-Acc:  61.7%  V-Acc:  58.7%  V-AUROC: 0.6137  LR: 2.00e-04
2026-08-03 15:48:34,092 | [FULL    ] | INFO | full_experiments_using.model_trainers.mobile_vit_trainer | Ep [060/500] T-Acc:  60.9%  V-Acc:  59.1%  V-AUROC: 0.6167  LR: 2.00e-04
2026-08-03 15:49:02,178 | [FULL    ] | INFO | full_experiments_using.model_trainers.mobile_vit_trainer | Ep [061/500] T-Acc:  61.2%  V-Acc:  58.6%  V-AUROC: 0.6144  LR: 2.00e-04
2026-08-03 15:49:30,446 | [FULL    ] | INFO | full_experiments_using.model_trainers.mobile_vit_trainer | Ep [062/500] T-Acc:  62.5%  V-Acc:  58.5%  V-AUROC: 0.6176  LR: 2.00e-04
2026-08-03 15:49:58,572 | [FULL    ] | INFO | full_experiments_using.model_trainers.mobile_vit_trainer | Ep [063/500] T-Acc:  61.4%  V-Acc:  59.4%  V-AUROC: 0.6186  LR: 2.00e-04
2026-08-03 15:50:26,785 | [FULL    ] | INFO | full_experiments_using.model_trainers.mobile_vit_trainer | Ep [064/500] T-Acc:  61.8%  V-Acc:  58.8%  V-AUROC: 0.6213  LR: 2.00e-04
2026-08-03 15:50:54,918 | [FULL    ] | INFO | full_experiments_using.model_trainers.mobile_vit_trainer | Ep [065/500] T-Acc:  62.3%  V-Acc:  59.6%  V-AUROC: 0.6174  LR: 2.00e-04
2026-08-03 15:51:23,151 | [FULL    ] | INFO | full_experiments_using.model_trainers.mobile_vit_trainer | Ep [066/500] T-Acc:  61.4%  V-Acc:  58.9%  V-AUROC: 0.6193  LR: 4.00e-05
2026-08-03 15:51:51,485 | [FULL    ] | INFO | full_experiments_using.model_trainers.mobile_vit_trainer | Ep [067/500] T-Acc:  61.1%  V-Acc:  59.5%  V-AUROC: 0.6192  LR: 4.00e-05
2026-08-03 15:52:19,719 | [FULL    ] | INFO | full_experiments_using.model_trainers.mobile_vit_trainer | Ep [068/500] T-Acc:  61.1%  V-Acc:  59.4%  V-AUROC: 0.6200  LR: 4.00e-05
2026-08-03 15:52:48,119 | [FULL    ] | INFO | full_experiments_using.model_trainers.mobile_vit_trainer | Ep [069/500] T-Acc:  61.4%  V-Acc:  59.0%  V-AUROC: 0.6221  LR: 4.00e-05
2026-08-03 15:53:16,236 | [FULL    ] | INFO | full_experiments_using.model_trainers.mobile_vit_trainer | Ep [070/500] T-Acc:  61.9%  V-Acc:  59.7%  V-AUROC: 0.6218  LR: 4.00e-05
2026-08-03 15:53:42,552 | [FULL    ] | INFO | full_experiments_using.model_trainers.mobile_vit_trainer | Ep [071/500] T-Acc:  63.0%  V-Acc:  59.4%  V-AUROC: 0.6201  LR: 4.00e-05
2026-08-03 15:54:08,449 | [FULL    ] | INFO | full_experiments_using.model_trainers.mobile_vit_trainer | Ep [072/500] T-Acc:  61.6%  V-Acc:  59.4%  V-AUROC: 0.6193  LR: 4.00e-05
2026-08-03 15:54:36,459 | [FULL    ] | INFO | full_experiments_using.model_trainers.mobile_vit_trainer | Ep [073/500] T-Acc:  60.4%  V-Acc:  59.5%  V-AUROC: 0.6212  LR: 4.00e-05
2026-08-03 15:54:36,459 | [FULL    ] | INFO | full_experiments_using.model_trainers.mobile_vit_trainer | Early stop — best AUROC 0.6253 at epoch 43 (no improvement for 30 epochs)
2026-08-03 15:54:36,459 | [FULL    ] | INFO | full_experiments_using.model_trainers.mobile_vit_trainer | Done. Best AUROC: 0.6253 (epoch 43) → /home/oem/choihyunsu/VOGBasedMCIDetection/outputs/checkpoints/run_20260803_091231_full_wvote_artifact30_strat_4err/fold_15_best.pth
2026-08-03 15:54:45,965 | [FULL    ] | INFO | full_experiments_using.evaluators.monte_carlo_evaluator | -> Fold 16 Result | Acc=0.727 Sens=0.714 Spec=0.750 AUROC=0.929
2026-08-03 15:54:45,972 | [FULL    ] | INFO | full_experiments_using.evaluators.monte_carlo_evaluator | === Fold 17/30 | train: 25 subj (HC=10 MCI=15) / 3884 win | test: 12 subj (HC=4 MCI=8) / 1831 win ===
2026-08-03 15:54:46,246 | [FULL    ] | INFO | httpx | HTTP Request: HEAD https://huggingface.co/apple/mobilevit-small/resolve/main/config.json "HTTP/1.1 307 Temporary Redirect"
2026-08-03 15:54:46,321 | [FULL    ] | INFO | httpx | HTTP Request: HEAD https://huggingface.co/api/resolve-cache/models/apple/mobilevit-small/6c8612545dc98676d27bc518fa521d9e9af23e34/config.json "HTTP/1.1 200 OK"
2026-08-03 15:54:46,666 | [FULL    ] | INFO | httpx | HTTP Request: HEAD https://huggingface.co/apple/mobilevit-small/resolve/main/model.safetensors "HTTP/1.1 404 Not Found"
2026-08-03 15:54:46,883 | [FULL    ] | INFO | httpx | HTTP Request: HEAD https://huggingface.co/apple/mobilevit-small/resolve/main/model.safetensors.index.json "HTTP/1.1 404 Not Found"
2026-08-03 15:54:47,141 | [FULL    ] | INFO | httpx | HTTP Request: HEAD https://huggingface.co/apple/mobilevit-small/resolve/main/pytorch_model.bin "HTTP/1.1 302 Found"
2026-08-03 15:54:47,343 | [FULL    ] | INFO | httpx | HTTP Request: HEAD https://huggingface.co/apple/mobilevit-small/resolve/main/model.safetensors "HTTP/1.1 404 Not Found"
2026-08-03 15:54:47,568 | [FULL    ] | INFO | httpx | HTTP Request: GET https://huggingface.co/api/models/apple/mobilevit-small "HTTP/1.1 200 OK"
2026-08-03 15:54:47,817 | [FULL    ] | INFO | httpx | HTTP Request: GET https://huggingface.co/api/models/apple/mobilevit-small/commits/main "HTTP/1.1 200 OK"
2026-08-03 15:54:48,074 | [FULL    ] | INFO | httpx | HTTP Request: GET https://huggingface.co/api/models/apple/mobilevit-small/discussions?p=0 "HTTP/1.1 200 OK"
2026-08-03 15:54:48,350 | [FULL    ] | INFO | httpx | HTTP Request: GET https://huggingface.co/api/models/apple/mobilevit-small/commits/refs%2Fpr%2F6 "HTTP/1.1 200 OK"
2026-08-03 15:54:48,573 | [FULL    ] | INFO | httpx | HTTP Request: HEAD https://huggingface.co/apple/mobilevit-small/resolve/refs%2Fpr%2F6/model.safetensors.index.json "HTTP/1.1 404 Not Found"
2026-08-03 15:54:48,918 | [FULL    ] | INFO | httpx | HTTP Request: HEAD https://huggingface.co/apple/mobilevit-small/resolve/refs%2Fpr%2F6/model.safetensors "HTTP/1.1 302 Found"
2026-08-03 15:54:49,422 | [FULL    ] | INFO | full_experiments_using.model_trainers.mobile_vit_trainer | Device: cuda | max_epochs=500 | batch=32 | eval_batch=256 | es_patience=30
2026-08-03 15:54:49,445 | [FULL    ] | INFO | full_experiments_using.model_trainers.mobile_vit_trainer | CE weights — HC: 1.084  MCI: 0.928
2026-08-03 15:55:26,456 | [FULL    ] | INFO | full_experiments_using.model_trainers.mobile_vit_trainer | Ep [001/500] T-Acc:  51.6%  V-Acc:  49.2%  V-AUROC: 0.5382  LR: 2.00e-04
2026-08-03 15:55:26,515 | [FULL    ] | INFO | full_experiments_using.model_trainers.mobile_vit_trainer |   ↳ new best AUROC; saved checkpoint: /home/oem/choihyunsu/VOGBasedMCIDetection/outputs/checkpoints/run_20260803_091231_full_wvote_artifact30_strat_4err/fold_16_best.pth
2026-08-03 15:55:54,692 | [FULL    ] | INFO | full_experiments_using.model_trainers.mobile_vit_trainer | Ep [002/500] T-Acc:  51.4%  V-Acc:  49.7%  V-AUROC: 0.5522  LR: 4.00e-04
2026-08-03 15:55:54,818 | [FULL    ] | INFO | full_experiments_using.model_trainers.mobile_vit_trainer |   ↳ new best AUROC; saved checkpoint: /home/oem/choihyunsu/VOGBasedMCIDetection/outputs/checkpoints/run_20260803_091231_full_wvote_artifact30_strat_4err/fold_16_best.pth
2026-08-03 15:56:22,996 | [FULL    ] | INFO | full_experiments_using.model_trainers.mobile_vit_trainer | Ep [003/500] T-Acc:  53.2%  V-Acc:  51.7%  V-AUROC: 0.5714  LR: 6.00e-04
2026-08-03 15:56:23,191 | [FULL    ] | INFO | full_experiments_using.model_trainers.mobile_vit_trainer |   ↳ new best AUROC; saved checkpoint: /home/oem/choihyunsu/VOGBasedMCIDetection/outputs/checkpoints/run_20260803_091231_full_wvote_artifact30_strat_4err/fold_16_best.pth
2026-08-03 15:56:51,481 | [FULL    ] | INFO | full_experiments_using.model_trainers.mobile_vit_trainer | Ep [004/500] T-Acc:  52.9%  V-Acc:  53.0%  V-AUROC: 0.5639  LR: 8.00e-04
2026-08-03 15:57:19,931 | [FULL    ] | INFO | full_experiments_using.model_trainers.mobile_vit_trainer | Ep [005/500] T-Acc:  53.7%  V-Acc:  52.8%  V-AUROC: 0.5648  LR: 1.00e-03
2026-08-03 15:57:48,053 | [FULL    ] | INFO | full_experiments_using.model_trainers.mobile_vit_trainer | Ep [006/500] T-Acc:  56.3%  V-Acc:  53.2%  V-AUROC: 0.5631  LR: 1.00e-03
2026-08-03 15:58:16,389 | [FULL    ] | INFO | full_experiments_using.model_trainers.mobile_vit_trainer | Ep [007/500] T-Acc:  55.9%  V-Acc:  54.7%  V-AUROC: 0.5774  LR: 1.00e-03
2026-08-03 15:58:16,583 | [FULL    ] | INFO | full_experiments_using.model_trainers.mobile_vit_trainer |   ↳ new best AUROC; saved checkpoint: /home/oem/choihyunsu/VOGBasedMCIDetection/outputs/checkpoints/run_20260803_091231_full_wvote_artifact30_strat_4err/fold_16_best.pth
2026-08-03 15:58:44,955 | [FULL    ] | INFO | full_experiments_using.model_trainers.mobile_vit_trainer | Ep [008/500] T-Acc:  56.4%  V-Acc:  52.4%  V-AUROC: 0.5740  LR: 1.00e-03
2026-08-03 15:59:13,204 | [FULL    ] | INFO | full_experiments_using.model_trainers.mobile_vit_trainer | Ep [009/500] T-Acc:  56.4%  V-Acc:  53.9%  V-AUROC: 0.5729  LR: 1.00e-03
2026-08-03 15:59:41,751 | [FULL    ] | INFO | full_experiments_using.model_trainers.mobile_vit_trainer | Ep [010/500] T-Acc:  57.6%  V-Acc:  53.3%  V-AUROC: 0.5714  LR: 1.00e-03
2026-08-03 16:00:09,946 | [FULL    ] | INFO | full_experiments_using.model_trainers.mobile_vit_trainer | Ep [011/500] T-Acc:  56.7%  V-Acc:  55.2%  V-AUROC: 0.5783  LR: 1.00e-03
2026-08-03 16:00:10,171 | [FULL    ] | INFO | full_experiments_using.model_trainers.mobile_vit_trainer |   ↳ new best AUROC; saved checkpoint: /home/oem/choihyunsu/VOGBasedMCIDetection/outputs/checkpoints/run_20260803_091231_full_wvote_artifact30_strat_4err/fold_16_best.pth
2026-08-03 16:00:38,568 | [FULL    ] | INFO | full_experiments_using.model_trainers.mobile_vit_trainer | Ep [012/500] T-Acc:  58.5%  V-Acc:  54.5%  V-AUROC: 0.5770  LR: 1.00e-03
2026-08-03 16:01:06,840 | [FULL    ] | INFO | full_experiments_using.model_trainers.mobile_vit_trainer | Ep [013/500] T-Acc:  58.5%  V-Acc:  52.9%  V-AUROC: 0.5701  LR: 1.00e-03
2026-08-03 16:01:35,255 | [FULL    ] | INFO | full_experiments_using.model_trainers.mobile_vit_trainer | Ep [014/500] T-Acc:  59.3%  V-Acc:  54.7%  V-AUROC: 0.5764  LR: 1.00e-03
2026-08-03 16:02:03,297 | [FULL    ] | INFO | full_experiments_using.model_trainers.mobile_vit_trainer | Ep [015/500] T-Acc:  58.9%  V-Acc:  52.5%  V-AUROC: 0.5705  LR: 1.00e-03
2026-08-03 16:02:32,131 | [FULL    ] | INFO | full_experiments_using.model_trainers.mobile_vit_trainer | Ep [016/500] T-Acc:  58.6%  V-Acc:  53.9%  V-AUROC: 0.5817  LR: 1.00e-03
2026-08-03 16:02:32,234 | [FULL    ] | INFO | full_experiments_using.model_trainers.mobile_vit_trainer |   ↳ new best AUROC; saved checkpoint: /home/oem/choihyunsu/VOGBasedMCIDetection/outputs/checkpoints/run_20260803_091231_full_wvote_artifact30_strat_4err/fold_16_best.pth
2026-08-03 16:03:00,699 | [FULL    ] | INFO | full_experiments_using.model_trainers.mobile_vit_trainer | Ep [017/500] T-Acc:  58.6%  V-Acc:  53.5%  V-AUROC: 0.5829  LR: 1.00e-03
2026-08-03 16:03:00,886 | [FULL    ] | INFO | full_experiments_using.model_trainers.mobile_vit_trainer |   ↳ new best AUROC; saved checkpoint: /home/oem/choihyunsu/VOGBasedMCIDetection/outputs/checkpoints/run_20260803_091231_full_wvote_artifact30_strat_4err/fold_16_best.pth
2026-08-03 16:03:29,115 | [FULL    ] | INFO | full_experiments_using.model_trainers.mobile_vit_trainer | Ep [018/500] T-Acc:  59.6%  V-Acc:  53.4%  V-AUROC: 0.5755  LR: 1.00e-03
2026-08-03 16:03:57,555 | [FULL    ] | INFO | full_experiments_using.model_trainers.mobile_vit_trainer | Ep [019/500] T-Acc:  59.6%  V-Acc:  55.4%  V-AUROC: 0.5821  LR: 1.00e-03
2026-08-03 16:04:25,909 | [FULL    ] | INFO | full_experiments_using.model_trainers.mobile_vit_trainer | Ep [020/500] T-Acc:  60.2%  V-Acc:  51.8%  V-AUROC: 0.5666  LR: 1.00e-03
2026-08-03 16:04:54,525 | [FULL    ] | INFO | full_experiments_using.model_trainers.mobile_vit_trainer | Ep [021/500] T-Acc:  59.6%  V-Acc:  55.2%  V-AUROC: 0.5775  LR: 1.00e-03
2026-08-03 16:05:22,849 | [FULL    ] | INFO | full_experiments_using.model_trainers.mobile_vit_trainer | Ep [022/500] T-Acc:  60.6%  V-Acc:  53.2%  V-AUROC: 0.5754  LR: 1.00e-03
2026-08-03 16:05:51,375 | [FULL    ] | INFO | full_experiments_using.model_trainers.mobile_vit_trainer | Ep [023/500] T-Acc:  60.6%  V-Acc:  52.9%  V-AUROC: 0.5699  LR: 1.00e-03
2026-08-03 16:06:19,675 | [FULL    ] | INFO | full_experiments_using.model_trainers.mobile_vit_trainer | Ep [024/500] T-Acc:  61.2%  V-Acc:  54.0%  V-AUROC: 0.5716  LR: 1.00e-03
2026-08-03 16:06:47,980 | [FULL    ] | INFO | full_experiments_using.model_trainers.mobile_vit_trainer | Ep [025/500] T-Acc:  59.8%  V-Acc:  54.9%  V-AUROC: 0.5765  LR: 1.00e-03
2026-08-03 16:07:16,393 | [FULL    ] | INFO | full_experiments_using.model_trainers.mobile_vit_trainer | Ep [026/500] T-Acc:  61.1%  V-Acc:  55.5%  V-AUROC: 0.5792  LR: 1.00e-03
2026-08-03 16:07:44,637 | [FULL    ] | INFO | full_experiments_using.model_trainers.mobile_vit_trainer | Ep [027/500] T-Acc:  62.4%  V-Acc:  53.3%  V-AUROC: 0.5674  LR: 1.00e-03
2026-08-03 16:08:13,058 | [FULL    ] | INFO | full_experiments_using.model_trainers.mobile_vit_trainer | Ep [028/500] T-Acc:  61.1%  V-Acc:  53.1%  V-AUROC: 0.5650  LR: 1.00e-03
2026-08-03 16:08:41,286 | [FULL    ] | INFO | full_experiments_using.model_trainers.mobile_vit_trainer | Ep [029/500] T-Acc:  61.9%  V-Acc:  52.6%  V-AUROC: 0.5652  LR: 2.00e-04
2026-08-03 16:09:09,817 | [FULL    ] | INFO | full_experiments_using.model_trainers.mobile_vit_trainer | Ep [030/500] T-Acc:  62.0%  V-Acc:  53.0%  V-AUROC: 0.5656  LR: 2.00e-04
2026-08-03 16:09:38,290 | [FULL    ] | INFO | full_experiments_using.model_trainers.mobile_vit_trainer | Ep [031/500] T-Acc:  61.9%  V-Acc:  54.1%  V-AUROC: 0.5659  LR: 2.00e-04
2026-08-03 16:10:06,612 | [FULL    ] | INFO | full_experiments_using.model_trainers.mobile_vit_trainer | Ep [032/500] T-Acc:  62.1%  V-Acc:  53.2%  V-AUROC: 0.5664  LR: 2.00e-04
2026-08-03 16:10:34,972 | [FULL    ] | INFO | full_experiments_using.model_trainers.mobile_vit_trainer | Ep [033/500] T-Acc:  62.4%  V-Acc:  53.4%  V-AUROC: 0.5673  LR: 2.00e-04
2026-08-03 16:11:03,403 | [FULL    ] | INFO | full_experiments_using.model_trainers.mobile_vit_trainer | Ep [034/500] T-Acc:  62.2%  V-Acc:  52.5%  V-AUROC: 0.5661  LR: 2.00e-04
2026-08-03 16:11:31,679 | [FULL    ] | INFO | full_experiments_using.model_trainers.mobile_vit_trainer | Ep [035/500] T-Acc:  61.3%  V-Acc:  53.7%  V-AUROC: 0.5653  LR: 2.00e-04
2026-08-03 16:12:00,141 | [FULL    ] | INFO | full_experiments_using.model_trainers.mobile_vit_trainer | Ep [036/500] T-Acc:  62.0%  V-Acc:  52.4%  V-AUROC: 0.5667  LR: 2.00e-04
2026-08-03 16:12:28,447 | [FULL    ] | INFO | full_experiments_using.model_trainers.mobile_vit_trainer | Ep [037/500] T-Acc:  61.9%  V-Acc:  52.8%  V-AUROC: 0.5653  LR: 2.00e-04
2026-08-03 16:12:56,667 | [FULL    ] | INFO | full_experiments_using.model_trainers.mobile_vit_trainer | Ep [038/500] T-Acc:  62.6%  V-Acc:  54.0%  V-AUROC: 0.5680  LR: 2.00e-04
2026-08-03 16:13:23,206 | [FULL    ] | INFO | full_experiments_using.model_trainers.mobile_vit_trainer | Ep [039/500] T-Acc:  63.0%  V-Acc:  54.1%  V-AUROC: 0.5669  LR: 2.00e-04
2026-08-03 16:13:50,729 | [FULL    ] | INFO | full_experiments_using.model_trainers.mobile_vit_trainer | Ep [040/500] T-Acc:  63.0%  V-Acc:  53.7%  V-AUROC: 0.5673  LR: 4.00e-05
2026-08-03 16:14:17,593 | [FULL    ] | INFO | full_experiments_using.model_trainers.mobile_vit_trainer | Ep [041/500] T-Acc:  63.0%  V-Acc:  53.0%  V-AUROC: 0.5680  LR: 4.00e-05
2026-08-03 16:14:46,000 | [FULL    ] | INFO | full_experiments_using.model_trainers.mobile_vit_trainer | Ep [042/500] T-Acc:  63.1%  V-Acc:  52.8%  V-AUROC: 0.5674  LR: 4.00e-05
2026-08-03 16:15:14,511 | [FULL    ] | INFO | full_experiments_using.model_trainers.mobile_vit_trainer | Ep [043/500] T-Acc:  62.4%  V-Acc:  52.9%  V-AUROC: 0.5689  LR: 4.00e-05
2026-08-03 16:15:42,733 | [FULL    ] | INFO | full_experiments_using.model_trainers.mobile_vit_trainer | Ep [044/500] T-Acc:  62.7%  V-Acc:  53.7%  V-AUROC: 0.5698  LR: 4.00e-05
2026-08-03 16:16:11,018 | [FULL    ] | INFO | full_experiments_using.model_trainers.mobile_vit_trainer | Ep [045/500] T-Acc:  62.3%  V-Acc:  53.2%  V-AUROC: 0.5688  LR: 4.00e-05
2026-08-03 16:16:39,355 | [FULL    ] | INFO | full_experiments_using.model_trainers.mobile_vit_trainer | Ep [046/500] T-Acc:  62.3%  V-Acc:  53.5%  V-AUROC: 0.5676  LR: 4.00e-05
2026-08-03 16:17:07,725 | [FULL    ] | INFO | full_experiments_using.model_trainers.mobile_vit_trainer | Ep [047/500] T-Acc:  62.6%  V-Acc:  52.9%  V-AUROC: 0.5684  LR: 4.00e-05
2026-08-03 16:17:07,725 | [FULL    ] | INFO | full_experiments_using.model_trainers.mobile_vit_trainer | Early stop — best AUROC 0.5829 at epoch 17 (no improvement for 30 epochs)
2026-08-03 16:17:07,726 | [FULL    ] | INFO | full_experiments_using.model_trainers.mobile_vit_trainer | Done. Best AUROC: 0.5829 (epoch 17) → /home/oem/choihyunsu/VOGBasedMCIDetection/outputs/checkpoints/run_20260803_091231_full_wvote_artifact30_strat_4err/fold_16_best.pth
2026-08-03 16:17:17,074 | [FULL    ] | INFO | full_experiments_using.evaluators.monte_carlo_evaluator | -> Fold 17 Result | Acc=0.364 Sens=0.250 Spec=0.667 AUROC=0.667
2026-08-03 16:17:17,088 | [FULL    ] | INFO | full_experiments_using.evaluators.monte_carlo_evaluator | === Fold 18/30 | train: 25 subj (HC=10 MCI=15) / 3809 win | test: 12 subj (HC=4 MCI=8) / 1906 win ===
2026-08-03 16:17:17,321 | [FULL    ] | INFO | httpx | HTTP Request: HEAD https://huggingface.co/apple/mobilevit-small/resolve/main/config.json "HTTP/1.1 307 Temporary Redirect"
2026-08-03 16:17:17,335 | [FULL    ] | INFO | httpx | HTTP Request: HEAD https://huggingface.co/api/resolve-cache/models/apple/mobilevit-small/6c8612545dc98676d27bc518fa521d9e9af23e34/config.json "HTTP/1.1 200 OK"
2026-08-03 16:17:17,610 | [FULL    ] | INFO | httpx | HTTP Request: HEAD https://huggingface.co/apple/mobilevit-small/resolve/main/model.safetensors "HTTP/1.1 404 Not Found"
2026-08-03 16:17:17,819 | [FULL    ] | INFO | httpx | HTTP Request: HEAD https://huggingface.co/apple/mobilevit-small/resolve/main/model.safetensors.index.json "HTTP/1.1 404 Not Found"
2026-08-03 16:17:18,034 | [FULL    ] | INFO | httpx | HTTP Request: HEAD https://huggingface.co/apple/mobilevit-small/resolve/main/pytorch_model.bin "HTTP/1.1 302 Found"
2026-08-03 16:17:18,242 | [FULL    ] | INFO | httpx | HTTP Request: HEAD https://huggingface.co/apple/mobilevit-small/resolve/main/model.safetensors "HTTP/1.1 404 Not Found"
2026-08-03 16:17:18,461 | [FULL    ] | INFO | httpx | HTTP Request: GET https://huggingface.co/api/models/apple/mobilevit-small "HTTP/1.1 200 OK"
2026-08-03 16:17:18,737 | [FULL    ] | INFO | httpx | HTTP Request: GET https://huggingface.co/api/models/apple/mobilevit-small/commits/main "HTTP/1.1 200 OK"
2026-08-03 16:17:18,964 | [FULL    ] | INFO | httpx | HTTP Request: GET https://huggingface.co/api/models/apple/mobilevit-small/discussions?p=0 "HTTP/1.1 200 OK"
2026-08-03 16:17:19,228 | [FULL    ] | INFO | httpx | HTTP Request: GET https://huggingface.co/api/models/apple/mobilevit-small/commits/refs%2Fpr%2F6 "HTTP/1.1 200 OK"
2026-08-03 16:17:19,424 | [FULL    ] | INFO | httpx | HTTP Request: HEAD https://huggingface.co/apple/mobilevit-small/resolve/refs%2Fpr%2F6/model.safetensors.index.json "HTTP/1.1 404 Not Found"
2026-08-03 16:17:19,644 | [FULL    ] | INFO | httpx | HTTP Request: HEAD https://huggingface.co/apple/mobilevit-small/resolve/refs%2Fpr%2F6/model.safetensors "HTTP/1.1 302 Found"
2026-08-03 16:17:19,738 | [FULL    ] | INFO | full_experiments_using.model_trainers.mobile_vit_trainer | Device: cuda | max_epochs=500 | batch=32 | eval_batch=256 | es_patience=30
2026-08-03 16:17:19,744 | [FULL    ] | INFO | full_experiments_using.model_trainers.mobile_vit_trainer | CE weights — HC: 1.084  MCI: 0.928
2026-08-03 16:18:01,789 | [FULL    ] | INFO | full_experiments_using.model_trainers.mobile_vit_trainer | Ep [001/500] T-Acc:  50.5%  V-Acc:  51.3%  V-AUROC: 0.5311  LR: 2.00e-04
2026-08-03 16:18:01,871 | [FULL    ] | INFO | full_experiments_using.model_trainers.mobile_vit_trainer |   ↳ new best AUROC; saved checkpoint: /home/oem/choihyunsu/VOGBasedMCIDetection/outputs/checkpoints/run_20260803_091231_full_wvote_artifact30_strat_4err/fold_17_best.pth
2026-08-03 16:18:29,744 | [FULL    ] | INFO | full_experiments_using.model_trainers.mobile_vit_trainer | Ep [002/500] T-Acc:  51.8%  V-Acc:  52.6%  V-AUROC: 0.5365  LR: 4.00e-04
2026-08-03 16:18:29,929 | [FULL    ] | INFO | full_experiments_using.model_trainers.mobile_vit_trainer |   ↳ new best AUROC; saved checkpoint: /home/oem/choihyunsu/VOGBasedMCIDetection/outputs/checkpoints/run_20260803_091231_full_wvote_artifact30_strat_4err/fold_17_best.pth
2026-08-03 16:18:58,126 | [FULL    ] | INFO | full_experiments_using.model_trainers.mobile_vit_trainer | Ep [003/500] T-Acc:  51.5%  V-Acc:  49.2%  V-AUROC: 0.5241  LR: 6.00e-04
2026-08-03 16:19:26,287 | [FULL    ] | INFO | full_experiments_using.model_trainers.mobile_vit_trainer | Ep [004/500] T-Acc:  52.7%  V-Acc:  51.6%  V-AUROC: 0.5372  LR: 8.00e-04
2026-08-03 16:19:26,403 | [FULL    ] | INFO | full_experiments_using.model_trainers.mobile_vit_trainer |   ↳ new best AUROC; saved checkpoint: /home/oem/choihyunsu/VOGBasedMCIDetection/outputs/checkpoints/run_20260803_091231_full_wvote_artifact30_strat_4err/fold_17_best.pth
2026-08-03 16:19:54,451 | [FULL    ] | INFO | full_experiments_using.model_trainers.mobile_vit_trainer | Ep [005/500] T-Acc:  53.3%  V-Acc:  51.3%  V-AUROC: 0.5553  LR: 1.00e-03
2026-08-03 16:19:54,531 | [FULL    ] | INFO | full_experiments_using.model_trainers.mobile_vit_trainer |   ↳ new best AUROC; saved checkpoint: /home/oem/choihyunsu/VOGBasedMCIDetection/outputs/checkpoints/run_20260803_091231_full_wvote_artifact30_strat_4err/fold_17_best.pth
2026-08-03 16:20:22,712 | [FULL    ] | INFO | full_experiments_using.model_trainers.mobile_vit_trainer | Ep [006/500] T-Acc:  52.4%  V-Acc:  52.3%  V-AUROC: 0.5629  LR: 1.00e-03
2026-08-03 16:20:22,865 | [FULL    ] | INFO | full_experiments_using.model_trainers.mobile_vit_trainer |   ↳ new best AUROC; saved checkpoint: /home/oem/choihyunsu/VOGBasedMCIDetection/outputs/checkpoints/run_20260803_091231_full_wvote_artifact30_strat_4err/fold_17_best.pth
2026-08-03 16:20:51,012 | [FULL    ] | INFO | full_experiments_using.model_trainers.mobile_vit_trainer | Ep [007/500] T-Acc:  53.3%  V-Acc:  55.2%  V-AUROC: 0.5898  LR: 1.00e-03
2026-08-03 16:20:51,153 | [FULL    ] | INFO | full_experiments_using.model_trainers.mobile_vit_trainer |   ↳ new best AUROC; saved checkpoint: /home/oem/choihyunsu/VOGBasedMCIDetection/outputs/checkpoints/run_20260803_091231_full_wvote_artifact30_strat_4err/fold_17_best.pth
2026-08-03 16:21:19,201 | [FULL    ] | INFO | full_experiments_using.model_trainers.mobile_vit_trainer | Ep [008/500] T-Acc:  53.5%  V-Acc:  56.9%  V-AUROC: 0.5976  LR: 1.00e-03
2026-08-03 16:21:19,352 | [FULL    ] | INFO | full_experiments_using.model_trainers.mobile_vit_trainer |   ↳ new best AUROC; saved checkpoint: /home/oem/choihyunsu/VOGBasedMCIDetection/outputs/checkpoints/run_20260803_091231_full_wvote_artifact30_strat_4err/fold_17_best.pth
2026-08-03 16:21:47,564 | [FULL    ] | INFO | full_experiments_using.model_trainers.mobile_vit_trainer | Ep [009/500] T-Acc:  53.9%  V-Acc:  56.3%  V-AUROC: 0.5837  LR: 1.00e-03
2026-08-03 16:22:15,484 | [FULL    ] | INFO | full_experiments_using.model_trainers.mobile_vit_trainer | Ep [010/500] T-Acc:  53.5%  V-Acc:  57.8%  V-AUROC: 0.6158  LR: 1.00e-03
2026-08-03 16:22:15,605 | [FULL    ] | INFO | full_experiments_using.model_trainers.mobile_vit_trainer |   ↳ new best AUROC; saved checkpoint: /home/oem/choihyunsu/VOGBasedMCIDetection/outputs/checkpoints/run_20260803_091231_full_wvote_artifact30_strat_4err/fold_17_best.pth
2026-08-03 16:22:43,668 | [FULL    ] | INFO | full_experiments_using.model_trainers.mobile_vit_trainer | Ep [011/500] T-Acc:  53.4%  V-Acc:  57.5%  V-AUROC: 0.6218  LR: 1.00e-03
2026-08-03 16:22:43,805 | [FULL    ] | INFO | full_experiments_using.model_trainers.mobile_vit_trainer |   ↳ new best AUROC; saved checkpoint: /home/oem/choihyunsu/VOGBasedMCIDetection/outputs/checkpoints/run_20260803_091231_full_wvote_artifact30_strat_4err/fold_17_best.pth
2026-08-03 16:23:11,740 | [FULL    ] | INFO | full_experiments_using.model_trainers.mobile_vit_trainer | Ep [012/500] T-Acc:  53.9%  V-Acc:  57.6%  V-AUROC: 0.6093  LR: 1.00e-03
2026-08-03 16:23:39,650 | [FULL    ] | INFO | full_experiments_using.model_trainers.mobile_vit_trainer | Ep [013/500] T-Acc:  54.0%  V-Acc:  58.0%  V-AUROC: 0.6189  LR: 1.00e-03
2026-08-03 16:24:07,727 | [FULL    ] | INFO | full_experiments_using.model_trainers.mobile_vit_trainer | Ep [014/500] T-Acc:  53.4%  V-Acc:  59.6%  V-AUROC: 0.6110  LR: 1.00e-03
2026-08-03 16:24:35,845 | [FULL    ] | INFO | full_experiments_using.model_trainers.mobile_vit_trainer | Ep [015/500] T-Acc:  54.5%  V-Acc:  60.1%  V-AUROC: 0.6296  LR: 1.00e-03
2026-08-03 16:24:36,047 | [FULL    ] | INFO | full_experiments_using.model_trainers.mobile_vit_trainer |   ↳ new best AUROC; saved checkpoint: /home/oem/choihyunsu/VOGBasedMCIDetection/outputs/checkpoints/run_20260803_091231_full_wvote_artifact30_strat_4err/fold_17_best.pth
2026-08-03 16:25:04,195 | [FULL    ] | INFO | full_experiments_using.model_trainers.mobile_vit_trainer | Ep [016/500] T-Acc:  54.4%  V-Acc:  59.9%  V-AUROC: 0.6280  LR: 1.00e-03
2026-08-03 16:25:32,249 | [FULL    ] | INFO | full_experiments_using.model_trainers.mobile_vit_trainer | Ep [017/500] T-Acc:  56.0%  V-Acc:  59.1%  V-AUROC: 0.6191  LR: 1.00e-03
2026-08-03 16:26:00,207 | [FULL    ] | INFO | full_experiments_using.model_trainers.mobile_vit_trainer | Ep [018/500] T-Acc:  54.4%  V-Acc:  58.0%  V-AUROC: 0.6065  LR: 1.00e-03
2026-08-03 16:26:28,172 | [FULL    ] | INFO | full_experiments_using.model_trainers.mobile_vit_trainer | Ep [019/500] T-Acc:  54.3%  V-Acc:  57.1%  V-AUROC: 0.6279  LR: 1.00e-03
2026-08-03 16:26:56,326 | [FULL    ] | INFO | full_experiments_using.model_trainers.mobile_vit_trainer | Ep [020/500] T-Acc:  55.4%  V-Acc:  58.4%  V-AUROC: 0.6363  LR: 1.00e-03
2026-08-03 16:26:56,444 | [FULL    ] | INFO | full_experiments_using.model_trainers.mobile_vit_trainer |   ↳ new best AUROC; saved checkpoint: /home/oem/choihyunsu/VOGBasedMCIDetection/outputs/checkpoints/run_20260803_091231_full_wvote_artifact30_strat_4err/fold_17_best.pth
2026-08-03 16:27:24,428 | [FULL    ] | INFO | full_experiments_using.model_trainers.mobile_vit_trainer | Ep [021/500] T-Acc:  55.6%  V-Acc:  58.7%  V-AUROC: 0.6425  LR: 1.00e-03
2026-08-03 16:27:24,577 | [FULL    ] | INFO | full_experiments_using.model_trainers.mobile_vit_trainer |   ↳ new best AUROC; saved checkpoint: /home/oem/choihyunsu/VOGBasedMCIDetection/outputs/checkpoints/run_20260803_091231_full_wvote_artifact30_strat_4err/fold_17_best.pth
2026-08-03 16:27:52,836 | [FULL    ] | INFO | full_experiments_using.model_trainers.mobile_vit_trainer | Ep [022/500] T-Acc:  56.3%  V-Acc:  59.3%  V-AUROC: 0.6402  LR: 1.00e-03
2026-08-03 16:28:20,689 | [FULL    ] | INFO | full_experiments_using.model_trainers.mobile_vit_trainer | Ep [023/500] T-Acc:  57.1%  V-Acc:  58.7%  V-AUROC: 0.6352  LR: 1.00e-03
2026-08-03 16:28:48,721 | [FULL    ] | INFO | full_experiments_using.model_trainers.mobile_vit_trainer | Ep [024/500] T-Acc:  57.0%  V-Acc:  61.1%  V-AUROC: 0.6400  LR: 1.00e-03
2026-08-03 16:29:16,738 | [FULL    ] | INFO | full_experiments_using.model_trainers.mobile_vit_trainer | Ep [025/500] T-Acc:  56.1%  V-Acc:  60.5%  V-AUROC: 0.6426  LR: 1.00e-03
2026-08-03 16:29:16,872 | [FULL    ] | INFO | full_experiments_using.model_trainers.mobile_vit_trainer |   ↳ new best AUROC; saved checkpoint: /home/oem/choihyunsu/VOGBasedMCIDetection/outputs/checkpoints/run_20260803_091231_full_wvote_artifact30_strat_4err/fold_17_best.pth
2026-08-03 16:29:44,798 | [FULL    ] | INFO | full_experiments_using.model_trainers.mobile_vit_trainer | Ep [026/500] T-Acc:  57.9%  V-Acc:  59.7%  V-AUROC: 0.6589  LR: 1.00e-03
2026-08-03 16:29:44,935 | [FULL    ] | INFO | full_experiments_using.model_trainers.mobile_vit_trainer |   ↳ new best AUROC; saved checkpoint: /home/oem/choihyunsu/VOGBasedMCIDetection/outputs/checkpoints/run_20260803_091231_full_wvote_artifact30_strat_4err/fold_17_best.pth
2026-08-03 16:30:11,626 | [FULL    ] | INFO | full_experiments_using.model_trainers.mobile_vit_trainer | Ep [027/500] T-Acc:  58.2%  V-Acc:  59.7%  V-AUROC: 0.6459  LR: 1.00e-03
2026-08-03 16:30:39,398 | [FULL    ] | INFO | full_experiments_using.model_trainers.mobile_vit_trainer | Ep [028/500] T-Acc:  57.4%  V-Acc:  60.3%  V-AUROC: 0.6578  LR: 1.00e-03
2026-08-03 16:31:04,964 | [FULL    ] | INFO | full_experiments_using.model_trainers.mobile_vit_trainer | Ep [029/500] T-Acc:  57.1%  V-Acc:  60.8%  V-AUROC: 0.6554  LR: 1.00e-03
2026-08-03 16:31:32,934 | [FULL    ] | INFO | full_experiments_using.model_trainers.mobile_vit_trainer | Ep [030/500] T-Acc:  57.7%  V-Acc:  59.3%  V-AUROC: 0.6441  LR: 1.00e-03
2026-08-03 16:32:00,848 | [FULL    ] | INFO | full_experiments_using.model_trainers.mobile_vit_trainer | Ep [031/500] T-Acc:  59.0%  V-Acc:  60.4%  V-AUROC: 0.6531  LR: 1.00e-03
2026-08-03 16:32:29,076 | [FULL    ] | INFO | full_experiments_using.model_trainers.mobile_vit_trainer | Ep [032/500] T-Acc:  58.5%  V-Acc:  59.7%  V-AUROC: 0.6415  LR: 1.00e-03
2026-08-03 16:32:56,975 | [FULL    ] | INFO | full_experiments_using.model_trainers.mobile_vit_trainer | Ep [033/500] T-Acc:  59.9%  V-Acc:  60.1%  V-AUROC: 0.6427  LR: 1.00e-03
2026-08-03 16:33:25,258 | [FULL    ] | INFO | full_experiments_using.model_trainers.mobile_vit_trainer | Ep [034/500] T-Acc:  59.5%  V-Acc:  60.8%  V-AUROC: 0.6372  LR: 1.00e-03
2026-08-03 16:33:53,283 | [FULL    ] | INFO | full_experiments_using.model_trainers.mobile_vit_trainer | Ep [035/500] T-Acc:  59.4%  V-Acc:  60.2%  V-AUROC: 0.6424  LR: 1.00e-03
2026-08-03 16:34:21,505 | [FULL    ] | INFO | full_experiments_using.model_trainers.mobile_vit_trainer | Ep [036/500] T-Acc:  59.0%  V-Acc:  59.8%  V-AUROC: 0.6449  LR: 1.00e-03
2026-08-03 16:34:47,959 | [FULL    ] | INFO | full_experiments_using.model_trainers.mobile_vit_trainer | Ep [037/500] T-Acc:  57.8%  V-Acc:  61.1%  V-AUROC: 0.6541  LR: 1.00e-03
2026-08-03 16:35:15,608 | [FULL    ] | INFO | full_experiments_using.model_trainers.mobile_vit_trainer | Ep [038/500] T-Acc:  57.6%  V-Acc:  58.6%  V-AUROC: 0.6554  LR: 2.00e-04
2026-08-03 16:35:41,632 | [FULL    ] | INFO | full_experiments_using.model_trainers.mobile_vit_trainer | Ep [039/500] T-Acc:  59.1%  V-Acc:  61.2%  V-AUROC: 0.6542  LR: 2.00e-04
2026-08-03 16:36:09,584 | [FULL    ] | INFO | full_experiments_using.model_trainers.mobile_vit_trainer | Ep [040/500] T-Acc:  58.0%  V-Acc:  58.8%  V-AUROC: 0.6544  LR: 2.00e-04
2026-08-03 16:36:37,647 | [FULL    ] | INFO | full_experiments_using.model_trainers.mobile_vit_trainer | Ep [041/500] T-Acc:  59.2%  V-Acc:  59.8%  V-AUROC: 0.6491  LR: 2.00e-04
2026-08-03 16:37:05,530 | [FULL    ] | INFO | full_experiments_using.model_trainers.mobile_vit_trainer | Ep [042/500] T-Acc:  60.1%  V-Acc:  59.1%  V-AUROC: 0.6522  LR: 2.00e-04
2026-08-03 16:37:33,449 | [FULL    ] | INFO | full_experiments_using.model_trainers.mobile_vit_trainer | Ep [043/500] T-Acc:  59.1%  V-Acc:  59.5%  V-AUROC: 0.6508  LR: 2.00e-04
2026-08-03 16:38:01,551 | [FULL    ] | INFO | full_experiments_using.model_trainers.mobile_vit_trainer | Ep [044/500] T-Acc:  59.2%  V-Acc:  59.0%  V-AUROC: 0.6482  LR: 2.00e-04
2026-08-03 16:38:29,758 | [FULL    ] | INFO | full_experiments_using.model_trainers.mobile_vit_trainer | Ep [045/500] T-Acc:  59.8%  V-Acc:  59.1%  V-AUROC: 0.6471  LR: 2.00e-04
2026-08-03 16:38:57,677 | [FULL    ] | INFO | full_experiments_using.model_trainers.mobile_vit_trainer | Ep [046/500] T-Acc:  59.6%  V-Acc:  59.4%  V-AUROC: 0.6447  LR: 2.00e-04
2026-08-03 16:39:25,661 | [FULL    ] | INFO | full_experiments_using.model_trainers.mobile_vit_trainer | Ep [047/500] T-Acc:  60.0%  V-Acc:  59.2%  V-AUROC: 0.6493  LR: 2.00e-04
2026-08-03 16:39:53,704 | [FULL    ] | INFO | full_experiments_using.model_trainers.mobile_vit_trainer | Ep [048/500] T-Acc:  58.5%  V-Acc:  59.1%  V-AUROC: 0.6518  LR: 2.00e-04
2026-08-03 16:40:21,730 | [FULL    ] | INFO | full_experiments_using.model_trainers.mobile_vit_trainer | Ep [049/500] T-Acc:  60.5%  V-Acc:  59.5%  V-AUROC: 0.6519  LR: 4.00e-05
2026-08-03 16:40:49,650 | [FULL    ] | INFO | full_experiments_using.model_trainers.mobile_vit_trainer | Ep [050/500] T-Acc:  60.0%  V-Acc:  59.8%  V-AUROC: 0.6531  LR: 4.00e-05
2026-08-03 16:41:17,636 | [FULL    ] | INFO | full_experiments_using.model_trainers.mobile_vit_trainer | Ep [051/500] T-Acc:  60.1%  V-Acc:  59.9%  V-AUROC: 0.6528  LR: 4.00e-05
2026-08-03 16:41:45,690 | [FULL    ] | INFO | full_experiments_using.model_trainers.mobile_vit_trainer | Ep [052/500] T-Acc:  60.0%  V-Acc:  59.9%  V-AUROC: 0.6536  LR: 4.00e-05
2026-08-03 16:42:13,485 | [FULL    ] | INFO | full_experiments_using.model_trainers.mobile_vit_trainer | Ep [053/500] T-Acc:  59.5%  V-Acc:  59.4%  V-AUROC: 0.6526  LR: 4.00e-05
2026-08-03 16:42:41,488 | [FULL    ] | INFO | full_experiments_using.model_trainers.mobile_vit_trainer | Ep [054/500] T-Acc:  61.2%  V-Acc:  59.3%  V-AUROC: 0.6519  LR: 4.00e-05
2026-08-03 16:43:09,386 | [FULL    ] | INFO | full_experiments_using.model_trainers.mobile_vit_trainer | Ep [055/500] T-Acc:  60.0%  V-Acc:  59.3%  V-AUROC: 0.6527  LR: 4.00e-05
2026-08-03 16:43:35,660 | [FULL    ] | INFO | full_experiments_using.model_trainers.mobile_vit_trainer | Ep [056/500] T-Acc:  60.7%  V-Acc:  60.4%  V-AUROC: 0.6523  LR: 4.00e-05
2026-08-03 16:43:35,660 | [FULL    ] | INFO | full_experiments_using.model_trainers.mobile_vit_trainer | Early stop — best AUROC 0.6589 at epoch 26 (no improvement for 30 epochs)
2026-08-03 16:43:35,660 | [FULL    ] | INFO | full_experiments_using.model_trainers.mobile_vit_trainer | Done. Best AUROC: 0.6589 (epoch 26) → /home/oem/choihyunsu/VOGBasedMCIDetection/outputs/checkpoints/run_20260803_091231_full_wvote_artifact30_strat_4err/fold_17_best.pth
2026-08-03 16:43:45,396 | [FULL    ] | INFO | full_experiments_using.evaluators.monte_carlo_evaluator | -> Fold 18 Result | Acc=0.818 Sens=0.857 Spec=0.750 AUROC=0.929
2026-08-03 16:43:45,410 | [FULL    ] | INFO | full_experiments_using.evaluators.monte_carlo_evaluator | === Fold 19/30 | train: 25 subj (HC=10 MCI=15) / 3899 win | test: 12 subj (HC=4 MCI=8) / 1816 win ===
2026-08-03 16:43:45,632 | [FULL    ] | INFO | httpx | HTTP Request: HEAD https://huggingface.co/apple/mobilevit-small/resolve/main/config.json "HTTP/1.1 307 Temporary Redirect"
2026-08-03 16:43:45,647 | [FULL    ] | INFO | httpx | HTTP Request: HEAD https://huggingface.co/api/resolve-cache/models/apple/mobilevit-small/6c8612545dc98676d27bc518fa521d9e9af23e34/config.json "HTTP/1.1 200 OK"
2026-08-03 16:43:45,918 | [FULL    ] | INFO | httpx | HTTP Request: HEAD https://huggingface.co/apple/mobilevit-small/resolve/main/model.safetensors "HTTP/1.1 404 Not Found"
2026-08-03 16:43:46,124 | [FULL    ] | INFO | httpx | HTTP Request: HEAD https://huggingface.co/apple/mobilevit-small/resolve/main/model.safetensors.index.json "HTTP/1.1 404 Not Found"
2026-08-03 16:43:46,335 | [FULL    ] | INFO | httpx | HTTP Request: HEAD https://huggingface.co/apple/mobilevit-small/resolve/main/pytorch_model.bin "HTTP/1.1 302 Found"
2026-08-03 16:43:46,588 | [FULL    ] | INFO | httpx | HTTP Request: HEAD https://huggingface.co/apple/mobilevit-small/resolve/main/model.safetensors "HTTP/1.1 404 Not Found"
2026-08-03 16:43:46,792 | [FULL    ] | INFO | httpx | HTTP Request: GET https://huggingface.co/api/models/apple/mobilevit-small "HTTP/1.1 200 OK"
2026-08-03 16:43:47,032 | [FULL    ] | INFO | httpx | HTTP Request: GET https://huggingface.co/api/models/apple/mobilevit-small/commits/main "HTTP/1.1 200 OK"
2026-08-03 16:43:47,252 | [FULL    ] | INFO | httpx | HTTP Request: GET https://huggingface.co/api/models/apple/mobilevit-small/discussions?p=0 "HTTP/1.1 200 OK"
2026-08-03 16:43:47,476 | [FULL    ] | INFO | httpx | HTTP Request: GET https://huggingface.co/api/models/apple/mobilevit-small/commits/refs%2Fpr%2F6 "HTTP/1.1 200 OK"
2026-08-03 16:43:47,680 | [FULL    ] | INFO | httpx | HTTP Request: HEAD https://huggingface.co/apple/mobilevit-small/resolve/refs%2Fpr%2F6/model.safetensors.index.json "HTTP/1.1 404 Not Found"
2026-08-03 16:43:47,883 | [FULL    ] | INFO | httpx | HTTP Request: HEAD https://huggingface.co/apple/mobilevit-small/resolve/refs%2Fpr%2F6/model.safetensors "HTTP/1.1 302 Found"
2026-08-03 16:43:48,196 | [FULL    ] | INFO | full_experiments_using.model_trainers.mobile_vit_trainer | Device: cuda | max_epochs=500 | batch=32 | eval_batch=256 | es_patience=30
2026-08-03 16:43:48,208 | [FULL    ] | INFO | full_experiments_using.model_trainers.mobile_vit_trainer | CE weights — HC: 1.093  MCI: 0.922
2026-08-03 16:44:22,489 | [FULL    ] | INFO | full_experiments_using.model_trainers.mobile_vit_trainer | Ep [001/500] T-Acc:  48.4%  V-Acc:  49.6%  V-AUROC: 0.5060  LR: 2.00e-04
2026-08-03 16:44:22,595 | [FULL    ] | INFO | full_experiments_using.model_trainers.mobile_vit_trainer |   ↳ new best AUROC; saved checkpoint: /home/oem/choihyunsu/VOGBasedMCIDetection/outputs/checkpoints/run_20260803_091231_full_wvote_artifact30_strat_4err/fold_18_best.pth
2026-08-03 16:44:50,793 | [FULL    ] | INFO | full_experiments_using.model_trainers.mobile_vit_trainer | Ep [002/500] T-Acc:  50.3%  V-Acc:  50.1%  V-AUROC: 0.5087  LR: 4.00e-04
2026-08-03 16:44:50,990 | [FULL    ] | INFO | full_experiments_using.model_trainers.mobile_vit_trainer |   ↳ new best AUROC; saved checkpoint: /home/oem/choihyunsu/VOGBasedMCIDetection/outputs/checkpoints/run_20260803_091231_full_wvote_artifact30_strat_4err/fold_18_best.pth
2026-08-03 16:45:19,431 | [FULL    ] | INFO | full_experiments_using.model_trainers.mobile_vit_trainer | Ep [003/500] T-Acc:  49.7%  V-Acc:  51.4%  V-AUROC: 0.5189  LR: 6.00e-04
2026-08-03 16:45:19,570 | [FULL    ] | INFO | full_experiments_using.model_trainers.mobile_vit_trainer |   ↳ new best AUROC; saved checkpoint: /home/oem/choihyunsu/VOGBasedMCIDetection/outputs/checkpoints/run_20260803_091231_full_wvote_artifact30_strat_4err/fold_18_best.pth
2026-08-03 16:45:47,770 | [FULL    ] | INFO | full_experiments_using.model_trainers.mobile_vit_trainer | Ep [004/500] T-Acc:  52.5%  V-Acc:  50.7%  V-AUROC: 0.5192  LR: 8.00e-04
2026-08-03 16:45:47,960 | [FULL    ] | INFO | full_experiments_using.model_trainers.mobile_vit_trainer |   ↳ new best AUROC; saved checkpoint: /home/oem/choihyunsu/VOGBasedMCIDetection/outputs/checkpoints/run_20260803_091231_full_wvote_artifact30_strat_4err/fold_18_best.pth
2026-08-03 16:46:16,236 | [FULL    ] | INFO | full_experiments_using.model_trainers.mobile_vit_trainer | Ep [005/500] T-Acc:  50.3%  V-Acc:  52.2%  V-AUROC: 0.5256  LR: 1.00e-03
2026-08-03 16:46:16,426 | [FULL    ] | INFO | full_experiments_using.model_trainers.mobile_vit_trainer |   ↳ new best AUROC; saved checkpoint: /home/oem/choihyunsu/VOGBasedMCIDetection/outputs/checkpoints/run_20260803_091231_full_wvote_artifact30_strat_4err/fold_18_best.pth
2026-08-03 16:46:44,930 | [FULL    ] | INFO | full_experiments_using.model_trainers.mobile_vit_trainer | Ep [006/500] T-Acc:  52.8%  V-Acc:  54.6%  V-AUROC: 0.5492  LR: 1.00e-03
2026-08-03 16:46:45,118 | [FULL    ] | INFO | full_experiments_using.model_trainers.mobile_vit_trainer |   ↳ new best AUROC; saved checkpoint: /home/oem/choihyunsu/VOGBasedMCIDetection/outputs/checkpoints/run_20260803_091231_full_wvote_artifact30_strat_4err/fold_18_best.pth
2026-08-03 16:47:13,473 | [FULL    ] | INFO | full_experiments_using.model_trainers.mobile_vit_trainer | Ep [007/500] T-Acc:  54.8%  V-Acc:  53.4%  V-AUROC: 0.5439  LR: 1.00e-03
2026-08-03 16:47:41,736 | [FULL    ] | INFO | full_experiments_using.model_trainers.mobile_vit_trainer | Ep [008/500] T-Acc:  54.9%  V-Acc:  54.8%  V-AUROC: 0.5546  LR: 1.00e-03
2026-08-03 16:47:41,946 | [FULL    ] | INFO | full_experiments_using.model_trainers.mobile_vit_trainer |   ↳ new best AUROC; saved checkpoint: /home/oem/choihyunsu/VOGBasedMCIDetection/outputs/checkpoints/run_20260803_091231_full_wvote_artifact30_strat_4err/fold_18_best.pth
2026-08-03 16:48:10,207 | [FULL    ] | INFO | full_experiments_using.model_trainers.mobile_vit_trainer | Ep [009/500] T-Acc:  55.1%  V-Acc:  54.6%  V-AUROC: 0.5640  LR: 1.00e-03
2026-08-03 16:48:10,400 | [FULL    ] | INFO | full_experiments_using.model_trainers.mobile_vit_trainer |   ↳ new best AUROC; saved checkpoint: /home/oem/choihyunsu/VOGBasedMCIDetection/outputs/checkpoints/run_20260803_091231_full_wvote_artifact30_strat_4err/fold_18_best.pth
2026-08-03 16:48:38,721 | [FULL    ] | INFO | full_experiments_using.model_trainers.mobile_vit_trainer | Ep [010/500] T-Acc:  56.0%  V-Acc:  54.9%  V-AUROC: 0.5631  LR: 1.00e-03
2026-08-03 16:49:07,043 | [FULL    ] | INFO | full_experiments_using.model_trainers.mobile_vit_trainer | Ep [011/500] T-Acc:  56.6%  V-Acc:  55.7%  V-AUROC: 0.5646  LR: 1.00e-03
2026-08-03 16:49:07,166 | [FULL    ] | INFO | full_experiments_using.model_trainers.mobile_vit_trainer |   ↳ new best AUROC; saved checkpoint: /home/oem/choihyunsu/VOGBasedMCIDetection/outputs/checkpoints/run_20260803_091231_full_wvote_artifact30_strat_4err/fold_18_best.pth
2026-08-03 16:49:35,546 | [FULL    ] | INFO | full_experiments_using.model_trainers.mobile_vit_trainer | Ep [012/500] T-Acc:  57.4%  V-Acc:  56.4%  V-AUROC: 0.5684  LR: 1.00e-03
2026-08-03 16:49:35,769 | [FULL    ] | INFO | full_experiments_using.model_trainers.mobile_vit_trainer |   ↳ new best AUROC; saved checkpoint: /home/oem/choihyunsu/VOGBasedMCIDetection/outputs/checkpoints/run_20260803_091231_full_wvote_artifact30_strat_4err/fold_18_best.pth
2026-08-03 16:50:04,129 | [FULL    ] | INFO | full_experiments_using.model_trainers.mobile_vit_trainer | Ep [013/500] T-Acc:  56.7%  V-Acc:  53.7%  V-AUROC: 0.5507  LR: 1.00e-03
2026-08-03 16:50:32,531 | [FULL    ] | INFO | full_experiments_using.model_trainers.mobile_vit_trainer | Ep [014/500] T-Acc:  57.6%  V-Acc:  53.6%  V-AUROC: 0.5656  LR: 1.00e-03
2026-08-03 16:51:00,962 | [FULL    ] | INFO | full_experiments_using.model_trainers.mobile_vit_trainer | Ep [015/500] T-Acc:  58.3%  V-Acc:  54.7%  V-AUROC: 0.5691  LR: 1.00e-03
2026-08-03 16:51:01,210 | [FULL    ] | INFO | full_experiments_using.model_trainers.mobile_vit_trainer |   ↳ new best AUROC; saved checkpoint: /home/oem/choihyunsu/VOGBasedMCIDetection/outputs/checkpoints/run_20260803_091231_full_wvote_artifact30_strat_4err/fold_18_best.pth
2026-08-03 16:51:29,437 | [FULL    ] | INFO | full_experiments_using.model_trainers.mobile_vit_trainer | Ep [016/500] T-Acc:  58.8%  V-Acc:  52.1%  V-AUROC: 0.5540  LR: 1.00e-03
2026-08-03 16:51:57,896 | [FULL    ] | INFO | full_experiments_using.model_trainers.mobile_vit_trainer | Ep [017/500] T-Acc:  57.8%  V-Acc:  54.2%  V-AUROC: 0.5648  LR: 1.00e-03
2026-08-03 16:52:26,310 | [FULL    ] | INFO | full_experiments_using.model_trainers.mobile_vit_trainer | Ep [018/500] T-Acc:  58.8%  V-Acc:  51.5%  V-AUROC: 0.5540  LR: 1.00e-03
2026-08-03 16:52:54,491 | [FULL    ] | INFO | full_experiments_using.model_trainers.mobile_vit_trainer | Ep [019/500] T-Acc:  58.9%  V-Acc:  52.6%  V-AUROC: 0.5491  LR: 1.00e-03
2026-08-03 16:53:22,791 | [FULL    ] | INFO | full_experiments_using.model_trainers.mobile_vit_trainer | Ep [020/500] T-Acc:  59.2%  V-Acc:  52.9%  V-AUROC: 0.5578  LR: 1.00e-03
2026-08-03 16:53:51,204 | [FULL    ] | INFO | full_experiments_using.model_trainers.mobile_vit_trainer | Ep [021/500] T-Acc:  60.3%  V-Acc:  52.3%  V-AUROC: 0.5496  LR: 1.00e-03
2026-08-03 16:54:17,441 | [FULL    ] | INFO | full_experiments_using.model_trainers.mobile_vit_trainer | Ep [022/500] T-Acc:  59.8%  V-Acc:  53.7%  V-AUROC: 0.5641  LR: 1.00e-03
2026-08-03 16:54:44,115 | [FULL    ] | INFO | full_experiments_using.model_trainers.mobile_vit_trainer | Ep [023/500] T-Acc:  60.5%  V-Acc:  53.5%  V-AUROC: 0.5547  LR: 1.00e-03
2026-08-03 16:55:12,232 | [FULL    ] | INFO | full_experiments_using.model_trainers.mobile_vit_trainer | Ep [024/500] T-Acc:  60.3%  V-Acc:  52.7%  V-AUROC: 0.5594  LR: 1.00e-03
2026-08-03 16:55:40,663 | [FULL    ] | INFO | full_experiments_using.model_trainers.mobile_vit_trainer | Ep [025/500] T-Acc:  60.3%  V-Acc:  53.2%  V-AUROC: 0.5593  LR: 1.00e-03
2026-08-03 16:56:08,892 | [FULL    ] | INFO | full_experiments_using.model_trainers.mobile_vit_trainer | Ep [026/500] T-Acc:  61.9%  V-Acc:  53.2%  V-AUROC: 0.5642  LR: 1.00e-03
2026-08-03 16:56:37,178 | [FULL    ] | INFO | full_experiments_using.model_trainers.mobile_vit_trainer | Ep [027/500] T-Acc:  60.5%  V-Acc:  54.1%  V-AUROC: 0.5566  LR: 2.00e-04
2026-08-03 16:57:05,485 | [FULL    ] | INFO | full_experiments_using.model_trainers.mobile_vit_trainer | Ep [028/500] T-Acc:  62.2%  V-Acc:  52.9%  V-AUROC: 0.5608  LR: 2.00e-04
2026-08-03 16:57:33,726 | [FULL    ] | INFO | full_experiments_using.model_trainers.mobile_vit_trainer | Ep [029/500] T-Acc:  62.4%  V-Acc:  52.4%  V-AUROC: 0.5617  LR: 2.00e-04
2026-08-03 16:58:01,815 | [FULL    ] | INFO | full_experiments_using.model_trainers.mobile_vit_trainer | Ep [030/500] T-Acc:  62.5%  V-Acc:  53.2%  V-AUROC: 0.5602  LR: 2.00e-04
2026-08-03 16:58:30,345 | [FULL    ] | INFO | full_experiments_using.model_trainers.mobile_vit_trainer | Ep [031/500] T-Acc:  61.0%  V-Acc:  53.1%  V-AUROC: 0.5588  LR: 2.00e-04
2026-08-03 16:58:56,640 | [FULL    ] | INFO | full_experiments_using.model_trainers.mobile_vit_trainer | Ep [032/500] T-Acc:  61.2%  V-Acc:  53.2%  V-AUROC: 0.5663  LR: 2.00e-04
2026-08-03 16:59:22,842 | [FULL    ] | INFO | full_experiments_using.model_trainers.mobile_vit_trainer | Ep [033/500] T-Acc:  61.3%  V-Acc:  53.2%  V-AUROC: 0.5631  LR: 2.00e-04
2026-08-03 16:59:51,207 | [FULL    ] | INFO | full_experiments_using.model_trainers.mobile_vit_trainer | Ep [034/500] T-Acc:  61.0%  V-Acc:  53.2%  V-AUROC: 0.5631  LR: 2.00e-04
2026-08-03 17:00:19,602 | [FULL    ] | INFO | full_experiments_using.model_trainers.mobile_vit_trainer | Ep [035/500] T-Acc:  61.6%  V-Acc:  52.2%  V-AUROC: 0.5561  LR: 2.00e-04
2026-08-03 17:00:48,141 | [FULL    ] | INFO | full_experiments_using.model_trainers.mobile_vit_trainer | Ep [036/500] T-Acc:  62.5%  V-Acc:  53.2%  V-AUROC: 0.5561  LR: 2.00e-04
2026-08-03 17:01:16,458 | [FULL    ] | INFO | full_experiments_using.model_trainers.mobile_vit_trainer | Ep [037/500] T-Acc:  63.0%  V-Acc:  53.2%  V-AUROC: 0.5612  LR: 2.00e-04
2026-08-03 17:01:44,699 | [FULL    ] | INFO | full_experiments_using.model_trainers.mobile_vit_trainer | Ep [038/500] T-Acc:  61.9%  V-Acc:  52.9%  V-AUROC: 0.5596  LR: 4.00e-05
2026-08-03 17:02:13,210 | [FULL    ] | INFO | full_experiments_using.model_trainers.mobile_vit_trainer | Ep [039/500] T-Acc:  61.5%  V-Acc:  52.8%  V-AUROC: 0.5603  LR: 4.00e-05
2026-08-03 17:02:41,266 | [FULL    ] | INFO | full_experiments_using.model_trainers.mobile_vit_trainer | Ep [040/500] T-Acc:  61.6%  V-Acc:  53.0%  V-AUROC: 0.5602  LR: 4.00e-05
2026-08-03 17:03:09,717 | [FULL    ] | INFO | full_experiments_using.model_trainers.mobile_vit_trainer | Ep [041/500] T-Acc:  62.4%  V-Acc:  52.6%  V-AUROC: 0.5562  LR: 4.00e-05
2026-08-03 17:03:37,871 | [FULL    ] | INFO | full_experiments_using.model_trainers.mobile_vit_trainer | Ep [042/500] T-Acc:  61.8%  V-Acc:  53.1%  V-AUROC: 0.5594  LR: 4.00e-05
2026-08-03 17:04:06,156 | [FULL    ] | INFO | full_experiments_using.model_trainers.mobile_vit_trainer | Ep [043/500] T-Acc:  62.3%  V-Acc:  53.0%  V-AUROC: 0.5584  LR: 4.00e-05
2026-08-03 17:04:34,413 | [FULL    ] | INFO | full_experiments_using.model_trainers.mobile_vit_trainer | Ep [044/500] T-Acc:  61.4%  V-Acc:  52.9%  V-AUROC: 0.5590  LR: 4.00e-05
2026-08-03 17:05:02,783 | [FULL    ] | INFO | full_experiments_using.model_trainers.mobile_vit_trainer | Ep [045/500] T-Acc:  61.8%  V-Acc:  53.5%  V-AUROC: 0.5619  LR: 4.00e-05
2026-08-03 17:05:02,785 | [FULL    ] | INFO | full_experiments_using.model_trainers.mobile_vit_trainer | Early stop — best AUROC 0.5691 at epoch 15 (no improvement for 30 epochs)
2026-08-03 17:05:02,785 | [FULL    ] | INFO | full_experiments_using.model_trainers.mobile_vit_trainer | Done. Best AUROC: 0.5691 (epoch 15) → /home/oem/choihyunsu/VOGBasedMCIDetection/outputs/checkpoints/run_20260803_091231_full_wvote_artifact30_strat_4err/fold_18_best.pth
2026-08-03 17:05:11,785 | [FULL    ] | INFO | full_experiments_using.evaluators.monte_carlo_evaluator | -> Fold 19 Result | Acc=0.600 Sens=0.571 Spec=0.667 AUROC=0.667
2026-08-03 17:05:11,801 | [FULL    ] | INFO | full_experiments_using.evaluators.monte_carlo_evaluator | === Fold 20/30 | train: 25 subj (HC=10 MCI=15) / 3868 win | test: 12 subj (HC=4 MCI=8) / 1847 win ===
2026-08-03 17:05:12,035 | [FULL    ] | INFO | httpx | HTTP Request: HEAD https://huggingface.co/apple/mobilevit-small/resolve/main/config.json "HTTP/1.1 307 Temporary Redirect"
2026-08-03 17:05:12,068 | [FULL    ] | INFO | httpx | HTTP Request: HEAD https://huggingface.co/api/resolve-cache/models/apple/mobilevit-small/6c8612545dc98676d27bc518fa521d9e9af23e34/config.json "HTTP/1.1 200 OK"
2026-08-03 17:05:12,326 | [FULL    ] | INFO | httpx | HTTP Request: HEAD https://huggingface.co/apple/mobilevit-small/resolve/main/model.safetensors "HTTP/1.1 404 Not Found"
2026-08-03 17:05:12,526 | [FULL    ] | INFO | httpx | HTTP Request: HEAD https://huggingface.co/apple/mobilevit-small/resolve/main/model.safetensors.index.json "HTTP/1.1 404 Not Found"
2026-08-03 17:05:12,744 | [FULL    ] | INFO | httpx | HTTP Request: HEAD https://huggingface.co/apple/mobilevit-small/resolve/main/pytorch_model.bin "HTTP/1.1 302 Found"
2026-08-03 17:05:13,039 | [FULL    ] | INFO | httpx | HTTP Request: HEAD https://huggingface.co/apple/mobilevit-small/resolve/main/model.safetensors "HTTP/1.1 404 Not Found"
2026-08-03 17:05:13,259 | [FULL    ] | INFO | httpx | HTTP Request: GET https://huggingface.co/api/models/apple/mobilevit-small "HTTP/1.1 200 OK"
2026-08-03 17:05:13,500 | [FULL    ] | INFO | httpx | HTTP Request: GET https://huggingface.co/api/models/apple/mobilevit-small/commits/main "HTTP/1.1 200 OK"
2026-08-03 17:05:13,755 | [FULL    ] | INFO | httpx | HTTP Request: GET https://huggingface.co/api/models/apple/mobilevit-small/discussions?p=0 "HTTP/1.1 200 OK"
2026-08-03 17:05:13,979 | [FULL    ] | INFO | httpx | HTTP Request: GET https://huggingface.co/api/models/apple/mobilevit-small/commits/refs%2Fpr%2F6 "HTTP/1.1 200 OK"
2026-08-03 17:05:14,186 | [FULL    ] | INFO | httpx | HTTP Request: HEAD https://huggingface.co/apple/mobilevit-small/resolve/refs%2Fpr%2F6/model.safetensors.index.json "HTTP/1.1 404 Not Found"
2026-08-03 17:05:14,393 | [FULL    ] | INFO | httpx | HTTP Request: HEAD https://huggingface.co/apple/mobilevit-small/resolve/refs%2Fpr%2F6/model.safetensors "HTTP/1.1 302 Found"
2026-08-03 17:05:15,216 | [FULL    ] | INFO | full_experiments_using.model_trainers.mobile_vit_trainer | Device: cuda | max_epochs=500 | batch=32 | eval_batch=256 | es_patience=30
2026-08-03 17:05:15,228 | [FULL    ] | INFO | full_experiments_using.model_trainers.mobile_vit_trainer | CE weights — HC: 1.090  MCI: 0.924
2026-08-03 17:05:52,346 | [FULL    ] | INFO | full_experiments_using.model_trainers.mobile_vit_trainer | Ep [001/500] T-Acc:  48.2%  V-Acc:  47.0%  V-AUROC: 0.4960  LR: 2.00e-04
2026-08-03 17:05:52,406 | [FULL    ] | INFO | full_experiments_using.model_trainers.mobile_vit_trainer |   ↳ new best AUROC; saved checkpoint: /home/oem/choihyunsu/VOGBasedMCIDetection/outputs/checkpoints/run_20260803_091231_full_wvote_artifact30_strat_4err/fold_19_best.pth
2026-08-03 17:06:20,520 | [FULL    ] | INFO | full_experiments_using.model_trainers.mobile_vit_trainer | Ep [002/500] T-Acc:  48.0%  V-Acc:  47.0%  V-AUROC: 0.4931  LR: 4.00e-04
2026-08-03 17:06:47,157 | [FULL    ] | INFO | full_experiments_using.model_trainers.mobile_vit_trainer | Ep [003/500] T-Acc:  49.1%  V-Acc:  46.0%  V-AUROC: 0.4913  LR: 6.00e-04
2026-08-03 17:07:14,911 | [FULL    ] | INFO | full_experiments_using.model_trainers.mobile_vit_trainer | Ep [004/500] T-Acc:  49.3%  V-Acc:  45.2%  V-AUROC: 0.4995  LR: 8.00e-04
2026-08-03 17:07:15,025 | [FULL    ] | INFO | full_experiments_using.model_trainers.mobile_vit_trainer |   ↳ new best AUROC; saved checkpoint: /home/oem/choihyunsu/VOGBasedMCIDetection/outputs/checkpoints/run_20260803_091231_full_wvote_artifact30_strat_4err/fold_19_best.pth
2026-08-03 17:07:41,257 | [FULL    ] | INFO | full_experiments_using.model_trainers.mobile_vit_trainer | Ep [005/500] T-Acc:  50.4%  V-Acc:  45.7%  V-AUROC: 0.5058  LR: 1.00e-03
2026-08-03 17:07:41,391 | [FULL    ] | INFO | full_experiments_using.model_trainers.mobile_vit_trainer |   ↳ new best AUROC; saved checkpoint: /home/oem/choihyunsu/VOGBasedMCIDetection/outputs/checkpoints/run_20260803_091231_full_wvote_artifact30_strat_4err/fold_19_best.pth
2026-08-03 17:08:09,383 | [FULL    ] | INFO | full_experiments_using.model_trainers.mobile_vit_trainer | Ep [006/500] T-Acc:  51.5%  V-Acc:  47.6%  V-AUROC: 0.5098  LR: 1.00e-03
2026-08-03 17:08:09,561 | [FULL    ] | INFO | full_experiments_using.model_trainers.mobile_vit_trainer |   ↳ new best AUROC; saved checkpoint: /home/oem/choihyunsu/VOGBasedMCIDetection/outputs/checkpoints/run_20260803_091231_full_wvote_artifact30_strat_4err/fold_19_best.pth
2026-08-03 17:08:37,812 | [FULL    ] | INFO | full_experiments_using.model_trainers.mobile_vit_trainer | Ep [007/500] T-Acc:  50.8%  V-Acc:  48.6%  V-AUROC: 0.5393  LR: 1.00e-03
2026-08-03 17:08:37,990 | [FULL    ] | INFO | full_experiments_using.model_trainers.mobile_vit_trainer |   ↳ new best AUROC; saved checkpoint: /home/oem/choihyunsu/VOGBasedMCIDetection/outputs/checkpoints/run_20260803_091231_full_wvote_artifact30_strat_4err/fold_19_best.pth
2026-08-03 17:09:05,970 | [FULL    ] | INFO | full_experiments_using.model_trainers.mobile_vit_trainer | Ep [008/500] T-Acc:  54.0%  V-Acc:  50.8%  V-AUROC: 0.5400  LR: 1.00e-03
2026-08-03 17:09:06,173 | [FULL    ] | INFO | full_experiments_using.model_trainers.mobile_vit_trainer |   ↳ new best AUROC; saved checkpoint: /home/oem/choihyunsu/VOGBasedMCIDetection/outputs/checkpoints/run_20260803_091231_full_wvote_artifact30_strat_4err/fold_19_best.pth
2026-08-03 17:09:34,278 | [FULL    ] | INFO | full_experiments_using.model_trainers.mobile_vit_trainer | Ep [009/500] T-Acc:  51.8%  V-Acc:  49.9%  V-AUROC: 0.5400  LR: 1.00e-03
2026-08-03 17:09:34,477 | [FULL    ] | INFO | full_experiments_using.model_trainers.mobile_vit_trainer |   ↳ new best AUROC; saved checkpoint: /home/oem/choihyunsu/VOGBasedMCIDetection/outputs/checkpoints/run_20260803_091231_full_wvote_artifact30_strat_4err/fold_19_best.pth
2026-08-03 17:10:02,585 | [FULL    ] | INFO | full_experiments_using.model_trainers.mobile_vit_trainer | Ep [010/500] T-Acc:  54.0%  V-Acc:  50.2%  V-AUROC: 0.5524  LR: 1.00e-03
2026-08-03 17:10:02,708 | [FULL    ] | INFO | full_experiments_using.model_trainers.mobile_vit_trainer |   ↳ new best AUROC; saved checkpoint: /home/oem/choihyunsu/VOGBasedMCIDetection/outputs/checkpoints/run_20260803_091231_full_wvote_artifact30_strat_4err/fold_19_best.pth
2026-08-03 17:10:30,842 | [FULL    ] | INFO | full_experiments_using.model_trainers.mobile_vit_trainer | Ep [011/500] T-Acc:  54.7%  V-Acc:  51.2%  V-AUROC: 0.5570  LR: 1.00e-03
2026-08-03 17:10:30,958 | [FULL    ] | INFO | full_experiments_using.model_trainers.mobile_vit_trainer |   ↳ new best AUROC; saved checkpoint: /home/oem/choihyunsu/VOGBasedMCIDetection/outputs/checkpoints/run_20260803_091231_full_wvote_artifact30_strat_4err/fold_19_best.pth
2026-08-03 17:10:59,161 | [FULL    ] | INFO | full_experiments_using.model_trainers.mobile_vit_trainer | Ep [012/500] T-Acc:  54.7%  V-Acc:  53.4%  V-AUROC: 0.5539  LR: 1.00e-03
2026-08-03 17:11:27,239 | [FULL    ] | INFO | full_experiments_using.model_trainers.mobile_vit_trainer | Ep [013/500] T-Acc:  55.9%  V-Acc:  53.4%  V-AUROC: 0.5667  LR: 1.00e-03
2026-08-03 17:11:27,429 | [FULL    ] | INFO | full_experiments_using.model_trainers.mobile_vit_trainer |   ↳ new best AUROC; saved checkpoint: /home/oem/choihyunsu/VOGBasedMCIDetection/outputs/checkpoints/run_20260803_091231_full_wvote_artifact30_strat_4err/fold_19_best.pth
2026-08-03 17:11:55,616 | [FULL    ] | INFO | full_experiments_using.model_trainers.mobile_vit_trainer | Ep [014/500] T-Acc:  55.5%  V-Acc:  52.3%  V-AUROC: 0.5557  LR: 1.00e-03
2026-08-03 17:12:23,842 | [FULL    ] | INFO | full_experiments_using.model_trainers.mobile_vit_trainer | Ep [015/500] T-Acc:  56.1%  V-Acc:  52.9%  V-AUROC: 0.5656  LR: 1.00e-03
2026-08-03 17:12:51,928 | [FULL    ] | INFO | full_experiments_using.model_trainers.mobile_vit_trainer | Ep [016/500] T-Acc:  55.2%  V-Acc:  52.1%  V-AUROC: 0.5695  LR: 1.00e-03
2026-08-03 17:12:52,112 | [FULL    ] | INFO | full_experiments_using.model_trainers.mobile_vit_trainer |   ↳ new best AUROC; saved checkpoint: /home/oem/choihyunsu/VOGBasedMCIDetection/outputs/checkpoints/run_20260803_091231_full_wvote_artifact30_strat_4err/fold_19_best.pth
2026-08-03 17:13:20,208 | [FULL    ] | INFO | full_experiments_using.model_trainers.mobile_vit_trainer | Ep [017/500] T-Acc:  57.3%  V-Acc:  52.3%  V-AUROC: 0.5786  LR: 1.00e-03
2026-08-03 17:13:20,395 | [FULL    ] | INFO | full_experiments_using.model_trainers.mobile_vit_trainer |   ↳ new best AUROC; saved checkpoint: /home/oem/choihyunsu/VOGBasedMCIDetection/outputs/checkpoints/run_20260803_091231_full_wvote_artifact30_strat_4err/fold_19_best.pth
2026-08-03 17:13:48,479 | [FULL    ] | INFO | full_experiments_using.model_trainers.mobile_vit_trainer | Ep [018/500] T-Acc:  57.0%  V-Acc:  52.4%  V-AUROC: 0.5744  LR: 1.00e-03
2026-08-03 17:14:16,523 | [FULL    ] | INFO | full_experiments_using.model_trainers.mobile_vit_trainer | Ep [019/500] T-Acc:  56.2%  V-Acc:  54.1%  V-AUROC: 0.5788  LR: 1.00e-03
2026-08-03 17:14:16,693 | [FULL    ] | INFO | full_experiments_using.model_trainers.mobile_vit_trainer |   ↳ new best AUROC; saved checkpoint: /home/oem/choihyunsu/VOGBasedMCIDetection/outputs/checkpoints/run_20260803_091231_full_wvote_artifact30_strat_4err/fold_19_best.pth
2026-08-03 17:14:44,814 | [FULL    ] | INFO | full_experiments_using.model_trainers.mobile_vit_trainer | Ep [020/500] T-Acc:  58.0%  V-Acc:  54.2%  V-AUROC: 0.5861  LR: 1.00e-03
2026-08-03 17:14:44,976 | [FULL    ] | INFO | full_experiments_using.model_trainers.mobile_vit_trainer |   ↳ new best AUROC; saved checkpoint: /home/oem/choihyunsu/VOGBasedMCIDetection/outputs/checkpoints/run_20260803_091231_full_wvote_artifact30_strat_4err/fold_19_best.pth
2026-08-03 17:15:13,339 | [FULL    ] | INFO | full_experiments_using.model_trainers.mobile_vit_trainer | Ep [021/500] T-Acc:  57.4%  V-Acc:  54.4%  V-AUROC: 0.5848  LR: 1.00e-03
2026-08-03 17:15:41,387 | [FULL    ] | INFO | full_experiments_using.model_trainers.mobile_vit_trainer | Ep [022/500] T-Acc:  56.9%  V-Acc:  54.1%  V-AUROC: 0.5862  LR: 1.00e-03
2026-08-03 17:15:41,502 | [FULL    ] | INFO | full_experiments_using.model_trainers.mobile_vit_trainer |   ↳ new best AUROC; saved checkpoint: /home/oem/choihyunsu/VOGBasedMCIDetection/outputs/checkpoints/run_20260803_091231_full_wvote_artifact30_strat_4err/fold_19_best.pth
2026-08-03 17:16:09,642 | [FULL    ] | INFO | full_experiments_using.model_trainers.mobile_vit_trainer | Ep [023/500] T-Acc:  57.8%  V-Acc:  53.2%  V-AUROC: 0.5915  LR: 1.00e-03
2026-08-03 17:16:09,782 | [FULL    ] | INFO | full_experiments_using.model_trainers.mobile_vit_trainer |   ↳ new best AUROC; saved checkpoint: /home/oem/choihyunsu/VOGBasedMCIDetection/outputs/checkpoints/run_20260803_091231_full_wvote_artifact30_strat_4err/fold_19_best.pth
2026-08-03 17:16:37,851 | [FULL    ] | INFO | full_experiments_using.model_trainers.mobile_vit_trainer | Ep [024/500] T-Acc:  58.1%  V-Acc:  53.0%  V-AUROC: 0.5771  LR: 1.00e-03
2026-08-03 17:17:05,936 | [FULL    ] | INFO | full_experiments_using.model_trainers.mobile_vit_trainer | Ep [025/500] T-Acc:  58.0%  V-Acc:  54.0%  V-AUROC: 0.5884  LR: 1.00e-03
2026-08-03 17:17:33,960 | [FULL    ] | INFO | full_experiments_using.model_trainers.mobile_vit_trainer | Ep [026/500] T-Acc:  58.7%  V-Acc:  53.5%  V-AUROC: 0.5925  LR: 1.00e-03
2026-08-03 17:17:34,121 | [FULL    ] | INFO | full_experiments_using.model_trainers.mobile_vit_trainer |   ↳ new best AUROC; saved checkpoint: /home/oem/choihyunsu/VOGBasedMCIDetection/outputs/checkpoints/run_20260803_091231_full_wvote_artifact30_strat_4err/fold_19_best.pth
2026-08-03 17:18:02,289 | [FULL    ] | INFO | full_experiments_using.model_trainers.mobile_vit_trainer | Ep [027/500] T-Acc:  58.0%  V-Acc:  54.3%  V-AUROC: 0.5897  LR: 1.00e-03
2026-08-03 17:18:28,947 | [FULL    ] | INFO | full_experiments_using.model_trainers.mobile_vit_trainer | Ep [028/500] T-Acc:  58.8%  V-Acc:  53.5%  V-AUROC: 0.5964  LR: 1.00e-03
2026-08-03 17:18:29,065 | [FULL    ] | INFO | full_experiments_using.model_trainers.mobile_vit_trainer |   ↳ new best AUROC; saved checkpoint: /home/oem/choihyunsu/VOGBasedMCIDetection/outputs/checkpoints/run_20260803_091231_full_wvote_artifact30_strat_4err/fold_19_best.pth
2026-08-03 17:18:55,316 | [FULL    ] | INFO | full_experiments_using.model_trainers.mobile_vit_trainer | Ep [029/500] T-Acc:  59.8%  V-Acc:  54.6%  V-AUROC: 0.5984  LR: 1.00e-03
2026-08-03 17:18:55,538 | [FULL    ] | INFO | full_experiments_using.model_trainers.mobile_vit_trainer |   ↳ new best AUROC; saved checkpoint: /home/oem/choihyunsu/VOGBasedMCIDetection/outputs/checkpoints/run_20260803_091231_full_wvote_artifact30_strat_4err/fold_19_best.pth
2026-08-03 17:19:23,783 | [FULL    ] | INFO | full_experiments_using.model_trainers.mobile_vit_trainer | Ep [030/500] T-Acc:  59.8%  V-Acc:  54.6%  V-AUROC: 0.6040  LR: 1.00e-03
2026-08-03 17:19:23,983 | [FULL    ] | INFO | full_experiments_using.model_trainers.mobile_vit_trainer |   ↳ new best AUROC; saved checkpoint: /home/oem/choihyunsu/VOGBasedMCIDetection/outputs/checkpoints/run_20260803_091231_full_wvote_artifact30_strat_4err/fold_19_best.pth
2026-08-03 17:19:52,309 | [FULL    ] | INFO | full_experiments_using.model_trainers.mobile_vit_trainer | Ep [031/500] T-Acc:  58.7%  V-Acc:  55.4%  V-AUROC: 0.6004  LR: 1.00e-03
2026-08-03 17:20:20,469 | [FULL    ] | INFO | full_experiments_using.model_trainers.mobile_vit_trainer | Ep [032/500] T-Acc:  59.7%  V-Acc:  55.1%  V-AUROC: 0.5960  LR: 1.00e-03
2026-08-03 17:20:48,735 | [FULL    ] | INFO | full_experiments_using.model_trainers.mobile_vit_trainer | Ep [033/500] T-Acc:  60.2%  V-Acc:  55.0%  V-AUROC: 0.6047  LR: 1.00e-03
2026-08-03 17:20:48,941 | [FULL    ] | INFO | full_experiments_using.model_trainers.mobile_vit_trainer |   ↳ new best AUROC; saved checkpoint: /home/oem/choihyunsu/VOGBasedMCIDetection/outputs/checkpoints/run_20260803_091231_full_wvote_artifact30_strat_4err/fold_19_best.pth
2026-08-03 17:21:16,990 | [FULL    ] | INFO | full_experiments_using.model_trainers.mobile_vit_trainer | Ep [034/500] T-Acc:  59.5%  V-Acc:  53.9%  V-AUROC: 0.6062  LR: 1.00e-03
2026-08-03 17:21:17,273 | [FULL    ] | INFO | full_experiments_using.model_trainers.mobile_vit_trainer |   ↳ new best AUROC; saved checkpoint: /home/oem/choihyunsu/VOGBasedMCIDetection/outputs/checkpoints/run_20260803_091231_full_wvote_artifact30_strat_4err/fold_19_best.pth
2026-08-03 17:21:45,350 | [FULL    ] | INFO | full_experiments_using.model_trainers.mobile_vit_trainer | Ep [035/500] T-Acc:  59.7%  V-Acc:  55.6%  V-AUROC: 0.6058  LR: 1.00e-03
2026-08-03 17:22:13,562 | [FULL    ] | INFO | full_experiments_using.model_trainers.mobile_vit_trainer | Ep [036/500] T-Acc:  58.3%  V-Acc:  55.6%  V-AUROC: 0.6046  LR: 1.00e-03
2026-08-03 17:22:41,589 | [FULL    ] | INFO | full_experiments_using.model_trainers.mobile_vit_trainer | Ep [037/500] T-Acc:  59.3%  V-Acc:  54.8%  V-AUROC: 0.6053  LR: 1.00e-03
2026-08-03 17:23:09,802 | [FULL    ] | INFO | full_experiments_using.model_trainers.mobile_vit_trainer | Ep [038/500] T-Acc:  60.3%  V-Acc:  56.0%  V-AUROC: 0.6014  LR: 1.00e-03
2026-08-03 17:23:37,866 | [FULL    ] | INFO | full_experiments_using.model_trainers.mobile_vit_trainer | Ep [039/500] T-Acc:  60.8%  V-Acc:  55.8%  V-AUROC: 0.6034  LR: 1.00e-03
2026-08-03 17:24:06,004 | [FULL    ] | INFO | full_experiments_using.model_trainers.mobile_vit_trainer | Ep [040/500] T-Acc:  61.1%  V-Acc:  54.8%  V-AUROC: 0.6099  LR: 1.00e-03
2026-08-03 17:24:06,131 | [FULL    ] | INFO | full_experiments_using.model_trainers.mobile_vit_trainer |   ↳ new best AUROC; saved checkpoint: /home/oem/choihyunsu/VOGBasedMCIDetection/outputs/checkpoints/run_20260803_091231_full_wvote_artifact30_strat_4err/fold_19_best.pth
2026-08-03 17:24:34,104 | [FULL    ] | INFO | full_experiments_using.model_trainers.mobile_vit_trainer | Ep [041/500] T-Acc:  60.4%  V-Acc:  54.8%  V-AUROC: 0.6035  LR: 1.00e-03
2026-08-03 17:25:02,179 | [FULL    ] | INFO | full_experiments_using.model_trainers.mobile_vit_trainer | Ep [042/500] T-Acc:  61.3%  V-Acc:  54.5%  V-AUROC: 0.5956  LR: 1.00e-03
2026-08-03 17:25:30,403 | [FULL    ] | INFO | full_experiments_using.model_trainers.mobile_vit_trainer | Ep [043/500] T-Acc:  60.5%  V-Acc:  55.2%  V-AUROC: 0.6034  LR: 1.00e-03
2026-08-03 17:25:58,466 | [FULL    ] | INFO | full_experiments_using.model_trainers.mobile_vit_trainer | Ep [044/500] T-Acc:  60.5%  V-Acc:  54.8%  V-AUROC: 0.6062  LR: 1.00e-03
2026-08-03 17:26:26,705 | [FULL    ] | INFO | full_experiments_using.model_trainers.mobile_vit_trainer | Ep [045/500] T-Acc:  59.9%  V-Acc:  55.6%  V-AUROC: 0.6143  LR: 1.00e-03
2026-08-03 17:26:26,836 | [FULL    ] | INFO | full_experiments_using.model_trainers.mobile_vit_trainer |   ↳ new best AUROC; saved checkpoint: /home/oem/choihyunsu/VOGBasedMCIDetection/outputs/checkpoints/run_20260803_091231_full_wvote_artifact30_strat_4err/fold_19_best.pth
2026-08-03 17:26:55,157 | [FULL    ] | INFO | full_experiments_using.model_trainers.mobile_vit_trainer | Ep [046/500] T-Acc:  61.9%  V-Acc:  54.8%  V-AUROC: 0.6090  LR: 1.00e-03
2026-08-03 17:27:23,156 | [FULL    ] | INFO | full_experiments_using.model_trainers.mobile_vit_trainer | Ep [047/500] T-Acc:  61.9%  V-Acc:  56.3%  V-AUROC: 0.6108  LR: 1.00e-03
2026-08-03 17:27:51,458 | [FULL    ] | INFO | full_experiments_using.model_trainers.mobile_vit_trainer | Ep [048/500] T-Acc:  61.3%  V-Acc:  54.4%  V-AUROC: 0.6098  LR: 1.00e-03
2026-08-03 17:28:19,505 | [FULL    ] | INFO | full_experiments_using.model_trainers.mobile_vit_trainer | Ep [049/500] T-Acc:  62.0%  V-Acc:  54.6%  V-AUROC: 0.6067  LR: 1.00e-03
2026-08-03 17:28:46,009 | [FULL    ] | INFO | full_experiments_using.model_trainers.mobile_vit_trainer | Ep [050/500] T-Acc:  61.2%  V-Acc:  52.8%  V-AUROC: 0.6143  LR: 1.00e-03
2026-08-03 17:29:11,670 | [FULL    ] | INFO | full_experiments_using.model_trainers.mobile_vit_trainer | Ep [051/500] T-Acc:  60.3%  V-Acc:  53.7%  V-AUROC: 0.6056  LR: 1.00e-03
2026-08-03 17:29:39,651 | [FULL    ] | INFO | full_experiments_using.model_trainers.mobile_vit_trainer | Ep [052/500] T-Acc:  61.1%  V-Acc:  53.2%  V-AUROC: 0.6078  LR: 1.00e-03
2026-08-03 17:30:07,989 | [FULL    ] | INFO | full_experiments_using.model_trainers.mobile_vit_trainer | Ep [053/500] T-Acc:  61.6%  V-Acc:  55.1%  V-AUROC: 0.6124  LR: 1.00e-03
2026-08-03 17:30:35,988 | [FULL    ] | INFO | full_experiments_using.model_trainers.mobile_vit_trainer | Ep [054/500] T-Acc:  62.3%  V-Acc:  55.0%  V-AUROC: 0.6113  LR: 1.00e-03
2026-08-03 17:31:04,114 | [FULL    ] | INFO | full_experiments_using.model_trainers.mobile_vit_trainer | Ep [055/500] T-Acc:  61.1%  V-Acc:  54.0%  V-AUROC: 0.6065  LR: 1.00e-03
2026-08-03 17:31:31,963 | [FULL    ] | INFO | full_experiments_using.model_trainers.mobile_vit_trainer | Ep [056/500] T-Acc:  62.5%  V-Acc:  52.9%  V-AUROC: 0.6086  LR: 1.00e-03
2026-08-03 17:32:00,004 | [FULL    ] | INFO | full_experiments_using.model_trainers.mobile_vit_trainer | Ep [057/500] T-Acc:  61.4%  V-Acc:  53.3%  V-AUROC: 0.6095  LR: 2.00e-04
2026-08-03 17:32:28,089 | [FULL    ] | INFO | full_experiments_using.model_trainers.mobile_vit_trainer | Ep [058/500] T-Acc:  61.2%  V-Acc:  53.5%  V-AUROC: 0.6100  LR: 2.00e-04
2026-08-03 17:32:56,248 | [FULL    ] | INFO | full_experiments_using.model_trainers.mobile_vit_trainer | Ep [059/500] T-Acc:  62.1%  V-Acc:  53.7%  V-AUROC: 0.6106  LR: 2.00e-04
2026-08-03 17:33:24,517 | [FULL    ] | INFO | full_experiments_using.model_trainers.mobile_vit_trainer | Ep [060/500] T-Acc:  62.5%  V-Acc:  54.7%  V-AUROC: 0.6157  LR: 2.00e-04
2026-08-03 17:33:24,678 | [FULL    ] | INFO | full_experiments_using.model_trainers.mobile_vit_trainer |   ↳ new best AUROC; saved checkpoint: /home/oem/choihyunsu/VOGBasedMCIDetection/outputs/checkpoints/run_20260803_091231_full_wvote_artifact30_strat_4err/fold_19_best.pth
2026-08-03 17:33:52,784 | [FULL    ] | INFO | full_experiments_using.model_trainers.mobile_vit_trainer | Ep [061/500] T-Acc:  61.6%  V-Acc:  54.7%  V-AUROC: 0.6172  LR: 2.00e-04
2026-08-03 17:33:52,942 | [FULL    ] | INFO | full_experiments_using.model_trainers.mobile_vit_trainer |   ↳ new best AUROC; saved checkpoint: /home/oem/choihyunsu/VOGBasedMCIDetection/outputs/checkpoints/run_20260803_091231_full_wvote_artifact30_strat_4err/fold_19_best.pth
2026-08-03 17:34:21,186 | [FULL    ] | INFO | full_experiments_using.model_trainers.mobile_vit_trainer | Ep [062/500] T-Acc:  63.0%  V-Acc:  54.0%  V-AUROC: 0.6182  LR: 2.00e-04
2026-08-03 17:34:21,320 | [FULL    ] | INFO | full_experiments_using.model_trainers.mobile_vit_trainer |   ↳ new best AUROC; saved checkpoint: /home/oem/choihyunsu/VOGBasedMCIDetection/outputs/checkpoints/run_20260803_091231_full_wvote_artifact30_strat_4err/fold_19_best.pth
2026-08-03 17:34:49,477 | [FULL    ] | INFO | full_experiments_using.model_trainers.mobile_vit_trainer | Ep [063/500] T-Acc:  61.7%  V-Acc:  55.0%  V-AUROC: 0.6156  LR: 2.00e-04
2026-08-03 17:35:17,744 | [FULL    ] | INFO | full_experiments_using.model_trainers.mobile_vit_trainer | Ep [064/500] T-Acc:  61.7%  V-Acc:  53.2%  V-AUROC: 0.6160  LR: 2.00e-04
2026-08-03 17:35:45,894 | [FULL    ] | INFO | full_experiments_using.model_trainers.mobile_vit_trainer | Ep [065/500] T-Acc:  62.2%  V-Acc:  54.6%  V-AUROC: 0.6157  LR: 2.00e-04
2026-08-03 17:36:14,203 | [FULL    ] | INFO | full_experiments_using.model_trainers.mobile_vit_trainer | Ep [066/500] T-Acc:  62.0%  V-Acc:  53.8%  V-AUROC: 0.6169  LR: 2.00e-04
2026-08-03 17:36:40,628 | [FULL    ] | INFO | full_experiments_using.model_trainers.mobile_vit_trainer | Ep [067/500] T-Acc:  62.7%  V-Acc:  53.4%  V-AUROC: 0.6161  LR: 2.00e-04
2026-08-03 17:37:07,896 | [FULL    ] | INFO | full_experiments_using.model_trainers.mobile_vit_trainer | Ep [068/500] T-Acc:  61.6%  V-Acc:  53.6%  V-AUROC: 0.6185  LR: 2.00e-04
2026-08-03 17:37:08,020 | [FULL    ] | INFO | full_experiments_using.model_trainers.mobile_vit_trainer |   ↳ new best AUROC; saved checkpoint: /home/oem/choihyunsu/VOGBasedMCIDetection/outputs/checkpoints/run_20260803_091231_full_wvote_artifact30_strat_4err/fold_19_best.pth
2026-08-03 17:37:34,760 | [FULL    ] | INFO | full_experiments_using.model_trainers.mobile_vit_trainer | Ep [069/500] T-Acc:  60.9%  V-Acc:  53.9%  V-AUROC: 0.6182  LR: 2.00e-04
2026-08-03 17:38:03,042 | [FULL    ] | INFO | full_experiments_using.model_trainers.mobile_vit_trainer | Ep [070/500] T-Acc:  62.0%  V-Acc:  54.5%  V-AUROC: 0.6208  LR: 2.00e-04
2026-08-03 17:38:03,200 | [FULL    ] | INFO | full_experiments_using.model_trainers.mobile_vit_trainer |   ↳ new best AUROC; saved checkpoint: /home/oem/choihyunsu/VOGBasedMCIDetection/outputs/checkpoints/run_20260803_091231_full_wvote_artifact30_strat_4err/fold_19_best.pth
2026-08-03 17:38:31,393 | [FULL    ] | INFO | full_experiments_using.model_trainers.mobile_vit_trainer | Ep [071/500] T-Acc:  61.5%  V-Acc:  54.5%  V-AUROC: 0.6124  LR: 2.00e-04
2026-08-03 17:38:59,538 | [FULL    ] | INFO | full_experiments_using.model_trainers.mobile_vit_trainer | Ep [072/500] T-Acc:  62.6%  V-Acc:  55.2%  V-AUROC: 0.6115  LR: 2.00e-04
2026-08-03 17:39:27,729 | [FULL    ] | INFO | full_experiments_using.model_trainers.mobile_vit_trainer | Ep [073/500] T-Acc:  61.9%  V-Acc:  54.4%  V-AUROC: 0.6165  LR: 2.00e-04
2026-08-03 17:39:55,988 | [FULL    ] | INFO | full_experiments_using.model_trainers.mobile_vit_trainer | Ep [074/500] T-Acc:  62.5%  V-Acc:  54.6%  V-AUROC: 0.6094  LR: 2.00e-04
2026-08-03 17:40:24,116 | [FULL    ] | INFO | full_experiments_using.model_trainers.mobile_vit_trainer | Ep [075/500] T-Acc:  61.6%  V-Acc:  53.9%  V-AUROC: 0.6147  LR: 2.00e-04
2026-08-03 17:40:52,201 | [FULL    ] | INFO | full_experiments_using.model_trainers.mobile_vit_trainer | Ep [076/500] T-Acc:  62.5%  V-Acc:  54.8%  V-AUROC: 0.6163  LR: 2.00e-04
2026-08-03 17:41:20,396 | [FULL    ] | INFO | full_experiments_using.model_trainers.mobile_vit_trainer | Ep [077/500] T-Acc:  62.6%  V-Acc:  54.4%  V-AUROC: 0.6168  LR: 2.00e-04
2026-08-03 17:41:48,492 | [FULL    ] | INFO | full_experiments_using.model_trainers.mobile_vit_trainer | Ep [078/500] T-Acc:  61.2%  V-Acc:  54.3%  V-AUROC: 0.6191  LR: 2.00e-04
2026-08-03 17:42:16,900 | [FULL    ] | INFO | full_experiments_using.model_trainers.mobile_vit_trainer | Ep [079/500] T-Acc:  62.3%  V-Acc:  55.2%  V-AUROC: 0.6153  LR: 2.00e-04
2026-08-03 17:42:44,889 | [FULL    ] | INFO | full_experiments_using.model_trainers.mobile_vit_trainer | Ep [080/500] T-Acc:  62.0%  V-Acc:  54.6%  V-AUROC: 0.6130  LR: 2.00e-04
2026-08-03 17:43:13,093 | [FULL    ] | INFO | full_experiments_using.model_trainers.mobile_vit_trainer | Ep [081/500] T-Acc:  61.8%  V-Acc:  55.1%  V-AUROC: 0.6160  LR: 2.00e-04
2026-08-03 17:43:41,937 | [FULL    ] | INFO | full_experiments_using.model_trainers.mobile_vit_trainer | Ep [082/500] T-Acc:  62.0%  V-Acc:  53.7%  V-AUROC: 0.6185  LR: 4.00e-05
2026-08-03 17:44:10,196 | [FULL    ] | INFO | full_experiments_using.model_trainers.mobile_vit_trainer | Ep [083/500] T-Acc:  62.4%  V-Acc:  54.8%  V-AUROC: 0.6144  LR: 4.00e-05
2026-08-03 17:44:38,315 | [FULL    ] | INFO | full_experiments_using.model_trainers.mobile_vit_trainer | Ep [084/500] T-Acc:  62.4%  V-Acc:  55.7%  V-AUROC: 0.6167  LR: 4.00e-05
2026-08-03 17:45:06,450 | [FULL    ] | INFO | full_experiments_using.model_trainers.mobile_vit_trainer | Ep [085/500] T-Acc:  62.3%  V-Acc:  54.7%  V-AUROC: 0.6169  LR: 4.00e-05
2026-08-03 17:45:34,710 | [FULL    ] | INFO | full_experiments_using.model_trainers.mobile_vit_trainer | Ep [086/500] T-Acc:  63.8%  V-Acc:  53.7%  V-AUROC: 0.6166  LR: 4.00e-05
2026-08-03 17:46:02,574 | [FULL    ] | INFO | full_experiments_using.model_trainers.mobile_vit_trainer | Ep [087/500] T-Acc:  61.7%  V-Acc:  54.5%  V-AUROC: 0.6198  LR: 4.00e-05
2026-08-03 17:46:30,651 | [FULL    ] | INFO | full_experiments_using.model_trainers.mobile_vit_trainer | Ep [088/500] T-Acc:  62.8%  V-Acc:  54.9%  V-AUROC: 0.6172  LR: 4.00e-05
2026-08-03 17:46:58,933 | [FULL    ] | INFO | full_experiments_using.model_trainers.mobile_vit_trainer | Ep [089/500] T-Acc:  62.8%  V-Acc:  54.9%  V-AUROC: 0.6182  LR: 4.00e-05
2026-08-03 17:47:26,931 | [FULL    ] | INFO | full_experiments_using.model_trainers.mobile_vit_trainer | Ep [090/500] T-Acc:  61.6%  V-Acc:  55.7%  V-AUROC: 0.6164  LR: 4.00e-05
2026-08-03 17:47:53,593 | [FULL    ] | INFO | full_experiments_using.model_trainers.mobile_vit_trainer | Ep [091/500] T-Acc:  61.8%  V-Acc:  55.0%  V-AUROC: 0.6175  LR: 4.00e-05
2026-08-03 17:48:20,188 | [FULL    ] | INFO | full_experiments_using.model_trainers.mobile_vit_trainer | Ep [092/500] T-Acc:  62.8%  V-Acc:  54.5%  V-AUROC: 0.6157  LR: 4.00e-05
2026-08-03 17:48:48,068 | [FULL    ] | INFO | full_experiments_using.model_trainers.mobile_vit_trainer | Ep [093/500] T-Acc:  62.4%  V-Acc:  55.3%  V-AUROC: 0.6176  LR: 8.00e-06
2026-08-03 17:49:14,018 | [FULL    ] | INFO | full_experiments_using.model_trainers.mobile_vit_trainer | Ep [094/500] T-Acc:  62.4%  V-Acc:  54.3%  V-AUROC: 0.6165  LR: 8.00e-06
2026-08-03 17:49:39,457 | [FULL    ] | INFO | full_experiments_using.model_trainers.mobile_vit_trainer | Ep [095/500] T-Acc:  62.2%  V-Acc:  54.7%  V-AUROC: 0.6165  LR: 8.00e-06
2026-08-03 17:50:07,679 | [FULL    ] | INFO | full_experiments_using.model_trainers.mobile_vit_trainer | Ep [096/500] T-Acc:  63.2%  V-Acc:  54.3%  V-AUROC: 0.6169  LR: 8.00e-06
2026-08-03 17:50:35,755 | [FULL    ] | INFO | full_experiments_using.model_trainers.mobile_vit_trainer | Ep [097/500] T-Acc:  62.4%  V-Acc:  55.2%  V-AUROC: 0.6153  LR: 8.00e-06
2026-08-03 17:51:03,834 | [FULL    ] | INFO | full_experiments_using.model_trainers.mobile_vit_trainer | Ep [098/500] T-Acc:  62.0%  V-Acc:  54.8%  V-AUROC: 0.6162  LR: 8.00e-06
2026-08-03 17:51:31,861 | [FULL    ] | INFO | full_experiments_using.model_trainers.mobile_vit_trainer | Ep [099/500] T-Acc:  62.4%  V-Acc:  53.7%  V-AUROC: 0.6150  LR: 8.00e-06
2026-08-03 17:51:59,818 | [FULL    ] | INFO | full_experiments_using.model_trainers.mobile_vit_trainer | Ep [100/500] T-Acc:  63.0%  V-Acc:  54.3%  V-AUROC: 0.6167  LR: 8.00e-06
2026-08-03 17:51:59,820 | [FULL    ] | INFO | full_experiments_using.model_trainers.mobile_vit_trainer | Early stop — best AUROC 0.6208 at epoch 70 (no improvement for 30 epochs)
2026-08-03 17:51:59,820 | [FULL    ] | INFO | full_experiments_using.model_trainers.mobile_vit_trainer | Done. Best AUROC: 0.6208 (epoch 70) → /home/oem/choihyunsu/VOGBasedMCIDetection/outputs/checkpoints/run_20260803_091231_full_wvote_artifact30_strat_4err/fold_19_best.pth
2026-08-03 17:52:09,272 | [FULL    ] | INFO | full_experiments_using.evaluators.monte_carlo_evaluator | -> Fold 20 Result | Acc=0.545 Sens=0.375 Spec=1.000 AUROC=0.917
2026-08-03 17:52:09,280 | [FULL    ] | INFO | full_experiments_using.evaluators.monte_carlo_evaluator | === Fold 21/30 | train: 25 subj (HC=10 MCI=15) / 3950 win | test: 12 subj (HC=4 MCI=8) / 1765 win ===
2026-08-03 17:52:09,552 | [FULL    ] | INFO | httpx | HTTP Request: HEAD https://huggingface.co/apple/mobilevit-small/resolve/main/config.json "HTTP/1.1 307 Temporary Redirect"
2026-08-03 17:52:09,566 | [FULL    ] | INFO | httpx | HTTP Request: HEAD https://huggingface.co/api/resolve-cache/models/apple/mobilevit-small/6c8612545dc98676d27bc518fa521d9e9af23e34/config.json "HTTP/1.1 200 OK"
2026-08-03 17:52:09,842 | [FULL    ] | INFO | httpx | HTTP Request: HEAD https://huggingface.co/apple/mobilevit-small/resolve/main/model.safetensors "HTTP/1.1 404 Not Found"
2026-08-03 17:52:10,048 | [FULL    ] | INFO | httpx | HTTP Request: HEAD https://huggingface.co/apple/mobilevit-small/resolve/main/model.safetensors.index.json "HTTP/1.1 404 Not Found"
2026-08-03 17:52:10,269 | [FULL    ] | INFO | httpx | HTTP Request: HEAD https://huggingface.co/apple/mobilevit-small/resolve/main/pytorch_model.bin "HTTP/1.1 302 Found"
2026-08-03 17:52:10,471 | [FULL    ] | INFO | httpx | HTTP Request: HEAD https://huggingface.co/apple/mobilevit-small/resolve/main/model.safetensors "HTTP/1.1 404 Not Found"
2026-08-03 17:52:10,672 | [FULL    ] | INFO | httpx | HTTP Request: GET https://huggingface.co/api/models/apple/mobilevit-small "HTTP/1.1 200 OK"
2026-08-03 17:52:11,013 | [FULL    ] | INFO | httpx | HTTP Request: GET https://huggingface.co/api/models/apple/mobilevit-small/commits/main "HTTP/1.1 200 OK"
2026-08-03 17:52:11,238 | [FULL    ] | INFO | httpx | HTTP Request: GET https://huggingface.co/api/models/apple/mobilevit-small/discussions?p=0 "HTTP/1.1 200 OK"
2026-08-03 17:52:11,486 | [FULL    ] | INFO | httpx | HTTP Request: GET https://huggingface.co/api/models/apple/mobilevit-small/commits/refs%2Fpr%2F6 "HTTP/1.1 200 OK"
2026-08-03 17:52:11,697 | [FULL    ] | INFO | httpx | HTTP Request: HEAD https://huggingface.co/apple/mobilevit-small/resolve/refs%2Fpr%2F6/model.safetensors.index.json "HTTP/1.1 404 Not Found"
2026-08-03 17:52:11,909 | [FULL    ] | INFO | httpx | HTTP Request: HEAD https://huggingface.co/apple/mobilevit-small/resolve/refs%2Fpr%2F6/model.safetensors "HTTP/1.1 302 Found"
2026-08-03 17:52:12,677 | [FULL    ] | INFO | full_experiments_using.model_trainers.mobile_vit_trainer | Device: cuda | max_epochs=500 | batch=32 | eval_batch=256 | es_patience=30
2026-08-03 17:52:12,688 | [FULL    ] | INFO | full_experiments_using.model_trainers.mobile_vit_trainer | CE weights — HC: 1.106  MCI: 0.913
2026-08-03 17:52:59,483 | [FULL    ] | INFO | full_experiments_using.model_trainers.mobile_vit_trainer | Ep [001/500] T-Acc:  48.1%  V-Acc:  44.8%  V-AUROC: 0.5178  LR: 2.00e-04
2026-08-03 17:52:59,551 | [FULL    ] | INFO | full_experiments_using.model_trainers.mobile_vit_trainer |   ↳ new best AUROC; saved checkpoint: /home/oem/choihyunsu/VOGBasedMCIDetection/outputs/checkpoints/run_20260803_091231_full_wvote_artifact30_strat_4err/fold_20_best.pth
2026-08-03 17:53:28,075 | [FULL    ] | INFO | full_experiments_using.model_trainers.mobile_vit_trainer | Ep [002/500] T-Acc:  47.9%  V-Acc:  45.4%  V-AUROC: 0.5311  LR: 4.00e-04
2026-08-03 17:53:28,196 | [FULL    ] | INFO | full_experiments_using.model_trainers.mobile_vit_trainer |   ↳ new best AUROC; saved checkpoint: /home/oem/choihyunsu/VOGBasedMCIDetection/outputs/checkpoints/run_20260803_091231_full_wvote_artifact30_strat_4err/fold_20_best.pth
2026-08-03 17:53:56,567 | [FULL    ] | INFO | full_experiments_using.model_trainers.mobile_vit_trainer | Ep [003/500] T-Acc:  50.4%  V-Acc:  45.6%  V-AUROC: 0.5243  LR: 6.00e-04
2026-08-03 17:54:23,212 | [FULL    ] | INFO | full_experiments_using.model_trainers.mobile_vit_trainer | Ep [004/500] T-Acc:  49.8%  V-Acc:  47.6%  V-AUROC: 0.5321  LR: 8.00e-04
2026-08-03 17:54:23,379 | [FULL    ] | INFO | full_experiments_using.model_trainers.mobile_vit_trainer |   ↳ new best AUROC; saved checkpoint: /home/oem/choihyunsu/VOGBasedMCIDetection/outputs/checkpoints/run_20260803_091231_full_wvote_artifact30_strat_4err/fold_20_best.pth
2026-08-03 17:54:49,990 | [FULL    ] | INFO | full_experiments_using.model_trainers.mobile_vit_trainer | Ep [005/500] T-Acc:  50.8%  V-Acc:  51.8%  V-AUROC: 0.5502  LR: 1.00e-03
2026-08-03 17:54:50,111 | [FULL    ] | INFO | full_experiments_using.model_trainers.mobile_vit_trainer |   ↳ new best AUROC; saved checkpoint: /home/oem/choihyunsu/VOGBasedMCIDetection/outputs/checkpoints/run_20260803_091231_full_wvote_artifact30_strat_4err/fold_20_best.pth
2026-08-03 17:55:18,711 | [FULL    ] | INFO | full_experiments_using.model_trainers.mobile_vit_trainer | Ep [006/500] T-Acc:  53.5%  V-Acc:  52.0%  V-AUROC: 0.5519  LR: 1.00e-03
2026-08-03 17:55:18,833 | [FULL    ] | INFO | full_experiments_using.model_trainers.mobile_vit_trainer |   ↳ new best AUROC; saved checkpoint: /home/oem/choihyunsu/VOGBasedMCIDetection/outputs/checkpoints/run_20260803_091231_full_wvote_artifact30_strat_4err/fold_20_best.pth
2026-08-03 17:55:47,581 | [FULL    ] | INFO | full_experiments_using.model_trainers.mobile_vit_trainer | Ep [007/500] T-Acc:  53.9%  V-Acc:  53.0%  V-AUROC: 0.5660  LR: 1.00e-03
2026-08-03 17:55:47,700 | [FULL    ] | INFO | full_experiments_using.model_trainers.mobile_vit_trainer |   ↳ new best AUROC; saved checkpoint: /home/oem/choihyunsu/VOGBasedMCIDetection/outputs/checkpoints/run_20260803_091231_full_wvote_artifact30_strat_4err/fold_20_best.pth
2026-08-03 17:56:16,331 | [FULL    ] | INFO | full_experiments_using.model_trainers.mobile_vit_trainer | Ep [008/500] T-Acc:  53.3%  V-Acc:  54.7%  V-AUROC: 0.5622  LR: 1.00e-03
2026-08-03 17:56:44,886 | [FULL    ] | INFO | full_experiments_using.model_trainers.mobile_vit_trainer | Ep [009/500] T-Acc:  53.3%  V-Acc:  54.7%  V-AUROC: 0.5627  LR: 1.00e-03
2026-08-03 17:57:13,753 | [FULL    ] | INFO | full_experiments_using.model_trainers.mobile_vit_trainer | Ep [010/500] T-Acc:  54.8%  V-Acc:  53.4%  V-AUROC: 0.5641  LR: 1.00e-03
2026-08-03 17:57:42,403 | [FULL    ] | INFO | full_experiments_using.model_trainers.mobile_vit_trainer | Ep [011/500] T-Acc:  54.3%  V-Acc:  55.1%  V-AUROC: 0.5679  LR: 1.00e-03
2026-08-03 17:57:42,520 | [FULL    ] | INFO | full_experiments_using.model_trainers.mobile_vit_trainer |   ↳ new best AUROC; saved checkpoint: /home/oem/choihyunsu/VOGBasedMCIDetection/outputs/checkpoints/run_20260803_091231_full_wvote_artifact30_strat_4err/fold_20_best.pth
2026-08-03 17:58:11,015 | [FULL    ] | INFO | full_experiments_using.model_trainers.mobile_vit_trainer | Ep [012/500] T-Acc:  55.5%  V-Acc:  54.4%  V-AUROC: 0.5684  LR: 1.00e-03
2026-08-03 17:58:11,186 | [FULL    ] | INFO | full_experiments_using.model_trainers.mobile_vit_trainer |   ↳ new best AUROC; saved checkpoint: /home/oem/choihyunsu/VOGBasedMCIDetection/outputs/checkpoints/run_20260803_091231_full_wvote_artifact30_strat_4err/fold_20_best.pth
2026-08-03 17:58:39,773 | [FULL    ] | INFO | full_experiments_using.model_trainers.mobile_vit_trainer | Ep [013/500] T-Acc:  57.4%  V-Acc:  53.9%  V-AUROC: 0.5767  LR: 1.00e-03
2026-08-03 17:58:39,959 | [FULL    ] | INFO | full_experiments_using.model_trainers.mobile_vit_trainer |   ↳ new best AUROC; saved checkpoint: /home/oem/choihyunsu/VOGBasedMCIDetection/outputs/checkpoints/run_20260803_091231_full_wvote_artifact30_strat_4err/fold_20_best.pth
2026-08-03 17:59:08,715 | [FULL    ] | INFO | full_experiments_using.model_trainers.mobile_vit_trainer | Ep [014/500] T-Acc:  56.1%  V-Acc:  55.2%  V-AUROC: 0.5842  LR: 1.00e-03
2026-08-03 17:59:08,832 | [FULL    ] | INFO | full_experiments_using.model_trainers.mobile_vit_trainer |   ↳ new best AUROC; saved checkpoint: /home/oem/choihyunsu/VOGBasedMCIDetection/outputs/checkpoints/run_20260803_091231_full_wvote_artifact30_strat_4err/fold_20_best.pth
2026-08-03 17:59:37,333 | [FULL    ] | INFO | full_experiments_using.model_trainers.mobile_vit_trainer | Ep [015/500] T-Acc:  57.0%  V-Acc:  53.9%  V-AUROC: 0.5823  LR: 1.00e-03
2026-08-03 18:00:05,973 | [FULL    ] | INFO | full_experiments_using.model_trainers.mobile_vit_trainer | Ep [016/500] T-Acc:  58.0%  V-Acc:  55.0%  V-AUROC: 0.5873  LR: 1.00e-03
2026-08-03 18:00:06,092 | [FULL    ] | INFO | full_experiments_using.model_trainers.mobile_vit_trainer |   ↳ new best AUROC; saved checkpoint: /home/oem/choihyunsu/VOGBasedMCIDetection/outputs/checkpoints/run_20260803_091231_full_wvote_artifact30_strat_4err/fold_20_best.pth
2026-08-03 18:00:34,829 | [FULL    ] | INFO | full_experiments_using.model_trainers.mobile_vit_trainer | Ep [017/500] T-Acc:  58.3%  V-Acc:  55.4%  V-AUROC: 0.5882  LR: 1.00e-03
2026-08-03 18:00:34,951 | [FULL    ] | INFO | full_experiments_using.model_trainers.mobile_vit_trainer |   ↳ new best AUROC; saved checkpoint: /home/oem/choihyunsu/VOGBasedMCIDetection/outputs/checkpoints/run_20260803_091231_full_wvote_artifact30_strat_4err/fold_20_best.pth
2026-08-03 18:01:03,479 | [FULL    ] | INFO | full_experiments_using.model_trainers.mobile_vit_trainer | Ep [018/500] T-Acc:  58.2%  V-Acc:  55.8%  V-AUROC: 0.5900  LR: 1.00e-03
2026-08-03 18:01:03,664 | [FULL    ] | INFO | full_experiments_using.model_trainers.mobile_vit_trainer |   ↳ new best AUROC; saved checkpoint: /home/oem/choihyunsu/VOGBasedMCIDetection/outputs/checkpoints/run_20260803_091231_full_wvote_artifact30_strat_4err/fold_20_best.pth
2026-08-03 18:01:32,601 | [FULL    ] | INFO | full_experiments_using.model_trainers.mobile_vit_trainer | Ep [019/500] T-Acc:  58.8%  V-Acc:  55.2%  V-AUROC: 0.5855  LR: 1.00e-03
2026-08-03 18:02:01,177 | [FULL    ] | INFO | full_experiments_using.model_trainers.mobile_vit_trainer | Ep [020/500] T-Acc:  58.8%  V-Acc:  54.6%  V-AUROC: 0.5879  LR: 1.00e-03
2026-08-03 18:02:29,947 | [FULL    ] | INFO | full_experiments_using.model_trainers.mobile_vit_trainer | Ep [021/500] T-Acc:  60.7%  V-Acc:  54.3%  V-AUROC: 0.5845  LR: 1.00e-03
2026-08-03 18:02:58,482 | [FULL    ] | INFO | full_experiments_using.model_trainers.mobile_vit_trainer | Ep [022/500] T-Acc:  60.3%  V-Acc:  55.4%  V-AUROC: 0.5837  LR: 1.00e-03
2026-08-03 18:03:26,880 | [FULL    ] | INFO | full_experiments_using.model_trainers.mobile_vit_trainer | Ep [023/500] T-Acc:  58.8%  V-Acc:  56.1%  V-AUROC: 0.5912  LR: 1.00e-03
2026-08-03 18:03:27,017 | [FULL    ] | INFO | full_experiments_using.model_trainers.mobile_vit_trainer |   ↳ new best AUROC; saved checkpoint: /home/oem/choihyunsu/VOGBasedMCIDetection/outputs/checkpoints/run_20260803_091231_full_wvote_artifact30_strat_4err/fold_20_best.pth
2026-08-03 18:03:55,908 | [FULL    ] | INFO | full_experiments_using.model_trainers.mobile_vit_trainer | Ep [024/500] T-Acc:  59.9%  V-Acc:  55.9%  V-AUROC: 0.5817  LR: 1.00e-03
2026-08-03 18:04:24,474 | [FULL    ] | INFO | full_experiments_using.model_trainers.mobile_vit_trainer | Ep [025/500] T-Acc:  59.8%  V-Acc:  54.3%  V-AUROC: 0.5906  LR: 1.00e-03
2026-08-03 18:04:52,948 | [FULL    ] | INFO | full_experiments_using.model_trainers.mobile_vit_trainer | Ep [026/500] T-Acc:  60.8%  V-Acc:  54.5%  V-AUROC: 0.5870  LR: 1.00e-03
2026-08-03 18:05:21,543 | [FULL    ] | INFO | full_experiments_using.model_trainers.mobile_vit_trainer | Ep [027/500] T-Acc:  60.3%  V-Acc:  54.3%  V-AUROC: 0.5909  LR: 1.00e-03
2026-08-03 18:05:50,186 | [FULL    ] | INFO | full_experiments_using.model_trainers.mobile_vit_trainer | Ep [028/500] T-Acc:  62.3%  V-Acc:  55.2%  V-AUROC: 0.5947  LR: 1.00e-03
2026-08-03 18:05:50,380 | [FULL    ] | INFO | full_experiments_using.model_trainers.mobile_vit_trainer |   ↳ new best AUROC; saved checkpoint: /home/oem/choihyunsu/VOGBasedMCIDetection/outputs/checkpoints/run_20260803_091231_full_wvote_artifact30_strat_4err/fold_20_best.pth
2026-08-03 18:06:18,929 | [FULL    ] | INFO | full_experiments_using.model_trainers.mobile_vit_trainer | Ep [029/500] T-Acc:  60.4%  V-Acc:  54.8%  V-AUROC: 0.5912  LR: 1.00e-03
2026-08-03 18:06:47,672 | [FULL    ] | INFO | full_experiments_using.model_trainers.mobile_vit_trainer | Ep [030/500] T-Acc:  61.0%  V-Acc:  56.8%  V-AUROC: 0.5989  LR: 1.00e-03
2026-08-03 18:06:47,935 | [FULL    ] | INFO | full_experiments_using.model_trainers.mobile_vit_trainer |   ↳ new best AUROC; saved checkpoint: /home/oem/choihyunsu/VOGBasedMCIDetection/outputs/checkpoints/run_20260803_091231_full_wvote_artifact30_strat_4err/fold_20_best.pth
2026-08-03 18:07:16,606 | [FULL    ] | INFO | full_experiments_using.model_trainers.mobile_vit_trainer | Ep [031/500] T-Acc:  62.2%  V-Acc:  55.6%  V-AUROC: 0.5972  LR: 1.00e-03
2026-08-03 18:07:45,107 | [FULL    ] | INFO | full_experiments_using.model_trainers.mobile_vit_trainer | Ep [032/500] T-Acc:  61.7%  V-Acc:  56.8%  V-AUROC: 0.5972  LR: 1.00e-03
2026-08-03 18:08:11,937 | [FULL    ] | INFO | full_experiments_using.model_trainers.mobile_vit_trainer | Ep [033/500] T-Acc:  62.4%  V-Acc:  56.2%  V-AUROC: 0.5960  LR: 1.00e-03
2026-08-03 18:08:40,466 | [FULL    ] | INFO | full_experiments_using.model_trainers.mobile_vit_trainer | Ep [034/500] T-Acc:  61.8%  V-Acc:  56.5%  V-AUROC: 0.5991  LR: 1.00e-03
2026-08-03 18:08:40,586 | [FULL    ] | INFO | full_experiments_using.model_trainers.mobile_vit_trainer |   ↳ new best AUROC; saved checkpoint: /home/oem/choihyunsu/VOGBasedMCIDetection/outputs/checkpoints/run_20260803_091231_full_wvote_artifact30_strat_4err/fold_20_best.pth
2026-08-03 18:09:07,484 | [FULL    ] | INFO | full_experiments_using.model_trainers.mobile_vit_trainer | Ep [035/500] T-Acc:  62.2%  V-Acc:  57.6%  V-AUROC: 0.6011  LR: 1.00e-03
2026-08-03 18:09:07,665 | [FULL    ] | INFO | full_experiments_using.model_trainers.mobile_vit_trainer |   ↳ new best AUROC; saved checkpoint: /home/oem/choihyunsu/VOGBasedMCIDetection/outputs/checkpoints/run_20260803_091231_full_wvote_artifact30_strat_4err/fold_20_best.pth
2026-08-03 18:09:36,321 | [FULL    ] | INFO | full_experiments_using.model_trainers.mobile_vit_trainer | Ep [036/500] T-Acc:  62.2%  V-Acc:  55.6%  V-AUROC: 0.5988  LR: 1.00e-03
2026-08-03 18:10:04,755 | [FULL    ] | INFO | full_experiments_using.model_trainers.mobile_vit_trainer | Ep [037/500] T-Acc:  63.5%  V-Acc:  57.4%  V-AUROC: 0.6010  LR: 1.00e-03
2026-08-03 18:10:33,213 | [FULL    ] | INFO | full_experiments_using.model_trainers.mobile_vit_trainer | Ep [038/500] T-Acc:  62.1%  V-Acc:  56.1%  V-AUROC: 0.6005  LR: 1.00e-03
2026-08-03 18:11:01,953 | [FULL    ] | INFO | full_experiments_using.model_trainers.mobile_vit_trainer | Ep [039/500] T-Acc:  62.0%  V-Acc:  55.8%  V-AUROC: 0.5946  LR: 1.00e-03
2026-08-03 18:11:30,857 | [FULL    ] | INFO | full_experiments_using.model_trainers.mobile_vit_trainer | Ep [040/500] T-Acc:  62.6%  V-Acc:  56.0%  V-AUROC: 0.5960  LR: 1.00e-03
2026-08-03 18:11:59,334 | [FULL    ] | INFO | full_experiments_using.model_trainers.mobile_vit_trainer | Ep [041/500] T-Acc:  62.7%  V-Acc:  57.2%  V-AUROC: 0.5984  LR: 1.00e-03
2026-08-03 18:12:28,148 | [FULL    ] | INFO | full_experiments_using.model_trainers.mobile_vit_trainer | Ep [042/500] T-Acc:  62.1%  V-Acc:  55.1%  V-AUROC: 0.5919  LR: 1.00e-03
2026-08-03 18:12:56,816 | [FULL    ] | INFO | full_experiments_using.model_trainers.mobile_vit_trainer | Ep [043/500] T-Acc:  63.0%  V-Acc:  56.3%  V-AUROC: 0.5961  LR: 1.00e-03
2026-08-03 18:13:23,380 | [FULL    ] | INFO | full_experiments_using.model_trainers.mobile_vit_trainer | Ep [044/500] T-Acc:  62.5%  V-Acc:  56.1%  V-AUROC: 0.5935  LR: 1.00e-03
2026-08-03 18:13:50,694 | [FULL    ] | INFO | full_experiments_using.model_trainers.mobile_vit_trainer | Ep [045/500] T-Acc:  63.3%  V-Acc:  55.8%  V-AUROC: 0.5907  LR: 1.00e-03
2026-08-03 18:14:18,828 | [FULL    ] | INFO | full_experiments_using.model_trainers.mobile_vit_trainer | Ep [046/500] T-Acc:  62.1%  V-Acc:  56.2%  V-AUROC: 0.5926  LR: 1.00e-03
2026-08-03 18:14:47,497 | [FULL    ] | INFO | full_experiments_using.model_trainers.mobile_vit_trainer | Ep [047/500] T-Acc:  63.1%  V-Acc:  56.5%  V-AUROC: 0.5919  LR: 2.00e-04
2026-08-03 18:15:16,148 | [FULL    ] | INFO | full_experiments_using.model_trainers.mobile_vit_trainer | Ep [048/500] T-Acc:  62.7%  V-Acc:  56.7%  V-AUROC: 0.5944  LR: 2.00e-04
2026-08-03 18:15:44,750 | [FULL    ] | INFO | full_experiments_using.model_trainers.mobile_vit_trainer | Ep [049/500] T-Acc:  62.8%  V-Acc:  55.9%  V-AUROC: 0.5915  LR: 2.00e-04
2026-08-03 18:16:13,128 | [FULL    ] | INFO | full_experiments_using.model_trainers.mobile_vit_trainer | Ep [050/500] T-Acc:  63.2%  V-Acc:  56.5%  V-AUROC: 0.5942  LR: 2.00e-04
2026-08-03 18:16:41,838 | [FULL    ] | INFO | full_experiments_using.model_trainers.mobile_vit_trainer | Ep [051/500] T-Acc:  63.0%  V-Acc:  56.1%  V-AUROC: 0.5920  LR: 2.00e-04
2026-08-03 18:17:10,592 | [FULL    ] | INFO | full_experiments_using.model_trainers.mobile_vit_trainer | Ep [052/500] T-Acc:  62.6%  V-Acc:  56.4%  V-AUROC: 0.5956  LR: 2.00e-04
2026-08-03 18:17:37,440 | [FULL    ] | INFO | full_experiments_using.model_trainers.mobile_vit_trainer | Ep [053/500] T-Acc:  63.5%  V-Acc:  56.3%  V-AUROC: 0.5940  LR: 2.00e-04
2026-08-03 18:18:05,716 | [FULL    ] | INFO | full_experiments_using.model_trainers.mobile_vit_trainer | Ep [054/500] T-Acc:  64.8%  V-Acc:  56.4%  V-AUROC: 0.5932  LR: 2.00e-04
2026-08-03 18:18:32,928 | [FULL    ] | INFO | full_experiments_using.model_trainers.mobile_vit_trainer | Ep [055/500] T-Acc:  64.3%  V-Acc:  56.4%  V-AUROC: 0.5936  LR: 2.00e-04
2026-08-03 18:19:01,674 | [FULL    ] | INFO | full_experiments_using.model_trainers.mobile_vit_trainer | Ep [056/500] T-Acc:  63.3%  V-Acc:  56.3%  V-AUROC: 0.5938  LR: 2.00e-04
2026-08-03 18:19:30,165 | [FULL    ] | INFO | full_experiments_using.model_trainers.mobile_vit_trainer | Ep [057/500] T-Acc:  63.5%  V-Acc:  56.0%  V-AUROC: 0.5929  LR: 2.00e-04
2026-08-03 18:19:58,626 | [FULL    ] | INFO | full_experiments_using.model_trainers.mobile_vit_trainer | Ep [058/500] T-Acc:  63.7%  V-Acc:  56.8%  V-AUROC: 0.5934  LR: 4.00e-05
2026-08-03 18:20:27,000 | [FULL    ] | INFO | full_experiments_using.model_trainers.mobile_vit_trainer | Ep [059/500] T-Acc:  62.4%  V-Acc:  56.4%  V-AUROC: 0.5955  LR: 4.00e-05
2026-08-03 18:20:55,633 | [FULL    ] | INFO | full_experiments_using.model_trainers.mobile_vit_trainer | Ep [060/500] T-Acc:  63.1%  V-Acc:  56.5%  V-AUROC: 0.5947  LR: 4.00e-05
2026-08-03 18:21:24,384 | [FULL    ] | INFO | full_experiments_using.model_trainers.mobile_vit_trainer | Ep [061/500] T-Acc:  64.8%  V-Acc:  56.9%  V-AUROC: 0.5944  LR: 4.00e-05
2026-08-03 18:21:52,678 | [FULL    ] | INFO | full_experiments_using.model_trainers.mobile_vit_trainer | Ep [062/500] T-Acc:  63.4%  V-Acc:  56.8%  V-AUROC: 0.5974  LR: 4.00e-05
2026-08-03 18:22:21,263 | [FULL    ] | INFO | full_experiments_using.model_trainers.mobile_vit_trainer | Ep [063/500] T-Acc:  62.9%  V-Acc:  56.7%  V-AUROC: 0.5948  LR: 4.00e-05
2026-08-03 18:22:49,818 | [FULL    ] | INFO | full_experiments_using.model_trainers.mobile_vit_trainer | Ep [064/500] T-Acc:  63.4%  V-Acc:  56.9%  V-AUROC: 0.5948  LR: 4.00e-05
2026-08-03 18:23:18,015 | [FULL    ] | INFO | full_experiments_using.model_trainers.mobile_vit_trainer | Ep [065/500] T-Acc:  63.5%  V-Acc:  57.1%  V-AUROC: 0.5937  LR: 4.00e-05
2026-08-03 18:23:18,015 | [FULL    ] | INFO | full_experiments_using.model_trainers.mobile_vit_trainer | Early stop — best AUROC 0.6011 at epoch 35 (no improvement for 30 epochs)
2026-08-03 18:23:18,015 | [FULL    ] | INFO | full_experiments_using.model_trainers.mobile_vit_trainer | Done. Best AUROC: 0.6011 (epoch 35) → /home/oem/choihyunsu/VOGBasedMCIDetection/outputs/checkpoints/run_20260803_091231_full_wvote_artifact30_strat_4err/fold_20_best.pth
2026-08-03 18:23:28,647 | [FULL    ] | INFO | full_experiments_using.evaluators.monte_carlo_evaluator | -> Fold 21 Result | Acc=0.500 Sens=0.429 Spec=0.667 AUROC=0.714
2026-08-03 18:23:28,654 | [FULL    ] | INFO | full_experiments_using.evaluators.monte_carlo_evaluator | === Fold 22/30 | train: 25 subj (HC=10 MCI=15) / 3905 win | test: 12 subj (HC=4 MCI=8) / 1810 win ===
2026-08-03 18:23:28,887 | [FULL    ] | INFO | httpx | HTTP Request: HEAD https://huggingface.co/apple/mobilevit-small/resolve/main/config.json "HTTP/1.1 307 Temporary Redirect"
2026-08-03 18:23:28,901 | [FULL    ] | INFO | httpx | HTTP Request: HEAD https://huggingface.co/api/resolve-cache/models/apple/mobilevit-small/6c8612545dc98676d27bc518fa521d9e9af23e34/config.json "HTTP/1.1 200 OK"
2026-08-03 18:23:29,153 | [FULL    ] | INFO | httpx | HTTP Request: HEAD https://huggingface.co/apple/mobilevit-small/resolve/main/model.safetensors "HTTP/1.1 404 Not Found"
2026-08-03 18:23:29,365 | [FULL    ] | INFO | httpx | HTTP Request: HEAD https://huggingface.co/apple/mobilevit-small/resolve/main/model.safetensors.index.json "HTTP/1.1 404 Not Found"
2026-08-03 18:23:29,573 | [FULL    ] | INFO | httpx | HTTP Request: HEAD https://huggingface.co/apple/mobilevit-small/resolve/main/pytorch_model.bin "HTTP/1.1 302 Found"
2026-08-03 18:23:29,785 | [FULL    ] | INFO | httpx | HTTP Request: HEAD https://huggingface.co/apple/mobilevit-small/resolve/main/model.safetensors "HTTP/1.1 404 Not Found"
2026-08-03 18:23:30,000 | [FULL    ] | INFO | httpx | HTTP Request: GET https://huggingface.co/api/models/apple/mobilevit-small "HTTP/1.1 200 OK"
2026-08-03 18:23:30,233 | [FULL    ] | INFO | httpx | HTTP Request: GET https://huggingface.co/api/models/apple/mobilevit-small/commits/main "HTTP/1.1 200 OK"
2026-08-03 18:23:30,502 | [FULL    ] | INFO | httpx | HTTP Request: GET https://huggingface.co/api/models/apple/mobilevit-small/discussions?p=0 "HTTP/1.1 200 OK"
2026-08-03 18:23:30,720 | [FULL    ] | INFO | httpx | HTTP Request: GET https://huggingface.co/api/models/apple/mobilevit-small/commits/refs%2Fpr%2F6 "HTTP/1.1 200 OK"
2026-08-03 18:23:30,961 | [FULL    ] | INFO | httpx | HTTP Request: HEAD https://huggingface.co/apple/mobilevit-small/resolve/refs%2Fpr%2F6/model.safetensors.index.json "HTTP/1.1 404 Not Found"
2026-08-03 18:23:31,169 | [FULL    ] | INFO | httpx | HTTP Request: HEAD https://huggingface.co/apple/mobilevit-small/resolve/refs%2Fpr%2F6/model.safetensors "HTTP/1.1 302 Found"
2026-08-03 18:23:32,112 | [FULL    ] | INFO | full_experiments_using.model_trainers.mobile_vit_trainer | Device: cuda | max_epochs=500 | batch=32 | eval_batch=256 | es_patience=30
2026-08-03 18:23:32,132 | [FULL    ] | INFO | full_experiments_using.model_trainers.mobile_vit_trainer | CE weights — HC: 1.088  MCI: 0.925
2026-08-03 18:24:09,059 | [FULL    ] | INFO | full_experiments_using.model_trainers.mobile_vit_trainer | Ep [001/500] T-Acc:  46.8%  V-Acc:  47.8%  V-AUROC: 0.4985  LR: 2.00e-04
2026-08-03 18:24:09,182 | [FULL    ] | INFO | full_experiments_using.model_trainers.mobile_vit_trainer |   ↳ new best AUROC; saved checkpoint: /home/oem/choihyunsu/VOGBasedMCIDetection/outputs/checkpoints/run_20260803_091231_full_wvote_artifact30_strat_4err/fold_21_best.pth
2026-08-03 18:24:37,723 | [FULL    ] | INFO | full_experiments_using.model_trainers.mobile_vit_trainer | Ep [002/500] T-Acc:  48.2%  V-Acc:  46.7%  V-AUROC: 0.4905  LR: 4.00e-04
2026-08-03 18:25:05,955 | [FULL    ] | INFO | full_experiments_using.model_trainers.mobile_vit_trainer | Ep [003/500] T-Acc:  50.1%  V-Acc:  46.1%  V-AUROC: 0.4914  LR: 6.00e-04
2026-08-03 18:25:34,332 | [FULL    ] | INFO | full_experiments_using.model_trainers.mobile_vit_trainer | Ep [004/500] T-Acc:  49.2%  V-Acc:  47.3%  V-AUROC: 0.5139  LR: 8.00e-04
2026-08-03 18:25:34,488 | [FULL    ] | INFO | full_experiments_using.model_trainers.mobile_vit_trainer |   ↳ new best AUROC; saved checkpoint: /home/oem/choihyunsu/VOGBasedMCIDetection/outputs/checkpoints/run_20260803_091231_full_wvote_artifact30_strat_4err/fold_21_best.pth
2026-08-03 18:26:02,731 | [FULL    ] | INFO | full_experiments_using.model_trainers.mobile_vit_trainer | Ep [005/500] T-Acc:  50.6%  V-Acc:  50.1%  V-AUROC: 0.5410  LR: 1.00e-03
2026-08-03 18:26:02,920 | [FULL    ] | INFO | full_experiments_using.model_trainers.mobile_vit_trainer |   ↳ new best AUROC; saved checkpoint: /home/oem/choihyunsu/VOGBasedMCIDetection/outputs/checkpoints/run_20260803_091231_full_wvote_artifact30_strat_4err/fold_21_best.pth
2026-08-03 18:26:31,431 | [FULL    ] | INFO | full_experiments_using.model_trainers.mobile_vit_trainer | Ep [006/500] T-Acc:  52.3%  V-Acc:  53.1%  V-AUROC: 0.5729  LR: 1.00e-03
2026-08-03 18:26:31,547 | [FULL    ] | INFO | full_experiments_using.model_trainers.mobile_vit_trainer |   ↳ new best AUROC; saved checkpoint: /home/oem/choihyunsu/VOGBasedMCIDetection/outputs/checkpoints/run_20260803_091231_full_wvote_artifact30_strat_4err/fold_21_best.pth
2026-08-03 18:27:00,332 | [FULL    ] | INFO | full_experiments_using.model_trainers.mobile_vit_trainer | Ep [007/500] T-Acc:  52.6%  V-Acc:  54.8%  V-AUROC: 0.5896  LR: 1.00e-03
2026-08-03 18:27:00,518 | [FULL    ] | INFO | full_experiments_using.model_trainers.mobile_vit_trainer |   ↳ new best AUROC; saved checkpoint: /home/oem/choihyunsu/VOGBasedMCIDetection/outputs/checkpoints/run_20260803_091231_full_wvote_artifact30_strat_4err/fold_21_best.pth
2026-08-03 18:27:28,867 | [FULL    ] | INFO | full_experiments_using.model_trainers.mobile_vit_trainer | Ep [008/500] T-Acc:  54.2%  V-Acc:  54.0%  V-AUROC: 0.5908  LR: 1.00e-03
2026-08-03 18:27:29,042 | [FULL    ] | INFO | full_experiments_using.model_trainers.mobile_vit_trainer |   ↳ new best AUROC; saved checkpoint: /home/oem/choihyunsu/VOGBasedMCIDetection/outputs/checkpoints/run_20260803_091231_full_wvote_artifact30_strat_4err/fold_21_best.pth
2026-08-03 18:27:57,733 | [FULL    ] | INFO | full_experiments_using.model_trainers.mobile_vit_trainer | Ep [009/500] T-Acc:  54.4%  V-Acc:  57.6%  V-AUROC: 0.6132  LR: 1.00e-03
2026-08-03 18:27:57,919 | [FULL    ] | INFO | full_experiments_using.model_trainers.mobile_vit_trainer |   ↳ new best AUROC; saved checkpoint: /home/oem/choihyunsu/VOGBasedMCIDetection/outputs/checkpoints/run_20260803_091231_full_wvote_artifact30_strat_4err/fold_21_best.pth
2026-08-03 18:28:26,376 | [FULL    ] | INFO | full_experiments_using.model_trainers.mobile_vit_trainer | Ep [010/500] T-Acc:  54.0%  V-Acc:  56.9%  V-AUROC: 0.6183  LR: 1.00e-03
2026-08-03 18:28:26,517 | [FULL    ] | INFO | full_experiments_using.model_trainers.mobile_vit_trainer |   ↳ new best AUROC; saved checkpoint: /home/oem/choihyunsu/VOGBasedMCIDetection/outputs/checkpoints/run_20260803_091231_full_wvote_artifact30_strat_4err/fold_21_best.pth
2026-08-03 18:28:55,166 | [FULL    ] | INFO | full_experiments_using.model_trainers.mobile_vit_trainer | Ep [011/500] T-Acc:  55.1%  V-Acc:  57.6%  V-AUROC: 0.6184  LR: 1.00e-03
2026-08-03 18:28:55,335 | [FULL    ] | INFO | full_experiments_using.model_trainers.mobile_vit_trainer |   ↳ new best AUROC; saved checkpoint: /home/oem/choihyunsu/VOGBasedMCIDetection/outputs/checkpoints/run_20260803_091231_full_wvote_artifact30_strat_4err/fold_21_best.pth
2026-08-03 18:29:23,750 | [FULL    ] | INFO | full_experiments_using.model_trainers.mobile_vit_trainer | Ep [012/500] T-Acc:  57.0%  V-Acc:  57.1%  V-AUROC: 0.6231  LR: 1.00e-03
2026-08-03 18:29:23,913 | [FULL    ] | INFO | full_experiments_using.model_trainers.mobile_vit_trainer |   ↳ new best AUROC; saved checkpoint: /home/oem/choihyunsu/VOGBasedMCIDetection/outputs/checkpoints/run_20260803_091231_full_wvote_artifact30_strat_4err/fold_21_best.pth
2026-08-03 18:29:52,363 | [FULL    ] | INFO | full_experiments_using.model_trainers.mobile_vit_trainer | Ep [013/500] T-Acc:  57.0%  V-Acc:  57.8%  V-AUROC: 0.6346  LR: 1.00e-03
2026-08-03 18:29:52,550 | [FULL    ] | INFO | full_experiments_using.model_trainers.mobile_vit_trainer |   ↳ new best AUROC; saved checkpoint: /home/oem/choihyunsu/VOGBasedMCIDetection/outputs/checkpoints/run_20260803_091231_full_wvote_artifact30_strat_4err/fold_21_best.pth
2026-08-03 18:30:21,028 | [FULL    ] | INFO | full_experiments_using.model_trainers.mobile_vit_trainer | Ep [014/500] T-Acc:  55.2%  V-Acc:  56.8%  V-AUROC: 0.6274  LR: 1.00e-03
2026-08-03 18:30:49,520 | [FULL    ] | INFO | full_experiments_using.model_trainers.mobile_vit_trainer | Ep [015/500] T-Acc:  57.7%  V-Acc:  56.8%  V-AUROC: 0.6252  LR: 1.00e-03
2026-08-03 18:31:15,997 | [FULL    ] | INFO | full_experiments_using.model_trainers.mobile_vit_trainer | Ep [016/500] T-Acc:  56.8%  V-Acc:  57.5%  V-AUROC: 0.6273  LR: 1.00e-03
2026-08-03 18:31:42,178 | [FULL    ] | INFO | full_experiments_using.model_trainers.mobile_vit_trainer | Ep [017/500] T-Acc:  57.7%  V-Acc:  58.5%  V-AUROC: 0.6288  LR: 1.00e-03
2026-08-03 18:32:10,958 | [FULL    ] | INFO | full_experiments_using.model_trainers.mobile_vit_trainer | Ep [018/500] T-Acc:  57.2%  V-Acc:  57.7%  V-AUROC: 0.6350  LR: 1.00e-03
2026-08-03 18:32:11,158 | [FULL    ] | INFO | full_experiments_using.model_trainers.mobile_vit_trainer |   ↳ new best AUROC; saved checkpoint: /home/oem/choihyunsu/VOGBasedMCIDetection/outputs/checkpoints/run_20260803_091231_full_wvote_artifact30_strat_4err/fold_21_best.pth
2026-08-03 18:32:39,695 | [FULL    ] | INFO | full_experiments_using.model_trainers.mobile_vit_trainer | Ep [019/500] T-Acc:  57.3%  V-Acc:  57.2%  V-AUROC: 0.6334  LR: 1.00e-03
2026-08-03 18:33:08,485 | [FULL    ] | INFO | full_experiments_using.model_trainers.mobile_vit_trainer | Ep [020/500] T-Acc:  57.7%  V-Acc:  58.1%  V-AUROC: 0.6460  LR: 1.00e-03
2026-08-03 18:33:08,611 | [FULL    ] | INFO | full_experiments_using.model_trainers.mobile_vit_trainer |   ↳ new best AUROC; saved checkpoint: /home/oem/choihyunsu/VOGBasedMCIDetection/outputs/checkpoints/run_20260803_091231_full_wvote_artifact30_strat_4err/fold_21_best.pth
2026-08-03 18:33:37,020 | [FULL    ] | INFO | full_experiments_using.model_trainers.mobile_vit_trainer | Ep [021/500] T-Acc:  57.2%  V-Acc:  58.9%  V-AUROC: 0.6436  LR: 1.00e-03
2026-08-03 18:34:05,602 | [FULL    ] | INFO | full_experiments_using.model_trainers.mobile_vit_trainer | Ep [022/500] T-Acc:  58.5%  V-Acc:  57.5%  V-AUROC: 0.6345  LR: 1.00e-03
2026-08-03 18:34:33,910 | [FULL    ] | INFO | full_experiments_using.model_trainers.mobile_vit_trainer | Ep [023/500] T-Acc:  57.6%  V-Acc:  58.2%  V-AUROC: 0.6376  LR: 1.00e-03
2026-08-03 18:35:02,304 | [FULL    ] | INFO | full_experiments_using.model_trainers.mobile_vit_trainer | Ep [024/500] T-Acc:  58.8%  V-Acc:  58.8%  V-AUROC: 0.6363  LR: 1.00e-03
2026-08-03 18:35:30,648 | [FULL    ] | INFO | full_experiments_using.model_trainers.mobile_vit_trainer | Ep [025/500] T-Acc:  58.6%  V-Acc:  57.7%  V-AUROC: 0.6354  LR: 1.00e-03
2026-08-03 18:35:59,121 | [FULL    ] | INFO | full_experiments_using.model_trainers.mobile_vit_trainer | Ep [026/500] T-Acc:  60.1%  V-Acc:  57.6%  V-AUROC: 0.6284  LR: 1.00e-03
2026-08-03 18:36:25,923 | [FULL    ] | INFO | full_experiments_using.model_trainers.mobile_vit_trainer | Ep [027/500] T-Acc:  58.4%  V-Acc:  57.4%  V-AUROC: 0.6317  LR: 1.00e-03
2026-08-03 18:36:52,509 | [FULL    ] | INFO | full_experiments_using.model_trainers.mobile_vit_trainer | Ep [028/500] T-Acc:  59.4%  V-Acc:  58.2%  V-AUROC: 0.6374  LR: 1.00e-03
2026-08-03 18:37:21,009 | [FULL    ] | INFO | full_experiments_using.model_trainers.mobile_vit_trainer | Ep [029/500] T-Acc:  59.9%  V-Acc:  58.7%  V-AUROC: 0.6304  LR: 1.00e-03
2026-08-03 18:37:49,741 | [FULL    ] | INFO | full_experiments_using.model_trainers.mobile_vit_trainer | Ep [030/500] T-Acc:  59.0%  V-Acc:  57.3%  V-AUROC: 0.6194  LR: 1.00e-03
2026-08-03 18:38:18,050 | [FULL    ] | INFO | full_experiments_using.model_trainers.mobile_vit_trainer | Ep [031/500] T-Acc:  59.8%  V-Acc:  57.2%  V-AUROC: 0.6239  LR: 1.00e-03
2026-08-03 18:38:46,496 | [FULL    ] | INFO | full_experiments_using.model_trainers.mobile_vit_trainer | Ep [032/500] T-Acc:  60.4%  V-Acc:  57.3%  V-AUROC: 0.6265  LR: 2.00e-04
2026-08-03 18:39:15,139 | [FULL    ] | INFO | full_experiments_using.model_trainers.mobile_vit_trainer | Ep [033/500] T-Acc:  59.7%  V-Acc:  57.7%  V-AUROC: 0.6272  LR: 2.00e-04
2026-08-03 18:39:43,566 | [FULL    ] | INFO | full_experiments_using.model_trainers.mobile_vit_trainer | Ep [034/500] T-Acc:  59.4%  V-Acc:  57.5%  V-AUROC: 0.6270  LR: 2.00e-04
2026-08-03 18:40:10,660 | [FULL    ] | INFO | full_experiments_using.model_trainers.mobile_vit_trainer | Ep [035/500] T-Acc:  59.4%  V-Acc:  57.7%  V-AUROC: 0.6273  LR: 2.00e-04
2026-08-03 18:40:38,977 | [FULL    ] | INFO | full_experiments_using.model_trainers.mobile_vit_trainer | Ep [036/500] T-Acc:  60.6%  V-Acc:  58.1%  V-AUROC: 0.6277  LR: 2.00e-04
2026-08-03 18:41:05,123 | [FULL    ] | INFO | full_experiments_using.model_trainers.mobile_vit_trainer | Ep [037/500] T-Acc:  61.1%  V-Acc:  57.3%  V-AUROC: 0.6292  LR: 2.00e-04
2026-08-03 18:41:33,532 | [FULL    ] | INFO | full_experiments_using.model_trainers.mobile_vit_trainer | Ep [038/500] T-Acc:  60.1%  V-Acc:  58.3%  V-AUROC: 0.6230  LR: 2.00e-04
2026-08-03 18:42:01,828 | [FULL    ] | INFO | full_experiments_using.model_trainers.mobile_vit_trainer | Ep [039/500] T-Acc:  60.8%  V-Acc:  57.5%  V-AUROC: 0.6279  LR: 2.00e-04
2026-08-03 18:42:30,205 | [FULL    ] | INFO | full_experiments_using.model_trainers.mobile_vit_trainer | Ep [040/500] T-Acc:  60.2%  V-Acc:  57.7%  V-AUROC: 0.6256  LR: 2.00e-04
2026-08-03 18:42:58,729 | [FULL    ] | INFO | full_experiments_using.model_trainers.mobile_vit_trainer | Ep [041/500] T-Acc:  61.9%  V-Acc:  57.9%  V-AUROC: 0.6302  LR: 2.00e-04
2026-08-03 18:43:27,419 | [FULL    ] | INFO | full_experiments_using.model_trainers.mobile_vit_trainer | Ep [042/500] T-Acc:  59.9%  V-Acc:  57.4%  V-AUROC: 0.6276  LR: 2.00e-04
2026-08-03 18:43:56,082 | [FULL    ] | INFO | full_experiments_using.model_trainers.mobile_vit_trainer | Ep [043/500] T-Acc:  59.5%  V-Acc:  57.8%  V-AUROC: 0.6299  LR: 4.00e-05
2026-08-03 18:44:24,513 | [FULL    ] | INFO | full_experiments_using.model_trainers.mobile_vit_trainer | Ep [044/500] T-Acc:  60.5%  V-Acc:  58.3%  V-AUROC: 0.6280  LR: 4.00e-05
2026-08-03 18:44:52,824 | [FULL    ] | INFO | full_experiments_using.model_trainers.mobile_vit_trainer | Ep [045/500] T-Acc:  60.9%  V-Acc:  58.0%  V-AUROC: 0.6279  LR: 4.00e-05
2026-08-03 18:45:21,345 | [FULL    ] | INFO | full_experiments_using.model_trainers.mobile_vit_trainer | Ep [046/500] T-Acc:  60.1%  V-Acc:  57.7%  V-AUROC: 0.6283  LR: 4.00e-05
2026-08-03 18:45:49,919 | [FULL    ] | INFO | full_experiments_using.model_trainers.mobile_vit_trainer | Ep [047/500] T-Acc:  60.4%  V-Acc:  57.3%  V-AUROC: 0.6271  LR: 4.00e-05
2026-08-03 18:46:18,258 | [FULL    ] | INFO | full_experiments_using.model_trainers.mobile_vit_trainer | Ep [048/500] T-Acc:  60.5%  V-Acc:  57.8%  V-AUROC: 0.6286  LR: 4.00e-05
2026-08-03 18:46:46,801 | [FULL    ] | INFO | full_experiments_using.model_trainers.mobile_vit_trainer | Ep [049/500] T-Acc:  60.8%  V-Acc:  58.6%  V-AUROC: 0.6294  LR: 4.00e-05
2026-08-03 18:47:15,081 | [FULL    ] | INFO | full_experiments_using.model_trainers.mobile_vit_trainer | Ep [050/500] T-Acc:  60.9%  V-Acc:  58.1%  V-AUROC: 0.6260  LR: 4.00e-05
2026-08-03 18:47:15,082 | [FULL    ] | INFO | full_experiments_using.model_trainers.mobile_vit_trainer | Early stop — best AUROC 0.6460 at epoch 20 (no improvement for 30 epochs)
2026-08-03 18:47:15,082 | [FULL    ] | INFO | full_experiments_using.model_trainers.mobile_vit_trainer | Done. Best AUROC: 0.6460 (epoch 20) → /home/oem/choihyunsu/VOGBasedMCIDetection/outputs/checkpoints/run_20260803_091231_full_wvote_artifact30_strat_4err/fold_21_best.pth
2026-08-03 18:47:24,188 | [FULL    ] | INFO | full_experiments_using.evaluators.monte_carlo_evaluator | -> Fold 22 Result | Acc=0.900 Sens=0.857 Spec=1.000 AUROC=1.000
2026-08-03 18:47:24,201 | [FULL    ] | INFO | full_experiments_using.evaluators.monte_carlo_evaluator | === Fold 23/30 | train: 25 subj (HC=10 MCI=15) / 3955 win | test: 12 subj (HC=4 MCI=8) / 1760 win ===
2026-08-03 18:47:24,429 | [FULL    ] | INFO | httpx | HTTP Request: HEAD https://huggingface.co/apple/mobilevit-small/resolve/main/config.json "HTTP/1.1 307 Temporary Redirect"
2026-08-03 18:47:24,441 | [FULL    ] | INFO | httpx | HTTP Request: HEAD https://huggingface.co/api/resolve-cache/models/apple/mobilevit-small/6c8612545dc98676d27bc518fa521d9e9af23e34/config.json "HTTP/1.1 200 OK"
2026-08-03 18:47:24,722 | [FULL    ] | INFO | httpx | HTTP Request: HEAD https://huggingface.co/apple/mobilevit-small/resolve/main/model.safetensors "HTTP/1.1 404 Not Found"
2026-08-03 18:47:24,926 | [FULL    ] | INFO | httpx | HTTP Request: HEAD https://huggingface.co/apple/mobilevit-small/resolve/main/model.safetensors.index.json "HTTP/1.1 404 Not Found"
2026-08-03 18:47:25,135 | [FULL    ] | INFO | httpx | HTTP Request: HEAD https://huggingface.co/apple/mobilevit-small/resolve/main/pytorch_model.bin "HTTP/1.1 302 Found"
2026-08-03 18:47:25,347 | [FULL    ] | INFO | httpx | HTTP Request: HEAD https://huggingface.co/apple/mobilevit-small/resolve/main/model.safetensors "HTTP/1.1 404 Not Found"
2026-08-03 18:47:25,564 | [FULL    ] | INFO | httpx | HTTP Request: GET https://huggingface.co/api/models/apple/mobilevit-small "HTTP/1.1 200 OK"
2026-08-03 18:47:25,784 | [FULL    ] | INFO | httpx | HTTP Request: GET https://huggingface.co/api/models/apple/mobilevit-small/commits/main "HTTP/1.1 200 OK"
2026-08-03 18:47:26,013 | [FULL    ] | INFO | httpx | HTTP Request: GET https://huggingface.co/api/models/apple/mobilevit-small/discussions?p=0 "HTTP/1.1 200 OK"
2026-08-03 18:47:26,228 | [FULL    ] | INFO | httpx | HTTP Request: GET https://huggingface.co/api/models/apple/mobilevit-small/commits/refs%2Fpr%2F6 "HTTP/1.1 200 OK"
2026-08-03 18:47:26,452 | [FULL    ] | INFO | httpx | HTTP Request: HEAD https://huggingface.co/apple/mobilevit-small/resolve/refs%2Fpr%2F6/model.safetensors.index.json "HTTP/1.1 404 Not Found"
2026-08-03 18:47:26,664 | [FULL    ] | INFO | httpx | HTTP Request: HEAD https://huggingface.co/apple/mobilevit-small/resolve/refs%2Fpr%2F6/model.safetensors "HTTP/1.1 302 Found"
2026-08-03 18:47:27,475 | [FULL    ] | INFO | full_experiments_using.model_trainers.mobile_vit_trainer | Device: cuda | max_epochs=500 | batch=32 | eval_batch=256 | es_patience=30
2026-08-03 18:47:27,484 | [FULL    ] | INFO | full_experiments_using.model_trainers.mobile_vit_trainer | CE weights — HC: 1.096  MCI: 0.919
2026-08-03 18:48:14,001 | [FULL    ] | INFO | full_experiments_using.model_trainers.mobile_vit_trainer | Ep [001/500] T-Acc:  48.5%  V-Acc:  47.6%  V-AUROC: 0.5423  LR: 2.00e-04
2026-08-03 18:48:14,121 | [FULL    ] | INFO | full_experiments_using.model_trainers.mobile_vit_trainer |   ↳ new best AUROC; saved checkpoint: /home/oem/choihyunsu/VOGBasedMCIDetection/outputs/checkpoints/run_20260803_091231_full_wvote_artifact30_strat_4err/fold_22_best.pth
2026-08-03 18:48:42,804 | [FULL    ] | INFO | full_experiments_using.model_trainers.mobile_vit_trainer | Ep [002/500] T-Acc:  49.7%  V-Acc:  48.9%  V-AUROC: 0.5408  LR: 4.00e-04
2026-08-03 18:49:11,367 | [FULL    ] | INFO | full_experiments_using.model_trainers.mobile_vit_trainer | Ep [003/500] T-Acc:  49.9%  V-Acc:  50.9%  V-AUROC: 0.5455  LR: 6.00e-04
2026-08-03 18:49:11,578 | [FULL    ] | INFO | full_experiments_using.model_trainers.mobile_vit_trainer |   ↳ new best AUROC; saved checkpoint: /home/oem/choihyunsu/VOGBasedMCIDetection/outputs/checkpoints/run_20260803_091231_full_wvote_artifact30_strat_4err/fold_22_best.pth
2026-08-03 18:49:39,857 | [FULL    ] | INFO | full_experiments_using.model_trainers.mobile_vit_trainer | Ep [004/500] T-Acc:  50.5%  V-Acc:  50.6%  V-AUROC: 0.5456  LR: 8.00e-04
2026-08-03 18:49:39,975 | [FULL    ] | INFO | full_experiments_using.model_trainers.mobile_vit_trainer |   ↳ new best AUROC; saved checkpoint: /home/oem/choihyunsu/VOGBasedMCIDetection/outputs/checkpoints/run_20260803_091231_full_wvote_artifact30_strat_4err/fold_22_best.pth
2026-08-03 18:50:08,680 | [FULL    ] | INFO | full_experiments_using.model_trainers.mobile_vit_trainer | Ep [005/500] T-Acc:  52.7%  V-Acc:  53.0%  V-AUROC: 0.5446  LR: 1.00e-03
2026-08-03 18:50:37,220 | [FULL    ] | INFO | full_experiments_using.model_trainers.mobile_vit_trainer | Ep [006/500] T-Acc:  52.5%  V-Acc:  53.4%  V-AUROC: 0.5518  LR: 1.00e-03
2026-08-03 18:50:37,405 | [FULL    ] | INFO | full_experiments_using.model_trainers.mobile_vit_trainer |   ↳ new best AUROC; saved checkpoint: /home/oem/choihyunsu/VOGBasedMCIDetection/outputs/checkpoints/run_20260803_091231_full_wvote_artifact30_strat_4err/fold_22_best.pth
2026-08-03 18:51:05,928 | [FULL    ] | INFO | full_experiments_using.model_trainers.mobile_vit_trainer | Ep [007/500] T-Acc:  52.3%  V-Acc:  54.2%  V-AUROC: 0.5641  LR: 1.00e-03
2026-08-03 18:51:06,068 | [FULL    ] | INFO | full_experiments_using.model_trainers.mobile_vit_trainer |   ↳ new best AUROC; saved checkpoint: /home/oem/choihyunsu/VOGBasedMCIDetection/outputs/checkpoints/run_20260803_091231_full_wvote_artifact30_strat_4err/fold_22_best.pth
2026-08-03 18:51:34,503 | [FULL    ] | INFO | full_experiments_using.model_trainers.mobile_vit_trainer | Ep [008/500] T-Acc:  53.5%  V-Acc:  54.7%  V-AUROC: 0.5557  LR: 1.00e-03
2026-08-03 18:52:03,274 | [FULL    ] | INFO | full_experiments_using.model_trainers.mobile_vit_trainer | Ep [009/500] T-Acc:  53.4%  V-Acc:  55.8%  V-AUROC: 0.5599  LR: 1.00e-03
2026-08-03 18:52:31,927 | [FULL    ] | INFO | full_experiments_using.model_trainers.mobile_vit_trainer | Ep [010/500] T-Acc:  55.0%  V-Acc:  54.8%  V-AUROC: 0.5493  LR: 1.00e-03
2026-08-03 18:53:00,575 | [FULL    ] | INFO | full_experiments_using.model_trainers.mobile_vit_trainer | Ep [011/500] T-Acc:  54.5%  V-Acc:  54.5%  V-AUROC: 0.5599  LR: 1.00e-03
2026-08-03 18:53:29,020 | [FULL    ] | INFO | full_experiments_using.model_trainers.mobile_vit_trainer | Ep [012/500] T-Acc:  56.5%  V-Acc:  56.2%  V-AUROC: 0.5701  LR: 1.00e-03
2026-08-03 18:53:29,135 | [FULL    ] | INFO | full_experiments_using.model_trainers.mobile_vit_trainer |   ↳ new best AUROC; saved checkpoint: /home/oem/choihyunsu/VOGBasedMCIDetection/outputs/checkpoints/run_20260803_091231_full_wvote_artifact30_strat_4err/fold_22_best.pth
2026-08-03 18:53:57,609 | [FULL    ] | INFO | full_experiments_using.model_trainers.mobile_vit_trainer | Ep [013/500] T-Acc:  55.6%  V-Acc:  55.5%  V-AUROC: 0.5575  LR: 1.00e-03
2026-08-03 18:54:26,016 | [FULL    ] | INFO | full_experiments_using.model_trainers.mobile_vit_trainer | Ep [014/500] T-Acc:  57.0%  V-Acc:  54.9%  V-AUROC: 0.5637  LR: 1.00e-03
2026-08-03 18:54:54,602 | [FULL    ] | INFO | full_experiments_using.model_trainers.mobile_vit_trainer | Ep [015/500] T-Acc:  57.1%  V-Acc:  56.1%  V-AUROC: 0.5700  LR: 1.00e-03
2026-08-03 18:55:23,137 | [FULL    ] | INFO | full_experiments_using.model_trainers.mobile_vit_trainer | Ep [016/500] T-Acc:  57.3%  V-Acc:  54.7%  V-AUROC: 0.5581  LR: 1.00e-03
2026-08-03 18:55:51,738 | [FULL    ] | INFO | full_experiments_using.model_trainers.mobile_vit_trainer | Ep [017/500] T-Acc:  57.1%  V-Acc:  55.4%  V-AUROC: 0.5613  LR: 1.00e-03
2026-08-03 18:56:20,359 | [FULL    ] | INFO | full_experiments_using.model_trainers.mobile_vit_trainer | Ep [018/500] T-Acc:  56.9%  V-Acc:  56.6%  V-AUROC: 0.5786  LR: 1.00e-03
2026-08-03 18:56:20,482 | [FULL    ] | INFO | full_experiments_using.model_trainers.mobile_vit_trainer |   ↳ new best AUROC; saved checkpoint: /home/oem/choihyunsu/VOGBasedMCIDetection/outputs/checkpoints/run_20260803_091231_full_wvote_artifact30_strat_4err/fold_22_best.pth
2026-08-03 18:56:49,449 | [FULL    ] | INFO | full_experiments_using.model_trainers.mobile_vit_trainer | Ep [019/500] T-Acc:  58.5%  V-Acc:  57.1%  V-AUROC: 0.5757  LR: 1.00e-03
2026-08-03 18:57:18,036 | [FULL    ] | INFO | full_experiments_using.model_trainers.mobile_vit_trainer | Ep [020/500] T-Acc:  57.5%  V-Acc:  56.9%  V-AUROC: 0.5755  LR: 1.00e-03
2026-08-03 18:57:46,553 | [FULL    ] | INFO | full_experiments_using.model_trainers.mobile_vit_trainer | Ep [021/500] T-Acc:  57.5%  V-Acc:  56.6%  V-AUROC: 0.5807  LR: 1.00e-03
2026-08-03 18:57:46,736 | [FULL    ] | INFO | full_experiments_using.model_trainers.mobile_vit_trainer |   ↳ new best AUROC; saved checkpoint: /home/oem/choihyunsu/VOGBasedMCIDetection/outputs/checkpoints/run_20260803_091231_full_wvote_artifact30_strat_4err/fold_22_best.pth
2026-08-03 18:58:15,540 | [FULL    ] | INFO | full_experiments_using.model_trainers.mobile_vit_trainer | Ep [022/500] T-Acc:  57.6%  V-Acc:  56.0%  V-AUROC: 0.5775  LR: 1.00e-03
2026-08-03 18:58:44,038 | [FULL    ] | INFO | full_experiments_using.model_trainers.mobile_vit_trainer | Ep [023/500] T-Acc:  58.5%  V-Acc:  57.7%  V-AUROC: 0.5768  LR: 1.00e-03
2026-08-03 18:59:12,443 | [FULL    ] | INFO | full_experiments_using.model_trainers.mobile_vit_trainer | Ep [024/500] T-Acc:  57.5%  V-Acc:  57.2%  V-AUROC: 0.5771  LR: 1.00e-03
2026-08-03 18:59:40,776 | [FULL    ] | INFO | full_experiments_using.model_trainers.mobile_vit_trainer | Ep [025/500] T-Acc:  59.1%  V-Acc:  55.8%  V-AUROC: 0.5724  LR: 1.00e-03
2026-08-03 19:00:09,359 | [FULL    ] | INFO | full_experiments_using.model_trainers.mobile_vit_trainer | Ep [026/500] T-Acc:  59.0%  V-Acc:  56.8%  V-AUROC: 0.5702  LR: 1.00e-03
2026-08-03 19:00:37,966 | [FULL    ] | INFO | full_experiments_using.model_trainers.mobile_vit_trainer | Ep [027/500] T-Acc:  59.2%  V-Acc:  56.7%  V-AUROC: 0.5725  LR: 1.00e-03
2026-08-03 19:01:06,470 | [FULL    ] | INFO | full_experiments_using.model_trainers.mobile_vit_trainer | Ep [028/500] T-Acc:  60.3%  V-Acc:  56.2%  V-AUROC: 0.5779  LR: 1.00e-03
2026-08-03 19:01:35,058 | [FULL    ] | INFO | full_experiments_using.model_trainers.mobile_vit_trainer | Ep [029/500] T-Acc:  58.7%  V-Acc:  56.2%  V-AUROC: 0.5762  LR: 1.00e-03
2026-08-03 19:02:03,620 | [FULL    ] | INFO | full_experiments_using.model_trainers.mobile_vit_trainer | Ep [030/500] T-Acc:  59.8%  V-Acc:  56.0%  V-AUROC: 0.5734  LR: 1.00e-03
2026-08-03 19:02:32,306 | [FULL    ] | INFO | full_experiments_using.model_trainers.mobile_vit_trainer | Ep [031/500] T-Acc:  59.2%  V-Acc:  55.2%  V-AUROC: 0.5685  LR: 1.00e-03
2026-08-03 19:03:00,976 | [FULL    ] | INFO | full_experiments_using.model_trainers.mobile_vit_trainer | Ep [032/500] T-Acc:  60.2%  V-Acc:  56.9%  V-AUROC: 0.5745  LR: 1.00e-03
2026-08-03 19:03:29,516 | [FULL    ] | INFO | full_experiments_using.model_trainers.mobile_vit_trainer | Ep [033/500] T-Acc:  60.4%  V-Acc:  56.7%  V-AUROC: 0.5740  LR: 2.00e-04
2026-08-03 19:03:58,114 | [FULL    ] | INFO | full_experiments_using.model_trainers.mobile_vit_trainer | Ep [034/500] T-Acc:  60.3%  V-Acc:  57.1%  V-AUROC: 0.5746  LR: 2.00e-04
2026-08-03 19:04:26,507 | [FULL    ] | INFO | full_experiments_using.model_trainers.mobile_vit_trainer | Ep [035/500] T-Acc:  60.3%  V-Acc:  56.4%  V-AUROC: 0.5745  LR: 2.00e-04
2026-08-03 19:04:55,145 | [FULL    ] | INFO | full_experiments_using.model_trainers.mobile_vit_trainer | Ep [036/500] T-Acc:  59.3%  V-Acc:  56.2%  V-AUROC: 0.5735  LR: 2.00e-04
2026-08-03 19:05:23,807 | [FULL    ] | INFO | full_experiments_using.model_trainers.mobile_vit_trainer | Ep [037/500] T-Acc:  60.5%  V-Acc:  56.8%  V-AUROC: 0.5743  LR: 2.00e-04
2026-08-03 19:05:52,350 | [FULL    ] | INFO | full_experiments_using.model_trainers.mobile_vit_trainer | Ep [038/500] T-Acc:  60.5%  V-Acc:  56.9%  V-AUROC: 0.5730  LR: 2.00e-04
2026-08-03 19:06:21,167 | [FULL    ] | INFO | full_experiments_using.model_trainers.mobile_vit_trainer | Ep [039/500] T-Acc:  60.6%  V-Acc:  57.2%  V-AUROC: 0.5738  LR: 2.00e-04
2026-08-03 19:06:49,881 | [FULL    ] | INFO | full_experiments_using.model_trainers.mobile_vit_trainer | Ep [040/500] T-Acc:  60.4%  V-Acc:  55.7%  V-AUROC: 0.5729  LR: 2.00e-04
2026-08-03 19:07:18,649 | [FULL    ] | INFO | full_experiments_using.model_trainers.mobile_vit_trainer | Ep [041/500] T-Acc:  61.3%  V-Acc:  56.4%  V-AUROC: 0.5702  LR: 2.00e-04
2026-08-03 19:07:46,998 | [FULL    ] | INFO | full_experiments_using.model_trainers.mobile_vit_trainer | Ep [042/500] T-Acc:  60.7%  V-Acc:  56.5%  V-AUROC: 0.5719  LR: 2.00e-04
2026-08-03 19:08:15,622 | [FULL    ] | INFO | full_experiments_using.model_trainers.mobile_vit_trainer | Ep [043/500] T-Acc:  61.9%  V-Acc:  55.5%  V-AUROC: 0.5725  LR: 2.00e-04
2026-08-03 19:08:44,321 | [FULL    ] | INFO | full_experiments_using.model_trainers.mobile_vit_trainer | Ep [044/500] T-Acc:  61.0%  V-Acc:  56.7%  V-AUROC: 0.5730  LR: 4.00e-05
2026-08-03 19:09:10,974 | [FULL    ] | INFO | full_experiments_using.model_trainers.mobile_vit_trainer | Ep [045/500] T-Acc:  60.5%  V-Acc:  56.4%  V-AUROC: 0.5716  LR: 4.00e-05
2026-08-03 19:09:39,249 | [FULL    ] | INFO | full_experiments_using.model_trainers.mobile_vit_trainer | Ep [046/500] T-Acc:  60.7%  V-Acc:  56.3%  V-AUROC: 0.5723  LR: 4.00e-05
2026-08-03 19:10:06,638 | [FULL    ] | INFO | full_experiments_using.model_trainers.mobile_vit_trainer | Ep [047/500] T-Acc:  62.0%  V-Acc:  55.9%  V-AUROC: 0.5723  LR: 4.00e-05
2026-08-03 19:10:32,986 | [FULL    ] | INFO | full_experiments_using.model_trainers.mobile_vit_trainer | Ep [048/500] T-Acc:  61.7%  V-Acc:  56.4%  V-AUROC: 0.5712  LR: 4.00e-05
2026-08-03 19:11:00,381 | [FULL    ] | INFO | full_experiments_using.model_trainers.mobile_vit_trainer | Ep [049/500] T-Acc:  62.3%  V-Acc:  56.5%  V-AUROC: 0.5721  LR: 4.00e-05
2026-08-03 19:11:28,806 | [FULL    ] | INFO | full_experiments_using.model_trainers.mobile_vit_trainer | Ep [050/500] T-Acc:  61.3%  V-Acc:  56.5%  V-AUROC: 0.5731  LR: 4.00e-05
2026-08-03 19:11:57,455 | [FULL    ] | INFO | full_experiments_using.model_trainers.mobile_vit_trainer | Ep [051/500] T-Acc:  62.3%  V-Acc:  56.6%  V-AUROC: 0.5728  LR: 4.00e-05
2026-08-03 19:11:57,456 | [FULL    ] | INFO | full_experiments_using.model_trainers.mobile_vit_trainer | Early stop — best AUROC 0.5807 at epoch 21 (no improvement for 30 epochs)
2026-08-03 19:11:57,456 | [FULL    ] | INFO | full_experiments_using.model_trainers.mobile_vit_trainer | Done. Best AUROC: 0.5807 (epoch 21) → /home/oem/choihyunsu/VOGBasedMCIDetection/outputs/checkpoints/run_20260803_091231_full_wvote_artifact30_strat_4err/fold_22_best.pth
2026-08-03 19:12:07,744 | [FULL    ] | INFO | full_experiments_using.evaluators.monte_carlo_evaluator | -> Fold 23 Result | Acc=0.700 Sens=1.000 Spec=0.000 AUROC=0.810
2026-08-03 19:12:07,751 | [FULL    ] | INFO | full_experiments_using.evaluators.monte_carlo_evaluator | === Fold 24/30 | train: 25 subj (HC=10 MCI=15) / 3836 win | test: 12 subj (HC=4 MCI=8) / 1879 win ===
2026-08-03 19:12:08,002 | [FULL    ] | INFO | httpx | HTTP Request: HEAD https://huggingface.co/apple/mobilevit-small/resolve/main/config.json "HTTP/1.1 307 Temporary Redirect"
2026-08-03 19:12:08,019 | [FULL    ] | INFO | httpx | HTTP Request: HEAD https://huggingface.co/api/resolve-cache/models/apple/mobilevit-small/6c8612545dc98676d27bc518fa521d9e9af23e34/config.json "HTTP/1.1 200 OK"
2026-08-03 19:12:08,306 | [FULL    ] | INFO | httpx | HTTP Request: HEAD https://huggingface.co/apple/mobilevit-small/resolve/main/model.safetensors "HTTP/1.1 404 Not Found"
2026-08-03 19:12:08,525 | [FULL    ] | INFO | httpx | HTTP Request: HEAD https://huggingface.co/apple/mobilevit-small/resolve/main/model.safetensors.index.json "HTTP/1.1 404 Not Found"
2026-08-03 19:12:08,741 | [FULL    ] | INFO | httpx | HTTP Request: HEAD https://huggingface.co/apple/mobilevit-small/resolve/main/pytorch_model.bin "HTTP/1.1 302 Found"
2026-08-03 19:12:08,957 | [FULL    ] | INFO | httpx | HTTP Request: HEAD https://huggingface.co/apple/mobilevit-small/resolve/main/model.safetensors "HTTP/1.1 404 Not Found"
2026-08-03 19:12:09,183 | [FULL    ] | INFO | httpx | HTTP Request: GET https://huggingface.co/api/models/apple/mobilevit-small "HTTP/1.1 200 OK"
2026-08-03 19:12:09,457 | [FULL    ] | INFO | httpx | HTTP Request: GET https://huggingface.co/api/models/apple/mobilevit-small/commits/main "HTTP/1.1 200 OK"
2026-08-03 19:12:09,680 | [FULL    ] | INFO | httpx | HTTP Request: GET https://huggingface.co/api/models/apple/mobilevit-small/discussions?p=0 "HTTP/1.1 200 OK"
2026-08-03 19:12:09,910 | [FULL    ] | INFO | httpx | HTTP Request: GET https://huggingface.co/api/models/apple/mobilevit-small/commits/refs%2Fpr%2F6 "HTTP/1.1 200 OK"
2026-08-03 19:12:10,120 | [FULL    ] | INFO | httpx | HTTP Request: HEAD https://huggingface.co/apple/mobilevit-small/resolve/refs%2Fpr%2F6/model.safetensors.index.json "HTTP/1.1 404 Not Found"
2026-08-03 19:12:10,357 | [FULL    ] | INFO | httpx | HTTP Request: HEAD https://huggingface.co/apple/mobilevit-small/resolve/refs%2Fpr%2F6/model.safetensors "HTTP/1.1 302 Found"
2026-08-03 19:12:11,064 | [FULL    ] | INFO | full_experiments_using.model_trainers.mobile_vit_trainer | Device: cuda | max_epochs=500 | batch=32 | eval_batch=256 | es_patience=30
2026-08-03 19:12:11,078 | [FULL    ] | INFO | full_experiments_using.model_trainers.mobile_vit_trainer | CE weights — HC: 1.100  MCI: 0.916
2026-08-03 19:12:51,151 | [FULL    ] | INFO | full_experiments_using.model_trainers.mobile_vit_trainer | Ep [001/500] T-Acc:  49.4%  V-Acc:  50.4%  V-AUROC: 0.5053  LR: 2.00e-04
2026-08-03 19:12:51,212 | [FULL    ] | INFO | full_experiments_using.model_trainers.mobile_vit_trainer |   ↳ new best AUROC; saved checkpoint: /home/oem/choihyunsu/VOGBasedMCIDetection/outputs/checkpoints/run_20260803_091231_full_wvote_artifact30_strat_4err/fold_23_best.pth
2026-08-03 19:13:19,286 | [FULL    ] | INFO | full_experiments_using.model_trainers.mobile_vit_trainer | Ep [002/500] T-Acc:  49.8%  V-Acc:  50.3%  V-AUROC: 0.5119  LR: 4.00e-04
2026-08-03 19:13:19,412 | [FULL    ] | INFO | full_experiments_using.model_trainers.mobile_vit_trainer |   ↳ new best AUROC; saved checkpoint: /home/oem/choihyunsu/VOGBasedMCIDetection/outputs/checkpoints/run_20260803_091231_full_wvote_artifact30_strat_4err/fold_23_best.pth
2026-08-03 19:13:47,325 | [FULL    ] | INFO | full_experiments_using.model_trainers.mobile_vit_trainer | Ep [003/500] T-Acc:  50.7%  V-Acc:  48.7%  V-AUROC: 0.5063  LR: 6.00e-04
2026-08-03 19:14:15,334 | [FULL    ] | INFO | full_experiments_using.model_trainers.mobile_vit_trainer | Ep [004/500] T-Acc:  50.7%  V-Acc:  49.1%  V-AUROC: 0.5293  LR: 8.00e-04
2026-08-03 19:14:15,463 | [FULL    ] | INFO | full_experiments_using.model_trainers.mobile_vit_trainer |   ↳ new best AUROC; saved checkpoint: /home/oem/choihyunsu/VOGBasedMCIDetection/outputs/checkpoints/run_20260803_091231_full_wvote_artifact30_strat_4err/fold_23_best.pth
2026-08-03 19:14:43,562 | [FULL    ] | INFO | full_experiments_using.model_trainers.mobile_vit_trainer | Ep [005/500] T-Acc:  51.9%  V-Acc:  50.5%  V-AUROC: 0.5321  LR: 1.00e-03
2026-08-03 19:14:43,682 | [FULL    ] | INFO | full_experiments_using.model_trainers.mobile_vit_trainer |   ↳ new best AUROC; saved checkpoint: /home/oem/choihyunsu/VOGBasedMCIDetection/outputs/checkpoints/run_20260803_091231_full_wvote_artifact30_strat_4err/fold_23_best.pth
2026-08-03 19:15:09,763 | [FULL    ] | INFO | full_experiments_using.model_trainers.mobile_vit_trainer | Ep [006/500] T-Acc:  53.8%  V-Acc:  50.8%  V-AUROC: 0.5397  LR: 1.00e-03
2026-08-03 19:15:09,921 | [FULL    ] | INFO | full_experiments_using.model_trainers.mobile_vit_trainer |   ↳ new best AUROC; saved checkpoint: /home/oem/choihyunsu/VOGBasedMCIDetection/outputs/checkpoints/run_20260803_091231_full_wvote_artifact30_strat_4err/fold_23_best.pth
2026-08-03 19:15:37,081 | [FULL    ] | INFO | full_experiments_using.model_trainers.mobile_vit_trainer | Ep [007/500] T-Acc:  53.3%  V-Acc:  52.4%  V-AUROC: 0.5491  LR: 1.00e-03
2026-08-03 19:15:37,200 | [FULL    ] | INFO | full_experiments_using.model_trainers.mobile_vit_trainer |   ↳ new best AUROC; saved checkpoint: /home/oem/choihyunsu/VOGBasedMCIDetection/outputs/checkpoints/run_20260803_091231_full_wvote_artifact30_strat_4err/fold_23_best.pth
2026-08-03 19:16:04,426 | [FULL    ] | INFO | full_experiments_using.model_trainers.mobile_vit_trainer | Ep [008/500] T-Acc:  54.6%  V-Acc:  51.3%  V-AUROC: 0.5493  LR: 1.00e-03
2026-08-03 19:16:04,558 | [FULL    ] | INFO | full_experiments_using.model_trainers.mobile_vit_trainer |   ↳ new best AUROC; saved checkpoint: /home/oem/choihyunsu/VOGBasedMCIDetection/outputs/checkpoints/run_20260803_091231_full_wvote_artifact30_strat_4err/fold_23_best.pth
2026-08-03 19:16:32,531 | [FULL    ] | INFO | full_experiments_using.model_trainers.mobile_vit_trainer | Ep [009/500] T-Acc:  54.0%  V-Acc:  53.9%  V-AUROC: 0.5722  LR: 1.00e-03
2026-08-03 19:16:32,670 | [FULL    ] | INFO | full_experiments_using.model_trainers.mobile_vit_trainer |   ↳ new best AUROC; saved checkpoint: /home/oem/choihyunsu/VOGBasedMCIDetection/outputs/checkpoints/run_20260803_091231_full_wvote_artifact30_strat_4err/fold_23_best.pth
2026-08-03 19:17:00,442 | [FULL    ] | INFO | full_experiments_using.model_trainers.mobile_vit_trainer | Ep [010/500] T-Acc:  54.1%  V-Acc:  56.4%  V-AUROC: 0.5893  LR: 1.00e-03
2026-08-03 19:17:00,577 | [FULL    ] | INFO | full_experiments_using.model_trainers.mobile_vit_trainer |   ↳ new best AUROC; saved checkpoint: /home/oem/choihyunsu/VOGBasedMCIDetection/outputs/checkpoints/run_20260803_091231_full_wvote_artifact30_strat_4err/fold_23_best.pth
2026-08-03 19:17:28,680 | [FULL    ] | INFO | full_experiments_using.model_trainers.mobile_vit_trainer | Ep [011/500] T-Acc:  55.0%  V-Acc:  55.6%  V-AUROC: 0.5906  LR: 1.00e-03
2026-08-03 19:17:28,865 | [FULL    ] | INFO | full_experiments_using.model_trainers.mobile_vit_trainer |   ↳ new best AUROC; saved checkpoint: /home/oem/choihyunsu/VOGBasedMCIDetection/outputs/checkpoints/run_20260803_091231_full_wvote_artifact30_strat_4err/fold_23_best.pth
2026-08-03 19:17:56,876 | [FULL    ] | INFO | full_experiments_using.model_trainers.mobile_vit_trainer | Ep [012/500] T-Acc:  55.7%  V-Acc:  57.4%  V-AUROC: 0.5999  LR: 1.00e-03
2026-08-03 19:17:57,027 | [FULL    ] | INFO | full_experiments_using.model_trainers.mobile_vit_trainer |   ↳ new best AUROC; saved checkpoint: /home/oem/choihyunsu/VOGBasedMCIDetection/outputs/checkpoints/run_20260803_091231_full_wvote_artifact30_strat_4err/fold_23_best.pth
2026-08-03 19:18:24,871 | [FULL    ] | INFO | full_experiments_using.model_trainers.mobile_vit_trainer | Ep [013/500] T-Acc:  56.7%  V-Acc:  57.1%  V-AUROC: 0.6001  LR: 1.00e-03
2026-08-03 19:18:25,149 | [FULL    ] | INFO | full_experiments_using.model_trainers.mobile_vit_trainer |   ↳ new best AUROC; saved checkpoint: /home/oem/choihyunsu/VOGBasedMCIDetection/outputs/checkpoints/run_20260803_091231_full_wvote_artifact30_strat_4err/fold_23_best.pth
2026-08-03 19:18:53,340 | [FULL    ] | INFO | full_experiments_using.model_trainers.mobile_vit_trainer | Ep [014/500] T-Acc:  56.5%  V-Acc:  56.3%  V-AUROC: 0.6026  LR: 1.00e-03
2026-08-03 19:18:53,461 | [FULL    ] | INFO | full_experiments_using.model_trainers.mobile_vit_trainer |   ↳ new best AUROC; saved checkpoint: /home/oem/choihyunsu/VOGBasedMCIDetection/outputs/checkpoints/run_20260803_091231_full_wvote_artifact30_strat_4err/fold_23_best.pth
2026-08-03 19:19:21,412 | [FULL    ] | INFO | full_experiments_using.model_trainers.mobile_vit_trainer | Ep [015/500] T-Acc:  55.8%  V-Acc:  58.0%  V-AUROC: 0.6157  LR: 1.00e-03
2026-08-03 19:19:21,542 | [FULL    ] | INFO | full_experiments_using.model_trainers.mobile_vit_trainer |   ↳ new best AUROC; saved checkpoint: /home/oem/choihyunsu/VOGBasedMCIDetection/outputs/checkpoints/run_20260803_091231_full_wvote_artifact30_strat_4err/fold_23_best.pth
2026-08-03 19:19:49,534 | [FULL    ] | INFO | full_experiments_using.model_trainers.mobile_vit_trainer | Ep [016/500] T-Acc:  56.6%  V-Acc:  58.9%  V-AUROC: 0.6144  LR: 1.00e-03
2026-08-03 19:20:17,524 | [FULL    ] | INFO | full_experiments_using.model_trainers.mobile_vit_trainer | Ep [017/500] T-Acc:  57.2%  V-Acc:  58.9%  V-AUROC: 0.6121  LR: 1.00e-03
2026-08-03 19:20:45,515 | [FULL    ] | INFO | full_experiments_using.model_trainers.mobile_vit_trainer | Ep [018/500] T-Acc:  57.2%  V-Acc:  58.2%  V-AUROC: 0.6210  LR: 1.00e-03
2026-08-03 19:20:45,670 | [FULL    ] | INFO | full_experiments_using.model_trainers.mobile_vit_trainer |   ↳ new best AUROC; saved checkpoint: /home/oem/choihyunsu/VOGBasedMCIDetection/outputs/checkpoints/run_20260803_091231_full_wvote_artifact30_strat_4err/fold_23_best.pth
2026-08-03 19:21:13,873 | [FULL    ] | INFO | full_experiments_using.model_trainers.mobile_vit_trainer | Ep [019/500] T-Acc:  57.1%  V-Acc:  57.7%  V-AUROC: 0.6214  LR: 1.00e-03
2026-08-03 19:21:14,003 | [FULL    ] | INFO | full_experiments_using.model_trainers.mobile_vit_trainer |   ↳ new best AUROC; saved checkpoint: /home/oem/choihyunsu/VOGBasedMCIDetection/outputs/checkpoints/run_20260803_091231_full_wvote_artifact30_strat_4err/fold_23_best.pth
2026-08-03 19:21:41,920 | [FULL    ] | INFO | full_experiments_using.model_trainers.mobile_vit_trainer | Ep [020/500] T-Acc:  57.7%  V-Acc:  56.9%  V-AUROC: 0.6088  LR: 1.00e-03
2026-08-03 19:22:09,827 | [FULL    ] | INFO | full_experiments_using.model_trainers.mobile_vit_trainer | Ep [021/500] T-Acc:  58.6%  V-Acc:  56.6%  V-AUROC: 0.6072  LR: 1.00e-03
2026-08-03 19:22:37,816 | [FULL    ] | INFO | full_experiments_using.model_trainers.mobile_vit_trainer | Ep [022/500] T-Acc:  57.9%  V-Acc:  56.6%  V-AUROC: 0.6159  LR: 1.00e-03
2026-08-03 19:23:05,763 | [FULL    ] | INFO | full_experiments_using.model_trainers.mobile_vit_trainer | Ep [023/500] T-Acc:  57.7%  V-Acc:  57.8%  V-AUROC: 0.6219  LR: 1.00e-03
2026-08-03 19:23:05,894 | [FULL    ] | INFO | full_experiments_using.model_trainers.mobile_vit_trainer |   ↳ new best AUROC; saved checkpoint: /home/oem/choihyunsu/VOGBasedMCIDetection/outputs/checkpoints/run_20260803_091231_full_wvote_artifact30_strat_4err/fold_23_best.pth
2026-08-03 19:23:33,825 | [FULL    ] | INFO | full_experiments_using.model_trainers.mobile_vit_trainer | Ep [024/500] T-Acc:  57.3%  V-Acc:  56.9%  V-AUROC: 0.6138  LR: 1.00e-03
2026-08-03 19:24:01,737 | [FULL    ] | INFO | full_experiments_using.model_trainers.mobile_vit_trainer | Ep [025/500] T-Acc:  58.6%  V-Acc:  58.1%  V-AUROC: 0.6218  LR: 1.00e-03
2026-08-03 19:24:29,716 | [FULL    ] | INFO | full_experiments_using.model_trainers.mobile_vit_trainer | Ep [026/500] T-Acc:  58.6%  V-Acc:  57.3%  V-AUROC: 0.6210  LR: 1.00e-03
2026-08-03 19:24:57,779 | [FULL    ] | INFO | full_experiments_using.model_trainers.mobile_vit_trainer | Ep [027/500] T-Acc:  58.4%  V-Acc:  57.3%  V-AUROC: 0.6210  LR: 1.00e-03
2026-08-03 19:25:25,912 | [FULL    ] | INFO | full_experiments_using.model_trainers.mobile_vit_trainer | Ep [028/500] T-Acc:  59.6%  V-Acc:  57.1%  V-AUROC: 0.6224  LR: 1.00e-03
2026-08-03 19:25:26,055 | [FULL    ] | INFO | full_experiments_using.model_trainers.mobile_vit_trainer |   ↳ new best AUROC; saved checkpoint: /home/oem/choihyunsu/VOGBasedMCIDetection/outputs/checkpoints/run_20260803_091231_full_wvote_artifact30_strat_4err/fold_23_best.pth
2026-08-03 19:25:54,000 | [FULL    ] | INFO | full_experiments_using.model_trainers.mobile_vit_trainer | Ep [029/500] T-Acc:  58.6%  V-Acc:  58.3%  V-AUROC: 0.6209  LR: 1.00e-03
2026-08-03 19:26:21,880 | [FULL    ] | INFO | full_experiments_using.model_trainers.mobile_vit_trainer | Ep [030/500] T-Acc:  59.5%  V-Acc:  57.7%  V-AUROC: 0.6272  LR: 1.00e-03
2026-08-03 19:26:22,087 | [FULL    ] | INFO | full_experiments_using.model_trainers.mobile_vit_trainer |   ↳ new best AUROC; saved checkpoint: /home/oem/choihyunsu/VOGBasedMCIDetection/outputs/checkpoints/run_20260803_091231_full_wvote_artifact30_strat_4err/fold_23_best.pth
2026-08-03 19:26:50,313 | [FULL    ] | INFO | full_experiments_using.model_trainers.mobile_vit_trainer | Ep [031/500] T-Acc:  60.1%  V-Acc:  58.8%  V-AUROC: 0.6297  LR: 1.00e-03
2026-08-03 19:26:50,549 | [FULL    ] | INFO | full_experiments_using.model_trainers.mobile_vit_trainer |   ↳ new best AUROC; saved checkpoint: /home/oem/choihyunsu/VOGBasedMCIDetection/outputs/checkpoints/run_20260803_091231_full_wvote_artifact30_strat_4err/fold_23_best.pth
2026-08-03 19:27:18,526 | [FULL    ] | INFO | full_experiments_using.model_trainers.mobile_vit_trainer | Ep [032/500] T-Acc:  59.8%  V-Acc:  58.2%  V-AUROC: 0.6265  LR: 1.00e-03
2026-08-03 19:27:46,665 | [FULL    ] | INFO | full_experiments_using.model_trainers.mobile_vit_trainer | Ep [033/500] T-Acc:  58.7%  V-Acc:  57.6%  V-AUROC: 0.6196  LR: 1.00e-03
2026-08-03 19:28:14,598 | [FULL    ] | INFO | full_experiments_using.model_trainers.mobile_vit_trainer | Ep [034/500] T-Acc:  57.9%  V-Acc:  58.1%  V-AUROC: 0.6234  LR: 1.00e-03
2026-08-03 19:28:42,588 | [FULL    ] | INFO | full_experiments_using.model_trainers.mobile_vit_trainer | Ep [035/500] T-Acc:  59.8%  V-Acc:  58.8%  V-AUROC: 0.6224  LR: 1.00e-03
2026-08-03 19:29:10,831 | [FULL    ] | INFO | full_experiments_using.model_trainers.mobile_vit_trainer | Ep [036/500] T-Acc:  59.6%  V-Acc:  58.4%  V-AUROC: 0.6269  LR: 1.00e-03
2026-08-03 19:29:38,722 | [FULL    ] | INFO | full_experiments_using.model_trainers.mobile_vit_trainer | Ep [037/500] T-Acc:  60.0%  V-Acc:  59.2%  V-AUROC: 0.6363  LR: 1.00e-03
2026-08-03 19:29:38,861 | [FULL    ] | INFO | full_experiments_using.model_trainers.mobile_vit_trainer |   ↳ new best AUROC; saved checkpoint: /home/oem/choihyunsu/VOGBasedMCIDetection/outputs/checkpoints/run_20260803_091231_full_wvote_artifact30_strat_4err/fold_23_best.pth
2026-08-03 19:30:06,897 | [FULL    ] | INFO | full_experiments_using.model_trainers.mobile_vit_trainer | Ep [038/500] T-Acc:  59.9%  V-Acc:  58.1%  V-AUROC: 0.6304  LR: 1.00e-03
2026-08-03 19:30:34,967 | [FULL    ] | INFO | full_experiments_using.model_trainers.mobile_vit_trainer | Ep [039/500] T-Acc:  60.2%  V-Acc:  58.4%  V-AUROC: 0.6269  LR: 1.00e-03
2026-08-03 19:31:03,047 | [FULL    ] | INFO | full_experiments_using.model_trainers.mobile_vit_trainer | Ep [040/500] T-Acc:  60.5%  V-Acc:  57.4%  V-AUROC: 0.6299  LR: 1.00e-03
2026-08-03 19:31:31,146 | [FULL    ] | INFO | full_experiments_using.model_trainers.mobile_vit_trainer | Ep [041/500] T-Acc:  60.9%  V-Acc:  57.8%  V-AUROC: 0.6325  LR: 1.00e-03
2026-08-03 19:31:59,106 | [FULL    ] | INFO | full_experiments_using.model_trainers.mobile_vit_trainer | Ep [042/500] T-Acc:  61.0%  V-Acc:  58.3%  V-AUROC: 0.6293  LR: 1.00e-03
2026-08-03 19:32:25,510 | [FULL    ] | INFO | full_experiments_using.model_trainers.mobile_vit_trainer | Ep [043/500] T-Acc:  61.2%  V-Acc:  58.0%  V-AUROC: 0.6278  LR: 1.00e-03
2026-08-03 19:32:52,439 | [FULL    ] | INFO | full_experiments_using.model_trainers.mobile_vit_trainer | Ep [044/500] T-Acc:  60.2%  V-Acc:  58.6%  V-AUROC: 0.6303  LR: 1.00e-03
2026-08-03 19:33:19,918 | [FULL    ] | INFO | full_experiments_using.model_trainers.mobile_vit_trainer | Ep [045/500] T-Acc:  59.6%  V-Acc:  59.1%  V-AUROC: 0.6350  LR: 1.00e-03
2026-08-03 19:33:47,959 | [FULL    ] | INFO | full_experiments_using.model_trainers.mobile_vit_trainer | Ep [046/500] T-Acc:  62.6%  V-Acc:  58.2%  V-AUROC: 0.6341  LR: 1.00e-03
2026-08-03 19:34:16,023 | [FULL    ] | INFO | full_experiments_using.model_trainers.mobile_vit_trainer | Ep [047/500] T-Acc:  61.4%  V-Acc:  58.3%  V-AUROC: 0.6349  LR: 1.00e-03
2026-08-03 19:34:44,292 | [FULL    ] | INFO | full_experiments_using.model_trainers.mobile_vit_trainer | Ep [048/500] T-Acc:  60.3%  V-Acc:  58.3%  V-AUROC: 0.6329  LR: 1.00e-03
2026-08-03 19:35:12,298 | [FULL    ] | INFO | full_experiments_using.model_trainers.mobile_vit_trainer | Ep [049/500] T-Acc:  60.8%  V-Acc:  57.9%  V-AUROC: 0.6302  LR: 2.00e-04
2026-08-03 19:35:40,048 | [FULL    ] | INFO | full_experiments_using.model_trainers.mobile_vit_trainer | Ep [050/500] T-Acc:  62.1%  V-Acc:  58.5%  V-AUROC: 0.6347  LR: 2.00e-04
2026-08-03 19:36:08,047 | [FULL    ] | INFO | full_experiments_using.model_trainers.mobile_vit_trainer | Ep [051/500] T-Acc:  60.6%  V-Acc:  58.2%  V-AUROC: 0.6346  LR: 2.00e-04
2026-08-03 19:36:34,180 | [FULL    ] | INFO | full_experiments_using.model_trainers.mobile_vit_trainer | Ep [052/500] T-Acc:  61.9%  V-Acc:  58.4%  V-AUROC: 0.6341  LR: 2.00e-04
2026-08-03 19:37:00,520 | [FULL    ] | INFO | full_experiments_using.model_trainers.mobile_vit_trainer | Ep [053/500] T-Acc:  62.6%  V-Acc:  58.1%  V-AUROC: 0.6315  LR: 2.00e-04
2026-08-03 19:37:28,102 | [FULL    ] | INFO | full_experiments_using.model_trainers.mobile_vit_trainer | Ep [054/500] T-Acc:  60.9%  V-Acc:  58.8%  V-AUROC: 0.6350  LR: 2.00e-04
2026-08-03 19:37:55,854 | [FULL    ] | INFO | full_experiments_using.model_trainers.mobile_vit_trainer | Ep [055/500] T-Acc:  61.0%  V-Acc:  58.4%  V-AUROC: 0.6313  LR: 2.00e-04
2026-08-03 19:38:23,726 | [FULL    ] | INFO | full_experiments_using.model_trainers.mobile_vit_trainer | Ep [056/500] T-Acc:  61.8%  V-Acc:  58.1%  V-AUROC: 0.6331  LR: 2.00e-04
2026-08-03 19:38:51,910 | [FULL    ] | INFO | full_experiments_using.model_trainers.mobile_vit_trainer | Ep [057/500] T-Acc:  62.1%  V-Acc:  58.5%  V-AUROC: 0.6362  LR: 2.00e-04
2026-08-03 19:39:19,750 | [FULL    ] | INFO | full_experiments_using.model_trainers.mobile_vit_trainer | Ep [058/500] T-Acc:  61.6%  V-Acc:  58.5%  V-AUROC: 0.6346  LR: 2.00e-04
2026-08-03 19:39:47,741 | [FULL    ] | INFO | full_experiments_using.model_trainers.mobile_vit_trainer | Ep [059/500] T-Acc:  60.7%  V-Acc:  58.3%  V-AUROC: 0.6325  LR: 2.00e-04
2026-08-03 19:40:15,997 | [FULL    ] | INFO | full_experiments_using.model_trainers.mobile_vit_trainer | Ep [060/500] T-Acc:  61.7%  V-Acc:  58.0%  V-AUROC: 0.6342  LR: 4.00e-05
2026-08-03 19:40:44,053 | [FULL    ] | INFO | full_experiments_using.model_trainers.mobile_vit_trainer | Ep [061/500] T-Acc:  61.6%  V-Acc:  57.4%  V-AUROC: 0.6341  LR: 4.00e-05
2026-08-03 19:41:12,350 | [FULL    ] | INFO | full_experiments_using.model_trainers.mobile_vit_trainer | Ep [062/500] T-Acc:  61.8%  V-Acc:  59.2%  V-AUROC: 0.6349  LR: 4.00e-05
2026-08-03 19:41:40,525 | [FULL    ] | INFO | full_experiments_using.model_trainers.mobile_vit_trainer | Ep [063/500] T-Acc:  61.9%  V-Acc:  58.1%  V-AUROC: 0.6323  LR: 4.00e-05
2026-08-03 19:42:08,425 | [FULL    ] | INFO | full_experiments_using.model_trainers.mobile_vit_trainer | Ep [064/500] T-Acc:  61.6%  V-Acc:  58.2%  V-AUROC: 0.6326  LR: 4.00e-05
2026-08-03 19:42:36,428 | [FULL    ] | INFO | full_experiments_using.model_trainers.mobile_vit_trainer | Ep [065/500] T-Acc:  61.2%  V-Acc:  58.6%  V-AUROC: 0.6312  LR: 4.00e-05
2026-08-03 19:43:04,666 | [FULL    ] | INFO | full_experiments_using.model_trainers.mobile_vit_trainer | Ep [066/500] T-Acc:  62.7%  V-Acc:  58.7%  V-AUROC: 0.6321  LR: 4.00e-05
2026-08-03 19:43:32,744 | [FULL    ] | INFO | full_experiments_using.model_trainers.mobile_vit_trainer | Ep [067/500] T-Acc:  62.9%  V-Acc:  58.4%  V-AUROC: 0.6346  LR: 4.00e-05
2026-08-03 19:43:32,747 | [FULL    ] | INFO | full_experiments_using.model_trainers.mobile_vit_trainer | Early stop — best AUROC 0.6363 at epoch 37 (no improvement for 30 epochs)
2026-08-03 19:43:32,747 | [FULL    ] | INFO | full_experiments_using.model_trainers.mobile_vit_trainer | Done. Best AUROC: 0.6363 (epoch 37) → /home/oem/choihyunsu/VOGBasedMCIDetection/outputs/checkpoints/run_20260803_091231_full_wvote_artifact30_strat_4err/fold_23_best.pth
2026-08-03 19:43:42,384 | [FULL    ] | INFO | full_experiments_using.evaluators.monte_carlo_evaluator | -> Fold 24 Result | Acc=1.000 Sens=1.000 Spec=1.000 AUROC=1.000
2026-08-03 19:43:42,398 | [FULL    ] | INFO | full_experiments_using.evaluators.monte_carlo_evaluator | === Fold 25/30 | train: 25 subj (HC=10 MCI=15) / 3816 win | test: 12 subj (HC=4 MCI=8) / 1899 win ===
2026-08-03 19:43:42,644 | [FULL    ] | INFO | httpx | HTTP Request: HEAD https://huggingface.co/apple/mobilevit-small/resolve/main/config.json "HTTP/1.1 307 Temporary Redirect"
2026-08-03 19:43:42,664 | [FULL    ] | INFO | httpx | HTTP Request: HEAD https://huggingface.co/api/resolve-cache/models/apple/mobilevit-small/6c8612545dc98676d27bc518fa521d9e9af23e34/config.json "HTTP/1.1 200 OK"
2026-08-03 19:43:42,952 | [FULL    ] | INFO | httpx | HTTP Request: HEAD https://huggingface.co/apple/mobilevit-small/resolve/main/model.safetensors "HTTP/1.1 404 Not Found"
2026-08-03 19:43:43,163 | [FULL    ] | INFO | httpx | HTTP Request: HEAD https://huggingface.co/apple/mobilevit-small/resolve/main/model.safetensors.index.json "HTTP/1.1 404 Not Found"
2026-08-03 19:43:43,384 | [FULL    ] | INFO | httpx | HTTP Request: HEAD https://huggingface.co/apple/mobilevit-small/resolve/main/pytorch_model.bin "HTTP/1.1 302 Found"
2026-08-03 19:43:43,616 | [FULL    ] | INFO | httpx | HTTP Request: HEAD https://huggingface.co/apple/mobilevit-small/resolve/main/model.safetensors "HTTP/1.1 404 Not Found"
2026-08-03 19:43:43,831 | [FULL    ] | INFO | httpx | HTTP Request: GET https://huggingface.co/api/models/apple/mobilevit-small "HTTP/1.1 200 OK"
2026-08-03 19:43:44,086 | [FULL    ] | INFO | httpx | HTTP Request: GET https://huggingface.co/api/models/apple/mobilevit-small/commits/main "HTTP/1.1 200 OK"
2026-08-03 19:43:44,306 | [FULL    ] | INFO | httpx | HTTP Request: GET https://huggingface.co/api/models/apple/mobilevit-small/discussions?p=0 "HTTP/1.1 200 OK"
2026-08-03 19:43:44,531 | [FULL    ] | INFO | httpx | HTTP Request: GET https://huggingface.co/api/models/apple/mobilevit-small/commits/refs%2Fpr%2F6 "HTTP/1.1 200 OK"
2026-08-03 19:43:44,742 | [FULL    ] | INFO | httpx | HTTP Request: HEAD https://huggingface.co/apple/mobilevit-small/resolve/refs%2Fpr%2F6/model.safetensors.index.json "HTTP/1.1 404 Not Found"
2026-08-03 19:43:44,959 | [FULL    ] | INFO | httpx | HTTP Request: HEAD https://huggingface.co/apple/mobilevit-small/resolve/refs%2Fpr%2F6/model.safetensors "HTTP/1.1 302 Found"
2026-08-03 19:43:45,782 | [FULL    ] | INFO | full_experiments_using.model_trainers.mobile_vit_trainer | Device: cuda | max_epochs=500 | batch=32 | eval_batch=256 | es_patience=30
2026-08-03 19:43:45,794 | [FULL    ] | INFO | full_experiments_using.model_trainers.mobile_vit_trainer | CE weights — HC: 1.107  MCI: 0.912
2026-08-03 19:44:25,246 | [FULL    ] | INFO | full_experiments_using.model_trainers.mobile_vit_trainer | Ep [001/500] T-Acc:  51.5%  V-Acc:  50.6%  V-AUROC: 0.4978  LR: 2.00e-04
2026-08-03 19:44:25,320 | [FULL    ] | INFO | full_experiments_using.model_trainers.mobile_vit_trainer |   ↳ new best AUROC; saved checkpoint: /home/oem/choihyunsu/VOGBasedMCIDetection/outputs/checkpoints/run_20260803_091231_full_wvote_artifact30_strat_4err/fold_24_best.pth
2026-08-03 19:44:51,819 | [FULL    ] | INFO | full_experiments_using.model_trainers.mobile_vit_trainer | Ep [002/500] T-Acc:  52.5%  V-Acc:  51.6%  V-AUROC: 0.4966  LR: 4.00e-04
2026-08-03 19:45:19,688 | [FULL    ] | INFO | full_experiments_using.model_trainers.mobile_vit_trainer | Ep [003/500] T-Acc:  52.2%  V-Acc:  52.1%  V-AUROC: 0.5096  LR: 6.00e-04
2026-08-03 19:45:19,793 | [FULL    ] | INFO | full_experiments_using.model_trainers.mobile_vit_trainer |   ↳ new best AUROC; saved checkpoint: /home/oem/choihyunsu/VOGBasedMCIDetection/outputs/checkpoints/run_20260803_091231_full_wvote_artifact30_strat_4err/fold_24_best.pth
2026-08-03 19:45:47,891 | [FULL    ] | INFO | full_experiments_using.model_trainers.mobile_vit_trainer | Ep [004/500] T-Acc:  54.1%  V-Acc:  52.4%  V-AUROC: 0.5196  LR: 8.00e-04
2026-08-03 19:45:48,009 | [FULL    ] | INFO | full_experiments_using.model_trainers.mobile_vit_trainer |   ↳ new best AUROC; saved checkpoint: /home/oem/choihyunsu/VOGBasedMCIDetection/outputs/checkpoints/run_20260803_091231_full_wvote_artifact30_strat_4err/fold_24_best.pth
2026-08-03 19:46:15,942 | [FULL    ] | INFO | full_experiments_using.model_trainers.mobile_vit_trainer | Ep [005/500] T-Acc:  53.8%  V-Acc:  52.3%  V-AUROC: 0.5342  LR: 1.00e-03
2026-08-03 19:46:16,083 | [FULL    ] | INFO | full_experiments_using.model_trainers.mobile_vit_trainer |   ↳ new best AUROC; saved checkpoint: /home/oem/choihyunsu/VOGBasedMCIDetection/outputs/checkpoints/run_20260803_091231_full_wvote_artifact30_strat_4err/fold_24_best.pth
2026-08-03 19:46:44,013 | [FULL    ] | INFO | full_experiments_using.model_trainers.mobile_vit_trainer | Ep [006/500] T-Acc:  54.7%  V-Acc:  53.2%  V-AUROC: 0.5413  LR: 1.00e-03
2026-08-03 19:46:44,189 | [FULL    ] | INFO | full_experiments_using.model_trainers.mobile_vit_trainer |   ↳ new best AUROC; saved checkpoint: /home/oem/choihyunsu/VOGBasedMCIDetection/outputs/checkpoints/run_20260803_091231_full_wvote_artifact30_strat_4err/fold_24_best.pth
2026-08-03 19:47:12,156 | [FULL    ] | INFO | full_experiments_using.model_trainers.mobile_vit_trainer | Ep [007/500] T-Acc:  55.2%  V-Acc:  50.9%  V-AUROC: 0.5274  LR: 1.00e-03
2026-08-03 19:47:40,288 | [FULL    ] | INFO | full_experiments_using.model_trainers.mobile_vit_trainer | Ep [008/500] T-Acc:  55.1%  V-Acc:  52.9%  V-AUROC: 0.5293  LR: 1.00e-03
2026-08-03 19:48:08,355 | [FULL    ] | INFO | full_experiments_using.model_trainers.mobile_vit_trainer | Ep [009/500] T-Acc:  56.2%  V-Acc:  51.2%  V-AUROC: 0.5297  LR: 1.00e-03
2026-08-03 19:48:36,554 | [FULL    ] | INFO | full_experiments_using.model_trainers.mobile_vit_trainer | Ep [010/500] T-Acc:  57.3%  V-Acc:  51.2%  V-AUROC: 0.5219  LR: 1.00e-03
2026-08-03 19:49:04,367 | [FULL    ] | INFO | full_experiments_using.model_trainers.mobile_vit_trainer | Ep [011/500] T-Acc:  57.3%  V-Acc:  51.3%  V-AUROC: 0.5330  LR: 1.00e-03
2026-08-03 19:49:32,237 | [FULL    ] | INFO | full_experiments_using.model_trainers.mobile_vit_trainer | Ep [012/500] T-Acc:  57.7%  V-Acc:  50.9%  V-AUROC: 0.5317  LR: 1.00e-03
2026-08-03 19:50:00,403 | [FULL    ] | INFO | full_experiments_using.model_trainers.mobile_vit_trainer | Ep [013/500] T-Acc:  56.8%  V-Acc:  50.3%  V-AUROC: 0.5292  LR: 1.00e-03
2026-08-03 19:50:28,439 | [FULL    ] | INFO | full_experiments_using.model_trainers.mobile_vit_trainer | Ep [014/500] T-Acc:  57.4%  V-Acc:  50.9%  V-AUROC: 0.5109  LR: 1.00e-03
2026-08-03 19:50:56,407 | [FULL    ] | INFO | full_experiments_using.model_trainers.mobile_vit_trainer | Ep [015/500] T-Acc:  58.5%  V-Acc:  51.7%  V-AUROC: 0.5389  LR: 1.00e-03
2026-08-03 19:51:24,435 | [FULL    ] | INFO | full_experiments_using.model_trainers.mobile_vit_trainer | Ep [016/500] T-Acc:  58.0%  V-Acc:  50.8%  V-AUROC: 0.5206  LR: 1.00e-03
2026-08-03 19:51:52,472 | [FULL    ] | INFO | full_experiments_using.model_trainers.mobile_vit_trainer | Ep [017/500] T-Acc:  59.0%  V-Acc:  50.7%  V-AUROC: 0.5234  LR: 1.00e-03
2026-08-03 19:52:20,688 | [FULL    ] | INFO | full_experiments_using.model_trainers.mobile_vit_trainer | Ep [018/500] T-Acc:  58.3%  V-Acc:  51.0%  V-AUROC: 0.5255  LR: 2.00e-04
2026-08-03 19:52:48,768 | [FULL    ] | INFO | full_experiments_using.model_trainers.mobile_vit_trainer | Ep [019/500] T-Acc:  58.6%  V-Acc:  51.4%  V-AUROC: 0.5240  LR: 2.00e-04
2026-08-03 19:53:16,869 | [FULL    ] | INFO | full_experiments_using.model_trainers.mobile_vit_trainer | Ep [020/500] T-Acc:  57.9%  V-Acc:  51.0%  V-AUROC: 0.5270  LR: 2.00e-04
2026-08-03 19:53:44,679 | [FULL    ] | INFO | full_experiments_using.model_trainers.mobile_vit_trainer | Ep [021/500] T-Acc:  60.2%  V-Acc:  51.0%  V-AUROC: 0.5273  LR: 2.00e-04
2026-08-03 19:54:12,726 | [FULL    ] | INFO | full_experiments_using.model_trainers.mobile_vit_trainer | Ep [022/500] T-Acc:  60.2%  V-Acc:  51.5%  V-AUROC: 0.5251  LR: 2.00e-04
2026-08-03 19:54:40,752 | [FULL    ] | INFO | full_experiments_using.model_trainers.mobile_vit_trainer | Ep [023/500] T-Acc:  59.8%  V-Acc:  50.8%  V-AUROC: 0.5293  LR: 2.00e-04
2026-08-03 19:55:08,809 | [FULL    ] | INFO | full_experiments_using.model_trainers.mobile_vit_trainer | Ep [024/500] T-Acc:  59.8%  V-Acc:  51.0%  V-AUROC: 0.5285  LR: 2.00e-04
2026-08-03 19:55:36,903 | [FULL    ] | INFO | full_experiments_using.model_trainers.mobile_vit_trainer | Ep [025/500] T-Acc:  59.0%  V-Acc:  51.2%  V-AUROC: 0.5262  LR: 2.00e-04
2026-08-03 19:56:05,227 | [FULL    ] | INFO | full_experiments_using.model_trainers.mobile_vit_trainer | Ep [026/500] T-Acc:  59.6%  V-Acc:  51.1%  V-AUROC: 0.5285  LR: 2.00e-04
2026-08-03 19:56:33,218 | [FULL    ] | INFO | full_experiments_using.model_trainers.mobile_vit_trainer | Ep [027/500] T-Acc:  59.6%  V-Acc:  51.2%  V-AUROC: 0.5264  LR: 2.00e-04
2026-08-03 19:57:01,363 | [FULL    ] | INFO | full_experiments_using.model_trainers.mobile_vit_trainer | Ep [028/500] T-Acc:  59.7%  V-Acc:  51.0%  V-AUROC: 0.5297  LR: 2.00e-04
2026-08-03 19:57:29,469 | [FULL    ] | INFO | full_experiments_using.model_trainers.mobile_vit_trainer | Ep [029/500] T-Acc:  60.0%  V-Acc:  50.4%  V-AUROC: 0.5299  LR: 4.00e-05
2026-08-03 19:57:57,410 | [FULL    ] | INFO | full_experiments_using.model_trainers.mobile_vit_trainer | Ep [030/500] T-Acc:  60.6%  V-Acc:  51.1%  V-AUROC: 0.5281  LR: 4.00e-05
2026-08-03 19:58:25,560 | [FULL    ] | INFO | full_experiments_using.model_trainers.mobile_vit_trainer | Ep [031/500] T-Acc:  59.9%  V-Acc:  51.2%  V-AUROC: 0.5288  LR: 4.00e-05
2026-08-03 19:58:53,725 | [FULL    ] | INFO | full_experiments_using.model_trainers.mobile_vit_trainer | Ep [032/500] T-Acc:  60.4%  V-Acc:  50.8%  V-AUROC: 0.5277  LR: 4.00e-05
2026-08-03 19:59:21,758 | [FULL    ] | INFO | full_experiments_using.model_trainers.mobile_vit_trainer | Ep [033/500] T-Acc:  60.3%  V-Acc:  50.8%  V-AUROC: 0.5282  LR: 4.00e-05
2026-08-03 19:59:49,807 | [FULL    ] | INFO | full_experiments_using.model_trainers.mobile_vit_trainer | Ep [034/500] T-Acc:  59.9%  V-Acc:  51.9%  V-AUROC: 0.5290  LR: 4.00e-05
2026-08-03 20:00:18,010 | [FULL    ] | INFO | full_experiments_using.model_trainers.mobile_vit_trainer | Ep [035/500] T-Acc:  59.2%  V-Acc:  51.1%  V-AUROC: 0.5268  LR: 4.00e-05
2026-08-03 20:00:45,812 | [FULL    ] | INFO | full_experiments_using.model_trainers.mobile_vit_trainer | Ep [036/500] T-Acc:  60.6%  V-Acc:  51.2%  V-AUROC: 0.5279  LR: 4.00e-05
2026-08-03 20:00:45,813 | [FULL    ] | INFO | full_experiments_using.model_trainers.mobile_vit_trainer | Early stop — best AUROC 0.5413 at epoch 6 (no improvement for 30 epochs)
2026-08-03 20:00:45,813 | [FULL    ] | INFO | full_experiments_using.model_trainers.mobile_vit_trainer | Done. Best AUROC: 0.5413 (epoch 6) → /home/oem/choihyunsu/VOGBasedMCIDetection/outputs/checkpoints/run_20260803_091231_full_wvote_artifact30_strat_4err/fold_24_best.pth
2026-08-03 20:00:55,463 | [FULL    ] | INFO | full_experiments_using.evaluators.monte_carlo_evaluator | -> Fold 25 Result | Acc=0.727 Sens=0.714 Spec=0.750 AUROC=0.893
2026-08-03 20:00:55,477 | [FULL    ] | INFO | full_experiments_using.evaluators.monte_carlo_evaluator | === Fold 26/30 | train: 25 subj (HC=10 MCI=15) / 3904 win | test: 12 subj (HC=4 MCI=8) / 1811 win ===
2026-08-03 20:00:55,744 | [FULL    ] | INFO | httpx | HTTP Request: HEAD https://huggingface.co/apple/mobilevit-small/resolve/main/config.json "HTTP/1.1 307 Temporary Redirect"
2026-08-03 20:00:55,757 | [FULL    ] | INFO | httpx | HTTP Request: HEAD https://huggingface.co/api/resolve-cache/models/apple/mobilevit-small/6c8612545dc98676d27bc518fa521d9e9af23e34/config.json "HTTP/1.1 200 OK"
2026-08-03 20:00:56,047 | [FULL    ] | INFO | httpx | HTTP Request: HEAD https://huggingface.co/apple/mobilevit-small/resolve/main/model.safetensors "HTTP/1.1 404 Not Found"
2026-08-03 20:00:56,286 | [FULL    ] | INFO | httpx | HTTP Request: HEAD https://huggingface.co/apple/mobilevit-small/resolve/main/model.safetensors.index.json "HTTP/1.1 404 Not Found"
2026-08-03 20:00:56,498 | [FULL    ] | INFO | httpx | HTTP Request: HEAD https://huggingface.co/apple/mobilevit-small/resolve/main/pytorch_model.bin "HTTP/1.1 302 Found"
2026-08-03 20:00:56,709 | [FULL    ] | INFO | httpx | HTTP Request: HEAD https://huggingface.co/apple/mobilevit-small/resolve/main/model.safetensors "HTTP/1.1 404 Not Found"
2026-08-03 20:00:56,914 | [FULL    ] | INFO | httpx | HTTP Request: GET https://huggingface.co/api/models/apple/mobilevit-small "HTTP/1.1 200 OK"
2026-08-03 20:00:57,195 | [FULL    ] | INFO | httpx | HTTP Request: GET https://huggingface.co/api/models/apple/mobilevit-small/commits/main "HTTP/1.1 200 OK"
2026-08-03 20:00:57,411 | [FULL    ] | INFO | httpx | HTTP Request: GET https://huggingface.co/api/models/apple/mobilevit-small/discussions?p=0 "HTTP/1.1 200 OK"
2026-08-03 20:00:57,631 | [FULL    ] | INFO | httpx | HTTP Request: GET https://huggingface.co/api/models/apple/mobilevit-small/commits/refs%2Fpr%2F6 "HTTP/1.1 200 OK"
2026-08-03 20:00:57,855 | [FULL    ] | INFO | httpx | HTTP Request: HEAD https://huggingface.co/apple/mobilevit-small/resolve/refs%2Fpr%2F6/model.safetensors.index.json "HTTP/1.1 404 Not Found"
2026-08-03 20:00:58,080 | [FULL    ] | INFO | httpx | HTTP Request: HEAD https://huggingface.co/apple/mobilevit-small/resolve/refs%2Fpr%2F6/model.safetensors "HTTP/1.1 302 Found"
2026-08-03 20:00:58,826 | [FULL    ] | INFO | full_experiments_using.model_trainers.mobile_vit_trainer | Device: cuda | max_epochs=500 | batch=32 | eval_batch=256 | es_patience=30
2026-08-03 20:00:58,837 | [FULL    ] | INFO | full_experiments_using.model_trainers.mobile_vit_trainer | CE weights — HC: 1.090  MCI: 0.924
2026-08-03 20:01:32,981 | [FULL    ] | INFO | full_experiments_using.model_trainers.mobile_vit_trainer | Ep [001/500] T-Acc:  48.9%  V-Acc:  47.6%  V-AUROC: 0.4782  LR: 2.00e-04
2026-08-03 20:01:33,040 | [FULL    ] | INFO | full_experiments_using.model_trainers.mobile_vit_trainer |   ↳ new best AUROC; saved checkpoint: /home/oem/choihyunsu/VOGBasedMCIDetection/outputs/checkpoints/run_20260803_091231_full_wvote_artifact30_strat_4err/fold_25_best.pth
2026-08-03 20:02:00,707 | [FULL    ] | INFO | full_experiments_using.model_trainers.mobile_vit_trainer | Ep [002/500] T-Acc:  49.8%  V-Acc:  49.7%  V-AUROC: 0.5042  LR: 4.00e-04
2026-08-03 20:02:00,852 | [FULL    ] | INFO | full_experiments_using.model_trainers.mobile_vit_trainer |   ↳ new best AUROC; saved checkpoint: /home/oem/choihyunsu/VOGBasedMCIDetection/outputs/checkpoints/run_20260803_091231_full_wvote_artifact30_strat_4err/fold_25_best.pth
2026-08-03 20:02:28,169 | [FULL    ] | INFO | full_experiments_using.model_trainers.mobile_vit_trainer | Ep [003/500] T-Acc:  52.1%  V-Acc:  51.8%  V-AUROC: 0.5202  LR: 6.00e-04
2026-08-03 20:02:28,359 | [FULL    ] | INFO | full_experiments_using.model_trainers.mobile_vit_trainer |   ↳ new best AUROC; saved checkpoint: /home/oem/choihyunsu/VOGBasedMCIDetection/outputs/checkpoints/run_20260803_091231_full_wvote_artifact30_strat_4err/fold_25_best.pth
2026-08-03 20:02:56,815 | [FULL    ] | INFO | full_experiments_using.model_trainers.mobile_vit_trainer | Ep [004/500] T-Acc:  51.3%  V-Acc:  53.3%  V-AUROC: 0.5384  LR: 8.00e-04
2026-08-03 20:02:56,932 | [FULL    ] | INFO | full_experiments_using.model_trainers.mobile_vit_trainer |   ↳ new best AUROC; saved checkpoint: /home/oem/choihyunsu/VOGBasedMCIDetection/outputs/checkpoints/run_20260803_091231_full_wvote_artifact30_strat_4err/fold_25_best.pth
2026-08-03 20:03:25,232 | [FULL    ] | INFO | full_experiments_using.model_trainers.mobile_vit_trainer | Ep [005/500] T-Acc:  53.1%  V-Acc:  53.3%  V-AUROC: 0.5442  LR: 1.00e-03
2026-08-03 20:03:25,352 | [FULL    ] | INFO | full_experiments_using.model_trainers.mobile_vit_trainer |   ↳ new best AUROC; saved checkpoint: /home/oem/choihyunsu/VOGBasedMCIDetection/outputs/checkpoints/run_20260803_091231_full_wvote_artifact30_strat_4err/fold_25_best.pth
2026-08-03 20:03:53,919 | [FULL    ] | INFO | full_experiments_using.model_trainers.mobile_vit_trainer | Ep [006/500] T-Acc:  53.9%  V-Acc:  55.1%  V-AUROC: 0.5612  LR: 1.00e-03
2026-08-03 20:03:54,046 | [FULL    ] | INFO | full_experiments_using.model_trainers.mobile_vit_trainer |   ↳ new best AUROC; saved checkpoint: /home/oem/choihyunsu/VOGBasedMCIDetection/outputs/checkpoints/run_20260803_091231_full_wvote_artifact30_strat_4err/fold_25_best.pth
2026-08-03 20:04:22,890 | [FULL    ] | INFO | full_experiments_using.model_trainers.mobile_vit_trainer | Ep [007/500] T-Acc:  54.1%  V-Acc:  55.8%  V-AUROC: 0.5676  LR: 1.00e-03
2026-08-03 20:04:23,010 | [FULL    ] | INFO | full_experiments_using.model_trainers.mobile_vit_trainer |   ↳ new best AUROC; saved checkpoint: /home/oem/choihyunsu/VOGBasedMCIDetection/outputs/checkpoints/run_20260803_091231_full_wvote_artifact30_strat_4err/fold_25_best.pth
2026-08-03 20:04:51,390 | [FULL    ] | INFO | full_experiments_using.model_trainers.mobile_vit_trainer | Ep [008/500] T-Acc:  55.1%  V-Acc:  56.4%  V-AUROC: 0.5816  LR: 1.00e-03
2026-08-03 20:04:51,522 | [FULL    ] | INFO | full_experiments_using.model_trainers.mobile_vit_trainer |   ↳ new best AUROC; saved checkpoint: /home/oem/choihyunsu/VOGBasedMCIDetection/outputs/checkpoints/run_20260803_091231_full_wvote_artifact30_strat_4err/fold_25_best.pth
2026-08-03 20:05:20,241 | [FULL    ] | INFO | full_experiments_using.model_trainers.mobile_vit_trainer | Ep [009/500] T-Acc:  56.0%  V-Acc:  58.3%  V-AUROC: 0.5966  LR: 1.00e-03
2026-08-03 20:05:20,417 | [FULL    ] | INFO | full_experiments_using.model_trainers.mobile_vit_trainer |   ↳ new best AUROC; saved checkpoint: /home/oem/choihyunsu/VOGBasedMCIDetection/outputs/checkpoints/run_20260803_091231_full_wvote_artifact30_strat_4err/fold_25_best.pth
2026-08-03 20:05:48,963 | [FULL    ] | INFO | full_experiments_using.model_trainers.mobile_vit_trainer | Ep [010/500] T-Acc:  56.5%  V-Acc:  56.3%  V-AUROC: 0.5913  LR: 1.00e-03
2026-08-03 20:06:17,626 | [FULL    ] | INFO | full_experiments_using.model_trainers.mobile_vit_trainer | Ep [011/500] T-Acc:  57.5%  V-Acc:  55.9%  V-AUROC: 0.5777  LR: 1.00e-03
2026-08-03 20:06:46,405 | [FULL    ] | INFO | full_experiments_using.model_trainers.mobile_vit_trainer | Ep [012/500] T-Acc:  56.2%  V-Acc:  56.3%  V-AUROC: 0.5920  LR: 1.00e-03
2026-08-03 20:07:15,082 | [FULL    ] | INFO | full_experiments_using.model_trainers.mobile_vit_trainer | Ep [013/500] T-Acc:  56.4%  V-Acc:  56.0%  V-AUROC: 0.5853  LR: 1.00e-03
2026-08-03 20:07:43,477 | [FULL    ] | INFO | full_experiments_using.model_trainers.mobile_vit_trainer | Ep [014/500] T-Acc:  57.6%  V-Acc:  57.0%  V-AUROC: 0.5839  LR: 1.00e-03
2026-08-03 20:08:11,913 | [FULL    ] | INFO | full_experiments_using.model_trainers.mobile_vit_trainer | Ep [015/500] T-Acc:  57.0%  V-Acc:  57.2%  V-AUROC: 0.5893  LR: 1.00e-03
2026-08-03 20:08:40,478 | [FULL    ] | INFO | full_experiments_using.model_trainers.mobile_vit_trainer | Ep [016/500] T-Acc:  57.1%  V-Acc:  56.7%  V-AUROC: 0.5885  LR: 1.00e-03
2026-08-03 20:09:09,079 | [FULL    ] | INFO | full_experiments_using.model_trainers.mobile_vit_trainer | Ep [017/500] T-Acc:  58.2%  V-Acc:  57.1%  V-AUROC: 0.5884  LR: 1.00e-03
2026-08-03 20:09:37,821 | [FULL    ] | INFO | full_experiments_using.model_trainers.mobile_vit_trainer | Ep [018/500] T-Acc:  58.5%  V-Acc:  58.4%  V-AUROC: 0.5905  LR: 1.00e-03
2026-08-03 20:10:06,293 | [FULL    ] | INFO | full_experiments_using.model_trainers.mobile_vit_trainer | Ep [019/500] T-Acc:  59.3%  V-Acc:  57.2%  V-AUROC: 0.5917  LR: 1.00e-03
2026-08-03 20:10:34,548 | [FULL    ] | INFO | full_experiments_using.model_trainers.mobile_vit_trainer | Ep [020/500] T-Acc:  58.6%  V-Acc:  56.7%  V-AUROC: 0.5897  LR: 1.00e-03
2026-08-03 20:11:01,413 | [FULL    ] | INFO | full_experiments_using.model_trainers.mobile_vit_trainer | Ep [021/500] T-Acc:  58.2%  V-Acc:  56.0%  V-AUROC: 0.5914  LR: 2.00e-04
2026-08-03 20:11:28,059 | [FULL    ] | INFO | full_experiments_using.model_trainers.mobile_vit_trainer | Ep [022/500] T-Acc:  58.6%  V-Acc:  57.3%  V-AUROC: 0.5890  LR: 2.00e-04
2026-08-03 20:11:56,592 | [FULL    ] | INFO | full_experiments_using.model_trainers.mobile_vit_trainer | Ep [023/500] T-Acc:  59.0%  V-Acc:  57.2%  V-AUROC: 0.5919  LR: 2.00e-04
2026-08-03 20:12:24,935 | [FULL    ] | INFO | full_experiments_using.model_trainers.mobile_vit_trainer | Ep [024/500] T-Acc:  58.8%  V-Acc:  57.3%  V-AUROC: 0.5892  LR: 2.00e-04
2026-08-03 20:12:53,436 | [FULL    ] | INFO | full_experiments_using.model_trainers.mobile_vit_trainer | Ep [025/500] T-Acc:  60.7%  V-Acc:  57.5%  V-AUROC: 0.5910  LR: 2.00e-04
2026-08-03 20:13:21,979 | [FULL    ] | INFO | full_experiments_using.model_trainers.mobile_vit_trainer | Ep [026/500] T-Acc:  58.5%  V-Acc:  57.6%  V-AUROC: 0.5903  LR: 2.00e-04
2026-08-03 20:13:50,724 | [FULL    ] | INFO | full_experiments_using.model_trainers.mobile_vit_trainer | Ep [027/500] T-Acc:  59.3%  V-Acc:  57.8%  V-AUROC: 0.5893  LR: 2.00e-04
2026-08-03 20:14:19,410 | [FULL    ] | INFO | full_experiments_using.model_trainers.mobile_vit_trainer | Ep [028/500] T-Acc:  59.0%  V-Acc:  57.4%  V-AUROC: 0.5913  LR: 2.00e-04
2026-08-03 20:14:47,933 | [FULL    ] | INFO | full_experiments_using.model_trainers.mobile_vit_trainer | Ep [029/500] T-Acc:  60.6%  V-Acc:  57.8%  V-AUROC: 0.5956  LR: 2.00e-04
2026-08-03 20:15:16,251 | [FULL    ] | INFO | full_experiments_using.model_trainers.mobile_vit_trainer | Ep [030/500] T-Acc:  58.6%  V-Acc:  57.5%  V-AUROC: 0.5921  LR: 2.00e-04
2026-08-03 20:15:44,908 | [FULL    ] | INFO | full_experiments_using.model_trainers.mobile_vit_trainer | Ep [031/500] T-Acc:  59.3%  V-Acc:  57.3%  V-AUROC: 0.5939  LR: 2.00e-04
2026-08-03 20:16:13,584 | [FULL    ] | INFO | full_experiments_using.model_trainers.mobile_vit_trainer | Ep [032/500] T-Acc:  59.0%  V-Acc:  57.0%  V-AUROC: 0.5937  LR: 4.00e-05
2026-08-03 20:16:41,947 | [FULL    ] | INFO | full_experiments_using.model_trainers.mobile_vit_trainer | Ep [033/500] T-Acc:  59.5%  V-Acc:  57.3%  V-AUROC: 0.5953  LR: 4.00e-05
2026-08-03 20:17:10,719 | [FULL    ] | INFO | full_experiments_using.model_trainers.mobile_vit_trainer | Ep [034/500] T-Acc:  60.3%  V-Acc:  57.0%  V-AUROC: 0.5943  LR: 4.00e-05
2026-08-03 20:17:39,362 | [FULL    ] | INFO | full_experiments_using.model_trainers.mobile_vit_trainer | Ep [035/500] T-Acc:  59.9%  V-Acc:  57.4%  V-AUROC: 0.5939  LR: 4.00e-05
2026-08-03 20:18:07,726 | [FULL    ] | INFO | full_experiments_using.model_trainers.mobile_vit_trainer | Ep [036/500] T-Acc:  58.4%  V-Acc:  57.2%  V-AUROC: 0.5935  LR: 4.00e-05
2026-08-03 20:18:36,207 | [FULL    ] | INFO | full_experiments_using.model_trainers.mobile_vit_trainer | Ep [037/500] T-Acc:  60.1%  V-Acc:  57.2%  V-AUROC: 0.5939  LR: 4.00e-05
2026-08-03 20:19:04,782 | [FULL    ] | INFO | full_experiments_using.model_trainers.mobile_vit_trainer | Ep [038/500] T-Acc:  60.2%  V-Acc:  57.0%  V-AUROC: 0.5927  LR: 4.00e-05
2026-08-03 20:19:31,480 | [FULL    ] | INFO | full_experiments_using.model_trainers.mobile_vit_trainer | Ep [039/500] T-Acc:  59.9%  V-Acc:  57.0%  V-AUROC: 0.5930  LR: 4.00e-05
2026-08-03 20:19:31,480 | [FULL    ] | INFO | full_experiments_using.model_trainers.mobile_vit_trainer | Early stop — best AUROC 0.5966 at epoch 9 (no improvement for 30 epochs)
2026-08-03 20:19:31,480 | [FULL    ] | INFO | full_experiments_using.model_trainers.mobile_vit_trainer | Done. Best AUROC: 0.5966 (epoch 9) → /home/oem/choihyunsu/VOGBasedMCIDetection/outputs/checkpoints/run_20260803_091231_full_wvote_artifact30_strat_4err/fold_25_best.pth
2026-08-03 20:19:40,510 | [FULL    ] | INFO | full_experiments_using.evaluators.monte_carlo_evaluator | -> Fold 26 Result | Acc=0.600 Sens=0.714 Spec=0.333 AUROC=0.714
2026-08-03 20:19:40,518 | [FULL    ] | INFO | full_experiments_using.evaluators.monte_carlo_evaluator | === Fold 27/30 | train: 25 subj (HC=10 MCI=15) / 3866 win | test: 12 subj (HC=4 MCI=8) / 1849 win ===
2026-08-03 20:19:40,754 | [FULL    ] | INFO | httpx | HTTP Request: HEAD https://huggingface.co/apple/mobilevit-small/resolve/main/config.json "HTTP/1.1 307 Temporary Redirect"
2026-08-03 20:19:40,768 | [FULL    ] | INFO | httpx | HTTP Request: HEAD https://huggingface.co/api/resolve-cache/models/apple/mobilevit-small/6c8612545dc98676d27bc518fa521d9e9af23e34/config.json "HTTP/1.1 200 OK"
2026-08-03 20:19:41,048 | [FULL    ] | INFO | httpx | HTTP Request: HEAD https://huggingface.co/apple/mobilevit-small/resolve/main/model.safetensors "HTTP/1.1 404 Not Found"
2026-08-03 20:19:41,255 | [FULL    ] | INFO | httpx | HTTP Request: HEAD https://huggingface.co/apple/mobilevit-small/resolve/main/model.safetensors.index.json "HTTP/1.1 404 Not Found"
2026-08-03 20:19:41,460 | [FULL    ] | INFO | httpx | HTTP Request: HEAD https://huggingface.co/apple/mobilevit-small/resolve/main/pytorch_model.bin "HTTP/1.1 302 Found"
2026-08-03 20:19:41,687 | [FULL    ] | INFO | httpx | HTTP Request: HEAD https://huggingface.co/apple/mobilevit-small/resolve/main/model.safetensors "HTTP/1.1 404 Not Found"
2026-08-03 20:19:41,896 | [FULL    ] | INFO | httpx | HTTP Request: GET https://huggingface.co/api/models/apple/mobilevit-small "HTTP/1.1 200 OK"
2026-08-03 20:19:42,155 | [FULL    ] | INFO | httpx | HTTP Request: GET https://huggingface.co/api/models/apple/mobilevit-small/commits/main "HTTP/1.1 200 OK"
2026-08-03 20:19:42,377 | [FULL    ] | INFO | httpx | HTTP Request: GET https://huggingface.co/api/models/apple/mobilevit-small/discussions?p=0 "HTTP/1.1 200 OK"
2026-08-03 20:19:42,605 | [FULL    ] | INFO | httpx | HTTP Request: GET https://huggingface.co/api/models/apple/mobilevit-small/commits/refs%2Fpr%2F6 "HTTP/1.1 200 OK"
2026-08-03 20:19:42,806 | [FULL    ] | INFO | httpx | HTTP Request: HEAD https://huggingface.co/apple/mobilevit-small/resolve/refs%2Fpr%2F6/model.safetensors.index.json "HTTP/1.1 404 Not Found"
2026-08-03 20:19:43,022 | [FULL    ] | INFO | httpx | HTTP Request: HEAD https://huggingface.co/apple/mobilevit-small/resolve/refs%2Fpr%2F6/model.safetensors "HTTP/1.1 302 Found"
2026-08-03 20:19:43,904 | [FULL    ] | INFO | full_experiments_using.model_trainers.mobile_vit_trainer | Device: cuda | max_epochs=500 | batch=32 | eval_batch=256 | es_patience=30
2026-08-03 20:19:43,921 | [FULL    ] | INFO | full_experiments_using.model_trainers.mobile_vit_trainer | CE weights — HC: 1.085  MCI: 0.927
2026-08-03 20:20:09,721 | [FULL    ] | INFO | full_experiments_using.model_trainers.mobile_vit_trainer | Ep [001/500] T-Acc:  52.6%  V-Acc:  56.7%  V-AUROC: 0.4766  LR: 2.00e-04
2026-08-03 20:20:09,830 | [FULL    ] | INFO | full_experiments_using.model_trainers.mobile_vit_trainer |   ↳ new best AUROC; saved checkpoint: /home/oem/choihyunsu/VOGBasedMCIDetection/outputs/checkpoints/run_20260803_091231_full_wvote_artifact30_strat_4err/fold_26_best.pth
2026-08-03 20:20:37,822 | [FULL    ] | INFO | full_experiments_using.model_trainers.mobile_vit_trainer | Ep [002/500] T-Acc:  52.3%  V-Acc:  57.1%  V-AUROC: 0.4823  LR: 4.00e-04
2026-08-03 20:20:37,947 | [FULL    ] | INFO | full_experiments_using.model_trainers.mobile_vit_trainer |   ↳ new best AUROC; saved checkpoint: /home/oem/choihyunsu/VOGBasedMCIDetection/outputs/checkpoints/run_20260803_091231_full_wvote_artifact30_strat_4err/fold_26_best.pth
2026-08-03 20:21:05,994 | [FULL    ] | INFO | full_experiments_using.model_trainers.mobile_vit_trainer | Ep [003/500] T-Acc:  51.6%  V-Acc:  56.4%  V-AUROC: 0.4864  LR: 6.00e-04
2026-08-03 20:21:06,150 | [FULL    ] | INFO | full_experiments_using.model_trainers.mobile_vit_trainer |   ↳ new best AUROC; saved checkpoint: /home/oem/choihyunsu/VOGBasedMCIDetection/outputs/checkpoints/run_20260803_091231_full_wvote_artifact30_strat_4err/fold_26_best.pth
2026-08-03 20:21:34,345 | [FULL    ] | INFO | full_experiments_using.model_trainers.mobile_vit_trainer | Ep [004/500] T-Acc:  52.2%  V-Acc:  56.0%  V-AUROC: 0.5069  LR: 8.00e-04
2026-08-03 20:21:34,477 | [FULL    ] | INFO | full_experiments_using.model_trainers.mobile_vit_trainer |   ↳ new best AUROC; saved checkpoint: /home/oem/choihyunsu/VOGBasedMCIDetection/outputs/checkpoints/run_20260803_091231_full_wvote_artifact30_strat_4err/fold_26_best.pth
2026-08-03 20:22:02,433 | [FULL    ] | INFO | full_experiments_using.model_trainers.mobile_vit_trainer | Ep [005/500] T-Acc:  53.3%  V-Acc:  55.2%  V-AUROC: 0.5243  LR: 1.00e-03
2026-08-03 20:22:02,588 | [FULL    ] | INFO | full_experiments_using.model_trainers.mobile_vit_trainer |   ↳ new best AUROC; saved checkpoint: /home/oem/choihyunsu/VOGBasedMCIDetection/outputs/checkpoints/run_20260803_091231_full_wvote_artifact30_strat_4err/fold_26_best.pth
2026-08-03 20:22:30,898 | [FULL    ] | INFO | full_experiments_using.model_trainers.mobile_vit_trainer | Ep [006/500] T-Acc:  53.4%  V-Acc:  56.2%  V-AUROC: 0.5548  LR: 1.00e-03
2026-08-03 20:22:31,031 | [FULL    ] | INFO | full_experiments_using.model_trainers.mobile_vit_trainer |   ↳ new best AUROC; saved checkpoint: /home/oem/choihyunsu/VOGBasedMCIDetection/outputs/checkpoints/run_20260803_091231_full_wvote_artifact30_strat_4err/fold_26_best.pth
2026-08-03 20:22:59,092 | [FULL    ] | INFO | full_experiments_using.model_trainers.mobile_vit_trainer | Ep [007/500] T-Acc:  53.2%  V-Acc:  55.8%  V-AUROC: 0.5500  LR: 1.00e-03
2026-08-03 20:23:27,322 | [FULL    ] | INFO | full_experiments_using.model_trainers.mobile_vit_trainer | Ep [008/500] T-Acc:  52.7%  V-Acc:  56.3%  V-AUROC: 0.5441  LR: 1.00e-03
2026-08-03 20:23:55,586 | [FULL    ] | INFO | full_experiments_using.model_trainers.mobile_vit_trainer | Ep [009/500] T-Acc:  53.9%  V-Acc:  54.4%  V-AUROC: 0.5520  LR: 1.00e-03
2026-08-03 20:24:23,698 | [FULL    ] | INFO | full_experiments_using.model_trainers.mobile_vit_trainer | Ep [010/500] T-Acc:  54.2%  V-Acc:  56.1%  V-AUROC: 0.5518  LR: 1.00e-03
2026-08-03 20:24:51,993 | [FULL    ] | INFO | full_experiments_using.model_trainers.mobile_vit_trainer | Ep [011/500] T-Acc:  55.5%  V-Acc:  54.7%  V-AUROC: 0.5582  LR: 1.00e-03
2026-08-03 20:24:52,184 | [FULL    ] | INFO | full_experiments_using.model_trainers.mobile_vit_trainer |   ↳ new best AUROC; saved checkpoint: /home/oem/choihyunsu/VOGBasedMCIDetection/outputs/checkpoints/run_20260803_091231_full_wvote_artifact30_strat_4err/fold_26_best.pth
2026-08-03 20:25:20,317 | [FULL    ] | INFO | full_experiments_using.model_trainers.mobile_vit_trainer | Ep [012/500] T-Acc:  56.5%  V-Acc:  55.7%  V-AUROC: 0.5693  LR: 1.00e-03
2026-08-03 20:25:20,471 | [FULL    ] | INFO | full_experiments_using.model_trainers.mobile_vit_trainer |   ↳ new best AUROC; saved checkpoint: /home/oem/choihyunsu/VOGBasedMCIDetection/outputs/checkpoints/run_20260803_091231_full_wvote_artifact30_strat_4err/fold_26_best.pth
2026-08-03 20:25:48,678 | [FULL    ] | INFO | full_experiments_using.model_trainers.mobile_vit_trainer | Ep [013/500] T-Acc:  55.3%  V-Acc:  55.1%  V-AUROC: 0.5625  LR: 1.00e-03
2026-08-03 20:26:16,899 | [FULL    ] | INFO | full_experiments_using.model_trainers.mobile_vit_trainer | Ep [014/500] T-Acc:  54.9%  V-Acc:  56.8%  V-AUROC: 0.5754  LR: 1.00e-03
2026-08-03 20:26:17,072 | [FULL    ] | INFO | full_experiments_using.model_trainers.mobile_vit_trainer |   ↳ new best AUROC; saved checkpoint: /home/oem/choihyunsu/VOGBasedMCIDetection/outputs/checkpoints/run_20260803_091231_full_wvote_artifact30_strat_4err/fold_26_best.pth
2026-08-03 20:26:45,174 | [FULL    ] | INFO | full_experiments_using.model_trainers.mobile_vit_trainer | Ep [015/500] T-Acc:  57.1%  V-Acc:  56.4%  V-AUROC: 0.5677  LR: 1.00e-03
2026-08-03 20:27:13,144 | [FULL    ] | INFO | full_experiments_using.model_trainers.mobile_vit_trainer | Ep [016/500] T-Acc:  54.9%  V-Acc:  56.1%  V-AUROC: 0.5693  LR: 1.00e-03
2026-08-03 20:27:41,132 | [FULL    ] | INFO | full_experiments_using.model_trainers.mobile_vit_trainer | Ep [017/500] T-Acc:  56.2%  V-Acc:  56.7%  V-AUROC: 0.5903  LR: 1.00e-03
2026-08-03 20:27:41,281 | [FULL    ] | INFO | full_experiments_using.model_trainers.mobile_vit_trainer |   ↳ new best AUROC; saved checkpoint: /home/oem/choihyunsu/VOGBasedMCIDetection/outputs/checkpoints/run_20260803_091231_full_wvote_artifact30_strat_4err/fold_26_best.pth
2026-08-03 20:28:09,522 | [FULL    ] | INFO | full_experiments_using.model_trainers.mobile_vit_trainer | Ep [018/500] T-Acc:  57.3%  V-Acc:  57.2%  V-AUROC: 0.5920  LR: 1.00e-03
2026-08-03 20:28:09,662 | [FULL    ] | INFO | full_experiments_using.model_trainers.mobile_vit_trainer |   ↳ new best AUROC; saved checkpoint: /home/oem/choihyunsu/VOGBasedMCIDetection/outputs/checkpoints/run_20260803_091231_full_wvote_artifact30_strat_4err/fold_26_best.pth
2026-08-03 20:28:37,893 | [FULL    ] | INFO | full_experiments_using.model_trainers.mobile_vit_trainer | Ep [019/500] T-Acc:  54.9%  V-Acc:  56.9%  V-AUROC: 0.6016  LR: 1.00e-03
2026-08-03 20:28:38,044 | [FULL    ] | INFO | full_experiments_using.model_trainers.mobile_vit_trainer |   ↳ new best AUROC; saved checkpoint: /home/oem/choihyunsu/VOGBasedMCIDetection/outputs/checkpoints/run_20260803_091231_full_wvote_artifact30_strat_4err/fold_26_best.pth
2026-08-03 20:29:06,129 | [FULL    ] | INFO | full_experiments_using.model_trainers.mobile_vit_trainer | Ep [020/500] T-Acc:  57.7%  V-Acc:  58.1%  V-AUROC: 0.6121  LR: 1.00e-03
2026-08-03 20:29:06,249 | [FULL    ] | INFO | full_experiments_using.model_trainers.mobile_vit_trainer |   ↳ new best AUROC; saved checkpoint: /home/oem/choihyunsu/VOGBasedMCIDetection/outputs/checkpoints/run_20260803_091231_full_wvote_artifact30_strat_4err/fold_26_best.pth
2026-08-03 20:29:34,857 | [FULL    ] | INFO | full_experiments_using.model_trainers.mobile_vit_trainer | Ep [021/500] T-Acc:  57.7%  V-Acc:  56.5%  V-AUROC: 0.5996  LR: 1.00e-03
2026-08-03 20:30:03,079 | [FULL    ] | INFO | full_experiments_using.model_trainers.mobile_vit_trainer | Ep [022/500] T-Acc:  57.1%  V-Acc:  56.7%  V-AUROC: 0.5956  LR: 1.00e-03
2026-08-03 20:30:31,380 | [FULL    ] | INFO | full_experiments_using.model_trainers.mobile_vit_trainer | Ep [023/500] T-Acc:  58.0%  V-Acc:  56.0%  V-AUROC: 0.5919  LR: 1.00e-03
2026-08-03 20:30:59,462 | [FULL    ] | INFO | full_experiments_using.model_trainers.mobile_vit_trainer | Ep [024/500] T-Acc:  56.7%  V-Acc:  58.1%  V-AUROC: 0.5902  LR: 1.00e-03
2026-08-03 20:31:27,843 | [FULL    ] | INFO | full_experiments_using.model_trainers.mobile_vit_trainer | Ep [025/500] T-Acc:  59.3%  V-Acc:  57.6%  V-AUROC: 0.5970  LR: 1.00e-03
2026-08-03 20:31:56,010 | [FULL    ] | INFO | full_experiments_using.model_trainers.mobile_vit_trainer | Ep [026/500] T-Acc:  59.0%  V-Acc:  59.4%  V-AUROC: 0.6126  LR: 1.00e-03
2026-08-03 20:31:56,148 | [FULL    ] | INFO | full_experiments_using.model_trainers.mobile_vit_trainer |   ↳ new best AUROC; saved checkpoint: /home/oem/choihyunsu/VOGBasedMCIDetection/outputs/checkpoints/run_20260803_091231_full_wvote_artifact30_strat_4err/fold_26_best.pth
2026-08-03 20:32:24,313 | [FULL    ] | INFO | full_experiments_using.model_trainers.mobile_vit_trainer | Ep [027/500] T-Acc:  58.8%  V-Acc:  57.0%  V-AUROC: 0.5915  LR: 1.00e-03
2026-08-03 20:32:52,490 | [FULL    ] | INFO | full_experiments_using.model_trainers.mobile_vit_trainer | Ep [028/500] T-Acc:  59.4%  V-Acc:  58.0%  V-AUROC: 0.6058  LR: 1.00e-03
2026-08-03 20:33:18,729 | [FULL    ] | INFO | full_experiments_using.model_trainers.mobile_vit_trainer | Ep [029/500] T-Acc:  58.9%  V-Acc:  57.7%  V-AUROC: 0.6099  LR: 1.00e-03
2026-08-03 20:33:44,639 | [FULL    ] | INFO | full_experiments_using.model_trainers.mobile_vit_trainer | Ep [030/500] T-Acc:  58.3%  V-Acc:  57.7%  V-AUROC: 0.6103  LR: 1.00e-03
2026-08-03 20:34:12,722 | [FULL    ] | INFO | full_experiments_using.model_trainers.mobile_vit_trainer | Ep [031/500] T-Acc:  58.6%  V-Acc:  59.7%  V-AUROC: 0.6177  LR: 1.00e-03
2026-08-03 20:34:13,017 | [FULL    ] | INFO | full_experiments_using.model_trainers.mobile_vit_trainer |   ↳ new best AUROC; saved checkpoint: /home/oem/choihyunsu/VOGBasedMCIDetection/outputs/checkpoints/run_20260803_091231_full_wvote_artifact30_strat_4err/fold_26_best.pth
2026-08-03 20:34:41,239 | [FULL    ] | INFO | full_experiments_using.model_trainers.mobile_vit_trainer | Ep [032/500] T-Acc:  59.4%  V-Acc:  58.7%  V-AUROC: 0.6183  LR: 1.00e-03
2026-08-03 20:34:41,399 | [FULL    ] | INFO | full_experiments_using.model_trainers.mobile_vit_trainer |   ↳ new best AUROC; saved checkpoint: /home/oem/choihyunsu/VOGBasedMCIDetection/outputs/checkpoints/run_20260803_091231_full_wvote_artifact30_strat_4err/fold_26_best.pth
2026-08-03 20:35:09,527 | [FULL    ] | INFO | full_experiments_using.model_trainers.mobile_vit_trainer | Ep [033/500] T-Acc:  60.2%  V-Acc:  58.7%  V-AUROC: 0.6134  LR: 1.00e-03
2026-08-03 20:35:37,854 | [FULL    ] | INFO | full_experiments_using.model_trainers.mobile_vit_trainer | Ep [034/500] T-Acc:  59.6%  V-Acc:  57.9%  V-AUROC: 0.6114  LR: 1.00e-03
2026-08-03 20:36:05,820 | [FULL    ] | INFO | full_experiments_using.model_trainers.mobile_vit_trainer | Ep [035/500] T-Acc:  59.1%  V-Acc:  57.6%  V-AUROC: 0.6033  LR: 1.00e-03
2026-08-03 20:36:32,289 | [FULL    ] | INFO | full_experiments_using.model_trainers.mobile_vit_trainer | Ep [036/500] T-Acc:  58.7%  V-Acc:  57.7%  V-AUROC: 0.5989  LR: 1.00e-03
2026-08-03 20:36:57,814 | [FULL    ] | INFO | full_experiments_using.model_trainers.mobile_vit_trainer | Ep [037/500] T-Acc:  59.6%  V-Acc:  58.2%  V-AUROC: 0.6025  LR: 1.00e-03
2026-08-03 20:37:26,193 | [FULL    ] | INFO | full_experiments_using.model_trainers.mobile_vit_trainer | Ep [038/500] T-Acc:  59.9%  V-Acc:  57.8%  V-AUROC: 0.6116  LR: 1.00e-03
2026-08-03 20:37:54,540 | [FULL    ] | INFO | full_experiments_using.model_trainers.mobile_vit_trainer | Ep [039/500] T-Acc:  59.8%  V-Acc:  58.6%  V-AUROC: 0.6151  LR: 1.00e-03
2026-08-03 20:38:22,589 | [FULL    ] | INFO | full_experiments_using.model_trainers.mobile_vit_trainer | Ep [040/500] T-Acc:  60.4%  V-Acc:  57.9%  V-AUROC: 0.6162  LR: 1.00e-03
2026-08-03 20:38:50,873 | [FULL    ] | INFO | full_experiments_using.model_trainers.mobile_vit_trainer | Ep [041/500] T-Acc:  59.3%  V-Acc:  58.4%  V-AUROC: 0.6181  LR: 1.00e-03
2026-08-03 20:39:18,876 | [FULL    ] | INFO | full_experiments_using.model_trainers.mobile_vit_trainer | Ep [042/500] T-Acc:  61.3%  V-Acc:  59.8%  V-AUROC: 0.6240  LR: 1.00e-03
2026-08-03 20:39:19,068 | [FULL    ] | INFO | full_experiments_using.model_trainers.mobile_vit_trainer |   ↳ new best AUROC; saved checkpoint: /home/oem/choihyunsu/VOGBasedMCIDetection/outputs/checkpoints/run_20260803_091231_full_wvote_artifact30_strat_4err/fold_26_best.pth
2026-08-03 20:39:47,593 | [FULL    ] | INFO | full_experiments_using.model_trainers.mobile_vit_trainer | Ep [043/500] T-Acc:  61.3%  V-Acc:  58.1%  V-AUROC: 0.6177  LR: 1.00e-03
2026-08-03 20:40:15,649 | [FULL    ] | INFO | full_experiments_using.model_trainers.mobile_vit_trainer | Ep [044/500] T-Acc:  61.2%  V-Acc:  58.7%  V-AUROC: 0.6079  LR: 1.00e-03
2026-08-03 20:40:43,741 | [FULL    ] | INFO | full_experiments_using.model_trainers.mobile_vit_trainer | Ep [045/500] T-Acc:  60.9%  V-Acc:  60.0%  V-AUROC: 0.6278  LR: 1.00e-03
2026-08-03 20:40:43,891 | [FULL    ] | INFO | full_experiments_using.model_trainers.mobile_vit_trainer |   ↳ new best AUROC; saved checkpoint: /home/oem/choihyunsu/VOGBasedMCIDetection/outputs/checkpoints/run_20260803_091231_full_wvote_artifact30_strat_4err/fold_26_best.pth
2026-08-03 20:41:11,087 | [FULL    ] | INFO | full_experiments_using.model_trainers.mobile_vit_trainer | Ep [046/500] T-Acc:  60.1%  V-Acc:  58.5%  V-AUROC: 0.6110  LR: 1.00e-03
2026-08-03 20:41:38,712 | [FULL    ] | INFO | full_experiments_using.model_trainers.mobile_vit_trainer | Ep [047/500] T-Acc:  60.8%  V-Acc:  58.5%  V-AUROC: 0.6143  LR: 1.00e-03
2026-08-03 20:42:04,588 | [FULL    ] | INFO | full_experiments_using.model_trainers.mobile_vit_trainer | Ep [048/500] T-Acc:  61.3%  V-Acc:  58.5%  V-AUROC: 0.6204  LR: 1.00e-03
2026-08-03 20:42:32,873 | [FULL    ] | INFO | full_experiments_using.model_trainers.mobile_vit_trainer | Ep [049/500] T-Acc:  60.1%  V-Acc:  59.7%  V-AUROC: 0.6277  LR: 1.00e-03
2026-08-03 20:43:01,011 | [FULL    ] | INFO | full_experiments_using.model_trainers.mobile_vit_trainer | Ep [050/500] T-Acc:  60.6%  V-Acc:  58.2%  V-AUROC: 0.6174  LR: 1.00e-03
2026-08-03 20:43:29,247 | [FULL    ] | INFO | full_experiments_using.model_trainers.mobile_vit_trainer | Ep [051/500] T-Acc:  61.5%  V-Acc:  59.2%  V-AUROC: 0.6252  LR: 1.00e-03
2026-08-03 20:43:57,362 | [FULL    ] | INFO | full_experiments_using.model_trainers.mobile_vit_trainer | Ep [052/500] T-Acc:  61.2%  V-Acc:  58.6%  V-AUROC: 0.6282  LR: 1.00e-03
2026-08-03 20:43:57,528 | [FULL    ] | INFO | full_experiments_using.model_trainers.mobile_vit_trainer |   ↳ new best AUROC; saved checkpoint: /home/oem/choihyunsu/VOGBasedMCIDetection/outputs/checkpoints/run_20260803_091231_full_wvote_artifact30_strat_4err/fold_26_best.pth
2026-08-03 20:44:25,585 | [FULL    ] | INFO | full_experiments_using.model_trainers.mobile_vit_trainer | Ep [053/500] T-Acc:  60.4%  V-Acc:  59.9%  V-AUROC: 0.6330  LR: 1.00e-03
2026-08-03 20:44:25,755 | [FULL    ] | INFO | full_experiments_using.model_trainers.mobile_vit_trainer |   ↳ new best AUROC; saved checkpoint: /home/oem/choihyunsu/VOGBasedMCIDetection/outputs/checkpoints/run_20260803_091231_full_wvote_artifact30_strat_4err/fold_26_best.pth
2026-08-03 20:44:53,929 | [FULL    ] | INFO | full_experiments_using.model_trainers.mobile_vit_trainer | Ep [054/500] T-Acc:  60.9%  V-Acc:  58.1%  V-AUROC: 0.6149  LR: 1.00e-03
2026-08-03 20:45:22,053 | [FULL    ] | INFO | full_experiments_using.model_trainers.mobile_vit_trainer | Ep [055/500] T-Acc:  62.2%  V-Acc:  58.4%  V-AUROC: 0.6187  LR: 1.00e-03
2026-08-03 20:45:50,152 | [FULL    ] | INFO | full_experiments_using.model_trainers.mobile_vit_trainer | Ep [056/500] T-Acc:  60.9%  V-Acc:  59.8%  V-AUROC: 0.6301  LR: 1.00e-03
2026-08-03 20:46:18,444 | [FULL    ] | INFO | full_experiments_using.model_trainers.mobile_vit_trainer | Ep [057/500] T-Acc:  61.3%  V-Acc:  59.2%  V-AUROC: 0.6261  LR: 1.00e-03
2026-08-03 20:46:46,820 | [FULL    ] | INFO | full_experiments_using.model_trainers.mobile_vit_trainer | Ep [058/500] T-Acc:  62.1%  V-Acc:  58.5%  V-AUROC: 0.6256  LR: 1.00e-03
2026-08-03 20:47:14,728 | [FULL    ] | INFO | full_experiments_using.model_trainers.mobile_vit_trainer | Ep [059/500] T-Acc:  60.8%  V-Acc:  59.3%  V-AUROC: 0.6072  LR: 1.00e-03
2026-08-03 20:47:42,862 | [FULL    ] | INFO | full_experiments_using.model_trainers.mobile_vit_trainer | Ep [060/500] T-Acc:  61.7%  V-Acc:  59.5%  V-AUROC: 0.6229  LR: 1.00e-03
2026-08-03 20:48:10,969 | [FULL    ] | INFO | full_experiments_using.model_trainers.mobile_vit_trainer | Ep [061/500] T-Acc:  60.9%  V-Acc:  59.2%  V-AUROC: 0.6302  LR: 1.00e-03
2026-08-03 20:48:39,247 | [FULL    ] | INFO | full_experiments_using.model_trainers.mobile_vit_trainer | Ep [062/500] T-Acc:  61.1%  V-Acc:  58.4%  V-AUROC: 0.6272  LR: 1.00e-03
2026-08-03 20:49:07,320 | [FULL    ] | INFO | full_experiments_using.model_trainers.mobile_vit_trainer | Ep [063/500] T-Acc:  62.3%  V-Acc:  59.1%  V-AUROC: 0.6237  LR: 1.00e-03
2026-08-03 20:49:35,480 | [FULL    ] | INFO | full_experiments_using.model_trainers.mobile_vit_trainer | Ep [064/500] T-Acc:  62.4%  V-Acc:  58.1%  V-AUROC: 0.6112  LR: 1.00e-03
2026-08-03 20:50:03,704 | [FULL    ] | INFO | full_experiments_using.model_trainers.mobile_vit_trainer | Ep [065/500] T-Acc:  61.6%  V-Acc:  58.1%  V-AUROC: 0.6169  LR: 2.00e-04
2026-08-03 20:50:31,891 | [FULL    ] | INFO | full_experiments_using.model_trainers.mobile_vit_trainer | Ep [066/500] T-Acc:  61.8%  V-Acc:  58.2%  V-AUROC: 0.6169  LR: 2.00e-04
2026-08-03 20:51:00,063 | [FULL    ] | INFO | full_experiments_using.model_trainers.mobile_vit_trainer | Ep [067/500] T-Acc:  62.0%  V-Acc:  58.5%  V-AUROC: 0.6212  LR: 2.00e-04
2026-08-03 20:51:28,416 | [FULL    ] | INFO | full_experiments_using.model_trainers.mobile_vit_trainer | Ep [068/500] T-Acc:  62.6%  V-Acc:  59.0%  V-AUROC: 0.6211  LR: 2.00e-04
2026-08-03 20:51:56,656 | [FULL    ] | INFO | full_experiments_using.model_trainers.mobile_vit_trainer | Ep [069/500] T-Acc:  61.7%  V-Acc:  58.8%  V-AUROC: 0.6217  LR: 2.00e-04
2026-08-03 20:52:24,748 | [FULL    ] | INFO | full_experiments_using.model_trainers.mobile_vit_trainer | Ep [070/500] T-Acc:  61.9%  V-Acc:  59.1%  V-AUROC: 0.6207  LR: 2.00e-04
2026-08-03 20:52:52,631 | [FULL    ] | INFO | full_experiments_using.model_trainers.mobile_vit_trainer | Ep [071/500] T-Acc:  63.3%  V-Acc:  58.4%  V-AUROC: 0.6218  LR: 2.00e-04
2026-08-03 20:53:20,854 | [FULL    ] | INFO | full_experiments_using.model_trainers.mobile_vit_trainer | Ep [072/500] T-Acc:  62.8%  V-Acc:  59.4%  V-AUROC: 0.6248  LR: 2.00e-04
2026-08-03 20:53:48,983 | [FULL    ] | INFO | full_experiments_using.model_trainers.mobile_vit_trainer | Ep [073/500] T-Acc:  62.3%  V-Acc:  59.7%  V-AUROC: 0.6269  LR: 2.00e-04
2026-08-03 20:54:17,358 | [FULL    ] | INFO | full_experiments_using.model_trainers.mobile_vit_trainer | Ep [074/500] T-Acc:  61.5%  V-Acc:  58.7%  V-AUROC: 0.6220  LR: 2.00e-04
2026-08-03 20:54:45,356 | [FULL    ] | INFO | full_experiments_using.model_trainers.mobile_vit_trainer | Ep [075/500] T-Acc:  62.8%  V-Acc:  58.7%  V-AUROC: 0.6173  LR: 2.00e-04
2026-08-03 20:55:13,543 | [FULL    ] | INFO | full_experiments_using.model_trainers.mobile_vit_trainer | Ep [076/500] T-Acc:  63.0%  V-Acc:  58.4%  V-AUROC: 0.6213  LR: 4.00e-05
2026-08-03 20:55:41,713 | [FULL    ] | INFO | full_experiments_using.model_trainers.mobile_vit_trainer | Ep [077/500] T-Acc:  62.5%  V-Acc:  58.6%  V-AUROC: 0.6209  LR: 4.00e-05
2026-08-03 20:56:08,033 | [FULL    ] | INFO | full_experiments_using.model_trainers.mobile_vit_trainer | Ep [078/500] T-Acc:  61.8%  V-Acc:  58.7%  V-AUROC: 0.6203  LR: 4.00e-05
2026-08-03 20:56:36,174 | [FULL    ] | INFO | full_experiments_using.model_trainers.mobile_vit_trainer | Ep [079/500] T-Acc:  62.6%  V-Acc:  58.6%  V-AUROC: 0.6199  LR: 4.00e-05
2026-08-03 20:57:04,309 | [FULL    ] | INFO | full_experiments_using.model_trainers.mobile_vit_trainer | Ep [080/500] T-Acc:  62.7%  V-Acc:  59.1%  V-AUROC: 0.6225  LR: 4.00e-05
2026-08-03 20:57:32,597 | [FULL    ] | INFO | full_experiments_using.model_trainers.mobile_vit_trainer | Ep [081/500] T-Acc:  62.4%  V-Acc:  59.0%  V-AUROC: 0.6204  LR: 4.00e-05
2026-08-03 20:58:00,675 | [FULL    ] | INFO | full_experiments_using.model_trainers.mobile_vit_trainer | Ep [082/500] T-Acc:  63.2%  V-Acc:  58.6%  V-AUROC: 0.6212  LR: 4.00e-05
2026-08-03 20:58:28,935 | [FULL    ] | INFO | full_experiments_using.model_trainers.mobile_vit_trainer | Ep [083/500] T-Acc:  62.6%  V-Acc:  58.8%  V-AUROC: 0.6222  LR: 4.00e-05
2026-08-03 20:58:28,936 | [FULL    ] | INFO | full_experiments_using.model_trainers.mobile_vit_trainer | Early stop — best AUROC 0.6330 at epoch 53 (no improvement for 30 epochs)
2026-08-03 20:58:28,936 | [FULL    ] | INFO | full_experiments_using.model_trainers.mobile_vit_trainer | Done. Best AUROC: 0.6330 (epoch 53) → /home/oem/choihyunsu/VOGBasedMCIDetection/outputs/checkpoints/run_20260803_091231_full_wvote_artifact30_strat_4err/fold_26_best.pth
2026-08-03 20:58:34,807 | [FULL    ] | INFO | full_experiments_using.evaluators.monte_carlo_evaluator | -> Fold 27 Result | Acc=0.636 Sens=0.500 Spec=1.000 AUROC=1.000
2026-08-03 20:58:34,814 | [FULL    ] | INFO | full_experiments_using.evaluators.monte_carlo_evaluator | === Fold 28/30 | train: 25 subj (HC=10 MCI=15) / 3886 win | test: 12 subj (HC=4 MCI=8) / 1829 win ===
2026-08-03 20:58:35,108 | [FULL    ] | INFO | httpx | HTTP Request: HEAD https://huggingface.co/apple/mobilevit-small/resolve/main/config.json "HTTP/1.1 307 Temporary Redirect"
2026-08-03 20:58:35,132 | [FULL    ] | INFO | httpx | HTTP Request: HEAD https://huggingface.co/api/resolve-cache/models/apple/mobilevit-small/6c8612545dc98676d27bc518fa521d9e9af23e34/config.json "HTTP/1.1 200 OK"
2026-08-03 20:58:35,420 | [FULL    ] | INFO | httpx | HTTP Request: HEAD https://huggingface.co/apple/mobilevit-small/resolve/main/model.safetensors "HTTP/1.1 404 Not Found"
2026-08-03 20:58:35,636 | [FULL    ] | INFO | httpx | HTTP Request: HEAD https://huggingface.co/apple/mobilevit-small/resolve/main/model.safetensors.index.json "HTTP/1.1 404 Not Found"
2026-08-03 20:58:35,944 | [FULL    ] | INFO | httpx | HTTP Request: HEAD https://huggingface.co/apple/mobilevit-small/resolve/main/pytorch_model.bin "HTTP/1.1 302 Found"
2026-08-03 20:58:36,163 | [FULL    ] | INFO | httpx | HTTP Request: HEAD https://huggingface.co/apple/mobilevit-small/resolve/main/model.safetensors "HTTP/1.1 404 Not Found"
2026-08-03 20:58:36,386 | [FULL    ] | INFO | httpx | HTTP Request: GET https://huggingface.co/api/models/apple/mobilevit-small "HTTP/1.1 200 OK"
2026-08-03 20:58:36,650 | [FULL    ] | INFO | httpx | HTTP Request: GET https://huggingface.co/api/models/apple/mobilevit-small/commits/main "HTTP/1.1 200 OK"
2026-08-03 20:58:36,878 | [FULL    ] | INFO | httpx | HTTP Request: GET https://huggingface.co/api/models/apple/mobilevit-small/discussions?p=0 "HTTP/1.1 200 OK"
2026-08-03 20:58:37,119 | [FULL    ] | INFO | httpx | HTTP Request: GET https://huggingface.co/api/models/apple/mobilevit-small/commits/refs%2Fpr%2F6 "HTTP/1.1 200 OK"
2026-08-03 20:58:37,338 | [FULL    ] | INFO | httpx | HTTP Request: HEAD https://huggingface.co/apple/mobilevit-small/resolve/refs%2Fpr%2F6/model.safetensors.index.json "HTTP/1.1 404 Not Found"
2026-08-03 20:58:37,559 | [FULL    ] | INFO | httpx | HTTP Request: HEAD https://huggingface.co/apple/mobilevit-small/resolve/refs%2Fpr%2F6/model.safetensors "HTTP/1.1 302 Found"
2026-08-03 20:58:38,258 | [FULL    ] | INFO | full_experiments_using.model_trainers.mobile_vit_trainer | Device: cuda | max_epochs=500 | batch=32 | eval_batch=256 | es_patience=30
2026-08-03 20:58:38,273 | [FULL    ] | INFO | full_experiments_using.model_trainers.mobile_vit_trainer | CE weights — HC: 1.095  MCI: 0.920
2026-08-03 20:59:16,267 | [FULL    ] | INFO | full_experiments_using.model_trainers.mobile_vit_trainer | Ep [001/500] T-Acc:  50.0%  V-Acc:  50.2%  V-AUROC: 0.4612  LR: 2.00e-04
2026-08-03 20:59:16,328 | [FULL    ] | INFO | full_experiments_using.model_trainers.mobile_vit_trainer |   ↳ new best AUROC; saved checkpoint: /home/oem/choihyunsu/VOGBasedMCIDetection/outputs/checkpoints/run_20260803_091231_full_wvote_artifact30_strat_4err/fold_27_best.pth
2026-08-03 20:59:44,632 | [FULL    ] | INFO | full_experiments_using.model_trainers.mobile_vit_trainer | Ep [002/500] T-Acc:  51.2%  V-Acc:  51.4%  V-AUROC: 0.4680  LR: 4.00e-04
2026-08-03 20:59:44,793 | [FULL    ] | INFO | full_experiments_using.model_trainers.mobile_vit_trainer |   ↳ new best AUROC; saved checkpoint: /home/oem/choihyunsu/VOGBasedMCIDetection/outputs/checkpoints/run_20260803_091231_full_wvote_artifact30_strat_4err/fold_27_best.pth
2026-08-03 21:00:13,128 | [FULL    ] | INFO | full_experiments_using.model_trainers.mobile_vit_trainer | Ep [003/500] T-Acc:  52.2%  V-Acc:  50.4%  V-AUROC: 0.4862  LR: 6.00e-04
2026-08-03 21:00:13,309 | [FULL    ] | INFO | full_experiments_using.model_trainers.mobile_vit_trainer |   ↳ new best AUROC; saved checkpoint: /home/oem/choihyunsu/VOGBasedMCIDetection/outputs/checkpoints/run_20260803_091231_full_wvote_artifact30_strat_4err/fold_27_best.pth
2026-08-03 21:00:41,727 | [FULL    ] | INFO | full_experiments_using.model_trainers.mobile_vit_trainer | Ep [004/500] T-Acc:  51.0%  V-Acc:  51.4%  V-AUROC: 0.5055  LR: 8.00e-04
2026-08-03 21:00:41,850 | [FULL    ] | INFO | full_experiments_using.model_trainers.mobile_vit_trainer |   ↳ new best AUROC; saved checkpoint: /home/oem/choihyunsu/VOGBasedMCIDetection/outputs/checkpoints/run_20260803_091231_full_wvote_artifact30_strat_4err/fold_27_best.pth
2026-08-03 21:01:10,176 | [FULL    ] | INFO | full_experiments_using.model_trainers.mobile_vit_trainer | Ep [005/500] T-Acc:  52.4%  V-Acc:  52.4%  V-AUROC: 0.5283  LR: 1.00e-03
2026-08-03 21:01:10,314 | [FULL    ] | INFO | full_experiments_using.model_trainers.mobile_vit_trainer |   ↳ new best AUROC; saved checkpoint: /home/oem/choihyunsu/VOGBasedMCIDetection/outputs/checkpoints/run_20260803_091231_full_wvote_artifact30_strat_4err/fold_27_best.pth
2026-08-03 21:01:38,658 | [FULL    ] | INFO | full_experiments_using.model_trainers.mobile_vit_trainer | Ep [006/500] T-Acc:  51.6%  V-Acc:  52.3%  V-AUROC: 0.5516  LR: 1.00e-03
2026-08-03 21:01:38,815 | [FULL    ] | INFO | full_experiments_using.model_trainers.mobile_vit_trainer |   ↳ new best AUROC; saved checkpoint: /home/oem/choihyunsu/VOGBasedMCIDetection/outputs/checkpoints/run_20260803_091231_full_wvote_artifact30_strat_4err/fold_27_best.pth
2026-08-03 21:02:05,449 | [FULL    ] | INFO | full_experiments_using.model_trainers.mobile_vit_trainer | Ep [007/500] T-Acc:  53.5%  V-Acc:  55.0%  V-AUROC: 0.5852  LR: 1.00e-03
2026-08-03 21:02:05,636 | [FULL    ] | INFO | full_experiments_using.model_trainers.mobile_vit_trainer |   ↳ new best AUROC; saved checkpoint: /home/oem/choihyunsu/VOGBasedMCIDetection/outputs/checkpoints/run_20260803_091231_full_wvote_artifact30_strat_4err/fold_27_best.pth
2026-08-03 21:02:34,014 | [FULL    ] | INFO | full_experiments_using.model_trainers.mobile_vit_trainer | Ep [008/500] T-Acc:  52.6%  V-Acc:  56.3%  V-AUROC: 0.5900  LR: 1.00e-03
2026-08-03 21:02:34,203 | [FULL    ] | INFO | full_experiments_using.model_trainers.mobile_vit_trainer |   ↳ new best AUROC; saved checkpoint: /home/oem/choihyunsu/VOGBasedMCIDetection/outputs/checkpoints/run_20260803_091231_full_wvote_artifact30_strat_4err/fold_27_best.pth
2026-08-03 21:03:02,437 | [FULL    ] | INFO | full_experiments_using.model_trainers.mobile_vit_trainer | Ep [009/500] T-Acc:  54.6%  V-Acc:  55.1%  V-AUROC: 0.6015  LR: 1.00e-03
2026-08-03 21:03:02,555 | [FULL    ] | INFO | full_experiments_using.model_trainers.mobile_vit_trainer |   ↳ new best AUROC; saved checkpoint: /home/oem/choihyunsu/VOGBasedMCIDetection/outputs/checkpoints/run_20260803_091231_full_wvote_artifact30_strat_4err/fold_27_best.pth
2026-08-03 21:03:31,016 | [FULL    ] | INFO | full_experiments_using.model_trainers.mobile_vit_trainer | Ep [010/500] T-Acc:  53.7%  V-Acc:  57.7%  V-AUROC: 0.6208  LR: 1.00e-03
2026-08-03 21:03:31,148 | [FULL    ] | INFO | full_experiments_using.model_trainers.mobile_vit_trainer |   ↳ new best AUROC; saved checkpoint: /home/oem/choihyunsu/VOGBasedMCIDetection/outputs/checkpoints/run_20260803_091231_full_wvote_artifact30_strat_4err/fold_27_best.pth
2026-08-03 21:03:59,374 | [FULL    ] | INFO | full_experiments_using.model_trainers.mobile_vit_trainer | Ep [011/500] T-Acc:  55.2%  V-Acc:  57.3%  V-AUROC: 0.6241  LR: 1.00e-03
2026-08-03 21:03:59,533 | [FULL    ] | INFO | full_experiments_using.model_trainers.mobile_vit_trainer |   ↳ new best AUROC; saved checkpoint: /home/oem/choihyunsu/VOGBasedMCIDetection/outputs/checkpoints/run_20260803_091231_full_wvote_artifact30_strat_4err/fold_27_best.pth
2026-08-03 21:04:27,675 | [FULL    ] | INFO | full_experiments_using.model_trainers.mobile_vit_trainer | Ep [012/500] T-Acc:  54.2%  V-Acc:  57.9%  V-AUROC: 0.6383  LR: 1.00e-03
2026-08-03 21:04:27,869 | [FULL    ] | INFO | full_experiments_using.model_trainers.mobile_vit_trainer |   ↳ new best AUROC; saved checkpoint: /home/oem/choihyunsu/VOGBasedMCIDetection/outputs/checkpoints/run_20260803_091231_full_wvote_artifact30_strat_4err/fold_27_best.pth
2026-08-03 21:04:56,398 | [FULL    ] | INFO | full_experiments_using.model_trainers.mobile_vit_trainer | Ep [013/500] T-Acc:  54.8%  V-Acc:  58.2%  V-AUROC: 0.6380  LR: 1.00e-03
2026-08-03 21:05:24,815 | [FULL    ] | INFO | full_experiments_using.model_trainers.mobile_vit_trainer | Ep [014/500] T-Acc:  55.3%  V-Acc:  57.0%  V-AUROC: 0.6384  LR: 1.00e-03
2026-08-03 21:05:24,998 | [FULL    ] | INFO | full_experiments_using.model_trainers.mobile_vit_trainer |   ↳ new best AUROC; saved checkpoint: /home/oem/choihyunsu/VOGBasedMCIDetection/outputs/checkpoints/run_20260803_091231_full_wvote_artifact30_strat_4err/fold_27_best.pth
2026-08-03 21:05:53,389 | [FULL    ] | INFO | full_experiments_using.model_trainers.mobile_vit_trainer | Ep [015/500] T-Acc:  55.7%  V-Acc:  59.7%  V-AUROC: 0.6458  LR: 1.00e-03
2026-08-03 21:05:53,536 | [FULL    ] | INFO | full_experiments_using.model_trainers.mobile_vit_trainer |   ↳ new best AUROC; saved checkpoint: /home/oem/choihyunsu/VOGBasedMCIDetection/outputs/checkpoints/run_20260803_091231_full_wvote_artifact30_strat_4err/fold_27_best.pth
2026-08-03 21:06:22,118 | [FULL    ] | INFO | full_experiments_using.model_trainers.mobile_vit_trainer | Ep [016/500] T-Acc:  56.4%  V-Acc:  58.1%  V-AUROC: 0.6422  LR: 1.00e-03
2026-08-03 21:06:50,298 | [FULL    ] | INFO | full_experiments_using.model_trainers.mobile_vit_trainer | Ep [017/500] T-Acc:  57.4%  V-Acc:  58.3%  V-AUROC: 0.6488  LR: 1.00e-03
2026-08-03 21:06:50,449 | [FULL    ] | INFO | full_experiments_using.model_trainers.mobile_vit_trainer |   ↳ new best AUROC; saved checkpoint: /home/oem/choihyunsu/VOGBasedMCIDetection/outputs/checkpoints/run_20260803_091231_full_wvote_artifact30_strat_4err/fold_27_best.pth
2026-08-03 21:07:18,769 | [FULL    ] | INFO | full_experiments_using.model_trainers.mobile_vit_trainer | Ep [018/500] T-Acc:  55.4%  V-Acc:  58.5%  V-AUROC: 0.6465  LR: 1.00e-03
2026-08-03 21:07:47,076 | [FULL    ] | INFO | full_experiments_using.model_trainers.mobile_vit_trainer | Ep [019/500] T-Acc:  56.9%  V-Acc:  58.6%  V-AUROC: 0.6490  LR: 1.00e-03
2026-08-03 21:07:47,216 | [FULL    ] | INFO | full_experiments_using.model_trainers.mobile_vit_trainer |   ↳ new best AUROC; saved checkpoint: /home/oem/choihyunsu/VOGBasedMCIDetection/outputs/checkpoints/run_20260803_091231_full_wvote_artifact30_strat_4err/fold_27_best.pth
2026-08-03 21:08:15,483 | [FULL    ] | INFO | full_experiments_using.model_trainers.mobile_vit_trainer | Ep [020/500] T-Acc:  57.6%  V-Acc:  58.6%  V-AUROC: 0.6602  LR: 1.00e-03
2026-08-03 21:08:15,628 | [FULL    ] | INFO | full_experiments_using.model_trainers.mobile_vit_trainer |   ↳ new best AUROC; saved checkpoint: /home/oem/choihyunsu/VOGBasedMCIDetection/outputs/checkpoints/run_20260803_091231_full_wvote_artifact30_strat_4err/fold_27_best.pth
2026-08-03 21:08:44,085 | [FULL    ] | INFO | full_experiments_using.model_trainers.mobile_vit_trainer | Ep [021/500] T-Acc:  57.0%  V-Acc:  58.1%  V-AUROC: 0.6501  LR: 1.00e-03
2026-08-03 21:09:12,548 | [FULL    ] | INFO | full_experiments_using.model_trainers.mobile_vit_trainer | Ep [022/500] T-Acc:  58.2%  V-Acc:  57.1%  V-AUROC: 0.6413  LR: 1.00e-03
2026-08-03 21:09:40,859 | [FULL    ] | INFO | full_experiments_using.model_trainers.mobile_vit_trainer | Ep [023/500] T-Acc:  56.8%  V-Acc:  57.7%  V-AUROC: 0.6480  LR: 1.00e-03
2026-08-03 21:10:06,928 | [FULL    ] | INFO | full_experiments_using.model_trainers.mobile_vit_trainer | Ep [024/500] T-Acc:  57.3%  V-Acc:  59.3%  V-AUROC: 0.6445  LR: 1.00e-03
2026-08-03 21:10:35,286 | [FULL    ] | INFO | full_experiments_using.model_trainers.mobile_vit_trainer | Ep [025/500] T-Acc:  57.8%  V-Acc:  56.9%  V-AUROC: 0.6487  LR: 1.00e-03
2026-08-03 21:11:03,694 | [FULL    ] | INFO | full_experiments_using.model_trainers.mobile_vit_trainer | Ep [026/500] T-Acc:  56.6%  V-Acc:  58.2%  V-AUROC: 0.6494  LR: 1.00e-03
2026-08-03 21:11:31,958 | [FULL    ] | INFO | full_experiments_using.model_trainers.mobile_vit_trainer | Ep [027/500] T-Acc:  57.8%  V-Acc:  58.4%  V-AUROC: 0.6495  LR: 1.00e-03
2026-08-03 21:11:59,979 | [FULL    ] | INFO | full_experiments_using.model_trainers.mobile_vit_trainer | Ep [028/500] T-Acc:  58.3%  V-Acc:  58.8%  V-AUROC: 0.6550  LR: 1.00e-03
2026-08-03 21:12:28,155 | [FULL    ] | INFO | full_experiments_using.model_trainers.mobile_vit_trainer | Ep [029/500] T-Acc:  57.7%  V-Acc:  58.9%  V-AUROC: 0.6624  LR: 1.00e-03
2026-08-03 21:12:28,336 | [FULL    ] | INFO | full_experiments_using.model_trainers.mobile_vit_trainer |   ↳ new best AUROC; saved checkpoint: /home/oem/choihyunsu/VOGBasedMCIDetection/outputs/checkpoints/run_20260803_091231_full_wvote_artifact30_strat_4err/fold_27_best.pth
2026-08-03 21:12:57,103 | [FULL    ] | INFO | full_experiments_using.model_trainers.mobile_vit_trainer | Ep [030/500] T-Acc:  58.4%  V-Acc:  58.7%  V-AUROC: 0.6568  LR: 1.00e-03
2026-08-03 21:13:25,547 | [FULL    ] | INFO | full_experiments_using.model_trainers.mobile_vit_trainer | Ep [031/500] T-Acc:  57.6%  V-Acc:  58.5%  V-AUROC: 0.6543  LR: 1.00e-03
2026-08-03 21:13:53,850 | [FULL    ] | INFO | full_experiments_using.model_trainers.mobile_vit_trainer | Ep [032/500] T-Acc:  58.3%  V-Acc:  58.4%  V-AUROC: 0.6575  LR: 1.00e-03
2026-08-03 21:14:21,990 | [FULL    ] | INFO | full_experiments_using.model_trainers.mobile_vit_trainer | Ep [033/500] T-Acc:  59.0%  V-Acc:  59.0%  V-AUROC: 0.6621  LR: 1.00e-03
2026-08-03 21:14:50,076 | [FULL    ] | INFO | full_experiments_using.model_trainers.mobile_vit_trainer | Ep [034/500] T-Acc:  60.0%  V-Acc:  58.6%  V-AUROC: 0.6646  LR: 1.00e-03
2026-08-03 21:14:50,223 | [FULL    ] | INFO | full_experiments_using.model_trainers.mobile_vit_trainer |   ↳ new best AUROC; saved checkpoint: /home/oem/choihyunsu/VOGBasedMCIDetection/outputs/checkpoints/run_20260803_091231_full_wvote_artifact30_strat_4err/fold_27_best.pth
2026-08-03 21:15:18,363 | [FULL    ] | INFO | full_experiments_using.model_trainers.mobile_vit_trainer | Ep [035/500] T-Acc:  58.3%  V-Acc:  58.2%  V-AUROC: 0.6571  LR: 1.00e-03
2026-08-03 21:15:46,433 | [FULL    ] | INFO | full_experiments_using.model_trainers.mobile_vit_trainer | Ep [036/500] T-Acc:  59.7%  V-Acc:  59.2%  V-AUROC: 0.6653  LR: 1.00e-03
2026-08-03 21:15:46,621 | [FULL    ] | INFO | full_experiments_using.model_trainers.mobile_vit_trainer |   ↳ new best AUROC; saved checkpoint: /home/oem/choihyunsu/VOGBasedMCIDetection/outputs/checkpoints/run_20260803_091231_full_wvote_artifact30_strat_4err/fold_27_best.pth
2026-08-03 21:16:14,840 | [FULL    ] | INFO | full_experiments_using.model_trainers.mobile_vit_trainer | Ep [037/500] T-Acc:  60.3%  V-Acc:  59.5%  V-AUROC: 0.6615  LR: 1.00e-03
2026-08-03 21:16:43,024 | [FULL    ] | INFO | full_experiments_using.model_trainers.mobile_vit_trainer | Ep [038/500] T-Acc:  59.3%  V-Acc:  58.1%  V-AUROC: 0.6530  LR: 1.00e-03
2026-08-03 21:17:11,234 | [FULL    ] | INFO | full_experiments_using.model_trainers.mobile_vit_trainer | Ep [039/500] T-Acc:  60.3%  V-Acc:  59.0%  V-AUROC: 0.6605  LR: 1.00e-03
2026-08-03 21:17:39,798 | [FULL    ] | INFO | full_experiments_using.model_trainers.mobile_vit_trainer | Ep [040/500] T-Acc:  59.5%  V-Acc:  58.8%  V-AUROC: 0.6546  LR: 1.00e-03
2026-08-03 21:18:08,205 | [FULL    ] | INFO | full_experiments_using.model_trainers.mobile_vit_trainer | Ep [041/500] T-Acc:  59.9%  V-Acc:  58.1%  V-AUROC: 0.6527  LR: 1.00e-03
2026-08-03 21:18:36,700 | [FULL    ] | INFO | full_experiments_using.model_trainers.mobile_vit_trainer | Ep [042/500] T-Acc:  59.2%  V-Acc:  58.8%  V-AUROC: 0.6501  LR: 1.00e-03
2026-08-03 21:19:04,934 | [FULL    ] | INFO | full_experiments_using.model_trainers.mobile_vit_trainer | Ep [043/500] T-Acc:  58.7%  V-Acc:  58.3%  V-AUROC: 0.6550  LR: 1.00e-03
2026-08-03 21:19:33,250 | [FULL    ] | INFO | full_experiments_using.model_trainers.mobile_vit_trainer | Ep [044/500] T-Acc:  59.4%  V-Acc:  58.7%  V-AUROC: 0.6584  LR: 1.00e-03
2026-08-03 21:20:01,539 | [FULL    ] | INFO | full_experiments_using.model_trainers.mobile_vit_trainer | Ep [045/500] T-Acc:  58.5%  V-Acc:  57.5%  V-AUROC: 0.6554  LR: 1.00e-03
2026-08-03 21:20:30,016 | [FULL    ] | INFO | full_experiments_using.model_trainers.mobile_vit_trainer | Ep [046/500] T-Acc:  60.5%  V-Acc:  58.5%  V-AUROC: 0.6506  LR: 1.00e-03
2026-08-03 21:20:58,685 | [FULL    ] | INFO | full_experiments_using.model_trainers.mobile_vit_trainer | Ep [047/500] T-Acc:  59.9%  V-Acc:  58.3%  V-AUROC: 0.6552  LR: 1.00e-03
2026-08-03 21:21:27,163 | [FULL    ] | INFO | full_experiments_using.model_trainers.mobile_vit_trainer | Ep [048/500] T-Acc:  60.7%  V-Acc:  58.4%  V-AUROC: 0.6574  LR: 2.00e-04
2026-08-03 21:21:55,517 | [FULL    ] | INFO | full_experiments_using.model_trainers.mobile_vit_trainer | Ep [049/500] T-Acc:  59.8%  V-Acc:  58.3%  V-AUROC: 0.6553  LR: 2.00e-04
2026-08-03 21:22:24,010 | [FULL    ] | INFO | full_experiments_using.model_trainers.mobile_vit_trainer | Ep [050/500] T-Acc:  59.8%  V-Acc:  58.4%  V-AUROC: 0.6582  LR: 2.00e-04
2026-08-03 21:22:52,462 | [FULL    ] | INFO | full_experiments_using.model_trainers.mobile_vit_trainer | Ep [051/500] T-Acc:  59.2%  V-Acc:  58.3%  V-AUROC: 0.6543  LR: 2.00e-04
2026-08-03 21:23:20,602 | [FULL    ] | INFO | full_experiments_using.model_trainers.mobile_vit_trainer | Ep [052/500] T-Acc:  59.9%  V-Acc:  58.3%  V-AUROC: 0.6564  LR: 2.00e-04
2026-08-03 21:23:49,094 | [FULL    ] | INFO | full_experiments_using.model_trainers.mobile_vit_trainer | Ep [053/500] T-Acc:  60.1%  V-Acc:  58.2%  V-AUROC: 0.6576  LR: 2.00e-04
2026-08-03 21:24:17,529 | [FULL    ] | INFO | full_experiments_using.model_trainers.mobile_vit_trainer | Ep [054/500] T-Acc:  60.2%  V-Acc:  58.3%  V-AUROC: 0.6562  LR: 2.00e-04
2026-08-03 21:24:45,823 | [FULL    ] | INFO | full_experiments_using.model_trainers.mobile_vit_trainer | Ep [055/500] T-Acc:  60.6%  V-Acc:  58.6%  V-AUROC: 0.6578  LR: 2.00e-04
2026-08-03 21:25:14,224 | [FULL    ] | INFO | full_experiments_using.model_trainers.mobile_vit_trainer | Ep [056/500] T-Acc:  59.5%  V-Acc:  59.3%  V-AUROC: 0.6610  LR: 2.00e-04
2026-08-03 21:25:42,945 | [FULL    ] | INFO | full_experiments_using.model_trainers.mobile_vit_trainer | Ep [057/500] T-Acc:  60.0%  V-Acc:  58.9%  V-AUROC: 0.6571  LR: 2.00e-04
2026-08-03 21:26:11,357 | [FULL    ] | INFO | full_experiments_using.model_trainers.mobile_vit_trainer | Ep [058/500] T-Acc:  60.7%  V-Acc:  57.9%  V-AUROC: 0.6588  LR: 2.00e-04
2026-08-03 21:26:39,621 | [FULL    ] | INFO | full_experiments_using.model_trainers.mobile_vit_trainer | Ep [059/500] T-Acc:  60.7%  V-Acc:  59.5%  V-AUROC: 0.6602  LR: 4.00e-05
2026-08-03 21:27:07,799 | [FULL    ] | INFO | full_experiments_using.model_trainers.mobile_vit_trainer | Ep [060/500] T-Acc:  60.8%  V-Acc:  59.4%  V-AUROC: 0.6592  LR: 4.00e-05
2026-08-03 21:27:35,815 | [FULL    ] | INFO | full_experiments_using.model_trainers.mobile_vit_trainer | Ep [061/500] T-Acc:  61.6%  V-Acc:  59.3%  V-AUROC: 0.6585  LR: 4.00e-05
2026-08-03 21:28:04,110 | [FULL    ] | INFO | full_experiments_using.model_trainers.mobile_vit_trainer | Ep [062/500] T-Acc:  61.1%  V-Acc:  58.9%  V-AUROC: 0.6570  LR: 4.00e-05
2026-08-03 21:28:32,491 | [FULL    ] | INFO | full_experiments_using.model_trainers.mobile_vit_trainer | Ep [063/500] T-Acc:  60.6%  V-Acc:  59.1%  V-AUROC: 0.6598  LR: 4.00e-05
2026-08-03 21:29:00,993 | [FULL    ] | INFO | full_experiments_using.model_trainers.mobile_vit_trainer | Ep [064/500] T-Acc:  60.5%  V-Acc:  58.9%  V-AUROC: 0.6593  LR: 4.00e-05
2026-08-03 21:29:29,313 | [FULL    ] | INFO | full_experiments_using.model_trainers.mobile_vit_trainer | Ep [065/500] T-Acc:  62.0%  V-Acc:  58.7%  V-AUROC: 0.6597  LR: 4.00e-05
2026-08-03 21:29:57,953 | [FULL    ] | INFO | full_experiments_using.model_trainers.mobile_vit_trainer | Ep [066/500] T-Acc:  60.9%  V-Acc:  59.3%  V-AUROC: 0.6604  LR: 4.00e-05
2026-08-03 21:29:57,957 | [FULL    ] | INFO | full_experiments_using.model_trainers.mobile_vit_trainer | Early stop — best AUROC 0.6653 at epoch 36 (no improvement for 30 epochs)
2026-08-03 21:29:57,957 | [FULL    ] | INFO | full_experiments_using.model_trainers.mobile_vit_trainer | Done. Best AUROC: 0.6653 (epoch 36) → /home/oem/choihyunsu/VOGBasedMCIDetection/outputs/checkpoints/run_20260803_091231_full_wvote_artifact30_strat_4err/fold_27_best.pth
2026-08-03 21:30:07,197 | [FULL    ] | INFO | full_experiments_using.evaluators.monte_carlo_evaluator | -> Fold 28 Result | Acc=0.909 Sens=0.875 Spec=1.000 AUROC=1.000
2026-08-03 21:30:07,204 | [FULL    ] | INFO | full_experiments_using.evaluators.monte_carlo_evaluator | === Fold 29/30 | train: 25 subj (HC=10 MCI=15) / 3878 win | test: 12 subj (HC=4 MCI=8) / 1837 win ===
2026-08-03 21:30:07,442 | [FULL    ] | INFO | httpx | HTTP Request: HEAD https://huggingface.co/apple/mobilevit-small/resolve/main/config.json "HTTP/1.1 307 Temporary Redirect"
2026-08-03 21:30:07,453 | [FULL    ] | INFO | httpx | HTTP Request: HEAD https://huggingface.co/api/resolve-cache/models/apple/mobilevit-small/6c8612545dc98676d27bc518fa521d9e9af23e34/config.json "HTTP/1.1 200 OK"
2026-08-03 21:30:07,688 | [FULL    ] | INFO | httpx | HTTP Request: HEAD https://huggingface.co/apple/mobilevit-small/resolve/main/model.safetensors "HTTP/1.1 404 Not Found"
2026-08-03 21:30:07,893 | [FULL    ] | INFO | httpx | HTTP Request: HEAD https://huggingface.co/apple/mobilevit-small/resolve/main/model.safetensors.index.json "HTTP/1.1 404 Not Found"
2026-08-03 21:30:08,104 | [FULL    ] | INFO | httpx | HTTP Request: HEAD https://huggingface.co/apple/mobilevit-small/resolve/main/pytorch_model.bin "HTTP/1.1 302 Found"
2026-08-03 21:30:08,307 | [FULL    ] | INFO | httpx | HTTP Request: HEAD https://huggingface.co/apple/mobilevit-small/resolve/main/model.safetensors "HTTP/1.1 404 Not Found"
2026-08-03 21:30:08,517 | [FULL    ] | INFO | httpx | HTTP Request: GET https://huggingface.co/api/models/apple/mobilevit-small "HTTP/1.1 200 OK"
2026-08-03 21:30:08,780 | [FULL    ] | INFO | httpx | HTTP Request: GET https://huggingface.co/api/models/apple/mobilevit-small/commits/main "HTTP/1.1 200 OK"
2026-08-03 21:30:09,018 | [FULL    ] | INFO | httpx | HTTP Request: GET https://huggingface.co/api/models/apple/mobilevit-small/discussions?p=0 "HTTP/1.1 200 OK"
2026-08-03 21:30:09,317 | [FULL    ] | INFO | httpx | HTTP Request: GET https://huggingface.co/api/models/apple/mobilevit-small/commits/refs%2Fpr%2F6 "HTTP/1.1 200 OK"
2026-08-03 21:30:09,522 | [FULL    ] | INFO | httpx | HTTP Request: HEAD https://huggingface.co/apple/mobilevit-small/resolve/refs%2Fpr%2F6/model.safetensors.index.json "HTTP/1.1 404 Not Found"
2026-08-03 21:30:09,731 | [FULL    ] | INFO | httpx | HTTP Request: HEAD https://huggingface.co/apple/mobilevit-small/resolve/refs%2Fpr%2F6/model.safetensors "HTTP/1.1 302 Found"
2026-08-03 21:30:10,457 | [FULL    ] | INFO | full_experiments_using.model_trainers.mobile_vit_trainer | Device: cuda | max_epochs=500 | batch=32 | eval_batch=256 | es_patience=30
2026-08-03 21:30:10,465 | [FULL    ] | INFO | full_experiments_using.model_trainers.mobile_vit_trainer | CE weights — HC: 1.093  MCI: 0.922
2026-08-03 21:30:47,264 | [FULL    ] | INFO | full_experiments_using.model_trainers.mobile_vit_trainer | Ep [001/500] T-Acc:  50.6%  V-Acc:  55.3%  V-AUROC: 0.5268  LR: 2.00e-04
2026-08-03 21:30:47,324 | [FULL    ] | INFO | full_experiments_using.model_trainers.mobile_vit_trainer |   ↳ new best AUROC; saved checkpoint: /home/oem/choihyunsu/VOGBasedMCIDetection/outputs/checkpoints/run_20260803_091231_full_wvote_artifact30_strat_4err/fold_28_best.pth
2026-08-03 21:31:15,631 | [FULL    ] | INFO | full_experiments_using.model_trainers.mobile_vit_trainer | Ep [002/500] T-Acc:  50.9%  V-Acc:  55.5%  V-AUROC: 0.5357  LR: 4.00e-04
2026-08-03 21:31:15,790 | [FULL    ] | INFO | full_experiments_using.model_trainers.mobile_vit_trainer |   ↳ new best AUROC; saved checkpoint: /home/oem/choihyunsu/VOGBasedMCIDetection/outputs/checkpoints/run_20260803_091231_full_wvote_artifact30_strat_4err/fold_28_best.pth
2026-08-03 21:31:44,094 | [FULL    ] | INFO | full_experiments_using.model_trainers.mobile_vit_trainer | Ep [003/500] T-Acc:  51.4%  V-Acc:  55.5%  V-AUROC: 0.5370  LR: 6.00e-04
2026-08-03 21:31:44,217 | [FULL    ] | INFO | full_experiments_using.model_trainers.mobile_vit_trainer |   ↳ new best AUROC; saved checkpoint: /home/oem/choihyunsu/VOGBasedMCIDetection/outputs/checkpoints/run_20260803_091231_full_wvote_artifact30_strat_4err/fold_28_best.pth
2026-08-03 21:32:12,601 | [FULL    ] | INFO | full_experiments_using.model_trainers.mobile_vit_trainer | Ep [004/500] T-Acc:  52.3%  V-Acc:  56.9%  V-AUROC: 0.5470  LR: 8.00e-04
2026-08-03 21:32:12,765 | [FULL    ] | INFO | full_experiments_using.model_trainers.mobile_vit_trainer |   ↳ new best AUROC; saved checkpoint: /home/oem/choihyunsu/VOGBasedMCIDetection/outputs/checkpoints/run_20260803_091231_full_wvote_artifact30_strat_4err/fold_28_best.pth
2026-08-03 21:32:41,310 | [FULL    ] | INFO | full_experiments_using.model_trainers.mobile_vit_trainer | Ep [005/500] T-Acc:  52.5%  V-Acc:  56.9%  V-AUROC: 0.5598  LR: 1.00e-03
2026-08-03 21:32:41,537 | [FULL    ] | INFO | full_experiments_using.model_trainers.mobile_vit_trainer |   ↳ new best AUROC; saved checkpoint: /home/oem/choihyunsu/VOGBasedMCIDetection/outputs/checkpoints/run_20260803_091231_full_wvote_artifact30_strat_4err/fold_28_best.pth
2026-08-03 21:33:09,925 | [FULL    ] | INFO | full_experiments_using.model_trainers.mobile_vit_trainer | Ep [006/500] T-Acc:  53.2%  V-Acc:  56.7%  V-AUROC: 0.5663  LR: 1.00e-03
2026-08-03 21:33:10,088 | [FULL    ] | INFO | full_experiments_using.model_trainers.mobile_vit_trainer |   ↳ new best AUROC; saved checkpoint: /home/oem/choihyunsu/VOGBasedMCIDetection/outputs/checkpoints/run_20260803_091231_full_wvote_artifact30_strat_4err/fold_28_best.pth
2026-08-03 21:33:38,491 | [FULL    ] | INFO | full_experiments_using.model_trainers.mobile_vit_trainer | Ep [007/500] T-Acc:  54.2%  V-Acc:  57.2%  V-AUROC: 0.5896  LR: 1.00e-03
2026-08-03 21:33:38,677 | [FULL    ] | INFO | full_experiments_using.model_trainers.mobile_vit_trainer |   ↳ new best AUROC; saved checkpoint: /home/oem/choihyunsu/VOGBasedMCIDetection/outputs/checkpoints/run_20260803_091231_full_wvote_artifact30_strat_4err/fold_28_best.pth
2026-08-03 21:34:07,081 | [FULL    ] | INFO | full_experiments_using.model_trainers.mobile_vit_trainer | Ep [008/500] T-Acc:  55.5%  V-Acc:  57.8%  V-AUROC: 0.5869  LR: 1.00e-03
2026-08-03 21:34:35,436 | [FULL    ] | INFO | full_experiments_using.model_trainers.mobile_vit_trainer | Ep [009/500] T-Acc:  54.6%  V-Acc:  58.7%  V-AUROC: 0.5837  LR: 1.00e-03
2026-08-03 21:35:02,847 | [FULL    ] | INFO | full_experiments_using.model_trainers.mobile_vit_trainer | Ep [010/500] T-Acc:  53.7%  V-Acc:  58.7%  V-AUROC: 0.5935  LR: 1.00e-03
2026-08-03 21:35:02,966 | [FULL    ] | INFO | full_experiments_using.model_trainers.mobile_vit_trainer |   ↳ new best AUROC; saved checkpoint: /home/oem/choihyunsu/VOGBasedMCIDetection/outputs/checkpoints/run_20260803_091231_full_wvote_artifact30_strat_4err/fold_28_best.pth
2026-08-03 21:35:29,188 | [FULL    ] | INFO | full_experiments_using.model_trainers.mobile_vit_trainer | Ep [011/500] T-Acc:  56.9%  V-Acc:  58.9%  V-AUROC: 0.5991  LR: 1.00e-03
2026-08-03 21:35:29,393 | [FULL    ] | INFO | full_experiments_using.model_trainers.mobile_vit_trainer |   ↳ new best AUROC; saved checkpoint: /home/oem/choihyunsu/VOGBasedMCIDetection/outputs/checkpoints/run_20260803_091231_full_wvote_artifact30_strat_4err/fold_28_best.pth
2026-08-03 21:35:57,441 | [FULL    ] | INFO | full_experiments_using.model_trainers.mobile_vit_trainer | Ep [012/500] T-Acc:  55.9%  V-Acc:  57.6%  V-AUROC: 0.5965  LR: 1.00e-03
2026-08-03 21:36:25,579 | [FULL    ] | INFO | full_experiments_using.model_trainers.mobile_vit_trainer | Ep [013/500] T-Acc:  56.0%  V-Acc:  57.5%  V-AUROC: 0.5872  LR: 1.00e-03
2026-08-03 21:36:54,032 | [FULL    ] | INFO | full_experiments_using.model_trainers.mobile_vit_trainer | Ep [014/500] T-Acc:  57.3%  V-Acc:  58.0%  V-AUROC: 0.5972  LR: 1.00e-03
2026-08-03 21:37:22,125 | [FULL    ] | INFO | full_experiments_using.model_trainers.mobile_vit_trainer | Ep [015/500] T-Acc:  57.4%  V-Acc:  57.3%  V-AUROC: 0.5986  LR: 1.00e-03
2026-08-03 21:37:50,324 | [FULL    ] | INFO | full_experiments_using.model_trainers.mobile_vit_trainer | Ep [016/500] T-Acc:  58.3%  V-Acc:  57.3%  V-AUROC: 0.5846  LR: 1.00e-03
2026-08-03 21:38:17,718 | [FULL    ] | INFO | full_experiments_using.model_trainers.mobile_vit_trainer | Ep [017/500] T-Acc:  57.2%  V-Acc:  57.9%  V-AUROC: 0.5916  LR: 1.00e-03
2026-08-03 21:38:46,010 | [FULL    ] | INFO | full_experiments_using.model_trainers.mobile_vit_trainer | Ep [018/500] T-Acc:  57.1%  V-Acc:  57.1%  V-AUROC: 0.5856  LR: 1.00e-03
2026-08-03 21:39:12,161 | [FULL    ] | INFO | full_experiments_using.model_trainers.mobile_vit_trainer | Ep [019/500] T-Acc:  57.6%  V-Acc:  57.0%  V-AUROC: 0.5843  LR: 1.00e-03
2026-08-03 21:39:40,765 | [FULL    ] | INFO | full_experiments_using.model_trainers.mobile_vit_trainer | Ep [020/500] T-Acc:  59.1%  V-Acc:  57.3%  V-AUROC: 0.5878  LR: 1.00e-03
2026-08-03 21:40:09,071 | [FULL    ] | INFO | full_experiments_using.model_trainers.mobile_vit_trainer | Ep [021/500] T-Acc:  59.7%  V-Acc:  57.7%  V-AUROC: 0.5808  LR: 1.00e-03
2026-08-03 21:40:37,252 | [FULL    ] | INFO | full_experiments_using.model_trainers.mobile_vit_trainer | Ep [022/500] T-Acc:  58.9%  V-Acc:  57.4%  V-AUROC: 0.5885  LR: 1.00e-03
2026-08-03 21:41:05,624 | [FULL    ] | INFO | full_experiments_using.model_trainers.mobile_vit_trainer | Ep [023/500] T-Acc:  59.4%  V-Acc:  57.5%  V-AUROC: 0.5932  LR: 2.00e-04
2026-08-03 21:41:34,147 | [FULL    ] | INFO | full_experiments_using.model_trainers.mobile_vit_trainer | Ep [024/500] T-Acc:  60.2%  V-Acc:  56.5%  V-AUROC: 0.5945  LR: 2.00e-04
2026-08-03 21:42:02,531 | [FULL    ] | INFO | full_experiments_using.model_trainers.mobile_vit_trainer | Ep [025/500] T-Acc:  58.7%  V-Acc:  57.2%  V-AUROC: 0.5942  LR: 2.00e-04
2026-08-03 21:42:30,566 | [FULL    ] | INFO | full_experiments_using.model_trainers.mobile_vit_trainer | Ep [026/500] T-Acc:  59.9%  V-Acc:  57.1%  V-AUROC: 0.5955  LR: 2.00e-04
2026-08-03 21:42:59,061 | [FULL    ] | INFO | full_experiments_using.model_trainers.mobile_vit_trainer | Ep [027/500] T-Acc:  60.7%  V-Acc:  57.5%  V-AUROC: 0.5904  LR: 2.00e-04
2026-08-03 21:43:27,385 | [FULL    ] | INFO | full_experiments_using.model_trainers.mobile_vit_trainer | Ep [028/500] T-Acc:  60.2%  V-Acc:  58.0%  V-AUROC: 0.5932  LR: 2.00e-04
2026-08-03 21:43:55,904 | [FULL    ] | INFO | full_experiments_using.model_trainers.mobile_vit_trainer | Ep [029/500] T-Acc:  60.3%  V-Acc:  57.9%  V-AUROC: 0.5978  LR: 2.00e-04
2026-08-03 21:44:24,041 | [FULL    ] | INFO | full_experiments_using.model_trainers.mobile_vit_trainer | Ep [030/500] T-Acc:  60.4%  V-Acc:  58.0%  V-AUROC: 0.5923  LR: 2.00e-04
2026-08-03 21:44:51,415 | [FULL    ] | INFO | full_experiments_using.model_trainers.mobile_vit_trainer | Ep [031/500] T-Acc:  60.5%  V-Acc:  57.8%  V-AUROC: 0.5934  LR: 2.00e-04
2026-08-03 21:45:18,088 | [FULL    ] | INFO | full_experiments_using.model_trainers.mobile_vit_trainer | Ep [032/500] T-Acc:  60.6%  V-Acc:  58.0%  V-AUROC: 0.5921  LR: 2.00e-04
2026-08-03 21:45:45,293 | [FULL    ] | INFO | full_experiments_using.model_trainers.mobile_vit_trainer | Ep [033/500] T-Acc:  58.8%  V-Acc:  57.5%  V-AUROC: 0.5948  LR: 2.00e-04
2026-08-03 21:46:13,751 | [FULL    ] | INFO | full_experiments_using.model_trainers.mobile_vit_trainer | Ep [034/500] T-Acc:  59.9%  V-Acc:  57.8%  V-AUROC: 0.5951  LR: 4.00e-05
2026-08-03 21:46:42,078 | [FULL    ] | INFO | full_experiments_using.model_trainers.mobile_vit_trainer | Ep [035/500] T-Acc:  60.4%  V-Acc:  56.7%  V-AUROC: 0.5947  LR: 4.00e-05
2026-08-03 21:47:10,277 | [FULL    ] | INFO | full_experiments_using.model_trainers.mobile_vit_trainer | Ep [036/500] T-Acc:  59.6%  V-Acc:  57.6%  V-AUROC: 0.5931  LR: 4.00e-05
2026-08-03 21:47:38,426 | [FULL    ] | INFO | full_experiments_using.model_trainers.mobile_vit_trainer | Ep [037/500] T-Acc:  59.8%  V-Acc:  57.0%  V-AUROC: 0.5930  LR: 4.00e-05
2026-08-03 21:48:06,568 | [FULL    ] | INFO | full_experiments_using.model_trainers.mobile_vit_trainer | Ep [038/500] T-Acc:  59.8%  V-Acc:  57.4%  V-AUROC: 0.5925  LR: 4.00e-05
2026-08-03 21:48:34,582 | [FULL    ] | INFO | full_experiments_using.model_trainers.mobile_vit_trainer | Ep [039/500] T-Acc:  60.6%  V-Acc:  57.1%  V-AUROC: 0.5934  LR: 4.00e-05
2026-08-03 21:49:02,876 | [FULL    ] | INFO | full_experiments_using.model_trainers.mobile_vit_trainer | Ep [040/500] T-Acc:  61.1%  V-Acc:  57.9%  V-AUROC: 0.5949  LR: 4.00e-05
2026-08-03 21:49:31,042 | [FULL    ] | INFO | full_experiments_using.model_trainers.mobile_vit_trainer | Ep [041/500] T-Acc:  59.4%  V-Acc:  57.4%  V-AUROC: 0.5944  LR: 4.00e-05
2026-08-03 21:49:31,042 | [FULL    ] | INFO | full_experiments_using.model_trainers.mobile_vit_trainer | Early stop — best AUROC 0.5991 at epoch 11 (no improvement for 30 epochs)
2026-08-03 21:49:31,042 | [FULL    ] | INFO | full_experiments_using.model_trainers.mobile_vit_trainer | Done. Best AUROC: 0.5991 (epoch 11) → /home/oem/choihyunsu/VOGBasedMCIDetection/outputs/checkpoints/run_20260803_091231_full_wvote_artifact30_strat_4err/fold_28_best.pth
2026-08-03 21:49:40,385 | [FULL    ] | INFO | full_experiments_using.evaluators.monte_carlo_evaluator | -> Fold 29 Result | Acc=0.727 Sens=0.750 Spec=0.667 AUROC=0.833
2026-08-03 21:49:40,399 | [FULL    ] | INFO | full_experiments_using.evaluators.monte_carlo_evaluator | === Fold 30/30 | train: 25 subj (HC=10 MCI=15) / 3928 win | test: 12 subj (HC=4 MCI=8) / 1787 win ===
2026-08-03 21:49:40,650 | [FULL    ] | INFO | httpx | HTTP Request: HEAD https://huggingface.co/apple/mobilevit-small/resolve/main/config.json "HTTP/1.1 307 Temporary Redirect"
2026-08-03 21:49:40,668 | [FULL    ] | INFO | httpx | HTTP Request: HEAD https://huggingface.co/api/resolve-cache/models/apple/mobilevit-small/6c8612545dc98676d27bc518fa521d9e9af23e34/config.json "HTTP/1.1 200 OK"
2026-08-03 21:49:40,948 | [FULL    ] | INFO | httpx | HTTP Request: HEAD https://huggingface.co/apple/mobilevit-small/resolve/main/model.safetensors "HTTP/1.1 404 Not Found"
2026-08-03 21:49:41,160 | [FULL    ] | INFO | httpx | HTTP Request: HEAD https://huggingface.co/apple/mobilevit-small/resolve/main/model.safetensors.index.json "HTTP/1.1 404 Not Found"
2026-08-03 21:49:41,374 | [FULL    ] | INFO | httpx | HTTP Request: HEAD https://huggingface.co/apple/mobilevit-small/resolve/main/pytorch_model.bin "HTTP/1.1 302 Found"
2026-08-03 21:49:41,580 | [FULL    ] | INFO | httpx | HTTP Request: HEAD https://huggingface.co/apple/mobilevit-small/resolve/main/model.safetensors "HTTP/1.1 404 Not Found"
2026-08-03 21:49:41,978 | [FULL    ] | INFO | httpx | HTTP Request: GET https://huggingface.co/api/models/apple/mobilevit-small "HTTP/1.1 200 OK"
2026-08-03 21:49:42,209 | [FULL    ] | INFO | httpx | HTTP Request: GET https://huggingface.co/api/models/apple/mobilevit-small/commits/main "HTTP/1.1 200 OK"
2026-08-03 21:49:42,439 | [FULL    ] | INFO | httpx | HTTP Request: GET https://huggingface.co/api/models/apple/mobilevit-small/discussions?p=0 "HTTP/1.1 200 OK"
2026-08-03 21:49:42,660 | [FULL    ] | INFO | httpx | HTTP Request: GET https://huggingface.co/api/models/apple/mobilevit-small/commits/refs%2Fpr%2F6 "HTTP/1.1 200 OK"
2026-08-03 21:49:42,868 | [FULL    ] | INFO | httpx | HTTP Request: HEAD https://huggingface.co/apple/mobilevit-small/resolve/refs%2Fpr%2F6/model.safetensors.index.json "HTTP/1.1 404 Not Found"
2026-08-03 21:49:43,123 | [FULL    ] | INFO | httpx | HTTP Request: HEAD https://huggingface.co/apple/mobilevit-small/resolve/refs%2Fpr%2F6/model.safetensors "HTTP/1.1 302 Found"
2026-08-03 21:49:43,930 | [FULL    ] | INFO | full_experiments_using.model_trainers.mobile_vit_trainer | Device: cuda | max_epochs=500 | batch=32 | eval_batch=256 | es_patience=30
2026-08-03 21:49:43,935 | [FULL    ] | INFO | full_experiments_using.model_trainers.mobile_vit_trainer | CE weights — HC: 1.089  MCI: 0.924
2026-08-03 21:50:32,091 | [FULL    ] | INFO | full_experiments_using.model_trainers.mobile_vit_trainer | Ep [001/500] T-Acc:  52.7%  V-Acc:  58.8%  V-AUROC: 0.5380  LR: 2.00e-04
2026-08-03 21:50:32,251 | [FULL    ] | INFO | full_experiments_using.model_trainers.mobile_vit_trainer |   ↳ new best AUROC; saved checkpoint: /home/oem/choihyunsu/VOGBasedMCIDetection/outputs/checkpoints/run_20260803_091231_full_wvote_artifact30_strat_4err/fold_29_best.pth
2026-08-03 21:51:00,611 | [FULL    ] | INFO | full_experiments_using.model_trainers.mobile_vit_trainer | Ep [002/500] T-Acc:  52.4%  V-Acc:  59.1%  V-AUROC: 0.5432  LR: 4.00e-04
2026-08-03 21:51:00,733 | [FULL    ] | INFO | full_experiments_using.model_trainers.mobile_vit_trainer |   ↳ new best AUROC; saved checkpoint: /home/oem/choihyunsu/VOGBasedMCIDetection/outputs/checkpoints/run_20260803_091231_full_wvote_artifact30_strat_4err/fold_29_best.pth
2026-08-03 21:51:29,008 | [FULL    ] | INFO | full_experiments_using.model_trainers.mobile_vit_trainer | Ep [003/500] T-Acc:  52.1%  V-Acc:  59.5%  V-AUROC: 0.5500  LR: 6.00e-04
2026-08-03 21:51:29,130 | [FULL    ] | INFO | full_experiments_using.model_trainers.mobile_vit_trainer |   ↳ new best AUROC; saved checkpoint: /home/oem/choihyunsu/VOGBasedMCIDetection/outputs/checkpoints/run_20260803_091231_full_wvote_artifact30_strat_4err/fold_29_best.pth
2026-08-03 21:51:57,613 | [FULL    ] | INFO | full_experiments_using.model_trainers.mobile_vit_trainer | Ep [004/500] T-Acc:  52.7%  V-Acc:  59.8%  V-AUROC: 0.5722  LR: 8.00e-04
2026-08-03 21:51:57,766 | [FULL    ] | INFO | full_experiments_using.model_trainers.mobile_vit_trainer |   ↳ new best AUROC; saved checkpoint: /home/oem/choihyunsu/VOGBasedMCIDetection/outputs/checkpoints/run_20260803_091231_full_wvote_artifact30_strat_4err/fold_29_best.pth
2026-08-03 21:52:26,116 | [FULL    ] | INFO | full_experiments_using.model_trainers.mobile_vit_trainer | Ep [005/500] T-Acc:  52.5%  V-Acc:  60.8%  V-AUROC: 0.5798  LR: 1.00e-03
2026-08-03 21:52:26,234 | [FULL    ] | INFO | full_experiments_using.model_trainers.mobile_vit_trainer |   ↳ new best AUROC; saved checkpoint: /home/oem/choihyunsu/VOGBasedMCIDetection/outputs/checkpoints/run_20260803_091231_full_wvote_artifact30_strat_4err/fold_29_best.pth
2026-08-03 21:52:55,134 | [FULL    ] | INFO | full_experiments_using.model_trainers.mobile_vit_trainer | Ep [006/500] T-Acc:  53.1%  V-Acc:  58.1%  V-AUROC: 0.5674  LR: 1.00e-03
2026-08-03 21:53:23,580 | [FULL    ] | INFO | full_experiments_using.model_trainers.mobile_vit_trainer | Ep [007/500] T-Acc:  52.7%  V-Acc:  59.3%  V-AUROC: 0.5830  LR: 1.00e-03
2026-08-03 21:53:23,708 | [FULL    ] | INFO | full_experiments_using.model_trainers.mobile_vit_trainer |   ↳ new best AUROC; saved checkpoint: /home/oem/choihyunsu/VOGBasedMCIDetection/outputs/checkpoints/run_20260803_091231_full_wvote_artifact30_strat_4err/fold_29_best.pth
2026-08-03 21:53:52,371 | [FULL    ] | INFO | full_experiments_using.model_trainers.mobile_vit_trainer | Ep [008/500] T-Acc:  53.5%  V-Acc:  56.7%  V-AUROC: 0.5665  LR: 1.00e-03
2026-08-03 21:54:20,809 | [FULL    ] | INFO | full_experiments_using.model_trainers.mobile_vit_trainer | Ep [009/500] T-Acc:  55.5%  V-Acc:  60.4%  V-AUROC: 0.6006  LR: 1.00e-03
2026-08-03 21:54:20,929 | [FULL    ] | INFO | full_experiments_using.model_trainers.mobile_vit_trainer |   ↳ new best AUROC; saved checkpoint: /home/oem/choihyunsu/VOGBasedMCIDetection/outputs/checkpoints/run_20260803_091231_full_wvote_artifact30_strat_4err/fold_29_best.pth
2026-08-03 21:54:49,058 | [FULL    ] | INFO | full_experiments_using.model_trainers.mobile_vit_trainer | Ep [010/500] T-Acc:  54.8%  V-Acc:  60.3%  V-AUROC: 0.5995  LR: 1.00e-03
2026-08-03 21:55:17,291 | [FULL    ] | INFO | full_experiments_using.model_trainers.mobile_vit_trainer | Ep [011/500] T-Acc:  55.0%  V-Acc:  58.8%  V-AUROC: 0.5998  LR: 1.00e-03
2026-08-03 21:55:45,724 | [FULL    ] | INFO | full_experiments_using.model_trainers.mobile_vit_trainer | Ep [012/500] T-Acc:  55.1%  V-Acc:  58.2%  V-AUROC: 0.5991  LR: 1.00e-03
2026-08-03 21:56:14,191 | [FULL    ] | INFO | full_experiments_using.model_trainers.mobile_vit_trainer | Ep [013/500] T-Acc:  55.8%  V-Acc:  58.9%  V-AUROC: 0.5942  LR: 1.00e-03
2026-08-03 21:56:42,416 | [FULL    ] | INFO | full_experiments_using.model_trainers.mobile_vit_trainer | Ep [014/500] T-Acc:  55.5%  V-Acc:  59.0%  V-AUROC: 0.5919  LR: 1.00e-03
2026-08-03 21:57:10,646 | [FULL    ] | INFO | full_experiments_using.model_trainers.mobile_vit_trainer | Ep [015/500] T-Acc:  56.6%  V-Acc:  58.3%  V-AUROC: 0.5933  LR: 1.00e-03
2026-08-03 21:57:39,048 | [FULL    ] | INFO | full_experiments_using.model_trainers.mobile_vit_trainer | Ep [016/500] T-Acc:  57.1%  V-Acc:  58.9%  V-AUROC: 0.5969  LR: 1.00e-03
2026-08-03 21:58:07,453 | [FULL    ] | INFO | full_experiments_using.model_trainers.mobile_vit_trainer | Ep [017/500] T-Acc:  56.8%  V-Acc:  59.4%  V-AUROC: 0.5940  LR: 1.00e-03
2026-08-03 21:58:35,913 | [FULL    ] | INFO | full_experiments_using.model_trainers.mobile_vit_trainer | Ep [018/500] T-Acc:  57.2%  V-Acc:  59.3%  V-AUROC: 0.5929  LR: 1.00e-03
2026-08-03 21:59:04,247 | [FULL    ] | INFO | full_experiments_using.model_trainers.mobile_vit_trainer | Ep [019/500] T-Acc:  56.5%  V-Acc:  58.3%  V-AUROC: 0.5904  LR: 1.00e-03
2026-08-03 21:59:32,458 | [FULL    ] | INFO | full_experiments_using.model_trainers.mobile_vit_trainer | Ep [020/500] T-Acc:  57.4%  V-Acc:  59.7%  V-AUROC: 0.5978  LR: 1.00e-03
2026-08-03 22:00:00,968 | [FULL    ] | INFO | full_experiments_using.model_trainers.mobile_vit_trainer | Ep [021/500] T-Acc:  58.5%  V-Acc:  59.7%  V-AUROC: 0.5971  LR: 2.00e-04
2026-08-03 22:00:29,317 | [FULL    ] | INFO | full_experiments_using.model_trainers.mobile_vit_trainer | Ep [022/500] T-Acc:  57.7%  V-Acc:  59.5%  V-AUROC: 0.5954  LR: 2.00e-04
2026-08-03 22:00:57,656 | [FULL    ] | INFO | full_experiments_using.model_trainers.mobile_vit_trainer | Ep [023/500] T-Acc:  58.3%  V-Acc:  59.3%  V-AUROC: 0.5914  LR: 2.00e-04
2026-08-03 22:01:25,958 | [FULL    ] | INFO | full_experiments_using.model_trainers.mobile_vit_trainer | Ep [024/500] T-Acc:  58.4%  V-Acc:  58.5%  V-AUROC: 0.5907  LR: 2.00e-04
2026-08-03 22:01:54,220 | [FULL    ] | INFO | full_experiments_using.model_trainers.mobile_vit_trainer | Ep [025/500] T-Acc:  58.8%  V-Acc:  58.7%  V-AUROC: 0.5914  LR: 2.00e-04
2026-08-03 22:02:22,553 | [FULL    ] | INFO | full_experiments_using.model_trainers.mobile_vit_trainer | Ep [026/500] T-Acc:  59.9%  V-Acc:  59.1%  V-AUROC: 0.5909  LR: 2.00e-04
2026-08-03 22:02:50,975 | [FULL    ] | INFO | full_experiments_using.model_trainers.mobile_vit_trainer | Ep [027/500] T-Acc:  57.6%  V-Acc:  58.7%  V-AUROC: 0.5885  LR: 2.00e-04
2026-08-03 22:03:19,384 | [FULL    ] | INFO | full_experiments_using.model_trainers.mobile_vit_trainer | Ep [028/500] T-Acc:  59.2%  V-Acc:  59.0%  V-AUROC: 0.5904  LR: 2.00e-04
2026-08-03 22:03:48,008 | [FULL    ] | INFO | full_experiments_using.model_trainers.mobile_vit_trainer | Ep [029/500] T-Acc:  58.5%  V-Acc:  58.6%  V-AUROC: 0.5915  LR: 2.00e-04
2026-08-03 22:04:16,340 | [FULL    ] | INFO | full_experiments_using.model_trainers.mobile_vit_trainer | Ep [030/500] T-Acc:  58.7%  V-Acc:  57.9%  V-AUROC: 0.5889  LR: 2.00e-04
2026-08-03 22:04:44,780 | [FULL    ] | INFO | full_experiments_using.model_trainers.mobile_vit_trainer | Ep [031/500] T-Acc:  57.7%  V-Acc:  56.8%  V-AUROC: 0.5908  LR: 2.00e-04
2026-08-03 22:05:13,499 | [FULL    ] | INFO | full_experiments_using.model_trainers.mobile_vit_trainer | Ep [032/500] T-Acc:  58.5%  V-Acc:  58.2%  V-AUROC: 0.5933  LR: 4.00e-05
2026-08-03 22:05:41,963 | [FULL    ] | INFO | full_experiments_using.model_trainers.mobile_vit_trainer | Ep [033/500] T-Acc:  59.1%  V-Acc:  58.4%  V-AUROC: 0.5919  LR: 4.00e-05
2026-08-03 22:06:10,539 | [FULL    ] | INFO | full_experiments_using.model_trainers.mobile_vit_trainer | Ep [034/500] T-Acc:  59.0%  V-Acc:  58.0%  V-AUROC: 0.5917  LR: 4.00e-05
2026-08-03 22:06:38,743 | [FULL    ] | INFO | full_experiments_using.model_trainers.mobile_vit_trainer | Ep [035/500] T-Acc:  59.9%  V-Acc:  58.0%  V-AUROC: 0.5903  LR: 4.00e-05
2026-08-03 22:07:07,493 | [FULL    ] | INFO | full_experiments_using.model_trainers.mobile_vit_trainer | Ep [036/500] T-Acc:  59.6%  V-Acc:  57.9%  V-AUROC: 0.5916  LR: 4.00e-05
2026-08-03 22:07:36,043 | [FULL    ] | INFO | full_experiments_using.model_trainers.mobile_vit_trainer | Ep [037/500] T-Acc:  59.0%  V-Acc:  59.4%  V-AUROC: 0.5922  LR: 4.00e-05
2026-08-03 22:08:04,996 | [FULL    ] | INFO | full_experiments_using.model_trainers.mobile_vit_trainer | Ep [038/500] T-Acc:  58.8%  V-Acc:  59.2%  V-AUROC: 0.5906  LR: 4.00e-05
2026-08-03 22:08:31,154 | [FULL    ] | INFO | full_experiments_using.model_trainers.mobile_vit_trainer | Ep [039/500] T-Acc:  58.8%  V-Acc:  57.4%  V-AUROC: 0.5886  LR: 4.00e-05
2026-08-03 22:08:31,154 | [FULL    ] | INFO | full_experiments_using.model_trainers.mobile_vit_trainer | Early stop — best AUROC 0.6006 at epoch 9 (no improvement for 30 epochs)
2026-08-03 22:08:31,154 | [FULL    ] | INFO | full_experiments_using.model_trainers.mobile_vit_trainer | Done. Best AUROC: 0.6006 (epoch 9) → /home/oem/choihyunsu/VOGBasedMCIDetection/outputs/checkpoints/run_20260803_091231_full_wvote_artifact30_strat_4err/fold_29_best.pth
2026-08-03 22:08:41,482 | [FULL    ] | INFO | full_experiments_using.evaluators.monte_carlo_evaluator | -> Fold 30 Result | Acc=0.700 Sens=1.000 Spec=0.000 AUROC=0.905
2026-08-03 22:08:41,522 | [FULL    ] | INFO | full_experiments_using.evaluators.monte_carlo_evaluator | ============================================================
2026-08-03 22:08:41,522 | [FULL    ] | INFO | full_experiments_using.evaluators.monte_carlo_evaluator |   MC-CV Results [stratified-group sampling] (30 folds)
2026-08-03 22:08:41,522 | [FULL    ] | INFO | full_experiments_using.evaluators.monte_carlo_evaluator |   Accuracy    : 0.708 ± 0.159
2026-08-03 22:08:41,522 | [FULL    ] | INFO | full_experiments_using.evaluators.monte_carlo_evaluator |   Sensitivity : 0.708 ± 0.250
2026-08-03 22:08:41,522 | [FULL    ] | INFO | full_experiments_using.evaluators.monte_carlo_evaluator |   Specificity : 0.711 ± 0.298
2026-08-03 22:08:41,523 | [FULL    ] | INFO | full_experiments_using.evaluators.monte_carlo_evaluator |   AUROC       : 0.871 ± 0.099
2026-08-03 22:08:41,523 | [FULL    ] | INFO | full_experiments_using.evaluators.monte_carlo_evaluator | ============================================================
2026-08-03 22:08:41,523 | [FULL    ] | INFO | full_experiments_using.evaluators.monte_carlo_evaluator | Evaluator lifecycle end: writing probe report...
2026-08-03 22:08:43,103 | [FULL    ] | INFO | probe_generators.probe_generator | Task-Contribution Probe report written: /home/oem/choihyunsu/VOGBasedMCIDetection/outputs/reports/run_20260803_091231_full_wvote_artifact30_strat_4err_task_wise_probe.md
