2026-08-03 09:12:37,776 | [FULL    ] | INFO | __main__ | Run ID: 20260803_091237_full_wvote_artifact30_w0-5-5-10-0-15-15-30_strat_4err | augment=False | dropout=0.50 | patience=30 | batch_size=32 | artifact=thr=30.0 | signal_mode=four_error (4ch) | stratified={0: 4, 1: 8} | weighted_vote={0: 0.0, 1: 0.5, 2: 0.5, 3: 1.0, 4: 0.0, 5: 1.5, 6: 1.5, 7: 3.0}
2026-08-03 09:12:37,776 | [FULL    ] | INFO | __main__ | Log file: /home/oem/choihyunsu/VOGBasedMCIDetection/outputs/logs/run_20260803_091237_full_wvote_artifact30_w0-5-5-10-0-15-15-30_strat_4err.log
2026-08-03 09:12:37,776 | [FULL    ] | INFO | __main__ | Loading full 8-task VOG saccade tensors from: /home/oem/choihyunsu/VOGBasedMCIDetection/data
2026-08-03 09:12:37,884 | [FULL    ] | INFO | full_experiments_using.data_processor.data_engineering | Loaded preprocessed data_store from cache: /home/oem/choihyunsu/VOGBasedMCIDetection/outputs/cache/data_store_full_4err.pkl (5715 epochs)
2026-08-03 09:12:37,993 | [FULL    ] | INFO | __main__ | Total epoched samples: 5715
2026-08-03 09:12:38,013 | [FULL    ] | INFO | full_experiments_using.evaluators.monte_carlo_evaluator | MC Group CV [stratified-group] — 30 folds | device=cuda | num_tasks=8 | augment=False | dropout=0.50 | weighted_vote={0: 0.0, 1: 0.5, 2: 0.5, 3: 1.0, 4: 0.0, 5: 1.5, 6: 1.5, 7: 3.0}
2026-08-03 09:12:38,076 | [FULL    ] | INFO | full_experiments_using.evaluators.monte_carlo_evaluator | === Fold 01/30 | train: 25 subj (HC=10 MCI=15) / 3872 win | test: 12 subj (HC=4 MCI=8) / 1843 win ===
2026-08-03 09:12:38,341 | [FULL    ] | INFO | httpx | HTTP Request: HEAD https://huggingface.co/apple/mobilevit-small/resolve/main/config.json "HTTP/1.1 307 Temporary Redirect"
2026-08-03 09:12:38,342 | [FULL    ] | WARNING | huggingface_hub.utils._http | Warning: You are sending unauthenticated requests to the HF Hub. Please set a HF_TOKEN to enable higher rate limits and faster downloads.
2026-08-03 09:12:38,359 | [FULL    ] | INFO | httpx | HTTP Request: HEAD https://huggingface.co/api/resolve-cache/models/apple/mobilevit-small/6c8612545dc98676d27bc518fa521d9e9af23e34/config.json "HTTP/1.1 200 OK"
2026-08-03 09:12:38,603 | [FULL    ] | INFO | httpx | HTTP Request: HEAD https://huggingface.co/apple/mobilevit-small/resolve/main/model.safetensors "HTTP/1.1 404 Not Found"
2026-08-03 09:12:38,815 | [FULL    ] | INFO | httpx | HTTP Request: HEAD https://huggingface.co/apple/mobilevit-small/resolve/main/model.safetensors.index.json "HTTP/1.1 404 Not Found"
2026-08-03 09:12:39,033 | [FULL    ] | INFO | httpx | HTTP Request: HEAD https://huggingface.co/apple/mobilevit-small/resolve/main/pytorch_model.bin "HTTP/1.1 302 Found"
2026-08-03 09:12:39,249 | [FULL    ] | INFO | httpx | HTTP Request: HEAD https://huggingface.co/apple/mobilevit-small/resolve/main/model.safetensors "HTTP/1.1 404 Not Found"
2026-08-03 09:12:39,466 | [FULL    ] | INFO | httpx | HTTP Request: GET https://huggingface.co/api/models/apple/mobilevit-small "HTTP/1.1 200 OK"
2026-08-03 09:12:39,731 | [FULL    ] | INFO | httpx | HTTP Request: GET https://huggingface.co/api/models/apple/mobilevit-small/commits/main "HTTP/1.1 200 OK"
2026-08-03 09:12:39,804 | [FULL    ] | INFO | full_experiments_using.model_trainers.mobile_vit_trainer | Device: cuda | max_epochs=500 | batch=32 | eval_batch=256 | es_patience=30
2026-08-03 09:12:39,807 | [FULL    ] | INFO | full_experiments_using.model_trainers.mobile_vit_trainer | CE weights — HC: 1.079  MCI: 0.932
2026-08-03 09:12:39,944 | [FULL    ] | INFO | httpx | HTTP Request: GET https://huggingface.co/api/models/apple/mobilevit-small/discussions?p=0 "HTTP/1.1 200 OK"
2026-08-03 09:12:40,158 | [FULL    ] | INFO | httpx | HTTP Request: GET https://huggingface.co/api/models/apple/mobilevit-small/commits/refs%2Fpr%2F6 "HTTP/1.1 200 OK"
2026-08-03 09:12:40,374 | [FULL    ] | INFO | httpx | HTTP Request: HEAD https://huggingface.co/apple/mobilevit-small/resolve/refs%2Fpr%2F6/model.safetensors.index.json "HTTP/1.1 404 Not Found"
2026-08-03 09:12:40,586 | [FULL    ] | INFO | httpx | HTTP Request: HEAD https://huggingface.co/apple/mobilevit-small/resolve/refs%2Fpr%2F6/model.safetensors "HTTP/1.1 302 Found"
2026-08-03 09:13:24,696 | [FULL    ] | INFO | full_experiments_using.model_trainers.mobile_vit_trainer | Ep [001/500] T-Acc:  49.3%  V-Acc:  51.8%  V-AUROC: 0.4668  LR: 2.00e-04
2026-08-03 09:13:24,755 | [FULL    ] | INFO | full_experiments_using.model_trainers.mobile_vit_trainer |   ↳ new best AUROC; saved checkpoint: /home/oem/choihyunsu/VOGBasedMCIDetection/outputs/checkpoints/run_20260803_091237_full_wvote_artifact30_w0-5-5-10-0-15-15-30_strat_4err/fold_00_best.pth
2026-08-03 09:13:48,679 | [FULL    ] | INFO | full_experiments_using.model_trainers.mobile_vit_trainer | Ep [002/500] T-Acc:  49.9%  V-Acc:  50.6%  V-AUROC: 0.4754  LR: 4.00e-04
2026-08-03 09:13:48,809 | [FULL    ] | INFO | full_experiments_using.model_trainers.mobile_vit_trainer |   ↳ new best AUROC; saved checkpoint: /home/oem/choihyunsu/VOGBasedMCIDetection/outputs/checkpoints/run_20260803_091237_full_wvote_artifact30_w0-5-5-10-0-15-15-30_strat_4err/fold_00_best.pth
2026-08-03 09:14:14,918 | [FULL    ] | INFO | full_experiments_using.model_trainers.mobile_vit_trainer | Ep [003/500] T-Acc:  48.6%  V-Acc:  49.6%  V-AUROC: 0.4830  LR: 6.00e-04
2026-08-03 09:14:15,070 | [FULL    ] | INFO | full_experiments_using.model_trainers.mobile_vit_trainer |   ↳ new best AUROC; saved checkpoint: /home/oem/choihyunsu/VOGBasedMCIDetection/outputs/checkpoints/run_20260803_091237_full_wvote_artifact30_w0-5-5-10-0-15-15-30_strat_4err/fold_00_best.pth
2026-08-03 09:14:43,349 | [FULL    ] | INFO | full_experiments_using.model_trainers.mobile_vit_trainer | Ep [004/500] T-Acc:  50.6%  V-Acc:  52.3%  V-AUROC: 0.5005  LR: 8.00e-04
2026-08-03 09:14:43,465 | [FULL    ] | INFO | full_experiments_using.model_trainers.mobile_vit_trainer |   ↳ new best AUROC; saved checkpoint: /home/oem/choihyunsu/VOGBasedMCIDetection/outputs/checkpoints/run_20260803_091237_full_wvote_artifact30_w0-5-5-10-0-15-15-30_strat_4err/fold_00_best.pth
2026-08-03 09:15:11,834 | [FULL    ] | INFO | full_experiments_using.model_trainers.mobile_vit_trainer | Ep [005/500] T-Acc:  51.7%  V-Acc:  53.0%  V-AUROC: 0.5121  LR: 1.00e-03
2026-08-03 09:15:12,020 | [FULL    ] | INFO | full_experiments_using.model_trainers.mobile_vit_trainer |   ↳ new best AUROC; saved checkpoint: /home/oem/choihyunsu/VOGBasedMCIDetection/outputs/checkpoints/run_20260803_091237_full_wvote_artifact30_w0-5-5-10-0-15-15-30_strat_4err/fold_00_best.pth
2026-08-03 09:15:40,082 | [FULL    ] | INFO | full_experiments_using.model_trainers.mobile_vit_trainer | Ep [006/500] T-Acc:  52.8%  V-Acc:  51.4%  V-AUROC: 0.5162  LR: 1.00e-03
2026-08-03 09:15:40,214 | [FULL    ] | INFO | full_experiments_using.model_trainers.mobile_vit_trainer |   ↳ new best AUROC; saved checkpoint: /home/oem/choihyunsu/VOGBasedMCIDetection/outputs/checkpoints/run_20260803_091237_full_wvote_artifact30_w0-5-5-10-0-15-15-30_strat_4err/fold_00_best.pth
2026-08-03 09:16:08,697 | [FULL    ] | INFO | full_experiments_using.model_trainers.mobile_vit_trainer | Ep [007/500] T-Acc:  52.3%  V-Acc:  56.3%  V-AUROC: 0.5430  LR: 1.00e-03
2026-08-03 09:16:08,884 | [FULL    ] | INFO | full_experiments_using.model_trainers.mobile_vit_trainer |   ↳ new best AUROC; saved checkpoint: /home/oem/choihyunsu/VOGBasedMCIDetection/outputs/checkpoints/run_20260803_091237_full_wvote_artifact30_w0-5-5-10-0-15-15-30_strat_4err/fold_00_best.pth
2026-08-03 09:16:37,215 | [FULL    ] | INFO | full_experiments_using.model_trainers.mobile_vit_trainer | Ep [008/500] T-Acc:  54.5%  V-Acc:  56.1%  V-AUROC: 0.5549  LR: 1.00e-03
2026-08-03 09:16:37,411 | [FULL    ] | INFO | full_experiments_using.model_trainers.mobile_vit_trainer |   ↳ new best AUROC; saved checkpoint: /home/oem/choihyunsu/VOGBasedMCIDetection/outputs/checkpoints/run_20260803_091237_full_wvote_artifact30_w0-5-5-10-0-15-15-30_strat_4err/fold_00_best.pth
2026-08-03 09:17:05,628 | [FULL    ] | INFO | full_experiments_using.model_trainers.mobile_vit_trainer | Ep [009/500] T-Acc:  54.5%  V-Acc:  53.6%  V-AUROC: 0.5641  LR: 1.00e-03
2026-08-03 09:17:05,773 | [FULL    ] | INFO | full_experiments_using.model_trainers.mobile_vit_trainer |   ↳ new best AUROC; saved checkpoint: /home/oem/choihyunsu/VOGBasedMCIDetection/outputs/checkpoints/run_20260803_091237_full_wvote_artifact30_w0-5-5-10-0-15-15-30_strat_4err/fold_00_best.pth
2026-08-03 09:17:34,170 | [FULL    ] | INFO | full_experiments_using.model_trainers.mobile_vit_trainer | Ep [010/500] T-Acc:  55.7%  V-Acc:  54.3%  V-AUROC: 0.5619  LR: 1.00e-03
2026-08-03 09:18:02,637 | [FULL    ] | INFO | full_experiments_using.model_trainers.mobile_vit_trainer | Ep [011/500] T-Acc:  55.9%  V-Acc:  53.4%  V-AUROC: 0.5756  LR: 1.00e-03
2026-08-03 09:18:02,775 | [FULL    ] | INFO | full_experiments_using.model_trainers.mobile_vit_trainer |   ↳ new best AUROC; saved checkpoint: /home/oem/choihyunsu/VOGBasedMCIDetection/outputs/checkpoints/run_20260803_091237_full_wvote_artifact30_w0-5-5-10-0-15-15-30_strat_4err/fold_00_best.pth
2026-08-03 09:18:31,011 | [FULL    ] | INFO | full_experiments_using.model_trainers.mobile_vit_trainer | Ep [012/500] T-Acc:  55.0%  V-Acc:  54.4%  V-AUROC: 0.5759  LR: 1.00e-03
2026-08-03 09:18:31,170 | [FULL    ] | INFO | full_experiments_using.model_trainers.mobile_vit_trainer |   ↳ new best AUROC; saved checkpoint: /home/oem/choihyunsu/VOGBasedMCIDetection/outputs/checkpoints/run_20260803_091237_full_wvote_artifact30_w0-5-5-10-0-15-15-30_strat_4err/fold_00_best.pth
2026-08-03 09:18:59,712 | [FULL    ] | INFO | full_experiments_using.model_trainers.mobile_vit_trainer | Ep [013/500] T-Acc:  56.1%  V-Acc:  55.1%  V-AUROC: 0.5791  LR: 1.00e-03
2026-08-03 09:18:59,862 | [FULL    ] | INFO | full_experiments_using.model_trainers.mobile_vit_trainer |   ↳ new best AUROC; saved checkpoint: /home/oem/choihyunsu/VOGBasedMCIDetection/outputs/checkpoints/run_20260803_091237_full_wvote_artifact30_w0-5-5-10-0-15-15-30_strat_4err/fold_00_best.pth
2026-08-03 09:19:28,351 | [FULL    ] | INFO | full_experiments_using.model_trainers.mobile_vit_trainer | Ep [014/500] T-Acc:  56.9%  V-Acc:  54.5%  V-AUROC: 0.5727  LR: 1.00e-03
2026-08-03 09:19:57,062 | [FULL    ] | INFO | full_experiments_using.model_trainers.mobile_vit_trainer | Ep [015/500] T-Acc:  56.3%  V-Acc:  54.0%  V-AUROC: 0.5764  LR: 1.00e-03
2026-08-03 09:20:25,237 | [FULL    ] | INFO | full_experiments_using.model_trainers.mobile_vit_trainer | Ep [016/500] T-Acc:  57.6%  V-Acc:  54.5%  V-AUROC: 0.5814  LR: 1.00e-03
2026-08-03 09:20:25,356 | [FULL    ] | INFO | full_experiments_using.model_trainers.mobile_vit_trainer |   ↳ new best AUROC; saved checkpoint: /home/oem/choihyunsu/VOGBasedMCIDetection/outputs/checkpoints/run_20260803_091237_full_wvote_artifact30_w0-5-5-10-0-15-15-30_strat_4err/fold_00_best.pth
2026-08-03 09:20:53,731 | [FULL    ] | INFO | full_experiments_using.model_trainers.mobile_vit_trainer | Ep [017/500] T-Acc:  57.1%  V-Acc:  56.5%  V-AUROC: 0.5813  LR: 1.00e-03
2026-08-03 09:21:22,089 | [FULL    ] | INFO | full_experiments_using.model_trainers.mobile_vit_trainer | Ep [018/500] T-Acc:  57.3%  V-Acc:  56.5%  V-AUROC: 0.5843  LR: 1.00e-03
2026-08-03 09:21:22,252 | [FULL    ] | INFO | full_experiments_using.model_trainers.mobile_vit_trainer |   ↳ new best AUROC; saved checkpoint: /home/oem/choihyunsu/VOGBasedMCIDetection/outputs/checkpoints/run_20260803_091237_full_wvote_artifact30_w0-5-5-10-0-15-15-30_strat_4err/fold_00_best.pth
2026-08-03 09:21:50,912 | [FULL    ] | INFO | full_experiments_using.model_trainers.mobile_vit_trainer | Ep [019/500] T-Acc:  57.4%  V-Acc:  55.8%  V-AUROC: 0.5859  LR: 1.00e-03
2026-08-03 09:21:51,031 | [FULL    ] | INFO | full_experiments_using.model_trainers.mobile_vit_trainer |   ↳ new best AUROC; saved checkpoint: /home/oem/choihyunsu/VOGBasedMCIDetection/outputs/checkpoints/run_20260803_091237_full_wvote_artifact30_w0-5-5-10-0-15-15-30_strat_4err/fold_00_best.pth
2026-08-03 09:22:19,046 | [FULL    ] | INFO | full_experiments_using.model_trainers.mobile_vit_trainer | Ep [020/500] T-Acc:  58.2%  V-Acc:  54.2%  V-AUROC: 0.5743  LR: 1.00e-03
2026-08-03 09:22:47,464 | [FULL    ] | INFO | full_experiments_using.model_trainers.mobile_vit_trainer | Ep [021/500] T-Acc:  59.0%  V-Acc:  56.8%  V-AUROC: 0.5902  LR: 1.00e-03
2026-08-03 09:22:47,614 | [FULL    ] | INFO | full_experiments_using.model_trainers.mobile_vit_trainer |   ↳ new best AUROC; saved checkpoint: /home/oem/choihyunsu/VOGBasedMCIDetection/outputs/checkpoints/run_20260803_091237_full_wvote_artifact30_w0-5-5-10-0-15-15-30_strat_4err/fold_00_best.pth
2026-08-03 09:23:15,903 | [FULL    ] | INFO | full_experiments_using.model_trainers.mobile_vit_trainer | Ep [022/500] T-Acc:  58.1%  V-Acc:  56.5%  V-AUROC: 0.5927  LR: 1.00e-03
2026-08-03 09:23:16,048 | [FULL    ] | INFO | full_experiments_using.model_trainers.mobile_vit_trainer |   ↳ new best AUROC; saved checkpoint: /home/oem/choihyunsu/VOGBasedMCIDetection/outputs/checkpoints/run_20260803_091237_full_wvote_artifact30_w0-5-5-10-0-15-15-30_strat_4err/fold_00_best.pth
2026-08-03 09:23:44,487 | [FULL    ] | INFO | full_experiments_using.model_trainers.mobile_vit_trainer | Ep [023/500] T-Acc:  58.4%  V-Acc:  57.2%  V-AUROC: 0.5942  LR: 1.00e-03
2026-08-03 09:23:44,619 | [FULL    ] | INFO | full_experiments_using.model_trainers.mobile_vit_trainer |   ↳ new best AUROC; saved checkpoint: /home/oem/choihyunsu/VOGBasedMCIDetection/outputs/checkpoints/run_20260803_091237_full_wvote_artifact30_w0-5-5-10-0-15-15-30_strat_4err/fold_00_best.pth
2026-08-03 09:24:13,016 | [FULL    ] | INFO | full_experiments_using.model_trainers.mobile_vit_trainer | Ep [024/500] T-Acc:  58.9%  V-Acc:  57.7%  V-AUROC: 0.5952  LR: 1.00e-03
2026-08-03 09:24:13,219 | [FULL    ] | INFO | full_experiments_using.model_trainers.mobile_vit_trainer |   ↳ new best AUROC; saved checkpoint: /home/oem/choihyunsu/VOGBasedMCIDetection/outputs/checkpoints/run_20260803_091237_full_wvote_artifact30_w0-5-5-10-0-15-15-30_strat_4err/fold_00_best.pth
2026-08-03 09:24:41,674 | [FULL    ] | INFO | full_experiments_using.model_trainers.mobile_vit_trainer | Ep [025/500] T-Acc:  60.0%  V-Acc:  55.7%  V-AUROC: 0.5903  LR: 1.00e-03
2026-08-03 09:25:10,084 | [FULL    ] | INFO | full_experiments_using.model_trainers.mobile_vit_trainer | Ep [026/500] T-Acc:  59.5%  V-Acc:  55.7%  V-AUROC: 0.5892  LR: 1.00e-03
2026-08-03 09:25:38,313 | [FULL    ] | INFO | full_experiments_using.model_trainers.mobile_vit_trainer | Ep [027/500] T-Acc:  59.7%  V-Acc:  56.9%  V-AUROC: 0.5953  LR: 1.00e-03
2026-08-03 09:25:38,447 | [FULL    ] | INFO | full_experiments_using.model_trainers.mobile_vit_trainer |   ↳ new best AUROC; saved checkpoint: /home/oem/choihyunsu/VOGBasedMCIDetection/outputs/checkpoints/run_20260803_091237_full_wvote_artifact30_w0-5-5-10-0-15-15-30_strat_4err/fold_00_best.pth
2026-08-03 09:26:06,934 | [FULL    ] | INFO | full_experiments_using.model_trainers.mobile_vit_trainer | Ep [028/500] T-Acc:  59.5%  V-Acc:  57.0%  V-AUROC: 0.6049  LR: 1.00e-03
2026-08-03 09:26:07,066 | [FULL    ] | INFO | full_experiments_using.model_trainers.mobile_vit_trainer |   ↳ new best AUROC; saved checkpoint: /home/oem/choihyunsu/VOGBasedMCIDetection/outputs/checkpoints/run_20260803_091237_full_wvote_artifact30_w0-5-5-10-0-15-15-30_strat_4err/fold_00_best.pth
2026-08-03 09:26:35,612 | [FULL    ] | INFO | full_experiments_using.model_trainers.mobile_vit_trainer | Ep [029/500] T-Acc:  59.8%  V-Acc:  56.3%  V-AUROC: 0.6014  LR: 1.00e-03
2026-08-03 09:27:03,849 | [FULL    ] | INFO | full_experiments_using.model_trainers.mobile_vit_trainer | Ep [030/500] T-Acc:  60.9%  V-Acc:  56.8%  V-AUROC: 0.5990  LR: 1.00e-03
2026-08-03 09:27:32,274 | [FULL    ] | INFO | full_experiments_using.model_trainers.mobile_vit_trainer | Ep [031/500] T-Acc:  59.8%  V-Acc:  56.2%  V-AUROC: 0.6011  LR: 1.00e-03
2026-08-03 09:28:00,644 | [FULL    ] | INFO | full_experiments_using.model_trainers.mobile_vit_trainer | Ep [032/500] T-Acc:  60.5%  V-Acc:  54.3%  V-AUROC: 0.5983  LR: 1.00e-03
2026-08-03 09:28:29,201 | [FULL    ] | INFO | full_experiments_using.model_trainers.mobile_vit_trainer | Ep [033/500] T-Acc:  59.5%  V-Acc:  55.1%  V-AUROC: 0.6011  LR: 1.00e-03
2026-08-03 09:28:57,692 | [FULL    ] | INFO | full_experiments_using.model_trainers.mobile_vit_trainer | Ep [034/500] T-Acc:  60.7%  V-Acc:  56.8%  V-AUROC: 0.5985  LR: 1.00e-03
2026-08-03 09:29:26,307 | [FULL    ] | INFO | full_experiments_using.model_trainers.mobile_vit_trainer | Ep [035/500] T-Acc:  59.5%  V-Acc:  57.3%  V-AUROC: 0.5973  LR: 1.00e-03
2026-08-03 09:29:54,805 | [FULL    ] | INFO | full_experiments_using.model_trainers.mobile_vit_trainer | Ep [036/500] T-Acc:  60.6%  V-Acc:  56.5%  V-AUROC: 0.5930  LR: 1.00e-03
2026-08-03 09:30:23,336 | [FULL    ] | INFO | full_experiments_using.model_trainers.mobile_vit_trainer | Ep [037/500] T-Acc:  60.3%  V-Acc:  57.1%  V-AUROC: 0.5988  LR: 1.00e-03
2026-08-03 09:30:51,841 | [FULL    ] | INFO | full_experiments_using.model_trainers.mobile_vit_trainer | Ep [038/500] T-Acc:  60.3%  V-Acc:  58.2%  V-AUROC: 0.5928  LR: 1.00e-03
2026-08-03 09:31:20,150 | [FULL    ] | INFO | full_experiments_using.model_trainers.mobile_vit_trainer | Ep [039/500] T-Acc:  61.8%  V-Acc:  56.0%  V-AUROC: 0.5976  LR: 1.00e-03
2026-08-03 09:31:48,859 | [FULL    ] | INFO | full_experiments_using.model_trainers.mobile_vit_trainer | Ep [040/500] T-Acc:  61.8%  V-Acc:  55.6%  V-AUROC: 0.5968  LR: 2.00e-04
2026-08-03 09:32:17,247 | [FULL    ] | INFO | full_experiments_using.model_trainers.mobile_vit_trainer | Ep [041/500] T-Acc:  62.1%  V-Acc:  56.0%  V-AUROC: 0.5975  LR: 2.00e-04
2026-08-03 09:32:45,919 | [FULL    ] | INFO | full_experiments_using.model_trainers.mobile_vit_trainer | Ep [042/500] T-Acc:  61.3%  V-Acc:  56.0%  V-AUROC: 0.5979  LR: 2.00e-04
2026-08-03 09:33:14,434 | [FULL    ] | INFO | full_experiments_using.model_trainers.mobile_vit_trainer | Ep [043/500] T-Acc:  61.0%  V-Acc:  55.9%  V-AUROC: 0.5987  LR: 2.00e-04
2026-08-03 09:33:42,599 | [FULL    ] | INFO | full_experiments_using.model_trainers.mobile_vit_trainer | Ep [044/500] T-Acc:  60.3%  V-Acc:  56.2%  V-AUROC: 0.6000  LR: 2.00e-04
2026-08-03 09:34:10,920 | [FULL    ] | INFO | full_experiments_using.model_trainers.mobile_vit_trainer | Ep [045/500] T-Acc:  61.4%  V-Acc:  55.9%  V-AUROC: 0.6002  LR: 2.00e-04
2026-08-03 09:34:39,632 | [FULL    ] | INFO | full_experiments_using.model_trainers.mobile_vit_trainer | Ep [046/500] T-Acc:  61.1%  V-Acc:  56.0%  V-AUROC: 0.6007  LR: 2.00e-04
2026-08-03 09:35:07,891 | [FULL    ] | INFO | full_experiments_using.model_trainers.mobile_vit_trainer | Ep [047/500] T-Acc:  61.7%  V-Acc:  55.8%  V-AUROC: 0.5999  LR: 2.00e-04
2026-08-03 09:35:36,285 | [FULL    ] | INFO | full_experiments_using.model_trainers.mobile_vit_trainer | Ep [048/500] T-Acc:  60.8%  V-Acc:  56.4%  V-AUROC: 0.6042  LR: 2.00e-04
2026-08-03 09:36:04,810 | [FULL    ] | INFO | full_experiments_using.model_trainers.mobile_vit_trainer | Ep [049/500] T-Acc:  61.4%  V-Acc:  56.4%  V-AUROC: 0.6039  LR: 2.00e-04
2026-08-03 09:36:33,095 | [FULL    ] | INFO | full_experiments_using.model_trainers.mobile_vit_trainer | Ep [050/500] T-Acc:  61.0%  V-Acc:  56.9%  V-AUROC: 0.6039  LR: 2.00e-04
2026-08-03 09:37:01,424 | [FULL    ] | INFO | full_experiments_using.model_trainers.mobile_vit_trainer | Ep [051/500] T-Acc:  60.9%  V-Acc:  56.5%  V-AUROC: 0.6035  LR: 4.00e-05
2026-08-03 09:37:29,773 | [FULL    ] | INFO | full_experiments_using.model_trainers.mobile_vit_trainer | Ep [052/500] T-Acc:  62.6%  V-Acc:  56.7%  V-AUROC: 0.6023  LR: 4.00e-05
2026-08-03 09:37:58,061 | [FULL    ] | INFO | full_experiments_using.model_trainers.mobile_vit_trainer | Ep [053/500] T-Acc:  60.6%  V-Acc:  57.0%  V-AUROC: 0.6030  LR: 4.00e-05
2026-08-03 09:38:26,493 | [FULL    ] | INFO | full_experiments_using.model_trainers.mobile_vit_trainer | Ep [054/500] T-Acc:  62.0%  V-Acc:  56.5%  V-AUROC: 0.6029  LR: 4.00e-05
2026-08-03 09:38:54,655 | [FULL    ] | INFO | full_experiments_using.model_trainers.mobile_vit_trainer | Ep [055/500] T-Acc:  62.1%  V-Acc:  56.7%  V-AUROC: 0.6030  LR: 4.00e-05
2026-08-03 09:39:20,693 | [FULL    ] | INFO | full_experiments_using.model_trainers.mobile_vit_trainer | Ep [056/500] T-Acc:  62.2%  V-Acc:  56.7%  V-AUROC: 0.6037  LR: 4.00e-05
2026-08-03 09:39:47,349 | [FULL    ] | INFO | full_experiments_using.model_trainers.mobile_vit_trainer | Ep [057/500] T-Acc:  61.8%  V-Acc:  56.8%  V-AUROC: 0.6024  LR: 4.00e-05
2026-08-03 09:40:15,247 | [FULL    ] | INFO | full_experiments_using.model_trainers.mobile_vit_trainer | Ep [058/500] T-Acc:  61.4%  V-Acc:  56.4%  V-AUROC: 0.6041  LR: 4.00e-05
2026-08-03 09:40:15,247 | [FULL    ] | INFO | full_experiments_using.model_trainers.mobile_vit_trainer | Early stop — best AUROC 0.6049 at epoch 28 (no improvement for 30 epochs)
2026-08-03 09:40:15,247 | [FULL    ] | INFO | full_experiments_using.model_trainers.mobile_vit_trainer | Done. Best AUROC: 0.6049 (epoch 28) → /home/oem/choihyunsu/VOGBasedMCIDetection/outputs/checkpoints/run_20260803_091237_full_wvote_artifact30_w0-5-5-10-0-15-15-30_strat_4err/fold_00_best.pth
2026-08-03 09:40:30,025 | [FULL    ] | INFO | full_experiments_using.evaluators.monte_carlo_evaluator | -> Fold 01 Result | Acc=0.727 Sens=0.750 Spec=0.667 AUROC=0.917
2026-08-03 09:40:30,033 | [FULL    ] | INFO | full_experiments_using.evaluators.monte_carlo_evaluator | === Fold 02/30 | train: 25 subj (HC=10 MCI=15) / 3854 win | test: 12 subj (HC=4 MCI=8) / 1861 win ===
2026-08-03 09:40:30,308 | [FULL    ] | INFO | httpx | HTTP Request: HEAD https://huggingface.co/apple/mobilevit-small/resolve/main/config.json "HTTP/1.1 307 Temporary Redirect"
2026-08-03 09:40:30,321 | [FULL    ] | INFO | httpx | HTTP Request: HEAD https://huggingface.co/api/resolve-cache/models/apple/mobilevit-small/6c8612545dc98676d27bc518fa521d9e9af23e34/config.json "HTTP/1.1 200 OK"
2026-08-03 09:40:30,597 | [FULL    ] | INFO | httpx | HTTP Request: HEAD https://huggingface.co/apple/mobilevit-small/resolve/main/model.safetensors "HTTP/1.1 404 Not Found"
2026-08-03 09:40:30,798 | [FULL    ] | INFO | httpx | HTTP Request: HEAD https://huggingface.co/apple/mobilevit-small/resolve/main/model.safetensors.index.json "HTTP/1.1 404 Not Found"
2026-08-03 09:40:31,004 | [FULL    ] | INFO | httpx | HTTP Request: HEAD https://huggingface.co/apple/mobilevit-small/resolve/main/pytorch_model.bin "HTTP/1.1 302 Found"
2026-08-03 09:40:31,207 | [FULL    ] | INFO | httpx | HTTP Request: HEAD https://huggingface.co/apple/mobilevit-small/resolve/main/model.safetensors "HTTP/1.1 404 Not Found"
2026-08-03 09:40:31,412 | [FULL    ] | INFO | httpx | HTTP Request: GET https://huggingface.co/api/models/apple/mobilevit-small "HTTP/1.1 200 OK"
2026-08-03 09:40:31,635 | [FULL    ] | INFO | httpx | HTTP Request: GET https://huggingface.co/api/models/apple/mobilevit-small/commits/main "HTTP/1.1 200 OK"
2026-08-03 09:40:31,849 | [FULL    ] | INFO | httpx | HTTP Request: GET https://huggingface.co/api/models/apple/mobilevit-small/discussions?p=0 "HTTP/1.1 200 OK"
2026-08-03 09:40:32,083 | [FULL    ] | INFO | httpx | HTTP Request: GET https://huggingface.co/api/models/apple/mobilevit-small/commits/refs%2Fpr%2F6 "HTTP/1.1 200 OK"
2026-08-03 09:40:32,294 | [FULL    ] | INFO | httpx | HTTP Request: HEAD https://huggingface.co/apple/mobilevit-small/resolve/refs%2Fpr%2F6/model.safetensors.index.json "HTTP/1.1 404 Not Found"
2026-08-03 09:40:32,517 | [FULL    ] | INFO | httpx | HTTP Request: HEAD https://huggingface.co/apple/mobilevit-small/resolve/refs%2Fpr%2F6/model.safetensors "HTTP/1.1 302 Found"
2026-08-03 09:40:33,152 | [FULL    ] | INFO | full_experiments_using.model_trainers.mobile_vit_trainer | Device: cuda | max_epochs=500 | batch=32 | eval_batch=256 | es_patience=30
2026-08-03 09:40:33,166 | [FULL    ] | INFO | full_experiments_using.model_trainers.mobile_vit_trainer | CE weights — HC: 1.103  MCI: 0.915
2026-08-03 09:41:12,145 | [FULL    ] | INFO | full_experiments_using.model_trainers.mobile_vit_trainer | Ep [001/500] T-Acc:  50.5%  V-Acc:  49.8%  V-AUROC: 0.5447  LR: 2.00e-04
2026-08-03 09:41:12,218 | [FULL    ] | INFO | full_experiments_using.model_trainers.mobile_vit_trainer |   ↳ new best AUROC; saved checkpoint: /home/oem/choihyunsu/VOGBasedMCIDetection/outputs/checkpoints/run_20260803_091237_full_wvote_artifact30_w0-5-5-10-0-15-15-30_strat_4err/fold_01_best.pth
2026-08-03 09:41:40,511 | [FULL    ] | INFO | full_experiments_using.model_trainers.mobile_vit_trainer | Ep [002/500] T-Acc:  52.3%  V-Acc:  49.1%  V-AUROC: 0.5326  LR: 4.00e-04
2026-08-03 09:42:08,795 | [FULL    ] | INFO | full_experiments_using.model_trainers.mobile_vit_trainer | Ep [003/500] T-Acc:  52.8%  V-Acc:  49.5%  V-AUROC: 0.5323  LR: 6.00e-04
2026-08-03 09:42:36,801 | [FULL    ] | INFO | full_experiments_using.model_trainers.mobile_vit_trainer | Ep [004/500] T-Acc:  52.9%  V-Acc:  51.6%  V-AUROC: 0.5448  LR: 8.00e-04
2026-08-03 09:42:36,938 | [FULL    ] | INFO | full_experiments_using.model_trainers.mobile_vit_trainer |   ↳ new best AUROC; saved checkpoint: /home/oem/choihyunsu/VOGBasedMCIDetection/outputs/checkpoints/run_20260803_091237_full_wvote_artifact30_w0-5-5-10-0-15-15-30_strat_4err/fold_01_best.pth
2026-08-03 09:43:05,307 | [FULL    ] | INFO | full_experiments_using.model_trainers.mobile_vit_trainer | Ep [005/500] T-Acc:  54.6%  V-Acc:  50.5%  V-AUROC: 0.5351  LR: 1.00e-03
2026-08-03 09:43:33,649 | [FULL    ] | INFO | full_experiments_using.model_trainers.mobile_vit_trainer | Ep [006/500] T-Acc:  55.5%  V-Acc:  51.3%  V-AUROC: 0.5424  LR: 1.00e-03
2026-08-03 09:44:01,929 | [FULL    ] | INFO | full_experiments_using.model_trainers.mobile_vit_trainer | Ep [007/500] T-Acc:  57.1%  V-Acc:  51.6%  V-AUROC: 0.5540  LR: 1.00e-03
2026-08-03 09:44:02,063 | [FULL    ] | INFO | full_experiments_using.model_trainers.mobile_vit_trainer |   ↳ new best AUROC; saved checkpoint: /home/oem/choihyunsu/VOGBasedMCIDetection/outputs/checkpoints/run_20260803_091237_full_wvote_artifact30_w0-5-5-10-0-15-15-30_strat_4err/fold_01_best.pth
2026-08-03 09:44:30,376 | [FULL    ] | INFO | full_experiments_using.model_trainers.mobile_vit_trainer | Ep [008/500] T-Acc:  57.5%  V-Acc:  52.4%  V-AUROC: 0.5411  LR: 1.00e-03
2026-08-03 09:44:58,825 | [FULL    ] | INFO | full_experiments_using.model_trainers.mobile_vit_trainer | Ep [009/500] T-Acc:  57.6%  V-Acc:  50.9%  V-AUROC: 0.5432  LR: 1.00e-03
2026-08-03 09:45:25,489 | [FULL    ] | INFO | full_experiments_using.model_trainers.mobile_vit_trainer | Ep [010/500] T-Acc:  57.7%  V-Acc:  51.5%  V-AUROC: 0.5536  LR: 1.00e-03
2026-08-03 09:45:52,659 | [FULL    ] | INFO | full_experiments_using.model_trainers.mobile_vit_trainer | Ep [011/500] T-Acc:  59.5%  V-Acc:  51.6%  V-AUROC: 0.5497  LR: 1.00e-03
2026-08-03 09:46:18,329 | [FULL    ] | INFO | full_experiments_using.model_trainers.mobile_vit_trainer | Ep [012/500] T-Acc:  58.5%  V-Acc:  50.9%  V-AUROC: 0.5415  LR: 1.00e-03
2026-08-03 09:46:46,829 | [FULL    ] | INFO | full_experiments_using.model_trainers.mobile_vit_trainer | Ep [013/500] T-Acc:  60.3%  V-Acc:  50.7%  V-AUROC: 0.5396  LR: 1.00e-03
2026-08-03 09:47:15,264 | [FULL    ] | INFO | full_experiments_using.model_trainers.mobile_vit_trainer | Ep [014/500] T-Acc:  59.2%  V-Acc:  51.6%  V-AUROC: 0.5405  LR: 1.00e-03
2026-08-03 09:47:43,460 | [FULL    ] | INFO | full_experiments_using.model_trainers.mobile_vit_trainer | Ep [015/500] T-Acc:  60.2%  V-Acc:  50.5%  V-AUROC: 0.5320  LR: 1.00e-03
2026-08-03 09:48:11,684 | [FULL    ] | INFO | full_experiments_using.model_trainers.mobile_vit_trainer | Ep [016/500] T-Acc:  59.9%  V-Acc:  51.7%  V-AUROC: 0.5554  LR: 1.00e-03
2026-08-03 09:48:11,848 | [FULL    ] | INFO | full_experiments_using.model_trainers.mobile_vit_trainer |   ↳ new best AUROC; saved checkpoint: /home/oem/choihyunsu/VOGBasedMCIDetection/outputs/checkpoints/run_20260803_091237_full_wvote_artifact30_w0-5-5-10-0-15-15-30_strat_4err/fold_01_best.pth
2026-08-03 09:48:40,092 | [FULL    ] | INFO | full_experiments_using.model_trainers.mobile_vit_trainer | Ep [017/500] T-Acc:  59.3%  V-Acc:  51.6%  V-AUROC: 0.5460  LR: 1.00e-03
2026-08-03 09:49:08,313 | [FULL    ] | INFO | full_experiments_using.model_trainers.mobile_vit_trainer | Ep [018/500] T-Acc:  61.2%  V-Acc:  51.2%  V-AUROC: 0.5418  LR: 1.00e-03
2026-08-03 09:49:36,580 | [FULL    ] | INFO | full_experiments_using.model_trainers.mobile_vit_trainer | Ep [019/500] T-Acc:  61.1%  V-Acc:  51.0%  V-AUROC: 0.5365  LR: 1.00e-03
2026-08-03 09:50:05,159 | [FULL    ] | INFO | full_experiments_using.model_trainers.mobile_vit_trainer | Ep [020/500] T-Acc:  60.6%  V-Acc:  50.8%  V-AUROC: 0.5357  LR: 1.00e-03
2026-08-03 09:50:33,018 | [FULL    ] | INFO | full_experiments_using.model_trainers.mobile_vit_trainer | Ep [021/500] T-Acc:  61.1%  V-Acc:  49.5%  V-AUROC: 0.5270  LR: 1.00e-03
2026-08-03 09:51:01,351 | [FULL    ] | INFO | full_experiments_using.model_trainers.mobile_vit_trainer | Ep [022/500] T-Acc:  60.2%  V-Acc:  51.2%  V-AUROC: 0.5393  LR: 1.00e-03
2026-08-03 09:51:29,549 | [FULL    ] | INFO | full_experiments_using.model_trainers.mobile_vit_trainer | Ep [023/500] T-Acc:  61.0%  V-Acc:  50.8%  V-AUROC: 0.5287  LR: 1.00e-03
2026-08-03 09:51:57,633 | [FULL    ] | INFO | full_experiments_using.model_trainers.mobile_vit_trainer | Ep [024/500] T-Acc:  60.5%  V-Acc:  49.9%  V-AUROC: 0.5274  LR: 1.00e-03
2026-08-03 09:52:25,870 | [FULL    ] | INFO | full_experiments_using.model_trainers.mobile_vit_trainer | Ep [025/500] T-Acc:  60.9%  V-Acc:  49.7%  V-AUROC: 0.5302  LR: 1.00e-03
2026-08-03 09:52:54,121 | [FULL    ] | INFO | full_experiments_using.model_trainers.mobile_vit_trainer | Ep [026/500] T-Acc:  62.6%  V-Acc:  49.7%  V-AUROC: 0.5370  LR: 1.00e-03
2026-08-03 09:53:22,184 | [FULL    ] | INFO | full_experiments_using.model_trainers.mobile_vit_trainer | Ep [027/500] T-Acc:  61.9%  V-Acc:  48.7%  V-AUROC: 0.5232  LR: 1.00e-03
2026-08-03 09:53:50,702 | [FULL    ] | INFO | full_experiments_using.model_trainers.mobile_vit_trainer | Ep [028/500] T-Acc:  62.5%  V-Acc:  50.3%  V-AUROC: 0.5356  LR: 2.00e-04
2026-08-03 09:54:19,011 | [FULL    ] | INFO | full_experiments_using.model_trainers.mobile_vit_trainer | Ep [029/500] T-Acc:  61.7%  V-Acc:  50.2%  V-AUROC: 0.5331  LR: 2.00e-04
2026-08-03 09:54:47,326 | [FULL    ] | INFO | full_experiments_using.model_trainers.mobile_vit_trainer | Ep [030/500] T-Acc:  62.2%  V-Acc:  50.0%  V-AUROC: 0.5321  LR: 2.00e-04
2026-08-03 09:55:15,656 | [FULL    ] | INFO | full_experiments_using.model_trainers.mobile_vit_trainer | Ep [031/500] T-Acc:  63.0%  V-Acc:  49.9%  V-AUROC: 0.5320  LR: 2.00e-04
2026-08-03 09:55:43,754 | [FULL    ] | INFO | full_experiments_using.model_trainers.mobile_vit_trainer | Ep [032/500] T-Acc:  62.6%  V-Acc:  50.9%  V-AUROC: 0.5339  LR: 2.00e-04
2026-08-03 09:56:09,345 | [FULL    ] | INFO | full_experiments_using.model_trainers.mobile_vit_trainer | Ep [033/500] T-Acc:  63.0%  V-Acc:  50.4%  V-AUROC: 0.5343  LR: 2.00e-04
2026-08-03 09:56:37,246 | [FULL    ] | INFO | full_experiments_using.model_trainers.mobile_vit_trainer | Ep [034/500] T-Acc:  63.5%  V-Acc:  50.2%  V-AUROC: 0.5341  LR: 2.00e-04
2026-08-03 09:57:03,856 | [FULL    ] | INFO | full_experiments_using.model_trainers.mobile_vit_trainer | Ep [035/500] T-Acc:  61.6%  V-Acc:  50.0%  V-AUROC: 0.5341  LR: 2.00e-04
2026-08-03 09:57:31,967 | [FULL    ] | INFO | full_experiments_using.model_trainers.mobile_vit_trainer | Ep [036/500] T-Acc:  62.6%  V-Acc:  50.1%  V-AUROC: 0.5296  LR: 2.00e-04
2026-08-03 09:58:00,044 | [FULL    ] | INFO | full_experiments_using.model_trainers.mobile_vit_trainer | Ep [037/500] T-Acc:  62.2%  V-Acc:  50.1%  V-AUROC: 0.5319  LR: 2.00e-04
2026-08-03 09:58:28,341 | [FULL    ] | INFO | full_experiments_using.model_trainers.mobile_vit_trainer | Ep [038/500] T-Acc:  62.1%  V-Acc:  49.4%  V-AUROC: 0.5288  LR: 2.00e-04
2026-08-03 09:58:56,598 | [FULL    ] | INFO | full_experiments_using.model_trainers.mobile_vit_trainer | Ep [039/500] T-Acc:  62.5%  V-Acc:  49.9%  V-AUROC: 0.5306  LR: 4.00e-05
2026-08-03 09:59:24,953 | [FULL    ] | INFO | full_experiments_using.model_trainers.mobile_vit_trainer | Ep [040/500] T-Acc:  62.0%  V-Acc:  49.4%  V-AUROC: 0.5298  LR: 4.00e-05
2026-08-03 09:59:53,117 | [FULL    ] | INFO | full_experiments_using.model_trainers.mobile_vit_trainer | Ep [041/500] T-Acc:  62.4%  V-Acc:  49.7%  V-AUROC: 0.5316  LR: 4.00e-05
2026-08-03 10:00:21,475 | [FULL    ] | INFO | full_experiments_using.model_trainers.mobile_vit_trainer | Ep [042/500] T-Acc:  62.9%  V-Acc:  50.5%  V-AUROC: 0.5325  LR: 4.00e-05
2026-08-03 10:00:49,704 | [FULL    ] | INFO | full_experiments_using.model_trainers.mobile_vit_trainer | Ep [043/500] T-Acc:  63.1%  V-Acc:  50.3%  V-AUROC: 0.5302  LR: 4.00e-05
2026-08-03 10:01:16,566 | [FULL    ] | INFO | full_experiments_using.model_trainers.mobile_vit_trainer | Ep [044/500] T-Acc:  62.7%  V-Acc:  50.0%  V-AUROC: 0.5301  LR: 4.00e-05
2026-08-03 10:01:44,437 | [FULL    ] | INFO | full_experiments_using.model_trainers.mobile_vit_trainer | Ep [045/500] T-Acc:  62.8%  V-Acc:  50.1%  V-AUROC: 0.5318  LR: 4.00e-05
2026-08-03 10:02:10,848 | [FULL    ] | INFO | full_experiments_using.model_trainers.mobile_vit_trainer | Ep [046/500] T-Acc:  63.3%  V-Acc:  50.2%  V-AUROC: 0.5307  LR: 4.00e-05
2026-08-03 10:02:10,851 | [FULL    ] | INFO | full_experiments_using.model_trainers.mobile_vit_trainer | Early stop — best AUROC 0.5554 at epoch 16 (no improvement for 30 epochs)
2026-08-03 10:02:10,851 | [FULL    ] | INFO | full_experiments_using.model_trainers.mobile_vit_trainer | Done. Best AUROC: 0.5554 (epoch 16) → /home/oem/choihyunsu/VOGBasedMCIDetection/outputs/checkpoints/run_20260803_091237_full_wvote_artifact30_w0-5-5-10-0-15-15-30_strat_4err/fold_01_best.pth
2026-08-03 10:02:20,199 | [FULL    ] | INFO | full_experiments_using.evaluators.monte_carlo_evaluator | -> Fold 02 Result | Acc=0.818 Sens=0.857 Spec=0.750 AUROC=0.821
2026-08-03 10:02:20,214 | [FULL    ] | INFO | full_experiments_using.evaluators.monte_carlo_evaluator | === Fold 03/30 | train: 25 subj (HC=10 MCI=15) / 3777 win | test: 12 subj (HC=4 MCI=8) / 1938 win ===
2026-08-03 10:02:20,472 | [FULL    ] | INFO | httpx | HTTP Request: HEAD https://huggingface.co/apple/mobilevit-small/resolve/main/config.json "HTTP/1.1 307 Temporary Redirect"
2026-08-03 10:02:20,492 | [FULL    ] | INFO | httpx | HTTP Request: HEAD https://huggingface.co/api/resolve-cache/models/apple/mobilevit-small/6c8612545dc98676d27bc518fa521d9e9af23e34/config.json "HTTP/1.1 200 OK"
2026-08-03 10:02:20,783 | [FULL    ] | INFO | httpx | HTTP Request: HEAD https://huggingface.co/apple/mobilevit-small/resolve/main/model.safetensors "HTTP/1.1 404 Not Found"
2026-08-03 10:02:21,001 | [FULL    ] | INFO | httpx | HTTP Request: HEAD https://huggingface.co/apple/mobilevit-small/resolve/main/model.safetensors.index.json "HTTP/1.1 404 Not Found"
2026-08-03 10:02:21,216 | [FULL    ] | INFO | httpx | HTTP Request: HEAD https://huggingface.co/apple/mobilevit-small/resolve/main/pytorch_model.bin "HTTP/1.1 302 Found"
2026-08-03 10:02:21,437 | [FULL    ] | INFO | httpx | HTTP Request: HEAD https://huggingface.co/apple/mobilevit-small/resolve/main/model.safetensors "HTTP/1.1 404 Not Found"
2026-08-03 10:02:21,796 | [FULL    ] | INFO | httpx | HTTP Request: GET https://huggingface.co/api/models/apple/mobilevit-small "HTTP/1.1 200 OK"
2026-08-03 10:02:22,034 | [FULL    ] | INFO | httpx | HTTP Request: GET https://huggingface.co/api/models/apple/mobilevit-small/commits/main "HTTP/1.1 200 OK"
2026-08-03 10:02:22,262 | [FULL    ] | INFO | httpx | HTTP Request: GET https://huggingface.co/api/models/apple/mobilevit-small/discussions?p=0 "HTTP/1.1 200 OK"
2026-08-03 10:02:22,484 | [FULL    ] | INFO | httpx | HTTP Request: GET https://huggingface.co/api/models/apple/mobilevit-small/commits/refs%2Fpr%2F6 "HTTP/1.1 200 OK"
2026-08-03 10:02:22,690 | [FULL    ] | INFO | httpx | HTTP Request: HEAD https://huggingface.co/apple/mobilevit-small/resolve/refs%2Fpr%2F6/model.safetensors.index.json "HTTP/1.1 404 Not Found"
2026-08-03 10:02:22,905 | [FULL    ] | INFO | httpx | HTTP Request: HEAD https://huggingface.co/apple/mobilevit-small/resolve/refs%2Fpr%2F6/model.safetensors "HTTP/1.1 302 Found"
2026-08-03 10:02:23,816 | [FULL    ] | INFO | full_experiments_using.model_trainers.mobile_vit_trainer | Device: cuda | max_epochs=500 | batch=32 | eval_batch=256 | es_patience=30
2026-08-03 10:02:23,830 | [FULL    ] | INFO | full_experiments_using.model_trainers.mobile_vit_trainer | CE weights — HC: 1.084  MCI: 0.928
2026-08-03 10:03:07,375 | [FULL    ] | INFO | full_experiments_using.model_trainers.mobile_vit_trainer | Ep [001/500] T-Acc:  48.2%  V-Acc:  47.9%  V-AUROC: 0.4759  LR: 2.00e-04
2026-08-03 10:03:07,434 | [FULL    ] | INFO | full_experiments_using.model_trainers.mobile_vit_trainer |   ↳ new best AUROC; saved checkpoint: /home/oem/choihyunsu/VOGBasedMCIDetection/outputs/checkpoints/run_20260803_091237_full_wvote_artifact30_w0-5-5-10-0-15-15-30_strat_4err/fold_02_best.pth
2026-08-03 10:03:35,333 | [FULL    ] | INFO | full_experiments_using.model_trainers.mobile_vit_trainer | Ep [002/500] T-Acc:  48.8%  V-Acc:  48.7%  V-AUROC: 0.4817  LR: 4.00e-04
2026-08-03 10:03:35,458 | [FULL    ] | INFO | full_experiments_using.model_trainers.mobile_vit_trainer |   ↳ new best AUROC; saved checkpoint: /home/oem/choihyunsu/VOGBasedMCIDetection/outputs/checkpoints/run_20260803_091237_full_wvote_artifact30_w0-5-5-10-0-15-15-30_strat_4err/fold_02_best.pth
2026-08-03 10:04:03,509 | [FULL    ] | INFO | full_experiments_using.model_trainers.mobile_vit_trainer | Ep [003/500] T-Acc:  50.5%  V-Acc:  49.9%  V-AUROC: 0.4864  LR: 6.00e-04
2026-08-03 10:04:03,635 | [FULL    ] | INFO | full_experiments_using.model_trainers.mobile_vit_trainer |   ↳ new best AUROC; saved checkpoint: /home/oem/choihyunsu/VOGBasedMCIDetection/outputs/checkpoints/run_20260803_091237_full_wvote_artifact30_w0-5-5-10-0-15-15-30_strat_4err/fold_02_best.pth
2026-08-03 10:04:31,558 | [FULL    ] | INFO | full_experiments_using.model_trainers.mobile_vit_trainer | Ep [004/500] T-Acc:  51.4%  V-Acc:  52.8%  V-AUROC: 0.5067  LR: 8.00e-04
2026-08-03 10:04:31,636 | [FULL    ] | INFO | full_experiments_using.model_trainers.mobile_vit_trainer |   ↳ new best AUROC; saved checkpoint: /home/oem/choihyunsu/VOGBasedMCIDetection/outputs/checkpoints/run_20260803_091237_full_wvote_artifact30_w0-5-5-10-0-15-15-30_strat_4err/fold_02_best.pth
2026-08-03 10:04:59,795 | [FULL    ] | INFO | full_experiments_using.model_trainers.mobile_vit_trainer | Ep [005/500] T-Acc:  53.2%  V-Acc:  53.3%  V-AUROC: 0.5193  LR: 1.00e-03
2026-08-03 10:04:59,935 | [FULL    ] | INFO | full_experiments_using.model_trainers.mobile_vit_trainer |   ↳ new best AUROC; saved checkpoint: /home/oem/choihyunsu/VOGBasedMCIDetection/outputs/checkpoints/run_20260803_091237_full_wvote_artifact30_w0-5-5-10-0-15-15-30_strat_4err/fold_02_best.pth
2026-08-03 10:05:27,626 | [FULL    ] | INFO | full_experiments_using.model_trainers.mobile_vit_trainer | Ep [006/500] T-Acc:  52.6%  V-Acc:  53.6%  V-AUROC: 0.5271  LR: 1.00e-03
2026-08-03 10:05:27,746 | [FULL    ] | INFO | full_experiments_using.model_trainers.mobile_vit_trainer |   ↳ new best AUROC; saved checkpoint: /home/oem/choihyunsu/VOGBasedMCIDetection/outputs/checkpoints/run_20260803_091237_full_wvote_artifact30_w0-5-5-10-0-15-15-30_strat_4err/fold_02_best.pth
2026-08-03 10:05:54,239 | [FULL    ] | INFO | full_experiments_using.model_trainers.mobile_vit_trainer | Ep [007/500] T-Acc:  55.1%  V-Acc:  52.3%  V-AUROC: 0.5277  LR: 1.00e-03
2026-08-03 10:05:54,374 | [FULL    ] | INFO | full_experiments_using.model_trainers.mobile_vit_trainer |   ↳ new best AUROC; saved checkpoint: /home/oem/choihyunsu/VOGBasedMCIDetection/outputs/checkpoints/run_20260803_091237_full_wvote_artifact30_w0-5-5-10-0-15-15-30_strat_4err/fold_02_best.pth
2026-08-03 10:06:20,342 | [FULL    ] | INFO | full_experiments_using.model_trainers.mobile_vit_trainer | Ep [008/500] T-Acc:  56.5%  V-Acc:  51.7%  V-AUROC: 0.5278  LR: 1.00e-03
2026-08-03 10:06:20,576 | [FULL    ] | INFO | full_experiments_using.model_trainers.mobile_vit_trainer |   ↳ new best AUROC; saved checkpoint: /home/oem/choihyunsu/VOGBasedMCIDetection/outputs/checkpoints/run_20260803_091237_full_wvote_artifact30_w0-5-5-10-0-15-15-30_strat_4err/fold_02_best.pth
2026-08-03 10:06:48,430 | [FULL    ] | INFO | full_experiments_using.model_trainers.mobile_vit_trainer | Ep [009/500] T-Acc:  54.9%  V-Acc:  51.8%  V-AUROC: 0.5373  LR: 1.00e-03
2026-08-03 10:06:48,547 | [FULL    ] | INFO | full_experiments_using.model_trainers.mobile_vit_trainer |   ↳ new best AUROC; saved checkpoint: /home/oem/choihyunsu/VOGBasedMCIDetection/outputs/checkpoints/run_20260803_091237_full_wvote_artifact30_w0-5-5-10-0-15-15-30_strat_4err/fold_02_best.pth
2026-08-03 10:07:16,430 | [FULL    ] | INFO | full_experiments_using.model_trainers.mobile_vit_trainer | Ep [010/500] T-Acc:  56.8%  V-Acc:  52.3%  V-AUROC: 0.5380  LR: 1.00e-03
2026-08-03 10:07:16,552 | [FULL    ] | INFO | full_experiments_using.model_trainers.mobile_vit_trainer |   ↳ new best AUROC; saved checkpoint: /home/oem/choihyunsu/VOGBasedMCIDetection/outputs/checkpoints/run_20260803_091237_full_wvote_artifact30_w0-5-5-10-0-15-15-30_strat_4err/fold_02_best.pth
2026-08-03 10:07:44,731 | [FULL    ] | INFO | full_experiments_using.model_trainers.mobile_vit_trainer | Ep [011/500] T-Acc:  57.2%  V-Acc:  53.1%  V-AUROC: 0.5553  LR: 1.00e-03
2026-08-03 10:07:44,884 | [FULL    ] | INFO | full_experiments_using.model_trainers.mobile_vit_trainer |   ↳ new best AUROC; saved checkpoint: /home/oem/choihyunsu/VOGBasedMCIDetection/outputs/checkpoints/run_20260803_091237_full_wvote_artifact30_w0-5-5-10-0-15-15-30_strat_4err/fold_02_best.pth
2026-08-03 10:08:12,964 | [FULL    ] | INFO | full_experiments_using.model_trainers.mobile_vit_trainer | Ep [012/500] T-Acc:  58.5%  V-Acc:  50.7%  V-AUROC: 0.5419  LR: 1.00e-03
2026-08-03 10:08:41,015 | [FULL    ] | INFO | full_experiments_using.model_trainers.mobile_vit_trainer | Ep [013/500] T-Acc:  59.7%  V-Acc:  54.1%  V-AUROC: 0.5551  LR: 1.00e-03
2026-08-03 10:09:09,019 | [FULL    ] | INFO | full_experiments_using.model_trainers.mobile_vit_trainer | Ep [014/500] T-Acc:  59.5%  V-Acc:  53.9%  V-AUROC: 0.5595  LR: 1.00e-03
2026-08-03 10:09:09,217 | [FULL    ] | INFO | full_experiments_using.model_trainers.mobile_vit_trainer |   ↳ new best AUROC; saved checkpoint: /home/oem/choihyunsu/VOGBasedMCIDetection/outputs/checkpoints/run_20260803_091237_full_wvote_artifact30_w0-5-5-10-0-15-15-30_strat_4err/fold_02_best.pth
2026-08-03 10:09:37,393 | [FULL    ] | INFO | full_experiments_using.model_trainers.mobile_vit_trainer | Ep [015/500] T-Acc:  60.1%  V-Acc:  51.9%  V-AUROC: 0.5474  LR: 1.00e-03
2026-08-03 10:10:05,375 | [FULL    ] | INFO | full_experiments_using.model_trainers.mobile_vit_trainer | Ep [016/500] T-Acc:  59.8%  V-Acc:  52.5%  V-AUROC: 0.5426  LR: 1.00e-03
2026-08-03 10:10:33,670 | [FULL    ] | INFO | full_experiments_using.model_trainers.mobile_vit_trainer | Ep [017/500] T-Acc:  59.2%  V-Acc:  52.3%  V-AUROC: 0.5412  LR: 1.00e-03
2026-08-03 10:11:01,713 | [FULL    ] | INFO | full_experiments_using.model_trainers.mobile_vit_trainer | Ep [018/500] T-Acc:  60.2%  V-Acc:  51.3%  V-AUROC: 0.5404  LR: 1.00e-03
2026-08-03 10:11:29,670 | [FULL    ] | INFO | full_experiments_using.model_trainers.mobile_vit_trainer | Ep [019/500] T-Acc:  59.2%  V-Acc:  52.1%  V-AUROC: 0.5556  LR: 1.00e-03
2026-08-03 10:11:57,633 | [FULL    ] | INFO | full_experiments_using.model_trainers.mobile_vit_trainer | Ep [020/500] T-Acc:  61.3%  V-Acc:  50.3%  V-AUROC: 0.5425  LR: 1.00e-03
2026-08-03 10:12:25,607 | [FULL    ] | INFO | full_experiments_using.model_trainers.mobile_vit_trainer | Ep [021/500] T-Acc:  60.9%  V-Acc:  51.7%  V-AUROC: 0.5474  LR: 1.00e-03
2026-08-03 10:12:53,783 | [FULL    ] | INFO | full_experiments_using.model_trainers.mobile_vit_trainer | Ep [022/500] T-Acc:  61.0%  V-Acc:  51.9%  V-AUROC: 0.5479  LR: 1.00e-03
2026-08-03 10:13:21,762 | [FULL    ] | INFO | full_experiments_using.model_trainers.mobile_vit_trainer | Ep [023/500] T-Acc:  61.1%  V-Acc:  52.0%  V-AUROC: 0.5460  LR: 1.00e-03
2026-08-03 10:13:49,920 | [FULL    ] | INFO | full_experiments_using.model_trainers.mobile_vit_trainer | Ep [024/500] T-Acc:  61.1%  V-Acc:  50.8%  V-AUROC: 0.5532  LR: 1.00e-03
2026-08-03 10:14:18,409 | [FULL    ] | INFO | full_experiments_using.model_trainers.mobile_vit_trainer | Ep [025/500] T-Acc:  61.8%  V-Acc:  52.3%  V-AUROC: 0.5532  LR: 1.00e-03
2026-08-03 10:14:46,425 | [FULL    ] | INFO | full_experiments_using.model_trainers.mobile_vit_trainer | Ep [026/500] T-Acc:  61.7%  V-Acc:  51.8%  V-AUROC: 0.5532  LR: 2.00e-04
2026-08-03 10:15:14,734 | [FULL    ] | INFO | full_experiments_using.model_trainers.mobile_vit_trainer | Ep [027/500] T-Acc:  62.5%  V-Acc:  51.5%  V-AUROC: 0.5516  LR: 2.00e-04
2026-08-03 10:15:42,742 | [FULL    ] | INFO | full_experiments_using.model_trainers.mobile_vit_trainer | Ep [028/500] T-Acc:  62.5%  V-Acc:  51.3%  V-AUROC: 0.5533  LR: 2.00e-04
2026-08-03 10:16:10,698 | [FULL    ] | INFO | full_experiments_using.model_trainers.mobile_vit_trainer | Ep [029/500] T-Acc:  63.3%  V-Acc:  51.3%  V-AUROC: 0.5510  LR: 2.00e-04
2026-08-03 10:16:38,765 | [FULL    ] | INFO | full_experiments_using.model_trainers.mobile_vit_trainer | Ep [030/500] T-Acc:  61.9%  V-Acc:  51.0%  V-AUROC: 0.5520  LR: 2.00e-04
2026-08-03 10:17:06,911 | [FULL    ] | INFO | full_experiments_using.model_trainers.mobile_vit_trainer | Ep [031/500] T-Acc:  61.5%  V-Acc:  50.9%  V-AUROC: 0.5512  LR: 2.00e-04
2026-08-03 10:17:35,027 | [FULL    ] | INFO | full_experiments_using.model_trainers.mobile_vit_trainer | Ep [032/500] T-Acc:  62.0%  V-Acc:  51.2%  V-AUROC: 0.5487  LR: 2.00e-04
2026-08-03 10:18:03,258 | [FULL    ] | INFO | full_experiments_using.model_trainers.mobile_vit_trainer | Ep [033/500] T-Acc:  61.9%  V-Acc:  51.3%  V-AUROC: 0.5498  LR: 2.00e-04
2026-08-03 10:18:31,287 | [FULL    ] | INFO | full_experiments_using.model_trainers.mobile_vit_trainer | Ep [034/500] T-Acc:  62.6%  V-Acc:  51.5%  V-AUROC: 0.5527  LR: 2.00e-04
2026-08-03 10:18:59,595 | [FULL    ] | INFO | full_experiments_using.model_trainers.mobile_vit_trainer | Ep [035/500] T-Acc:  61.3%  V-Acc:  51.3%  V-AUROC: 0.5502  LR: 2.00e-04
2026-08-03 10:19:27,639 | [FULL    ] | INFO | full_experiments_using.model_trainers.mobile_vit_trainer | Ep [036/500] T-Acc:  62.6%  V-Acc:  51.9%  V-AUROC: 0.5550  LR: 2.00e-04
2026-08-03 10:19:55,484 | [FULL    ] | INFO | full_experiments_using.model_trainers.mobile_vit_trainer | Ep [037/500] T-Acc:  62.2%  V-Acc:  51.0%  V-AUROC: 0.5524  LR: 4.00e-05
2026-08-03 10:20:23,475 | [FULL    ] | INFO | full_experiments_using.model_trainers.mobile_vit_trainer | Ep [038/500] T-Acc:  61.3%  V-Acc:  51.2%  V-AUROC: 0.5515  LR: 4.00e-05
2026-08-03 10:20:49,631 | [FULL    ] | INFO | full_experiments_using.model_trainers.mobile_vit_trainer | Ep [039/500] T-Acc:  62.5%  V-Acc:  51.1%  V-AUROC: 0.5513  LR: 4.00e-05
2026-08-03 10:21:17,270 | [FULL    ] | INFO | full_experiments_using.model_trainers.mobile_vit_trainer | Ep [040/500] T-Acc:  62.9%  V-Acc:  50.9%  V-AUROC: 0.5521  LR: 4.00e-05
2026-08-03 10:21:43,600 | [FULL    ] | INFO | full_experiments_using.model_trainers.mobile_vit_trainer | Ep [041/500] T-Acc:  62.5%  V-Acc:  51.5%  V-AUROC: 0.5549  LR: 4.00e-05
2026-08-03 10:22:11,824 | [FULL    ] | INFO | full_experiments_using.model_trainers.mobile_vit_trainer | Ep [042/500] T-Acc:  62.5%  V-Acc:  51.3%  V-AUROC: 0.5532  LR: 4.00e-05
2026-08-03 10:22:39,929 | [FULL    ] | INFO | full_experiments_using.model_trainers.mobile_vit_trainer | Ep [043/500] T-Acc:  62.1%  V-Acc:  51.0%  V-AUROC: 0.5519  LR: 4.00e-05
2026-08-03 10:23:07,906 | [FULL    ] | INFO | full_experiments_using.model_trainers.mobile_vit_trainer | Ep [044/500] T-Acc:  61.8%  V-Acc:  51.0%  V-AUROC: 0.5513  LR: 4.00e-05
2026-08-03 10:23:07,906 | [FULL    ] | INFO | full_experiments_using.model_trainers.mobile_vit_trainer | Early stop — best AUROC 0.5595 at epoch 14 (no improvement for 30 epochs)
2026-08-03 10:23:07,906 | [FULL    ] | INFO | full_experiments_using.model_trainers.mobile_vit_trainer | Done. Best AUROC: 0.5595 (epoch 14) → /home/oem/choihyunsu/VOGBasedMCIDetection/outputs/checkpoints/run_20260803_091237_full_wvote_artifact30_w0-5-5-10-0-15-15-30_strat_4err/fold_02_best.pth
2026-08-03 10:23:18,063 | [FULL    ] | INFO | full_experiments_using.evaluators.monte_carlo_evaluator | -> Fold 03 Result | Acc=0.545 Sens=0.286 Spec=1.000 AUROC=1.000
2026-08-03 10:23:18,070 | [FULL    ] | INFO | full_experiments_using.evaluators.monte_carlo_evaluator | === Fold 04/30 | train: 25 subj (HC=10 MCI=15) / 3820 win | test: 12 subj (HC=4 MCI=8) / 1895 win ===
2026-08-03 10:23:18,296 | [FULL    ] | INFO | httpx | HTTP Request: HEAD https://huggingface.co/apple/mobilevit-small/resolve/main/config.json "HTTP/1.1 307 Temporary Redirect"
2026-08-03 10:23:18,308 | [FULL    ] | INFO | httpx | HTTP Request: HEAD https://huggingface.co/api/resolve-cache/models/apple/mobilevit-small/6c8612545dc98676d27bc518fa521d9e9af23e34/config.json "HTTP/1.1 200 OK"
2026-08-03 10:23:18,585 | [FULL    ] | INFO | httpx | HTTP Request: HEAD https://huggingface.co/apple/mobilevit-small/resolve/main/model.safetensors "HTTP/1.1 404 Not Found"
2026-08-03 10:23:18,809 | [FULL    ] | INFO | httpx | HTTP Request: HEAD https://huggingface.co/apple/mobilevit-small/resolve/main/model.safetensors.index.json "HTTP/1.1 404 Not Found"
2026-08-03 10:23:19,020 | [FULL    ] | INFO | httpx | HTTP Request: HEAD https://huggingface.co/apple/mobilevit-small/resolve/main/pytorch_model.bin "HTTP/1.1 302 Found"
2026-08-03 10:23:19,227 | [FULL    ] | INFO | httpx | HTTP Request: HEAD https://huggingface.co/apple/mobilevit-small/resolve/main/model.safetensors "HTTP/1.1 404 Not Found"
2026-08-03 10:23:19,441 | [FULL    ] | INFO | httpx | HTTP Request: GET https://huggingface.co/api/models/apple/mobilevit-small "HTTP/1.1 200 OK"
2026-08-03 10:23:19,687 | [FULL    ] | INFO | httpx | HTTP Request: GET https://huggingface.co/api/models/apple/mobilevit-small/commits/main "HTTP/1.1 200 OK"
2026-08-03 10:23:19,904 | [FULL    ] | INFO | httpx | HTTP Request: GET https://huggingface.co/api/models/apple/mobilevit-small/discussions?p=0 "HTTP/1.1 200 OK"
2026-08-03 10:23:20,121 | [FULL    ] | INFO | httpx | HTTP Request: GET https://huggingface.co/api/models/apple/mobilevit-small/commits/refs%2Fpr%2F6 "HTTP/1.1 200 OK"
2026-08-03 10:23:20,348 | [FULL    ] | INFO | httpx | HTTP Request: HEAD https://huggingface.co/apple/mobilevit-small/resolve/refs%2Fpr%2F6/model.safetensors.index.json "HTTP/1.1 404 Not Found"
2026-08-03 10:23:20,559 | [FULL    ] | INFO | httpx | HTTP Request: HEAD https://huggingface.co/apple/mobilevit-small/resolve/refs%2Fpr%2F6/model.safetensors "HTTP/1.1 302 Found"
2026-08-03 10:23:21,400 | [FULL    ] | INFO | full_experiments_using.model_trainers.mobile_vit_trainer | Device: cuda | max_epochs=500 | batch=32 | eval_batch=256 | es_patience=30
2026-08-03 10:23:21,412 | [FULL    ] | INFO | full_experiments_using.model_trainers.mobile_vit_trainer | CE weights — HC: 1.082  MCI: 0.930
2026-08-03 10:24:03,786 | [FULL    ] | INFO | full_experiments_using.model_trainers.mobile_vit_trainer | Ep [001/500] T-Acc:  49.6%  V-Acc:  47.4%  V-AUROC: 0.5321  LR: 2.00e-04
2026-08-03 10:24:03,877 | [FULL    ] | INFO | full_experiments_using.model_trainers.mobile_vit_trainer |   ↳ new best AUROC; saved checkpoint: /home/oem/choihyunsu/VOGBasedMCIDetection/outputs/checkpoints/run_20260803_091237_full_wvote_artifact30_w0-5-5-10-0-15-15-30_strat_4err/fold_03_best.pth
2026-08-03 10:24:31,864 | [FULL    ] | INFO | full_experiments_using.model_trainers.mobile_vit_trainer | Ep [002/500] T-Acc:  49.6%  V-Acc:  48.3%  V-AUROC: 0.5439  LR: 4.00e-04
2026-08-03 10:24:31,980 | [FULL    ] | INFO | full_experiments_using.model_trainers.mobile_vit_trainer |   ↳ new best AUROC; saved checkpoint: /home/oem/choihyunsu/VOGBasedMCIDetection/outputs/checkpoints/run_20260803_091237_full_wvote_artifact30_w0-5-5-10-0-15-15-30_strat_4err/fold_03_best.pth
2026-08-03 10:24:59,898 | [FULL    ] | INFO | full_experiments_using.model_trainers.mobile_vit_trainer | Ep [003/500] T-Acc:  52.1%  V-Acc:  51.0%  V-AUROC: 0.5615  LR: 6.00e-04
2026-08-03 10:25:00,005 | [FULL    ] | INFO | full_experiments_using.model_trainers.mobile_vit_trainer |   ↳ new best AUROC; saved checkpoint: /home/oem/choihyunsu/VOGBasedMCIDetection/outputs/checkpoints/run_20260803_091237_full_wvote_artifact30_w0-5-5-10-0-15-15-30_strat_4err/fold_03_best.pth
2026-08-03 10:25:28,028 | [FULL    ] | INFO | full_experiments_using.model_trainers.mobile_vit_trainer | Ep [004/500] T-Acc:  53.0%  V-Acc:  50.4%  V-AUROC: 0.5640  LR: 8.00e-04
2026-08-03 10:25:28,149 | [FULL    ] | INFO | full_experiments_using.model_trainers.mobile_vit_trainer |   ↳ new best AUROC; saved checkpoint: /home/oem/choihyunsu/VOGBasedMCIDetection/outputs/checkpoints/run_20260803_091237_full_wvote_artifact30_w0-5-5-10-0-15-15-30_strat_4err/fold_03_best.pth
2026-08-03 10:25:56,464 | [FULL    ] | INFO | full_experiments_using.model_trainers.mobile_vit_trainer | Ep [005/500] T-Acc:  53.0%  V-Acc:  52.2%  V-AUROC: 0.5622  LR: 1.00e-03
2026-08-03 10:26:22,780 | [FULL    ] | INFO | full_experiments_using.model_trainers.mobile_vit_trainer | Ep [006/500] T-Acc:  53.8%  V-Acc:  52.7%  V-AUROC: 0.5587  LR: 1.00e-03
2026-08-03 10:26:50,021 | [FULL    ] | INFO | full_experiments_using.model_trainers.mobile_vit_trainer | Ep [007/500] T-Acc:  52.9%  V-Acc:  52.6%  V-AUROC: 0.5651  LR: 1.00e-03
2026-08-03 10:26:50,148 | [FULL    ] | INFO | full_experiments_using.model_trainers.mobile_vit_trainer |   ↳ new best AUROC; saved checkpoint: /home/oem/choihyunsu/VOGBasedMCIDetection/outputs/checkpoints/run_20260803_091237_full_wvote_artifact30_w0-5-5-10-0-15-15-30_strat_4err/fold_03_best.pth
2026-08-03 10:27:16,264 | [FULL    ] | INFO | full_experiments_using.model_trainers.mobile_vit_trainer | Ep [008/500] T-Acc:  52.9%  V-Acc:  53.6%  V-AUROC: 0.5688  LR: 1.00e-03
2026-08-03 10:27:16,401 | [FULL    ] | INFO | full_experiments_using.model_trainers.mobile_vit_trainer |   ↳ new best AUROC; saved checkpoint: /home/oem/choihyunsu/VOGBasedMCIDetection/outputs/checkpoints/run_20260803_091237_full_wvote_artifact30_w0-5-5-10-0-15-15-30_strat_4err/fold_03_best.pth
2026-08-03 10:27:44,480 | [FULL    ] | INFO | full_experiments_using.model_trainers.mobile_vit_trainer | Ep [009/500] T-Acc:  54.1%  V-Acc:  54.9%  V-AUROC: 0.5688  LR: 1.00e-03
2026-08-03 10:28:10,695 | [FULL    ] | INFO | full_experiments_using.model_trainers.mobile_vit_trainer | Ep [010/500] T-Acc:  55.5%  V-Acc:  54.2%  V-AUROC: 0.5693  LR: 1.00e-03
2026-08-03 10:28:10,813 | [FULL    ] | INFO | full_experiments_using.model_trainers.mobile_vit_trainer |   ↳ new best AUROC; saved checkpoint: /home/oem/choihyunsu/VOGBasedMCIDetection/outputs/checkpoints/run_20260803_091237_full_wvote_artifact30_w0-5-5-10-0-15-15-30_strat_4err/fold_03_best.pth
2026-08-03 10:28:38,894 | [FULL    ] | INFO | full_experiments_using.model_trainers.mobile_vit_trainer | Ep [011/500] T-Acc:  55.6%  V-Acc:  54.8%  V-AUROC: 0.5673  LR: 1.00e-03
2026-08-03 10:29:07,018 | [FULL    ] | INFO | full_experiments_using.model_trainers.mobile_vit_trainer | Ep [012/500] T-Acc:  55.5%  V-Acc:  53.9%  V-AUROC: 0.5675  LR: 1.00e-03
2026-08-03 10:29:35,320 | [FULL    ] | INFO | full_experiments_using.model_trainers.mobile_vit_trainer | Ep [013/500] T-Acc:  56.0%  V-Acc:  53.9%  V-AUROC: 0.5806  LR: 1.00e-03
2026-08-03 10:29:35,440 | [FULL    ] | INFO | full_experiments_using.model_trainers.mobile_vit_trainer |   ↳ new best AUROC; saved checkpoint: /home/oem/choihyunsu/VOGBasedMCIDetection/outputs/checkpoints/run_20260803_091237_full_wvote_artifact30_w0-5-5-10-0-15-15-30_strat_4err/fold_03_best.pth
2026-08-03 10:30:03,387 | [FULL    ] | INFO | full_experiments_using.model_trainers.mobile_vit_trainer | Ep [014/500] T-Acc:  55.3%  V-Acc:  56.6%  V-AUROC: 0.6045  LR: 1.00e-03
2026-08-03 10:30:03,508 | [FULL    ] | INFO | full_experiments_using.model_trainers.mobile_vit_trainer |   ↳ new best AUROC; saved checkpoint: /home/oem/choihyunsu/VOGBasedMCIDetection/outputs/checkpoints/run_20260803_091237_full_wvote_artifact30_w0-5-5-10-0-15-15-30_strat_4err/fold_03_best.pth
2026-08-03 10:30:31,945 | [FULL    ] | INFO | full_experiments_using.model_trainers.mobile_vit_trainer | Ep [015/500] T-Acc:  56.1%  V-Acc:  56.5%  V-AUROC: 0.5948  LR: 1.00e-03
2026-08-03 10:31:00,020 | [FULL    ] | INFO | full_experiments_using.model_trainers.mobile_vit_trainer | Ep [016/500] T-Acc:  56.7%  V-Acc:  54.5%  V-AUROC: 0.5951  LR: 1.00e-03
2026-08-03 10:31:27,894 | [FULL    ] | INFO | full_experiments_using.model_trainers.mobile_vit_trainer | Ep [017/500] T-Acc:  55.8%  V-Acc:  55.5%  V-AUROC: 0.5839  LR: 1.00e-03
2026-08-03 10:31:56,133 | [FULL    ] | INFO | full_experiments_using.model_trainers.mobile_vit_trainer | Ep [018/500] T-Acc:  56.6%  V-Acc:  56.8%  V-AUROC: 0.5941  LR: 1.00e-03
2026-08-03 10:32:24,213 | [FULL    ] | INFO | full_experiments_using.model_trainers.mobile_vit_trainer | Ep [019/500] T-Acc:  56.2%  V-Acc:  56.5%  V-AUROC: 0.6004  LR: 1.00e-03
2026-08-03 10:32:52,136 | [FULL    ] | INFO | full_experiments_using.model_trainers.mobile_vit_trainer | Ep [020/500] T-Acc:  57.8%  V-Acc:  55.1%  V-AUROC: 0.5942  LR: 1.00e-03
2026-08-03 10:33:20,443 | [FULL    ] | INFO | full_experiments_using.model_trainers.mobile_vit_trainer | Ep [021/500] T-Acc:  56.0%  V-Acc:  56.1%  V-AUROC: 0.6120  LR: 1.00e-03
2026-08-03 10:33:20,604 | [FULL    ] | INFO | full_experiments_using.model_trainers.mobile_vit_trainer |   ↳ new best AUROC; saved checkpoint: /home/oem/choihyunsu/VOGBasedMCIDetection/outputs/checkpoints/run_20260803_091237_full_wvote_artifact30_w0-5-5-10-0-15-15-30_strat_4err/fold_03_best.pth
2026-08-03 10:33:48,862 | [FULL    ] | INFO | full_experiments_using.model_trainers.mobile_vit_trainer | Ep [022/500] T-Acc:  56.6%  V-Acc:  55.8%  V-AUROC: 0.6046  LR: 1.00e-03
2026-08-03 10:34:16,934 | [FULL    ] | INFO | full_experiments_using.model_trainers.mobile_vit_trainer | Ep [023/500] T-Acc:  56.6%  V-Acc:  55.5%  V-AUROC: 0.6006  LR: 1.00e-03
2026-08-03 10:34:44,857 | [FULL    ] | INFO | full_experiments_using.model_trainers.mobile_vit_trainer | Ep [024/500] T-Acc:  58.5%  V-Acc:  56.4%  V-AUROC: 0.6026  LR: 1.00e-03
2026-08-03 10:35:13,088 | [FULL    ] | INFO | full_experiments_using.model_trainers.mobile_vit_trainer | Ep [025/500] T-Acc:  58.9%  V-Acc:  57.3%  V-AUROC: 0.6104  LR: 1.00e-03
2026-08-03 10:35:41,073 | [FULL    ] | INFO | full_experiments_using.model_trainers.mobile_vit_trainer | Ep [026/500] T-Acc:  58.7%  V-Acc:  55.5%  V-AUROC: 0.5938  LR: 1.00e-03
2026-08-03 10:36:09,254 | [FULL    ] | INFO | full_experiments_using.model_trainers.mobile_vit_trainer | Ep [027/500] T-Acc:  58.6%  V-Acc:  57.4%  V-AUROC: 0.6014  LR: 1.00e-03
2026-08-03 10:36:37,939 | [FULL    ] | INFO | full_experiments_using.model_trainers.mobile_vit_trainer | Ep [028/500] T-Acc:  59.0%  V-Acc:  57.5%  V-AUROC: 0.6072  LR: 1.00e-03
2026-08-03 10:37:05,951 | [FULL    ] | INFO | full_experiments_using.model_trainers.mobile_vit_trainer | Ep [029/500] T-Acc:  59.1%  V-Acc:  57.0%  V-AUROC: 0.6102  LR: 1.00e-03
2026-08-03 10:37:34,186 | [FULL    ] | INFO | full_experiments_using.model_trainers.mobile_vit_trainer | Ep [030/500] T-Acc:  57.9%  V-Acc:  56.3%  V-AUROC: 0.6014  LR: 1.00e-03
2026-08-03 10:38:02,431 | [FULL    ] | INFO | full_experiments_using.model_trainers.mobile_vit_trainer | Ep [031/500] T-Acc:  60.3%  V-Acc:  55.7%  V-AUROC: 0.5812  LR: 1.00e-03
2026-08-03 10:38:30,283 | [FULL    ] | INFO | full_experiments_using.model_trainers.mobile_vit_trainer | Ep [032/500] T-Acc:  59.3%  V-Acc:  55.7%  V-AUROC: 0.5937  LR: 1.00e-03
2026-08-03 10:38:58,415 | [FULL    ] | INFO | full_experiments_using.model_trainers.mobile_vit_trainer | Ep [033/500] T-Acc:  59.0%  V-Acc:  56.5%  V-AUROC: 0.5905  LR: 2.00e-04
2026-08-03 10:39:26,634 | [FULL    ] | INFO | full_experiments_using.model_trainers.mobile_vit_trainer | Ep [034/500] T-Acc:  60.3%  V-Acc:  55.9%  V-AUROC: 0.5944  LR: 2.00e-04
2026-08-03 10:39:54,850 | [FULL    ] | INFO | full_experiments_using.model_trainers.mobile_vit_trainer | Ep [035/500] T-Acc:  60.7%  V-Acc:  57.0%  V-AUROC: 0.5921  LR: 2.00e-04
2026-08-03 10:40:23,127 | [FULL    ] | INFO | full_experiments_using.model_trainers.mobile_vit_trainer | Ep [036/500] T-Acc:  59.9%  V-Acc:  56.3%  V-AUROC: 0.5880  LR: 2.00e-04
2026-08-03 10:40:51,554 | [FULL    ] | INFO | full_experiments_using.model_trainers.mobile_vit_trainer | Ep [037/500] T-Acc:  60.6%  V-Acc:  55.7%  V-AUROC: 0.5830  LR: 2.00e-04
2026-08-03 10:41:19,719 | [FULL    ] | INFO | full_experiments_using.model_trainers.mobile_vit_trainer | Ep [038/500] T-Acc:  59.4%  V-Acc:  55.1%  V-AUROC: 0.5866  LR: 2.00e-04
2026-08-03 10:41:47,844 | [FULL    ] | INFO | full_experiments_using.model_trainers.mobile_vit_trainer | Ep [039/500] T-Acc:  59.5%  V-Acc:  56.0%  V-AUROC: 0.5863  LR: 2.00e-04
2026-08-03 10:42:16,063 | [FULL    ] | INFO | full_experiments_using.model_trainers.mobile_vit_trainer | Ep [040/500] T-Acc:  61.0%  V-Acc:  56.3%  V-AUROC: 0.5917  LR: 2.00e-04
2026-08-03 10:42:44,444 | [FULL    ] | INFO | full_experiments_using.model_trainers.mobile_vit_trainer | Ep [041/500] T-Acc:  59.4%  V-Acc:  56.4%  V-AUROC: 0.5896  LR: 2.00e-04
2026-08-03 10:43:10,776 | [FULL    ] | INFO | full_experiments_using.model_trainers.mobile_vit_trainer | Ep [042/500] T-Acc:  60.3%  V-Acc:  55.6%  V-AUROC: 0.5832  LR: 2.00e-04
2026-08-03 10:43:37,258 | [FULL    ] | INFO | full_experiments_using.model_trainers.mobile_vit_trainer | Ep [043/500] T-Acc:  59.5%  V-Acc:  56.4%  V-AUROC: 0.5875  LR: 2.00e-04
2026-08-03 10:44:05,425 | [FULL    ] | INFO | full_experiments_using.model_trainers.mobile_vit_trainer | Ep [044/500] T-Acc:  60.3%  V-Acc:  55.7%  V-AUROC: 0.5870  LR: 4.00e-05
2026-08-03 10:44:33,651 | [FULL    ] | INFO | full_experiments_using.model_trainers.mobile_vit_trainer | Ep [045/500] T-Acc:  61.1%  V-Acc:  56.8%  V-AUROC: 0.5873  LR: 4.00e-05
2026-08-03 10:45:00,457 | [FULL    ] | INFO | full_experiments_using.model_trainers.mobile_vit_trainer | Ep [046/500] T-Acc:  60.2%  V-Acc:  56.6%  V-AUROC: 0.5873  LR: 4.00e-05
2026-08-03 10:45:28,390 | [FULL    ] | INFO | full_experiments_using.model_trainers.mobile_vit_trainer | Ep [047/500] T-Acc:  61.6%  V-Acc:  56.2%  V-AUROC: 0.5873  LR: 4.00e-05
2026-08-03 10:45:54,405 | [FULL    ] | INFO | full_experiments_using.model_trainers.mobile_vit_trainer | Ep [048/500] T-Acc:  60.4%  V-Acc:  56.1%  V-AUROC: 0.5873  LR: 4.00e-05
2026-08-03 10:46:22,642 | [FULL    ] | INFO | full_experiments_using.model_trainers.mobile_vit_trainer | Ep [049/500] T-Acc:  59.9%  V-Acc:  56.1%  V-AUROC: 0.5866  LR: 4.00e-05
2026-08-03 10:46:50,704 | [FULL    ] | INFO | full_experiments_using.model_trainers.mobile_vit_trainer | Ep [050/500] T-Acc:  60.4%  V-Acc:  55.8%  V-AUROC: 0.5875  LR: 4.00e-05
2026-08-03 10:47:18,912 | [FULL    ] | INFO | full_experiments_using.model_trainers.mobile_vit_trainer | Ep [051/500] T-Acc:  60.2%  V-Acc:  55.5%  V-AUROC: 0.5867  LR: 4.00e-05
2026-08-03 10:47:18,912 | [FULL    ] | INFO | full_experiments_using.model_trainers.mobile_vit_trainer | Early stop — best AUROC 0.6120 at epoch 21 (no improvement for 30 epochs)
2026-08-03 10:47:18,912 | [FULL    ] | INFO | full_experiments_using.model_trainers.mobile_vit_trainer | Done. Best AUROC: 0.6120 (epoch 21) → /home/oem/choihyunsu/VOGBasedMCIDetection/outputs/checkpoints/run_20260803_091237_full_wvote_artifact30_w0-5-5-10-0-15-15-30_strat_4err/fold_03_best.pth
2026-08-03 10:47:28,653 | [FULL    ] | INFO | full_experiments_using.evaluators.monte_carlo_evaluator | -> Fold 04 Result | Acc=0.636 Sens=0.714 Spec=0.500 AUROC=0.714
2026-08-03 10:47:28,667 | [FULL    ] | INFO | full_experiments_using.evaluators.monte_carlo_evaluator | === Fold 05/30 | train: 25 subj (HC=10 MCI=15) / 3894 win | test: 12 subj (HC=4 MCI=8) / 1821 win ===
2026-08-03 10:47:28,928 | [FULL    ] | INFO | httpx | HTTP Request: HEAD https://huggingface.co/apple/mobilevit-small/resolve/main/config.json "HTTP/1.1 307 Temporary Redirect"
2026-08-03 10:47:28,941 | [FULL    ] | INFO | httpx | HTTP Request: HEAD https://huggingface.co/api/resolve-cache/models/apple/mobilevit-small/6c8612545dc98676d27bc518fa521d9e9af23e34/config.json "HTTP/1.1 200 OK"
2026-08-03 10:47:29,258 | [FULL    ] | INFO | httpx | HTTP Request: HEAD https://huggingface.co/apple/mobilevit-small/resolve/main/model.safetensors "HTTP/1.1 404 Not Found"
2026-08-03 10:47:29,469 | [FULL    ] | INFO | httpx | HTTP Request: HEAD https://huggingface.co/apple/mobilevit-small/resolve/main/model.safetensors.index.json "HTTP/1.1 404 Not Found"
2026-08-03 10:47:29,683 | [FULL    ] | INFO | httpx | HTTP Request: HEAD https://huggingface.co/apple/mobilevit-small/resolve/main/pytorch_model.bin "HTTP/1.1 302 Found"
2026-08-03 10:47:29,895 | [FULL    ] | INFO | httpx | HTTP Request: HEAD https://huggingface.co/apple/mobilevit-small/resolve/main/model.safetensors "HTTP/1.1 404 Not Found"
2026-08-03 10:47:30,102 | [FULL    ] | INFO | httpx | HTTP Request: GET https://huggingface.co/api/models/apple/mobilevit-small "HTTP/1.1 200 OK"
2026-08-03 10:47:30,356 | [FULL    ] | INFO | httpx | HTTP Request: GET https://huggingface.co/api/models/apple/mobilevit-small/commits/main "HTTP/1.1 200 OK"
2026-08-03 10:47:30,573 | [FULL    ] | INFO | httpx | HTTP Request: GET https://huggingface.co/api/models/apple/mobilevit-small/discussions?p=0 "HTTP/1.1 200 OK"
2026-08-03 10:47:30,873 | [FULL    ] | INFO | httpx | HTTP Request: GET https://huggingface.co/api/models/apple/mobilevit-small/commits/refs%2Fpr%2F6 "HTTP/1.1 200 OK"
2026-08-03 10:47:31,083 | [FULL    ] | INFO | httpx | HTTP Request: HEAD https://huggingface.co/apple/mobilevit-small/resolve/refs%2Fpr%2F6/model.safetensors.index.json "HTTP/1.1 404 Not Found"
2026-08-03 10:47:31,300 | [FULL    ] | INFO | httpx | HTTP Request: HEAD https://huggingface.co/apple/mobilevit-small/resolve/refs%2Fpr%2F6/model.safetensors "HTTP/1.1 302 Found"
2026-08-03 10:47:31,982 | [FULL    ] | INFO | full_experiments_using.model_trainers.mobile_vit_trainer | Device: cuda | max_epochs=500 | batch=32 | eval_batch=256 | es_patience=30
2026-08-03 10:47:31,993 | [FULL    ] | INFO | full_experiments_using.model_trainers.mobile_vit_trainer | CE weights — HC: 1.060  MCI: 0.947
2026-08-03 10:48:09,202 | [FULL    ] | INFO | full_experiments_using.model_trainers.mobile_vit_trainer | Ep [001/500] T-Acc:  51.7%  V-Acc:  46.8%  V-AUROC: 0.5095  LR: 2.00e-04
2026-08-03 10:48:09,263 | [FULL    ] | INFO | full_experiments_using.model_trainers.mobile_vit_trainer |   ↳ new best AUROC; saved checkpoint: /home/oem/choihyunsu/VOGBasedMCIDetection/outputs/checkpoints/run_20260803_091237_full_wvote_artifact30_w0-5-5-10-0-15-15-30_strat_4err/fold_04_best.pth
2026-08-03 10:48:37,581 | [FULL    ] | INFO | full_experiments_using.model_trainers.mobile_vit_trainer | Ep [002/500] T-Acc:  52.0%  V-Acc:  47.8%  V-AUROC: 0.5046  LR: 4.00e-04
2026-08-03 10:49:06,076 | [FULL    ] | INFO | full_experiments_using.model_trainers.mobile_vit_trainer | Ep [003/500] T-Acc:  52.4%  V-Acc:  48.8%  V-AUROC: 0.5079  LR: 6.00e-04
2026-08-03 10:49:34,484 | [FULL    ] | INFO | full_experiments_using.model_trainers.mobile_vit_trainer | Ep [004/500] T-Acc:  52.3%  V-Acc:  49.9%  V-AUROC: 0.4937  LR: 8.00e-04
2026-08-03 10:50:02,987 | [FULL    ] | INFO | full_experiments_using.model_trainers.mobile_vit_trainer | Ep [005/500] T-Acc:  54.1%  V-Acc:  52.2%  V-AUROC: 0.5085  LR: 1.00e-03
2026-08-03 10:50:29,543 | [FULL    ] | INFO | full_experiments_using.model_trainers.mobile_vit_trainer | Ep [006/500] T-Acc:  54.4%  V-Acc:  52.3%  V-AUROC: 0.5064  LR: 1.00e-03
2026-08-03 10:50:56,622 | [FULL    ] | INFO | full_experiments_using.model_trainers.mobile_vit_trainer | Ep [007/500] T-Acc:  55.5%  V-Acc:  53.5%  V-AUROC: 0.5199  LR: 1.00e-03
2026-08-03 10:50:56,740 | [FULL    ] | INFO | full_experiments_using.model_trainers.mobile_vit_trainer |   ↳ new best AUROC; saved checkpoint: /home/oem/choihyunsu/VOGBasedMCIDetection/outputs/checkpoints/run_20260803_091237_full_wvote_artifact30_w0-5-5-10-0-15-15-30_strat_4err/fold_04_best.pth
2026-08-03 10:51:25,188 | [FULL    ] | INFO | full_experiments_using.model_trainers.mobile_vit_trainer | Ep [008/500] T-Acc:  55.9%  V-Acc:  53.8%  V-AUROC: 0.5415  LR: 1.00e-03
2026-08-03 10:51:25,351 | [FULL    ] | INFO | full_experiments_using.model_trainers.mobile_vit_trainer |   ↳ new best AUROC; saved checkpoint: /home/oem/choihyunsu/VOGBasedMCIDetection/outputs/checkpoints/run_20260803_091237_full_wvote_artifact30_w0-5-5-10-0-15-15-30_strat_4err/fold_04_best.pth
2026-08-03 10:51:54,038 | [FULL    ] | INFO | full_experiments_using.model_trainers.mobile_vit_trainer | Ep [009/500] T-Acc:  57.1%  V-Acc:  53.1%  V-AUROC: 0.5306  LR: 1.00e-03
2026-08-03 10:52:22,480 | [FULL    ] | INFO | full_experiments_using.model_trainers.mobile_vit_trainer | Ep [010/500] T-Acc:  56.7%  V-Acc:  53.3%  V-AUROC: 0.5141  LR: 1.00e-03
2026-08-03 10:52:50,971 | [FULL    ] | INFO | full_experiments_using.model_trainers.mobile_vit_trainer | Ep [011/500] T-Acc:  57.6%  V-Acc:  52.6%  V-AUROC: 0.5153  LR: 1.00e-03
2026-08-03 10:53:19,233 | [FULL    ] | INFO | full_experiments_using.model_trainers.mobile_vit_trainer | Ep [012/500] T-Acc:  57.7%  V-Acc:  54.8%  V-AUROC: 0.5302  LR: 1.00e-03
2026-08-03 10:53:47,519 | [FULL    ] | INFO | full_experiments_using.model_trainers.mobile_vit_trainer | Ep [013/500] T-Acc:  58.2%  V-Acc:  54.3%  V-AUROC: 0.5272  LR: 1.00e-03
2026-08-03 10:54:16,054 | [FULL    ] | INFO | full_experiments_using.model_trainers.mobile_vit_trainer | Ep [014/500] T-Acc:  58.8%  V-Acc:  56.0%  V-AUROC: 0.5495  LR: 1.00e-03
2026-08-03 10:54:16,254 | [FULL    ] | INFO | full_experiments_using.model_trainers.mobile_vit_trainer |   ↳ new best AUROC; saved checkpoint: /home/oem/choihyunsu/VOGBasedMCIDetection/outputs/checkpoints/run_20260803_091237_full_wvote_artifact30_w0-5-5-10-0-15-15-30_strat_4err/fold_04_best.pth
2026-08-03 10:54:44,571 | [FULL    ] | INFO | full_experiments_using.model_trainers.mobile_vit_trainer | Ep [015/500] T-Acc:  59.7%  V-Acc:  55.1%  V-AUROC: 0.5512  LR: 1.00e-03
2026-08-03 10:54:44,756 | [FULL    ] | INFO | full_experiments_using.model_trainers.mobile_vit_trainer |   ↳ new best AUROC; saved checkpoint: /home/oem/choihyunsu/VOGBasedMCIDetection/outputs/checkpoints/run_20260803_091237_full_wvote_artifact30_w0-5-5-10-0-15-15-30_strat_4err/fold_04_best.pth
2026-08-03 10:55:13,125 | [FULL    ] | INFO | full_experiments_using.model_trainers.mobile_vit_trainer | Ep [016/500] T-Acc:  58.9%  V-Acc:  53.4%  V-AUROC: 0.5401  LR: 1.00e-03
2026-08-03 10:55:41,433 | [FULL    ] | INFO | full_experiments_using.model_trainers.mobile_vit_trainer | Ep [017/500] T-Acc:  60.4%  V-Acc:  54.1%  V-AUROC: 0.5397  LR: 1.00e-03
2026-08-03 10:56:09,765 | [FULL    ] | INFO | full_experiments_using.model_trainers.mobile_vit_trainer | Ep [018/500] T-Acc:  61.2%  V-Acc:  53.5%  V-AUROC: 0.5309  LR: 1.00e-03
2026-08-03 10:56:38,225 | [FULL    ] | INFO | full_experiments_using.model_trainers.mobile_vit_trainer | Ep [019/500] T-Acc:  60.6%  V-Acc:  55.0%  V-AUROC: 0.5383  LR: 1.00e-03
2026-08-03 10:57:06,696 | [FULL    ] | INFO | full_experiments_using.model_trainers.mobile_vit_trainer | Ep [020/500] T-Acc:  61.8%  V-Acc:  55.1%  V-AUROC: 0.5532  LR: 1.00e-03
2026-08-03 10:57:06,908 | [FULL    ] | INFO | full_experiments_using.model_trainers.mobile_vit_trainer |   ↳ new best AUROC; saved checkpoint: /home/oem/choihyunsu/VOGBasedMCIDetection/outputs/checkpoints/run_20260803_091237_full_wvote_artifact30_w0-5-5-10-0-15-15-30_strat_4err/fold_04_best.pth
2026-08-03 10:57:35,699 | [FULL    ] | INFO | full_experiments_using.model_trainers.mobile_vit_trainer | Ep [021/500] T-Acc:  60.6%  V-Acc:  55.5%  V-AUROC: 0.5365  LR: 1.00e-03
2026-08-03 10:58:04,487 | [FULL    ] | INFO | full_experiments_using.model_trainers.mobile_vit_trainer | Ep [022/500] T-Acc:  61.3%  V-Acc:  54.4%  V-AUROC: 0.5473  LR: 1.00e-03
2026-08-03 10:58:33,189 | [FULL    ] | INFO | full_experiments_using.model_trainers.mobile_vit_trainer | Ep [023/500] T-Acc:  61.4%  V-Acc:  55.3%  V-AUROC: 0.5457  LR: 1.00e-03
2026-08-03 10:59:01,539 | [FULL    ] | INFO | full_experiments_using.model_trainers.mobile_vit_trainer | Ep [024/500] T-Acc:  61.4%  V-Acc:  54.1%  V-AUROC: 0.5478  LR: 1.00e-03
2026-08-03 10:59:30,385 | [FULL    ] | INFO | full_experiments_using.model_trainers.mobile_vit_trainer | Ep [025/500] T-Acc:  61.6%  V-Acc:  54.4%  V-AUROC: 0.5455  LR: 1.00e-03
2026-08-03 10:59:58,632 | [FULL    ] | INFO | full_experiments_using.model_trainers.mobile_vit_trainer | Ep [026/500] T-Acc:  61.7%  V-Acc:  54.5%  V-AUROC: 0.5396  LR: 1.00e-03
2026-08-03 11:00:26,800 | [FULL    ] | INFO | full_experiments_using.model_trainers.mobile_vit_trainer | Ep [027/500] T-Acc:  62.0%  V-Acc:  54.9%  V-AUROC: 0.5500  LR: 1.00e-03
2026-08-03 11:00:55,294 | [FULL    ] | INFO | full_experiments_using.model_trainers.mobile_vit_trainer | Ep [028/500] T-Acc:  62.4%  V-Acc:  55.6%  V-AUROC: 0.5468  LR: 1.00e-03
2026-08-03 11:01:23,831 | [FULL    ] | INFO | full_experiments_using.model_trainers.mobile_vit_trainer | Ep [029/500] T-Acc:  61.3%  V-Acc:  54.0%  V-AUROC: 0.5460  LR: 1.00e-03
2026-08-03 11:01:52,384 | [FULL    ] | INFO | full_experiments_using.model_trainers.mobile_vit_trainer | Ep [030/500] T-Acc:  62.5%  V-Acc:  56.2%  V-AUROC: 0.5648  LR: 1.00e-03
2026-08-03 11:01:52,538 | [FULL    ] | INFO | full_experiments_using.model_trainers.mobile_vit_trainer |   ↳ new best AUROC; saved checkpoint: /home/oem/choihyunsu/VOGBasedMCIDetection/outputs/checkpoints/run_20260803_091237_full_wvote_artifact30_w0-5-5-10-0-15-15-30_strat_4err/fold_04_best.pth
2026-08-03 11:02:20,831 | [FULL    ] | INFO | full_experiments_using.model_trainers.mobile_vit_trainer | Ep [031/500] T-Acc:  62.5%  V-Acc:  55.2%  V-AUROC: 0.5540  LR: 1.00e-03
2026-08-03 11:02:49,399 | [FULL    ] | INFO | full_experiments_using.model_trainers.mobile_vit_trainer | Ep [032/500] T-Acc:  62.1%  V-Acc:  53.8%  V-AUROC: 0.5504  LR: 1.00e-03
2026-08-03 11:03:18,133 | [FULL    ] | INFO | full_experiments_using.model_trainers.mobile_vit_trainer | Ep [033/500] T-Acc:  63.8%  V-Acc:  54.6%  V-AUROC: 0.5573  LR: 1.00e-03
2026-08-03 11:03:46,448 | [FULL    ] | INFO | full_experiments_using.model_trainers.mobile_vit_trainer | Ep [034/500] T-Acc:  62.6%  V-Acc:  54.6%  V-AUROC: 0.5473  LR: 1.00e-03
2026-08-03 11:04:15,135 | [FULL    ] | INFO | full_experiments_using.model_trainers.mobile_vit_trainer | Ep [035/500] T-Acc:  62.3%  V-Acc:  55.0%  V-AUROC: 0.5478  LR: 1.00e-03
2026-08-03 11:04:43,543 | [FULL    ] | INFO | full_experiments_using.model_trainers.mobile_vit_trainer | Ep [036/500] T-Acc:  63.1%  V-Acc:  53.4%  V-AUROC: 0.5479  LR: 1.00e-03
2026-08-03 11:05:10,133 | [FULL    ] | INFO | full_experiments_using.model_trainers.mobile_vit_trainer | Ep [037/500] T-Acc:  63.3%  V-Acc:  54.8%  V-AUROC: 0.5530  LR: 1.00e-03
2026-08-03 11:05:38,208 | [FULL    ] | INFO | full_experiments_using.model_trainers.mobile_vit_trainer | Ep [038/500] T-Acc:  63.1%  V-Acc:  54.5%  V-AUROC: 0.5631  LR: 1.00e-03
2026-08-03 11:06:04,722 | [FULL    ] | INFO | full_experiments_using.model_trainers.mobile_vit_trainer | Ep [039/500] T-Acc:  64.5%  V-Acc:  54.1%  V-AUROC: 0.5440  LR: 1.00e-03
2026-08-03 11:06:31,070 | [FULL    ] | INFO | full_experiments_using.model_trainers.mobile_vit_trainer | Ep [040/500] T-Acc:  63.9%  V-Acc:  54.8%  V-AUROC: 0.5533  LR: 1.00e-03
2026-08-03 11:06:59,421 | [FULL    ] | INFO | full_experiments_using.model_trainers.mobile_vit_trainer | Ep [041/500] T-Acc:  62.8%  V-Acc:  53.3%  V-AUROC: 0.5471  LR: 1.00e-03
2026-08-03 11:07:27,995 | [FULL    ] | INFO | full_experiments_using.model_trainers.mobile_vit_trainer | Ep [042/500] T-Acc:  63.7%  V-Acc:  53.7%  V-AUROC: 0.5484  LR: 2.00e-04
2026-08-03 11:07:56,342 | [FULL    ] | INFO | full_experiments_using.model_trainers.mobile_vit_trainer | Ep [043/500] T-Acc:  63.3%  V-Acc:  53.5%  V-AUROC: 0.5495  LR: 2.00e-04
2026-08-03 11:08:24,952 | [FULL    ] | INFO | full_experiments_using.model_trainers.mobile_vit_trainer | Ep [044/500] T-Acc:  63.4%  V-Acc:  53.2%  V-AUROC: 0.5489  LR: 2.00e-04
2026-08-03 11:08:53,178 | [FULL    ] | INFO | full_experiments_using.model_trainers.mobile_vit_trainer | Ep [045/500] T-Acc:  63.3%  V-Acc:  53.4%  V-AUROC: 0.5501  LR: 2.00e-04
2026-08-03 11:09:21,589 | [FULL    ] | INFO | full_experiments_using.model_trainers.mobile_vit_trainer | Ep [046/500] T-Acc:  64.5%  V-Acc:  54.4%  V-AUROC: 0.5497  LR: 2.00e-04
2026-08-03 11:09:50,095 | [FULL    ] | INFO | full_experiments_using.model_trainers.mobile_vit_trainer | Ep [047/500] T-Acc:  63.4%  V-Acc:  54.3%  V-AUROC: 0.5456  LR: 2.00e-04
2026-08-03 11:10:18,520 | [FULL    ] | INFO | full_experiments_using.model_trainers.mobile_vit_trainer | Ep [048/500] T-Acc:  63.3%  V-Acc:  54.0%  V-AUROC: 0.5429  LR: 2.00e-04
2026-08-03 11:10:46,328 | [FULL    ] | INFO | full_experiments_using.model_trainers.mobile_vit_trainer | Ep [049/500] T-Acc:  63.2%  V-Acc:  54.9%  V-AUROC: 0.5482  LR: 2.00e-04
2026-08-03 11:11:13,393 | [FULL    ] | INFO | full_experiments_using.model_trainers.mobile_vit_trainer | Ep [050/500] T-Acc:  64.8%  V-Acc:  54.6%  V-AUROC: 0.5506  LR: 2.00e-04
2026-08-03 11:11:41,783 | [FULL    ] | INFO | full_experiments_using.model_trainers.mobile_vit_trainer | Ep [051/500] T-Acc:  64.2%  V-Acc:  54.5%  V-AUROC: 0.5509  LR: 2.00e-04
2026-08-03 11:12:10,291 | [FULL    ] | INFO | full_experiments_using.model_trainers.mobile_vit_trainer | Ep [052/500] T-Acc:  63.0%  V-Acc:  53.7%  V-AUROC: 0.5493  LR: 2.00e-04
2026-08-03 11:12:38,602 | [FULL    ] | INFO | full_experiments_using.model_trainers.mobile_vit_trainer | Ep [053/500] T-Acc:  63.7%  V-Acc:  54.3%  V-AUROC: 0.5509  LR: 4.00e-05
2026-08-03 11:13:06,803 | [FULL    ] | INFO | full_experiments_using.model_trainers.mobile_vit_trainer | Ep [054/500] T-Acc:  64.6%  V-Acc:  54.3%  V-AUROC: 0.5501  LR: 4.00e-05
2026-08-03 11:13:35,294 | [FULL    ] | INFO | full_experiments_using.model_trainers.mobile_vit_trainer | Ep [055/500] T-Acc:  64.1%  V-Acc:  54.4%  V-AUROC: 0.5513  LR: 4.00e-05
2026-08-03 11:14:03,693 | [FULL    ] | INFO | full_experiments_using.model_trainers.mobile_vit_trainer | Ep [056/500] T-Acc:  64.2%  V-Acc:  54.6%  V-AUROC: 0.5502  LR: 4.00e-05
2026-08-03 11:14:32,075 | [FULL    ] | INFO | full_experiments_using.model_trainers.mobile_vit_trainer | Ep [057/500] T-Acc:  63.2%  V-Acc:  54.4%  V-AUROC: 0.5516  LR: 4.00e-05
2026-08-03 11:15:00,228 | [FULL    ] | INFO | full_experiments_using.model_trainers.mobile_vit_trainer | Ep [058/500] T-Acc:  63.5%  V-Acc:  54.4%  V-AUROC: 0.5504  LR: 4.00e-05
2026-08-03 11:15:28,274 | [FULL    ] | INFO | full_experiments_using.model_trainers.mobile_vit_trainer | Ep [059/500] T-Acc:  63.7%  V-Acc:  53.7%  V-AUROC: 0.5515  LR: 4.00e-05
2026-08-03 11:15:56,817 | [FULL    ] | INFO | full_experiments_using.model_trainers.mobile_vit_trainer | Ep [060/500] T-Acc:  63.7%  V-Acc:  54.0%  V-AUROC: 0.5485  LR: 4.00e-05
2026-08-03 11:15:56,818 | [FULL    ] | INFO | full_experiments_using.model_trainers.mobile_vit_trainer | Early stop — best AUROC 0.5648 at epoch 30 (no improvement for 30 epochs)
2026-08-03 11:15:56,818 | [FULL    ] | INFO | full_experiments_using.model_trainers.mobile_vit_trainer | Done. Best AUROC: 0.5648 (epoch 30) → /home/oem/choihyunsu/VOGBasedMCIDetection/outputs/checkpoints/run_20260803_091237_full_wvote_artifact30_w0-5-5-10-0-15-15-30_strat_4err/fold_04_best.pth
2026-08-03 11:16:06,003 | [FULL    ] | INFO | full_experiments_using.evaluators.monte_carlo_evaluator | -> Fold 05 Result | Acc=0.818 Sens=0.875 Spec=0.667 AUROC=0.750
2026-08-03 11:16:06,010 | [FULL    ] | INFO | full_experiments_using.evaluators.monte_carlo_evaluator | === Fold 06/30 | train: 25 subj (HC=10 MCI=15) / 3820 win | test: 12 subj (HC=4 MCI=8) / 1895 win ===
2026-08-03 11:16:06,264 | [FULL    ] | INFO | httpx | HTTP Request: HEAD https://huggingface.co/apple/mobilevit-small/resolve/main/config.json "HTTP/1.1 307 Temporary Redirect"
2026-08-03 11:16:06,284 | [FULL    ] | INFO | httpx | HTTP Request: HEAD https://huggingface.co/api/resolve-cache/models/apple/mobilevit-small/6c8612545dc98676d27bc518fa521d9e9af23e34/config.json "HTTP/1.1 200 OK"
2026-08-03 11:16:06,562 | [FULL    ] | INFO | httpx | HTTP Request: HEAD https://huggingface.co/apple/mobilevit-small/resolve/main/model.safetensors "HTTP/1.1 404 Not Found"
2026-08-03 11:16:06,774 | [FULL    ] | INFO | httpx | HTTP Request: HEAD https://huggingface.co/apple/mobilevit-small/resolve/main/model.safetensors.index.json "HTTP/1.1 404 Not Found"
2026-08-03 11:16:06,995 | [FULL    ] | INFO | httpx | HTTP Request: HEAD https://huggingface.co/apple/mobilevit-small/resolve/main/pytorch_model.bin "HTTP/1.1 302 Found"
2026-08-03 11:16:07,214 | [FULL    ] | INFO | httpx | HTTP Request: HEAD https://huggingface.co/apple/mobilevit-small/resolve/main/model.safetensors "HTTP/1.1 404 Not Found"
2026-08-03 11:16:07,441 | [FULL    ] | INFO | httpx | HTTP Request: GET https://huggingface.co/api/models/apple/mobilevit-small "HTTP/1.1 200 OK"
2026-08-03 11:16:07,720 | [FULL    ] | INFO | httpx | HTTP Request: GET https://huggingface.co/api/models/apple/mobilevit-small/commits/main "HTTP/1.1 200 OK"
2026-08-03 11:16:07,948 | [FULL    ] | INFO | httpx | HTTP Request: GET https://huggingface.co/api/models/apple/mobilevit-small/discussions?p=0 "HTTP/1.1 200 OK"
2026-08-03 11:16:08,174 | [FULL    ] | INFO | httpx | HTTP Request: GET https://huggingface.co/api/models/apple/mobilevit-small/commits/refs%2Fpr%2F6 "HTTP/1.1 200 OK"
2026-08-03 11:16:08,378 | [FULL    ] | INFO | httpx | HTTP Request: HEAD https://huggingface.co/apple/mobilevit-small/resolve/refs%2Fpr%2F6/model.safetensors.index.json "HTTP/1.1 404 Not Found"
2026-08-03 11:16:08,594 | [FULL    ] | INFO | httpx | HTTP Request: HEAD https://huggingface.co/apple/mobilevit-small/resolve/refs%2Fpr%2F6/model.safetensors "HTTP/1.1 302 Found"
2026-08-03 11:16:09,426 | [FULL    ] | INFO | full_experiments_using.model_trainers.mobile_vit_trainer | Device: cuda | max_epochs=500 | batch=32 | eval_batch=256 | es_patience=30
2026-08-03 11:16:09,435 | [FULL    ] | INFO | full_experiments_using.model_trainers.mobile_vit_trainer | CE weights — HC: 1.072  MCI: 0.937
2026-08-03 11:16:37,773 | [FULL    ] | INFO | full_experiments_using.model_trainers.mobile_vit_trainer | Ep [001/500] T-Acc:  48.1%  V-Acc:  43.6%  V-AUROC: 0.5155  LR: 2.00e-04
2026-08-03 11:16:37,834 | [FULL    ] | INFO | full_experiments_using.model_trainers.mobile_vit_trainer |   ↳ new best AUROC; saved checkpoint: /home/oem/choihyunsu/VOGBasedMCIDetection/outputs/checkpoints/run_20260803_091237_full_wvote_artifact30_w0-5-5-10-0-15-15-30_strat_4err/fold_05_best.pth
2026-08-03 11:17:06,082 | [FULL    ] | INFO | full_experiments_using.model_trainers.mobile_vit_trainer | Ep [002/500] T-Acc:  49.9%  V-Acc:  45.2%  V-AUROC: 0.5220  LR: 4.00e-04
2026-08-03 11:17:06,250 | [FULL    ] | INFO | full_experiments_using.model_trainers.mobile_vit_trainer |   ↳ new best AUROC; saved checkpoint: /home/oem/choihyunsu/VOGBasedMCIDetection/outputs/checkpoints/run_20260803_091237_full_wvote_artifact30_w0-5-5-10-0-15-15-30_strat_4err/fold_05_best.pth
2026-08-03 11:17:34,276 | [FULL    ] | INFO | full_experiments_using.model_trainers.mobile_vit_trainer | Ep [003/500] T-Acc:  50.4%  V-Acc:  46.8%  V-AUROC: 0.5206  LR: 6.00e-04
2026-08-03 11:18:02,262 | [FULL    ] | INFO | full_experiments_using.model_trainers.mobile_vit_trainer | Ep [004/500] T-Acc:  51.1%  V-Acc:  47.9%  V-AUROC: 0.5260  LR: 8.00e-04
2026-08-03 11:18:02,381 | [FULL    ] | INFO | full_experiments_using.model_trainers.mobile_vit_trainer |   ↳ new best AUROC; saved checkpoint: /home/oem/choihyunsu/VOGBasedMCIDetection/outputs/checkpoints/run_20260803_091237_full_wvote_artifact30_w0-5-5-10-0-15-15-30_strat_4err/fold_05_best.pth
2026-08-03 11:18:30,479 | [FULL    ] | INFO | full_experiments_using.model_trainers.mobile_vit_trainer | Ep [005/500] T-Acc:  51.8%  V-Acc:  49.9%  V-AUROC: 0.5420  LR: 1.00e-03
2026-08-03 11:18:30,632 | [FULL    ] | INFO | full_experiments_using.model_trainers.mobile_vit_trainer |   ↳ new best AUROC; saved checkpoint: /home/oem/choihyunsu/VOGBasedMCIDetection/outputs/checkpoints/run_20260803_091237_full_wvote_artifact30_w0-5-5-10-0-15-15-30_strat_4err/fold_05_best.pth
2026-08-03 11:18:58,852 | [FULL    ] | INFO | full_experiments_using.model_trainers.mobile_vit_trainer | Ep [006/500] T-Acc:  53.3%  V-Acc:  52.3%  V-AUROC: 0.5514  LR: 1.00e-03
2026-08-03 11:18:58,973 | [FULL    ] | INFO | full_experiments_using.model_trainers.mobile_vit_trainer |   ↳ new best AUROC; saved checkpoint: /home/oem/choihyunsu/VOGBasedMCIDetection/outputs/checkpoints/run_20260803_091237_full_wvote_artifact30_w0-5-5-10-0-15-15-30_strat_4err/fold_05_best.pth
2026-08-03 11:19:27,096 | [FULL    ] | INFO | full_experiments_using.model_trainers.mobile_vit_trainer | Ep [007/500] T-Acc:  54.1%  V-Acc:  52.9%  V-AUROC: 0.5600  LR: 1.00e-03
2026-08-03 11:19:27,214 | [FULL    ] | INFO | full_experiments_using.model_trainers.mobile_vit_trainer |   ↳ new best AUROC; saved checkpoint: /home/oem/choihyunsu/VOGBasedMCIDetection/outputs/checkpoints/run_20260803_091237_full_wvote_artifact30_w0-5-5-10-0-15-15-30_strat_4err/fold_05_best.pth
2026-08-03 11:19:55,571 | [FULL    ] | INFO | full_experiments_using.model_trainers.mobile_vit_trainer | Ep [008/500] T-Acc:  54.5%  V-Acc:  53.0%  V-AUROC: 0.5548  LR: 1.00e-03
2026-08-03 11:20:23,914 | [FULL    ] | INFO | full_experiments_using.model_trainers.mobile_vit_trainer | Ep [009/500] T-Acc:  55.7%  V-Acc:  54.7%  V-AUROC: 0.5694  LR: 1.00e-03
2026-08-03 11:20:24,047 | [FULL    ] | INFO | full_experiments_using.model_trainers.mobile_vit_trainer |   ↳ new best AUROC; saved checkpoint: /home/oem/choihyunsu/VOGBasedMCIDetection/outputs/checkpoints/run_20260803_091237_full_wvote_artifact30_w0-5-5-10-0-15-15-30_strat_4err/fold_05_best.pth
2026-08-03 11:20:52,009 | [FULL    ] | INFO | full_experiments_using.model_trainers.mobile_vit_trainer | Ep [010/500] T-Acc:  57.1%  V-Acc:  55.9%  V-AUROC: 0.5788  LR: 1.00e-03
2026-08-03 11:20:52,217 | [FULL    ] | INFO | full_experiments_using.model_trainers.mobile_vit_trainer |   ↳ new best AUROC; saved checkpoint: /home/oem/choihyunsu/VOGBasedMCIDetection/outputs/checkpoints/run_20260803_091237_full_wvote_artifact30_w0-5-5-10-0-15-15-30_strat_4err/fold_05_best.pth
2026-08-03 11:21:20,308 | [FULL    ] | INFO | full_experiments_using.model_trainers.mobile_vit_trainer | Ep [011/500] T-Acc:  56.3%  V-Acc:  56.1%  V-AUROC: 0.5744  LR: 1.00e-03
2026-08-03 11:21:48,275 | [FULL    ] | INFO | full_experiments_using.model_trainers.mobile_vit_trainer | Ep [012/500] T-Acc:  56.3%  V-Acc:  54.4%  V-AUROC: 0.5667  LR: 1.00e-03
2026-08-03 11:22:16,490 | [FULL    ] | INFO | full_experiments_using.model_trainers.mobile_vit_trainer | Ep [013/500] T-Acc:  56.7%  V-Acc:  55.5%  V-AUROC: 0.5793  LR: 1.00e-03
2026-08-03 11:22:16,612 | [FULL    ] | INFO | full_experiments_using.model_trainers.mobile_vit_trainer |   ↳ new best AUROC; saved checkpoint: /home/oem/choihyunsu/VOGBasedMCIDetection/outputs/checkpoints/run_20260803_091237_full_wvote_artifact30_w0-5-5-10-0-15-15-30_strat_4err/fold_05_best.pth
2026-08-03 11:22:44,665 | [FULL    ] | INFO | full_experiments_using.model_trainers.mobile_vit_trainer | Ep [014/500] T-Acc:  58.0%  V-Acc:  56.5%  V-AUROC: 0.5890  LR: 1.00e-03
2026-08-03 11:22:44,788 | [FULL    ] | INFO | full_experiments_using.model_trainers.mobile_vit_trainer |   ↳ new best AUROC; saved checkpoint: /home/oem/choihyunsu/VOGBasedMCIDetection/outputs/checkpoints/run_20260803_091237_full_wvote_artifact30_w0-5-5-10-0-15-15-30_strat_4err/fold_05_best.pth
2026-08-03 11:23:13,048 | [FULL    ] | INFO | full_experiments_using.model_trainers.mobile_vit_trainer | Ep [015/500] T-Acc:  57.5%  V-Acc:  56.9%  V-AUROC: 0.5921  LR: 1.00e-03
2026-08-03 11:23:13,199 | [FULL    ] | INFO | full_experiments_using.model_trainers.mobile_vit_trainer |   ↳ new best AUROC; saved checkpoint: /home/oem/choihyunsu/VOGBasedMCIDetection/outputs/checkpoints/run_20260803_091237_full_wvote_artifact30_w0-5-5-10-0-15-15-30_strat_4err/fold_05_best.pth
2026-08-03 11:23:41,354 | [FULL    ] | INFO | full_experiments_using.model_trainers.mobile_vit_trainer | Ep [016/500] T-Acc:  58.0%  V-Acc:  54.4%  V-AUROC: 0.5767  LR: 1.00e-03
2026-08-03 11:24:09,506 | [FULL    ] | INFO | full_experiments_using.model_trainers.mobile_vit_trainer | Ep [017/500] T-Acc:  58.7%  V-Acc:  56.9%  V-AUROC: 0.5892  LR: 1.00e-03
2026-08-03 11:24:37,553 | [FULL    ] | INFO | full_experiments_using.model_trainers.mobile_vit_trainer | Ep [018/500] T-Acc:  58.1%  V-Acc:  55.5%  V-AUROC: 0.5847  LR: 1.00e-03
2026-08-03 11:25:05,950 | [FULL    ] | INFO | full_experiments_using.model_trainers.mobile_vit_trainer | Ep [019/500] T-Acc:  59.1%  V-Acc:  57.8%  V-AUROC: 0.5840  LR: 1.00e-03
2026-08-03 11:25:34,278 | [FULL    ] | INFO | full_experiments_using.model_trainers.mobile_vit_trainer | Ep [020/500] T-Acc:  58.9%  V-Acc:  55.7%  V-AUROC: 0.5852  LR: 1.00e-03
2026-08-03 11:26:02,851 | [FULL    ] | INFO | full_experiments_using.model_trainers.mobile_vit_trainer | Ep [021/500] T-Acc:  58.5%  V-Acc:  57.5%  V-AUROC: 0.5809  LR: 1.00e-03
2026-08-03 11:26:31,249 | [FULL    ] | INFO | full_experiments_using.model_trainers.mobile_vit_trainer | Ep [022/500] T-Acc:  59.4%  V-Acc:  54.7%  V-AUROC: 0.5755  LR: 1.00e-03
2026-08-03 11:26:59,237 | [FULL    ] | INFO | full_experiments_using.model_trainers.mobile_vit_trainer | Ep [023/500] T-Acc:  60.5%  V-Acc:  56.6%  V-AUROC: 0.5901  LR: 1.00e-03
2026-08-03 11:27:27,390 | [FULL    ] | INFO | full_experiments_using.model_trainers.mobile_vit_trainer | Ep [024/500] T-Acc:  59.1%  V-Acc:  57.6%  V-AUROC: 0.5944  LR: 1.00e-03
2026-08-03 11:27:27,555 | [FULL    ] | INFO | full_experiments_using.model_trainers.mobile_vit_trainer |   ↳ new best AUROC; saved checkpoint: /home/oem/choihyunsu/VOGBasedMCIDetection/outputs/checkpoints/run_20260803_091237_full_wvote_artifact30_w0-5-5-10-0-15-15-30_strat_4err/fold_05_best.pth
2026-08-03 11:27:55,909 | [FULL    ] | INFO | full_experiments_using.model_trainers.mobile_vit_trainer | Ep [025/500] T-Acc:  60.1%  V-Acc:  56.3%  V-AUROC: 0.5837  LR: 1.00e-03
2026-08-03 11:28:24,024 | [FULL    ] | INFO | full_experiments_using.model_trainers.mobile_vit_trainer | Ep [026/500] T-Acc:  60.9%  V-Acc:  56.4%  V-AUROC: 0.5802  LR: 1.00e-03
2026-08-03 11:28:51,968 | [FULL    ] | INFO | full_experiments_using.model_trainers.mobile_vit_trainer | Ep [027/500] T-Acc:  59.3%  V-Acc:  56.0%  V-AUROC: 0.5888  LR: 1.00e-03
2026-08-03 11:29:20,256 | [FULL    ] | INFO | full_experiments_using.model_trainers.mobile_vit_trainer | Ep [028/500] T-Acc:  59.7%  V-Acc:  54.0%  V-AUROC: 0.5725  LR: 1.00e-03
2026-08-03 11:29:47,280 | [FULL    ] | INFO | full_experiments_using.model_trainers.mobile_vit_trainer | Ep [029/500] T-Acc:  61.3%  V-Acc:  54.9%  V-AUROC: 0.5792  LR: 1.00e-03
2026-08-03 11:30:13,047 | [FULL    ] | INFO | full_experiments_using.model_trainers.mobile_vit_trainer | Ep [030/500] T-Acc:  61.2%  V-Acc:  55.9%  V-AUROC: 0.5838  LR: 1.00e-03
2026-08-03 11:30:41,330 | [FULL    ] | INFO | full_experiments_using.model_trainers.mobile_vit_trainer | Ep [031/500] T-Acc:  61.5%  V-Acc:  55.8%  V-AUROC: 0.5735  LR: 1.00e-03
2026-08-03 11:31:07,278 | [FULL    ] | INFO | full_experiments_using.model_trainers.mobile_vit_trainer | Ep [032/500] T-Acc:  62.6%  V-Acc:  55.6%  V-AUROC: 0.5726  LR: 1.00e-03
2026-08-03 11:31:35,392 | [FULL    ] | INFO | full_experiments_using.model_trainers.mobile_vit_trainer | Ep [033/500] T-Acc:  60.6%  V-Acc:  55.2%  V-AUROC: 0.5776  LR: 1.00e-03
2026-08-03 11:32:03,480 | [FULL    ] | INFO | full_experiments_using.model_trainers.mobile_vit_trainer | Ep [034/500] T-Acc:  60.8%  V-Acc:  55.4%  V-AUROC: 0.5783  LR: 1.00e-03
2026-08-03 11:32:31,297 | [FULL    ] | INFO | full_experiments_using.model_trainers.mobile_vit_trainer | Ep [035/500] T-Acc:  60.3%  V-Acc:  55.3%  V-AUROC: 0.5685  LR: 1.00e-03
2026-08-03 11:32:59,445 | [FULL    ] | INFO | full_experiments_using.model_trainers.mobile_vit_trainer | Ep [036/500] T-Acc:  61.9%  V-Acc:  55.5%  V-AUROC: 0.5743  LR: 2.00e-04
2026-08-03 11:33:27,239 | [FULL    ] | INFO | full_experiments_using.model_trainers.mobile_vit_trainer | Ep [037/500] T-Acc:  61.1%  V-Acc:  55.8%  V-AUROC: 0.5725  LR: 2.00e-04
2026-08-03 11:33:55,320 | [FULL    ] | INFO | full_experiments_using.model_trainers.mobile_vit_trainer | Ep [038/500] T-Acc:  62.5%  V-Acc:  56.2%  V-AUROC: 0.5788  LR: 2.00e-04
2026-08-03 11:34:23,173 | [FULL    ] | INFO | full_experiments_using.model_trainers.mobile_vit_trainer | Ep [039/500] T-Acc:  61.1%  V-Acc:  55.7%  V-AUROC: 0.5765  LR: 2.00e-04
2026-08-03 11:34:51,340 | [FULL    ] | INFO | full_experiments_using.model_trainers.mobile_vit_trainer | Ep [040/500] T-Acc:  62.8%  V-Acc:  56.5%  V-AUROC: 0.5790  LR: 2.00e-04
2026-08-03 11:35:19,525 | [FULL    ] | INFO | full_experiments_using.model_trainers.mobile_vit_trainer | Ep [041/500] T-Acc:  62.1%  V-Acc:  55.1%  V-AUROC: 0.5774  LR: 2.00e-04
2026-08-03 11:35:47,648 | [FULL    ] | INFO | full_experiments_using.model_trainers.mobile_vit_trainer | Ep [042/500] T-Acc:  62.2%  V-Acc:  55.7%  V-AUROC: 0.5766  LR: 2.00e-04
2026-08-03 11:36:15,686 | [FULL    ] | INFO | full_experiments_using.model_trainers.mobile_vit_trainer | Ep [043/500] T-Acc:  61.5%  V-Acc:  55.4%  V-AUROC: 0.5786  LR: 2.00e-04
2026-08-03 11:36:43,974 | [FULL    ] | INFO | full_experiments_using.model_trainers.mobile_vit_trainer | Ep [044/500] T-Acc:  61.6%  V-Acc:  55.7%  V-AUROC: 0.5779  LR: 2.00e-04
2026-08-03 11:37:12,086 | [FULL    ] | INFO | full_experiments_using.model_trainers.mobile_vit_trainer | Ep [045/500] T-Acc:  62.2%  V-Acc:  55.3%  V-AUROC: 0.5806  LR: 2.00e-04
2026-08-03 11:37:40,124 | [FULL    ] | INFO | full_experiments_using.model_trainers.mobile_vit_trainer | Ep [046/500] T-Acc:  62.2%  V-Acc:  55.9%  V-AUROC: 0.5791  LR: 2.00e-04
2026-08-03 11:38:08,178 | [FULL    ] | INFO | full_experiments_using.model_trainers.mobile_vit_trainer | Ep [047/500] T-Acc:  61.8%  V-Acc:  56.0%  V-AUROC: 0.5812  LR: 4.00e-05
2026-08-03 11:38:36,511 | [FULL    ] | INFO | full_experiments_using.model_trainers.mobile_vit_trainer | Ep [048/500] T-Acc:  62.1%  V-Acc:  55.6%  V-AUROC: 0.5800  LR: 4.00e-05
2026-08-03 11:39:04,561 | [FULL    ] | INFO | full_experiments_using.model_trainers.mobile_vit_trainer | Ep [049/500] T-Acc:  61.4%  V-Acc:  55.6%  V-AUROC: 0.5810  LR: 4.00e-05
2026-08-03 11:39:32,615 | [FULL    ] | INFO | full_experiments_using.model_trainers.mobile_vit_trainer | Ep [050/500] T-Acc:  61.9%  V-Acc:  56.4%  V-AUROC: 0.5813  LR: 4.00e-05
2026-08-03 11:40:00,657 | [FULL    ] | INFO | full_experiments_using.model_trainers.mobile_vit_trainer | Ep [051/500] T-Acc:  62.2%  V-Acc:  55.6%  V-AUROC: 0.5795  LR: 4.00e-05
2026-08-03 11:40:28,513 | [FULL    ] | INFO | full_experiments_using.model_trainers.mobile_vit_trainer | Ep [052/500] T-Acc:  61.6%  V-Acc:  55.7%  V-AUROC: 0.5809  LR: 4.00e-05
2026-08-03 11:40:56,705 | [FULL    ] | INFO | full_experiments_using.model_trainers.mobile_vit_trainer | Ep [053/500] T-Acc:  62.5%  V-Acc:  56.7%  V-AUROC: 0.5817  LR: 4.00e-05
2026-08-03 11:41:24,723 | [FULL    ] | INFO | full_experiments_using.model_trainers.mobile_vit_trainer | Ep [054/500] T-Acc:  63.2%  V-Acc:  56.0%  V-AUROC: 0.5810  LR: 4.00e-05
2026-08-03 11:41:24,724 | [FULL    ] | INFO | full_experiments_using.model_trainers.mobile_vit_trainer | Early stop — best AUROC 0.5944 at epoch 24 (no improvement for 30 epochs)
2026-08-03 11:41:24,724 | [FULL    ] | INFO | full_experiments_using.model_trainers.mobile_vit_trainer | Done. Best AUROC: 0.5944 (epoch 24) → /home/oem/choihyunsu/VOGBasedMCIDetection/outputs/checkpoints/run_20260803_091237_full_wvote_artifact30_w0-5-5-10-0-15-15-30_strat_4err/fold_05_best.pth
2026-08-03 11:41:30,567 | [FULL    ] | INFO | full_experiments_using.evaluators.monte_carlo_evaluator | -> Fold 06 Result | Acc=0.909 Sens=1.000 Spec=0.667 AUROC=0.917
2026-08-03 11:41:30,574 | [FULL    ] | INFO | full_experiments_using.evaluators.monte_carlo_evaluator | === Fold 07/30 | train: 25 subj (HC=10 MCI=15) / 3913 win | test: 12 subj (HC=4 MCI=8) / 1802 win ===
2026-08-03 11:41:30,817 | [FULL    ] | INFO | httpx | HTTP Request: HEAD https://huggingface.co/apple/mobilevit-small/resolve/main/config.json "HTTP/1.1 307 Temporary Redirect"
2026-08-03 11:41:30,848 | [FULL    ] | INFO | httpx | HTTP Request: HEAD https://huggingface.co/api/resolve-cache/models/apple/mobilevit-small/6c8612545dc98676d27bc518fa521d9e9af23e34/config.json "HTTP/1.1 200 OK"
2026-08-03 11:41:31,163 | [FULL    ] | INFO | httpx | HTTP Request: HEAD https://huggingface.co/apple/mobilevit-small/resolve/main/model.safetensors "HTTP/1.1 404 Not Found"
2026-08-03 11:41:31,375 | [FULL    ] | INFO | httpx | HTTP Request: HEAD https://huggingface.co/apple/mobilevit-small/resolve/main/model.safetensors.index.json "HTTP/1.1 404 Not Found"
2026-08-03 11:41:31,592 | [FULL    ] | INFO | httpx | HTTP Request: HEAD https://huggingface.co/apple/mobilevit-small/resolve/main/pytorch_model.bin "HTTP/1.1 302 Found"
2026-08-03 11:41:31,828 | [FULL    ] | INFO | httpx | HTTP Request: HEAD https://huggingface.co/apple/mobilevit-small/resolve/main/model.safetensors "HTTP/1.1 404 Not Found"
2026-08-03 11:41:32,038 | [FULL    ] | INFO | httpx | HTTP Request: GET https://huggingface.co/api/models/apple/mobilevit-small "HTTP/1.1 200 OK"
2026-08-03 11:41:32,258 | [FULL    ] | INFO | httpx | HTTP Request: GET https://huggingface.co/api/models/apple/mobilevit-small/commits/main "HTTP/1.1 200 OK"
2026-08-03 11:41:32,493 | [FULL    ] | INFO | httpx | HTTP Request: GET https://huggingface.co/api/models/apple/mobilevit-small/discussions?p=0 "HTTP/1.1 200 OK"
2026-08-03 11:41:32,729 | [FULL    ] | INFO | httpx | HTTP Request: GET https://huggingface.co/api/models/apple/mobilevit-small/commits/refs%2Fpr%2F6 "HTTP/1.1 200 OK"
2026-08-03 11:41:32,936 | [FULL    ] | INFO | httpx | HTTP Request: HEAD https://huggingface.co/apple/mobilevit-small/resolve/refs%2Fpr%2F6/model.safetensors.index.json "HTTP/1.1 404 Not Found"
2026-08-03 11:41:33,151 | [FULL    ] | INFO | httpx | HTTP Request: HEAD https://huggingface.co/apple/mobilevit-small/resolve/refs%2Fpr%2F6/model.safetensors "HTTP/1.1 302 Found"
2026-08-03 11:41:34,081 | [FULL    ] | INFO | full_experiments_using.model_trainers.mobile_vit_trainer | Device: cuda | max_epochs=500 | batch=32 | eval_batch=256 | es_patience=30
2026-08-03 11:41:34,094 | [FULL    ] | INFO | full_experiments_using.model_trainers.mobile_vit_trainer | CE weights — HC: 1.115  MCI: 0.906
2026-08-03 11:42:08,364 | [FULL    ] | INFO | full_experiments_using.model_trainers.mobile_vit_trainer | Ep [001/500] T-Acc:  52.1%  V-Acc:  55.7%  V-AUROC: 0.5018  LR: 2.00e-04
2026-08-03 11:42:08,449 | [FULL    ] | INFO | full_experiments_using.model_trainers.mobile_vit_trainer |   ↳ new best AUROC; saved checkpoint: /home/oem/choihyunsu/VOGBasedMCIDetection/outputs/checkpoints/run_20260803_091237_full_wvote_artifact30_w0-5-5-10-0-15-15-30_strat_4err/fold_06_best.pth
2026-08-03 11:42:34,386 | [FULL    ] | INFO | full_experiments_using.model_trainers.mobile_vit_trainer | Ep [002/500] T-Acc:  51.9%  V-Acc:  56.0%  V-AUROC: 0.5166  LR: 4.00e-04
2026-08-03 11:42:34,547 | [FULL    ] | INFO | full_experiments_using.model_trainers.mobile_vit_trainer |   ↳ new best AUROC; saved checkpoint: /home/oem/choihyunsu/VOGBasedMCIDetection/outputs/checkpoints/run_20260803_091237_full_wvote_artifact30_w0-5-5-10-0-15-15-30_strat_4err/fold_06_best.pth
2026-08-03 11:43:03,072 | [FULL    ] | INFO | full_experiments_using.model_trainers.mobile_vit_trainer | Ep [003/500] T-Acc:  52.6%  V-Acc:  57.7%  V-AUROC: 0.5244  LR: 6.00e-04
2026-08-03 11:43:03,324 | [FULL    ] | INFO | full_experiments_using.model_trainers.mobile_vit_trainer |   ↳ new best AUROC; saved checkpoint: /home/oem/choihyunsu/VOGBasedMCIDetection/outputs/checkpoints/run_20260803_091237_full_wvote_artifact30_w0-5-5-10-0-15-15-30_strat_4err/fold_06_best.pth
2026-08-03 11:43:32,216 | [FULL    ] | INFO | full_experiments_using.model_trainers.mobile_vit_trainer | Ep [004/500] T-Acc:  52.9%  V-Acc:  56.0%  V-AUROC: 0.5389  LR: 8.00e-04
2026-08-03 11:43:32,389 | [FULL    ] | INFO | full_experiments_using.model_trainers.mobile_vit_trainer |   ↳ new best AUROC; saved checkpoint: /home/oem/choihyunsu/VOGBasedMCIDetection/outputs/checkpoints/run_20260803_091237_full_wvote_artifact30_w0-5-5-10-0-15-15-30_strat_4err/fold_06_best.pth
2026-08-03 11:44:00,994 | [FULL    ] | INFO | full_experiments_using.model_trainers.mobile_vit_trainer | Ep [005/500] T-Acc:  52.3%  V-Acc:  55.8%  V-AUROC: 0.5631  LR: 1.00e-03
2026-08-03 11:44:01,135 | [FULL    ] | INFO | full_experiments_using.model_trainers.mobile_vit_trainer |   ↳ new best AUROC; saved checkpoint: /home/oem/choihyunsu/VOGBasedMCIDetection/outputs/checkpoints/run_20260803_091237_full_wvote_artifact30_w0-5-5-10-0-15-15-30_strat_4err/fold_06_best.pth
2026-08-03 11:44:29,764 | [FULL    ] | INFO | full_experiments_using.model_trainers.mobile_vit_trainer | Ep [006/500] T-Acc:  53.2%  V-Acc:  55.8%  V-AUROC: 0.5714  LR: 1.00e-03
2026-08-03 11:44:29,958 | [FULL    ] | INFO | full_experiments_using.model_trainers.mobile_vit_trainer |   ↳ new best AUROC; saved checkpoint: /home/oem/choihyunsu/VOGBasedMCIDetection/outputs/checkpoints/run_20260803_091237_full_wvote_artifact30_w0-5-5-10-0-15-15-30_strat_4err/fold_06_best.pth
2026-08-03 11:44:58,321 | [FULL    ] | INFO | full_experiments_using.model_trainers.mobile_vit_trainer | Ep [007/500] T-Acc:  52.5%  V-Acc:  50.5%  V-AUROC: 0.5059  LR: 1.00e-03
2026-08-03 11:45:26,858 | [FULL    ] | INFO | full_experiments_using.model_trainers.mobile_vit_trainer | Ep [008/500] T-Acc:  52.9%  V-Acc:  51.7%  V-AUROC: 0.5269  LR: 1.00e-03
2026-08-03 11:45:55,415 | [FULL    ] | INFO | full_experiments_using.model_trainers.mobile_vit_trainer | Ep [009/500] T-Acc:  52.7%  V-Acc:  52.2%  V-AUROC: 0.5449  LR: 1.00e-03
2026-08-03 11:46:24,237 | [FULL    ] | INFO | full_experiments_using.model_trainers.mobile_vit_trainer | Ep [010/500] T-Acc:  54.7%  V-Acc:  51.6%  V-AUROC: 0.5440  LR: 1.00e-03
2026-08-03 11:46:52,871 | [FULL    ] | INFO | full_experiments_using.model_trainers.mobile_vit_trainer | Ep [011/500] T-Acc:  54.3%  V-Acc:  51.6%  V-AUROC: 0.5526  LR: 1.00e-03
2026-08-03 11:47:21,343 | [FULL    ] | INFO | full_experiments_using.model_trainers.mobile_vit_trainer | Ep [012/500] T-Acc:  54.0%  V-Acc:  51.9%  V-AUROC: 0.5452  LR: 1.00e-03
2026-08-03 11:47:50,116 | [FULL    ] | INFO | full_experiments_using.model_trainers.mobile_vit_trainer | Ep [013/500] T-Acc:  56.2%  V-Acc:  51.1%  V-AUROC: 0.5453  LR: 1.00e-03
2026-08-03 11:48:18,734 | [FULL    ] | INFO | full_experiments_using.model_trainers.mobile_vit_trainer | Ep [014/500] T-Acc:  54.8%  V-Acc:  50.7%  V-AUROC: 0.5480  LR: 1.00e-03
2026-08-03 11:48:47,451 | [FULL    ] | INFO | full_experiments_using.model_trainers.mobile_vit_trainer | Ep [015/500] T-Acc:  55.8%  V-Acc:  54.0%  V-AUROC: 0.5622  LR: 1.00e-03
2026-08-03 11:49:15,832 | [FULL    ] | INFO | full_experiments_using.model_trainers.mobile_vit_trainer | Ep [016/500] T-Acc:  55.9%  V-Acc:  53.1%  V-AUROC: 0.5769  LR: 1.00e-03
2026-08-03 11:49:16,049 | [FULL    ] | INFO | full_experiments_using.model_trainers.mobile_vit_trainer |   ↳ new best AUROC; saved checkpoint: /home/oem/choihyunsu/VOGBasedMCIDetection/outputs/checkpoints/run_20260803_091237_full_wvote_artifact30_w0-5-5-10-0-15-15-30_strat_4err/fold_06_best.pth
2026-08-03 11:49:44,757 | [FULL    ] | INFO | full_experiments_using.model_trainers.mobile_vit_trainer | Ep [017/500] T-Acc:  56.2%  V-Acc:  50.7%  V-AUROC: 0.5269  LR: 1.00e-03
2026-08-03 11:50:13,327 | [FULL    ] | INFO | full_experiments_using.model_trainers.mobile_vit_trainer | Ep [018/500] T-Acc:  56.0%  V-Acc:  50.9%  V-AUROC: 0.5398  LR: 1.00e-03
2026-08-03 11:50:41,991 | [FULL    ] | INFO | full_experiments_using.model_trainers.mobile_vit_trainer | Ep [019/500] T-Acc:  57.3%  V-Acc:  50.1%  V-AUROC: 0.5418  LR: 1.00e-03
2026-08-03 11:51:10,527 | [FULL    ] | INFO | full_experiments_using.model_trainers.mobile_vit_trainer | Ep [020/500] T-Acc:  57.5%  V-Acc:  50.4%  V-AUROC: 0.5457  LR: 1.00e-03
2026-08-03 11:51:39,171 | [FULL    ] | INFO | full_experiments_using.model_trainers.mobile_vit_trainer | Ep [021/500] T-Acc:  58.1%  V-Acc:  52.7%  V-AUROC: 0.5454  LR: 1.00e-03
2026-08-03 11:52:07,569 | [FULL    ] | INFO | full_experiments_using.model_trainers.mobile_vit_trainer | Ep [022/500] T-Acc:  57.6%  V-Acc:  52.3%  V-AUROC: 0.5545  LR: 1.00e-03
2026-08-03 11:52:36,286 | [FULL    ] | INFO | full_experiments_using.model_trainers.mobile_vit_trainer | Ep [023/500] T-Acc:  57.9%  V-Acc:  54.5%  V-AUROC: 0.5865  LR: 1.00e-03
2026-08-03 11:52:36,526 | [FULL    ] | INFO | full_experiments_using.model_trainers.mobile_vit_trainer |   ↳ new best AUROC; saved checkpoint: /home/oem/choihyunsu/VOGBasedMCIDetection/outputs/checkpoints/run_20260803_091237_full_wvote_artifact30_w0-5-5-10-0-15-15-30_strat_4err/fold_06_best.pth
2026-08-03 11:53:05,070 | [FULL    ] | INFO | full_experiments_using.model_trainers.mobile_vit_trainer | Ep [024/500] T-Acc:  57.0%  V-Acc:  52.6%  V-AUROC: 0.5708  LR: 1.00e-03
2026-08-03 11:53:33,645 | [FULL    ] | INFO | full_experiments_using.model_trainers.mobile_vit_trainer | Ep [025/500] T-Acc:  58.7%  V-Acc:  52.7%  V-AUROC: 0.5553  LR: 1.00e-03
2026-08-03 11:54:01,075 | [FULL    ] | INFO | full_experiments_using.model_trainers.mobile_vit_trainer | Ep [026/500] T-Acc:  58.2%  V-Acc:  51.3%  V-AUROC: 0.5487  LR: 1.00e-03
2026-08-03 11:54:27,325 | [FULL    ] | INFO | full_experiments_using.model_trainers.mobile_vit_trainer | Ep [027/500] T-Acc:  57.7%  V-Acc:  52.5%  V-AUROC: 0.5626  LR: 1.00e-03
2026-08-03 11:54:55,785 | [FULL    ] | INFO | full_experiments_using.model_trainers.mobile_vit_trainer | Ep [028/500] T-Acc:  57.5%  V-Acc:  52.6%  V-AUROC: 0.5494  LR: 1.00e-03
2026-08-03 11:55:22,779 | [FULL    ] | INFO | full_experiments_using.model_trainers.mobile_vit_trainer | Ep [029/500] T-Acc:  59.0%  V-Acc:  51.0%  V-AUROC: 0.5392  LR: 1.00e-03
2026-08-03 11:55:49,271 | [FULL    ] | INFO | full_experiments_using.model_trainers.mobile_vit_trainer | Ep [030/500] T-Acc:  58.4%  V-Acc:  53.1%  V-AUROC: 0.5493  LR: 1.00e-03
2026-08-03 11:56:17,915 | [FULL    ] | INFO | full_experiments_using.model_trainers.mobile_vit_trainer | Ep [031/500] T-Acc:  59.4%  V-Acc:  53.4%  V-AUROC: 0.5565  LR: 1.00e-03
2026-08-03 11:56:46,648 | [FULL    ] | INFO | full_experiments_using.model_trainers.mobile_vit_trainer | Ep [032/500] T-Acc:  58.1%  V-Acc:  53.0%  V-AUROC: 0.5579  LR: 1.00e-03
2026-08-03 11:57:15,065 | [FULL    ] | INFO | full_experiments_using.model_trainers.mobile_vit_trainer | Ep [033/500] T-Acc:  59.2%  V-Acc:  53.1%  V-AUROC: 0.5714  LR: 1.00e-03
2026-08-03 11:57:43,565 | [FULL    ] | INFO | full_experiments_using.model_trainers.mobile_vit_trainer | Ep [034/500] T-Acc:  58.7%  V-Acc:  53.3%  V-AUROC: 0.5554  LR: 1.00e-03
2026-08-03 11:58:12,098 | [FULL    ] | INFO | full_experiments_using.model_trainers.mobile_vit_trainer | Ep [035/500] T-Acc:  58.0%  V-Acc:  53.2%  V-AUROC: 0.5509  LR: 2.00e-04
2026-08-03 11:58:40,679 | [FULL    ] | INFO | full_experiments_using.model_trainers.mobile_vit_trainer | Ep [036/500] T-Acc:  59.3%  V-Acc:  51.8%  V-AUROC: 0.5459  LR: 2.00e-04
2026-08-03 11:59:09,251 | [FULL    ] | INFO | full_experiments_using.model_trainers.mobile_vit_trainer | Ep [037/500] T-Acc:  59.0%  V-Acc:  52.6%  V-AUROC: 0.5534  LR: 2.00e-04
2026-08-03 11:59:37,865 | [FULL    ] | INFO | full_experiments_using.model_trainers.mobile_vit_trainer | Ep [038/500] T-Acc:  59.2%  V-Acc:  52.8%  V-AUROC: 0.5481  LR: 2.00e-04
2026-08-03 12:00:06,449 | [FULL    ] | INFO | full_experiments_using.model_trainers.mobile_vit_trainer | Ep [039/500] T-Acc:  59.2%  V-Acc:  51.1%  V-AUROC: 0.5498  LR: 2.00e-04
2026-08-03 12:00:34,969 | [FULL    ] | INFO | full_experiments_using.model_trainers.mobile_vit_trainer | Ep [040/500] T-Acc:  59.8%  V-Acc:  51.6%  V-AUROC: 0.5509  LR: 2.00e-04
2026-08-03 12:01:03,505 | [FULL    ] | INFO | full_experiments_using.model_trainers.mobile_vit_trainer | Ep [041/500] T-Acc:  59.4%  V-Acc:  52.6%  V-AUROC: 0.5562  LR: 2.00e-04
2026-08-03 12:01:31,988 | [FULL    ] | INFO | full_experiments_using.model_trainers.mobile_vit_trainer | Ep [042/500] T-Acc:  59.6%  V-Acc:  52.3%  V-AUROC: 0.5497  LR: 2.00e-04
2026-08-03 12:02:00,753 | [FULL    ] | INFO | full_experiments_using.model_trainers.mobile_vit_trainer | Ep [043/500] T-Acc:  60.5%  V-Acc:  51.6%  V-AUROC: 0.5517  LR: 2.00e-04
2026-08-03 12:02:29,162 | [FULL    ] | INFO | full_experiments_using.model_trainers.mobile_vit_trainer | Ep [044/500] T-Acc:  60.8%  V-Acc:  52.4%  V-AUROC: 0.5429  LR: 2.00e-04
2026-08-03 12:02:57,603 | [FULL    ] | INFO | full_experiments_using.model_trainers.mobile_vit_trainer | Ep [045/500] T-Acc:  60.3%  V-Acc:  52.8%  V-AUROC: 0.5489  LR: 2.00e-04
2026-08-03 12:03:26,295 | [FULL    ] | INFO | full_experiments_using.model_trainers.mobile_vit_trainer | Ep [046/500] T-Acc:  60.5%  V-Acc:  53.1%  V-AUROC: 0.5510  LR: 4.00e-05
2026-08-03 12:03:54,730 | [FULL    ] | INFO | full_experiments_using.model_trainers.mobile_vit_trainer | Ep [047/500] T-Acc:  59.7%  V-Acc:  52.6%  V-AUROC: 0.5510  LR: 4.00e-05
2026-08-03 12:04:23,411 | [FULL    ] | INFO | full_experiments_using.model_trainers.mobile_vit_trainer | Ep [048/500] T-Acc:  60.1%  V-Acc:  52.2%  V-AUROC: 0.5537  LR: 4.00e-05
2026-08-03 12:04:51,970 | [FULL    ] | INFO | full_experiments_using.model_trainers.mobile_vit_trainer | Ep [049/500] T-Acc:  61.1%  V-Acc:  52.2%  V-AUROC: 0.5503  LR: 4.00e-05
2026-08-03 12:05:20,685 | [FULL    ] | INFO | full_experiments_using.model_trainers.mobile_vit_trainer | Ep [050/500] T-Acc:  60.5%  V-Acc:  51.6%  V-AUROC: 0.5456  LR: 4.00e-05
2026-08-03 12:05:49,379 | [FULL    ] | INFO | full_experiments_using.model_trainers.mobile_vit_trainer | Ep [051/500] T-Acc:  59.3%  V-Acc:  53.0%  V-AUROC: 0.5538  LR: 4.00e-05
2026-08-03 12:06:18,004 | [FULL    ] | INFO | full_experiments_using.model_trainers.mobile_vit_trainer | Ep [052/500] T-Acc:  62.3%  V-Acc:  52.5%  V-AUROC: 0.5486  LR: 4.00e-05
2026-08-03 12:06:46,755 | [FULL    ] | INFO | full_experiments_using.model_trainers.mobile_vit_trainer | Ep [053/500] T-Acc:  60.7%  V-Acc:  53.0%  V-AUROC: 0.5483  LR: 4.00e-05
2026-08-03 12:06:46,756 | [FULL    ] | INFO | full_experiments_using.model_trainers.mobile_vit_trainer | Early stop — best AUROC 0.5865 at epoch 23 (no improvement for 30 epochs)
2026-08-03 12:06:46,756 | [FULL    ] | INFO | full_experiments_using.model_trainers.mobile_vit_trainer | Done. Best AUROC: 0.5865 (epoch 23) → /home/oem/choihyunsu/VOGBasedMCIDetection/outputs/checkpoints/run_20260803_091237_full_wvote_artifact30_w0-5-5-10-0-15-15-30_strat_4err/fold_06_best.pth
2026-08-03 12:06:55,817 | [FULL    ] | INFO | full_experiments_using.evaluators.monte_carlo_evaluator | -> Fold 07 Result | Acc=0.600 Sens=0.833 Spec=0.250 AUROC=0.792
2026-08-03 12:06:55,823 | [FULL    ] | INFO | full_experiments_using.evaluators.monte_carlo_evaluator | === Fold 08/30 | train: 25 subj (HC=10 MCI=15) / 3889 win | test: 12 subj (HC=4 MCI=8) / 1826 win ===
2026-08-03 12:06:56,052 | [FULL    ] | INFO | httpx | HTTP Request: HEAD https://huggingface.co/apple/mobilevit-small/resolve/main/config.json "HTTP/1.1 307 Temporary Redirect"
2026-08-03 12:06:56,065 | [FULL    ] | INFO | httpx | HTTP Request: HEAD https://huggingface.co/api/resolve-cache/models/apple/mobilevit-small/6c8612545dc98676d27bc518fa521d9e9af23e34/config.json "HTTP/1.1 200 OK"
2026-08-03 12:06:56,347 | [FULL    ] | INFO | httpx | HTTP Request: HEAD https://huggingface.co/apple/mobilevit-small/resolve/main/model.safetensors "HTTP/1.1 404 Not Found"
2026-08-03 12:06:56,555 | [FULL    ] | INFO | httpx | HTTP Request: HEAD https://huggingface.co/apple/mobilevit-small/resolve/main/model.safetensors.index.json "HTTP/1.1 404 Not Found"
2026-08-03 12:06:56,757 | [FULL    ] | INFO | httpx | HTTP Request: HEAD https://huggingface.co/apple/mobilevit-small/resolve/main/pytorch_model.bin "HTTP/1.1 302 Found"
2026-08-03 12:06:56,963 | [FULL    ] | INFO | httpx | HTTP Request: HEAD https://huggingface.co/apple/mobilevit-small/resolve/main/model.safetensors "HTTP/1.1 404 Not Found"
2026-08-03 12:06:57,169 | [FULL    ] | INFO | httpx | HTTP Request: GET https://huggingface.co/api/models/apple/mobilevit-small "HTTP/1.1 200 OK"
2026-08-03 12:06:57,393 | [FULL    ] | INFO | httpx | HTTP Request: GET https://huggingface.co/api/models/apple/mobilevit-small/commits/main "HTTP/1.1 200 OK"
2026-08-03 12:06:57,680 | [FULL    ] | INFO | httpx | HTTP Request: GET https://huggingface.co/api/models/apple/mobilevit-small/discussions?p=0 "HTTP/1.1 200 OK"
2026-08-03 12:06:57,987 | [FULL    ] | INFO | httpx | HTTP Request: GET https://huggingface.co/api/models/apple/mobilevit-small/commits/refs%2Fpr%2F6 "HTTP/1.1 200 OK"
2026-08-03 12:06:58,245 | [FULL    ] | INFO | httpx | HTTP Request: HEAD https://huggingface.co/apple/mobilevit-small/resolve/refs%2Fpr%2F6/model.safetensors.index.json "HTTP/1.1 404 Not Found"
2026-08-03 12:06:58,453 | [FULL    ] | INFO | httpx | HTTP Request: HEAD https://huggingface.co/apple/mobilevit-small/resolve/refs%2Fpr%2F6/model.safetensors "HTTP/1.1 302 Found"
2026-08-03 12:06:58,534 | [FULL    ] | INFO | full_experiments_using.model_trainers.mobile_vit_trainer | Device: cuda | max_epochs=500 | batch=32 | eval_batch=256 | es_patience=30
2026-08-03 12:06:58,542 | [FULL    ] | INFO | full_experiments_using.model_trainers.mobile_vit_trainer | CE weights — HC: 1.086  MCI: 0.926
2026-08-03 12:07:32,784 | [FULL    ] | INFO | full_experiments_using.model_trainers.mobile_vit_trainer | Ep [001/500] T-Acc:  51.6%  V-Acc:  46.8%  V-AUROC: 0.4938  LR: 2.00e-04
2026-08-03 12:07:32,843 | [FULL    ] | INFO | full_experiments_using.model_trainers.mobile_vit_trainer |   ↳ new best AUROC; saved checkpoint: /home/oem/choihyunsu/VOGBasedMCIDetection/outputs/checkpoints/run_20260803_091237_full_wvote_artifact30_w0-5-5-10-0-15-15-30_strat_4err/fold_07_best.pth
2026-08-03 12:07:59,756 | [FULL    ] | INFO | full_experiments_using.model_trainers.mobile_vit_trainer | Ep [002/500] T-Acc:  52.6%  V-Acc:  46.6%  V-AUROC: 0.4937  LR: 4.00e-04
2026-08-03 12:08:28,233 | [FULL    ] | INFO | full_experiments_using.model_trainers.mobile_vit_trainer | Ep [003/500] T-Acc:  53.1%  V-Acc:  46.9%  V-AUROC: 0.4898  LR: 6.00e-04
2026-08-03 12:08:56,556 | [FULL    ] | INFO | full_experiments_using.model_trainers.mobile_vit_trainer | Ep [004/500] T-Acc:  54.0%  V-Acc:  48.2%  V-AUROC: 0.4854  LR: 8.00e-04
2026-08-03 12:09:25,006 | [FULL    ] | INFO | full_experiments_using.model_trainers.mobile_vit_trainer | Ep [005/500] T-Acc:  55.5%  V-Acc:  48.7%  V-AUROC: 0.4730  LR: 1.00e-03
2026-08-03 12:09:53,452 | [FULL    ] | INFO | full_experiments_using.model_trainers.mobile_vit_trainer | Ep [006/500] T-Acc:  58.3%  V-Acc:  49.5%  V-AUROC: 0.4726  LR: 1.00e-03
2026-08-03 12:10:21,924 | [FULL    ] | INFO | full_experiments_using.model_trainers.mobile_vit_trainer | Ep [007/500] T-Acc:  57.9%  V-Acc:  48.5%  V-AUROC: 0.4764  LR: 1.00e-03
2026-08-03 12:10:50,094 | [FULL    ] | INFO | full_experiments_using.model_trainers.mobile_vit_trainer | Ep [008/500] T-Acc:  59.4%  V-Acc:  49.3%  V-AUROC: 0.4815  LR: 1.00e-03
2026-08-03 12:11:18,772 | [FULL    ] | INFO | full_experiments_using.model_trainers.mobile_vit_trainer | Ep [009/500] T-Acc:  59.9%  V-Acc:  48.5%  V-AUROC: 0.4857  LR: 1.00e-03
2026-08-03 12:11:47,224 | [FULL    ] | INFO | full_experiments_using.model_trainers.mobile_vit_trainer | Ep [010/500] T-Acc:  60.8%  V-Acc:  49.6%  V-AUROC: 0.4960  LR: 1.00e-03
2026-08-03 12:11:47,340 | [FULL    ] | INFO | full_experiments_using.model_trainers.mobile_vit_trainer |   ↳ new best AUROC; saved checkpoint: /home/oem/choihyunsu/VOGBasedMCIDetection/outputs/checkpoints/run_20260803_091237_full_wvote_artifact30_w0-5-5-10-0-15-15-30_strat_4err/fold_07_best.pth
2026-08-03 12:12:13,645 | [FULL    ] | INFO | full_experiments_using.model_trainers.mobile_vit_trainer | Ep [011/500] T-Acc:  60.6%  V-Acc:  47.6%  V-AUROC: 0.4844  LR: 1.00e-03
2026-08-03 12:12:41,905 | [FULL    ] | INFO | full_experiments_using.model_trainers.mobile_vit_trainer | Ep [012/500] T-Acc:  61.7%  V-Acc:  49.1%  V-AUROC: 0.4866  LR: 1.00e-03
2026-08-03 12:13:10,198 | [FULL    ] | INFO | full_experiments_using.model_trainers.mobile_vit_trainer | Ep [013/500] T-Acc:  61.4%  V-Acc:  50.5%  V-AUROC: 0.4868  LR: 1.00e-03
2026-08-03 12:13:38,696 | [FULL    ] | INFO | full_experiments_using.model_trainers.mobile_vit_trainer | Ep [014/500] T-Acc:  62.4%  V-Acc:  49.2%  V-AUROC: 0.4793  LR: 1.00e-03
2026-08-03 12:14:06,862 | [FULL    ] | INFO | full_experiments_using.model_trainers.mobile_vit_trainer | Ep [015/500] T-Acc:  62.3%  V-Acc:  48.1%  V-AUROC: 0.4868  LR: 1.00e-03
2026-08-03 12:14:35,376 | [FULL    ] | INFO | full_experiments_using.model_trainers.mobile_vit_trainer | Ep [016/500] T-Acc:  62.7%  V-Acc:  48.7%  V-AUROC: 0.4855  LR: 1.00e-03
2026-08-03 12:15:03,955 | [FULL    ] | INFO | full_experiments_using.model_trainers.mobile_vit_trainer | Ep [017/500] T-Acc:  63.1%  V-Acc:  48.2%  V-AUROC: 0.4849  LR: 1.00e-03
2026-08-03 12:15:32,331 | [FULL    ] | INFO | full_experiments_using.model_trainers.mobile_vit_trainer | Ep [018/500] T-Acc:  62.6%  V-Acc:  47.6%  V-AUROC: 0.4814  LR: 1.00e-03
2026-08-03 12:16:00,662 | [FULL    ] | INFO | full_experiments_using.model_trainers.mobile_vit_trainer | Ep [019/500] T-Acc:  63.6%  V-Acc:  47.8%  V-AUROC: 0.4766  LR: 1.00e-03
2026-08-03 12:16:29,166 | [FULL    ] | INFO | full_experiments_using.model_trainers.mobile_vit_trainer | Ep [020/500] T-Acc:  64.6%  V-Acc:  48.2%  V-AUROC: 0.4853  LR: 1.00e-03
2026-08-03 12:16:57,464 | [FULL    ] | INFO | full_experiments_using.model_trainers.mobile_vit_trainer | Ep [021/500] T-Acc:  63.1%  V-Acc:  47.9%  V-AUROC: 0.4881  LR: 1.00e-03
2026-08-03 12:17:25,818 | [FULL    ] | INFO | full_experiments_using.model_trainers.mobile_vit_trainer | Ep [022/500] T-Acc:  63.9%  V-Acc:  48.2%  V-AUROC: 0.4876  LR: 2.00e-04
2026-08-03 12:17:54,603 | [FULL    ] | INFO | full_experiments_using.model_trainers.mobile_vit_trainer | Ep [023/500] T-Acc:  64.3%  V-Acc:  47.6%  V-AUROC: 0.4856  LR: 2.00e-04
2026-08-03 12:18:23,082 | [FULL    ] | INFO | full_experiments_using.model_trainers.mobile_vit_trainer | Ep [024/500] T-Acc:  64.7%  V-Acc:  47.2%  V-AUROC: 0.4878  LR: 2.00e-04
2026-08-03 12:18:51,347 | [FULL    ] | INFO | full_experiments_using.model_trainers.mobile_vit_trainer | Ep [025/500] T-Acc:  63.9%  V-Acc:  47.7%  V-AUROC: 0.4845  LR: 2.00e-04
2026-08-03 12:19:19,610 | [FULL    ] | INFO | full_experiments_using.model_trainers.mobile_vit_trainer | Ep [026/500] T-Acc:  64.1%  V-Acc:  47.9%  V-AUROC: 0.4815  LR: 2.00e-04
2026-08-03 12:19:47,785 | [FULL    ] | INFO | full_experiments_using.model_trainers.mobile_vit_trainer | Ep [027/500] T-Acc:  64.6%  V-Acc:  48.8%  V-AUROC: 0.4870  LR: 2.00e-04
2026-08-03 12:20:16,132 | [FULL    ] | INFO | full_experiments_using.model_trainers.mobile_vit_trainer | Ep [028/500] T-Acc:  64.0%  V-Acc:  48.6%  V-AUROC: 0.4840  LR: 2.00e-04
2026-08-03 12:20:44,454 | [FULL    ] | INFO | full_experiments_using.model_trainers.mobile_vit_trainer | Ep [029/500] T-Acc:  64.3%  V-Acc:  48.6%  V-AUROC: 0.4805  LR: 2.00e-04
2026-08-03 12:21:12,866 | [FULL    ] | INFO | full_experiments_using.model_trainers.mobile_vit_trainer | Ep [030/500] T-Acc:  64.7%  V-Acc:  48.4%  V-AUROC: 0.4842  LR: 2.00e-04
2026-08-03 12:21:41,466 | [FULL    ] | INFO | full_experiments_using.model_trainers.mobile_vit_trainer | Ep [031/500] T-Acc:  64.6%  V-Acc:  48.6%  V-AUROC: 0.4850  LR: 2.00e-04
2026-08-03 12:22:09,871 | [FULL    ] | INFO | full_experiments_using.model_trainers.mobile_vit_trainer | Ep [032/500] T-Acc:  64.5%  V-Acc:  48.6%  V-AUROC: 0.4830  LR: 2.00e-04
2026-08-03 12:22:38,386 | [FULL    ] | INFO | full_experiments_using.model_trainers.mobile_vit_trainer | Ep [033/500] T-Acc:  64.9%  V-Acc:  47.8%  V-AUROC: 0.4825  LR: 4.00e-05
2026-08-03 12:23:04,920 | [FULL    ] | INFO | full_experiments_using.model_trainers.mobile_vit_trainer | Ep [034/500] T-Acc:  64.4%  V-Acc:  47.8%  V-AUROC: 0.4841  LR: 4.00e-05
2026-08-03 12:23:33,174 | [FULL    ] | INFO | full_experiments_using.model_trainers.mobile_vit_trainer | Ep [035/500] T-Acc:  64.5%  V-Acc:  48.1%  V-AUROC: 0.4835  LR: 4.00e-05
2026-08-03 12:24:01,497 | [FULL    ] | INFO | full_experiments_using.model_trainers.mobile_vit_trainer | Ep [036/500] T-Acc:  64.8%  V-Acc:  48.2%  V-AUROC: 0.4832  LR: 4.00e-05
2026-08-03 12:24:29,766 | [FULL    ] | INFO | full_experiments_using.model_trainers.mobile_vit_trainer | Ep [037/500] T-Acc:  64.2%  V-Acc:  48.3%  V-AUROC: 0.4831  LR: 4.00e-05
2026-08-03 12:24:58,321 | [FULL    ] | INFO | full_experiments_using.model_trainers.mobile_vit_trainer | Ep [038/500] T-Acc:  64.5%  V-Acc:  48.2%  V-AUROC: 0.4827  LR: 4.00e-05
2026-08-03 12:25:26,681 | [FULL    ] | INFO | full_experiments_using.model_trainers.mobile_vit_trainer | Ep [039/500] T-Acc:  64.7%  V-Acc:  48.4%  V-AUROC: 0.4817  LR: 4.00e-05
2026-08-03 12:25:55,107 | [FULL    ] | INFO | full_experiments_using.model_trainers.mobile_vit_trainer | Ep [040/500] T-Acc:  64.9%  V-Acc:  49.3%  V-AUROC: 0.4822  LR: 4.00e-05
2026-08-03 12:25:55,110 | [FULL    ] | INFO | full_experiments_using.model_trainers.mobile_vit_trainer | Early stop — best AUROC 0.4960 at epoch 10 (no improvement for 30 epochs)
2026-08-03 12:25:55,110 | [FULL    ] | INFO | full_experiments_using.model_trainers.mobile_vit_trainer | Done. Best AUROC: 0.4960 (epoch 10) → /home/oem/choihyunsu/VOGBasedMCIDetection/outputs/checkpoints/run_20260803_091237_full_wvote_artifact30_w0-5-5-10-0-15-15-30_strat_4err/fold_07_best.pth
2026-08-03 12:26:04,449 | [FULL    ] | INFO | full_experiments_using.evaluators.monte_carlo_evaluator | -> Fold 08 Result | Acc=0.545 Sens=0.500 Spec=0.667 AUROC=0.708
2026-08-03 12:26:04,456 | [FULL    ] | INFO | full_experiments_using.evaluators.monte_carlo_evaluator | === Fold 09/30 | train: 25 subj (HC=10 MCI=15) / 3891 win | test: 12 subj (HC=4 MCI=8) / 1824 win ===
2026-08-03 12:26:04,713 | [FULL    ] | INFO | httpx | HTTP Request: HEAD https://huggingface.co/apple/mobilevit-small/resolve/main/config.json "HTTP/1.1 307 Temporary Redirect"
2026-08-03 12:26:04,734 | [FULL    ] | INFO | httpx | HTTP Request: HEAD https://huggingface.co/api/resolve-cache/models/apple/mobilevit-small/6c8612545dc98676d27bc518fa521d9e9af23e34/config.json "HTTP/1.1 200 OK"
2026-08-03 12:26:05,019 | [FULL    ] | INFO | httpx | HTTP Request: HEAD https://huggingface.co/apple/mobilevit-small/resolve/main/model.safetensors "HTTP/1.1 404 Not Found"
2026-08-03 12:26:05,242 | [FULL    ] | INFO | httpx | HTTP Request: HEAD https://huggingface.co/apple/mobilevit-small/resolve/main/model.safetensors.index.json "HTTP/1.1 404 Not Found"
2026-08-03 12:26:05,454 | [FULL    ] | INFO | httpx | HTTP Request: HEAD https://huggingface.co/apple/mobilevit-small/resolve/main/pytorch_model.bin "HTTP/1.1 302 Found"
2026-08-03 12:26:05,670 | [FULL    ] | INFO | httpx | HTTP Request: HEAD https://huggingface.co/apple/mobilevit-small/resolve/main/model.safetensors "HTTP/1.1 404 Not Found"
2026-08-03 12:26:05,886 | [FULL    ] | INFO | httpx | HTTP Request: GET https://huggingface.co/api/models/apple/mobilevit-small "HTTP/1.1 200 OK"
2026-08-03 12:26:06,118 | [FULL    ] | INFO | httpx | HTTP Request: GET https://huggingface.co/api/models/apple/mobilevit-small/commits/main "HTTP/1.1 200 OK"
2026-08-03 12:26:06,347 | [FULL    ] | INFO | httpx | HTTP Request: GET https://huggingface.co/api/models/apple/mobilevit-small/discussions?p=0 "HTTP/1.1 200 OK"
2026-08-03 12:26:06,568 | [FULL    ] | INFO | httpx | HTTP Request: GET https://huggingface.co/api/models/apple/mobilevit-small/commits/refs%2Fpr%2F6 "HTTP/1.1 200 OK"
2026-08-03 12:26:06,774 | [FULL    ] | INFO | httpx | HTTP Request: HEAD https://huggingface.co/apple/mobilevit-small/resolve/refs%2Fpr%2F6/model.safetensors.index.json "HTTP/1.1 404 Not Found"
2026-08-03 12:26:07,007 | [FULL    ] | INFO | httpx | HTTP Request: HEAD https://huggingface.co/apple/mobilevit-small/resolve/refs%2Fpr%2F6/model.safetensors "HTTP/1.1 302 Found"
2026-08-03 12:26:07,305 | [FULL    ] | INFO | full_experiments_using.model_trainers.mobile_vit_trainer | Device: cuda | max_epochs=500 | batch=32 | eval_batch=256 | es_patience=30
2026-08-03 12:26:07,328 | [FULL    ] | INFO | full_experiments_using.model_trainers.mobile_vit_trainer | CE weights — HC: 1.105  MCI: 0.913
2026-08-03 12:26:35,638 | [FULL    ] | INFO | full_experiments_using.model_trainers.mobile_vit_trainer | Ep [001/500] T-Acc:  48.5%  V-Acc:  46.6%  V-AUROC: 0.4679  LR: 2.00e-04
2026-08-03 12:26:35,747 | [FULL    ] | INFO | full_experiments_using.model_trainers.mobile_vit_trainer |   ↳ new best AUROC; saved checkpoint: /home/oem/choihyunsu/VOGBasedMCIDetection/outputs/checkpoints/run_20260803_091237_full_wvote_artifact30_w0-5-5-10-0-15-15-30_strat_4err/fold_08_best.pth
2026-08-03 12:27:04,203 | [FULL    ] | INFO | full_experiments_using.model_trainers.mobile_vit_trainer | Ep [002/500] T-Acc:  48.8%  V-Acc:  47.1%  V-AUROC: 0.4796  LR: 4.00e-04
2026-08-03 12:27:04,384 | [FULL    ] | INFO | full_experiments_using.model_trainers.mobile_vit_trainer |   ↳ new best AUROC; saved checkpoint: /home/oem/choihyunsu/VOGBasedMCIDetection/outputs/checkpoints/run_20260803_091237_full_wvote_artifact30_w0-5-5-10-0-15-15-30_strat_4err/fold_08_best.pth
2026-08-03 12:27:32,799 | [FULL    ] | INFO | full_experiments_using.model_trainers.mobile_vit_trainer | Ep [003/500] T-Acc:  50.0%  V-Acc:  48.2%  V-AUROC: 0.4866  LR: 6.00e-04
2026-08-03 12:27:32,931 | [FULL    ] | INFO | full_experiments_using.model_trainers.mobile_vit_trainer |   ↳ new best AUROC; saved checkpoint: /home/oem/choihyunsu/VOGBasedMCIDetection/outputs/checkpoints/run_20260803_091237_full_wvote_artifact30_w0-5-5-10-0-15-15-30_strat_4err/fold_08_best.pth
2026-08-03 12:28:00,924 | [FULL    ] | INFO | full_experiments_using.model_trainers.mobile_vit_trainer | Ep [004/500] T-Acc:  49.8%  V-Acc:  48.9%  V-AUROC: 0.5006  LR: 8.00e-04
2026-08-03 12:28:01,114 | [FULL    ] | INFO | full_experiments_using.model_trainers.mobile_vit_trainer |   ↳ new best AUROC; saved checkpoint: /home/oem/choihyunsu/VOGBasedMCIDetection/outputs/checkpoints/run_20260803_091237_full_wvote_artifact30_w0-5-5-10-0-15-15-30_strat_4err/fold_08_best.pth
2026-08-03 12:28:29,423 | [FULL    ] | INFO | full_experiments_using.model_trainers.mobile_vit_trainer | Ep [005/500] T-Acc:  51.6%  V-Acc:  49.8%  V-AUROC: 0.5096  LR: 1.00e-03
2026-08-03 12:28:29,542 | [FULL    ] | INFO | full_experiments_using.model_trainers.mobile_vit_trainer |   ↳ new best AUROC; saved checkpoint: /home/oem/choihyunsu/VOGBasedMCIDetection/outputs/checkpoints/run_20260803_091237_full_wvote_artifact30_w0-5-5-10-0-15-15-30_strat_4err/fold_08_best.pth
2026-08-03 12:28:57,841 | [FULL    ] | INFO | full_experiments_using.model_trainers.mobile_vit_trainer | Ep [006/500] T-Acc:  52.7%  V-Acc:  47.3%  V-AUROC: 0.5010  LR: 1.00e-03
2026-08-03 12:29:23,844 | [FULL    ] | INFO | full_experiments_using.model_trainers.mobile_vit_trainer | Ep [007/500] T-Acc:  51.8%  V-Acc:  49.7%  V-AUROC: 0.5169  LR: 1.00e-03
2026-08-03 12:29:24,025 | [FULL    ] | INFO | full_experiments_using.model_trainers.mobile_vit_trainer |   ↳ new best AUROC; saved checkpoint: /home/oem/choihyunsu/VOGBasedMCIDetection/outputs/checkpoints/run_20260803_091237_full_wvote_artifact30_w0-5-5-10-0-15-15-30_strat_4err/fold_08_best.pth
2026-08-03 12:29:49,938 | [FULL    ] | INFO | full_experiments_using.model_trainers.mobile_vit_trainer | Ep [008/500] T-Acc:  54.1%  V-Acc:  49.7%  V-AUROC: 0.5249  LR: 1.00e-03
2026-08-03 12:29:50,069 | [FULL    ] | INFO | full_experiments_using.model_trainers.mobile_vit_trainer |   ↳ new best AUROC; saved checkpoint: /home/oem/choihyunsu/VOGBasedMCIDetection/outputs/checkpoints/run_20260803_091237_full_wvote_artifact30_w0-5-5-10-0-15-15-30_strat_4err/fold_08_best.pth
2026-08-03 12:30:18,451 | [FULL    ] | INFO | full_experiments_using.model_trainers.mobile_vit_trainer | Ep [009/500] T-Acc:  56.2%  V-Acc:  52.5%  V-AUROC: 0.5457  LR: 1.00e-03
2026-08-03 12:30:18,609 | [FULL    ] | INFO | full_experiments_using.model_trainers.mobile_vit_trainer |   ↳ new best AUROC; saved checkpoint: /home/oem/choihyunsu/VOGBasedMCIDetection/outputs/checkpoints/run_20260803_091237_full_wvote_artifact30_w0-5-5-10-0-15-15-30_strat_4err/fold_08_best.pth
2026-08-03 12:30:47,028 | [FULL    ] | INFO | full_experiments_using.model_trainers.mobile_vit_trainer | Ep [010/500] T-Acc:  55.1%  V-Acc:  49.6%  V-AUROC: 0.5354  LR: 1.00e-03
2026-08-03 12:31:13,455 | [FULL    ] | INFO | full_experiments_using.model_trainers.mobile_vit_trainer | Ep [011/500] T-Acc:  55.0%  V-Acc:  50.6%  V-AUROC: 0.5346  LR: 1.00e-03
2026-08-03 12:31:40,708 | [FULL    ] | INFO | full_experiments_using.model_trainers.mobile_vit_trainer | Ep [012/500] T-Acc:  57.1%  V-Acc:  52.2%  V-AUROC: 0.5477  LR: 1.00e-03
2026-08-03 12:31:40,848 | [FULL    ] | INFO | full_experiments_using.model_trainers.mobile_vit_trainer |   ↳ new best AUROC; saved checkpoint: /home/oem/choihyunsu/VOGBasedMCIDetection/outputs/checkpoints/run_20260803_091237_full_wvote_artifact30_w0-5-5-10-0-15-15-30_strat_4err/fold_08_best.pth
2026-08-03 12:32:08,504 | [FULL    ] | INFO | full_experiments_using.model_trainers.mobile_vit_trainer | Ep [013/500] T-Acc:  58.1%  V-Acc:  51.0%  V-AUROC: 0.5418  LR: 1.00e-03
2026-08-03 12:32:36,772 | [FULL    ] | INFO | full_experiments_using.model_trainers.mobile_vit_trainer | Ep [014/500] T-Acc:  57.2%  V-Acc:  52.9%  V-AUROC: 0.5563  LR: 1.00e-03
2026-08-03 12:32:36,968 | [FULL    ] | INFO | full_experiments_using.model_trainers.mobile_vit_trainer |   ↳ new best AUROC; saved checkpoint: /home/oem/choihyunsu/VOGBasedMCIDetection/outputs/checkpoints/run_20260803_091237_full_wvote_artifact30_w0-5-5-10-0-15-15-30_strat_4err/fold_08_best.pth
2026-08-03 12:33:05,307 | [FULL    ] | INFO | full_experiments_using.model_trainers.mobile_vit_trainer | Ep [015/500] T-Acc:  57.1%  V-Acc:  52.5%  V-AUROC: 0.5506  LR: 1.00e-03
2026-08-03 12:33:34,164 | [FULL    ] | INFO | full_experiments_using.model_trainers.mobile_vit_trainer | Ep [016/500] T-Acc:  58.2%  V-Acc:  53.9%  V-AUROC: 0.5615  LR: 1.00e-03
2026-08-03 12:33:34,306 | [FULL    ] | INFO | full_experiments_using.model_trainers.mobile_vit_trainer |   ↳ new best AUROC; saved checkpoint: /home/oem/choihyunsu/VOGBasedMCIDetection/outputs/checkpoints/run_20260803_091237_full_wvote_artifact30_w0-5-5-10-0-15-15-30_strat_4err/fold_08_best.pth
2026-08-03 12:34:03,087 | [FULL    ] | INFO | full_experiments_using.model_trainers.mobile_vit_trainer | Ep [017/500] T-Acc:  59.5%  V-Acc:  53.8%  V-AUROC: 0.5644  LR: 1.00e-03
2026-08-03 12:34:03,203 | [FULL    ] | INFO | full_experiments_using.model_trainers.mobile_vit_trainer |   ↳ new best AUROC; saved checkpoint: /home/oem/choihyunsu/VOGBasedMCIDetection/outputs/checkpoints/run_20260803_091237_full_wvote_artifact30_w0-5-5-10-0-15-15-30_strat_4err/fold_08_best.pth
2026-08-03 12:34:31,301 | [FULL    ] | INFO | full_experiments_using.model_trainers.mobile_vit_trainer | Ep [018/500] T-Acc:  58.2%  V-Acc:  53.9%  V-AUROC: 0.5684  LR: 1.00e-03
2026-08-03 12:34:31,443 | [FULL    ] | INFO | full_experiments_using.model_trainers.mobile_vit_trainer |   ↳ new best AUROC; saved checkpoint: /home/oem/choihyunsu/VOGBasedMCIDetection/outputs/checkpoints/run_20260803_091237_full_wvote_artifact30_w0-5-5-10-0-15-15-30_strat_4err/fold_08_best.pth
2026-08-03 12:34:59,842 | [FULL    ] | INFO | full_experiments_using.model_trainers.mobile_vit_trainer | Ep [019/500] T-Acc:  57.4%  V-Acc:  52.7%  V-AUROC: 0.5615  LR: 1.00e-03
2026-08-03 12:35:28,266 | [FULL    ] | INFO | full_experiments_using.model_trainers.mobile_vit_trainer | Ep [020/500] T-Acc:  59.9%  V-Acc:  52.0%  V-AUROC: 0.5551  LR: 1.00e-03
2026-08-03 12:35:56,455 | [FULL    ] | INFO | full_experiments_using.model_trainers.mobile_vit_trainer | Ep [021/500] T-Acc:  58.8%  V-Acc:  53.3%  V-AUROC: 0.5663  LR: 1.00e-03
2026-08-03 12:36:25,061 | [FULL    ] | INFO | full_experiments_using.model_trainers.mobile_vit_trainer | Ep [022/500] T-Acc:  59.1%  V-Acc:  53.6%  V-AUROC: 0.5608  LR: 1.00e-03
2026-08-03 12:36:53,475 | [FULL    ] | INFO | full_experiments_using.model_trainers.mobile_vit_trainer | Ep [023/500] T-Acc:  60.0%  V-Acc:  53.8%  V-AUROC: 0.5687  LR: 1.00e-03
2026-08-03 12:36:53,600 | [FULL    ] | INFO | full_experiments_using.model_trainers.mobile_vit_trainer |   ↳ new best AUROC; saved checkpoint: /home/oem/choihyunsu/VOGBasedMCIDetection/outputs/checkpoints/run_20260803_091237_full_wvote_artifact30_w0-5-5-10-0-15-15-30_strat_4err/fold_08_best.pth
2026-08-03 12:37:22,037 | [FULL    ] | INFO | full_experiments_using.model_trainers.mobile_vit_trainer | Ep [024/500] T-Acc:  60.7%  V-Acc:  53.9%  V-AUROC: 0.5732  LR: 1.00e-03
2026-08-03 12:37:22,160 | [FULL    ] | INFO | full_experiments_using.model_trainers.mobile_vit_trainer |   ↳ new best AUROC; saved checkpoint: /home/oem/choihyunsu/VOGBasedMCIDetection/outputs/checkpoints/run_20260803_091237_full_wvote_artifact30_w0-5-5-10-0-15-15-30_strat_4err/fold_08_best.pth
2026-08-03 12:37:50,625 | [FULL    ] | INFO | full_experiments_using.model_trainers.mobile_vit_trainer | Ep [025/500] T-Acc:  61.1%  V-Acc:  55.4%  V-AUROC: 0.5818  LR: 1.00e-03
2026-08-03 12:37:50,799 | [FULL    ] | INFO | full_experiments_using.model_trainers.mobile_vit_trainer |   ↳ new best AUROC; saved checkpoint: /home/oem/choihyunsu/VOGBasedMCIDetection/outputs/checkpoints/run_20260803_091237_full_wvote_artifact30_w0-5-5-10-0-15-15-30_strat_4err/fold_08_best.pth
2026-08-03 12:38:19,165 | [FULL    ] | INFO | full_experiments_using.model_trainers.mobile_vit_trainer | Ep [026/500] T-Acc:  60.6%  V-Acc:  54.6%  V-AUROC: 0.5760  LR: 1.00e-03
2026-08-03 12:38:47,425 | [FULL    ] | INFO | full_experiments_using.model_trainers.mobile_vit_trainer | Ep [027/500] T-Acc:  59.9%  V-Acc:  55.7%  V-AUROC: 0.5763  LR: 1.00e-03
2026-08-03 12:39:15,834 | [FULL    ] | INFO | full_experiments_using.model_trainers.mobile_vit_trainer | Ep [028/500] T-Acc:  60.3%  V-Acc:  54.3%  V-AUROC: 0.5776  LR: 1.00e-03
2026-08-03 12:39:44,017 | [FULL    ] | INFO | full_experiments_using.model_trainers.mobile_vit_trainer | Ep [029/500] T-Acc:  61.5%  V-Acc:  53.7%  V-AUROC: 0.5709  LR: 1.00e-03
2026-08-03 12:40:12,318 | [FULL    ] | INFO | full_experiments_using.model_trainers.mobile_vit_trainer | Ep [030/500] T-Acc:  61.2%  V-Acc:  54.1%  V-AUROC: 0.5723  LR: 1.00e-03
2026-08-03 12:40:40,835 | [FULL    ] | INFO | full_experiments_using.model_trainers.mobile_vit_trainer | Ep [031/500] T-Acc:  61.8%  V-Acc:  52.9%  V-AUROC: 0.5652  LR: 1.00e-03
2026-08-03 12:41:09,131 | [FULL    ] | INFO | full_experiments_using.model_trainers.mobile_vit_trainer | Ep [032/500] T-Acc:  61.4%  V-Acc:  52.9%  V-AUROC: 0.5643  LR: 1.00e-03
2026-08-03 12:41:37,665 | [FULL    ] | INFO | full_experiments_using.model_trainers.mobile_vit_trainer | Ep [033/500] T-Acc:  60.7%  V-Acc:  54.2%  V-AUROC: 0.5760  LR: 1.00e-03
2026-08-03 12:42:05,999 | [FULL    ] | INFO | full_experiments_using.model_trainers.mobile_vit_trainer | Ep [034/500] T-Acc:  60.2%  V-Acc:  53.3%  V-AUROC: 0.5716  LR: 1.00e-03
2026-08-03 12:42:34,384 | [FULL    ] | INFO | full_experiments_using.model_trainers.mobile_vit_trainer | Ep [035/500] T-Acc:  60.9%  V-Acc:  55.0%  V-AUROC: 0.5684  LR: 1.00e-03
2026-08-03 12:43:02,543 | [FULL    ] | INFO | full_experiments_using.model_trainers.mobile_vit_trainer | Ep [036/500] T-Acc:  60.7%  V-Acc:  53.7%  V-AUROC: 0.5707  LR: 1.00e-03
2026-08-03 12:43:30,811 | [FULL    ] | INFO | full_experiments_using.model_trainers.mobile_vit_trainer | Ep [037/500] T-Acc:  61.8%  V-Acc:  54.3%  V-AUROC: 0.5742  LR: 2.00e-04
2026-08-03 12:43:57,982 | [FULL    ] | INFO | full_experiments_using.model_trainers.mobile_vit_trainer | Ep [038/500] T-Acc:  62.9%  V-Acc:  53.2%  V-AUROC: 0.5775  LR: 2.00e-04
2026-08-03 12:44:25,973 | [FULL    ] | INFO | full_experiments_using.model_trainers.mobile_vit_trainer | Ep [039/500] T-Acc:  62.0%  V-Acc:  54.2%  V-AUROC: 0.5748  LR: 2.00e-04
2026-08-03 12:44:54,279 | [FULL    ] | INFO | full_experiments_using.model_trainers.mobile_vit_trainer | Ep [040/500] T-Acc:  61.1%  V-Acc:  54.6%  V-AUROC: 0.5776  LR: 2.00e-04
2026-08-03 12:45:22,665 | [FULL    ] | INFO | full_experiments_using.model_trainers.mobile_vit_trainer | Ep [041/500] T-Acc:  62.7%  V-Acc:  54.5%  V-AUROC: 0.5762  LR: 2.00e-04
2026-08-03 12:45:50,937 | [FULL    ] | INFO | full_experiments_using.model_trainers.mobile_vit_trainer | Ep [042/500] T-Acc:  62.0%  V-Acc:  54.8%  V-AUROC: 0.5772  LR: 2.00e-04
2026-08-03 12:46:19,085 | [FULL    ] | INFO | full_experiments_using.model_trainers.mobile_vit_trainer | Ep [043/500] T-Acc:  60.8%  V-Acc:  55.1%  V-AUROC: 0.5775  LR: 2.00e-04
2026-08-03 12:46:47,394 | [FULL    ] | INFO | full_experiments_using.model_trainers.mobile_vit_trainer | Ep [044/500] T-Acc:  62.4%  V-Acc:  55.1%  V-AUROC: 0.5774  LR: 2.00e-04
2026-08-03 12:47:15,695 | [FULL    ] | INFO | full_experiments_using.model_trainers.mobile_vit_trainer | Ep [045/500] T-Acc:  61.5%  V-Acc:  54.5%  V-AUROC: 0.5773  LR: 2.00e-04
2026-08-03 12:47:43,842 | [FULL    ] | INFO | full_experiments_using.model_trainers.mobile_vit_trainer | Ep [046/500] T-Acc:  62.2%  V-Acc:  54.6%  V-AUROC: 0.5763  LR: 2.00e-04
2026-08-03 12:48:12,066 | [FULL    ] | INFO | full_experiments_using.model_trainers.mobile_vit_trainer | Ep [047/500] T-Acc:  62.3%  V-Acc:  54.7%  V-AUROC: 0.5763  LR: 2.00e-04
2026-08-03 12:48:40,533 | [FULL    ] | INFO | full_experiments_using.model_trainers.mobile_vit_trainer | Ep [048/500] T-Acc:  62.9%  V-Acc:  55.0%  V-AUROC: 0.5766  LR: 4.00e-05
2026-08-03 12:49:08,871 | [FULL    ] | INFO | full_experiments_using.model_trainers.mobile_vit_trainer | Ep [049/500] T-Acc:  61.9%  V-Acc:  54.7%  V-AUROC: 0.5764  LR: 4.00e-05
2026-08-03 12:49:37,105 | [FULL    ] | INFO | full_experiments_using.model_trainers.mobile_vit_trainer | Ep [050/500] T-Acc:  63.5%  V-Acc:  54.9%  V-AUROC: 0.5761  LR: 4.00e-05
2026-08-03 12:50:05,598 | [FULL    ] | INFO | full_experiments_using.model_trainers.mobile_vit_trainer | Ep [051/500] T-Acc:  61.9%  V-Acc:  54.6%  V-AUROC: 0.5773  LR: 4.00e-05
2026-08-03 12:50:33,757 | [FULL    ] | INFO | full_experiments_using.model_trainers.mobile_vit_trainer | Ep [052/500] T-Acc:  61.5%  V-Acc:  54.7%  V-AUROC: 0.5757  LR: 4.00e-05
2026-08-03 12:51:02,232 | [FULL    ] | INFO | full_experiments_using.model_trainers.mobile_vit_trainer | Ep [053/500] T-Acc:  62.6%  V-Acc:  54.8%  V-AUROC: 0.5753  LR: 4.00e-05
2026-08-03 12:51:30,513 | [FULL    ] | INFO | full_experiments_using.model_trainers.mobile_vit_trainer | Ep [054/500] T-Acc:  62.8%  V-Acc:  54.7%  V-AUROC: 0.5762  LR: 4.00e-05
2026-08-03 12:51:58,818 | [FULL    ] | INFO | full_experiments_using.model_trainers.mobile_vit_trainer | Ep [055/500] T-Acc:  62.1%  V-Acc:  54.9%  V-AUROC: 0.5775  LR: 4.00e-05
2026-08-03 12:51:58,819 | [FULL    ] | INFO | full_experiments_using.model_trainers.mobile_vit_trainer | Early stop — best AUROC 0.5818 at epoch 25 (no improvement for 30 epochs)
2026-08-03 12:51:58,819 | [FULL    ] | INFO | full_experiments_using.model_trainers.mobile_vit_trainer | Done. Best AUROC: 0.5818 (epoch 25) → /home/oem/choihyunsu/VOGBasedMCIDetection/outputs/checkpoints/run_20260803_091237_full_wvote_artifact30_w0-5-5-10-0-15-15-30_strat_4err/fold_08_best.pth
2026-08-03 12:52:08,105 | [FULL    ] | INFO | full_experiments_using.evaluators.monte_carlo_evaluator | -> Fold 09 Result | Acc=0.636 Sens=0.429 Spec=1.000 AUROC=0.786
2026-08-03 12:52:08,112 | [FULL    ] | INFO | full_experiments_using.evaluators.monte_carlo_evaluator | === Fold 10/30 | train: 25 subj (HC=10 MCI=15) / 3927 win | test: 12 subj (HC=4 MCI=8) / 1788 win ===
2026-08-03 12:52:08,347 | [FULL    ] | INFO | httpx | HTTP Request: HEAD https://huggingface.co/apple/mobilevit-small/resolve/main/config.json "HTTP/1.1 307 Temporary Redirect"
2026-08-03 12:52:08,359 | [FULL    ] | INFO | httpx | HTTP Request: HEAD https://huggingface.co/api/resolve-cache/models/apple/mobilevit-small/6c8612545dc98676d27bc518fa521d9e9af23e34/config.json "HTTP/1.1 200 OK"
2026-08-03 12:52:08,635 | [FULL    ] | INFO | httpx | HTTP Request: HEAD https://huggingface.co/apple/mobilevit-small/resolve/main/model.safetensors "HTTP/1.1 404 Not Found"
2026-08-03 12:52:08,847 | [FULL    ] | INFO | httpx | HTTP Request: HEAD https://huggingface.co/apple/mobilevit-small/resolve/main/model.safetensors.index.json "HTTP/1.1 404 Not Found"
2026-08-03 12:52:09,061 | [FULL    ] | INFO | httpx | HTTP Request: HEAD https://huggingface.co/apple/mobilevit-small/resolve/main/pytorch_model.bin "HTTP/1.1 302 Found"
2026-08-03 12:52:09,261 | [FULL    ] | INFO | httpx | HTTP Request: HEAD https://huggingface.co/apple/mobilevit-small/resolve/main/model.safetensors "HTTP/1.1 404 Not Found"
2026-08-03 12:52:09,469 | [FULL    ] | INFO | httpx | HTTP Request: GET https://huggingface.co/api/models/apple/mobilevit-small "HTTP/1.1 200 OK"
2026-08-03 12:52:09,996 | [FULL    ] | INFO | httpx | HTTP Request: GET https://huggingface.co/api/models/apple/mobilevit-small/commits/main "HTTP/1.1 200 OK"
2026-08-03 12:52:10,219 | [FULL    ] | INFO | httpx | HTTP Request: GET https://huggingface.co/api/models/apple/mobilevit-small/discussions?p=0 "HTTP/1.1 200 OK"
2026-08-03 12:52:10,444 | [FULL    ] | INFO | httpx | HTTP Request: GET https://huggingface.co/api/models/apple/mobilevit-small/commits/refs%2Fpr%2F6 "HTTP/1.1 200 OK"
2026-08-03 12:52:10,652 | [FULL    ] | INFO | httpx | HTTP Request: HEAD https://huggingface.co/apple/mobilevit-small/resolve/refs%2Fpr%2F6/model.safetensors.index.json "HTTP/1.1 404 Not Found"
2026-08-03 12:52:10,851 | [FULL    ] | INFO | httpx | HTTP Request: HEAD https://huggingface.co/apple/mobilevit-small/resolve/refs%2Fpr%2F6/model.safetensors "HTTP/1.1 302 Found"
2026-08-03 12:52:11,188 | [FULL    ] | INFO | full_experiments_using.model_trainers.mobile_vit_trainer | Device: cuda | max_epochs=500 | batch=32 | eval_batch=256 | es_patience=30
2026-08-03 12:52:11,199 | [FULL    ] | INFO | full_experiments_using.model_trainers.mobile_vit_trainer | CE weights — HC: 1.091  MCI: 0.923
2026-08-03 12:52:55,693 | [FULL    ] | INFO | full_experiments_using.model_trainers.mobile_vit_trainer | Ep [001/500] T-Acc:  50.0%  V-Acc:  48.2%  V-AUROC: 0.4808  LR: 2.00e-04
2026-08-03 12:52:55,753 | [FULL    ] | INFO | full_experiments_using.model_trainers.mobile_vit_trainer |   ↳ new best AUROC; saved checkpoint: /home/oem/choihyunsu/VOGBasedMCIDetection/outputs/checkpoints/run_20260803_091237_full_wvote_artifact30_w0-5-5-10-0-15-15-30_strat_4err/fold_09_best.pth
2026-08-03 12:53:24,207 | [FULL    ] | INFO | full_experiments_using.model_trainers.mobile_vit_trainer | Ep [002/500] T-Acc:  50.2%  V-Acc:  49.1%  V-AUROC: 0.4815  LR: 4.00e-04
2026-08-03 12:53:24,348 | [FULL    ] | INFO | full_experiments_using.model_trainers.mobile_vit_trainer |   ↳ new best AUROC; saved checkpoint: /home/oem/choihyunsu/VOGBasedMCIDetection/outputs/checkpoints/run_20260803_091237_full_wvote_artifact30_w0-5-5-10-0-15-15-30_strat_4err/fold_09_best.pth
2026-08-03 12:53:53,032 | [FULL    ] | INFO | full_experiments_using.model_trainers.mobile_vit_trainer | Ep [003/500] T-Acc:  50.9%  V-Acc:  49.2%  V-AUROC: 0.4853  LR: 6.00e-04
2026-08-03 12:53:53,155 | [FULL    ] | INFO | full_experiments_using.model_trainers.mobile_vit_trainer |   ↳ new best AUROC; saved checkpoint: /home/oem/choihyunsu/VOGBasedMCIDetection/outputs/checkpoints/run_20260803_091237_full_wvote_artifact30_w0-5-5-10-0-15-15-30_strat_4err/fold_09_best.pth
2026-08-03 12:54:21,718 | [FULL    ] | INFO | full_experiments_using.model_trainers.mobile_vit_trainer | Ep [004/500] T-Acc:  50.8%  V-Acc:  49.7%  V-AUROC: 0.5017  LR: 8.00e-04
2026-08-03 12:54:21,857 | [FULL    ] | INFO | full_experiments_using.model_trainers.mobile_vit_trainer |   ↳ new best AUROC; saved checkpoint: /home/oem/choihyunsu/VOGBasedMCIDetection/outputs/checkpoints/run_20260803_091237_full_wvote_artifact30_w0-5-5-10-0-15-15-30_strat_4err/fold_09_best.pth
2026-08-03 12:54:50,288 | [FULL    ] | INFO | full_experiments_using.model_trainers.mobile_vit_trainer | Ep [005/500] T-Acc:  52.0%  V-Acc:  50.5%  V-AUROC: 0.5154  LR: 1.00e-03
2026-08-03 12:54:50,406 | [FULL    ] | INFO | full_experiments_using.model_trainers.mobile_vit_trainer |   ↳ new best AUROC; saved checkpoint: /home/oem/choihyunsu/VOGBasedMCIDetection/outputs/checkpoints/run_20260803_091237_full_wvote_artifact30_w0-5-5-10-0-15-15-30_strat_4err/fold_09_best.pth
2026-08-03 12:55:18,895 | [FULL    ] | INFO | full_experiments_using.model_trainers.mobile_vit_trainer | Ep [006/500] T-Acc:  52.2%  V-Acc:  51.8%  V-AUROC: 0.5330  LR: 1.00e-03
2026-08-03 12:55:19,014 | [FULL    ] | INFO | full_experiments_using.model_trainers.mobile_vit_trainer |   ↳ new best AUROC; saved checkpoint: /home/oem/choihyunsu/VOGBasedMCIDetection/outputs/checkpoints/run_20260803_091237_full_wvote_artifact30_w0-5-5-10-0-15-15-30_strat_4err/fold_09_best.pth
2026-08-03 12:55:47,331 | [FULL    ] | INFO | full_experiments_using.model_trainers.mobile_vit_trainer | Ep [007/500] T-Acc:  53.2%  V-Acc:  52.6%  V-AUROC: 0.5414  LR: 1.00e-03
2026-08-03 12:55:47,477 | [FULL    ] | INFO | full_experiments_using.model_trainers.mobile_vit_trainer |   ↳ new best AUROC; saved checkpoint: /home/oem/choihyunsu/VOGBasedMCIDetection/outputs/checkpoints/run_20260803_091237_full_wvote_artifact30_w0-5-5-10-0-15-15-30_strat_4err/fold_09_best.pth
2026-08-03 12:56:15,821 | [FULL    ] | INFO | full_experiments_using.model_trainers.mobile_vit_trainer | Ep [008/500] T-Acc:  53.9%  V-Acc:  52.7%  V-AUROC: 0.5487  LR: 1.00e-03
2026-08-03 12:56:15,945 | [FULL    ] | INFO | full_experiments_using.model_trainers.mobile_vit_trainer |   ↳ new best AUROC; saved checkpoint: /home/oem/choihyunsu/VOGBasedMCIDetection/outputs/checkpoints/run_20260803_091237_full_wvote_artifact30_w0-5-5-10-0-15-15-30_strat_4err/fold_09_best.pth
2026-08-03 12:56:44,455 | [FULL    ] | INFO | full_experiments_using.model_trainers.mobile_vit_trainer | Ep [009/500] T-Acc:  54.6%  V-Acc:  53.1%  V-AUROC: 0.5587  LR: 1.00e-03
2026-08-03 12:56:44,577 | [FULL    ] | INFO | full_experiments_using.model_trainers.mobile_vit_trainer |   ↳ new best AUROC; saved checkpoint: /home/oem/choihyunsu/VOGBasedMCIDetection/outputs/checkpoints/run_20260803_091237_full_wvote_artifact30_w0-5-5-10-0-15-15-30_strat_4err/fold_09_best.pth
2026-08-03 12:57:12,992 | [FULL    ] | INFO | full_experiments_using.model_trainers.mobile_vit_trainer | Ep [010/500] T-Acc:  56.1%  V-Acc:  52.2%  V-AUROC: 0.5609  LR: 1.00e-03
2026-08-03 12:57:13,115 | [FULL    ] | INFO | full_experiments_using.model_trainers.mobile_vit_trainer |   ↳ new best AUROC; saved checkpoint: /home/oem/choihyunsu/VOGBasedMCIDetection/outputs/checkpoints/run_20260803_091237_full_wvote_artifact30_w0-5-5-10-0-15-15-30_strat_4err/fold_09_best.pth
2026-08-03 12:57:40,755 | [FULL    ] | INFO | full_experiments_using.model_trainers.mobile_vit_trainer | Ep [011/500] T-Acc:  56.7%  V-Acc:  54.3%  V-AUROC: 0.5870  LR: 1.00e-03
2026-08-03 12:57:40,866 | [FULL    ] | INFO | full_experiments_using.model_trainers.mobile_vit_trainer |   ↳ new best AUROC; saved checkpoint: /home/oem/choihyunsu/VOGBasedMCIDetection/outputs/checkpoints/run_20260803_091237_full_wvote_artifact30_w0-5-5-10-0-15-15-30_strat_4err/fold_09_best.pth
2026-08-03 12:58:08,034 | [FULL    ] | INFO | full_experiments_using.model_trainers.mobile_vit_trainer | Ep [012/500] T-Acc:  57.6%  V-Acc:  53.0%  V-AUROC: 0.5787  LR: 1.00e-03
2026-08-03 12:58:34,749 | [FULL    ] | INFO | full_experiments_using.model_trainers.mobile_vit_trainer | Ep [013/500] T-Acc:  56.4%  V-Acc:  53.6%  V-AUROC: 0.5803  LR: 1.00e-03
2026-08-03 12:59:03,089 | [FULL    ] | INFO | full_experiments_using.model_trainers.mobile_vit_trainer | Ep [014/500] T-Acc:  57.8%  V-Acc:  55.0%  V-AUROC: 0.5851  LR: 1.00e-03
2026-08-03 12:59:31,412 | [FULL    ] | INFO | full_experiments_using.model_trainers.mobile_vit_trainer | Ep [015/500] T-Acc:  58.1%  V-Acc:  55.3%  V-AUROC: 0.5929  LR: 1.00e-03
2026-08-03 12:59:31,608 | [FULL    ] | INFO | full_experiments_using.model_trainers.mobile_vit_trainer |   ↳ new best AUROC; saved checkpoint: /home/oem/choihyunsu/VOGBasedMCIDetection/outputs/checkpoints/run_20260803_091237_full_wvote_artifact30_w0-5-5-10-0-15-15-30_strat_4err/fold_09_best.pth
2026-08-03 12:59:59,976 | [FULL    ] | INFO | full_experiments_using.model_trainers.mobile_vit_trainer | Ep [016/500] T-Acc:  59.2%  V-Acc:  55.8%  V-AUROC: 0.5950  LR: 1.00e-03
2026-08-03 13:00:00,097 | [FULL    ] | INFO | full_experiments_using.model_trainers.mobile_vit_trainer |   ↳ new best AUROC; saved checkpoint: /home/oem/choihyunsu/VOGBasedMCIDetection/outputs/checkpoints/run_20260803_091237_full_wvote_artifact30_w0-5-5-10-0-15-15-30_strat_4err/fold_09_best.pth
2026-08-03 13:00:28,577 | [FULL    ] | INFO | full_experiments_using.model_trainers.mobile_vit_trainer | Ep [017/500] T-Acc:  59.3%  V-Acc:  55.8%  V-AUROC: 0.5983  LR: 1.00e-03
2026-08-03 13:00:28,713 | [FULL    ] | INFO | full_experiments_using.model_trainers.mobile_vit_trainer |   ↳ new best AUROC; saved checkpoint: /home/oem/choihyunsu/VOGBasedMCIDetection/outputs/checkpoints/run_20260803_091237_full_wvote_artifact30_w0-5-5-10-0-15-15-30_strat_4err/fold_09_best.pth
2026-08-03 13:00:57,318 | [FULL    ] | INFO | full_experiments_using.model_trainers.mobile_vit_trainer | Ep [018/500] T-Acc:  60.0%  V-Acc:  55.6%  V-AUROC: 0.5943  LR: 1.00e-03
2026-08-03 13:01:25,894 | [FULL    ] | INFO | full_experiments_using.model_trainers.mobile_vit_trainer | Ep [019/500] T-Acc:  59.9%  V-Acc:  55.6%  V-AUROC: 0.5921  LR: 1.00e-03
2026-08-03 13:01:54,257 | [FULL    ] | INFO | full_experiments_using.model_trainers.mobile_vit_trainer | Ep [020/500] T-Acc:  59.0%  V-Acc:  56.2%  V-AUROC: 0.5968  LR: 1.00e-03
2026-08-03 13:02:22,761 | [FULL    ] | INFO | full_experiments_using.model_trainers.mobile_vit_trainer | Ep [021/500] T-Acc:  59.0%  V-Acc:  55.5%  V-AUROC: 0.5851  LR: 1.00e-03
2026-08-03 13:02:51,194 | [FULL    ] | INFO | full_experiments_using.model_trainers.mobile_vit_trainer | Ep [022/500] T-Acc:  60.0%  V-Acc:  55.7%  V-AUROC: 0.5912  LR: 1.00e-03
2026-08-03 13:03:19,620 | [FULL    ] | INFO | full_experiments_using.model_trainers.mobile_vit_trainer | Ep [023/500] T-Acc:  59.6%  V-Acc:  57.1%  V-AUROC: 0.6004  LR: 1.00e-03
2026-08-03 13:03:19,797 | [FULL    ] | INFO | full_experiments_using.model_trainers.mobile_vit_trainer |   ↳ new best AUROC; saved checkpoint: /home/oem/choihyunsu/VOGBasedMCIDetection/outputs/checkpoints/run_20260803_091237_full_wvote_artifact30_w0-5-5-10-0-15-15-30_strat_4err/fold_09_best.pth
2026-08-03 13:03:48,425 | [FULL    ] | INFO | full_experiments_using.model_trainers.mobile_vit_trainer | Ep [024/500] T-Acc:  60.4%  V-Acc:  56.4%  V-AUROC: 0.5989  LR: 1.00e-03
2026-08-03 13:04:17,119 | [FULL    ] | INFO | full_experiments_using.model_trainers.mobile_vit_trainer | Ep [025/500] T-Acc:  60.0%  V-Acc:  56.5%  V-AUROC: 0.5933  LR: 1.00e-03
2026-08-03 13:04:45,474 | [FULL    ] | INFO | full_experiments_using.model_trainers.mobile_vit_trainer | Ep [026/500] T-Acc:  60.8%  V-Acc:  54.8%  V-AUROC: 0.5880  LR: 1.00e-03
2026-08-03 13:05:13,872 | [FULL    ] | INFO | full_experiments_using.model_trainers.mobile_vit_trainer | Ep [027/500] T-Acc:  60.5%  V-Acc:  56.1%  V-AUROC: 0.5841  LR: 1.00e-03
2026-08-03 13:05:42,581 | [FULL    ] | INFO | full_experiments_using.model_trainers.mobile_vit_trainer | Ep [028/500] T-Acc:  60.6%  V-Acc:  55.9%  V-AUROC: 0.6000  LR: 1.00e-03
2026-08-03 13:06:10,897 | [FULL    ] | INFO | full_experiments_using.model_trainers.mobile_vit_trainer | Ep [029/500] T-Acc:  61.9%  V-Acc:  57.1%  V-AUROC: 0.5938  LR: 1.00e-03
2026-08-03 13:06:39,316 | [FULL    ] | INFO | full_experiments_using.model_trainers.mobile_vit_trainer | Ep [030/500] T-Acc:  61.8%  V-Acc:  55.8%  V-AUROC: 0.5933  LR: 1.00e-03
2026-08-03 13:07:07,719 | [FULL    ] | INFO | full_experiments_using.model_trainers.mobile_vit_trainer | Ep [031/500] T-Acc:  61.4%  V-Acc:  55.9%  V-AUROC: 0.6015  LR: 1.00e-03
2026-08-03 13:07:07,840 | [FULL    ] | INFO | full_experiments_using.model_trainers.mobile_vit_trainer |   ↳ new best AUROC; saved checkpoint: /home/oem/choihyunsu/VOGBasedMCIDetection/outputs/checkpoints/run_20260803_091237_full_wvote_artifact30_w0-5-5-10-0-15-15-30_strat_4err/fold_09_best.pth
2026-08-03 13:07:36,473 | [FULL    ] | INFO | full_experiments_using.model_trainers.mobile_vit_trainer | Ep [032/500] T-Acc:  61.0%  V-Acc:  55.9%  V-AUROC: 0.5914  LR: 1.00e-03
2026-08-03 13:08:04,962 | [FULL    ] | INFO | full_experiments_using.model_trainers.mobile_vit_trainer | Ep [033/500] T-Acc:  61.3%  V-Acc:  56.4%  V-AUROC: 0.5950  LR: 1.00e-03
2026-08-03 13:08:33,216 | [FULL    ] | INFO | full_experiments_using.model_trainers.mobile_vit_trainer | Ep [034/500] T-Acc:  61.0%  V-Acc:  57.6%  V-AUROC: 0.5944  LR: 1.00e-03
2026-08-03 13:09:01,732 | [FULL    ] | INFO | full_experiments_using.model_trainers.mobile_vit_trainer | Ep [035/500] T-Acc:  62.0%  V-Acc:  57.4%  V-AUROC: 0.5983  LR: 1.00e-03
2026-08-03 13:09:30,225 | [FULL    ] | INFO | full_experiments_using.model_trainers.mobile_vit_trainer | Ep [036/500] T-Acc:  62.1%  V-Acc:  57.3%  V-AUROC: 0.5948  LR: 1.00e-03
2026-08-03 13:09:58,550 | [FULL    ] | INFO | full_experiments_using.model_trainers.mobile_vit_trainer | Ep [037/500] T-Acc:  61.6%  V-Acc:  56.8%  V-AUROC: 0.5989  LR: 1.00e-03
2026-08-03 13:10:26,960 | [FULL    ] | INFO | full_experiments_using.model_trainers.mobile_vit_trainer | Ep [038/500] T-Acc:  62.0%  V-Acc:  56.3%  V-AUROC: 0.5973  LR: 1.00e-03
2026-08-03 13:10:55,515 | [FULL    ] | INFO | full_experiments_using.model_trainers.mobile_vit_trainer | Ep [039/500] T-Acc:  61.6%  V-Acc:  57.4%  V-AUROC: 0.5964  LR: 1.00e-03
2026-08-03 13:11:23,831 | [FULL    ] | INFO | full_experiments_using.model_trainers.mobile_vit_trainer | Ep [040/500] T-Acc:  62.2%  V-Acc:  57.1%  V-AUROC: 0.5998  LR: 1.00e-03
2026-08-03 13:11:52,390 | [FULL    ] | INFO | full_experiments_using.model_trainers.mobile_vit_trainer | Ep [041/500] T-Acc:  62.3%  V-Acc:  56.6%  V-AUROC: 0.6057  LR: 1.00e-03
2026-08-03 13:11:52,587 | [FULL    ] | INFO | full_experiments_using.model_trainers.mobile_vit_trainer |   ↳ new best AUROC; saved checkpoint: /home/oem/choihyunsu/VOGBasedMCIDetection/outputs/checkpoints/run_20260803_091237_full_wvote_artifact30_w0-5-5-10-0-15-15-30_strat_4err/fold_09_best.pth
2026-08-03 13:12:21,254 | [FULL    ] | INFO | full_experiments_using.model_trainers.mobile_vit_trainer | Ep [042/500] T-Acc:  62.4%  V-Acc:  57.0%  V-AUROC: 0.6044  LR: 1.00e-03
2026-08-03 13:12:49,661 | [FULL    ] | INFO | full_experiments_using.model_trainers.mobile_vit_trainer | Ep [043/500] T-Acc:  63.2%  V-Acc:  55.6%  V-AUROC: 0.6066  LR: 1.00e-03
2026-08-03 13:12:49,777 | [FULL    ] | INFO | full_experiments_using.model_trainers.mobile_vit_trainer |   ↳ new best AUROC; saved checkpoint: /home/oem/choihyunsu/VOGBasedMCIDetection/outputs/checkpoints/run_20260803_091237_full_wvote_artifact30_w0-5-5-10-0-15-15-30_strat_4err/fold_09_best.pth
2026-08-03 13:13:18,255 | [FULL    ] | INFO | full_experiments_using.model_trainers.mobile_vit_trainer | Ep [044/500] T-Acc:  61.9%  V-Acc:  56.6%  V-AUROC: 0.6016  LR: 1.00e-03
2026-08-03 13:13:46,758 | [FULL    ] | INFO | full_experiments_using.model_trainers.mobile_vit_trainer | Ep [045/500] T-Acc:  63.6%  V-Acc:  57.4%  V-AUROC: 0.6016  LR: 1.00e-03
2026-08-03 13:14:15,284 | [FULL    ] | INFO | full_experiments_using.model_trainers.mobile_vit_trainer | Ep [046/500] T-Acc:  63.2%  V-Acc:  56.6%  V-AUROC: 0.6022  LR: 1.00e-03
2026-08-03 13:14:43,882 | [FULL    ] | INFO | full_experiments_using.model_trainers.mobile_vit_trainer | Ep [047/500] T-Acc:  62.6%  V-Acc:  56.7%  V-AUROC: 0.6036  LR: 1.00e-03
2026-08-03 13:15:12,443 | [FULL    ] | INFO | full_experiments_using.model_trainers.mobile_vit_trainer | Ep [048/500] T-Acc:  63.6%  V-Acc:  55.8%  V-AUROC: 0.5979  LR: 1.00e-03
2026-08-03 13:15:41,044 | [FULL    ] | INFO | full_experiments_using.model_trainers.mobile_vit_trainer | Ep [049/500] T-Acc:  63.2%  V-Acc:  55.3%  V-AUROC: 0.5975  LR: 1.00e-03
2026-08-03 13:16:09,448 | [FULL    ] | INFO | full_experiments_using.model_trainers.mobile_vit_trainer | Ep [050/500] T-Acc:  64.0%  V-Acc:  56.0%  V-AUROC: 0.5907  LR: 1.00e-03
2026-08-03 13:16:38,137 | [FULL    ] | INFO | full_experiments_using.model_trainers.mobile_vit_trainer | Ep [051/500] T-Acc:  62.9%  V-Acc:  55.3%  V-AUROC: 0.5895  LR: 1.00e-03
2026-08-03 13:17:06,705 | [FULL    ] | INFO | full_experiments_using.model_trainers.mobile_vit_trainer | Ep [052/500] T-Acc:  63.4%  V-Acc:  56.7%  V-AUROC: 0.5973  LR: 1.00e-03
2026-08-03 13:17:35,505 | [FULL    ] | INFO | full_experiments_using.model_trainers.mobile_vit_trainer | Ep [053/500] T-Acc:  63.7%  V-Acc:  55.5%  V-AUROC: 0.5944  LR: 1.00e-03
2026-08-03 13:18:03,941 | [FULL    ] | INFO | full_experiments_using.model_trainers.mobile_vit_trainer | Ep [054/500] T-Acc:  63.4%  V-Acc:  55.6%  V-AUROC: 0.5875  LR: 1.00e-03
2026-08-03 13:18:32,408 | [FULL    ] | INFO | full_experiments_using.model_trainers.mobile_vit_trainer | Ep [055/500] T-Acc:  63.4%  V-Acc:  55.5%  V-AUROC: 0.5900  LR: 2.00e-04
2026-08-03 13:19:01,191 | [FULL    ] | INFO | full_experiments_using.model_trainers.mobile_vit_trainer | Ep [056/500] T-Acc:  64.6%  V-Acc:  55.3%  V-AUROC: 0.5873  LR: 2.00e-04
2026-08-03 13:19:29,830 | [FULL    ] | INFO | full_experiments_using.model_trainers.mobile_vit_trainer | Ep [057/500] T-Acc:  64.7%  V-Acc:  55.8%  V-AUROC: 0.5838  LR: 2.00e-04
2026-08-03 13:19:58,370 | [FULL    ] | INFO | full_experiments_using.model_trainers.mobile_vit_trainer | Ep [058/500] T-Acc:  64.0%  V-Acc:  55.7%  V-AUROC: 0.5862  LR: 2.00e-04
2026-08-03 13:20:26,683 | [FULL    ] | INFO | full_experiments_using.model_trainers.mobile_vit_trainer | Ep [059/500] T-Acc:  63.5%  V-Acc:  55.8%  V-AUROC: 0.5845  LR: 2.00e-04
2026-08-03 13:20:53,290 | [FULL    ] | INFO | full_experiments_using.model_trainers.mobile_vit_trainer | Ep [060/500] T-Acc:  63.9%  V-Acc:  55.7%  V-AUROC: 0.5892  LR: 2.00e-04
2026-08-03 13:21:21,692 | [FULL    ] | INFO | full_experiments_using.model_trainers.mobile_vit_trainer | Ep [061/500] T-Acc:  63.5%  V-Acc:  56.2%  V-AUROC: 0.5920  LR: 2.00e-04
2026-08-03 13:21:47,193 | [FULL    ] | INFO | full_experiments_using.model_trainers.mobile_vit_trainer | Ep [062/500] T-Acc:  64.7%  V-Acc:  56.0%  V-AUROC: 0.5909  LR: 2.00e-04
2026-08-03 13:22:11,338 | [FULL    ] | INFO | full_experiments_using.model_trainers.mobile_vit_trainer | Ep [063/500] T-Acc:  64.7%  V-Acc:  55.7%  V-AUROC: 0.5867  LR: 2.00e-04
2026-08-03 13:22:39,268 | [FULL    ] | INFO | full_experiments_using.model_trainers.mobile_vit_trainer | Ep [064/500] T-Acc:  64.5%  V-Acc:  56.0%  V-AUROC: 0.5858  LR: 2.00e-04
2026-08-03 13:23:06,224 | [FULL    ] | INFO | full_experiments_using.model_trainers.mobile_vit_trainer | Ep [065/500] T-Acc:  63.0%  V-Acc:  55.1%  V-AUROC: 0.5874  LR: 2.00e-04
2026-08-03 13:23:34,778 | [FULL    ] | INFO | full_experiments_using.model_trainers.mobile_vit_trainer | Ep [066/500] T-Acc:  64.4%  V-Acc:  55.3%  V-AUROC: 0.5884  LR: 4.00e-05
2026-08-03 13:24:03,596 | [FULL    ] | INFO | full_experiments_using.model_trainers.mobile_vit_trainer | Ep [067/500] T-Acc:  65.4%  V-Acc:  55.8%  V-AUROC: 0.5870  LR: 4.00e-05
2026-08-03 13:24:32,243 | [FULL    ] | INFO | full_experiments_using.model_trainers.mobile_vit_trainer | Ep [068/500] T-Acc:  63.6%  V-Acc:  55.5%  V-AUROC: 0.5882  LR: 4.00e-05
2026-08-03 13:25:00,827 | [FULL    ] | INFO | full_experiments_using.model_trainers.mobile_vit_trainer | Ep [069/500] T-Acc:  63.3%  V-Acc:  54.9%  V-AUROC: 0.5891  LR: 4.00e-05
2026-08-03 13:25:29,284 | [FULL    ] | INFO | full_experiments_using.model_trainers.mobile_vit_trainer | Ep [070/500] T-Acc:  63.5%  V-Acc:  55.1%  V-AUROC: 0.5873  LR: 4.00e-05
2026-08-03 13:25:57,816 | [FULL    ] | INFO | full_experiments_using.model_trainers.mobile_vit_trainer | Ep [071/500] T-Acc:  64.5%  V-Acc:  55.3%  V-AUROC: 0.5897  LR: 4.00e-05
2026-08-03 13:26:26,202 | [FULL    ] | INFO | full_experiments_using.model_trainers.mobile_vit_trainer | Ep [072/500] T-Acc:  64.2%  V-Acc:  55.7%  V-AUROC: 0.5886  LR: 4.00e-05
2026-08-03 13:26:54,989 | [FULL    ] | INFO | full_experiments_using.model_trainers.mobile_vit_trainer | Ep [073/500] T-Acc:  64.9%  V-Acc:  54.8%  V-AUROC: 0.5888  LR: 4.00e-05
2026-08-03 13:26:54,990 | [FULL    ] | INFO | full_experiments_using.model_trainers.mobile_vit_trainer | Early stop — best AUROC 0.6066 at epoch 43 (no improvement for 30 epochs)
2026-08-03 13:26:54,990 | [FULL    ] | INFO | full_experiments_using.model_trainers.mobile_vit_trainer | Done. Best AUROC: 0.6066 (epoch 43) → /home/oem/choihyunsu/VOGBasedMCIDetection/outputs/checkpoints/run_20260803_091237_full_wvote_artifact30_w0-5-5-10-0-15-15-30_strat_4err/fold_09_best.pth
2026-08-03 13:27:05,829 | [FULL    ] | INFO | full_experiments_using.evaluators.monte_carlo_evaluator | -> Fold 10 Result | Acc=0.700 Sens=0.571 Spec=1.000 AUROC=0.905
2026-08-03 13:27:05,839 | [FULL    ] | INFO | full_experiments_using.evaluators.monte_carlo_evaluator | === Fold 11/30 | train: 25 subj (HC=10 MCI=15) / 3866 win | test: 12 subj (HC=4 MCI=8) / 1849 win ===
2026-08-03 13:27:06,140 | [FULL    ] | INFO | httpx | HTTP Request: HEAD https://huggingface.co/apple/mobilevit-small/resolve/main/config.json "HTTP/1.1 307 Temporary Redirect"
2026-08-03 13:27:06,153 | [FULL    ] | INFO | httpx | HTTP Request: HEAD https://huggingface.co/api/resolve-cache/models/apple/mobilevit-small/6c8612545dc98676d27bc518fa521d9e9af23e34/config.json "HTTP/1.1 200 OK"
2026-08-03 13:27:06,430 | [FULL    ] | INFO | httpx | HTTP Request: HEAD https://huggingface.co/apple/mobilevit-small/resolve/main/model.safetensors "HTTP/1.1 404 Not Found"
2026-08-03 13:27:06,635 | [FULL    ] | INFO | httpx | HTTP Request: HEAD https://huggingface.co/apple/mobilevit-small/resolve/main/model.safetensors.index.json "HTTP/1.1 404 Not Found"
2026-08-03 13:27:06,839 | [FULL    ] | INFO | httpx | HTTP Request: HEAD https://huggingface.co/apple/mobilevit-small/resolve/main/pytorch_model.bin "HTTP/1.1 302 Found"
2026-08-03 13:27:07,046 | [FULL    ] | INFO | httpx | HTTP Request: HEAD https://huggingface.co/apple/mobilevit-small/resolve/main/model.safetensors "HTTP/1.1 404 Not Found"
2026-08-03 13:27:07,249 | [FULL    ] | INFO | httpx | HTTP Request: GET https://huggingface.co/api/models/apple/mobilevit-small "HTTP/1.1 200 OK"
2026-08-03 13:27:07,467 | [FULL    ] | INFO | httpx | HTTP Request: GET https://huggingface.co/api/models/apple/mobilevit-small/commits/main "HTTP/1.1 200 OK"
2026-08-03 13:27:07,686 | [FULL    ] | INFO | httpx | HTTP Request: GET https://huggingface.co/api/models/apple/mobilevit-small/discussions?p=0 "HTTP/1.1 200 OK"
2026-08-03 13:27:07,904 | [FULL    ] | INFO | httpx | HTTP Request: GET https://huggingface.co/api/models/apple/mobilevit-small/commits/refs%2Fpr%2F6 "HTTP/1.1 200 OK"
2026-08-03 13:27:08,126 | [FULL    ] | INFO | httpx | HTTP Request: HEAD https://huggingface.co/apple/mobilevit-small/resolve/refs%2Fpr%2F6/model.safetensors.index.json "HTTP/1.1 404 Not Found"
2026-08-03 13:27:08,332 | [FULL    ] | INFO | httpx | HTTP Request: HEAD https://huggingface.co/apple/mobilevit-small/resolve/refs%2Fpr%2F6/model.safetensors "HTTP/1.1 302 Found"
2026-08-03 13:27:09,192 | [FULL    ] | INFO | full_experiments_using.model_trainers.mobile_vit_trainer | Device: cuda | max_epochs=500 | batch=32 | eval_batch=256 | es_patience=30
2026-08-03 13:27:09,202 | [FULL    ] | INFO | full_experiments_using.model_trainers.mobile_vit_trainer | CE weights — HC: 1.106  MCI: 0.913
2026-08-03 13:27:46,934 | [FULL    ] | INFO | full_experiments_using.model_trainers.mobile_vit_trainer | Ep [001/500] T-Acc:  53.3%  V-Acc:  56.8%  V-AUROC: 0.5213  LR: 2.00e-04
2026-08-03 13:27:47,046 | [FULL    ] | INFO | full_experiments_using.model_trainers.mobile_vit_trainer |   ↳ new best AUROC; saved checkpoint: /home/oem/choihyunsu/VOGBasedMCIDetection/outputs/checkpoints/run_20260803_091237_full_wvote_artifact30_w0-5-5-10-0-15-15-30_strat_4err/fold_10_best.pth
2026-08-03 13:28:15,218 | [FULL    ] | INFO | full_experiments_using.model_trainers.mobile_vit_trainer | Ep [002/500] T-Acc:  53.3%  V-Acc:  57.4%  V-AUROC: 0.5394  LR: 4.00e-04
2026-08-03 13:28:15,338 | [FULL    ] | INFO | full_experiments_using.model_trainers.mobile_vit_trainer |   ↳ new best AUROC; saved checkpoint: /home/oem/choihyunsu/VOGBasedMCIDetection/outputs/checkpoints/run_20260803_091237_full_wvote_artifact30_w0-5-5-10-0-15-15-30_strat_4err/fold_10_best.pth
2026-08-03 13:28:43,666 | [FULL    ] | INFO | full_experiments_using.model_trainers.mobile_vit_trainer | Ep [003/500] T-Acc:  53.5%  V-Acc:  57.5%  V-AUROC: 0.5388  LR: 6.00e-04
2026-08-03 13:29:11,700 | [FULL    ] | INFO | full_experiments_using.model_trainers.mobile_vit_trainer | Ep [004/500] T-Acc:  54.6%  V-Acc:  57.7%  V-AUROC: 0.5471  LR: 8.00e-04
2026-08-03 13:29:11,872 | [FULL    ] | INFO | full_experiments_using.model_trainers.mobile_vit_trainer |   ↳ new best AUROC; saved checkpoint: /home/oem/choihyunsu/VOGBasedMCIDetection/outputs/checkpoints/run_20260803_091237_full_wvote_artifact30_w0-5-5-10-0-15-15-30_strat_4err/fold_10_best.pth
2026-08-03 13:29:40,012 | [FULL    ] | INFO | full_experiments_using.model_trainers.mobile_vit_trainer | Ep [005/500] T-Acc:  53.8%  V-Acc:  55.4%  V-AUROC: 0.5533  LR: 1.00e-03
2026-08-03 13:29:40,144 | [FULL    ] | INFO | full_experiments_using.model_trainers.mobile_vit_trainer |   ↳ new best AUROC; saved checkpoint: /home/oem/choihyunsu/VOGBasedMCIDetection/outputs/checkpoints/run_20260803_091237_full_wvote_artifact30_w0-5-5-10-0-15-15-30_strat_4err/fold_10_best.pth
2026-08-03 13:30:08,359 | [FULL    ] | INFO | full_experiments_using.model_trainers.mobile_vit_trainer | Ep [006/500] T-Acc:  53.6%  V-Acc:  56.9%  V-AUROC: 0.5613  LR: 1.00e-03
2026-08-03 13:30:08,537 | [FULL    ] | INFO | full_experiments_using.model_trainers.mobile_vit_trainer |   ↳ new best AUROC; saved checkpoint: /home/oem/choihyunsu/VOGBasedMCIDetection/outputs/checkpoints/run_20260803_091237_full_wvote_artifact30_w0-5-5-10-0-15-15-30_strat_4err/fold_10_best.pth
2026-08-03 13:30:36,866 | [FULL    ] | INFO | full_experiments_using.model_trainers.mobile_vit_trainer | Ep [007/500] T-Acc:  53.3%  V-Acc:  57.4%  V-AUROC: 0.5726  LR: 1.00e-03
2026-08-03 13:30:37,022 | [FULL    ] | INFO | full_experiments_using.model_trainers.mobile_vit_trainer |   ↳ new best AUROC; saved checkpoint: /home/oem/choihyunsu/VOGBasedMCIDetection/outputs/checkpoints/run_20260803_091237_full_wvote_artifact30_w0-5-5-10-0-15-15-30_strat_4err/fold_10_best.pth
2026-08-03 13:31:05,380 | [FULL    ] | INFO | full_experiments_using.model_trainers.mobile_vit_trainer | Ep [008/500] T-Acc:  54.3%  V-Acc:  55.7%  V-AUROC: 0.5671  LR: 1.00e-03
2026-08-03 13:31:33,568 | [FULL    ] | INFO | full_experiments_using.model_trainers.mobile_vit_trainer | Ep [009/500] T-Acc:  53.8%  V-Acc:  55.9%  V-AUROC: 0.5691  LR: 1.00e-03
2026-08-03 13:32:01,717 | [FULL    ] | INFO | full_experiments_using.model_trainers.mobile_vit_trainer | Ep [010/500] T-Acc:  53.8%  V-Acc:  56.3%  V-AUROC: 0.5839  LR: 1.00e-03
2026-08-03 13:32:01,914 | [FULL    ] | INFO | full_experiments_using.model_trainers.mobile_vit_trainer |   ↳ new best AUROC; saved checkpoint: /home/oem/choihyunsu/VOGBasedMCIDetection/outputs/checkpoints/run_20260803_091237_full_wvote_artifact30_w0-5-5-10-0-15-15-30_strat_4err/fold_10_best.pth
2026-08-03 13:32:29,900 | [FULL    ] | INFO | full_experiments_using.model_trainers.mobile_vit_trainer | Ep [011/500] T-Acc:  54.0%  V-Acc:  57.4%  V-AUROC: 0.5943  LR: 1.00e-03
2026-08-03 13:32:30,030 | [FULL    ] | INFO | full_experiments_using.model_trainers.mobile_vit_trainer |   ↳ new best AUROC; saved checkpoint: /home/oem/choihyunsu/VOGBasedMCIDetection/outputs/checkpoints/run_20260803_091237_full_wvote_artifact30_w0-5-5-10-0-15-15-30_strat_4err/fold_10_best.pth
2026-08-03 13:32:58,237 | [FULL    ] | INFO | full_experiments_using.model_trainers.mobile_vit_trainer | Ep [012/500] T-Acc:  55.1%  V-Acc:  55.3%  V-AUROC: 0.5807  LR: 1.00e-03
2026-08-03 13:33:26,714 | [FULL    ] | INFO | full_experiments_using.model_trainers.mobile_vit_trainer | Ep [013/500] T-Acc:  53.2%  V-Acc:  56.4%  V-AUROC: 0.5893  LR: 1.00e-03
2026-08-03 13:33:54,962 | [FULL    ] | INFO | full_experiments_using.model_trainers.mobile_vit_trainer | Ep [014/500] T-Acc:  53.9%  V-Acc:  56.3%  V-AUROC: 0.5864  LR: 1.00e-03
2026-08-03 13:34:23,223 | [FULL    ] | INFO | full_experiments_using.model_trainers.mobile_vit_trainer | Ep [015/500] T-Acc:  54.5%  V-Acc:  56.3%  V-AUROC: 0.5923  LR: 1.00e-03
2026-08-03 13:34:51,377 | [FULL    ] | INFO | full_experiments_using.model_trainers.mobile_vit_trainer | Ep [016/500] T-Acc:  55.5%  V-Acc:  57.2%  V-AUROC: 0.5970  LR: 1.00e-03
2026-08-03 13:34:51,534 | [FULL    ] | INFO | full_experiments_using.model_trainers.mobile_vit_trainer |   ↳ new best AUROC; saved checkpoint: /home/oem/choihyunsu/VOGBasedMCIDetection/outputs/checkpoints/run_20260803_091237_full_wvote_artifact30_w0-5-5-10-0-15-15-30_strat_4err/fold_10_best.pth
2026-08-03 13:35:19,585 | [FULL    ] | INFO | full_experiments_using.model_trainers.mobile_vit_trainer | Ep [017/500] T-Acc:  56.8%  V-Acc:  57.3%  V-AUROC: 0.6003  LR: 1.00e-03
2026-08-03 13:35:19,761 | [FULL    ] | INFO | full_experiments_using.model_trainers.mobile_vit_trainer |   ↳ new best AUROC; saved checkpoint: /home/oem/choihyunsu/VOGBasedMCIDetection/outputs/checkpoints/run_20260803_091237_full_wvote_artifact30_w0-5-5-10-0-15-15-30_strat_4err/fold_10_best.pth
2026-08-03 13:35:48,175 | [FULL    ] | INFO | full_experiments_using.model_trainers.mobile_vit_trainer | Ep [018/500] T-Acc:  57.3%  V-Acc:  60.6%  V-AUROC: 0.6161  LR: 1.00e-03
2026-08-03 13:35:48,317 | [FULL    ] | INFO | full_experiments_using.model_trainers.mobile_vit_trainer |   ↳ new best AUROC; saved checkpoint: /home/oem/choihyunsu/VOGBasedMCIDetection/outputs/checkpoints/run_20260803_091237_full_wvote_artifact30_w0-5-5-10-0-15-15-30_strat_4err/fold_10_best.pth
2026-08-03 13:36:16,587 | [FULL    ] | INFO | full_experiments_using.model_trainers.mobile_vit_trainer | Ep [019/500] T-Acc:  57.5%  V-Acc:  58.2%  V-AUROC: 0.6100  LR: 1.00e-03
2026-08-03 13:36:44,835 | [FULL    ] | INFO | full_experiments_using.model_trainers.mobile_vit_trainer | Ep [020/500] T-Acc:  57.7%  V-Acc:  59.9%  V-AUROC: 0.6221  LR: 1.00e-03
2026-08-03 13:36:45,008 | [FULL    ] | INFO | full_experiments_using.model_trainers.mobile_vit_trainer |   ↳ new best AUROC; saved checkpoint: /home/oem/choihyunsu/VOGBasedMCIDetection/outputs/checkpoints/run_20260803_091237_full_wvote_artifact30_w0-5-5-10-0-15-15-30_strat_4err/fold_10_best.pth
2026-08-03 13:37:13,157 | [FULL    ] | INFO | full_experiments_using.model_trainers.mobile_vit_trainer | Ep [021/500] T-Acc:  57.5%  V-Acc:  59.5%  V-AUROC: 0.6262  LR: 1.00e-03
2026-08-03 13:37:13,324 | [FULL    ] | INFO | full_experiments_using.model_trainers.mobile_vit_trainer |   ↳ new best AUROC; saved checkpoint: /home/oem/choihyunsu/VOGBasedMCIDetection/outputs/checkpoints/run_20260803_091237_full_wvote_artifact30_w0-5-5-10-0-15-15-30_strat_4err/fold_10_best.pth
2026-08-03 13:37:41,593 | [FULL    ] | INFO | full_experiments_using.model_trainers.mobile_vit_trainer | Ep [022/500] T-Acc:  57.4%  V-Acc:  58.1%  V-AUROC: 0.6190  LR: 1.00e-03
2026-08-03 13:38:09,838 | [FULL    ] | INFO | full_experiments_using.model_trainers.mobile_vit_trainer | Ep [023/500] T-Acc:  58.2%  V-Acc:  59.8%  V-AUROC: 0.6283  LR: 1.00e-03
2026-08-03 13:38:09,959 | [FULL    ] | INFO | full_experiments_using.model_trainers.mobile_vit_trainer |   ↳ new best AUROC; saved checkpoint: /home/oem/choihyunsu/VOGBasedMCIDetection/outputs/checkpoints/run_20260803_091237_full_wvote_artifact30_w0-5-5-10-0-15-15-30_strat_4err/fold_10_best.pth
2026-08-03 13:38:38,351 | [FULL    ] | INFO | full_experiments_using.model_trainers.mobile_vit_trainer | Ep [024/500] T-Acc:  58.2%  V-Acc:  58.0%  V-AUROC: 0.6199  LR: 1.00e-03
2026-08-03 13:39:06,703 | [FULL    ] | INFO | full_experiments_using.model_trainers.mobile_vit_trainer | Ep [025/500] T-Acc:  57.7%  V-Acc:  59.5%  V-AUROC: 0.6349  LR: 1.00e-03
2026-08-03 13:39:06,857 | [FULL    ] | INFO | full_experiments_using.model_trainers.mobile_vit_trainer |   ↳ new best AUROC; saved checkpoint: /home/oem/choihyunsu/VOGBasedMCIDetection/outputs/checkpoints/run_20260803_091237_full_wvote_artifact30_w0-5-5-10-0-15-15-30_strat_4err/fold_10_best.pth
2026-08-03 13:39:35,138 | [FULL    ] | INFO | full_experiments_using.model_trainers.mobile_vit_trainer | Ep [026/500] T-Acc:  58.4%  V-Acc:  58.0%  V-AUROC: 0.6192  LR: 1.00e-03
2026-08-03 13:40:03,389 | [FULL    ] | INFO | full_experiments_using.model_trainers.mobile_vit_trainer | Ep [027/500] T-Acc:  59.2%  V-Acc:  57.1%  V-AUROC: 0.6061  LR: 1.00e-03
2026-08-03 13:40:31,726 | [FULL    ] | INFO | full_experiments_using.model_trainers.mobile_vit_trainer | Ep [028/500] T-Acc:  58.5%  V-Acc:  57.0%  V-AUROC: 0.6170  LR: 1.00e-03
2026-08-03 13:41:00,022 | [FULL    ] | INFO | full_experiments_using.model_trainers.mobile_vit_trainer | Ep [029/500] T-Acc:  60.0%  V-Acc:  57.0%  V-AUROC: 0.6138  LR: 1.00e-03
2026-08-03 13:41:28,501 | [FULL    ] | INFO | full_experiments_using.model_trainers.mobile_vit_trainer | Ep [030/500] T-Acc:  59.5%  V-Acc:  59.3%  V-AUROC: 0.6312  LR: 1.00e-03
2026-08-03 13:41:56,908 | [FULL    ] | INFO | full_experiments_using.model_trainers.mobile_vit_trainer | Ep [031/500] T-Acc:  58.9%  V-Acc:  59.8%  V-AUROC: 0.6338  LR: 1.00e-03
2026-08-03 13:42:25,076 | [FULL    ] | INFO | full_experiments_using.model_trainers.mobile_vit_trainer | Ep [032/500] T-Acc:  59.4%  V-Acc:  60.6%  V-AUROC: 0.6364  LR: 1.00e-03
2026-08-03 13:42:25,210 | [FULL    ] | INFO | full_experiments_using.model_trainers.mobile_vit_trainer |   ↳ new best AUROC; saved checkpoint: /home/oem/choihyunsu/VOGBasedMCIDetection/outputs/checkpoints/run_20260803_091237_full_wvote_artifact30_w0-5-5-10-0-15-15-30_strat_4err/fold_10_best.pth
2026-08-03 13:42:53,389 | [FULL    ] | INFO | full_experiments_using.model_trainers.mobile_vit_trainer | Ep [033/500] T-Acc:  59.8%  V-Acc:  60.0%  V-AUROC: 0.6351  LR: 1.00e-03
2026-08-03 13:43:21,743 | [FULL    ] | INFO | full_experiments_using.model_trainers.mobile_vit_trainer | Ep [034/500] T-Acc:  60.0%  V-Acc:  58.6%  V-AUROC: 0.6299  LR: 1.00e-03
2026-08-03 13:43:50,178 | [FULL    ] | INFO | full_experiments_using.model_trainers.mobile_vit_trainer | Ep [035/500] T-Acc:  60.5%  V-Acc:  58.2%  V-AUROC: 0.6103  LR: 1.00e-03
2026-08-03 13:44:18,600 | [FULL    ] | INFO | full_experiments_using.model_trainers.mobile_vit_trainer | Ep [036/500] T-Acc:  59.5%  V-Acc:  57.9%  V-AUROC: 0.6116  LR: 1.00e-03
2026-08-03 13:44:46,725 | [FULL    ] | INFO | full_experiments_using.model_trainers.mobile_vit_trainer | Ep [037/500] T-Acc:  59.1%  V-Acc:  57.7%  V-AUROC: 0.6145  LR: 1.00e-03
2026-08-03 13:45:14,987 | [FULL    ] | INFO | full_experiments_using.model_trainers.mobile_vit_trainer | Ep [038/500] T-Acc:  59.5%  V-Acc:  58.5%  V-AUROC: 0.6295  LR: 1.00e-03
2026-08-03 13:45:42,333 | [FULL    ] | INFO | full_experiments_using.model_trainers.mobile_vit_trainer | Ep [039/500] T-Acc:  60.7%  V-Acc:  60.0%  V-AUROC: 0.6263  LR: 1.00e-03
2026-08-03 13:46:09,620 | [FULL    ] | INFO | full_experiments_using.model_trainers.mobile_vit_trainer | Ep [040/500] T-Acc:  60.3%  V-Acc:  58.2%  V-AUROC: 0.6183  LR: 1.00e-03
2026-08-03 13:46:34,171 | [FULL    ] | INFO | full_experiments_using.model_trainers.mobile_vit_trainer | Ep [041/500] T-Acc:  58.4%  V-Acc:  58.1%  V-AUROC: 0.6154  LR: 1.00e-03
2026-08-03 13:47:00,326 | [FULL    ] | INFO | full_experiments_using.model_trainers.mobile_vit_trainer | Ep [042/500] T-Acc:  60.3%  V-Acc:  58.4%  V-AUROC: 0.6233  LR: 1.00e-03
2026-08-03 13:47:28,535 | [FULL    ] | INFO | full_experiments_using.model_trainers.mobile_vit_trainer | Ep [043/500] T-Acc:  60.8%  V-Acc:  58.8%  V-AUROC: 0.6309  LR: 1.00e-03
2026-08-03 13:47:56,585 | [FULL    ] | INFO | full_experiments_using.model_trainers.mobile_vit_trainer | Ep [044/500] T-Acc:  59.3%  V-Acc:  59.2%  V-AUROC: 0.6292  LR: 2.00e-04
2026-08-03 13:48:24,738 | [FULL    ] | INFO | full_experiments_using.model_trainers.mobile_vit_trainer | Ep [045/500] T-Acc:  60.1%  V-Acc:  58.5%  V-AUROC: 0.6296  LR: 2.00e-04
2026-08-03 13:48:52,841 | [FULL    ] | INFO | full_experiments_using.model_trainers.mobile_vit_trainer | Ep [046/500] T-Acc:  59.7%  V-Acc:  59.1%  V-AUROC: 0.6320  LR: 2.00e-04
2026-08-03 13:49:21,232 | [FULL    ] | INFO | full_experiments_using.model_trainers.mobile_vit_trainer | Ep [047/500] T-Acc:  59.8%  V-Acc:  59.6%  V-AUROC: 0.6343  LR: 2.00e-04
2026-08-03 13:49:49,511 | [FULL    ] | INFO | full_experiments_using.model_trainers.mobile_vit_trainer | Ep [048/500] T-Acc:  60.6%  V-Acc:  59.2%  V-AUROC: 0.6333  LR: 2.00e-04
2026-08-03 13:50:17,824 | [FULL    ] | INFO | full_experiments_using.model_trainers.mobile_vit_trainer | Ep [049/500] T-Acc:  61.2%  V-Acc:  60.4%  V-AUROC: 0.6385  LR: 2.00e-04
2026-08-03 13:50:17,971 | [FULL    ] | INFO | full_experiments_using.model_trainers.mobile_vit_trainer |   ↳ new best AUROC; saved checkpoint: /home/oem/choihyunsu/VOGBasedMCIDetection/outputs/checkpoints/run_20260803_091237_full_wvote_artifact30_w0-5-5-10-0-15-15-30_strat_4err/fold_10_best.pth
2026-08-03 13:50:46,193 | [FULL    ] | INFO | full_experiments_using.model_trainers.mobile_vit_trainer | Ep [050/500] T-Acc:  60.7%  V-Acc:  59.4%  V-AUROC: 0.6337  LR: 2.00e-04
2026-08-03 13:51:14,436 | [FULL    ] | INFO | full_experiments_using.model_trainers.mobile_vit_trainer | Ep [051/500] T-Acc:  60.7%  V-Acc:  58.7%  V-AUROC: 0.6333  LR: 2.00e-04
2026-08-03 13:51:42,686 | [FULL    ] | INFO | full_experiments_using.model_trainers.mobile_vit_trainer | Ep [052/500] T-Acc:  60.8%  V-Acc:  58.6%  V-AUROC: 0.6327  LR: 2.00e-04
2026-08-03 13:52:10,978 | [FULL    ] | INFO | full_experiments_using.model_trainers.mobile_vit_trainer | Ep [053/500] T-Acc:  59.3%  V-Acc:  58.6%  V-AUROC: 0.6336  LR: 2.00e-04
2026-08-03 13:52:39,074 | [FULL    ] | INFO | full_experiments_using.model_trainers.mobile_vit_trainer | Ep [054/500] T-Acc:  61.2%  V-Acc:  59.4%  V-AUROC: 0.6383  LR: 2.00e-04
2026-08-03 13:53:07,154 | [FULL    ] | INFO | full_experiments_using.model_trainers.mobile_vit_trainer | Ep [055/500] T-Acc:  60.5%  V-Acc:  58.7%  V-AUROC: 0.6379  LR: 2.00e-04
2026-08-03 13:53:35,461 | [FULL    ] | INFO | full_experiments_using.model_trainers.mobile_vit_trainer | Ep [056/500] T-Acc:  62.2%  V-Acc:  59.5%  V-AUROC: 0.6355  LR: 2.00e-04
2026-08-03 13:54:03,498 | [FULL    ] | INFO | full_experiments_using.model_trainers.mobile_vit_trainer | Ep [057/500] T-Acc:  61.7%  V-Acc:  58.6%  V-AUROC: 0.6326  LR: 2.00e-04
2026-08-03 13:54:31,814 | [FULL    ] | INFO | full_experiments_using.model_trainers.mobile_vit_trainer | Ep [058/500] T-Acc:  61.6%  V-Acc:  59.4%  V-AUROC: 0.6338  LR: 2.00e-04
2026-08-03 13:55:00,085 | [FULL    ] | INFO | full_experiments_using.model_trainers.mobile_vit_trainer | Ep [059/500] T-Acc:  60.3%  V-Acc:  58.3%  V-AUROC: 0.6309  LR: 2.00e-04
2026-08-03 13:55:28,188 | [FULL    ] | INFO | full_experiments_using.model_trainers.mobile_vit_trainer | Ep [060/500] T-Acc:  61.1%  V-Acc:  58.6%  V-AUROC: 0.6322  LR: 2.00e-04
2026-08-03 13:55:56,378 | [FULL    ] | INFO | full_experiments_using.model_trainers.mobile_vit_trainer | Ep [061/500] T-Acc:  62.1%  V-Acc:  58.9%  V-AUROC: 0.6323  LR: 4.00e-05
2026-08-03 13:56:24,684 | [FULL    ] | INFO | full_experiments_using.model_trainers.mobile_vit_trainer | Ep [062/500] T-Acc:  61.1%  V-Acc:  58.4%  V-AUROC: 0.6313  LR: 4.00e-05
2026-08-03 13:56:53,011 | [FULL    ] | INFO | full_experiments_using.model_trainers.mobile_vit_trainer | Ep [063/500] T-Acc:  60.9%  V-Acc:  58.5%  V-AUROC: 0.6327  LR: 4.00e-05
2026-08-03 13:57:21,294 | [FULL    ] | INFO | full_experiments_using.model_trainers.mobile_vit_trainer | Ep [064/500] T-Acc:  61.0%  V-Acc:  59.1%  V-AUROC: 0.6309  LR: 4.00e-05
2026-08-03 13:57:49,810 | [FULL    ] | INFO | full_experiments_using.model_trainers.mobile_vit_trainer | Ep [065/500] T-Acc:  61.6%  V-Acc:  59.1%  V-AUROC: 0.6311  LR: 4.00e-05
2026-08-03 13:58:18,121 | [FULL    ] | INFO | full_experiments_using.model_trainers.mobile_vit_trainer | Ep [066/500] T-Acc:  61.1%  V-Acc:  58.5%  V-AUROC: 0.6305  LR: 4.00e-05
2026-08-03 13:58:46,479 | [FULL    ] | INFO | full_experiments_using.model_trainers.mobile_vit_trainer | Ep [067/500] T-Acc:  62.0%  V-Acc:  58.6%  V-AUROC: 0.6313  LR: 4.00e-05
2026-08-03 13:59:14,856 | [FULL    ] | INFO | full_experiments_using.model_trainers.mobile_vit_trainer | Ep [068/500] T-Acc:  61.1%  V-Acc:  58.7%  V-AUROC: 0.6318  LR: 4.00e-05
2026-08-03 13:59:42,999 | [FULL    ] | INFO | full_experiments_using.model_trainers.mobile_vit_trainer | Ep [069/500] T-Acc:  61.2%  V-Acc:  58.3%  V-AUROC: 0.6313  LR: 4.00e-05
2026-08-03 14:00:11,461 | [FULL    ] | INFO | full_experiments_using.model_trainers.mobile_vit_trainer | Ep [070/500] T-Acc:  61.5%  V-Acc:  58.2%  V-AUROC: 0.6310  LR: 4.00e-05
2026-08-03 14:00:39,612 | [FULL    ] | INFO | full_experiments_using.model_trainers.mobile_vit_trainer | Ep [071/500] T-Acc:  61.7%  V-Acc:  58.7%  V-AUROC: 0.6307  LR: 4.00e-05
2026-08-03 14:01:07,894 | [FULL    ] | INFO | full_experiments_using.model_trainers.mobile_vit_trainer | Ep [072/500] T-Acc:  61.3%  V-Acc:  58.8%  V-AUROC: 0.6325  LR: 8.00e-06
2026-08-03 14:01:36,591 | [FULL    ] | INFO | full_experiments_using.model_trainers.mobile_vit_trainer | Ep [073/500] T-Acc:  60.1%  V-Acc:  58.6%  V-AUROC: 0.6316  LR: 8.00e-06
2026-08-03 14:02:04,852 | [FULL    ] | INFO | full_experiments_using.model_trainers.mobile_vit_trainer | Ep [074/500] T-Acc:  61.2%  V-Acc:  58.2%  V-AUROC: 0.6316  LR: 8.00e-06
2026-08-03 14:02:33,296 | [FULL    ] | INFO | full_experiments_using.model_trainers.mobile_vit_trainer | Ep [075/500] T-Acc:  61.1%  V-Acc:  58.6%  V-AUROC: 0.6314  LR: 8.00e-06
2026-08-03 14:03:01,506 | [FULL    ] | INFO | full_experiments_using.model_trainers.mobile_vit_trainer | Ep [076/500] T-Acc:  60.7%  V-Acc:  58.5%  V-AUROC: 0.6319  LR: 8.00e-06
2026-08-03 14:03:29,758 | [FULL    ] | INFO | full_experiments_using.model_trainers.mobile_vit_trainer | Ep [077/500] T-Acc:  61.4%  V-Acc:  58.4%  V-AUROC: 0.6323  LR: 8.00e-06
2026-08-03 14:03:58,154 | [FULL    ] | INFO | full_experiments_using.model_trainers.mobile_vit_trainer | Ep [078/500] T-Acc:  60.9%  V-Acc:  58.6%  V-AUROC: 0.6308  LR: 8.00e-06
2026-08-03 14:04:26,368 | [FULL    ] | INFO | full_experiments_using.model_trainers.mobile_vit_trainer | Ep [079/500] T-Acc:  61.1%  V-Acc:  58.2%  V-AUROC: 0.6302  LR: 8.00e-06
2026-08-03 14:04:26,371 | [FULL    ] | INFO | full_experiments_using.model_trainers.mobile_vit_trainer | Early stop — best AUROC 0.6385 at epoch 49 (no improvement for 30 epochs)
2026-08-03 14:04:26,371 | [FULL    ] | INFO | full_experiments_using.model_trainers.mobile_vit_trainer | Done. Best AUROC: 0.6385 (epoch 49) → /home/oem/choihyunsu/VOGBasedMCIDetection/outputs/checkpoints/run_20260803_091237_full_wvote_artifact30_w0-5-5-10-0-15-15-30_strat_4err/fold_10_best.pth
2026-08-03 14:04:35,761 | [FULL    ] | INFO | full_experiments_using.evaluators.monte_carlo_evaluator | -> Fold 11 Result | Acc=0.909 Sens=1.000 Spec=0.750 AUROC=1.000
2026-08-03 14:04:35,772 | [FULL    ] | INFO | full_experiments_using.evaluators.monte_carlo_evaluator | === Fold 12/30 | train: 25 subj (HC=10 MCI=15) / 3812 win | test: 12 subj (HC=4 MCI=8) / 1903 win ===
2026-08-03 14:04:36,050 | [FULL    ] | INFO | httpx | HTTP Request: HEAD https://huggingface.co/apple/mobilevit-small/resolve/main/config.json "HTTP/1.1 307 Temporary Redirect"
2026-08-03 14:04:36,061 | [FULL    ] | INFO | httpx | HTTP Request: HEAD https://huggingface.co/api/resolve-cache/models/apple/mobilevit-small/6c8612545dc98676d27bc518fa521d9e9af23e34/config.json "HTTP/1.1 200 OK"
2026-08-03 14:04:36,348 | [FULL    ] | INFO | httpx | HTTP Request: HEAD https://huggingface.co/apple/mobilevit-small/resolve/main/model.safetensors "HTTP/1.1 404 Not Found"
2026-08-03 14:04:36,547 | [FULL    ] | INFO | httpx | HTTP Request: HEAD https://huggingface.co/apple/mobilevit-small/resolve/main/model.safetensors.index.json "HTTP/1.1 404 Not Found"
2026-08-03 14:04:36,757 | [FULL    ] | INFO | httpx | HTTP Request: HEAD https://huggingface.co/apple/mobilevit-small/resolve/main/pytorch_model.bin "HTTP/1.1 302 Found"
2026-08-03 14:04:36,957 | [FULL    ] | INFO | httpx | HTTP Request: HEAD https://huggingface.co/apple/mobilevit-small/resolve/main/model.safetensors "HTTP/1.1 404 Not Found"
2026-08-03 14:04:37,162 | [FULL    ] | INFO | httpx | HTTP Request: GET https://huggingface.co/api/models/apple/mobilevit-small "HTTP/1.1 200 OK"
2026-08-03 14:04:37,383 | [FULL    ] | INFO | httpx | HTTP Request: GET https://huggingface.co/api/models/apple/mobilevit-small/commits/main "HTTP/1.1 200 OK"
2026-08-03 14:04:37,622 | [FULL    ] | INFO | httpx | HTTP Request: GET https://huggingface.co/api/models/apple/mobilevit-small/discussions?p=0 "HTTP/1.1 200 OK"
2026-08-03 14:04:37,869 | [FULL    ] | INFO | httpx | HTTP Request: GET https://huggingface.co/api/models/apple/mobilevit-small/commits/refs%2Fpr%2F6 "HTTP/1.1 200 OK"
2026-08-03 14:04:38,078 | [FULL    ] | INFO | httpx | HTTP Request: HEAD https://huggingface.co/apple/mobilevit-small/resolve/refs%2Fpr%2F6/model.safetensors.index.json "HTTP/1.1 404 Not Found"
2026-08-03 14:04:38,287 | [FULL    ] | INFO | httpx | HTTP Request: HEAD https://huggingface.co/apple/mobilevit-small/resolve/refs%2Fpr%2F6/model.safetensors "HTTP/1.1 302 Found"
2026-08-03 14:04:38,999 | [FULL    ] | INFO | full_experiments_using.model_trainers.mobile_vit_trainer | Device: cuda | max_epochs=500 | batch=32 | eval_batch=256 | es_patience=30
2026-08-03 14:04:39,004 | [FULL    ] | INFO | full_experiments_using.model_trainers.mobile_vit_trainer | CE weights — HC: 1.084  MCI: 0.928
2026-08-03 14:05:19,113 | [FULL    ] | INFO | full_experiments_using.model_trainers.mobile_vit_trainer | Ep [001/500] T-Acc:  49.1%  V-Acc:  51.7%  V-AUROC: 0.5253  LR: 2.00e-04
2026-08-03 14:05:19,193 | [FULL    ] | INFO | full_experiments_using.model_trainers.mobile_vit_trainer |   ↳ new best AUROC; saved checkpoint: /home/oem/choihyunsu/VOGBasedMCIDetection/outputs/checkpoints/run_20260803_091237_full_wvote_artifact30_w0-5-5-10-0-15-15-30_strat_4err/fold_11_best.pth
2026-08-03 14:05:43,806 | [FULL    ] | INFO | full_experiments_using.model_trainers.mobile_vit_trainer | Ep [002/500] T-Acc:  48.9%  V-Acc:  51.9%  V-AUROC: 0.5315  LR: 4.00e-04
2026-08-03 14:05:43,942 | [FULL    ] | INFO | full_experiments_using.model_trainers.mobile_vit_trainer |   ↳ new best AUROC; saved checkpoint: /home/oem/choihyunsu/VOGBasedMCIDetection/outputs/checkpoints/run_20260803_091237_full_wvote_artifact30_w0-5-5-10-0-15-15-30_strat_4err/fold_11_best.pth
2026-08-03 14:06:11,360 | [FULL    ] | INFO | full_experiments_using.model_trainers.mobile_vit_trainer | Ep [003/500] T-Acc:  49.4%  V-Acc:  52.4%  V-AUROC: 0.5268  LR: 6.00e-04
2026-08-03 14:06:38,201 | [FULL    ] | INFO | full_experiments_using.model_trainers.mobile_vit_trainer | Ep [004/500] T-Acc:  50.8%  V-Acc:  53.1%  V-AUROC: 0.5374  LR: 8.00e-04
2026-08-03 14:06:38,349 | [FULL    ] | INFO | full_experiments_using.model_trainers.mobile_vit_trainer |   ↳ new best AUROC; saved checkpoint: /home/oem/choihyunsu/VOGBasedMCIDetection/outputs/checkpoints/run_20260803_091237_full_wvote_artifact30_w0-5-5-10-0-15-15-30_strat_4err/fold_11_best.pth
2026-08-03 14:07:06,563 | [FULL    ] | INFO | full_experiments_using.model_trainers.mobile_vit_trainer | Ep [005/500] T-Acc:  50.5%  V-Acc:  55.1%  V-AUROC: 0.5613  LR: 1.00e-03
2026-08-03 14:07:06,747 | [FULL    ] | INFO | full_experiments_using.model_trainers.mobile_vit_trainer |   ↳ new best AUROC; saved checkpoint: /home/oem/choihyunsu/VOGBasedMCIDetection/outputs/checkpoints/run_20260803_091237_full_wvote_artifact30_w0-5-5-10-0-15-15-30_strat_4err/fold_11_best.pth
2026-08-03 14:07:34,866 | [FULL    ] | INFO | full_experiments_using.model_trainers.mobile_vit_trainer | Ep [006/500] T-Acc:  51.6%  V-Acc:  55.9%  V-AUROC: 0.5690  LR: 1.00e-03
2026-08-03 14:07:34,987 | [FULL    ] | INFO | full_experiments_using.model_trainers.mobile_vit_trainer |   ↳ new best AUROC; saved checkpoint: /home/oem/choihyunsu/VOGBasedMCIDetection/outputs/checkpoints/run_20260803_091237_full_wvote_artifact30_w0-5-5-10-0-15-15-30_strat_4err/fold_11_best.pth
2026-08-03 14:08:03,156 | [FULL    ] | INFO | full_experiments_using.model_trainers.mobile_vit_trainer | Ep [007/500] T-Acc:  52.6%  V-Acc:  57.4%  V-AUROC: 0.5703  LR: 1.00e-03
2026-08-03 14:08:03,266 | [FULL    ] | INFO | full_experiments_using.model_trainers.mobile_vit_trainer |   ↳ new best AUROC; saved checkpoint: /home/oem/choihyunsu/VOGBasedMCIDetection/outputs/checkpoints/run_20260803_091237_full_wvote_artifact30_w0-5-5-10-0-15-15-30_strat_4err/fold_11_best.pth
2026-08-03 14:08:30,858 | [FULL    ] | INFO | full_experiments_using.model_trainers.mobile_vit_trainer | Ep [008/500] T-Acc:  53.2%  V-Acc:  59.0%  V-AUROC: 0.5911  LR: 1.00e-03
2026-08-03 14:08:30,977 | [FULL    ] | INFO | full_experiments_using.model_trainers.mobile_vit_trainer |   ↳ new best AUROC; saved checkpoint: /home/oem/choihyunsu/VOGBasedMCIDetection/outputs/checkpoints/run_20260803_091237_full_wvote_artifact30_w0-5-5-10-0-15-15-30_strat_4err/fold_11_best.pth
2026-08-03 14:08:58,938 | [FULL    ] | INFO | full_experiments_using.model_trainers.mobile_vit_trainer | Ep [009/500] T-Acc:  53.1%  V-Acc:  59.8%  V-AUROC: 0.6050  LR: 1.00e-03
2026-08-03 14:08:59,072 | [FULL    ] | INFO | full_experiments_using.model_trainers.mobile_vit_trainer |   ↳ new best AUROC; saved checkpoint: /home/oem/choihyunsu/VOGBasedMCIDetection/outputs/checkpoints/run_20260803_091237_full_wvote_artifact30_w0-5-5-10-0-15-15-30_strat_4err/fold_11_best.pth
2026-08-03 14:09:27,283 | [FULL    ] | INFO | full_experiments_using.model_trainers.mobile_vit_trainer | Ep [010/500] T-Acc:  52.6%  V-Acc:  58.4%  V-AUROC: 0.5982  LR: 1.00e-03
2026-08-03 14:09:55,350 | [FULL    ] | INFO | full_experiments_using.model_trainers.mobile_vit_trainer | Ep [011/500] T-Acc:  52.8%  V-Acc:  57.2%  V-AUROC: 0.5842  LR: 1.00e-03
2026-08-03 14:10:23,384 | [FULL    ] | INFO | full_experiments_using.model_trainers.mobile_vit_trainer | Ep [012/500] T-Acc:  54.6%  V-Acc:  58.5%  V-AUROC: 0.5966  LR: 1.00e-03
2026-08-03 14:10:51,413 | [FULL    ] | INFO | full_experiments_using.model_trainers.mobile_vit_trainer | Ep [013/500] T-Acc:  54.6%  V-Acc:  58.9%  V-AUROC: 0.5861  LR: 1.00e-03
2026-08-03 14:11:19,754 | [FULL    ] | INFO | full_experiments_using.model_trainers.mobile_vit_trainer | Ep [014/500] T-Acc:  53.6%  V-Acc:  57.1%  V-AUROC: 0.5835  LR: 1.00e-03
2026-08-03 14:11:47,972 | [FULL    ] | INFO | full_experiments_using.model_trainers.mobile_vit_trainer | Ep [015/500] T-Acc:  56.0%  V-Acc:  57.7%  V-AUROC: 0.5981  LR: 1.00e-03
2026-08-03 14:12:15,889 | [FULL    ] | INFO | full_experiments_using.model_trainers.mobile_vit_trainer | Ep [016/500] T-Acc:  56.2%  V-Acc:  60.6%  V-AUROC: 0.6108  LR: 1.00e-03
2026-08-03 14:12:16,010 | [FULL    ] | INFO | full_experiments_using.model_trainers.mobile_vit_trainer |   ↳ new best AUROC; saved checkpoint: /home/oem/choihyunsu/VOGBasedMCIDetection/outputs/checkpoints/run_20260803_091237_full_wvote_artifact30_w0-5-5-10-0-15-15-30_strat_4err/fold_11_best.pth
2026-08-03 14:12:44,374 | [FULL    ] | INFO | full_experiments_using.model_trainers.mobile_vit_trainer | Ep [017/500] T-Acc:  54.8%  V-Acc:  59.4%  V-AUROC: 0.6032  LR: 1.00e-03
2026-08-03 14:13:12,525 | [FULL    ] | INFO | full_experiments_using.model_trainers.mobile_vit_trainer | Ep [018/500] T-Acc:  57.2%  V-Acc:  58.0%  V-AUROC: 0.6047  LR: 1.00e-03
2026-08-03 14:13:40,377 | [FULL    ] | INFO | full_experiments_using.model_trainers.mobile_vit_trainer | Ep [019/500] T-Acc:  57.0%  V-Acc:  58.8%  V-AUROC: 0.5984  LR: 1.00e-03
2026-08-03 14:14:08,333 | [FULL    ] | INFO | full_experiments_using.model_trainers.mobile_vit_trainer | Ep [020/500] T-Acc:  57.3%  V-Acc:  58.2%  V-AUROC: 0.6060  LR: 1.00e-03
2026-08-03 14:14:36,411 | [FULL    ] | INFO | full_experiments_using.model_trainers.mobile_vit_trainer | Ep [021/500] T-Acc:  57.7%  V-Acc:  58.0%  V-AUROC: 0.5922  LR: 1.00e-03
2026-08-03 14:15:04,676 | [FULL    ] | INFO | full_experiments_using.model_trainers.mobile_vit_trainer | Ep [022/500] T-Acc:  57.2%  V-Acc:  56.7%  V-AUROC: 0.5907  LR: 1.00e-03
2026-08-03 14:15:32,714 | [FULL    ] | INFO | full_experiments_using.model_trainers.mobile_vit_trainer | Ep [023/500] T-Acc:  56.6%  V-Acc:  56.7%  V-AUROC: 0.5827  LR: 1.00e-03
2026-08-03 14:16:00,894 | [FULL    ] | INFO | full_experiments_using.model_trainers.mobile_vit_trainer | Ep [024/500] T-Acc:  57.3%  V-Acc:  57.8%  V-AUROC: 0.5873  LR: 1.00e-03
2026-08-03 14:16:29,081 | [FULL    ] | INFO | full_experiments_using.model_trainers.mobile_vit_trainer | Ep [025/500] T-Acc:  57.9%  V-Acc:  57.9%  V-AUROC: 0.5972  LR: 1.00e-03
2026-08-03 14:16:57,232 | [FULL    ] | INFO | full_experiments_using.model_trainers.mobile_vit_trainer | Ep [026/500] T-Acc:  57.4%  V-Acc:  57.0%  V-AUROC: 0.5960  LR: 1.00e-03
2026-08-03 14:17:25,367 | [FULL    ] | INFO | full_experiments_using.model_trainers.mobile_vit_trainer | Ep [027/500] T-Acc:  56.4%  V-Acc:  58.3%  V-AUROC: 0.5853  LR: 1.00e-03
2026-08-03 14:17:53,854 | [FULL    ] | INFO | full_experiments_using.model_trainers.mobile_vit_trainer | Ep [028/500] T-Acc:  58.6%  V-Acc:  58.7%  V-AUROC: 0.5918  LR: 2.00e-04
2026-08-03 14:18:21,969 | [FULL    ] | INFO | full_experiments_using.model_trainers.mobile_vit_trainer | Ep [029/500] T-Acc:  58.0%  V-Acc:  56.7%  V-AUROC: 0.5945  LR: 2.00e-04
2026-08-03 14:18:50,218 | [FULL    ] | INFO | full_experiments_using.model_trainers.mobile_vit_trainer | Ep [030/500] T-Acc:  57.7%  V-Acc:  56.7%  V-AUROC: 0.5894  LR: 2.00e-04
2026-08-03 14:19:18,504 | [FULL    ] | INFO | full_experiments_using.model_trainers.mobile_vit_trainer | Ep [031/500] T-Acc:  58.7%  V-Acc:  57.4%  V-AUROC: 0.5853  LR: 2.00e-04
2026-08-03 14:19:44,896 | [FULL    ] | INFO | full_experiments_using.model_trainers.mobile_vit_trainer | Ep [032/500] T-Acc:  59.0%  V-Acc:  57.8%  V-AUROC: 0.5871  LR: 2.00e-04
2026-08-03 14:20:12,528 | [FULL    ] | INFO | full_experiments_using.model_trainers.mobile_vit_trainer | Ep [033/500] T-Acc:  58.6%  V-Acc:  57.1%  V-AUROC: 0.5860  LR: 2.00e-04
2026-08-03 14:20:39,356 | [FULL    ] | INFO | full_experiments_using.model_trainers.mobile_vit_trainer | Ep [034/500] T-Acc:  59.1%  V-Acc:  56.8%  V-AUROC: 0.5813  LR: 2.00e-04
2026-08-03 14:21:07,360 | [FULL    ] | INFO | full_experiments_using.model_trainers.mobile_vit_trainer | Ep [035/500] T-Acc:  59.5%  V-Acc:  57.6%  V-AUROC: 0.5851  LR: 2.00e-04
2026-08-03 14:21:35,578 | [FULL    ] | INFO | full_experiments_using.model_trainers.mobile_vit_trainer | Ep [036/500] T-Acc:  59.5%  V-Acc:  56.4%  V-AUROC: 0.5839  LR: 2.00e-04
2026-08-03 14:22:03,824 | [FULL    ] | INFO | full_experiments_using.model_trainers.mobile_vit_trainer | Ep [037/500] T-Acc:  59.0%  V-Acc:  57.3%  V-AUROC: 0.5864  LR: 2.00e-04
2026-08-03 14:22:31,827 | [FULL    ] | INFO | full_experiments_using.model_trainers.mobile_vit_trainer | Ep [038/500] T-Acc:  58.6%  V-Acc:  57.4%  V-AUROC: 0.5844  LR: 2.00e-04
2026-08-03 14:22:59,974 | [FULL    ] | INFO | full_experiments_using.model_trainers.mobile_vit_trainer | Ep [039/500] T-Acc:  58.7%  V-Acc:  57.8%  V-AUROC: 0.5801  LR: 4.00e-05
2026-08-03 14:23:28,114 | [FULL    ] | INFO | full_experiments_using.model_trainers.mobile_vit_trainer | Ep [040/500] T-Acc:  59.4%  V-Acc:  57.4%  V-AUROC: 0.5802  LR: 4.00e-05
2026-08-03 14:23:56,199 | [FULL    ] | INFO | full_experiments_using.model_trainers.mobile_vit_trainer | Ep [041/500] T-Acc:  59.3%  V-Acc:  57.3%  V-AUROC: 0.5829  LR: 4.00e-05
2026-08-03 14:24:22,834 | [FULL    ] | INFO | full_experiments_using.model_trainers.mobile_vit_trainer | Ep [042/500] T-Acc:  59.8%  V-Acc:  57.4%  V-AUROC: 0.5800  LR: 4.00e-05
2026-08-03 14:24:50,254 | [FULL    ] | INFO | full_experiments_using.model_trainers.mobile_vit_trainer | Ep [043/500] T-Acc:  58.9%  V-Acc:  57.0%  V-AUROC: 0.5822  LR: 4.00e-05
2026-08-03 14:25:17,214 | [FULL    ] | INFO | full_experiments_using.model_trainers.mobile_vit_trainer | Ep [044/500] T-Acc:  59.6%  V-Acc:  57.1%  V-AUROC: 0.5813  LR: 4.00e-05
2026-08-03 14:25:45,331 | [FULL    ] | INFO | full_experiments_using.model_trainers.mobile_vit_trainer | Ep [045/500] T-Acc:  60.0%  V-Acc:  58.3%  V-AUROC: 0.5822  LR: 4.00e-05
2026-08-03 14:26:13,448 | [FULL    ] | INFO | full_experiments_using.model_trainers.mobile_vit_trainer | Ep [046/500] T-Acc:  59.9%  V-Acc:  56.7%  V-AUROC: 0.5838  LR: 4.00e-05
2026-08-03 14:26:13,449 | [FULL    ] | INFO | full_experiments_using.model_trainers.mobile_vit_trainer | Early stop — best AUROC 0.6108 at epoch 16 (no improvement for 30 epochs)
2026-08-03 14:26:13,449 | [FULL    ] | INFO | full_experiments_using.model_trainers.mobile_vit_trainer | Done. Best AUROC: 0.6108 (epoch 16) → /home/oem/choihyunsu/VOGBasedMCIDetection/outputs/checkpoints/run_20260803_091237_full_wvote_artifact30_w0-5-5-10-0-15-15-30_strat_4err/fold_11_best.pth
2026-08-03 14:26:23,136 | [FULL    ] | INFO | full_experiments_using.evaluators.monte_carlo_evaluator | -> Fold 12 Result | Acc=0.818 Sens=1.000 Spec=0.500 AUROC=0.929
2026-08-03 14:26:23,143 | [FULL    ] | INFO | full_experiments_using.evaluators.monte_carlo_evaluator | === Fold 13/30 | train: 25 subj (HC=10 MCI=15) / 3806 win | test: 12 subj (HC=4 MCI=8) / 1909 win ===
2026-08-03 14:26:23,388 | [FULL    ] | INFO | httpx | HTTP Request: HEAD https://huggingface.co/apple/mobilevit-small/resolve/main/config.json "HTTP/1.1 307 Temporary Redirect"
2026-08-03 14:26:23,407 | [FULL    ] | INFO | httpx | HTTP Request: HEAD https://huggingface.co/api/resolve-cache/models/apple/mobilevit-small/6c8612545dc98676d27bc518fa521d9e9af23e34/config.json "HTTP/1.1 200 OK"
2026-08-03 14:26:23,724 | [FULL    ] | INFO | httpx | HTTP Request: HEAD https://huggingface.co/apple/mobilevit-small/resolve/main/model.safetensors "HTTP/1.1 404 Not Found"
2026-08-03 14:26:23,975 | [FULL    ] | INFO | httpx | HTTP Request: HEAD https://huggingface.co/apple/mobilevit-small/resolve/main/model.safetensors.index.json "HTTP/1.1 404 Not Found"
2026-08-03 14:26:24,191 | [FULL    ] | INFO | httpx | HTTP Request: HEAD https://huggingface.co/apple/mobilevit-small/resolve/main/pytorch_model.bin "HTTP/1.1 302 Found"
2026-08-03 14:26:24,474 | [FULL    ] | INFO | httpx | HTTP Request: HEAD https://huggingface.co/apple/mobilevit-small/resolve/main/model.safetensors "HTTP/1.1 404 Not Found"
2026-08-03 14:26:24,681 | [FULL    ] | INFO | httpx | HTTP Request: GET https://huggingface.co/api/models/apple/mobilevit-small "HTTP/1.1 200 OK"
2026-08-03 14:26:24,907 | [FULL    ] | INFO | httpx | HTTP Request: GET https://huggingface.co/api/models/apple/mobilevit-small/commits/main "HTTP/1.1 200 OK"
2026-08-03 14:26:25,132 | [FULL    ] | INFO | httpx | HTTP Request: GET https://huggingface.co/api/models/apple/mobilevit-small/discussions?p=0 "HTTP/1.1 200 OK"
2026-08-03 14:26:25,361 | [FULL    ] | INFO | httpx | HTTP Request: GET https://huggingface.co/api/models/apple/mobilevit-small/commits/refs%2Fpr%2F6 "HTTP/1.1 200 OK"
2026-08-03 14:26:25,578 | [FULL    ] | INFO | httpx | HTTP Request: HEAD https://huggingface.co/apple/mobilevit-small/resolve/refs%2Fpr%2F6/model.safetensors.index.json "HTTP/1.1 404 Not Found"
2026-08-03 14:26:25,792 | [FULL    ] | INFO | httpx | HTTP Request: HEAD https://huggingface.co/apple/mobilevit-small/resolve/refs%2Fpr%2F6/model.safetensors "HTTP/1.1 302 Found"
2026-08-03 14:26:26,694 | [FULL    ] | INFO | full_experiments_using.model_trainers.mobile_vit_trainer | Device: cuda | max_epochs=500 | batch=32 | eval_batch=256 | es_patience=30
2026-08-03 14:26:26,704 | [FULL    ] | INFO | full_experiments_using.model_trainers.mobile_vit_trainer | CE weights — HC: 1.079  MCI: 0.932
2026-08-03 14:27:08,721 | [FULL    ] | INFO | full_experiments_using.model_trainers.mobile_vit_trainer | Ep [001/500] T-Acc:  49.2%  V-Acc:  50.1%  V-AUROC: 0.4797  LR: 2.00e-04
2026-08-03 14:27:08,780 | [FULL    ] | INFO | full_experiments_using.model_trainers.mobile_vit_trainer |   ↳ new best AUROC; saved checkpoint: /home/oem/choihyunsu/VOGBasedMCIDetection/outputs/checkpoints/run_20260803_091237_full_wvote_artifact30_w0-5-5-10-0-15-15-30_strat_4err/fold_12_best.pth
2026-08-03 14:27:36,727 | [FULL    ] | INFO | full_experiments_using.model_trainers.mobile_vit_trainer | Ep [002/500] T-Acc:  49.1%  V-Acc:  51.3%  V-AUROC: 0.4837  LR: 4.00e-04
2026-08-03 14:27:36,834 | [FULL    ] | INFO | full_experiments_using.model_trainers.mobile_vit_trainer |   ↳ new best AUROC; saved checkpoint: /home/oem/choihyunsu/VOGBasedMCIDetection/outputs/checkpoints/run_20260803_091237_full_wvote_artifact30_w0-5-5-10-0-15-15-30_strat_4err/fold_12_best.pth
2026-08-03 14:28:04,902 | [FULL    ] | INFO | full_experiments_using.model_trainers.mobile_vit_trainer | Ep [003/500] T-Acc:  50.6%  V-Acc:  51.7%  V-AUROC: 0.4950  LR: 6.00e-04
2026-08-03 14:28:05,017 | [FULL    ] | INFO | full_experiments_using.model_trainers.mobile_vit_trainer |   ↳ new best AUROC; saved checkpoint: /home/oem/choihyunsu/VOGBasedMCIDetection/outputs/checkpoints/run_20260803_091237_full_wvote_artifact30_w0-5-5-10-0-15-15-30_strat_4err/fold_12_best.pth
2026-08-03 14:28:32,982 | [FULL    ] | INFO | full_experiments_using.model_trainers.mobile_vit_trainer | Ep [004/500] T-Acc:  51.6%  V-Acc:  52.4%  V-AUROC: 0.5258  LR: 8.00e-04
2026-08-03 14:28:33,098 | [FULL    ] | INFO | full_experiments_using.model_trainers.mobile_vit_trainer |   ↳ new best AUROC; saved checkpoint: /home/oem/choihyunsu/VOGBasedMCIDetection/outputs/checkpoints/run_20260803_091237_full_wvote_artifact30_w0-5-5-10-0-15-15-30_strat_4err/fold_12_best.pth
2026-08-03 14:29:01,163 | [FULL    ] | INFO | full_experiments_using.model_trainers.mobile_vit_trainer | Ep [005/500] T-Acc:  53.0%  V-Acc:  52.8%  V-AUROC: 0.5225  LR: 1.00e-03
2026-08-03 14:29:29,309 | [FULL    ] | INFO | full_experiments_using.model_trainers.mobile_vit_trainer | Ep [006/500] T-Acc:  52.7%  V-Acc:  52.4%  V-AUROC: 0.5198  LR: 1.00e-03
2026-08-03 14:29:57,330 | [FULL    ] | INFO | full_experiments_using.model_trainers.mobile_vit_trainer | Ep [007/500] T-Acc:  53.7%  V-Acc:  51.1%  V-AUROC: 0.5020  LR: 1.00e-03
2026-08-03 14:30:25,536 | [FULL    ] | INFO | full_experiments_using.model_trainers.mobile_vit_trainer | Ep [008/500] T-Acc:  55.3%  V-Acc:  52.2%  V-AUROC: 0.5220  LR: 1.00e-03
2026-08-03 14:30:53,449 | [FULL    ] | INFO | full_experiments_using.model_trainers.mobile_vit_trainer | Ep [009/500] T-Acc:  55.7%  V-Acc:  51.3%  V-AUROC: 0.5251  LR: 1.00e-03
2026-08-03 14:31:21,228 | [FULL    ] | INFO | full_experiments_using.model_trainers.mobile_vit_trainer | Ep [010/500] T-Acc:  55.8%  V-Acc:  50.4%  V-AUROC: 0.5306  LR: 1.00e-03
2026-08-03 14:31:21,345 | [FULL    ] | INFO | full_experiments_using.model_trainers.mobile_vit_trainer |   ↳ new best AUROC; saved checkpoint: /home/oem/choihyunsu/VOGBasedMCIDetection/outputs/checkpoints/run_20260803_091237_full_wvote_artifact30_w0-5-5-10-0-15-15-30_strat_4err/fold_12_best.pth
2026-08-03 14:31:49,349 | [FULL    ] | INFO | full_experiments_using.model_trainers.mobile_vit_trainer | Ep [011/500] T-Acc:  56.9%  V-Acc:  50.6%  V-AUROC: 0.5266  LR: 1.00e-03
2026-08-03 14:32:17,592 | [FULL    ] | INFO | full_experiments_using.model_trainers.mobile_vit_trainer | Ep [012/500] T-Acc:  56.6%  V-Acc:  51.8%  V-AUROC: 0.5265  LR: 1.00e-03
2026-08-03 14:32:45,293 | [FULL    ] | INFO | full_experiments_using.model_trainers.mobile_vit_trainer | Ep [013/500] T-Acc:  57.0%  V-Acc:  49.3%  V-AUROC: 0.5297  LR: 1.00e-03
2026-08-03 14:33:13,092 | [FULL    ] | INFO | full_experiments_using.model_trainers.mobile_vit_trainer | Ep [014/500] T-Acc:  58.4%  V-Acc:  52.5%  V-AUROC: 0.5458  LR: 1.00e-03
2026-08-03 14:33:13,206 | [FULL    ] | INFO | full_experiments_using.model_trainers.mobile_vit_trainer |   ↳ new best AUROC; saved checkpoint: /home/oem/choihyunsu/VOGBasedMCIDetection/outputs/checkpoints/run_20260803_091237_full_wvote_artifact30_w0-5-5-10-0-15-15-30_strat_4err/fold_12_best.pth
2026-08-03 14:33:41,243 | [FULL    ] | INFO | full_experiments_using.model_trainers.mobile_vit_trainer | Ep [015/500] T-Acc:  57.5%  V-Acc:  53.3%  V-AUROC: 0.5436  LR: 1.00e-03
2026-08-03 14:34:09,694 | [FULL    ] | INFO | full_experiments_using.model_trainers.mobile_vit_trainer | Ep [016/500] T-Acc:  57.8%  V-Acc:  50.9%  V-AUROC: 0.5474  LR: 1.00e-03
2026-08-03 14:34:09,841 | [FULL    ] | INFO | full_experiments_using.model_trainers.mobile_vit_trainer |   ↳ new best AUROC; saved checkpoint: /home/oem/choihyunsu/VOGBasedMCIDetection/outputs/checkpoints/run_20260803_091237_full_wvote_artifact30_w0-5-5-10-0-15-15-30_strat_4err/fold_12_best.pth
2026-08-03 14:34:37,781 | [FULL    ] | INFO | full_experiments_using.model_trainers.mobile_vit_trainer | Ep [017/500] T-Acc:  59.1%  V-Acc:  51.3%  V-AUROC: 0.5464  LR: 1.00e-03
2026-08-03 14:35:05,660 | [FULL    ] | INFO | full_experiments_using.model_trainers.mobile_vit_trainer | Ep [018/500] T-Acc:  59.6%  V-Acc:  53.4%  V-AUROC: 0.5551  LR: 1.00e-03
2026-08-03 14:35:05,779 | [FULL    ] | INFO | full_experiments_using.model_trainers.mobile_vit_trainer |   ↳ new best AUROC; saved checkpoint: /home/oem/choihyunsu/VOGBasedMCIDetection/outputs/checkpoints/run_20260803_091237_full_wvote_artifact30_w0-5-5-10-0-15-15-30_strat_4err/fold_12_best.pth
2026-08-03 14:35:33,773 | [FULL    ] | INFO | full_experiments_using.model_trainers.mobile_vit_trainer | Ep [019/500] T-Acc:  59.7%  V-Acc:  50.9%  V-AUROC: 0.5497  LR: 1.00e-03
2026-08-03 14:36:01,864 | [FULL    ] | INFO | full_experiments_using.model_trainers.mobile_vit_trainer | Ep [020/500] T-Acc:  59.7%  V-Acc:  53.1%  V-AUROC: 0.5551  LR: 1.00e-03
2026-08-03 14:36:02,061 | [FULL    ] | INFO | full_experiments_using.model_trainers.mobile_vit_trainer |   ↳ new best AUROC; saved checkpoint: /home/oem/choihyunsu/VOGBasedMCIDetection/outputs/checkpoints/run_20260803_091237_full_wvote_artifact30_w0-5-5-10-0-15-15-30_strat_4err/fold_12_best.pth
2026-08-03 14:36:29,952 | [FULL    ] | INFO | full_experiments_using.model_trainers.mobile_vit_trainer | Ep [021/500] T-Acc:  59.1%  V-Acc:  53.7%  V-AUROC: 0.5700  LR: 1.00e-03
2026-08-03 14:36:30,074 | [FULL    ] | INFO | full_experiments_using.model_trainers.mobile_vit_trainer |   ↳ new best AUROC; saved checkpoint: /home/oem/choihyunsu/VOGBasedMCIDetection/outputs/checkpoints/run_20260803_091237_full_wvote_artifact30_w0-5-5-10-0-15-15-30_strat_4err/fold_12_best.pth
2026-08-03 14:36:58,216 | [FULL    ] | INFO | full_experiments_using.model_trainers.mobile_vit_trainer | Ep [022/500] T-Acc:  60.7%  V-Acc:  52.2%  V-AUROC: 0.5597  LR: 1.00e-03
2026-08-03 14:37:25,931 | [FULL    ] | INFO | full_experiments_using.model_trainers.mobile_vit_trainer | Ep [023/500] T-Acc:  59.7%  V-Acc:  52.6%  V-AUROC: 0.5528  LR: 1.00e-03
2026-08-03 14:37:53,798 | [FULL    ] | INFO | full_experiments_using.model_trainers.mobile_vit_trainer | Ep [024/500] T-Acc:  61.2%  V-Acc:  54.0%  V-AUROC: 0.5626  LR: 1.00e-03
2026-08-03 14:38:21,802 | [FULL    ] | INFO | full_experiments_using.model_trainers.mobile_vit_trainer | Ep [025/500] T-Acc:  60.9%  V-Acc:  52.2%  V-AUROC: 0.5529  LR: 1.00e-03
2026-08-03 14:38:49,789 | [FULL    ] | INFO | full_experiments_using.model_trainers.mobile_vit_trainer | Ep [026/500] T-Acc:  60.0%  V-Acc:  53.6%  V-AUROC: 0.5577  LR: 1.00e-03
2026-08-03 14:39:17,679 | [FULL    ] | INFO | full_experiments_using.model_trainers.mobile_vit_trainer | Ep [027/500] T-Acc:  61.3%  V-Acc:  54.6%  V-AUROC: 0.5541  LR: 1.00e-03
2026-08-03 14:39:45,740 | [FULL    ] | INFO | full_experiments_using.model_trainers.mobile_vit_trainer | Ep [028/500] T-Acc:  60.6%  V-Acc:  54.4%  V-AUROC: 0.5645  LR: 1.00e-03
2026-08-03 14:40:13,643 | [FULL    ] | INFO | full_experiments_using.model_trainers.mobile_vit_trainer | Ep [029/500] T-Acc:  61.3%  V-Acc:  53.4%  V-AUROC: 0.5626  LR: 1.00e-03
2026-08-03 14:40:41,605 | [FULL    ] | INFO | full_experiments_using.model_trainers.mobile_vit_trainer | Ep [030/500] T-Acc:  60.5%  V-Acc:  53.6%  V-AUROC: 0.5550  LR: 1.00e-03
2026-08-03 14:41:09,324 | [FULL    ] | INFO | full_experiments_using.model_trainers.mobile_vit_trainer | Ep [031/500] T-Acc:  62.0%  V-Acc:  53.2%  V-AUROC: 0.5591  LR: 1.00e-03
2026-08-03 14:41:37,047 | [FULL    ] | INFO | full_experiments_using.model_trainers.mobile_vit_trainer | Ep [032/500] T-Acc:  61.5%  V-Acc:  52.4%  V-AUROC: 0.5541  LR: 1.00e-03
2026-08-03 14:42:05,264 | [FULL    ] | INFO | full_experiments_using.model_trainers.mobile_vit_trainer | Ep [033/500] T-Acc:  61.5%  V-Acc:  52.7%  V-AUROC: 0.5538  LR: 2.00e-04
2026-08-03 14:42:33,130 | [FULL    ] | INFO | full_experiments_using.model_trainers.mobile_vit_trainer | Ep [034/500] T-Acc:  61.8%  V-Acc:  53.1%  V-AUROC: 0.5539  LR: 2.00e-04
2026-08-03 14:43:01,088 | [FULL    ] | INFO | full_experiments_using.model_trainers.mobile_vit_trainer | Ep [035/500] T-Acc:  60.6%  V-Acc:  52.2%  V-AUROC: 0.5521  LR: 2.00e-04
2026-08-03 14:43:29,115 | [FULL    ] | INFO | full_experiments_using.model_trainers.mobile_vit_trainer | Ep [036/500] T-Acc:  62.0%  V-Acc:  53.0%  V-AUROC: 0.5525  LR: 2.00e-04
2026-08-03 14:43:57,016 | [FULL    ] | INFO | full_experiments_using.model_trainers.mobile_vit_trainer | Ep [037/500] T-Acc:  61.5%  V-Acc:  52.5%  V-AUROC: 0.5558  LR: 2.00e-04
2026-08-03 14:44:23,563 | [FULL    ] | INFO | full_experiments_using.model_trainers.mobile_vit_trainer | Ep [038/500] T-Acc:  61.7%  V-Acc:  53.3%  V-AUROC: 0.5524  LR: 2.00e-04
2026-08-03 14:44:51,085 | [FULL    ] | INFO | full_experiments_using.model_trainers.mobile_vit_trainer | Ep [039/500] T-Acc:  61.6%  V-Acc:  52.1%  V-AUROC: 0.5582  LR: 2.00e-04
2026-08-03 14:45:17,413 | [FULL    ] | INFO | full_experiments_using.model_trainers.mobile_vit_trainer | Ep [040/500] T-Acc:  62.8%  V-Acc:  53.7%  V-AUROC: 0.5606  LR: 2.00e-04
2026-08-03 14:45:45,408 | [FULL    ] | INFO | full_experiments_using.model_trainers.mobile_vit_trainer | Ep [041/500] T-Acc:  62.8%  V-Acc:  54.1%  V-AUROC: 0.5569  LR: 2.00e-04
2026-08-03 14:46:13,652 | [FULL    ] | INFO | full_experiments_using.model_trainers.mobile_vit_trainer | Ep [042/500] T-Acc:  62.6%  V-Acc:  52.9%  V-AUROC: 0.5559  LR: 2.00e-04
2026-08-03 14:46:41,681 | [FULL    ] | INFO | full_experiments_using.model_trainers.mobile_vit_trainer | Ep [043/500] T-Acc:  62.7%  V-Acc:  52.7%  V-AUROC: 0.5561  LR: 2.00e-04
2026-08-03 14:47:07,834 | [FULL    ] | INFO | full_experiments_using.model_trainers.mobile_vit_trainer | Ep [044/500] T-Acc:  62.7%  V-Acc:  52.6%  V-AUROC: 0.5558  LR: 4.00e-05
2026-08-03 14:47:35,178 | [FULL    ] | INFO | full_experiments_using.model_trainers.mobile_vit_trainer | Ep [045/500] T-Acc:  62.3%  V-Acc:  51.5%  V-AUROC: 0.5564  LR: 4.00e-05
2026-08-03 14:48:01,592 | [FULL    ] | INFO | full_experiments_using.model_trainers.mobile_vit_trainer | Ep [046/500] T-Acc:  61.3%  V-Acc:  52.8%  V-AUROC: 0.5571  LR: 4.00e-05
2026-08-03 14:48:29,527 | [FULL    ] | INFO | full_experiments_using.model_trainers.mobile_vit_trainer | Ep [047/500] T-Acc:  62.2%  V-Acc:  52.7%  V-AUROC: 0.5560  LR: 4.00e-05
2026-08-03 14:48:57,713 | [FULL    ] | INFO | full_experiments_using.model_trainers.mobile_vit_trainer | Ep [048/500] T-Acc:  62.5%  V-Acc:  52.2%  V-AUROC: 0.5578  LR: 4.00e-05
2026-08-03 14:49:26,238 | [FULL    ] | INFO | full_experiments_using.model_trainers.mobile_vit_trainer | Ep [049/500] T-Acc:  61.9%  V-Acc:  52.8%  V-AUROC: 0.5545  LR: 4.00e-05
2026-08-03 14:49:54,041 | [FULL    ] | INFO | full_experiments_using.model_trainers.mobile_vit_trainer | Ep [050/500] T-Acc:  61.8%  V-Acc:  53.0%  V-AUROC: 0.5539  LR: 4.00e-05
2026-08-03 14:50:21,848 | [FULL    ] | INFO | full_experiments_using.model_trainers.mobile_vit_trainer | Ep [051/500] T-Acc:  62.7%  V-Acc:  51.8%  V-AUROC: 0.5541  LR: 4.00e-05
2026-08-03 14:50:21,849 | [FULL    ] | INFO | full_experiments_using.model_trainers.mobile_vit_trainer | Early stop — best AUROC 0.5700 at epoch 21 (no improvement for 30 epochs)
2026-08-03 14:50:21,849 | [FULL    ] | INFO | full_experiments_using.model_trainers.mobile_vit_trainer | Done. Best AUROC: 0.5700 (epoch 21) → /home/oem/choihyunsu/VOGBasedMCIDetection/outputs/checkpoints/run_20260803_091237_full_wvote_artifact30_w0-5-5-10-0-15-15-30_strat_4err/fold_12_best.pth
2026-08-03 14:50:31,663 | [FULL    ] | INFO | full_experiments_using.evaluators.monte_carlo_evaluator | -> Fold 13 Result | Acc=0.818 Sens=1.000 Spec=0.500 AUROC=0.821
2026-08-03 14:50:31,670 | [FULL    ] | INFO | full_experiments_using.evaluators.monte_carlo_evaluator | === Fold 14/30 | train: 25 subj (HC=10 MCI=15) / 3989 win | test: 12 subj (HC=4 MCI=8) / 1726 win ===
2026-08-03 14:50:31,896 | [FULL    ] | INFO | httpx | HTTP Request: HEAD https://huggingface.co/apple/mobilevit-small/resolve/main/config.json "HTTP/1.1 307 Temporary Redirect"
2026-08-03 14:50:31,915 | [FULL    ] | INFO | httpx | HTTP Request: HEAD https://huggingface.co/api/resolve-cache/models/apple/mobilevit-small/6c8612545dc98676d27bc518fa521d9e9af23e34/config.json "HTTP/1.1 200 OK"
2026-08-03 14:50:32,295 | [FULL    ] | INFO | httpx | HTTP Request: HEAD https://huggingface.co/apple/mobilevit-small/resolve/main/model.safetensors "HTTP/1.1 404 Not Found"
2026-08-03 14:50:32,505 | [FULL    ] | INFO | httpx | HTTP Request: HEAD https://huggingface.co/apple/mobilevit-small/resolve/main/model.safetensors.index.json "HTTP/1.1 404 Not Found"
2026-08-03 14:50:32,716 | [FULL    ] | INFO | httpx | HTTP Request: HEAD https://huggingface.co/apple/mobilevit-small/resolve/main/pytorch_model.bin "HTTP/1.1 302 Found"
2026-08-03 14:50:32,923 | [FULL    ] | INFO | httpx | HTTP Request: HEAD https://huggingface.co/apple/mobilevit-small/resolve/main/model.safetensors "HTTP/1.1 404 Not Found"
2026-08-03 14:50:33,125 | [FULL    ] | INFO | httpx | HTTP Request: GET https://huggingface.co/api/models/apple/mobilevit-small "HTTP/1.1 200 OK"
2026-08-03 14:50:33,355 | [FULL    ] | INFO | httpx | HTTP Request: GET https://huggingface.co/api/models/apple/mobilevit-small/commits/main "HTTP/1.1 200 OK"
2026-08-03 14:50:33,599 | [FULL    ] | INFO | httpx | HTTP Request: GET https://huggingface.co/api/models/apple/mobilevit-small/discussions?p=0 "HTTP/1.1 200 OK"
2026-08-03 14:50:33,835 | [FULL    ] | INFO | httpx | HTTP Request: GET https://huggingface.co/api/models/apple/mobilevit-small/commits/refs%2Fpr%2F6 "HTTP/1.1 200 OK"
2026-08-03 14:50:34,042 | [FULL    ] | INFO | httpx | HTTP Request: HEAD https://huggingface.co/apple/mobilevit-small/resolve/refs%2Fpr%2F6/model.safetensors.index.json "HTTP/1.1 404 Not Found"
2026-08-03 14:50:34,249 | [FULL    ] | INFO | httpx | HTTP Request: HEAD https://huggingface.co/apple/mobilevit-small/resolve/refs%2Fpr%2F6/model.safetensors "HTTP/1.1 302 Found"
2026-08-03 14:50:34,708 | [FULL    ] | INFO | full_experiments_using.model_trainers.mobile_vit_trainer | Device: cuda | max_epochs=500 | batch=32 | eval_batch=256 | es_patience=30
2026-08-03 14:50:34,714 | [FULL    ] | INFO | full_experiments_using.model_trainers.mobile_vit_trainer | CE weights — HC: 1.084  MCI: 0.928
2026-08-03 14:51:19,894 | [FULL    ] | INFO | full_experiments_using.model_trainers.mobile_vit_trainer | Ep [001/500] T-Acc:  48.4%  V-Acc:  47.3%  V-AUROC: 0.4560  LR: 2.00e-04
2026-08-03 14:51:19,955 | [FULL    ] | INFO | full_experiments_using.model_trainers.mobile_vit_trainer |   ↳ new best AUROC; saved checkpoint: /home/oem/choihyunsu/VOGBasedMCIDetection/outputs/checkpoints/run_20260803_091237_full_wvote_artifact30_w0-5-5-10-0-15-15-30_strat_4err/fold_13_best.pth
2026-08-03 14:51:48,678 | [FULL    ] | INFO | full_experiments_using.model_trainers.mobile_vit_trainer | Ep [002/500] T-Acc:  49.1%  V-Acc:  47.4%  V-AUROC: 0.4609  LR: 4.00e-04
2026-08-03 14:51:48,877 | [FULL    ] | INFO | full_experiments_using.model_trainers.mobile_vit_trainer |   ↳ new best AUROC; saved checkpoint: /home/oem/choihyunsu/VOGBasedMCIDetection/outputs/checkpoints/run_20260803_091237_full_wvote_artifact30_w0-5-5-10-0-15-15-30_strat_4err/fold_13_best.pth
2026-08-03 14:52:17,656 | [FULL    ] | INFO | full_experiments_using.model_trainers.mobile_vit_trainer | Ep [003/500] T-Acc:  50.4%  V-Acc:  48.4%  V-AUROC: 0.4669  LR: 6.00e-04
2026-08-03 14:52:17,797 | [FULL    ] | INFO | full_experiments_using.model_trainers.mobile_vit_trainer |   ↳ new best AUROC; saved checkpoint: /home/oem/choihyunsu/VOGBasedMCIDetection/outputs/checkpoints/run_20260803_091237_full_wvote_artifact30_w0-5-5-10-0-15-15-30_strat_4err/fold_13_best.pth
2026-08-03 14:52:46,719 | [FULL    ] | INFO | full_experiments_using.model_trainers.mobile_vit_trainer | Ep [004/500] T-Acc:  50.0%  V-Acc:  48.1%  V-AUROC: 0.4835  LR: 8.00e-04
2026-08-03 14:52:46,851 | [FULL    ] | INFO | full_experiments_using.model_trainers.mobile_vit_trainer |   ↳ new best AUROC; saved checkpoint: /home/oem/choihyunsu/VOGBasedMCIDetection/outputs/checkpoints/run_20260803_091237_full_wvote_artifact30_w0-5-5-10-0-15-15-30_strat_4err/fold_13_best.pth
2026-08-03 14:53:15,630 | [FULL    ] | INFO | full_experiments_using.model_trainers.mobile_vit_trainer | Ep [005/500] T-Acc:  50.6%  V-Acc:  49.9%  V-AUROC: 0.4897  LR: 1.00e-03
2026-08-03 14:53:15,782 | [FULL    ] | INFO | full_experiments_using.model_trainers.mobile_vit_trainer |   ↳ new best AUROC; saved checkpoint: /home/oem/choihyunsu/VOGBasedMCIDetection/outputs/checkpoints/run_20260803_091237_full_wvote_artifact30_w0-5-5-10-0-15-15-30_strat_4err/fold_13_best.pth
2026-08-03 14:53:44,914 | [FULL    ] | INFO | full_experiments_using.model_trainers.mobile_vit_trainer | Ep [006/500] T-Acc:  51.8%  V-Acc:  52.5%  V-AUROC: 0.5117  LR: 1.00e-03
2026-08-03 14:53:45,046 | [FULL    ] | INFO | full_experiments_using.model_trainers.mobile_vit_trainer |   ↳ new best AUROC; saved checkpoint: /home/oem/choihyunsu/VOGBasedMCIDetection/outputs/checkpoints/run_20260803_091237_full_wvote_artifact30_w0-5-5-10-0-15-15-30_strat_4err/fold_13_best.pth
2026-08-03 14:54:13,866 | [FULL    ] | INFO | full_experiments_using.model_trainers.mobile_vit_trainer | Ep [007/500] T-Acc:  52.7%  V-Acc:  52.5%  V-AUROC: 0.5236  LR: 1.00e-03
2026-08-03 14:54:13,999 | [FULL    ] | INFO | full_experiments_using.model_trainers.mobile_vit_trainer |   ↳ new best AUROC; saved checkpoint: /home/oem/choihyunsu/VOGBasedMCIDetection/outputs/checkpoints/run_20260803_091237_full_wvote_artifact30_w0-5-5-10-0-15-15-30_strat_4err/fold_13_best.pth
2026-08-03 14:54:42,778 | [FULL    ] | INFO | full_experiments_using.model_trainers.mobile_vit_trainer | Ep [008/500] T-Acc:  52.9%  V-Acc:  55.2%  V-AUROC: 0.5390  LR: 1.00e-03
2026-08-03 14:54:42,931 | [FULL    ] | INFO | full_experiments_using.model_trainers.mobile_vit_trainer |   ↳ new best AUROC; saved checkpoint: /home/oem/choihyunsu/VOGBasedMCIDetection/outputs/checkpoints/run_20260803_091237_full_wvote_artifact30_w0-5-5-10-0-15-15-30_strat_4err/fold_13_best.pth
2026-08-03 14:55:11,866 | [FULL    ] | INFO | full_experiments_using.model_trainers.mobile_vit_trainer | Ep [009/500] T-Acc:  53.8%  V-Acc:  54.8%  V-AUROC: 0.5417  LR: 1.00e-03
2026-08-03 14:55:11,987 | [FULL    ] | INFO | full_experiments_using.model_trainers.mobile_vit_trainer |   ↳ new best AUROC; saved checkpoint: /home/oem/choihyunsu/VOGBasedMCIDetection/outputs/checkpoints/run_20260803_091237_full_wvote_artifact30_w0-5-5-10-0-15-15-30_strat_4err/fold_13_best.pth
2026-08-03 14:55:40,691 | [FULL    ] | INFO | full_experiments_using.model_trainers.mobile_vit_trainer | Ep [010/500] T-Acc:  54.0%  V-Acc:  55.9%  V-AUROC: 0.5432  LR: 1.00e-03
2026-08-03 14:55:40,808 | [FULL    ] | INFO | full_experiments_using.model_trainers.mobile_vit_trainer |   ↳ new best AUROC; saved checkpoint: /home/oem/choihyunsu/VOGBasedMCIDetection/outputs/checkpoints/run_20260803_091237_full_wvote_artifact30_w0-5-5-10-0-15-15-30_strat_4err/fold_13_best.pth
2026-08-03 14:56:09,654 | [FULL    ] | INFO | full_experiments_using.model_trainers.mobile_vit_trainer | Ep [011/500] T-Acc:  54.8%  V-Acc:  55.7%  V-AUROC: 0.5475  LR: 1.00e-03
2026-08-03 14:56:09,858 | [FULL    ] | INFO | full_experiments_using.model_trainers.mobile_vit_trainer |   ↳ new best AUROC; saved checkpoint: /home/oem/choihyunsu/VOGBasedMCIDetection/outputs/checkpoints/run_20260803_091237_full_wvote_artifact30_w0-5-5-10-0-15-15-30_strat_4err/fold_13_best.pth
2026-08-03 14:56:38,786 | [FULL    ] | INFO | full_experiments_using.model_trainers.mobile_vit_trainer | Ep [012/500] T-Acc:  55.8%  V-Acc:  54.6%  V-AUROC: 0.5305  LR: 1.00e-03
2026-08-03 14:57:07,465 | [FULL    ] | INFO | full_experiments_using.model_trainers.mobile_vit_trainer | Ep [013/500] T-Acc:  55.0%  V-Acc:  56.8%  V-AUROC: 0.5659  LR: 1.00e-03
2026-08-03 14:57:07,590 | [FULL    ] | INFO | full_experiments_using.model_trainers.mobile_vit_trainer |   ↳ new best AUROC; saved checkpoint: /home/oem/choihyunsu/VOGBasedMCIDetection/outputs/checkpoints/run_20260803_091237_full_wvote_artifact30_w0-5-5-10-0-15-15-30_strat_4err/fold_13_best.pth
2026-08-03 14:57:34,765 | [FULL    ] | INFO | full_experiments_using.model_trainers.mobile_vit_trainer | Ep [014/500] T-Acc:  56.5%  V-Acc:  56.5%  V-AUROC: 0.5721  LR: 1.00e-03
2026-08-03 14:57:34,930 | [FULL    ] | INFO | full_experiments_using.model_trainers.mobile_vit_trainer |   ↳ new best AUROC; saved checkpoint: /home/oem/choihyunsu/VOGBasedMCIDetection/outputs/checkpoints/run_20260803_091237_full_wvote_artifact30_w0-5-5-10-0-15-15-30_strat_4err/fold_13_best.pth
2026-08-03 14:58:03,141 | [FULL    ] | INFO | full_experiments_using.model_trainers.mobile_vit_trainer | Ep [015/500] T-Acc:  56.0%  V-Acc:  58.0%  V-AUROC: 0.5868  LR: 1.00e-03
2026-08-03 14:58:03,262 | [FULL    ] | INFO | full_experiments_using.model_trainers.mobile_vit_trainer |   ↳ new best AUROC; saved checkpoint: /home/oem/choihyunsu/VOGBasedMCIDetection/outputs/checkpoints/run_20260803_091237_full_wvote_artifact30_w0-5-5-10-0-15-15-30_strat_4err/fold_13_best.pth
2026-08-03 14:58:31,035 | [FULL    ] | INFO | full_experiments_using.model_trainers.mobile_vit_trainer | Ep [016/500] T-Acc:  56.6%  V-Acc:  58.1%  V-AUROC: 0.5633  LR: 1.00e-03
2026-08-03 14:58:59,715 | [FULL    ] | INFO | full_experiments_using.model_trainers.mobile_vit_trainer | Ep [017/500] T-Acc:  57.0%  V-Acc:  58.2%  V-AUROC: 0.5745  LR: 1.00e-03
2026-08-03 14:59:28,255 | [FULL    ] | INFO | full_experiments_using.model_trainers.mobile_vit_trainer | Ep [018/500] T-Acc:  57.7%  V-Acc:  57.7%  V-AUROC: 0.5634  LR: 1.00e-03
2026-08-03 14:59:56,933 | [FULL    ] | INFO | full_experiments_using.model_trainers.mobile_vit_trainer | Ep [019/500] T-Acc:  58.7%  V-Acc:  58.3%  V-AUROC: 0.5725  LR: 1.00e-03
2026-08-03 15:00:25,453 | [FULL    ] | INFO | full_experiments_using.model_trainers.mobile_vit_trainer | Ep [020/500] T-Acc:  57.9%  V-Acc:  56.9%  V-AUROC: 0.5637  LR: 1.00e-03
2026-08-03 15:00:54,461 | [FULL    ] | INFO | full_experiments_using.model_trainers.mobile_vit_trainer | Ep [021/500] T-Acc:  58.1%  V-Acc:  58.5%  V-AUROC: 0.5738  LR: 1.00e-03
2026-08-03 15:01:23,269 | [FULL    ] | INFO | full_experiments_using.model_trainers.mobile_vit_trainer | Ep [022/500] T-Acc:  57.6%  V-Acc:  58.5%  V-AUROC: 0.5733  LR: 1.00e-03
2026-08-03 15:01:52,249 | [FULL    ] | INFO | full_experiments_using.model_trainers.mobile_vit_trainer | Ep [023/500] T-Acc:  58.8%  V-Acc:  60.1%  V-AUROC: 0.5751  LR: 1.00e-03
2026-08-03 15:02:20,841 | [FULL    ] | INFO | full_experiments_using.model_trainers.mobile_vit_trainer | Ep [024/500] T-Acc:  59.1%  V-Acc:  59.0%  V-AUROC: 0.5768  LR: 1.00e-03
2026-08-03 15:02:49,834 | [FULL    ] | INFO | full_experiments_using.model_trainers.mobile_vit_trainer | Ep [025/500] T-Acc:  59.5%  V-Acc:  58.1%  V-AUROC: 0.5758  LR: 1.00e-03
2026-08-03 15:03:18,323 | [FULL    ] | INFO | full_experiments_using.model_trainers.mobile_vit_trainer | Ep [026/500] T-Acc:  59.8%  V-Acc:  60.0%  V-AUROC: 0.5717  LR: 1.00e-03
2026-08-03 15:03:46,932 | [FULL    ] | INFO | full_experiments_using.model_trainers.mobile_vit_trainer | Ep [027/500] T-Acc:  59.3%  V-Acc:  58.3%  V-AUROC: 0.5759  LR: 2.00e-04
2026-08-03 15:04:15,670 | [FULL    ] | INFO | full_experiments_using.model_trainers.mobile_vit_trainer | Ep [028/500] T-Acc:  59.5%  V-Acc:  59.6%  V-AUROC: 0.5787  LR: 2.00e-04
2026-08-03 15:04:44,312 | [FULL    ] | INFO | full_experiments_using.model_trainers.mobile_vit_trainer | Ep [029/500] T-Acc:  60.4%  V-Acc:  59.3%  V-AUROC: 0.5786  LR: 2.00e-04
2026-08-03 15:05:13,170 | [FULL    ] | INFO | full_experiments_using.model_trainers.mobile_vit_trainer | Ep [030/500] T-Acc:  60.6%  V-Acc:  59.2%  V-AUROC: 0.5775  LR: 2.00e-04
2026-08-03 15:05:41,831 | [FULL    ] | INFO | full_experiments_using.model_trainers.mobile_vit_trainer | Ep [031/500] T-Acc:  60.6%  V-Acc:  58.8%  V-AUROC: 0.5785  LR: 2.00e-04
2026-08-03 15:06:10,566 | [FULL    ] | INFO | full_experiments_using.model_trainers.mobile_vit_trainer | Ep [032/500] T-Acc:  61.8%  V-Acc:  59.0%  V-AUROC: 0.5816  LR: 2.00e-04
2026-08-03 15:06:39,094 | [FULL    ] | INFO | full_experiments_using.model_trainers.mobile_vit_trainer | Ep [033/500] T-Acc:  60.8%  V-Acc:  59.0%  V-AUROC: 0.5788  LR: 2.00e-04
2026-08-03 15:07:07,956 | [FULL    ] | INFO | full_experiments_using.model_trainers.mobile_vit_trainer | Ep [034/500] T-Acc:  60.0%  V-Acc:  58.7%  V-AUROC: 0.5773  LR: 2.00e-04
2026-08-03 15:07:36,615 | [FULL    ] | INFO | full_experiments_using.model_trainers.mobile_vit_trainer | Ep [035/500] T-Acc:  59.7%  V-Acc:  58.9%  V-AUROC: 0.5785  LR: 2.00e-04
2026-08-03 15:08:05,471 | [FULL    ] | INFO | full_experiments_using.model_trainers.mobile_vit_trainer | Ep [036/500] T-Acc:  60.0%  V-Acc:  59.0%  V-AUROC: 0.5775  LR: 2.00e-04
2026-08-03 15:08:34,134 | [FULL    ] | INFO | full_experiments_using.model_trainers.mobile_vit_trainer | Ep [037/500] T-Acc:  61.5%  V-Acc:  59.3%  V-AUROC: 0.5783  LR: 2.00e-04
2026-08-03 15:09:03,122 | [FULL    ] | INFO | full_experiments_using.model_trainers.mobile_vit_trainer | Ep [038/500] T-Acc:  59.3%  V-Acc:  58.7%  V-AUROC: 0.5791  LR: 4.00e-05
2026-08-03 15:09:31,955 | [FULL    ] | INFO | full_experiments_using.model_trainers.mobile_vit_trainer | Ep [039/500] T-Acc:  60.8%  V-Acc:  58.7%  V-AUROC: 0.5786  LR: 4.00e-05
2026-08-03 15:10:00,743 | [FULL    ] | INFO | full_experiments_using.model_trainers.mobile_vit_trainer | Ep [040/500] T-Acc:  60.4%  V-Acc:  58.7%  V-AUROC: 0.5773  LR: 4.00e-05
2026-08-03 15:10:29,566 | [FULL    ] | INFO | full_experiments_using.model_trainers.mobile_vit_trainer | Ep [041/500] T-Acc:  60.2%  V-Acc:  58.9%  V-AUROC: 0.5776  LR: 4.00e-05
2026-08-03 15:10:58,557 | [FULL    ] | INFO | full_experiments_using.model_trainers.mobile_vit_trainer | Ep [042/500] T-Acc:  61.4%  V-Acc:  58.5%  V-AUROC: 0.5764  LR: 4.00e-05
2026-08-03 15:11:27,425 | [FULL    ] | INFO | full_experiments_using.model_trainers.mobile_vit_trainer | Ep [043/500] T-Acc:  61.3%  V-Acc:  58.9%  V-AUROC: 0.5762  LR: 4.00e-05
2026-08-03 15:11:56,110 | [FULL    ] | INFO | full_experiments_using.model_trainers.mobile_vit_trainer | Ep [044/500] T-Acc:  60.6%  V-Acc:  58.2%  V-AUROC: 0.5762  LR: 4.00e-05
2026-08-03 15:12:24,981 | [FULL    ] | INFO | full_experiments_using.model_trainers.mobile_vit_trainer | Ep [045/500] T-Acc:  60.0%  V-Acc:  58.4%  V-AUROC: 0.5768  LR: 4.00e-05
2026-08-03 15:12:25,021 | [FULL    ] | INFO | full_experiments_using.model_trainers.mobile_vit_trainer | Early stop — best AUROC 0.5868 at epoch 15 (no improvement for 30 epochs)
2026-08-03 15:12:25,021 | [FULL    ] | INFO | full_experiments_using.model_trainers.mobile_vit_trainer | Done. Best AUROC: 0.5868 (epoch 15) → /home/oem/choihyunsu/VOGBasedMCIDetection/outputs/checkpoints/run_20260803_091237_full_wvote_artifact30_w0-5-5-10-0-15-15-30_strat_4err/fold_13_best.pth
2026-08-03 15:12:34,882 | [FULL    ] | INFO | full_experiments_using.evaluators.monte_carlo_evaluator | -> Fold 14 Result | Acc=0.800 Sens=1.000 Spec=0.333 AUROC=0.714
2026-08-03 15:12:34,896 | [FULL    ] | INFO | full_experiments_using.evaluators.monte_carlo_evaluator | === Fold 15/30 | train: 25 subj (HC=10 MCI=15) / 3839 win | test: 12 subj (HC=4 MCI=8) / 1876 win ===
2026-08-03 15:12:35,136 | [FULL    ] | INFO | httpx | HTTP Request: HEAD https://huggingface.co/apple/mobilevit-small/resolve/main/config.json "HTTP/1.1 307 Temporary Redirect"
2026-08-03 15:12:35,149 | [FULL    ] | INFO | httpx | HTTP Request: HEAD https://huggingface.co/api/resolve-cache/models/apple/mobilevit-small/6c8612545dc98676d27bc518fa521d9e9af23e34/config.json "HTTP/1.1 200 OK"
2026-08-03 15:12:35,440 | [FULL    ] | INFO | httpx | HTTP Request: HEAD https://huggingface.co/apple/mobilevit-small/resolve/main/model.safetensors "HTTP/1.1 404 Not Found"
2026-08-03 15:12:35,647 | [FULL    ] | INFO | httpx | HTTP Request: HEAD https://huggingface.co/apple/mobilevit-small/resolve/main/model.safetensors.index.json "HTTP/1.1 404 Not Found"
2026-08-03 15:12:35,908 | [FULL    ] | INFO | httpx | HTTP Request: HEAD https://huggingface.co/apple/mobilevit-small/resolve/main/pytorch_model.bin "HTTP/1.1 302 Found"
2026-08-03 15:12:36,113 | [FULL    ] | INFO | httpx | HTTP Request: HEAD https://huggingface.co/apple/mobilevit-small/resolve/main/model.safetensors "HTTP/1.1 404 Not Found"
2026-08-03 15:12:36,345 | [FULL    ] | INFO | httpx | HTTP Request: GET https://huggingface.co/api/models/apple/mobilevit-small "HTTP/1.1 200 OK"
2026-08-03 15:12:36,603 | [FULL    ] | INFO | httpx | HTTP Request: GET https://huggingface.co/api/models/apple/mobilevit-small/commits/main "HTTP/1.1 200 OK"
2026-08-03 15:12:36,825 | [FULL    ] | INFO | httpx | HTTP Request: GET https://huggingface.co/api/models/apple/mobilevit-small/discussions?p=0 "HTTP/1.1 200 OK"
2026-08-03 15:12:37,054 | [FULL    ] | INFO | httpx | HTTP Request: GET https://huggingface.co/api/models/apple/mobilevit-small/commits/refs%2Fpr%2F6 "HTTP/1.1 200 OK"
2026-08-03 15:12:37,271 | [FULL    ] | INFO | httpx | HTTP Request: HEAD https://huggingface.co/apple/mobilevit-small/resolve/refs%2Fpr%2F6/model.safetensors.index.json "HTTP/1.1 404 Not Found"
2026-08-03 15:12:37,486 | [FULL    ] | INFO | httpx | HTTP Request: HEAD https://huggingface.co/apple/mobilevit-small/resolve/refs%2Fpr%2F6/model.safetensors "HTTP/1.1 302 Found"
2026-08-03 15:12:38,232 | [FULL    ] | INFO | full_experiments_using.model_trainers.mobile_vit_trainer | Device: cuda | max_epochs=500 | batch=32 | eval_batch=256 | es_patience=30
2026-08-03 15:12:38,255 | [FULL    ] | INFO | full_experiments_using.model_trainers.mobile_vit_trainer | CE weights — HC: 1.101  MCI: 0.916
2026-08-03 15:13:18,932 | [FULL    ] | INFO | full_experiments_using.model_trainers.mobile_vit_trainer | Ep [001/500] T-Acc:  51.3%  V-Acc:  53.8%  V-AUROC: 0.4647  LR: 2.00e-04
2026-08-03 15:13:19,053 | [FULL    ] | INFO | full_experiments_using.model_trainers.mobile_vit_trainer |   ↳ new best AUROC; saved checkpoint: /home/oem/choihyunsu/VOGBasedMCIDetection/outputs/checkpoints/run_20260803_091237_full_wvote_artifact30_w0-5-5-10-0-15-15-30_strat_4err/fold_14_best.pth
2026-08-03 15:13:47,144 | [FULL    ] | INFO | full_experiments_using.model_trainers.mobile_vit_trainer | Ep [002/500] T-Acc:  52.0%  V-Acc:  54.7%  V-AUROC: 0.4648  LR: 4.00e-04
2026-08-03 15:13:47,283 | [FULL    ] | INFO | full_experiments_using.model_trainers.mobile_vit_trainer |   ↳ new best AUROC; saved checkpoint: /home/oem/choihyunsu/VOGBasedMCIDetection/outputs/checkpoints/run_20260803_091237_full_wvote_artifact30_w0-5-5-10-0-15-15-30_strat_4err/fold_14_best.pth
2026-08-03 15:14:15,562 | [FULL    ] | INFO | full_experiments_using.model_trainers.mobile_vit_trainer | Ep [003/500] T-Acc:  51.5%  V-Acc:  54.1%  V-AUROC: 0.4839  LR: 6.00e-04
2026-08-03 15:14:15,692 | [FULL    ] | INFO | full_experiments_using.model_trainers.mobile_vit_trainer |   ↳ new best AUROC; saved checkpoint: /home/oem/choihyunsu/VOGBasedMCIDetection/outputs/checkpoints/run_20260803_091237_full_wvote_artifact30_w0-5-5-10-0-15-15-30_strat_4err/fold_14_best.pth
2026-08-03 15:14:43,866 | [FULL    ] | INFO | full_experiments_using.model_trainers.mobile_vit_trainer | Ep [004/500] T-Acc:  52.9%  V-Acc:  53.6%  V-AUROC: 0.4772  LR: 8.00e-04
2026-08-03 15:15:11,948 | [FULL    ] | INFO | full_experiments_using.model_trainers.mobile_vit_trainer | Ep [005/500] T-Acc:  52.8%  V-Acc:  52.9%  V-AUROC: 0.4908  LR: 1.00e-03
2026-08-03 15:15:12,137 | [FULL    ] | INFO | full_experiments_using.model_trainers.mobile_vit_trainer |   ↳ new best AUROC; saved checkpoint: /home/oem/choihyunsu/VOGBasedMCIDetection/outputs/checkpoints/run_20260803_091237_full_wvote_artifact30_w0-5-5-10-0-15-15-30_strat_4err/fold_14_best.pth
2026-08-03 15:15:40,414 | [FULL    ] | INFO | full_experiments_using.model_trainers.mobile_vit_trainer | Ep [006/500] T-Acc:  51.1%  V-Acc:  53.3%  V-AUROC: 0.5132  LR: 1.00e-03
2026-08-03 15:15:40,531 | [FULL    ] | INFO | full_experiments_using.model_trainers.mobile_vit_trainer |   ↳ new best AUROC; saved checkpoint: /home/oem/choihyunsu/VOGBasedMCIDetection/outputs/checkpoints/run_20260803_091237_full_wvote_artifact30_w0-5-5-10-0-15-15-30_strat_4err/fold_14_best.pth
2026-08-03 15:16:08,636 | [FULL    ] | INFO | full_experiments_using.model_trainers.mobile_vit_trainer | Ep [007/500] T-Acc:  52.5%  V-Acc:  53.0%  V-AUROC: 0.5336  LR: 1.00e-03
2026-08-03 15:16:08,824 | [FULL    ] | INFO | full_experiments_using.model_trainers.mobile_vit_trainer |   ↳ new best AUROC; saved checkpoint: /home/oem/choihyunsu/VOGBasedMCIDetection/outputs/checkpoints/run_20260803_091237_full_wvote_artifact30_w0-5-5-10-0-15-15-30_strat_4err/fold_14_best.pth
2026-08-03 15:16:36,932 | [FULL    ] | INFO | full_experiments_using.model_trainers.mobile_vit_trainer | Ep [008/500] T-Acc:  52.6%  V-Acc:  52.5%  V-AUROC: 0.5100  LR: 1.00e-03
2026-08-03 15:17:05,333 | [FULL    ] | INFO | full_experiments_using.model_trainers.mobile_vit_trainer | Ep [009/500] T-Acc:  53.8%  V-Acc:  52.3%  V-AUROC: 0.5131  LR: 1.00e-03
2026-08-03 15:17:33,638 | [FULL    ] | INFO | full_experiments_using.model_trainers.mobile_vit_trainer | Ep [010/500] T-Acc:  54.1%  V-Acc:  52.2%  V-AUROC: 0.4974  LR: 1.00e-03
2026-08-03 15:18:01,921 | [FULL    ] | INFO | full_experiments_using.model_trainers.mobile_vit_trainer | Ep [011/500] T-Acc:  52.5%  V-Acc:  51.5%  V-AUROC: 0.5081  LR: 1.00e-03
2026-08-03 15:18:30,055 | [FULL    ] | INFO | full_experiments_using.model_trainers.mobile_vit_trainer | Ep [012/500] T-Acc:  53.8%  V-Acc:  51.7%  V-AUROC: 0.5140  LR: 1.00e-03
2026-08-03 15:18:58,131 | [FULL    ] | INFO | full_experiments_using.model_trainers.mobile_vit_trainer | Ep [013/500] T-Acc:  54.9%  V-Acc:  51.6%  V-AUROC: 0.5305  LR: 1.00e-03
2026-08-03 15:19:26,426 | [FULL    ] | INFO | full_experiments_using.model_trainers.mobile_vit_trainer | Ep [014/500] T-Acc:  53.3%  V-Acc:  54.1%  V-AUROC: 0.5355  LR: 1.00e-03
2026-08-03 15:19:26,615 | [FULL    ] | INFO | full_experiments_using.model_trainers.mobile_vit_trainer |   ↳ new best AUROC; saved checkpoint: /home/oem/choihyunsu/VOGBasedMCIDetection/outputs/checkpoints/run_20260803_091237_full_wvote_artifact30_w0-5-5-10-0-15-15-30_strat_4err/fold_14_best.pth
2026-08-03 15:19:52,873 | [FULL    ] | INFO | full_experiments_using.model_trainers.mobile_vit_trainer | Ep [015/500] T-Acc:  55.8%  V-Acc:  54.6%  V-AUROC: 0.5645  LR: 1.00e-03
2026-08-03 15:19:53,073 | [FULL    ] | INFO | full_experiments_using.model_trainers.mobile_vit_trainer |   ↳ new best AUROC; saved checkpoint: /home/oem/choihyunsu/VOGBasedMCIDetection/outputs/checkpoints/run_20260803_091237_full_wvote_artifact30_w0-5-5-10-0-15-15-30_strat_4err/fold_14_best.pth
2026-08-03 15:20:20,938 | [FULL    ] | INFO | full_experiments_using.model_trainers.mobile_vit_trainer | Ep [016/500] T-Acc:  56.1%  V-Acc:  56.1%  V-AUROC: 0.5705  LR: 1.00e-03
2026-08-03 15:20:21,042 | [FULL    ] | INFO | full_experiments_using.model_trainers.mobile_vit_trainer |   ↳ new best AUROC; saved checkpoint: /home/oem/choihyunsu/VOGBasedMCIDetection/outputs/checkpoints/run_20260803_091237_full_wvote_artifact30_w0-5-5-10-0-15-15-30_strat_4err/fold_14_best.pth
2026-08-03 15:20:45,007 | [FULL    ] | INFO | full_experiments_using.model_trainers.mobile_vit_trainer | Ep [017/500] T-Acc:  54.5%  V-Acc:  54.7%  V-AUROC: 0.5782  LR: 1.00e-03
2026-08-03 15:20:45,129 | [FULL    ] | INFO | full_experiments_using.model_trainers.mobile_vit_trainer |   ↳ new best AUROC; saved checkpoint: /home/oem/choihyunsu/VOGBasedMCIDetection/outputs/checkpoints/run_20260803_091237_full_wvote_artifact30_w0-5-5-10-0-15-15-30_strat_4err/fold_14_best.pth
2026-08-03 15:21:11,107 | [FULL    ] | INFO | full_experiments_using.model_trainers.mobile_vit_trainer | Ep [018/500] T-Acc:  56.7%  V-Acc:  56.4%  V-AUROC: 0.5816  LR: 1.00e-03
2026-08-03 15:21:11,272 | [FULL    ] | INFO | full_experiments_using.model_trainers.mobile_vit_trainer |   ↳ new best AUROC; saved checkpoint: /home/oem/choihyunsu/VOGBasedMCIDetection/outputs/checkpoints/run_20260803_091237_full_wvote_artifact30_w0-5-5-10-0-15-15-30_strat_4err/fold_14_best.pth
2026-08-03 15:21:39,112 | [FULL    ] | INFO | full_experiments_using.model_trainers.mobile_vit_trainer | Ep [019/500] T-Acc:  55.9%  V-Acc:  56.1%  V-AUROC: 0.5712  LR: 1.00e-03
2026-08-03 15:22:07,306 | [FULL    ] | INFO | full_experiments_using.model_trainers.mobile_vit_trainer | Ep [020/500] T-Acc:  56.8%  V-Acc:  56.2%  V-AUROC: 0.5807  LR: 1.00e-03
2026-08-03 15:22:35,447 | [FULL    ] | INFO | full_experiments_using.model_trainers.mobile_vit_trainer | Ep [021/500] T-Acc:  57.2%  V-Acc:  55.2%  V-AUROC: 0.5599  LR: 1.00e-03
2026-08-03 15:23:03,088 | [FULL    ] | INFO | full_experiments_using.model_trainers.mobile_vit_trainer | Ep [022/500] T-Acc:  55.7%  V-Acc:  56.4%  V-AUROC: 0.6031  LR: 1.00e-03
2026-08-03 15:23:03,201 | [FULL    ] | INFO | full_experiments_using.model_trainers.mobile_vit_trainer |   ↳ new best AUROC; saved checkpoint: /home/oem/choihyunsu/VOGBasedMCIDetection/outputs/checkpoints/run_20260803_091237_full_wvote_artifact30_w0-5-5-10-0-15-15-30_strat_4err/fold_14_best.pth
2026-08-03 15:23:31,163 | [FULL    ] | INFO | full_experiments_using.model_trainers.mobile_vit_trainer | Ep [023/500] T-Acc:  56.7%  V-Acc:  55.5%  V-AUROC: 0.5734  LR: 1.00e-03
2026-08-03 15:23:59,317 | [FULL    ] | INFO | full_experiments_using.model_trainers.mobile_vit_trainer | Ep [024/500] T-Acc:  56.9%  V-Acc:  57.3%  V-AUROC: 0.5870  LR: 1.00e-03
2026-08-03 15:24:27,505 | [FULL    ] | INFO | full_experiments_using.model_trainers.mobile_vit_trainer | Ep [025/500] T-Acc:  56.0%  V-Acc:  57.5%  V-AUROC: 0.5921  LR: 1.00e-03
2026-08-03 15:24:55,640 | [FULL    ] | INFO | full_experiments_using.model_trainers.mobile_vit_trainer | Ep [026/500] T-Acc:  57.2%  V-Acc:  57.2%  V-AUROC: 0.5971  LR: 1.00e-03
2026-08-03 15:25:23,697 | [FULL    ] | INFO | full_experiments_using.model_trainers.mobile_vit_trainer | Ep [027/500] T-Acc:  56.8%  V-Acc:  56.1%  V-AUROC: 0.5746  LR: 1.00e-03
2026-08-03 15:25:51,922 | [FULL    ] | INFO | full_experiments_using.model_trainers.mobile_vit_trainer | Ep [028/500] T-Acc:  57.3%  V-Acc:  55.5%  V-AUROC: 0.5893  LR: 1.00e-03
2026-08-03 15:26:20,010 | [FULL    ] | INFO | full_experiments_using.model_trainers.mobile_vit_trainer | Ep [029/500] T-Acc:  56.8%  V-Acc:  56.2%  V-AUROC: 0.5772  LR: 1.00e-03
2026-08-03 15:26:48,227 | [FULL    ] | INFO | full_experiments_using.model_trainers.mobile_vit_trainer | Ep [030/500] T-Acc:  57.9%  V-Acc:  55.8%  V-AUROC: 0.5829  LR: 1.00e-03
2026-08-03 15:27:16,316 | [FULL    ] | INFO | full_experiments_using.model_trainers.mobile_vit_trainer | Ep [031/500] T-Acc:  57.8%  V-Acc:  58.5%  V-AUROC: 0.6238  LR: 1.00e-03
2026-08-03 15:27:16,438 | [FULL    ] | INFO | full_experiments_using.model_trainers.mobile_vit_trainer |   ↳ new best AUROC; saved checkpoint: /home/oem/choihyunsu/VOGBasedMCIDetection/outputs/checkpoints/run_20260803_091237_full_wvote_artifact30_w0-5-5-10-0-15-15-30_strat_4err/fold_14_best.pth
2026-08-03 15:27:44,685 | [FULL    ] | INFO | full_experiments_using.model_trainers.mobile_vit_trainer | Ep [032/500] T-Acc:  56.7%  V-Acc:  56.2%  V-AUROC: 0.5938  LR: 1.00e-03
2026-08-03 15:28:12,803 | [FULL    ] | INFO | full_experiments_using.model_trainers.mobile_vit_trainer | Ep [033/500] T-Acc:  57.9%  V-Acc:  56.6%  V-AUROC: 0.5943  LR: 1.00e-03
2026-08-03 15:28:41,517 | [FULL    ] | INFO | full_experiments_using.model_trainers.mobile_vit_trainer | Ep [034/500] T-Acc:  58.5%  V-Acc:  56.7%  V-AUROC: 0.6009  LR: 1.00e-03
2026-08-03 15:29:07,876 | [FULL    ] | INFO | full_experiments_using.model_trainers.mobile_vit_trainer | Ep [035/500] T-Acc:  57.9%  V-Acc:  57.8%  V-AUROC: 0.5981  LR: 1.00e-03
2026-08-03 15:29:34,203 | [FULL    ] | INFO | full_experiments_using.model_trainers.mobile_vit_trainer | Ep [036/500] T-Acc:  58.7%  V-Acc:  57.8%  V-AUROC: 0.6075  LR: 1.00e-03
2026-08-03 15:30:02,354 | [FULL    ] | INFO | full_experiments_using.model_trainers.mobile_vit_trainer | Ep [037/500] T-Acc:  58.6%  V-Acc:  56.7%  V-AUROC: 0.5933  LR: 1.00e-03
2026-08-03 15:30:30,621 | [FULL    ] | INFO | full_experiments_using.model_trainers.mobile_vit_trainer | Ep [038/500] T-Acc:  57.6%  V-Acc:  57.7%  V-AUROC: 0.6150  LR: 1.00e-03
2026-08-03 15:30:58,573 | [FULL    ] | INFO | full_experiments_using.model_trainers.mobile_vit_trainer | Ep [039/500] T-Acc:  57.6%  V-Acc:  58.8%  V-AUROC: 0.6108  LR: 1.00e-03
2026-08-03 15:31:26,746 | [FULL    ] | INFO | full_experiments_using.model_trainers.mobile_vit_trainer | Ep [040/500] T-Acc:  58.7%  V-Acc:  58.0%  V-AUROC: 0.6177  LR: 1.00e-03
2026-08-03 15:31:55,063 | [FULL    ] | INFO | full_experiments_using.model_trainers.mobile_vit_trainer | Ep [041/500] T-Acc:  57.7%  V-Acc:  57.1%  V-AUROC: 0.6031  LR: 1.00e-03
2026-08-03 15:32:23,135 | [FULL    ] | INFO | full_experiments_using.model_trainers.mobile_vit_trainer | Ep [042/500] T-Acc:  58.8%  V-Acc:  57.6%  V-AUROC: 0.6055  LR: 1.00e-03
2026-08-03 15:32:51,347 | [FULL    ] | INFO | full_experiments_using.model_trainers.mobile_vit_trainer | Ep [043/500] T-Acc:  58.1%  V-Acc:  57.0%  V-AUROC: 0.6017  LR: 2.00e-04
2026-08-03 15:33:19,388 | [FULL    ] | INFO | full_experiments_using.model_trainers.mobile_vit_trainer | Ep [044/500] T-Acc:  59.6%  V-Acc:  57.3%  V-AUROC: 0.6014  LR: 2.00e-04
2026-08-03 15:33:47,433 | [FULL    ] | INFO | full_experiments_using.model_trainers.mobile_vit_trainer | Ep [045/500] T-Acc:  59.2%  V-Acc:  57.6%  V-AUROC: 0.6022  LR: 2.00e-04
2026-08-03 15:34:15,599 | [FULL    ] | INFO | full_experiments_using.model_trainers.mobile_vit_trainer | Ep [046/500] T-Acc:  59.4%  V-Acc:  57.6%  V-AUROC: 0.6005  LR: 2.00e-04
2026-08-03 15:34:43,754 | [FULL    ] | INFO | full_experiments_using.model_trainers.mobile_vit_trainer | Ep [047/500] T-Acc:  59.8%  V-Acc:  57.7%  V-AUROC: 0.6038  LR: 2.00e-04
2026-08-03 15:35:11,785 | [FULL    ] | INFO | full_experiments_using.model_trainers.mobile_vit_trainer | Ep [048/500] T-Acc:  59.3%  V-Acc:  57.4%  V-AUROC: 0.6022  LR: 2.00e-04
2026-08-03 15:35:39,864 | [FULL    ] | INFO | full_experiments_using.model_trainers.mobile_vit_trainer | Ep [049/500] T-Acc:  58.9%  V-Acc:  57.6%  V-AUROC: 0.6012  LR: 2.00e-04
2026-08-03 15:36:08,005 | [FULL    ] | INFO | full_experiments_using.model_trainers.mobile_vit_trainer | Ep [050/500] T-Acc:  60.0%  V-Acc:  58.5%  V-AUROC: 0.6017  LR: 2.00e-04
2026-08-03 15:36:36,220 | [FULL    ] | INFO | full_experiments_using.model_trainers.mobile_vit_trainer | Ep [051/500] T-Acc:  59.1%  V-Acc:  57.6%  V-AUROC: 0.6021  LR: 2.00e-04
2026-08-03 15:37:04,220 | [FULL    ] | INFO | full_experiments_using.model_trainers.mobile_vit_trainer | Ep [052/500] T-Acc:  60.2%  V-Acc:  57.7%  V-AUROC: 0.6040  LR: 2.00e-04
2026-08-03 15:37:32,342 | [FULL    ] | INFO | full_experiments_using.model_trainers.mobile_vit_trainer | Ep [053/500] T-Acc:  58.3%  V-Acc:  58.3%  V-AUROC: 0.6052  LR: 2.00e-04
2026-08-03 15:38:00,668 | [FULL    ] | INFO | full_experiments_using.model_trainers.mobile_vit_trainer | Ep [054/500] T-Acc:  59.5%  V-Acc:  58.2%  V-AUROC: 0.6059  LR: 4.00e-05
2026-08-03 15:38:28,900 | [FULL    ] | INFO | full_experiments_using.model_trainers.mobile_vit_trainer | Ep [055/500] T-Acc:  59.5%  V-Acc:  57.9%  V-AUROC: 0.6038  LR: 4.00e-05
2026-08-03 15:38:56,973 | [FULL    ] | INFO | full_experiments_using.model_trainers.mobile_vit_trainer | Ep [056/500] T-Acc:  60.5%  V-Acc:  58.5%  V-AUROC: 0.6043  LR: 4.00e-05
2026-08-03 15:39:25,248 | [FULL    ] | INFO | full_experiments_using.model_trainers.mobile_vit_trainer | Ep [057/500] T-Acc:  59.5%  V-Acc:  57.6%  V-AUROC: 0.6037  LR: 4.00e-05
2026-08-03 15:39:53,433 | [FULL    ] | INFO | full_experiments_using.model_trainers.mobile_vit_trainer | Ep [058/500] T-Acc:  59.8%  V-Acc:  57.8%  V-AUROC: 0.6022  LR: 4.00e-05
2026-08-03 15:40:21,552 | [FULL    ] | INFO | full_experiments_using.model_trainers.mobile_vit_trainer | Ep [059/500] T-Acc:  59.9%  V-Acc:  58.2%  V-AUROC: 0.6037  LR: 4.00e-05
2026-08-03 15:40:49,763 | [FULL    ] | INFO | full_experiments_using.model_trainers.mobile_vit_trainer | Ep [060/500] T-Acc:  59.9%  V-Acc:  57.9%  V-AUROC: 0.6046  LR: 4.00e-05
2026-08-03 15:41:17,852 | [FULL    ] | INFO | full_experiments_using.model_trainers.mobile_vit_trainer | Ep [061/500] T-Acc:  58.9%  V-Acc:  58.5%  V-AUROC: 0.6060  LR: 4.00e-05
2026-08-03 15:41:17,853 | [FULL    ] | INFO | full_experiments_using.model_trainers.mobile_vit_trainer | Early stop — best AUROC 0.6238 at epoch 31 (no improvement for 30 epochs)
2026-08-03 15:41:17,853 | [FULL    ] | INFO | full_experiments_using.model_trainers.mobile_vit_trainer | Done. Best AUROC: 0.6238 (epoch 31) → /home/oem/choihyunsu/VOGBasedMCIDetection/outputs/checkpoints/run_20260803_091237_full_wvote_artifact30_w0-5-5-10-0-15-15-30_strat_4err/fold_14_best.pth
2026-08-03 15:41:27,238 | [FULL    ] | INFO | full_experiments_using.evaluators.monte_carlo_evaluator | -> Fold 15 Result | Acc=0.818 Sens=1.000 Spec=0.500 AUROC=0.893
2026-08-03 15:41:27,245 | [FULL    ] | INFO | full_experiments_using.evaluators.monte_carlo_evaluator | === Fold 16/30 | train: 25 subj (HC=10 MCI=15) / 3865 win | test: 12 subj (HC=4 MCI=8) / 1850 win ===
2026-08-03 15:41:27,499 | [FULL    ] | INFO | httpx | HTTP Request: HEAD https://huggingface.co/apple/mobilevit-small/resolve/main/config.json "HTTP/1.1 307 Temporary Redirect"
2026-08-03 15:41:27,518 | [FULL    ] | INFO | httpx | HTTP Request: HEAD https://huggingface.co/api/resolve-cache/models/apple/mobilevit-small/6c8612545dc98676d27bc518fa521d9e9af23e34/config.json "HTTP/1.1 200 OK"
2026-08-03 15:41:27,822 | [FULL    ] | INFO | httpx | HTTP Request: HEAD https://huggingface.co/apple/mobilevit-small/resolve/main/model.safetensors "HTTP/1.1 404 Not Found"
2026-08-03 15:41:28,045 | [FULL    ] | INFO | httpx | HTTP Request: HEAD https://huggingface.co/apple/mobilevit-small/resolve/main/model.safetensors.index.json "HTTP/1.1 404 Not Found"
2026-08-03 15:41:28,262 | [FULL    ] | INFO | httpx | HTTP Request: HEAD https://huggingface.co/apple/mobilevit-small/resolve/main/pytorch_model.bin "HTTP/1.1 302 Found"
2026-08-03 15:41:28,467 | [FULL    ] | INFO | httpx | HTTP Request: HEAD https://huggingface.co/apple/mobilevit-small/resolve/main/model.safetensors "HTTP/1.1 404 Not Found"
2026-08-03 15:41:28,691 | [FULL    ] | INFO | httpx | HTTP Request: GET https://huggingface.co/api/models/apple/mobilevit-small "HTTP/1.1 200 OK"
2026-08-03 15:41:28,970 | [FULL    ] | INFO | httpx | HTTP Request: GET https://huggingface.co/api/models/apple/mobilevit-small/commits/main "HTTP/1.1 200 OK"
2026-08-03 15:41:29,192 | [FULL    ] | INFO | httpx | HTTP Request: GET https://huggingface.co/api/models/apple/mobilevit-small/discussions?p=0 "HTTP/1.1 200 OK"
2026-08-03 15:41:29,421 | [FULL    ] | INFO | httpx | HTTP Request: GET https://huggingface.co/api/models/apple/mobilevit-small/commits/refs%2Fpr%2F6 "HTTP/1.1 200 OK"
2026-08-03 15:41:29,628 | [FULL    ] | INFO | httpx | HTTP Request: HEAD https://huggingface.co/apple/mobilevit-small/resolve/refs%2Fpr%2F6/model.safetensors.index.json "HTTP/1.1 404 Not Found"
2026-08-03 15:41:29,891 | [FULL    ] | INFO | httpx | HTTP Request: HEAD https://huggingface.co/apple/mobilevit-small/resolve/refs%2Fpr%2F6/model.safetensors "HTTP/1.1 302 Found"
2026-08-03 15:41:30,683 | [FULL    ] | INFO | full_experiments_using.model_trainers.mobile_vit_trainer | Device: cuda | max_epochs=500 | batch=32 | eval_batch=256 | es_patience=30
2026-08-03 15:41:30,689 | [FULL    ] | INFO | full_experiments_using.model_trainers.mobile_vit_trainer | CE weights — HC: 1.112  MCI: 0.909
2026-08-03 15:42:08,775 | [FULL    ] | INFO | full_experiments_using.model_trainers.mobile_vit_trainer | Ep [001/500] T-Acc:  51.3%  V-Acc:  56.3%  V-AUROC: 0.5027  LR: 2.00e-04
2026-08-03 15:42:08,892 | [FULL    ] | INFO | full_experiments_using.model_trainers.mobile_vit_trainer |   ↳ new best AUROC; saved checkpoint: /home/oem/choihyunsu/VOGBasedMCIDetection/outputs/checkpoints/run_20260803_091237_full_wvote_artifact30_w0-5-5-10-0-15-15-30_strat_4err/fold_15_best.pth
2026-08-03 15:42:35,825 | [FULL    ] | INFO | full_experiments_using.model_trainers.mobile_vit_trainer | Ep [002/500] T-Acc:  50.2%  V-Acc:  57.0%  V-AUROC: 0.5221  LR: 4.00e-04
2026-08-03 15:42:35,995 | [FULL    ] | INFO | full_experiments_using.model_trainers.mobile_vit_trainer |   ↳ new best AUROC; saved checkpoint: /home/oem/choihyunsu/VOGBasedMCIDetection/outputs/checkpoints/run_20260803_091237_full_wvote_artifact30_w0-5-5-10-0-15-15-30_strat_4err/fold_15_best.pth
2026-08-03 15:43:04,137 | [FULL    ] | INFO | full_experiments_using.model_trainers.mobile_vit_trainer | Ep [003/500] T-Acc:  50.0%  V-Acc:  57.7%  V-AUROC: 0.5385  LR: 6.00e-04
2026-08-03 15:43:04,255 | [FULL    ] | INFO | full_experiments_using.model_trainers.mobile_vit_trainer |   ↳ new best AUROC; saved checkpoint: /home/oem/choihyunsu/VOGBasedMCIDetection/outputs/checkpoints/run_20260803_091237_full_wvote_artifact30_w0-5-5-10-0-15-15-30_strat_4err/fold_15_best.pth
2026-08-03 15:43:30,023 | [FULL    ] | INFO | full_experiments_using.model_trainers.mobile_vit_trainer | Ep [004/500] T-Acc:  51.1%  V-Acc:  58.2%  V-AUROC: 0.5808  LR: 8.00e-04
2026-08-03 15:43:30,231 | [FULL    ] | INFO | full_experiments_using.model_trainers.mobile_vit_trainer |   ↳ new best AUROC; saved checkpoint: /home/oem/choihyunsu/VOGBasedMCIDetection/outputs/checkpoints/run_20260803_091237_full_wvote_artifact30_w0-5-5-10-0-15-15-30_strat_4err/fold_15_best.pth
2026-08-03 15:43:58,329 | [FULL    ] | INFO | full_experiments_using.model_trainers.mobile_vit_trainer | Ep [005/500] T-Acc:  53.4%  V-Acc:  56.1%  V-AUROC: 0.5818  LR: 1.00e-03
2026-08-03 15:43:58,482 | [FULL    ] | INFO | full_experiments_using.model_trainers.mobile_vit_trainer |   ↳ new best AUROC; saved checkpoint: /home/oem/choihyunsu/VOGBasedMCIDetection/outputs/checkpoints/run_20260803_091237_full_wvote_artifact30_w0-5-5-10-0-15-15-30_strat_4err/fold_15_best.pth
2026-08-03 15:44:26,660 | [FULL    ] | INFO | full_experiments_using.model_trainers.mobile_vit_trainer | Ep [006/500] T-Acc:  52.2%  V-Acc:  57.6%  V-AUROC: 0.5868  LR: 1.00e-03
2026-08-03 15:44:26,853 | [FULL    ] | INFO | full_experiments_using.model_trainers.mobile_vit_trainer |   ↳ new best AUROC; saved checkpoint: /home/oem/choihyunsu/VOGBasedMCIDetection/outputs/checkpoints/run_20260803_091237_full_wvote_artifact30_w0-5-5-10-0-15-15-30_strat_4err/fold_15_best.pth
2026-08-03 15:44:55,030 | [FULL    ] | INFO | full_experiments_using.model_trainers.mobile_vit_trainer | Ep [007/500] T-Acc:  53.3%  V-Acc:  57.9%  V-AUROC: 0.5888  LR: 1.00e-03
2026-08-03 15:44:55,226 | [FULL    ] | INFO | full_experiments_using.model_trainers.mobile_vit_trainer |   ↳ new best AUROC; saved checkpoint: /home/oem/choihyunsu/VOGBasedMCIDetection/outputs/checkpoints/run_20260803_091237_full_wvote_artifact30_w0-5-5-10-0-15-15-30_strat_4err/fold_15_best.pth
2026-08-03 15:45:23,546 | [FULL    ] | INFO | full_experiments_using.model_trainers.mobile_vit_trainer | Ep [008/500] T-Acc:  54.1%  V-Acc:  57.8%  V-AUROC: 0.6077  LR: 1.00e-03
2026-08-03 15:45:23,668 | [FULL    ] | INFO | full_experiments_using.model_trainers.mobile_vit_trainer |   ↳ new best AUROC; saved checkpoint: /home/oem/choihyunsu/VOGBasedMCIDetection/outputs/checkpoints/run_20260803_091237_full_wvote_artifact30_w0-5-5-10-0-15-15-30_strat_4err/fold_15_best.pth
2026-08-03 15:45:51,750 | [FULL    ] | INFO | full_experiments_using.model_trainers.mobile_vit_trainer | Ep [009/500] T-Acc:  54.8%  V-Acc:  59.1%  V-AUROC: 0.6173  LR: 1.00e-03
2026-08-03 15:45:51,903 | [FULL    ] | INFO | full_experiments_using.model_trainers.mobile_vit_trainer |   ↳ new best AUROC; saved checkpoint: /home/oem/choihyunsu/VOGBasedMCIDetection/outputs/checkpoints/run_20260803_091237_full_wvote_artifact30_w0-5-5-10-0-15-15-30_strat_4err/fold_15_best.pth
2026-08-03 15:46:19,963 | [FULL    ] | INFO | full_experiments_using.model_trainers.mobile_vit_trainer | Ep [010/500] T-Acc:  52.1%  V-Acc:  57.9%  V-AUROC: 0.6178  LR: 1.00e-03
2026-08-03 15:46:20,109 | [FULL    ] | INFO | full_experiments_using.model_trainers.mobile_vit_trainer |   ↳ new best AUROC; saved checkpoint: /home/oem/choihyunsu/VOGBasedMCIDetection/outputs/checkpoints/run_20260803_091237_full_wvote_artifact30_w0-5-5-10-0-15-15-30_strat_4err/fold_15_best.pth
2026-08-03 15:46:48,426 | [FULL    ] | INFO | full_experiments_using.model_trainers.mobile_vit_trainer | Ep [011/500] T-Acc:  54.8%  V-Acc:  56.9%  V-AUROC: 0.6039  LR: 1.00e-03
2026-08-03 15:47:16,689 | [FULL    ] | INFO | full_experiments_using.model_trainers.mobile_vit_trainer | Ep [012/500] T-Acc:  54.2%  V-Acc:  58.2%  V-AUROC: 0.6212  LR: 1.00e-03
2026-08-03 15:47:16,844 | [FULL    ] | INFO | full_experiments_using.model_trainers.mobile_vit_trainer |   ↳ new best AUROC; saved checkpoint: /home/oem/choihyunsu/VOGBasedMCIDetection/outputs/checkpoints/run_20260803_091237_full_wvote_artifact30_w0-5-5-10-0-15-15-30_strat_4err/fold_15_best.pth
2026-08-03 15:47:45,262 | [FULL    ] | INFO | full_experiments_using.model_trainers.mobile_vit_trainer | Ep [013/500] T-Acc:  53.6%  V-Acc:  58.8%  V-AUROC: 0.6299  LR: 1.00e-03
2026-08-03 15:47:45,379 | [FULL    ] | INFO | full_experiments_using.model_trainers.mobile_vit_trainer |   ↳ new best AUROC; saved checkpoint: /home/oem/choihyunsu/VOGBasedMCIDetection/outputs/checkpoints/run_20260803_091237_full_wvote_artifact30_w0-5-5-10-0-15-15-30_strat_4err/fold_15_best.pth
2026-08-03 15:48:13,610 | [FULL    ] | INFO | full_experiments_using.model_trainers.mobile_vit_trainer | Ep [014/500] T-Acc:  53.9%  V-Acc:  58.5%  V-AUROC: 0.6154  LR: 1.00e-03
2026-08-03 15:48:41,899 | [FULL    ] | INFO | full_experiments_using.model_trainers.mobile_vit_trainer | Ep [015/500] T-Acc:  55.5%  V-Acc:  58.1%  V-AUROC: 0.6257  LR: 1.00e-03
2026-08-03 15:49:09,999 | [FULL    ] | INFO | full_experiments_using.model_trainers.mobile_vit_trainer | Ep [016/500] T-Acc:  55.8%  V-Acc:  57.4%  V-AUROC: 0.6136  LR: 1.00e-03
2026-08-03 15:49:38,425 | [FULL    ] | INFO | full_experiments_using.model_trainers.mobile_vit_trainer | Ep [017/500] T-Acc:  56.7%  V-Acc:  58.5%  V-AUROC: 0.6221  LR: 1.00e-03
2026-08-03 15:50:06,788 | [FULL    ] | INFO | full_experiments_using.model_trainers.mobile_vit_trainer | Ep [018/500] T-Acc:  56.3%  V-Acc:  58.5%  V-AUROC: 0.6248  LR: 1.00e-03
2026-08-03 15:50:35,208 | [FULL    ] | INFO | full_experiments_using.model_trainers.mobile_vit_trainer | Ep [019/500] T-Acc:  56.9%  V-Acc:  58.5%  V-AUROC: 0.6254  LR: 1.00e-03
2026-08-03 15:51:03,707 | [FULL    ] | INFO | full_experiments_using.model_trainers.mobile_vit_trainer | Ep [020/500] T-Acc:  57.0%  V-Acc:  59.2%  V-AUROC: 0.6238  LR: 1.00e-03
2026-08-03 15:51:31,897 | [FULL    ] | INFO | full_experiments_using.model_trainers.mobile_vit_trainer | Ep [021/500] T-Acc:  55.6%  V-Acc:  59.2%  V-AUROC: 0.6216  LR: 1.00e-03
2026-08-03 15:51:59,999 | [FULL    ] | INFO | full_experiments_using.model_trainers.mobile_vit_trainer | Ep [022/500] T-Acc:  55.8%  V-Acc:  57.4%  V-AUROC: 0.6215  LR: 1.00e-03
2026-08-03 15:52:28,237 | [FULL    ] | INFO | full_experiments_using.model_trainers.mobile_vit_trainer | Ep [023/500] T-Acc:  55.2%  V-Acc:  59.5%  V-AUROC: 0.6328  LR: 1.00e-03
2026-08-03 15:52:28,360 | [FULL    ] | INFO | full_experiments_using.model_trainers.mobile_vit_trainer |   ↳ new best AUROC; saved checkpoint: /home/oem/choihyunsu/VOGBasedMCIDetection/outputs/checkpoints/run_20260803_091237_full_wvote_artifact30_w0-5-5-10-0-15-15-30_strat_4err/fold_15_best.pth
2026-08-03 15:52:56,727 | [FULL    ] | INFO | full_experiments_using.model_trainers.mobile_vit_trainer | Ep [024/500] T-Acc:  56.3%  V-Acc:  59.7%  V-AUROC: 0.6350  LR: 1.00e-03
2026-08-03 15:52:56,893 | [FULL    ] | INFO | full_experiments_using.model_trainers.mobile_vit_trainer |   ↳ new best AUROC; saved checkpoint: /home/oem/choihyunsu/VOGBasedMCIDetection/outputs/checkpoints/run_20260803_091237_full_wvote_artifact30_w0-5-5-10-0-15-15-30_strat_4err/fold_15_best.pth
2026-08-03 15:53:23,688 | [FULL    ] | INFO | full_experiments_using.model_trainers.mobile_vit_trainer | Ep [025/500] T-Acc:  58.2%  V-Acc:  59.6%  V-AUROC: 0.6247  LR: 1.00e-03
2026-08-03 15:53:51,351 | [FULL    ] | INFO | full_experiments_using.model_trainers.mobile_vit_trainer | Ep [026/500] T-Acc:  57.2%  V-Acc:  59.0%  V-AUROC: 0.6338  LR: 1.00e-03
2026-08-03 15:54:17,130 | [FULL    ] | INFO | full_experiments_using.model_trainers.mobile_vit_trainer | Ep [027/500] T-Acc:  56.9%  V-Acc:  60.5%  V-AUROC: 0.6449  LR: 1.00e-03
2026-08-03 15:54:17,271 | [FULL    ] | INFO | full_experiments_using.model_trainers.mobile_vit_trainer |   ↳ new best AUROC; saved checkpoint: /home/oem/choihyunsu/VOGBasedMCIDetection/outputs/checkpoints/run_20260803_091237_full_wvote_artifact30_w0-5-5-10-0-15-15-30_strat_4err/fold_15_best.pth
2026-08-03 15:54:44,945 | [FULL    ] | INFO | full_experiments_using.model_trainers.mobile_vit_trainer | Ep [028/500] T-Acc:  57.3%  V-Acc:  60.6%  V-AUROC: 0.6435  LR: 1.00e-03
2026-08-03 15:55:11,877 | [FULL    ] | INFO | full_experiments_using.model_trainers.mobile_vit_trainer | Ep [029/500] T-Acc:  57.8%  V-Acc:  59.6%  V-AUROC: 0.6458  LR: 1.00e-03
2026-08-03 15:55:12,024 | [FULL    ] | INFO | full_experiments_using.model_trainers.mobile_vit_trainer |   ↳ new best AUROC; saved checkpoint: /home/oem/choihyunsu/VOGBasedMCIDetection/outputs/checkpoints/run_20260803_091237_full_wvote_artifact30_w0-5-5-10-0-15-15-30_strat_4err/fold_15_best.pth
2026-08-03 15:55:37,960 | [FULL    ] | INFO | full_experiments_using.model_trainers.mobile_vit_trainer | Ep [030/500] T-Acc:  57.5%  V-Acc:  60.4%  V-AUROC: 0.6479  LR: 1.00e-03
2026-08-03 15:55:38,121 | [FULL    ] | INFO | full_experiments_using.model_trainers.mobile_vit_trainer |   ↳ new best AUROC; saved checkpoint: /home/oem/choihyunsu/VOGBasedMCIDetection/outputs/checkpoints/run_20260803_091237_full_wvote_artifact30_w0-5-5-10-0-15-15-30_strat_4err/fold_15_best.pth
2026-08-03 15:56:06,457 | [FULL    ] | INFO | full_experiments_using.model_trainers.mobile_vit_trainer | Ep [031/500] T-Acc:  57.8%  V-Acc:  60.8%  V-AUROC: 0.6426  LR: 1.00e-03
2026-08-03 15:56:34,307 | [FULL    ] | INFO | full_experiments_using.model_trainers.mobile_vit_trainer | Ep [032/500] T-Acc:  56.6%  V-Acc:  59.6%  V-AUROC: 0.6390  LR: 1.00e-03
2026-08-03 15:57:02,750 | [FULL    ] | INFO | full_experiments_using.model_trainers.mobile_vit_trainer | Ep [033/500] T-Acc:  57.6%  V-Acc:  60.4%  V-AUROC: 0.6493  LR: 1.00e-03
2026-08-03 15:57:02,873 | [FULL    ] | INFO | full_experiments_using.model_trainers.mobile_vit_trainer |   ↳ new best AUROC; saved checkpoint: /home/oem/choihyunsu/VOGBasedMCIDetection/outputs/checkpoints/run_20260803_091237_full_wvote_artifact30_w0-5-5-10-0-15-15-30_strat_4err/fold_15_best.pth
2026-08-03 15:57:30,826 | [FULL    ] | INFO | full_experiments_using.model_trainers.mobile_vit_trainer | Ep [034/500] T-Acc:  57.4%  V-Acc:  60.5%  V-AUROC: 0.6462  LR: 1.00e-03
2026-08-03 15:57:58,662 | [FULL    ] | INFO | full_experiments_using.model_trainers.mobile_vit_trainer | Ep [035/500] T-Acc:  58.4%  V-Acc:  59.9%  V-AUROC: 0.6455  LR: 1.00e-03
2026-08-03 15:58:27,110 | [FULL    ] | INFO | full_experiments_using.model_trainers.mobile_vit_trainer | Ep [036/500] T-Acc:  58.0%  V-Acc:  60.4%  V-AUROC: 0.6401  LR: 1.00e-03
2026-08-03 15:58:55,147 | [FULL    ] | INFO | full_experiments_using.model_trainers.mobile_vit_trainer | Ep [037/500] T-Acc:  56.4%  V-Acc:  58.5%  V-AUROC: 0.6393  LR: 1.00e-03
2026-08-03 15:59:23,516 | [FULL    ] | INFO | full_experiments_using.model_trainers.mobile_vit_trainer | Ep [038/500] T-Acc:  58.1%  V-Acc:  60.5%  V-AUROC: 0.6516  LR: 1.00e-03
2026-08-03 15:59:23,693 | [FULL    ] | INFO | full_experiments_using.model_trainers.mobile_vit_trainer |   ↳ new best AUROC; saved checkpoint: /home/oem/choihyunsu/VOGBasedMCIDetection/outputs/checkpoints/run_20260803_091237_full_wvote_artifact30_w0-5-5-10-0-15-15-30_strat_4err/fold_15_best.pth
2026-08-03 15:59:51,830 | [FULL    ] | INFO | full_experiments_using.model_trainers.mobile_vit_trainer | Ep [039/500] T-Acc:  59.4%  V-Acc:  58.9%  V-AUROC: 0.6374  LR: 1.00e-03
2026-08-03 16:00:20,033 | [FULL    ] | INFO | full_experiments_using.model_trainers.mobile_vit_trainer | Ep [040/500] T-Acc:  58.4%  V-Acc:  58.5%  V-AUROC: 0.6389  LR: 1.00e-03
2026-08-03 16:00:48,205 | [FULL    ] | INFO | full_experiments_using.model_trainers.mobile_vit_trainer | Ep [041/500] T-Acc:  58.3%  V-Acc:  58.7%  V-AUROC: 0.6438  LR: 1.00e-03
2026-08-03 16:01:16,443 | [FULL    ] | INFO | full_experiments_using.model_trainers.mobile_vit_trainer | Ep [042/500] T-Acc:  59.3%  V-Acc:  58.9%  V-AUROC: 0.6378  LR: 1.00e-03
2026-08-03 16:01:44,837 | [FULL    ] | INFO | full_experiments_using.model_trainers.mobile_vit_trainer | Ep [043/500] T-Acc:  58.8%  V-Acc:  59.8%  V-AUROC: 0.6496  LR: 1.00e-03
2026-08-03 16:02:13,358 | [FULL    ] | INFO | full_experiments_using.model_trainers.mobile_vit_trainer | Ep [044/500] T-Acc:  58.8%  V-Acc:  59.1%  V-AUROC: 0.6366  LR: 1.00e-03
2026-08-03 16:02:41,504 | [FULL    ] | INFO | full_experiments_using.model_trainers.mobile_vit_trainer | Ep [045/500] T-Acc:  59.6%  V-Acc:  60.5%  V-AUROC: 0.6436  LR: 1.00e-03
2026-08-03 16:03:09,740 | [FULL    ] | INFO | full_experiments_using.model_trainers.mobile_vit_trainer | Ep [046/500] T-Acc:  58.6%  V-Acc:  59.2%  V-AUROC: 0.6371  LR: 1.00e-03
2026-08-03 16:03:37,982 | [FULL    ] | INFO | full_experiments_using.model_trainers.mobile_vit_trainer | Ep [047/500] T-Acc:  58.8%  V-Acc:  59.6%  V-AUROC: 0.6482  LR: 1.00e-03
2026-08-03 16:04:06,351 | [FULL    ] | INFO | full_experiments_using.model_trainers.mobile_vit_trainer | Ep [048/500] T-Acc:  59.8%  V-Acc:  59.8%  V-AUROC: 0.6493  LR: 1.00e-03
2026-08-03 16:04:34,711 | [FULL    ] | INFO | full_experiments_using.model_trainers.mobile_vit_trainer | Ep [049/500] T-Acc:  59.6%  V-Acc:  59.2%  V-AUROC: 0.6474  LR: 1.00e-03
2026-08-03 16:05:02,870 | [FULL    ] | INFO | full_experiments_using.model_trainers.mobile_vit_trainer | Ep [050/500] T-Acc:  59.8%  V-Acc:  60.1%  V-AUROC: 0.6486  LR: 2.00e-04
2026-08-03 16:05:30,941 | [FULL    ] | INFO | full_experiments_using.model_trainers.mobile_vit_trainer | Ep [051/500] T-Acc:  59.3%  V-Acc:  59.9%  V-AUROC: 0.6517  LR: 2.00e-04
2026-08-03 16:05:31,078 | [FULL    ] | INFO | full_experiments_using.model_trainers.mobile_vit_trainer |   ↳ new best AUROC; saved checkpoint: /home/oem/choihyunsu/VOGBasedMCIDetection/outputs/checkpoints/run_20260803_091237_full_wvote_artifact30_w0-5-5-10-0-15-15-30_strat_4err/fold_15_best.pth
2026-08-03 16:05:59,476 | [FULL    ] | INFO | full_experiments_using.model_trainers.mobile_vit_trainer | Ep [052/500] T-Acc:  60.5%  V-Acc:  60.4%  V-AUROC: 0.6499  LR: 2.00e-04
2026-08-03 16:06:27,834 | [FULL    ] | INFO | full_experiments_using.model_trainers.mobile_vit_trainer | Ep [053/500] T-Acc:  59.3%  V-Acc:  59.8%  V-AUROC: 0.6483  LR: 2.00e-04
2026-08-03 16:06:56,130 | [FULL    ] | INFO | full_experiments_using.model_trainers.mobile_vit_trainer | Ep [054/500] T-Acc:  60.7%  V-Acc:  60.0%  V-AUROC: 0.6458  LR: 2.00e-04
2026-08-03 16:07:24,345 | [FULL    ] | INFO | full_experiments_using.model_trainers.mobile_vit_trainer | Ep [055/500] T-Acc:  61.0%  V-Acc:  60.3%  V-AUROC: 0.6529  LR: 2.00e-04
2026-08-03 16:07:24,499 | [FULL    ] | INFO | full_experiments_using.model_trainers.mobile_vit_trainer |   ↳ new best AUROC; saved checkpoint: /home/oem/choihyunsu/VOGBasedMCIDetection/outputs/checkpoints/run_20260803_091237_full_wvote_artifact30_w0-5-5-10-0-15-15-30_strat_4err/fold_15_best.pth
2026-08-03 16:07:52,723 | [FULL    ] | INFO | full_experiments_using.model_trainers.mobile_vit_trainer | Ep [056/500] T-Acc:  59.3%  V-Acc:  59.5%  V-AUROC: 0.6514  LR: 2.00e-04
2026-08-03 16:08:21,105 | [FULL    ] | INFO | full_experiments_using.model_trainers.mobile_vit_trainer | Ep [057/500] T-Acc:  60.7%  V-Acc:  59.8%  V-AUROC: 0.6472  LR: 2.00e-04
2026-08-03 16:08:49,205 | [FULL    ] | INFO | full_experiments_using.model_trainers.mobile_vit_trainer | Ep [058/500] T-Acc:  59.6%  V-Acc:  59.8%  V-AUROC: 0.6501  LR: 2.00e-04
2026-08-03 16:09:17,617 | [FULL    ] | INFO | full_experiments_using.model_trainers.mobile_vit_trainer | Ep [059/500] T-Acc:  60.8%  V-Acc:  59.8%  V-AUROC: 0.6497  LR: 2.00e-04
2026-08-03 16:09:45,928 | [FULL    ] | INFO | full_experiments_using.model_trainers.mobile_vit_trainer | Ep [060/500] T-Acc:  61.6%  V-Acc:  59.1%  V-AUROC: 0.6512  LR: 2.00e-04
2026-08-03 16:10:14,024 | [FULL    ] | INFO | full_experiments_using.model_trainers.mobile_vit_trainer | Ep [061/500] T-Acc:  60.9%  V-Acc:  60.0%  V-AUROC: 0.6548  LR: 2.00e-04
2026-08-03 16:10:14,168 | [FULL    ] | INFO | full_experiments_using.model_trainers.mobile_vit_trainer |   ↳ new best AUROC; saved checkpoint: /home/oem/choihyunsu/VOGBasedMCIDetection/outputs/checkpoints/run_20260803_091237_full_wvote_artifact30_w0-5-5-10-0-15-15-30_strat_4err/fold_15_best.pth
2026-08-03 16:10:42,557 | [FULL    ] | INFO | full_experiments_using.model_trainers.mobile_vit_trainer | Ep [062/500] T-Acc:  60.9%  V-Acc:  60.9%  V-AUROC: 0.6562  LR: 2.00e-04
2026-08-03 16:10:42,680 | [FULL    ] | INFO | full_experiments_using.model_trainers.mobile_vit_trainer |   ↳ new best AUROC; saved checkpoint: /home/oem/choihyunsu/VOGBasedMCIDetection/outputs/checkpoints/run_20260803_091237_full_wvote_artifact30_w0-5-5-10-0-15-15-30_strat_4err/fold_15_best.pth
2026-08-03 16:11:10,842 | [FULL    ] | INFO | full_experiments_using.model_trainers.mobile_vit_trainer | Ep [063/500] T-Acc:  60.3%  V-Acc:  59.8%  V-AUROC: 0.6528  LR: 2.00e-04
2026-08-03 16:11:39,327 | [FULL    ] | INFO | full_experiments_using.model_trainers.mobile_vit_trainer | Ep [064/500] T-Acc:  60.8%  V-Acc:  60.3%  V-AUROC: 0.6554  LR: 2.00e-04
2026-08-03 16:12:07,580 | [FULL    ] | INFO | full_experiments_using.model_trainers.mobile_vit_trainer | Ep [065/500] T-Acc:  60.0%  V-Acc:  60.1%  V-AUROC: 0.6556  LR: 2.00e-04
2026-08-03 16:12:35,964 | [FULL    ] | INFO | full_experiments_using.model_trainers.mobile_vit_trainer | Ep [066/500] T-Acc:  61.4%  V-Acc:  60.1%  V-AUROC: 0.6548  LR: 2.00e-04
2026-08-03 16:13:04,414 | [FULL    ] | INFO | full_experiments_using.model_trainers.mobile_vit_trainer | Ep [067/500] T-Acc:  60.6%  V-Acc:  59.0%  V-AUROC: 0.6456  LR: 2.00e-04
2026-08-03 16:13:30,577 | [FULL    ] | INFO | full_experiments_using.model_trainers.mobile_vit_trainer | Ep [068/500] T-Acc:  60.5%  V-Acc:  60.4%  V-AUROC: 0.6538  LR: 2.00e-04
2026-08-03 16:13:56,673 | [FULL    ] | INFO | full_experiments_using.model_trainers.mobile_vit_trainer | Ep [069/500] T-Acc:  60.7%  V-Acc:  60.5%  V-AUROC: 0.6577  LR: 2.00e-04
2026-08-03 16:13:56,812 | [FULL    ] | INFO | full_experiments_using.model_trainers.mobile_vit_trainer |   ↳ new best AUROC; saved checkpoint: /home/oem/choihyunsu/VOGBasedMCIDetection/outputs/checkpoints/run_20260803_091237_full_wvote_artifact30_w0-5-5-10-0-15-15-30_strat_4err/fold_15_best.pth
2026-08-03 16:14:25,027 | [FULL    ] | INFO | full_experiments_using.model_trainers.mobile_vit_trainer | Ep [070/500] T-Acc:  60.9%  V-Acc:  60.0%  V-AUROC: 0.6534  LR: 2.00e-04
2026-08-03 16:14:53,190 | [FULL    ] | INFO | full_experiments_using.model_trainers.mobile_vit_trainer | Ep [071/500] T-Acc:  60.4%  V-Acc:  60.9%  V-AUROC: 0.6545  LR: 2.00e-04
2026-08-03 16:15:21,380 | [FULL    ] | INFO | full_experiments_using.model_trainers.mobile_vit_trainer | Ep [072/500] T-Acc:  60.2%  V-Acc:  59.5%  V-AUROC: 0.6494  LR: 2.00e-04
2026-08-03 16:15:49,631 | [FULL    ] | INFO | full_experiments_using.model_trainers.mobile_vit_trainer | Ep [073/500] T-Acc:  61.3%  V-Acc:  60.5%  V-AUROC: 0.6586  LR: 2.00e-04
2026-08-03 16:15:49,794 | [FULL    ] | INFO | full_experiments_using.model_trainers.mobile_vit_trainer |   ↳ new best AUROC; saved checkpoint: /home/oem/choihyunsu/VOGBasedMCIDetection/outputs/checkpoints/run_20260803_091237_full_wvote_artifact30_w0-5-5-10-0-15-15-30_strat_4err/fold_15_best.pth
2026-08-03 16:16:18,057 | [FULL    ] | INFO | full_experiments_using.model_trainers.mobile_vit_trainer | Ep [074/500] T-Acc:  60.7%  V-Acc:  60.6%  V-AUROC: 0.6568  LR: 2.00e-04
2026-08-03 16:16:46,390 | [FULL    ] | INFO | full_experiments_using.model_trainers.mobile_vit_trainer | Ep [075/500] T-Acc:  60.3%  V-Acc:  60.9%  V-AUROC: 0.6583  LR: 2.00e-04
2026-08-03 16:17:14,380 | [FULL    ] | INFO | full_experiments_using.model_trainers.mobile_vit_trainer | Ep [076/500] T-Acc:  60.4%  V-Acc:  60.9%  V-AUROC: 0.6557  LR: 2.00e-04
2026-08-03 16:17:41,146 | [FULL    ] | INFO | full_experiments_using.model_trainers.mobile_vit_trainer | Ep [077/500] T-Acc:  60.6%  V-Acc:  60.6%  V-AUROC: 0.6584  LR: 2.00e-04
2026-08-03 16:18:07,519 | [FULL    ] | INFO | full_experiments_using.model_trainers.mobile_vit_trainer | Ep [078/500] T-Acc:  61.5%  V-Acc:  60.2%  V-AUROC: 0.6585  LR: 2.00e-04
2026-08-03 16:18:35,867 | [FULL    ] | INFO | full_experiments_using.model_trainers.mobile_vit_trainer | Ep [079/500] T-Acc:  60.2%  V-Acc:  60.4%  V-AUROC: 0.6582  LR: 2.00e-04
2026-08-03 16:19:04,182 | [FULL    ] | INFO | full_experiments_using.model_trainers.mobile_vit_trainer | Ep [080/500] T-Acc:  61.0%  V-Acc:  60.5%  V-AUROC: 0.6568  LR: 2.00e-04
2026-08-03 16:19:32,585 | [FULL    ] | INFO | full_experiments_using.model_trainers.mobile_vit_trainer | Ep [081/500] T-Acc:  61.2%  V-Acc:  60.4%  V-AUROC: 0.6566  LR: 2.00e-04
2026-08-03 16:20:00,783 | [FULL    ] | INFO | full_experiments_using.model_trainers.mobile_vit_trainer | Ep [082/500] T-Acc:  60.7%  V-Acc:  61.3%  V-AUROC: 0.6590  LR: 2.00e-04
2026-08-03 16:20:00,979 | [FULL    ] | INFO | full_experiments_using.model_trainers.mobile_vit_trainer |   ↳ new best AUROC; saved checkpoint: /home/oem/choihyunsu/VOGBasedMCIDetection/outputs/checkpoints/run_20260803_091237_full_wvote_artifact30_w0-5-5-10-0-15-15-30_strat_4err/fold_15_best.pth
2026-08-03 16:20:29,039 | [FULL    ] | INFO | full_experiments_using.model_trainers.mobile_vit_trainer | Ep [083/500] T-Acc:  61.3%  V-Acc:  61.0%  V-AUROC: 0.6605  LR: 2.00e-04
2026-08-03 16:20:29,180 | [FULL    ] | INFO | full_experiments_using.model_trainers.mobile_vit_trainer |   ↳ new best AUROC; saved checkpoint: /home/oem/choihyunsu/VOGBasedMCIDetection/outputs/checkpoints/run_20260803_091237_full_wvote_artifact30_w0-5-5-10-0-15-15-30_strat_4err/fold_15_best.pth
2026-08-03 16:20:57,358 | [FULL    ] | INFO | full_experiments_using.model_trainers.mobile_vit_trainer | Ep [084/500] T-Acc:  60.9%  V-Acc:  60.3%  V-AUROC: 0.6554  LR: 2.00e-04
2026-08-03 16:21:25,288 | [FULL    ] | INFO | full_experiments_using.model_trainers.mobile_vit_trainer | Ep [085/500] T-Acc:  61.2%  V-Acc:  60.3%  V-AUROC: 0.6546  LR: 2.00e-04
2026-08-03 16:21:53,592 | [FULL    ] | INFO | full_experiments_using.model_trainers.mobile_vit_trainer | Ep [086/500] T-Acc:  61.2%  V-Acc:  59.5%  V-AUROC: 0.6508  LR: 2.00e-04
2026-08-03 16:22:21,848 | [FULL    ] | INFO | full_experiments_using.model_trainers.mobile_vit_trainer | Ep [087/500] T-Acc:  61.0%  V-Acc:  60.7%  V-AUROC: 0.6558  LR: 2.00e-04
2026-08-03 16:22:50,197 | [FULL    ] | INFO | full_experiments_using.model_trainers.mobile_vit_trainer | Ep [088/500] T-Acc:  61.0%  V-Acc:  59.9%  V-AUROC: 0.6591  LR: 2.00e-04
2026-08-03 16:23:18,395 | [FULL    ] | INFO | full_experiments_using.model_trainers.mobile_vit_trainer | Ep [089/500] T-Acc:  60.2%  V-Acc:  60.4%  V-AUROC: 0.6539  LR: 2.00e-04
2026-08-03 16:23:46,584 | [FULL    ] | INFO | full_experiments_using.model_trainers.mobile_vit_trainer | Ep [090/500] T-Acc:  60.6%  V-Acc:  60.3%  V-AUROC: 0.6566  LR: 2.00e-04
2026-08-03 16:24:14,873 | [FULL    ] | INFO | full_experiments_using.model_trainers.mobile_vit_trainer | Ep [091/500] T-Acc:  61.1%  V-Acc:  60.9%  V-AUROC: 0.6547  LR: 2.00e-04
2026-08-03 16:24:43,025 | [FULL    ] | INFO | full_experiments_using.model_trainers.mobile_vit_trainer | Ep [092/500] T-Acc:  60.9%  V-Acc:  60.5%  V-AUROC: 0.6535  LR: 2.00e-04
2026-08-03 16:25:11,167 | [FULL    ] | INFO | full_experiments_using.model_trainers.mobile_vit_trainer | Ep [093/500] T-Acc:  61.0%  V-Acc:  60.3%  V-AUROC: 0.6547  LR: 2.00e-04
2026-08-03 16:25:39,536 | [FULL    ] | INFO | full_experiments_using.model_trainers.mobile_vit_trainer | Ep [094/500] T-Acc:  60.2%  V-Acc:  60.9%  V-AUROC: 0.6547  LR: 2.00e-04
2026-08-03 16:26:08,024 | [FULL    ] | INFO | full_experiments_using.model_trainers.mobile_vit_trainer | Ep [095/500] T-Acc:  60.7%  V-Acc:  60.7%  V-AUROC: 0.6574  LR: 4.00e-05
2026-08-03 16:26:36,108 | [FULL    ] | INFO | full_experiments_using.model_trainers.mobile_vit_trainer | Ep [096/500] T-Acc:  61.0%  V-Acc:  60.4%  V-AUROC: 0.6561  LR: 4.00e-05
2026-08-03 16:27:04,467 | [FULL    ] | INFO | full_experiments_using.model_trainers.mobile_vit_trainer | Ep [097/500] T-Acc:  60.7%  V-Acc:  60.9%  V-AUROC: 0.6567  LR: 4.00e-05
2026-08-03 16:27:32,728 | [FULL    ] | INFO | full_experiments_using.model_trainers.mobile_vit_trainer | Ep [098/500] T-Acc:  62.1%  V-Acc:  61.5%  V-AUROC: 0.6576  LR: 4.00e-05
2026-08-03 16:28:00,886 | [FULL    ] | INFO | full_experiments_using.model_trainers.mobile_vit_trainer | Ep [099/500] T-Acc:  61.3%  V-Acc:  60.6%  V-AUROC: 0.6571  LR: 4.00e-05
2026-08-03 16:28:29,401 | [FULL    ] | INFO | full_experiments_using.model_trainers.mobile_vit_trainer | Ep [100/500] T-Acc:  60.1%  V-Acc:  60.6%  V-AUROC: 0.6544  LR: 4.00e-05
2026-08-03 16:28:57,927 | [FULL    ] | INFO | full_experiments_using.model_trainers.mobile_vit_trainer | Ep [101/500] T-Acc:  61.9%  V-Acc:  60.8%  V-AUROC: 0.6560  LR: 4.00e-05
2026-08-03 16:29:26,427 | [FULL    ] | INFO | full_experiments_using.model_trainers.mobile_vit_trainer | Ep [102/500] T-Acc:  61.8%  V-Acc:  60.5%  V-AUROC: 0.6566  LR: 4.00e-05
2026-08-03 16:29:54,683 | [FULL    ] | INFO | full_experiments_using.model_trainers.mobile_vit_trainer | Ep [103/500] T-Acc:  60.8%  V-Acc:  60.8%  V-AUROC: 0.6579  LR: 4.00e-05
2026-08-03 16:30:21,515 | [FULL    ] | INFO | full_experiments_using.model_trainers.mobile_vit_trainer | Ep [104/500] T-Acc:  60.7%  V-Acc:  59.7%  V-AUROC: 0.6542  LR: 4.00e-05
2026-08-03 16:30:47,994 | [FULL    ] | INFO | full_experiments_using.model_trainers.mobile_vit_trainer | Ep [105/500] T-Acc:  61.5%  V-Acc:  59.9%  V-AUROC: 0.6541  LR: 4.00e-05
2026-08-03 16:31:15,626 | [FULL    ] | INFO | full_experiments_using.model_trainers.mobile_vit_trainer | Ep [106/500] T-Acc:  60.9%  V-Acc:  60.3%  V-AUROC: 0.6542  LR: 8.00e-06
2026-08-03 16:31:43,909 | [FULL    ] | INFO | full_experiments_using.model_trainers.mobile_vit_trainer | Ep [107/500] T-Acc:  61.5%  V-Acc:  60.3%  V-AUROC: 0.6531  LR: 8.00e-06
2026-08-03 16:32:12,261 | [FULL    ] | INFO | full_experiments_using.model_trainers.mobile_vit_trainer | Ep [108/500] T-Acc:  61.2%  V-Acc:  60.4%  V-AUROC: 0.6543  LR: 8.00e-06
2026-08-03 16:32:40,473 | [FULL    ] | INFO | full_experiments_using.model_trainers.mobile_vit_trainer | Ep [109/500] T-Acc:  60.8%  V-Acc:  60.5%  V-AUROC: 0.6531  LR: 8.00e-06
2026-08-03 16:33:08,708 | [FULL    ] | INFO | full_experiments_using.model_trainers.mobile_vit_trainer | Ep [110/500] T-Acc:  60.1%  V-Acc:  60.8%  V-AUROC: 0.6552  LR: 8.00e-06
2026-08-03 16:33:36,969 | [FULL    ] | INFO | full_experiments_using.model_trainers.mobile_vit_trainer | Ep [111/500] T-Acc:  61.0%  V-Acc:  60.0%  V-AUROC: 0.6533  LR: 8.00e-06
2026-08-03 16:34:05,198 | [FULL    ] | INFO | full_experiments_using.model_trainers.mobile_vit_trainer | Ep [112/500] T-Acc:  60.6%  V-Acc:  60.1%  V-AUROC: 0.6551  LR: 8.00e-06
2026-08-03 16:34:33,382 | [FULL    ] | INFO | full_experiments_using.model_trainers.mobile_vit_trainer | Ep [113/500] T-Acc:  61.1%  V-Acc:  60.1%  V-AUROC: 0.6540  LR: 8.00e-06
2026-08-03 16:34:33,386 | [FULL    ] | INFO | full_experiments_using.model_trainers.mobile_vit_trainer | Early stop — best AUROC 0.6605 at epoch 83 (no improvement for 30 epochs)
2026-08-03 16:34:33,386 | [FULL    ] | INFO | full_experiments_using.model_trainers.mobile_vit_trainer | Done. Best AUROC: 0.6605 (epoch 83) → /home/oem/choihyunsu/VOGBasedMCIDetection/outputs/checkpoints/run_20260803_091237_full_wvote_artifact30_w0-5-5-10-0-15-15-30_strat_4err/fold_15_best.pth
2026-08-03 16:34:42,694 | [FULL    ] | INFO | full_experiments_using.evaluators.monte_carlo_evaluator | -> Fold 16 Result | Acc=1.000 Sens=1.000 Spec=1.000 AUROC=1.000
2026-08-03 16:34:42,708 | [FULL    ] | INFO | full_experiments_using.evaluators.monte_carlo_evaluator | === Fold 17/30 | train: 25 subj (HC=10 MCI=15) / 3884 win | test: 12 subj (HC=4 MCI=8) / 1831 win ===
2026-08-03 16:34:42,953 | [FULL    ] | INFO | httpx | HTTP Request: HEAD https://huggingface.co/apple/mobilevit-small/resolve/main/config.json "HTTP/1.1 307 Temporary Redirect"
2026-08-03 16:34:42,972 | [FULL    ] | INFO | httpx | HTTP Request: HEAD https://huggingface.co/api/resolve-cache/models/apple/mobilevit-small/6c8612545dc98676d27bc518fa521d9e9af23e34/config.json "HTTP/1.1 200 OK"
2026-08-03 16:34:43,252 | [FULL    ] | INFO | httpx | HTTP Request: HEAD https://huggingface.co/apple/mobilevit-small/resolve/main/model.safetensors "HTTP/1.1 404 Not Found"
2026-08-03 16:34:43,463 | [FULL    ] | INFO | httpx | HTTP Request: HEAD https://huggingface.co/apple/mobilevit-small/resolve/main/model.safetensors.index.json "HTTP/1.1 404 Not Found"
2026-08-03 16:34:43,678 | [FULL    ] | INFO | httpx | HTTP Request: HEAD https://huggingface.co/apple/mobilevit-small/resolve/main/pytorch_model.bin "HTTP/1.1 302 Found"
2026-08-03 16:34:43,883 | [FULL    ] | INFO | httpx | HTTP Request: HEAD https://huggingface.co/apple/mobilevit-small/resolve/main/model.safetensors "HTTP/1.1 404 Not Found"
2026-08-03 16:34:44,093 | [FULL    ] | INFO | httpx | HTTP Request: GET https://huggingface.co/api/models/apple/mobilevit-small "HTTP/1.1 200 OK"
2026-08-03 16:34:44,327 | [FULL    ] | INFO | httpx | HTTP Request: GET https://huggingface.co/api/models/apple/mobilevit-small/commits/main "HTTP/1.1 200 OK"
2026-08-03 16:34:44,557 | [FULL    ] | INFO | httpx | HTTP Request: GET https://huggingface.co/api/models/apple/mobilevit-small/discussions?p=0 "HTTP/1.1 200 OK"
2026-08-03 16:34:44,778 | [FULL    ] | INFO | httpx | HTTP Request: GET https://huggingface.co/api/models/apple/mobilevit-small/commits/refs%2Fpr%2F6 "HTTP/1.1 200 OK"
2026-08-03 16:34:44,994 | [FULL    ] | INFO | httpx | HTTP Request: HEAD https://huggingface.co/apple/mobilevit-small/resolve/refs%2Fpr%2F6/model.safetensors.index.json "HTTP/1.1 404 Not Found"
2026-08-03 16:34:45,212 | [FULL    ] | INFO | httpx | HTTP Request: HEAD https://huggingface.co/apple/mobilevit-small/resolve/refs%2Fpr%2F6/model.safetensors "HTTP/1.1 302 Found"
2026-08-03 16:34:46,114 | [FULL    ] | INFO | full_experiments_using.model_trainers.mobile_vit_trainer | Device: cuda | max_epochs=500 | batch=32 | eval_batch=256 | es_patience=30
2026-08-03 16:34:46,119 | [FULL    ] | INFO | full_experiments_using.model_trainers.mobile_vit_trainer | CE weights — HC: 1.084  MCI: 0.928
2026-08-03 16:35:23,763 | [FULL    ] | INFO | full_experiments_using.model_trainers.mobile_vit_trainer | Ep [001/500] T-Acc:  50.2%  V-Acc:  49.9%  V-AUROC: 0.4808  LR: 2.00e-04
2026-08-03 16:35:23,884 | [FULL    ] | INFO | full_experiments_using.model_trainers.mobile_vit_trainer |   ↳ new best AUROC; saved checkpoint: /home/oem/choihyunsu/VOGBasedMCIDetection/outputs/checkpoints/run_20260803_091237_full_wvote_artifact30_w0-5-5-10-0-15-15-30_strat_4err/fold_16_best.pth
2026-08-03 16:35:52,342 | [FULL    ] | INFO | full_experiments_using.model_trainers.mobile_vit_trainer | Ep [002/500] T-Acc:  50.5%  V-Acc:  48.9%  V-AUROC: 0.4834  LR: 4.00e-04
2026-08-03 16:35:52,533 | [FULL    ] | INFO | full_experiments_using.model_trainers.mobile_vit_trainer |   ↳ new best AUROC; saved checkpoint: /home/oem/choihyunsu/VOGBasedMCIDetection/outputs/checkpoints/run_20260803_091237_full_wvote_artifact30_w0-5-5-10-0-15-15-30_strat_4err/fold_16_best.pth
2026-08-03 16:36:21,047 | [FULL    ] | INFO | full_experiments_using.model_trainers.mobile_vit_trainer | Ep [003/500] T-Acc:  51.3%  V-Acc:  49.9%  V-AUROC: 0.5027  LR: 6.00e-04
2026-08-03 16:36:21,170 | [FULL    ] | INFO | full_experiments_using.model_trainers.mobile_vit_trainer |   ↳ new best AUROC; saved checkpoint: /home/oem/choihyunsu/VOGBasedMCIDetection/outputs/checkpoints/run_20260803_091237_full_wvote_artifact30_w0-5-5-10-0-15-15-30_strat_4err/fold_16_best.pth
2026-08-03 16:36:49,770 | [FULL    ] | INFO | full_experiments_using.model_trainers.mobile_vit_trainer | Ep [004/500] T-Acc:  53.2%  V-Acc:  52.0%  V-AUROC: 0.5335  LR: 8.00e-04
2026-08-03 16:36:49,900 | [FULL    ] | INFO | full_experiments_using.model_trainers.mobile_vit_trainer |   ↳ new best AUROC; saved checkpoint: /home/oem/choihyunsu/VOGBasedMCIDetection/outputs/checkpoints/run_20260803_091237_full_wvote_artifact30_w0-5-5-10-0-15-15-30_strat_4err/fold_16_best.pth
2026-08-03 16:37:18,202 | [FULL    ] | INFO | full_experiments_using.model_trainers.mobile_vit_trainer | Ep [005/500] T-Acc:  52.1%  V-Acc:  52.8%  V-AUROC: 0.5372  LR: 1.00e-03
2026-08-03 16:37:18,389 | [FULL    ] | INFO | full_experiments_using.model_trainers.mobile_vit_trainer |   ↳ new best AUROC; saved checkpoint: /home/oem/choihyunsu/VOGBasedMCIDetection/outputs/checkpoints/run_20260803_091237_full_wvote_artifact30_w0-5-5-10-0-15-15-30_strat_4err/fold_16_best.pth
2026-08-03 16:37:46,916 | [FULL    ] | INFO | full_experiments_using.model_trainers.mobile_vit_trainer | Ep [006/500] T-Acc:  54.2%  V-Acc:  51.3%  V-AUROC: 0.5240  LR: 1.00e-03
2026-08-03 16:38:15,129 | [FULL    ] | INFO | full_experiments_using.model_trainers.mobile_vit_trainer | Ep [007/500] T-Acc:  53.9%  V-Acc:  50.6%  V-AUROC: 0.5241  LR: 1.00e-03
2026-08-03 16:38:43,257 | [FULL    ] | INFO | full_experiments_using.model_trainers.mobile_vit_trainer | Ep [008/500] T-Acc:  54.1%  V-Acc:  49.9%  V-AUROC: 0.5374  LR: 1.00e-03
2026-08-03 16:38:43,446 | [FULL    ] | INFO | full_experiments_using.model_trainers.mobile_vit_trainer |   ↳ new best AUROC; saved checkpoint: /home/oem/choihyunsu/VOGBasedMCIDetection/outputs/checkpoints/run_20260803_091237_full_wvote_artifact30_w0-5-5-10-0-15-15-30_strat_4err/fold_16_best.pth
2026-08-03 16:39:11,747 | [FULL    ] | INFO | full_experiments_using.model_trainers.mobile_vit_trainer | Ep [009/500] T-Acc:  55.9%  V-Acc:  50.6%  V-AUROC: 0.5354  LR: 1.00e-03
2026-08-03 16:39:40,319 | [FULL    ] | INFO | full_experiments_using.model_trainers.mobile_vit_trainer | Ep [010/500] T-Acc:  56.8%  V-Acc:  50.8%  V-AUROC: 0.5380  LR: 1.00e-03
2026-08-03 16:39:40,515 | [FULL    ] | INFO | full_experiments_using.model_trainers.mobile_vit_trainer |   ↳ new best AUROC; saved checkpoint: /home/oem/choihyunsu/VOGBasedMCIDetection/outputs/checkpoints/run_20260803_091237_full_wvote_artifact30_w0-5-5-10-0-15-15-30_strat_4err/fold_16_best.pth
2026-08-03 16:40:09,031 | [FULL    ] | INFO | full_experiments_using.model_trainers.mobile_vit_trainer | Ep [011/500] T-Acc:  56.4%  V-Acc:  51.4%  V-AUROC: 0.5409  LR: 1.00e-03
2026-08-03 16:40:09,155 | [FULL    ] | INFO | full_experiments_using.model_trainers.mobile_vit_trainer |   ↳ new best AUROC; saved checkpoint: /home/oem/choihyunsu/VOGBasedMCIDetection/outputs/checkpoints/run_20260803_091237_full_wvote_artifact30_w0-5-5-10-0-15-15-30_strat_4err/fold_16_best.pth
2026-08-03 16:40:37,704 | [FULL    ] | INFO | full_experiments_using.model_trainers.mobile_vit_trainer | Ep [012/500] T-Acc:  56.2%  V-Acc:  49.9%  V-AUROC: 0.5410  LR: 1.00e-03
2026-08-03 16:40:37,912 | [FULL    ] | INFO | full_experiments_using.model_trainers.mobile_vit_trainer |   ↳ new best AUROC; saved checkpoint: /home/oem/choihyunsu/VOGBasedMCIDetection/outputs/checkpoints/run_20260803_091237_full_wvote_artifact30_w0-5-5-10-0-15-15-30_strat_4err/fold_16_best.pth
2026-08-03 16:41:06,254 | [FULL    ] | INFO | full_experiments_using.model_trainers.mobile_vit_trainer | Ep [013/500] T-Acc:  57.4%  V-Acc:  51.7%  V-AUROC: 0.5411  LR: 1.00e-03
2026-08-03 16:41:06,443 | [FULL    ] | INFO | full_experiments_using.model_trainers.mobile_vit_trainer |   ↳ new best AUROC; saved checkpoint: /home/oem/choihyunsu/VOGBasedMCIDetection/outputs/checkpoints/run_20260803_091237_full_wvote_artifact30_w0-5-5-10-0-15-15-30_strat_4err/fold_16_best.pth
2026-08-03 16:41:34,915 | [FULL    ] | INFO | full_experiments_using.model_trainers.mobile_vit_trainer | Ep [014/500] T-Acc:  58.0%  V-Acc:  49.6%  V-AUROC: 0.5409  LR: 1.00e-03
2026-08-03 16:42:03,448 | [FULL    ] | INFO | full_experiments_using.model_trainers.mobile_vit_trainer | Ep [015/500] T-Acc:  58.1%  V-Acc:  51.9%  V-AUROC: 0.5494  LR: 1.00e-03
2026-08-03 16:42:03,575 | [FULL    ] | INFO | full_experiments_using.model_trainers.mobile_vit_trainer |   ↳ new best AUROC; saved checkpoint: /home/oem/choihyunsu/VOGBasedMCIDetection/outputs/checkpoints/run_20260803_091237_full_wvote_artifact30_w0-5-5-10-0-15-15-30_strat_4err/fold_16_best.pth
2026-08-03 16:42:31,896 | [FULL    ] | INFO | full_experiments_using.model_trainers.mobile_vit_trainer | Ep [016/500] T-Acc:  58.6%  V-Acc:  51.9%  V-AUROC: 0.5495  LR: 1.00e-03
2026-08-03 16:42:32,088 | [FULL    ] | INFO | full_experiments_using.model_trainers.mobile_vit_trainer |   ↳ new best AUROC; saved checkpoint: /home/oem/choihyunsu/VOGBasedMCIDetection/outputs/checkpoints/run_20260803_091237_full_wvote_artifact30_w0-5-5-10-0-15-15-30_strat_4err/fold_16_best.pth
2026-08-03 16:43:00,794 | [FULL    ] | INFO | full_experiments_using.model_trainers.mobile_vit_trainer | Ep [017/500] T-Acc:  57.9%  V-Acc:  51.4%  V-AUROC: 0.5441  LR: 1.00e-03
2026-08-03 16:43:29,164 | [FULL    ] | INFO | full_experiments_using.model_trainers.mobile_vit_trainer | Ep [018/500] T-Acc:  58.6%  V-Acc:  52.0%  V-AUROC: 0.5517  LR: 1.00e-03
2026-08-03 16:43:29,322 | [FULL    ] | INFO | full_experiments_using.model_trainers.mobile_vit_trainer |   ↳ new best AUROC; saved checkpoint: /home/oem/choihyunsu/VOGBasedMCIDetection/outputs/checkpoints/run_20260803_091237_full_wvote_artifact30_w0-5-5-10-0-15-15-30_strat_4err/fold_16_best.pth
2026-08-03 16:43:54,563 | [FULL    ] | INFO | full_experiments_using.model_trainers.mobile_vit_trainer | Ep [019/500] T-Acc:  59.8%  V-Acc:  52.5%  V-AUROC: 0.5601  LR: 1.00e-03
2026-08-03 16:43:54,685 | [FULL    ] | INFO | full_experiments_using.model_trainers.mobile_vit_trainer |   ↳ new best AUROC; saved checkpoint: /home/oem/choihyunsu/VOGBasedMCIDetection/outputs/checkpoints/run_20260803_091237_full_wvote_artifact30_w0-5-5-10-0-15-15-30_strat_4err/fold_16_best.pth
2026-08-03 16:44:19,528 | [FULL    ] | INFO | full_experiments_using.model_trainers.mobile_vit_trainer | Ep [020/500] T-Acc:  60.8%  V-Acc:  51.6%  V-AUROC: 0.5635  LR: 1.00e-03
2026-08-03 16:44:19,651 | [FULL    ] | INFO | full_experiments_using.model_trainers.mobile_vit_trainer |   ↳ new best AUROC; saved checkpoint: /home/oem/choihyunsu/VOGBasedMCIDetection/outputs/checkpoints/run_20260803_091237_full_wvote_artifact30_w0-5-5-10-0-15-15-30_strat_4err/fold_16_best.pth
2026-08-03 16:44:46,916 | [FULL    ] | INFO | full_experiments_using.model_trainers.mobile_vit_trainer | Ep [021/500] T-Acc:  60.7%  V-Acc:  53.0%  V-AUROC: 0.5512  LR: 1.00e-03
2026-08-03 16:45:15,536 | [FULL    ] | INFO | full_experiments_using.model_trainers.mobile_vit_trainer | Ep [022/500] T-Acc:  59.6%  V-Acc:  53.0%  V-AUROC: 0.5538  LR: 1.00e-03
2026-08-03 16:45:44,065 | [FULL    ] | INFO | full_experiments_using.model_trainers.mobile_vit_trainer | Ep [023/500] T-Acc:  59.9%  V-Acc:  53.1%  V-AUROC: 0.5595  LR: 1.00e-03
2026-08-03 16:46:12,359 | [FULL    ] | INFO | full_experiments_using.model_trainers.mobile_vit_trainer | Ep [024/500] T-Acc:  60.9%  V-Acc:  51.6%  V-AUROC: 0.5469  LR: 1.00e-03
2026-08-03 16:46:40,805 | [FULL    ] | INFO | full_experiments_using.model_trainers.mobile_vit_trainer | Ep [025/500] T-Acc:  60.8%  V-Acc:  51.8%  V-AUROC: 0.5531  LR: 1.00e-03
2026-08-03 16:47:09,136 | [FULL    ] | INFO | full_experiments_using.model_trainers.mobile_vit_trainer | Ep [026/500] T-Acc:  60.8%  V-Acc:  51.3%  V-AUROC: 0.5468  LR: 1.00e-03
2026-08-03 16:47:37,649 | [FULL    ] | INFO | full_experiments_using.model_trainers.mobile_vit_trainer | Ep [027/500] T-Acc:  60.5%  V-Acc:  53.1%  V-AUROC: 0.5508  LR: 1.00e-03
2026-08-03 16:48:05,964 | [FULL    ] | INFO | full_experiments_using.model_trainers.mobile_vit_trainer | Ep [028/500] T-Acc:  61.0%  V-Acc:  52.6%  V-AUROC: 0.5607  LR: 1.00e-03
2026-08-03 16:48:34,290 | [FULL    ] | INFO | full_experiments_using.model_trainers.mobile_vit_trainer | Ep [029/500] T-Acc:  61.3%  V-Acc:  53.1%  V-AUROC: 0.5619  LR: 1.00e-03
2026-08-03 16:49:02,678 | [FULL    ] | INFO | full_experiments_using.model_trainers.mobile_vit_trainer | Ep [030/500] T-Acc:  61.6%  V-Acc:  52.2%  V-AUROC: 0.5537  LR: 1.00e-03
2026-08-03 16:49:31,332 | [FULL    ] | INFO | full_experiments_using.model_trainers.mobile_vit_trainer | Ep [031/500] T-Acc:  61.5%  V-Acc:  52.5%  V-AUROC: 0.5484  LR: 1.00e-03
2026-08-03 16:49:59,557 | [FULL    ] | INFO | full_experiments_using.model_trainers.mobile_vit_trainer | Ep [032/500] T-Acc:  61.6%  V-Acc:  52.3%  V-AUROC: 0.5465  LR: 2.00e-04
2026-08-03 16:50:28,026 | [FULL    ] | INFO | full_experiments_using.model_trainers.mobile_vit_trainer | Ep [033/500] T-Acc:  62.5%  V-Acc:  51.7%  V-AUROC: 0.5464  LR: 2.00e-04
2026-08-03 16:50:56,304 | [FULL    ] | INFO | full_experiments_using.model_trainers.mobile_vit_trainer | Ep [034/500] T-Acc:  62.4%  V-Acc:  53.3%  V-AUROC: 0.5494  LR: 2.00e-04
2026-08-03 16:51:24,383 | [FULL    ] | INFO | full_experiments_using.model_trainers.mobile_vit_trainer | Ep [035/500] T-Acc:  61.9%  V-Acc:  51.3%  V-AUROC: 0.5461  LR: 2.00e-04
2026-08-03 16:51:52,768 | [FULL    ] | INFO | full_experiments_using.model_trainers.mobile_vit_trainer | Ep [036/500] T-Acc:  62.4%  V-Acc:  52.2%  V-AUROC: 0.5482  LR: 2.00e-04
2026-08-03 16:52:21,153 | [FULL    ] | INFO | full_experiments_using.model_trainers.mobile_vit_trainer | Ep [037/500] T-Acc:  62.6%  V-Acc:  52.6%  V-AUROC: 0.5476  LR: 2.00e-04
2026-08-03 16:52:49,829 | [FULL    ] | INFO | full_experiments_using.model_trainers.mobile_vit_trainer | Ep [038/500] T-Acc:  62.9%  V-Acc:  51.9%  V-AUROC: 0.5486  LR: 2.00e-04
2026-08-03 16:53:18,550 | [FULL    ] | INFO | full_experiments_using.model_trainers.mobile_vit_trainer | Ep [039/500] T-Acc:  62.4%  V-Acc:  50.9%  V-AUROC: 0.5498  LR: 2.00e-04
2026-08-03 16:53:47,119 | [FULL    ] | INFO | full_experiments_using.model_trainers.mobile_vit_trainer | Ep [040/500] T-Acc:  62.3%  V-Acc:  52.2%  V-AUROC: 0.5504  LR: 2.00e-04
2026-08-03 16:54:13,634 | [FULL    ] | INFO | full_experiments_using.model_trainers.mobile_vit_trainer | Ep [041/500] T-Acc:  62.2%  V-Acc:  51.7%  V-AUROC: 0.5494  LR: 2.00e-04
2026-08-03 16:54:40,563 | [FULL    ] | INFO | full_experiments_using.model_trainers.mobile_vit_trainer | Ep [042/500] T-Acc:  61.7%  V-Acc:  52.0%  V-AUROC: 0.5497  LR: 2.00e-04
2026-08-03 16:55:08,881 | [FULL    ] | INFO | full_experiments_using.model_trainers.mobile_vit_trainer | Ep [043/500] T-Acc:  62.0%  V-Acc:  51.2%  V-AUROC: 0.5491  LR: 4.00e-05
2026-08-03 16:55:37,216 | [FULL    ] | INFO | full_experiments_using.model_trainers.mobile_vit_trainer | Ep [044/500] T-Acc:  62.0%  V-Acc:  52.3%  V-AUROC: 0.5491  LR: 4.00e-05
2026-08-03 16:56:05,570 | [FULL    ] | INFO | full_experiments_using.model_trainers.mobile_vit_trainer | Ep [045/500] T-Acc:  62.6%  V-Acc:  52.1%  V-AUROC: 0.5505  LR: 4.00e-05
2026-08-03 16:56:34,320 | [FULL    ] | INFO | full_experiments_using.model_trainers.mobile_vit_trainer | Ep [046/500] T-Acc:  61.9%  V-Acc:  52.4%  V-AUROC: 0.5483  LR: 4.00e-05
2026-08-03 16:57:02,512 | [FULL    ] | INFO | full_experiments_using.model_trainers.mobile_vit_trainer | Ep [047/500] T-Acc:  62.9%  V-Acc:  52.4%  V-AUROC: 0.5492  LR: 4.00e-05
2026-08-03 16:57:30,723 | [FULL    ] | INFO | full_experiments_using.model_trainers.mobile_vit_trainer | Ep [048/500] T-Acc:  62.2%  V-Acc:  51.9%  V-AUROC: 0.5494  LR: 4.00e-05
2026-08-03 16:57:59,027 | [FULL    ] | INFO | full_experiments_using.model_trainers.mobile_vit_trainer | Ep [049/500] T-Acc:  62.1%  V-Acc:  52.8%  V-AUROC: 0.5497  LR: 4.00e-05
2026-08-03 16:58:27,253 | [FULL    ] | INFO | full_experiments_using.model_trainers.mobile_vit_trainer | Ep [050/500] T-Acc:  62.1%  V-Acc:  53.1%  V-AUROC: 0.5487  LR: 4.00e-05
2026-08-03 16:58:27,256 | [FULL    ] | INFO | full_experiments_using.model_trainers.mobile_vit_trainer | Early stop — best AUROC 0.5635 at epoch 20 (no improvement for 30 epochs)
2026-08-03 16:58:27,256 | [FULL    ] | INFO | full_experiments_using.model_trainers.mobile_vit_trainer | Done. Best AUROC: 0.5635 (epoch 20) → /home/oem/choihyunsu/VOGBasedMCIDetection/outputs/checkpoints/run_20260803_091237_full_wvote_artifact30_w0-5-5-10-0-15-15-30_strat_4err/fold_16_best.pth
2026-08-03 16:58:36,486 | [FULL    ] | INFO | full_experiments_using.evaluators.monte_carlo_evaluator | -> Fold 17 Result | Acc=0.455 Sens=0.375 Spec=0.667 AUROC=0.583
2026-08-03 16:58:36,500 | [FULL    ] | INFO | full_experiments_using.evaluators.monte_carlo_evaluator | === Fold 18/30 | train: 25 subj (HC=10 MCI=15) / 3809 win | test: 12 subj (HC=4 MCI=8) / 1906 win ===
2026-08-03 16:58:36,735 | [FULL    ] | INFO | httpx | HTTP Request: HEAD https://huggingface.co/apple/mobilevit-small/resolve/main/config.json "HTTP/1.1 307 Temporary Redirect"
2026-08-03 16:58:36,752 | [FULL    ] | INFO | httpx | HTTP Request: HEAD https://huggingface.co/api/resolve-cache/models/apple/mobilevit-small/6c8612545dc98676d27bc518fa521d9e9af23e34/config.json "HTTP/1.1 200 OK"
2026-08-03 16:58:37,035 | [FULL    ] | INFO | httpx | HTTP Request: HEAD https://huggingface.co/apple/mobilevit-small/resolve/main/model.safetensors "HTTP/1.1 404 Not Found"
2026-08-03 16:58:37,245 | [FULL    ] | INFO | httpx | HTTP Request: HEAD https://huggingface.co/apple/mobilevit-small/resolve/main/model.safetensors.index.json "HTTP/1.1 404 Not Found"
2026-08-03 16:58:37,456 | [FULL    ] | INFO | httpx | HTTP Request: HEAD https://huggingface.co/apple/mobilevit-small/resolve/main/pytorch_model.bin "HTTP/1.1 302 Found"
2026-08-03 16:58:37,671 | [FULL    ] | INFO | httpx | HTTP Request: HEAD https://huggingface.co/apple/mobilevit-small/resolve/main/model.safetensors "HTTP/1.1 404 Not Found"
2026-08-03 16:58:37,936 | [FULL    ] | INFO | httpx | HTTP Request: GET https://huggingface.co/api/models/apple/mobilevit-small "HTTP/1.1 200 OK"
2026-08-03 16:58:38,160 | [FULL    ] | INFO | httpx | HTTP Request: GET https://huggingface.co/api/models/apple/mobilevit-small/commits/main "HTTP/1.1 200 OK"
2026-08-03 16:58:38,382 | [FULL    ] | INFO | httpx | HTTP Request: GET https://huggingface.co/api/models/apple/mobilevit-small/discussions?p=0 "HTTP/1.1 200 OK"
2026-08-03 16:58:38,603 | [FULL    ] | INFO | httpx | HTTP Request: GET https://huggingface.co/api/models/apple/mobilevit-small/commits/refs%2Fpr%2F6 "HTTP/1.1 200 OK"
2026-08-03 16:58:38,804 | [FULL    ] | INFO | httpx | HTTP Request: HEAD https://huggingface.co/apple/mobilevit-small/resolve/refs%2Fpr%2F6/model.safetensors.index.json "HTTP/1.1 404 Not Found"
2026-08-03 16:58:39,062 | [FULL    ] | INFO | httpx | HTTP Request: HEAD https://huggingface.co/apple/mobilevit-small/resolve/refs%2Fpr%2F6/model.safetensors "HTTP/1.1 302 Found"
2026-08-03 16:58:39,911 | [FULL    ] | INFO | full_experiments_using.model_trainers.mobile_vit_trainer | Device: cuda | max_epochs=500 | batch=32 | eval_batch=256 | es_patience=30
2026-08-03 16:58:39,917 | [FULL    ] | INFO | full_experiments_using.model_trainers.mobile_vit_trainer | CE weights — HC: 1.084  MCI: 0.928
2026-08-03 16:59:21,929 | [FULL    ] | INFO | full_experiments_using.model_trainers.mobile_vit_trainer | Ep [001/500] T-Acc:  52.4%  V-Acc:  55.6%  V-AUROC: 0.5822  LR: 2.00e-04
2026-08-03 16:59:22,007 | [FULL    ] | INFO | full_experiments_using.model_trainers.mobile_vit_trainer |   ↳ new best AUROC; saved checkpoint: /home/oem/choihyunsu/VOGBasedMCIDetection/outputs/checkpoints/run_20260803_091237_full_wvote_artifact30_w0-5-5-10-0-15-15-30_strat_4err/fold_17_best.pth
2026-08-03 16:59:50,005 | [FULL    ] | INFO | full_experiments_using.model_trainers.mobile_vit_trainer | Ep [002/500] T-Acc:  52.6%  V-Acc:  56.3%  V-AUROC: 0.5872  LR: 4.00e-04
2026-08-03 16:59:50,131 | [FULL    ] | INFO | full_experiments_using.model_trainers.mobile_vit_trainer |   ↳ new best AUROC; saved checkpoint: /home/oem/choihyunsu/VOGBasedMCIDetection/outputs/checkpoints/run_20260803_091237_full_wvote_artifact30_w0-5-5-10-0-15-15-30_strat_4err/fold_17_best.pth
2026-08-03 17:00:18,378 | [FULL    ] | INFO | full_experiments_using.model_trainers.mobile_vit_trainer | Ep [003/500] T-Acc:  52.7%  V-Acc:  57.8%  V-AUROC: 0.5970  LR: 6.00e-04
2026-08-03 17:00:18,497 | [FULL    ] | INFO | full_experiments_using.model_trainers.mobile_vit_trainer |   ↳ new best AUROC; saved checkpoint: /home/oem/choihyunsu/VOGBasedMCIDetection/outputs/checkpoints/run_20260803_091237_full_wvote_artifact30_w0-5-5-10-0-15-15-30_strat_4err/fold_17_best.pth
2026-08-03 17:00:46,564 | [FULL    ] | INFO | full_experiments_using.model_trainers.mobile_vit_trainer | Ep [004/500] T-Acc:  53.9%  V-Acc:  58.8%  V-AUROC: 0.5933  LR: 8.00e-04
2026-08-03 17:01:14,759 | [FULL    ] | INFO | full_experiments_using.model_trainers.mobile_vit_trainer | Ep [005/500] T-Acc:  54.0%  V-Acc:  58.6%  V-AUROC: 0.6081  LR: 1.00e-03
2026-08-03 17:01:14,875 | [FULL    ] | INFO | full_experiments_using.model_trainers.mobile_vit_trainer |   ↳ new best AUROC; saved checkpoint: /home/oem/choihyunsu/VOGBasedMCIDetection/outputs/checkpoints/run_20260803_091237_full_wvote_artifact30_w0-5-5-10-0-15-15-30_strat_4err/fold_17_best.pth
2026-08-03 17:01:42,947 | [FULL    ] | INFO | full_experiments_using.model_trainers.mobile_vit_trainer | Ep [006/500] T-Acc:  53.4%  V-Acc:  58.8%  V-AUROC: 0.5997  LR: 1.00e-03
2026-08-03 17:02:11,218 | [FULL    ] | INFO | full_experiments_using.model_trainers.mobile_vit_trainer | Ep [007/500] T-Acc:  53.7%  V-Acc:  58.5%  V-AUROC: 0.5958  LR: 1.00e-03
2026-08-03 17:02:39,245 | [FULL    ] | INFO | full_experiments_using.model_trainers.mobile_vit_trainer | Ep [008/500] T-Acc:  54.8%  V-Acc:  58.7%  V-AUROC: 0.6226  LR: 1.00e-03
2026-08-03 17:02:39,446 | [FULL    ] | INFO | full_experiments_using.model_trainers.mobile_vit_trainer |   ↳ new best AUROC; saved checkpoint: /home/oem/choihyunsu/VOGBasedMCIDetection/outputs/checkpoints/run_20260803_091237_full_wvote_artifact30_w0-5-5-10-0-15-15-30_strat_4err/fold_17_best.pth
2026-08-03 17:03:07,503 | [FULL    ] | INFO | full_experiments_using.model_trainers.mobile_vit_trainer | Ep [009/500] T-Acc:  53.7%  V-Acc:  59.0%  V-AUROC: 0.6168  LR: 1.00e-03
2026-08-03 17:03:35,735 | [FULL    ] | INFO | full_experiments_using.model_trainers.mobile_vit_trainer | Ep [010/500] T-Acc:  54.5%  V-Acc:  57.9%  V-AUROC: 0.6193  LR: 1.00e-03
2026-08-03 17:04:03,662 | [FULL    ] | INFO | full_experiments_using.model_trainers.mobile_vit_trainer | Ep [011/500] T-Acc:  55.1%  V-Acc:  58.4%  V-AUROC: 0.6179  LR: 1.00e-03
2026-08-03 17:04:32,186 | [FULL    ] | INFO | full_experiments_using.model_trainers.mobile_vit_trainer | Ep [012/500] T-Acc:  55.1%  V-Acc:  59.5%  V-AUROC: 0.6222  LR: 1.00e-03
2026-08-03 17:05:00,351 | [FULL    ] | INFO | full_experiments_using.model_trainers.mobile_vit_trainer | Ep [013/500] T-Acc:  56.5%  V-Acc:  60.0%  V-AUROC: 0.6349  LR: 1.00e-03
2026-08-03 17:05:00,494 | [FULL    ] | INFO | full_experiments_using.model_trainers.mobile_vit_trainer |   ↳ new best AUROC; saved checkpoint: /home/oem/choihyunsu/VOGBasedMCIDetection/outputs/checkpoints/run_20260803_091237_full_wvote_artifact30_w0-5-5-10-0-15-15-30_strat_4err/fold_17_best.pth
2026-08-03 17:05:26,991 | [FULL    ] | INFO | full_experiments_using.model_trainers.mobile_vit_trainer | Ep [014/500] T-Acc:  56.6%  V-Acc:  60.9%  V-AUROC: 0.6450  LR: 1.00e-03
2026-08-03 17:05:27,112 | [FULL    ] | INFO | full_experiments_using.model_trainers.mobile_vit_trainer |   ↳ new best AUROC; saved checkpoint: /home/oem/choihyunsu/VOGBasedMCIDetection/outputs/checkpoints/run_20260803_091237_full_wvote_artifact30_w0-5-5-10-0-15-15-30_strat_4err/fold_17_best.pth
2026-08-03 17:05:53,225 | [FULL    ] | INFO | full_experiments_using.model_trainers.mobile_vit_trainer | Ep [015/500] T-Acc:  55.5%  V-Acc:  60.5%  V-AUROC: 0.6368  LR: 1.00e-03
2026-08-03 17:06:21,224 | [FULL    ] | INFO | full_experiments_using.model_trainers.mobile_vit_trainer | Ep [016/500] T-Acc:  56.2%  V-Acc:  59.8%  V-AUROC: 0.6434  LR: 1.00e-03
2026-08-03 17:06:47,882 | [FULL    ] | INFO | full_experiments_using.model_trainers.mobile_vit_trainer | Ep [017/500] T-Acc:  55.8%  V-Acc:  60.2%  V-AUROC: 0.6399  LR: 1.00e-03
2026-08-03 17:07:15,561 | [FULL    ] | INFO | full_experiments_using.model_trainers.mobile_vit_trainer | Ep [018/500] T-Acc:  55.8%  V-Acc:  58.4%  V-AUROC: 0.6263  LR: 1.00e-03
2026-08-03 17:07:41,256 | [FULL    ] | INFO | full_experiments_using.model_trainers.mobile_vit_trainer | Ep [019/500] T-Acc:  57.6%  V-Acc:  60.9%  V-AUROC: 0.6364  LR: 1.00e-03
2026-08-03 17:08:09,383 | [FULL    ] | INFO | full_experiments_using.model_trainers.mobile_vit_trainer | Ep [020/500] T-Acc:  56.0%  V-Acc:  60.9%  V-AUROC: 0.6321  LR: 1.00e-03
2026-08-03 17:08:37,681 | [FULL    ] | INFO | full_experiments_using.model_trainers.mobile_vit_trainer | Ep [021/500] T-Acc:  57.5%  V-Acc:  60.7%  V-AUROC: 0.6419  LR: 1.00e-03
2026-08-03 17:09:05,646 | [FULL    ] | INFO | full_experiments_using.model_trainers.mobile_vit_trainer | Ep [022/500] T-Acc:  56.7%  V-Acc:  61.1%  V-AUROC: 0.6385  LR: 1.00e-03
2026-08-03 17:09:33,744 | [FULL    ] | INFO | full_experiments_using.model_trainers.mobile_vit_trainer | Ep [023/500] T-Acc:  56.5%  V-Acc:  60.9%  V-AUROC: 0.6507  LR: 1.00e-03
2026-08-03 17:09:33,873 | [FULL    ] | INFO | full_experiments_using.model_trainers.mobile_vit_trainer |   ↳ new best AUROC; saved checkpoint: /home/oem/choihyunsu/VOGBasedMCIDetection/outputs/checkpoints/run_20260803_091237_full_wvote_artifact30_w0-5-5-10-0-15-15-30_strat_4err/fold_17_best.pth
2026-08-03 17:10:01,988 | [FULL    ] | INFO | full_experiments_using.model_trainers.mobile_vit_trainer | Ep [024/500] T-Acc:  57.7%  V-Acc:  58.9%  V-AUROC: 0.6422  LR: 1.00e-03
2026-08-03 17:10:30,267 | [FULL    ] | INFO | full_experiments_using.model_trainers.mobile_vit_trainer | Ep [025/500] T-Acc:  57.1%  V-Acc:  59.9%  V-AUROC: 0.6366  LR: 1.00e-03
2026-08-03 17:10:58,481 | [FULL    ] | INFO | full_experiments_using.model_trainers.mobile_vit_trainer | Ep [026/500] T-Acc:  57.1%  V-Acc:  59.4%  V-AUROC: 0.6382  LR: 1.00e-03
2026-08-03 17:11:26,605 | [FULL    ] | INFO | full_experiments_using.model_trainers.mobile_vit_trainer | Ep [027/500] T-Acc:  57.6%  V-Acc:  61.7%  V-AUROC: 0.6378  LR: 1.00e-03
2026-08-03 17:11:54,702 | [FULL    ] | INFO | full_experiments_using.model_trainers.mobile_vit_trainer | Ep [028/500] T-Acc:  58.5%  V-Acc:  61.0%  V-AUROC: 0.6413  LR: 1.00e-03
2026-08-03 17:12:22,939 | [FULL    ] | INFO | full_experiments_using.model_trainers.mobile_vit_trainer | Ep [029/500] T-Acc:  58.5%  V-Acc:  61.3%  V-AUROC: 0.6529  LR: 1.00e-03
2026-08-03 17:12:23,067 | [FULL    ] | INFO | full_experiments_using.model_trainers.mobile_vit_trainer |   ↳ new best AUROC; saved checkpoint: /home/oem/choihyunsu/VOGBasedMCIDetection/outputs/checkpoints/run_20260803_091237_full_wvote_artifact30_w0-5-5-10-0-15-15-30_strat_4err/fold_17_best.pth
2026-08-03 17:12:51,257 | [FULL    ] | INFO | full_experiments_using.model_trainers.mobile_vit_trainer | Ep [030/500] T-Acc:  59.0%  V-Acc:  60.8%  V-AUROC: 0.6424  LR: 1.00e-03
2026-08-03 17:13:19,345 | [FULL    ] | INFO | full_experiments_using.model_trainers.mobile_vit_trainer | Ep [031/500] T-Acc:  59.8%  V-Acc:  62.3%  V-AUROC: 0.6500  LR: 1.00e-03
2026-08-03 17:13:47,402 | [FULL    ] | INFO | full_experiments_using.model_trainers.mobile_vit_trainer | Ep [032/500] T-Acc:  58.6%  V-Acc:  59.2%  V-AUROC: 0.6458  LR: 1.00e-03
2026-08-03 17:14:15,531 | [FULL    ] | INFO | full_experiments_using.model_trainers.mobile_vit_trainer | Ep [033/500] T-Acc:  58.2%  V-Acc:  59.7%  V-AUROC: 0.6625  LR: 1.00e-03
2026-08-03 17:14:15,652 | [FULL    ] | INFO | full_experiments_using.model_trainers.mobile_vit_trainer |   ↳ new best AUROC; saved checkpoint: /home/oem/choihyunsu/VOGBasedMCIDetection/outputs/checkpoints/run_20260803_091237_full_wvote_artifact30_w0-5-5-10-0-15-15-30_strat_4err/fold_17_best.pth
2026-08-03 17:14:43,766 | [FULL    ] | INFO | full_experiments_using.model_trainers.mobile_vit_trainer | Ep [034/500] T-Acc:  58.8%  V-Acc:  60.7%  V-AUROC: 0.6495  LR: 1.00e-03
2026-08-03 17:15:12,001 | [FULL    ] | INFO | full_experiments_using.model_trainers.mobile_vit_trainer | Ep [035/500] T-Acc:  58.1%  V-Acc:  59.2%  V-AUROC: 0.6415  LR: 1.00e-03
2026-08-03 17:15:40,001 | [FULL    ] | INFO | full_experiments_using.model_trainers.mobile_vit_trainer | Ep [036/500] T-Acc:  58.5%  V-Acc:  59.3%  V-AUROC: 0.6404  LR: 1.00e-03
2026-08-03 17:16:07,948 | [FULL    ] | INFO | full_experiments_using.model_trainers.mobile_vit_trainer | Ep [037/500] T-Acc:  59.7%  V-Acc:  62.4%  V-AUROC: 0.6554  LR: 1.00e-03
2026-08-03 17:16:35,958 | [FULL    ] | INFO | full_experiments_using.model_trainers.mobile_vit_trainer | Ep [038/500] T-Acc:  59.9%  V-Acc:  58.9%  V-AUROC: 0.6442  LR: 1.00e-03
2026-08-03 17:17:04,464 | [FULL    ] | INFO | full_experiments_using.model_trainers.mobile_vit_trainer | Ep [039/500] T-Acc:  59.7%  V-Acc:  59.1%  V-AUROC: 0.6433  LR: 1.00e-03
2026-08-03 17:17:32,558 | [FULL    ] | INFO | full_experiments_using.model_trainers.mobile_vit_trainer | Ep [040/500] T-Acc:  58.3%  V-Acc:  61.5%  V-AUROC: 0.6610  LR: 1.00e-03
2026-08-03 17:18:00,778 | [FULL    ] | INFO | full_experiments_using.model_trainers.mobile_vit_trainer | Ep [041/500] T-Acc:  58.4%  V-Acc:  61.9%  V-AUROC: 0.6454  LR: 1.00e-03
2026-08-03 17:18:27,349 | [FULL    ] | INFO | full_experiments_using.model_trainers.mobile_vit_trainer | Ep [042/500] T-Acc:  59.2%  V-Acc:  59.7%  V-AUROC: 0.6428  LR: 1.00e-03
2026-08-03 17:18:53,191 | [FULL    ] | INFO | full_experiments_using.model_trainers.mobile_vit_trainer | Ep [043/500] T-Acc:  59.6%  V-Acc:  58.4%  V-AUROC: 0.6356  LR: 1.00e-03
2026-08-03 17:19:21,511 | [FULL    ] | INFO | full_experiments_using.model_trainers.mobile_vit_trainer | Ep [044/500] T-Acc:  59.8%  V-Acc:  61.6%  V-AUROC: 0.6562  LR: 1.00e-03
2026-08-03 17:19:49,359 | [FULL    ] | INFO | full_experiments_using.model_trainers.mobile_vit_trainer | Ep [045/500] T-Acc:  59.6%  V-Acc:  61.5%  V-AUROC: 0.6564  LR: 2.00e-04
2026-08-03 17:20:17,494 | [FULL    ] | INFO | full_experiments_using.model_trainers.mobile_vit_trainer | Ep [046/500] T-Acc:  60.3%  V-Acc:  61.6%  V-AUROC: 0.6540  LR: 2.00e-04
2026-08-03 17:20:45,718 | [FULL    ] | INFO | full_experiments_using.model_trainers.mobile_vit_trainer | Ep [047/500] T-Acc:  60.0%  V-Acc:  61.2%  V-AUROC: 0.6580  LR: 2.00e-04
2026-08-03 17:21:13,853 | [FULL    ] | INFO | full_experiments_using.model_trainers.mobile_vit_trainer | Ep [048/500] T-Acc:  59.8%  V-Acc:  61.3%  V-AUROC: 0.6542  LR: 2.00e-04
2026-08-03 17:21:42,150 | [FULL    ] | INFO | full_experiments_using.model_trainers.mobile_vit_trainer | Ep [049/500] T-Acc:  60.4%  V-Acc:  62.1%  V-AUROC: 0.6525  LR: 2.00e-04
2026-08-03 17:22:10,426 | [FULL    ] | INFO | full_experiments_using.model_trainers.mobile_vit_trainer | Ep [050/500] T-Acc:  60.0%  V-Acc:  62.0%  V-AUROC: 0.6569  LR: 2.00e-04
2026-08-03 17:22:38,490 | [FULL    ] | INFO | full_experiments_using.model_trainers.mobile_vit_trainer | Ep [051/500] T-Acc:  59.9%  V-Acc:  62.4%  V-AUROC: 0.6568  LR: 2.00e-04
2026-08-03 17:23:06,662 | [FULL    ] | INFO | full_experiments_using.model_trainers.mobile_vit_trainer | Ep [052/500] T-Acc:  60.0%  V-Acc:  62.6%  V-AUROC: 0.6586  LR: 2.00e-04
2026-08-03 17:23:35,088 | [FULL    ] | INFO | full_experiments_using.model_trainers.mobile_vit_trainer | Ep [053/500] T-Acc:  60.7%  V-Acc:  62.6%  V-AUROC: 0.6578  LR: 2.00e-04
2026-08-03 17:24:03,183 | [FULL    ] | INFO | full_experiments_using.model_trainers.mobile_vit_trainer | Ep [054/500] T-Acc:  60.8%  V-Acc:  60.9%  V-AUROC: 0.6568  LR: 2.00e-04
2026-08-03 17:24:31,590 | [FULL    ] | INFO | full_experiments_using.model_trainers.mobile_vit_trainer | Ep [055/500] T-Acc:  60.0%  V-Acc:  62.9%  V-AUROC: 0.6576  LR: 2.00e-04
2026-08-03 17:24:59,763 | [FULL    ] | INFO | full_experiments_using.model_trainers.mobile_vit_trainer | Ep [056/500] T-Acc:  60.8%  V-Acc:  62.0%  V-AUROC: 0.6560  LR: 4.00e-05
2026-08-03 17:25:27,725 | [FULL    ] | INFO | full_experiments_using.model_trainers.mobile_vit_trainer | Ep [057/500] T-Acc:  60.0%  V-Acc:  62.1%  V-AUROC: 0.6583  LR: 4.00e-05
2026-08-03 17:25:55,969 | [FULL    ] | INFO | full_experiments_using.model_trainers.mobile_vit_trainer | Ep [058/500] T-Acc:  61.3%  V-Acc:  63.3%  V-AUROC: 0.6566  LR: 4.00e-05
2026-08-03 17:26:24,360 | [FULL    ] | INFO | full_experiments_using.model_trainers.mobile_vit_trainer | Ep [059/500] T-Acc:  60.7%  V-Acc:  63.2%  V-AUROC: 0.6547  LR: 4.00e-05
2026-08-03 17:26:52,299 | [FULL    ] | INFO | full_experiments_using.model_trainers.mobile_vit_trainer | Ep [060/500] T-Acc:  60.3%  V-Acc:  61.9%  V-AUROC: 0.6544  LR: 4.00e-05
2026-08-03 17:27:20,417 | [FULL    ] | INFO | full_experiments_using.model_trainers.mobile_vit_trainer | Ep [061/500] T-Acc:  60.7%  V-Acc:  62.3%  V-AUROC: 0.6543  LR: 4.00e-05
2026-08-03 17:27:48,371 | [FULL    ] | INFO | full_experiments_using.model_trainers.mobile_vit_trainer | Ep [062/500] T-Acc:  60.2%  V-Acc:  61.8%  V-AUROC: 0.6561  LR: 4.00e-05
2026-08-03 17:28:16,776 | [FULL    ] | INFO | full_experiments_using.model_trainers.mobile_vit_trainer | Ep [063/500] T-Acc:  60.2%  V-Acc:  61.9%  V-AUROC: 0.6545  LR: 4.00e-05
2026-08-03 17:28:16,776 | [FULL    ] | INFO | full_experiments_using.model_trainers.mobile_vit_trainer | Early stop — best AUROC 0.6625 at epoch 33 (no improvement for 30 epochs)
2026-08-03 17:28:16,776 | [FULL    ] | INFO | full_experiments_using.model_trainers.mobile_vit_trainer | Done. Best AUROC: 0.6625 (epoch 33) → /home/oem/choihyunsu/VOGBasedMCIDetection/outputs/checkpoints/run_20260803_091237_full_wvote_artifact30_w0-5-5-10-0-15-15-30_strat_4err/fold_17_best.pth
2026-08-03 17:28:26,596 | [FULL    ] | INFO | full_experiments_using.evaluators.monte_carlo_evaluator | -> Fold 18 Result | Acc=0.818 Sens=0.857 Spec=0.750 AUROC=0.964
2026-08-03 17:28:26,603 | [FULL    ] | INFO | full_experiments_using.evaluators.monte_carlo_evaluator | === Fold 19/30 | train: 25 subj (HC=10 MCI=15) / 3899 win | test: 12 subj (HC=4 MCI=8) / 1816 win ===
2026-08-03 17:28:26,841 | [FULL    ] | INFO | httpx | HTTP Request: HEAD https://huggingface.co/apple/mobilevit-small/resolve/main/config.json "HTTP/1.1 307 Temporary Redirect"
2026-08-03 17:28:26,859 | [FULL    ] | INFO | httpx | HTTP Request: HEAD https://huggingface.co/api/resolve-cache/models/apple/mobilevit-small/6c8612545dc98676d27bc518fa521d9e9af23e34/config.json "HTTP/1.1 200 OK"
2026-08-03 17:28:27,128 | [FULL    ] | INFO | httpx | HTTP Request: HEAD https://huggingface.co/apple/mobilevit-small/resolve/main/model.safetensors "HTTP/1.1 404 Not Found"
2026-08-03 17:28:27,341 | [FULL    ] | INFO | httpx | HTTP Request: HEAD https://huggingface.co/apple/mobilevit-small/resolve/main/model.safetensors.index.json "HTTP/1.1 404 Not Found"
2026-08-03 17:28:27,560 | [FULL    ] | INFO | httpx | HTTP Request: HEAD https://huggingface.co/apple/mobilevit-small/resolve/main/pytorch_model.bin "HTTP/1.1 302 Found"
2026-08-03 17:28:27,764 | [FULL    ] | INFO | httpx | HTTP Request: HEAD https://huggingface.co/apple/mobilevit-small/resolve/main/model.safetensors "HTTP/1.1 404 Not Found"
2026-08-03 17:28:27,984 | [FULL    ] | INFO | httpx | HTTP Request: GET https://huggingface.co/api/models/apple/mobilevit-small "HTTP/1.1 200 OK"
2026-08-03 17:28:28,208 | [FULL    ] | INFO | httpx | HTTP Request: GET https://huggingface.co/api/models/apple/mobilevit-small/commits/main "HTTP/1.1 200 OK"
2026-08-03 17:28:28,425 | [FULL    ] | INFO | httpx | HTTP Request: GET https://huggingface.co/api/models/apple/mobilevit-small/discussions?p=0 "HTTP/1.1 200 OK"
2026-08-03 17:28:28,662 | [FULL    ] | INFO | httpx | HTTP Request: GET https://huggingface.co/api/models/apple/mobilevit-small/commits/refs%2Fpr%2F6 "HTTP/1.1 200 OK"
2026-08-03 17:28:28,881 | [FULL    ] | INFO | httpx | HTTP Request: HEAD https://huggingface.co/apple/mobilevit-small/resolve/refs%2Fpr%2F6/model.safetensors.index.json "HTTP/1.1 404 Not Found"
2026-08-03 17:28:29,103 | [FULL    ] | INFO | httpx | HTTP Request: HEAD https://huggingface.co/apple/mobilevit-small/resolve/refs%2Fpr%2F6/model.safetensors "HTTP/1.1 302 Found"
2026-08-03 17:28:29,911 | [FULL    ] | INFO | full_experiments_using.model_trainers.mobile_vit_trainer | Device: cuda | max_epochs=500 | batch=32 | eval_batch=256 | es_patience=30
2026-08-03 17:28:29,918 | [FULL    ] | INFO | full_experiments_using.model_trainers.mobile_vit_trainer | CE weights — HC: 1.093  MCI: 0.922
2026-08-03 17:29:07,036 | [FULL    ] | INFO | full_experiments_using.model_trainers.mobile_vit_trainer | Ep [001/500] T-Acc:  48.2%  V-Acc:  50.4%  V-AUROC: 0.5040  LR: 2.00e-04
2026-08-03 17:29:07,103 | [FULL    ] | INFO | full_experiments_using.model_trainers.mobile_vit_trainer |   ↳ new best AUROC; saved checkpoint: /home/oem/choihyunsu/VOGBasedMCIDetection/outputs/checkpoints/run_20260803_091237_full_wvote_artifact30_w0-5-5-10-0-15-15-30_strat_4err/fold_18_best.pth
2026-08-03 17:29:35,473 | [FULL    ] | INFO | full_experiments_using.model_trainers.mobile_vit_trainer | Ep [002/500] T-Acc:  50.4%  V-Acc:  51.8%  V-AUROC: 0.5052  LR: 4.00e-04
2026-08-03 17:29:35,663 | [FULL    ] | INFO | full_experiments_using.model_trainers.mobile_vit_trainer |   ↳ new best AUROC; saved checkpoint: /home/oem/choihyunsu/VOGBasedMCIDetection/outputs/checkpoints/run_20260803_091237_full_wvote_artifact30_w0-5-5-10-0-15-15-30_strat_4err/fold_18_best.pth
2026-08-03 17:30:03,893 | [FULL    ] | INFO | full_experiments_using.model_trainers.mobile_vit_trainer | Ep [003/500] T-Acc:  51.3%  V-Acc:  50.9%  V-AUROC: 0.4971  LR: 6.00e-04
2026-08-03 17:30:32,592 | [FULL    ] | INFO | full_experiments_using.model_trainers.mobile_vit_trainer | Ep [004/500] T-Acc:  51.3%  V-Acc:  52.8%  V-AUROC: 0.5235  LR: 8.00e-04
2026-08-03 17:30:32,733 | [FULL    ] | INFO | full_experiments_using.model_trainers.mobile_vit_trainer |   ↳ new best AUROC; saved checkpoint: /home/oem/choihyunsu/VOGBasedMCIDetection/outputs/checkpoints/run_20260803_091237_full_wvote_artifact30_w0-5-5-10-0-15-15-30_strat_4err/fold_18_best.pth
2026-08-03 17:31:01,082 | [FULL    ] | INFO | full_experiments_using.model_trainers.mobile_vit_trainer | Ep [005/500] T-Acc:  52.5%  V-Acc:  51.4%  V-AUROC: 0.5191  LR: 1.00e-03
2026-08-03 17:31:29,678 | [FULL    ] | INFO | full_experiments_using.model_trainers.mobile_vit_trainer | Ep [006/500] T-Acc:  55.1%  V-Acc:  51.6%  V-AUROC: 0.5344  LR: 1.00e-03
2026-08-03 17:31:29,885 | [FULL    ] | INFO | full_experiments_using.model_trainers.mobile_vit_trainer |   ↳ new best AUROC; saved checkpoint: /home/oem/choihyunsu/VOGBasedMCIDetection/outputs/checkpoints/run_20260803_091237_full_wvote_artifact30_w0-5-5-10-0-15-15-30_strat_4err/fold_18_best.pth
2026-08-03 17:31:58,558 | [FULL    ] | INFO | full_experiments_using.model_trainers.mobile_vit_trainer | Ep [007/500] T-Acc:  53.9%  V-Acc:  51.6%  V-AUROC: 0.5427  LR: 1.00e-03
2026-08-03 17:31:58,744 | [FULL    ] | INFO | full_experiments_using.model_trainers.mobile_vit_trainer |   ↳ new best AUROC; saved checkpoint: /home/oem/choihyunsu/VOGBasedMCIDetection/outputs/checkpoints/run_20260803_091237_full_wvote_artifact30_w0-5-5-10-0-15-15-30_strat_4err/fold_18_best.pth
2026-08-03 17:32:27,296 | [FULL    ] | INFO | full_experiments_using.model_trainers.mobile_vit_trainer | Ep [008/500] T-Acc:  56.1%  V-Acc:  52.6%  V-AUROC: 0.5357  LR: 1.00e-03
2026-08-03 17:32:55,954 | [FULL    ] | INFO | full_experiments_using.model_trainers.mobile_vit_trainer | Ep [009/500] T-Acc:  55.6%  V-Acc:  53.4%  V-AUROC: 0.5656  LR: 1.00e-03
2026-08-03 17:32:56,111 | [FULL    ] | INFO | full_experiments_using.model_trainers.mobile_vit_trainer |   ↳ new best AUROC; saved checkpoint: /home/oem/choihyunsu/VOGBasedMCIDetection/outputs/checkpoints/run_20260803_091237_full_wvote_artifact30_w0-5-5-10-0-15-15-30_strat_4err/fold_18_best.pth
2026-08-03 17:33:24,331 | [FULL    ] | INFO | full_experiments_using.model_trainers.mobile_vit_trainer | Ep [010/500] T-Acc:  53.2%  V-Acc:  54.0%  V-AUROC: 0.5825  LR: 1.00e-03
2026-08-03 17:33:24,463 | [FULL    ] | INFO | full_experiments_using.model_trainers.mobile_vit_trainer |   ↳ new best AUROC; saved checkpoint: /home/oem/choihyunsu/VOGBasedMCIDetection/outputs/checkpoints/run_20260803_091237_full_wvote_artifact30_w0-5-5-10-0-15-15-30_strat_4err/fold_18_best.pth
2026-08-03 17:33:52,912 | [FULL    ] | INFO | full_experiments_using.model_trainers.mobile_vit_trainer | Ep [011/500] T-Acc:  55.3%  V-Acc:  53.1%  V-AUROC: 0.5732  LR: 1.00e-03
2026-08-03 17:34:21,274 | [FULL    ] | INFO | full_experiments_using.model_trainers.mobile_vit_trainer | Ep [012/500] T-Acc:  56.0%  V-Acc:  52.8%  V-AUROC: 0.5750  LR: 1.00e-03
2026-08-03 17:34:49,736 | [FULL    ] | INFO | full_experiments_using.model_trainers.mobile_vit_trainer | Ep [013/500] T-Acc:  56.7%  V-Acc:  52.1%  V-AUROC: 0.5640  LR: 1.00e-03
2026-08-03 17:35:18,096 | [FULL    ] | INFO | full_experiments_using.model_trainers.mobile_vit_trainer | Ep [014/500] T-Acc:  56.8%  V-Acc:  50.8%  V-AUROC: 0.5383  LR: 1.00e-03
2026-08-03 17:35:46,404 | [FULL    ] | INFO | full_experiments_using.model_trainers.mobile_vit_trainer | Ep [015/500] T-Acc:  56.2%  V-Acc:  53.5%  V-AUROC: 0.5720  LR: 1.00e-03
2026-08-03 17:36:14,828 | [FULL    ] | INFO | full_experiments_using.model_trainers.mobile_vit_trainer | Ep [016/500] T-Acc:  57.5%  V-Acc:  50.5%  V-AUROC: 0.5423  LR: 1.00e-03
2026-08-03 17:36:41,278 | [FULL    ] | INFO | full_experiments_using.model_trainers.mobile_vit_trainer | Ep [017/500] T-Acc:  57.4%  V-Acc:  51.9%  V-AUROC: 0.5594  LR: 1.00e-03
2026-08-03 17:37:08,458 | [FULL    ] | INFO | full_experiments_using.model_trainers.mobile_vit_trainer | Ep [018/500] T-Acc:  58.5%  V-Acc:  51.5%  V-AUROC: 0.5530  LR: 1.00e-03
2026-08-03 17:37:35,525 | [FULL    ] | INFO | full_experiments_using.model_trainers.mobile_vit_trainer | Ep [019/500] T-Acc:  57.7%  V-Acc:  51.4%  V-AUROC: 0.5576  LR: 1.00e-03
2026-08-03 17:38:03,849 | [FULL    ] | INFO | full_experiments_using.model_trainers.mobile_vit_trainer | Ep [020/500] T-Acc:  58.6%  V-Acc:  51.3%  V-AUROC: 0.5553  LR: 1.00e-03
2026-08-03 17:38:32,549 | [FULL    ] | INFO | full_experiments_using.model_trainers.mobile_vit_trainer | Ep [021/500] T-Acc:  57.8%  V-Acc:  52.6%  V-AUROC: 0.5694  LR: 1.00e-03
2026-08-03 17:39:00,917 | [FULL    ] | INFO | full_experiments_using.model_trainers.mobile_vit_trainer | Ep [022/500] T-Acc:  58.8%  V-Acc:  51.8%  V-AUROC: 0.5622  LR: 2.00e-04
2026-08-03 17:39:29,417 | [FULL    ] | INFO | full_experiments_using.model_trainers.mobile_vit_trainer | Ep [023/500] T-Acc:  59.5%  V-Acc:  52.6%  V-AUROC: 0.5633  LR: 2.00e-04
2026-08-03 17:39:57,689 | [FULL    ] | INFO | full_experiments_using.model_trainers.mobile_vit_trainer | Ep [024/500] T-Acc:  58.7%  V-Acc:  51.7%  V-AUROC: 0.5650  LR: 2.00e-04
2026-08-03 17:40:25,861 | [FULL    ] | INFO | full_experiments_using.model_trainers.mobile_vit_trainer | Ep [025/500] T-Acc:  59.2%  V-Acc:  52.6%  V-AUROC: 0.5658  LR: 2.00e-04
2026-08-03 17:40:54,231 | [FULL    ] | INFO | full_experiments_using.model_trainers.mobile_vit_trainer | Ep [026/500] T-Acc:  59.6%  V-Acc:  52.5%  V-AUROC: 0.5648  LR: 2.00e-04
2026-08-03 17:41:22,552 | [FULL    ] | INFO | full_experiments_using.model_trainers.mobile_vit_trainer | Ep [027/500] T-Acc:  60.1%  V-Acc:  53.0%  V-AUROC: 0.5656  LR: 2.00e-04
2026-08-03 17:41:51,034 | [FULL    ] | INFO | full_experiments_using.model_trainers.mobile_vit_trainer | Ep [028/500] T-Acc:  61.1%  V-Acc:  53.0%  V-AUROC: 0.5632  LR: 2.00e-04
2026-08-03 17:42:19,473 | [FULL    ] | INFO | full_experiments_using.model_trainers.mobile_vit_trainer | Ep [029/500] T-Acc:  60.1%  V-Acc:  53.2%  V-AUROC: 0.5652  LR: 2.00e-04
2026-08-03 17:42:47,970 | [FULL    ] | INFO | full_experiments_using.model_trainers.mobile_vit_trainer | Ep [030/500] T-Acc:  58.3%  V-Acc:  53.1%  V-AUROC: 0.5656  LR: 2.00e-04
2026-08-03 17:43:16,495 | [FULL    ] | INFO | full_experiments_using.model_trainers.mobile_vit_trainer | Ep [031/500] T-Acc:  59.0%  V-Acc:  52.6%  V-AUROC: 0.5645  LR: 2.00e-04
2026-08-03 17:43:44,712 | [FULL    ] | INFO | full_experiments_using.model_trainers.mobile_vit_trainer | Ep [032/500] T-Acc:  59.2%  V-Acc:  52.4%  V-AUROC: 0.5636  LR: 2.00e-04
2026-08-03 17:44:12,788 | [FULL    ] | INFO | full_experiments_using.model_trainers.mobile_vit_trainer | Ep [033/500] T-Acc:  59.8%  V-Acc:  52.5%  V-AUROC: 0.5633  LR: 4.00e-05
2026-08-03 17:44:41,366 | [FULL    ] | INFO | full_experiments_using.model_trainers.mobile_vit_trainer | Ep [034/500] T-Acc:  59.6%  V-Acc:  53.1%  V-AUROC: 0.5634  LR: 4.00e-05
2026-08-03 17:45:09,828 | [FULL    ] | INFO | full_experiments_using.model_trainers.mobile_vit_trainer | Ep [035/500] T-Acc:  60.9%  V-Acc:  52.6%  V-AUROC: 0.5634  LR: 4.00e-05
2026-08-03 17:45:38,262 | [FULL    ] | INFO | full_experiments_using.model_trainers.mobile_vit_trainer | Ep [036/500] T-Acc:  60.1%  V-Acc:  52.8%  V-AUROC: 0.5634  LR: 4.00e-05
2026-08-03 17:46:06,815 | [FULL    ] | INFO | full_experiments_using.model_trainers.mobile_vit_trainer | Ep [037/500] T-Acc:  59.2%  V-Acc:  52.8%  V-AUROC: 0.5647  LR: 4.00e-05
2026-08-03 17:46:35,176 | [FULL    ] | INFO | full_experiments_using.model_trainers.mobile_vit_trainer | Ep [038/500] T-Acc:  60.0%  V-Acc:  52.5%  V-AUROC: 0.5656  LR: 4.00e-05
2026-08-03 17:47:03,659 | [FULL    ] | INFO | full_experiments_using.model_trainers.mobile_vit_trainer | Ep [039/500] T-Acc:  60.8%  V-Acc:  52.4%  V-AUROC: 0.5634  LR: 4.00e-05
2026-08-03 17:47:31,892 | [FULL    ] | INFO | full_experiments_using.model_trainers.mobile_vit_trainer | Ep [040/500] T-Acc:  59.4%  V-Acc:  52.6%  V-AUROC: 0.5652  LR: 4.00e-05
2026-08-03 17:47:31,927 | [FULL    ] | INFO | full_experiments_using.model_trainers.mobile_vit_trainer | Early stop — best AUROC 0.5825 at epoch 10 (no improvement for 30 epochs)
2026-08-03 17:47:31,927 | [FULL    ] | INFO | full_experiments_using.model_trainers.mobile_vit_trainer | Done. Best AUROC: 0.5825 (epoch 10) → /home/oem/choihyunsu/VOGBasedMCIDetection/outputs/checkpoints/run_20260803_091237_full_wvote_artifact30_w0-5-5-10-0-15-15-30_strat_4err/fold_18_best.pth
2026-08-03 17:47:41,210 | [FULL    ] | INFO | full_experiments_using.evaluators.monte_carlo_evaluator | -> Fold 19 Result | Acc=0.600 Sens=0.571 Spec=0.667 AUROC=0.667
2026-08-03 17:47:41,217 | [FULL    ] | INFO | full_experiments_using.evaluators.monte_carlo_evaluator | === Fold 20/30 | train: 25 subj (HC=10 MCI=15) / 3868 win | test: 12 subj (HC=4 MCI=8) / 1847 win ===
2026-08-03 17:47:41,503 | [FULL    ] | INFO | httpx | HTTP Request: HEAD https://huggingface.co/apple/mobilevit-small/resolve/main/config.json "HTTP/1.1 307 Temporary Redirect"
2026-08-03 17:47:41,530 | [FULL    ] | INFO | httpx | HTTP Request: HEAD https://huggingface.co/api/resolve-cache/models/apple/mobilevit-small/6c8612545dc98676d27bc518fa521d9e9af23e34/config.json "HTTP/1.1 200 OK"
2026-08-03 17:47:41,825 | [FULL    ] | INFO | httpx | HTTP Request: HEAD https://huggingface.co/apple/mobilevit-small/resolve/main/model.safetensors "HTTP/1.1 404 Not Found"
2026-08-03 17:47:42,045 | [FULL    ] | INFO | httpx | HTTP Request: HEAD https://huggingface.co/apple/mobilevit-small/resolve/main/model.safetensors.index.json "HTTP/1.1 404 Not Found"
2026-08-03 17:47:42,265 | [FULL    ] | INFO | httpx | HTTP Request: HEAD https://huggingface.co/apple/mobilevit-small/resolve/main/pytorch_model.bin "HTTP/1.1 302 Found"
2026-08-03 17:47:42,485 | [FULL    ] | INFO | httpx | HTTP Request: HEAD https://huggingface.co/apple/mobilevit-small/resolve/main/model.safetensors "HTTP/1.1 404 Not Found"
2026-08-03 17:47:42,698 | [FULL    ] | INFO | httpx | HTTP Request: GET https://huggingface.co/api/models/apple/mobilevit-small "HTTP/1.1 200 OK"
2026-08-03 17:47:42,921 | [FULL    ] | INFO | httpx | HTTP Request: GET https://huggingface.co/api/models/apple/mobilevit-small/commits/main "HTTP/1.1 200 OK"
2026-08-03 17:47:43,141 | [FULL    ] | INFO | httpx | HTTP Request: GET https://huggingface.co/api/models/apple/mobilevit-small/discussions?p=0 "HTTP/1.1 200 OK"
2026-08-03 17:47:43,386 | [FULL    ] | INFO | httpx | HTTP Request: GET https://huggingface.co/api/models/apple/mobilevit-small/commits/refs%2Fpr%2F6 "HTTP/1.1 200 OK"
2026-08-03 17:47:43,594 | [FULL    ] | INFO | httpx | HTTP Request: HEAD https://huggingface.co/apple/mobilevit-small/resolve/refs%2Fpr%2F6/model.safetensors.index.json "HTTP/1.1 404 Not Found"
2026-08-03 17:47:43,803 | [FULL    ] | INFO | httpx | HTTP Request: HEAD https://huggingface.co/apple/mobilevit-small/resolve/refs%2Fpr%2F6/model.safetensors "HTTP/1.1 302 Found"
2026-08-03 17:47:44,385 | [FULL    ] | INFO | full_experiments_using.model_trainers.mobile_vit_trainer | Device: cuda | max_epochs=500 | batch=32 | eval_batch=256 | es_patience=30
2026-08-03 17:47:44,390 | [FULL    ] | INFO | full_experiments_using.model_trainers.mobile_vit_trainer | CE weights — HC: 1.090  MCI: 0.924
2026-08-03 17:48:21,636 | [FULL    ] | INFO | full_experiments_using.model_trainers.mobile_vit_trainer | Ep [001/500] T-Acc:  51.0%  V-Acc:  54.1%  V-AUROC: 0.5543  LR: 2.00e-04
2026-08-03 17:48:21,697 | [FULL    ] | INFO | full_experiments_using.model_trainers.mobile_vit_trainer |   ↳ new best AUROC; saved checkpoint: /home/oem/choihyunsu/VOGBasedMCIDetection/outputs/checkpoints/run_20260803_091237_full_wvote_artifact30_w0-5-5-10-0-15-15-30_strat_4err/fold_19_best.pth
2026-08-03 17:48:49,908 | [FULL    ] | INFO | full_experiments_using.model_trainers.mobile_vit_trainer | Ep [002/500] T-Acc:  51.7%  V-Acc:  54.0%  V-AUROC: 0.5560  LR: 4.00e-04
2026-08-03 17:48:50,058 | [FULL    ] | INFO | full_experiments_using.model_trainers.mobile_vit_trainer |   ↳ new best AUROC; saved checkpoint: /home/oem/choihyunsu/VOGBasedMCIDetection/outputs/checkpoints/run_20260803_091237_full_wvote_artifact30_w0-5-5-10-0-15-15-30_strat_4err/fold_19_best.pth
2026-08-03 17:49:16,490 | [FULL    ] | INFO | full_experiments_using.model_trainers.mobile_vit_trainer | Ep [003/500] T-Acc:  51.6%  V-Acc:  53.1%  V-AUROC: 0.5577  LR: 6.00e-04
2026-08-03 17:49:16,607 | [FULL    ] | INFO | full_experiments_using.model_trainers.mobile_vit_trainer |   ↳ new best AUROC; saved checkpoint: /home/oem/choihyunsu/VOGBasedMCIDetection/outputs/checkpoints/run_20260803_091237_full_wvote_artifact30_w0-5-5-10-0-15-15-30_strat_4err/fold_19_best.pth
2026-08-03 17:49:42,120 | [FULL    ] | INFO | full_experiments_using.model_trainers.mobile_vit_trainer | Ep [004/500] T-Acc:  52.0%  V-Acc:  55.3%  V-AUROC: 0.5718  LR: 8.00e-04
2026-08-03 17:49:42,284 | [FULL    ] | INFO | full_experiments_using.model_trainers.mobile_vit_trainer |   ↳ new best AUROC; saved checkpoint: /home/oem/choihyunsu/VOGBasedMCIDetection/outputs/checkpoints/run_20260803_091237_full_wvote_artifact30_w0-5-5-10-0-15-15-30_strat_4err/fold_19_best.pth
2026-08-03 17:50:10,408 | [FULL    ] | INFO | full_experiments_using.model_trainers.mobile_vit_trainer | Ep [005/500] T-Acc:  52.0%  V-Acc:  53.5%  V-AUROC: 0.5687  LR: 1.00e-03
2026-08-03 17:50:38,721 | [FULL    ] | INFO | full_experiments_using.model_trainers.mobile_vit_trainer | Ep [006/500] T-Acc:  53.0%  V-Acc:  55.4%  V-AUROC: 0.5787  LR: 1.00e-03
2026-08-03 17:50:38,919 | [FULL    ] | INFO | full_experiments_using.model_trainers.mobile_vit_trainer |   ↳ new best AUROC; saved checkpoint: /home/oem/choihyunsu/VOGBasedMCIDetection/outputs/checkpoints/run_20260803_091237_full_wvote_artifact30_w0-5-5-10-0-15-15-30_strat_4err/fold_19_best.pth
2026-08-03 17:51:07,009 | [FULL    ] | INFO | full_experiments_using.model_trainers.mobile_vit_trainer | Ep [007/500] T-Acc:  54.7%  V-Acc:  55.7%  V-AUROC: 0.5750  LR: 1.00e-03
2026-08-03 17:51:35,316 | [FULL    ] | INFO | full_experiments_using.model_trainers.mobile_vit_trainer | Ep [008/500] T-Acc:  55.7%  V-Acc:  56.1%  V-AUROC: 0.5842  LR: 1.00e-03
2026-08-03 17:51:35,457 | [FULL    ] | INFO | full_experiments_using.model_trainers.mobile_vit_trainer |   ↳ new best AUROC; saved checkpoint: /home/oem/choihyunsu/VOGBasedMCIDetection/outputs/checkpoints/run_20260803_091237_full_wvote_artifact30_w0-5-5-10-0-15-15-30_strat_4err/fold_19_best.pth
2026-08-03 17:52:03,593 | [FULL    ] | INFO | full_experiments_using.model_trainers.mobile_vit_trainer | Ep [009/500] T-Acc:  55.4%  V-Acc:  56.0%  V-AUROC: 0.5811  LR: 1.00e-03
2026-08-03 17:52:30,079 | [FULL    ] | INFO | full_experiments_using.model_trainers.mobile_vit_trainer | Ep [010/500] T-Acc:  54.1%  V-Acc:  54.7%  V-AUROC: 0.5829  LR: 1.00e-03
2026-08-03 17:52:57,261 | [FULL    ] | INFO | full_experiments_using.model_trainers.mobile_vit_trainer | Ep [011/500] T-Acc:  56.1%  V-Acc:  56.7%  V-AUROC: 0.5894  LR: 1.00e-03
2026-08-03 17:52:57,427 | [FULL    ] | INFO | full_experiments_using.model_trainers.mobile_vit_trainer |   ↳ new best AUROC; saved checkpoint: /home/oem/choihyunsu/VOGBasedMCIDetection/outputs/checkpoints/run_20260803_091237_full_wvote_artifact30_w0-5-5-10-0-15-15-30_strat_4err/fold_19_best.pth
2026-08-03 17:53:24,540 | [FULL    ] | INFO | full_experiments_using.model_trainers.mobile_vit_trainer | Ep [012/500] T-Acc:  56.3%  V-Acc:  57.9%  V-AUROC: 0.6051  LR: 1.00e-03
2026-08-03 17:53:24,701 | [FULL    ] | INFO | full_experiments_using.model_trainers.mobile_vit_trainer |   ↳ new best AUROC; saved checkpoint: /home/oem/choihyunsu/VOGBasedMCIDetection/outputs/checkpoints/run_20260803_091237_full_wvote_artifact30_w0-5-5-10-0-15-15-30_strat_4err/fold_19_best.pth
2026-08-03 17:53:52,736 | [FULL    ] | INFO | full_experiments_using.model_trainers.mobile_vit_trainer | Ep [013/500] T-Acc:  57.2%  V-Acc:  56.8%  V-AUROC: 0.6094  LR: 1.00e-03
2026-08-03 17:53:52,918 | [FULL    ] | INFO | full_experiments_using.model_trainers.mobile_vit_trainer |   ↳ new best AUROC; saved checkpoint: /home/oem/choihyunsu/VOGBasedMCIDetection/outputs/checkpoints/run_20260803_091237_full_wvote_artifact30_w0-5-5-10-0-15-15-30_strat_4err/fold_19_best.pth
2026-08-03 17:54:19,268 | [FULL    ] | INFO | full_experiments_using.model_trainers.mobile_vit_trainer | Ep [014/500] T-Acc:  55.7%  V-Acc:  58.0%  V-AUROC: 0.6035  LR: 1.00e-03
2026-08-03 17:54:46,840 | [FULL    ] | INFO | full_experiments_using.model_trainers.mobile_vit_trainer | Ep [015/500] T-Acc:  57.1%  V-Acc:  56.9%  V-AUROC: 0.6042  LR: 1.00e-03
2026-08-03 17:55:13,886 | [FULL    ] | INFO | full_experiments_using.model_trainers.mobile_vit_trainer | Ep [016/500] T-Acc:  59.6%  V-Acc:  57.1%  V-AUROC: 0.5983  LR: 1.00e-03
2026-08-03 17:55:42,080 | [FULL    ] | INFO | full_experiments_using.model_trainers.mobile_vit_trainer | Ep [017/500] T-Acc:  58.4%  V-Acc:  55.5%  V-AUROC: 0.5948  LR: 1.00e-03
2026-08-03 17:56:10,396 | [FULL    ] | INFO | full_experiments_using.model_trainers.mobile_vit_trainer | Ep [018/500] T-Acc:  57.6%  V-Acc:  56.7%  V-AUROC: 0.5981  LR: 1.00e-03
2026-08-03 17:56:38,736 | [FULL    ] | INFO | full_experiments_using.model_trainers.mobile_vit_trainer | Ep [019/500] T-Acc:  58.2%  V-Acc:  57.3%  V-AUROC: 0.6041  LR: 1.00e-03
2026-08-03 17:57:07,174 | [FULL    ] | INFO | full_experiments_using.model_trainers.mobile_vit_trainer | Ep [020/500] T-Acc:  59.4%  V-Acc:  57.0%  V-AUROC: 0.6021  LR: 1.00e-03
2026-08-03 17:57:35,440 | [FULL    ] | INFO | full_experiments_using.model_trainers.mobile_vit_trainer | Ep [021/500] T-Acc:  58.7%  V-Acc:  55.7%  V-AUROC: 0.6031  LR: 1.00e-03
2026-08-03 17:58:03,677 | [FULL    ] | INFO | full_experiments_using.model_trainers.mobile_vit_trainer | Ep [022/500] T-Acc:  58.5%  V-Acc:  55.5%  V-AUROC: 0.5953  LR: 1.00e-03
2026-08-03 17:58:31,634 | [FULL    ] | INFO | full_experiments_using.model_trainers.mobile_vit_trainer | Ep [023/500] T-Acc:  60.2%  V-Acc:  55.9%  V-AUROC: 0.5959  LR: 1.00e-03
2026-08-03 17:58:59,705 | [FULL    ] | INFO | full_experiments_using.model_trainers.mobile_vit_trainer | Ep [024/500] T-Acc:  60.2%  V-Acc:  55.4%  V-AUROC: 0.5991  LR: 1.00e-03
2026-08-03 17:59:27,944 | [FULL    ] | INFO | full_experiments_using.model_trainers.mobile_vit_trainer | Ep [025/500] T-Acc:  59.4%  V-Acc:  55.7%  V-AUROC: 0.6030  LR: 2.00e-04
2026-08-03 17:59:55,864 | [FULL    ] | INFO | full_experiments_using.model_trainers.mobile_vit_trainer | Ep [026/500] T-Acc:  59.3%  V-Acc:  55.0%  V-AUROC: 0.6029  LR: 2.00e-04
2026-08-03 18:00:24,237 | [FULL    ] | INFO | full_experiments_using.model_trainers.mobile_vit_trainer | Ep [027/500] T-Acc:  60.5%  V-Acc:  55.0%  V-AUROC: 0.6041  LR: 2.00e-04
2026-08-03 18:00:52,379 | [FULL    ] | INFO | full_experiments_using.model_trainers.mobile_vit_trainer | Ep [028/500] T-Acc:  59.7%  V-Acc:  55.5%  V-AUROC: 0.6031  LR: 2.00e-04
2026-08-03 18:01:20,563 | [FULL    ] | INFO | full_experiments_using.model_trainers.mobile_vit_trainer | Ep [029/500] T-Acc:  60.5%  V-Acc:  54.6%  V-AUROC: 0.5998  LR: 2.00e-04
2026-08-03 18:01:48,570 | [FULL    ] | INFO | full_experiments_using.model_trainers.mobile_vit_trainer | Ep [030/500] T-Acc:  59.5%  V-Acc:  56.3%  V-AUROC: 0.6017  LR: 2.00e-04
2026-08-03 18:02:16,668 | [FULL    ] | INFO | full_experiments_using.model_trainers.mobile_vit_trainer | Ep [031/500] T-Acc:  59.1%  V-Acc:  55.8%  V-AUROC: 0.6009  LR: 2.00e-04
2026-08-03 18:02:44,995 | [FULL    ] | INFO | full_experiments_using.model_trainers.mobile_vit_trainer | Ep [032/500] T-Acc:  59.9%  V-Acc:  55.4%  V-AUROC: 0.6024  LR: 2.00e-04
2026-08-03 18:03:13,401 | [FULL    ] | INFO | full_experiments_using.model_trainers.mobile_vit_trainer | Ep [033/500] T-Acc:  60.6%  V-Acc:  54.7%  V-AUROC: 0.6011  LR: 2.00e-04
2026-08-03 18:03:41,893 | [FULL    ] | INFO | full_experiments_using.model_trainers.mobile_vit_trainer | Ep [034/500] T-Acc:  61.4%  V-Acc:  54.5%  V-AUROC: 0.6006  LR: 2.00e-04
2026-08-03 18:04:10,130 | [FULL    ] | INFO | full_experiments_using.model_trainers.mobile_vit_trainer | Ep [035/500] T-Acc:  59.2%  V-Acc:  55.0%  V-AUROC: 0.5982  LR: 2.00e-04
2026-08-03 18:04:38,436 | [FULL    ] | INFO | full_experiments_using.model_trainers.mobile_vit_trainer | Ep [036/500] T-Acc:  60.4%  V-Acc:  55.0%  V-AUROC: 0.5997  LR: 4.00e-05
2026-08-03 18:05:06,543 | [FULL    ] | INFO | full_experiments_using.model_trainers.mobile_vit_trainer | Ep [037/500] T-Acc:  61.5%  V-Acc:  55.4%  V-AUROC: 0.5983  LR: 4.00e-05
2026-08-03 18:05:35,012 | [FULL    ] | INFO | full_experiments_using.model_trainers.mobile_vit_trainer | Ep [038/500] T-Acc:  60.5%  V-Acc:  55.2%  V-AUROC: 0.5995  LR: 4.00e-05
2026-08-03 18:06:03,228 | [FULL    ] | INFO | full_experiments_using.model_trainers.mobile_vit_trainer | Ep [039/500] T-Acc:  60.1%  V-Acc:  55.1%  V-AUROC: 0.5978  LR: 4.00e-05
2026-08-03 18:06:31,382 | [FULL    ] | INFO | full_experiments_using.model_trainers.mobile_vit_trainer | Ep [040/500] T-Acc:  59.7%  V-Acc:  55.8%  V-AUROC: 0.5991  LR: 4.00e-05
2026-08-03 18:06:59,765 | [FULL    ] | INFO | full_experiments_using.model_trainers.mobile_vit_trainer | Ep [041/500] T-Acc:  61.0%  V-Acc:  54.9%  V-AUROC: 0.5980  LR: 4.00e-05
2026-08-03 18:07:27,889 | [FULL    ] | INFO | full_experiments_using.model_trainers.mobile_vit_trainer | Ep [042/500] T-Acc:  60.9%  V-Acc:  54.6%  V-AUROC: 0.5994  LR: 4.00e-05
2026-08-03 18:07:56,244 | [FULL    ] | INFO | full_experiments_using.model_trainers.mobile_vit_trainer | Ep [043/500] T-Acc:  60.5%  V-Acc:  55.1%  V-AUROC: 0.5983  LR: 4.00e-05
2026-08-03 18:07:56,245 | [FULL    ] | INFO | full_experiments_using.model_trainers.mobile_vit_trainer | Early stop — best AUROC 0.6094 at epoch 13 (no improvement for 30 epochs)
2026-08-03 18:07:56,245 | [FULL    ] | INFO | full_experiments_using.model_trainers.mobile_vit_trainer | Done. Best AUROC: 0.6094 (epoch 13) → /home/oem/choihyunsu/VOGBasedMCIDetection/outputs/checkpoints/run_20260803_091237_full_wvote_artifact30_w0-5-5-10-0-15-15-30_strat_4err/fold_19_best.pth
2026-08-03 18:08:05,570 | [FULL    ] | INFO | full_experiments_using.evaluators.monte_carlo_evaluator | -> Fold 20 Result | Acc=0.727 Sens=0.750 Spec=0.667 AUROC=0.833
2026-08-03 18:08:05,577 | [FULL    ] | INFO | full_experiments_using.evaluators.monte_carlo_evaluator | === Fold 21/30 | train: 25 subj (HC=10 MCI=15) / 3950 win | test: 12 subj (HC=4 MCI=8) / 1765 win ===
2026-08-03 18:08:05,805 | [FULL    ] | INFO | httpx | HTTP Request: HEAD https://huggingface.co/apple/mobilevit-small/resolve/main/config.json "HTTP/1.1 307 Temporary Redirect"
2026-08-03 18:08:05,819 | [FULL    ] | INFO | httpx | HTTP Request: HEAD https://huggingface.co/api/resolve-cache/models/apple/mobilevit-small/6c8612545dc98676d27bc518fa521d9e9af23e34/config.json "HTTP/1.1 200 OK"
2026-08-03 18:08:06,113 | [FULL    ] | INFO | httpx | HTTP Request: HEAD https://huggingface.co/apple/mobilevit-small/resolve/main/model.safetensors "HTTP/1.1 404 Not Found"
2026-08-03 18:08:06,323 | [FULL    ] | INFO | httpx | HTTP Request: HEAD https://huggingface.co/apple/mobilevit-small/resolve/main/model.safetensors.index.json "HTTP/1.1 404 Not Found"
2026-08-03 18:08:06,540 | [FULL    ] | INFO | httpx | HTTP Request: HEAD https://huggingface.co/apple/mobilevit-small/resolve/main/pytorch_model.bin "HTTP/1.1 302 Found"
2026-08-03 18:08:06,746 | [FULL    ] | INFO | httpx | HTTP Request: HEAD https://huggingface.co/apple/mobilevit-small/resolve/main/model.safetensors "HTTP/1.1 404 Not Found"
2026-08-03 18:08:06,949 | [FULL    ] | INFO | httpx | HTTP Request: GET https://huggingface.co/api/models/apple/mobilevit-small "HTTP/1.1 200 OK"
2026-08-03 18:08:07,171 | [FULL    ] | INFO | httpx | HTTP Request: GET https://huggingface.co/api/models/apple/mobilevit-small/commits/main "HTTP/1.1 200 OK"
2026-08-03 18:08:07,398 | [FULL    ] | INFO | httpx | HTTP Request: GET https://huggingface.co/api/models/apple/mobilevit-small/discussions?p=0 "HTTP/1.1 200 OK"
2026-08-03 18:08:07,622 | [FULL    ] | INFO | httpx | HTTP Request: GET https://huggingface.co/api/models/apple/mobilevit-small/commits/refs%2Fpr%2F6 "HTTP/1.1 200 OK"
2026-08-03 18:08:07,848 | [FULL    ] | INFO | httpx | HTTP Request: HEAD https://huggingface.co/apple/mobilevit-small/resolve/refs%2Fpr%2F6/model.safetensors.index.json "HTTP/1.1 404 Not Found"
2026-08-03 18:08:08,070 | [FULL    ] | INFO | httpx | HTTP Request: HEAD https://huggingface.co/apple/mobilevit-small/resolve/refs%2Fpr%2F6/model.safetensors "HTTP/1.1 302 Found"
2026-08-03 18:08:08,978 | [FULL    ] | INFO | full_experiments_using.model_trainers.mobile_vit_trainer | Device: cuda | max_epochs=500 | batch=32 | eval_batch=256 | es_patience=30
2026-08-03 18:08:08,998 | [FULL    ] | INFO | full_experiments_using.model_trainers.mobile_vit_trainer | CE weights — HC: 1.106  MCI: 0.913
2026-08-03 18:08:56,920 | [FULL    ] | INFO | full_experiments_using.model_trainers.mobile_vit_trainer | Ep [001/500] T-Acc:  50.4%  V-Acc:  50.8%  V-AUROC: 0.5215  LR: 2.00e-04
2026-08-03 18:08:56,996 | [FULL    ] | INFO | full_experiments_using.model_trainers.mobile_vit_trainer |   ↳ new best AUROC; saved checkpoint: /home/oem/choihyunsu/VOGBasedMCIDetection/outputs/checkpoints/run_20260803_091237_full_wvote_artifact30_w0-5-5-10-0-15-15-30_strat_4err/fold_20_best.pth
2026-08-03 18:09:25,592 | [FULL    ] | INFO | full_experiments_using.model_trainers.mobile_vit_trainer | Ep [002/500] T-Acc:  49.7%  V-Acc:  53.1%  V-AUROC: 0.5282  LR: 4.00e-04
2026-08-03 18:09:25,714 | [FULL    ] | INFO | full_experiments_using.model_trainers.mobile_vit_trainer |   ↳ new best AUROC; saved checkpoint: /home/oem/choihyunsu/VOGBasedMCIDetection/outputs/checkpoints/run_20260803_091237_full_wvote_artifact30_w0-5-5-10-0-15-15-30_strat_4err/fold_20_best.pth
2026-08-03 18:09:54,376 | [FULL    ] | INFO | full_experiments_using.model_trainers.mobile_vit_trainer | Ep [003/500] T-Acc:  50.6%  V-Acc:  52.9%  V-AUROC: 0.5272  LR: 6.00e-04
2026-08-03 18:10:23,019 | [FULL    ] | INFO | full_experiments_using.model_trainers.mobile_vit_trainer | Ep [004/500] T-Acc:  52.0%  V-Acc:  53.0%  V-AUROC: 0.5397  LR: 8.00e-04
2026-08-03 18:10:23,249 | [FULL    ] | INFO | full_experiments_using.model_trainers.mobile_vit_trainer |   ↳ new best AUROC; saved checkpoint: /home/oem/choihyunsu/VOGBasedMCIDetection/outputs/checkpoints/run_20260803_091237_full_wvote_artifact30_w0-5-5-10-0-15-15-30_strat_4err/fold_20_best.pth
2026-08-03 18:10:51,994 | [FULL    ] | INFO | full_experiments_using.model_trainers.mobile_vit_trainer | Ep [005/500] T-Acc:  53.8%  V-Acc:  55.5%  V-AUROC: 0.5654  LR: 1.00e-03
2026-08-03 18:10:52,112 | [FULL    ] | INFO | full_experiments_using.model_trainers.mobile_vit_trainer |   ↳ new best AUROC; saved checkpoint: /home/oem/choihyunsu/VOGBasedMCIDetection/outputs/checkpoints/run_20260803_091237_full_wvote_artifact30_w0-5-5-10-0-15-15-30_strat_4err/fold_20_best.pth
2026-08-03 18:11:20,558 | [FULL    ] | INFO | full_experiments_using.model_trainers.mobile_vit_trainer | Ep [006/500] T-Acc:  52.9%  V-Acc:  56.8%  V-AUROC: 0.5764  LR: 1.00e-03
2026-08-03 18:11:20,680 | [FULL    ] | INFO | full_experiments_using.model_trainers.mobile_vit_trainer |   ↳ new best AUROC; saved checkpoint: /home/oem/choihyunsu/VOGBasedMCIDetection/outputs/checkpoints/run_20260803_091237_full_wvote_artifact30_w0-5-5-10-0-15-15-30_strat_4err/fold_20_best.pth
2026-08-03 18:11:49,258 | [FULL    ] | INFO | full_experiments_using.model_trainers.mobile_vit_trainer | Ep [007/500] T-Acc:  54.0%  V-Acc:  55.9%  V-AUROC: 0.5786  LR: 1.00e-03
2026-08-03 18:11:49,468 | [FULL    ] | INFO | full_experiments_using.model_trainers.mobile_vit_trainer |   ↳ new best AUROC; saved checkpoint: /home/oem/choihyunsu/VOGBasedMCIDetection/outputs/checkpoints/run_20260803_091237_full_wvote_artifact30_w0-5-5-10-0-15-15-30_strat_4err/fold_20_best.pth
2026-08-03 18:12:18,157 | [FULL    ] | INFO | full_experiments_using.model_trainers.mobile_vit_trainer | Ep [008/500] T-Acc:  54.2%  V-Acc:  56.5%  V-AUROC: 0.5798  LR: 1.00e-03
2026-08-03 18:12:18,263 | [FULL    ] | INFO | full_experiments_using.model_trainers.mobile_vit_trainer |   ↳ new best AUROC; saved checkpoint: /home/oem/choihyunsu/VOGBasedMCIDetection/outputs/checkpoints/run_20260803_091237_full_wvote_artifact30_w0-5-5-10-0-15-15-30_strat_4err/fold_20_best.pth
2026-08-03 18:12:46,952 | [FULL    ] | INFO | full_experiments_using.model_trainers.mobile_vit_trainer | Ep [009/500] T-Acc:  55.8%  V-Acc:  53.9%  V-AUROC: 0.5675  LR: 1.00e-03
2026-08-03 18:13:13,773 | [FULL    ] | INFO | full_experiments_using.model_trainers.mobile_vit_trainer | Ep [010/500] T-Acc:  55.5%  V-Acc:  56.8%  V-AUROC: 0.5862  LR: 1.00e-03
2026-08-03 18:13:13,911 | [FULL    ] | INFO | full_experiments_using.model_trainers.mobile_vit_trainer |   ↳ new best AUROC; saved checkpoint: /home/oem/choihyunsu/VOGBasedMCIDetection/outputs/checkpoints/run_20260803_091237_full_wvote_artifact30_w0-5-5-10-0-15-15-30_strat_4err/fold_20_best.pth
2026-08-03 18:13:42,209 | [FULL    ] | INFO | full_experiments_using.model_trainers.mobile_vit_trainer | Ep [011/500] T-Acc:  55.9%  V-Acc:  55.5%  V-AUROC: 0.5813  LR: 1.00e-03
2026-08-03 18:14:09,590 | [FULL    ] | INFO | full_experiments_using.model_trainers.mobile_vit_trainer | Ep [012/500] T-Acc:  54.5%  V-Acc:  54.3%  V-AUROC: 0.5808  LR: 1.00e-03
2026-08-03 18:14:38,214 | [FULL    ] | INFO | full_experiments_using.model_trainers.mobile_vit_trainer | Ep [013/500] T-Acc:  56.8%  V-Acc:  55.6%  V-AUROC: 0.5741  LR: 1.00e-03
2026-08-03 18:15:06,559 | [FULL    ] | INFO | full_experiments_using.model_trainers.mobile_vit_trainer | Ep [014/500] T-Acc:  55.2%  V-Acc:  54.8%  V-AUROC: 0.5671  LR: 1.00e-03
2026-08-03 18:15:35,170 | [FULL    ] | INFO | full_experiments_using.model_trainers.mobile_vit_trainer | Ep [015/500] T-Acc:  56.0%  V-Acc:  57.1%  V-AUROC: 0.6011  LR: 1.00e-03
2026-08-03 18:15:35,291 | [FULL    ] | INFO | full_experiments_using.model_trainers.mobile_vit_trainer |   ↳ new best AUROC; saved checkpoint: /home/oem/choihyunsu/VOGBasedMCIDetection/outputs/checkpoints/run_20260803_091237_full_wvote_artifact30_w0-5-5-10-0-15-15-30_strat_4err/fold_20_best.pth
2026-08-03 18:16:04,030 | [FULL    ] | INFO | full_experiments_using.model_trainers.mobile_vit_trainer | Ep [016/500] T-Acc:  57.1%  V-Acc:  56.0%  V-AUROC: 0.5868  LR: 1.00e-03
2026-08-03 18:16:32,719 | [FULL    ] | INFO | full_experiments_using.model_trainers.mobile_vit_trainer | Ep [017/500] T-Acc:  57.4%  V-Acc:  57.6%  V-AUROC: 0.6034  LR: 1.00e-03
2026-08-03 18:16:32,899 | [FULL    ] | INFO | full_experiments_using.model_trainers.mobile_vit_trainer |   ↳ new best AUROC; saved checkpoint: /home/oem/choihyunsu/VOGBasedMCIDetection/outputs/checkpoints/run_20260803_091237_full_wvote_artifact30_w0-5-5-10-0-15-15-30_strat_4err/fold_20_best.pth
2026-08-03 18:17:01,651 | [FULL    ] | INFO | full_experiments_using.model_trainers.mobile_vit_trainer | Ep [018/500] T-Acc:  58.4%  V-Acc:  56.3%  V-AUROC: 0.5949  LR: 1.00e-03
2026-08-03 18:17:28,608 | [FULL    ] | INFO | full_experiments_using.model_trainers.mobile_vit_trainer | Ep [019/500] T-Acc:  57.2%  V-Acc:  58.0%  V-AUROC: 0.5947  LR: 1.00e-03
2026-08-03 18:17:56,884 | [FULL    ] | INFO | full_experiments_using.model_trainers.mobile_vit_trainer | Ep [020/500] T-Acc:  58.6%  V-Acc:  57.6%  V-AUROC: 0.5960  LR: 1.00e-03
2026-08-03 18:18:24,073 | [FULL    ] | INFO | full_experiments_using.model_trainers.mobile_vit_trainer | Ep [021/500] T-Acc:  59.5%  V-Acc:  57.3%  V-AUROC: 0.5944  LR: 1.00e-03
2026-08-03 18:18:52,680 | [FULL    ] | INFO | full_experiments_using.model_trainers.mobile_vit_trainer | Ep [022/500] T-Acc:  59.1%  V-Acc:  57.5%  V-AUROC: 0.5905  LR: 1.00e-03
2026-08-03 18:19:21,351 | [FULL    ] | INFO | full_experiments_using.model_trainers.mobile_vit_trainer | Ep [023/500] T-Acc:  60.4%  V-Acc:  55.8%  V-AUROC: 0.5855  LR: 1.00e-03
2026-08-03 18:19:50,013 | [FULL    ] | INFO | full_experiments_using.model_trainers.mobile_vit_trainer | Ep [024/500] T-Acc:  59.5%  V-Acc:  55.4%  V-AUROC: 0.5788  LR: 1.00e-03
2026-08-03 18:20:18,685 | [FULL    ] | INFO | full_experiments_using.model_trainers.mobile_vit_trainer | Ep [025/500] T-Acc:  59.6%  V-Acc:  56.8%  V-AUROC: 0.5915  LR: 1.00e-03
2026-08-03 18:20:47,561 | [FULL    ] | INFO | full_experiments_using.model_trainers.mobile_vit_trainer | Ep [026/500] T-Acc:  59.3%  V-Acc:  55.9%  V-AUROC: 0.5818  LR: 1.00e-03
2026-08-03 18:21:16,112 | [FULL    ] | INFO | full_experiments_using.model_trainers.mobile_vit_trainer | Ep [027/500] T-Acc:  60.1%  V-Acc:  56.4%  V-AUROC: 0.5930  LR: 1.00e-03
2026-08-03 18:21:44,664 | [FULL    ] | INFO | full_experiments_using.model_trainers.mobile_vit_trainer | Ep [028/500] T-Acc:  60.6%  V-Acc:  56.4%  V-AUROC: 0.5846  LR: 1.00e-03
2026-08-03 18:22:13,260 | [FULL    ] | INFO | full_experiments_using.model_trainers.mobile_vit_trainer | Ep [029/500] T-Acc:  61.9%  V-Acc:  55.5%  V-AUROC: 0.5807  LR: 2.00e-04
2026-08-03 18:22:41,966 | [FULL    ] | INFO | full_experiments_using.model_trainers.mobile_vit_trainer | Ep [030/500] T-Acc:  62.1%  V-Acc:  56.0%  V-AUROC: 0.5852  LR: 2.00e-04
2026-08-03 18:23:11,082 | [FULL    ] | INFO | full_experiments_using.model_trainers.mobile_vit_trainer | Ep [031/500] T-Acc:  60.7%  V-Acc:  55.9%  V-AUROC: 0.5830  LR: 2.00e-04
2026-08-03 18:23:38,089 | [FULL    ] | INFO | full_experiments_using.model_trainers.mobile_vit_trainer | Ep [032/500] T-Acc:  61.0%  V-Acc:  56.4%  V-AUROC: 0.5880  LR: 2.00e-04
2026-08-03 18:24:05,522 | [FULL    ] | INFO | full_experiments_using.model_trainers.mobile_vit_trainer | Ep [033/500] T-Acc:  61.1%  V-Acc:  57.5%  V-AUROC: 0.5885  LR: 2.00e-04
2026-08-03 18:24:33,116 | [FULL    ] | INFO | full_experiments_using.model_trainers.mobile_vit_trainer | Ep [034/500] T-Acc:  61.7%  V-Acc:  55.6%  V-AUROC: 0.5881  LR: 2.00e-04
2026-08-03 18:25:01,993 | [FULL    ] | INFO | full_experiments_using.model_trainers.mobile_vit_trainer | Ep [035/500] T-Acc:  61.8%  V-Acc:  56.3%  V-AUROC: 0.5899  LR: 2.00e-04
2026-08-03 18:25:30,771 | [FULL    ] | INFO | full_experiments_using.model_trainers.mobile_vit_trainer | Ep [036/500] T-Acc:  61.6%  V-Acc:  55.9%  V-AUROC: 0.5886  LR: 2.00e-04
2026-08-03 18:25:59,871 | [FULL    ] | INFO | full_experiments_using.model_trainers.mobile_vit_trainer | Ep [037/500] T-Acc:  60.7%  V-Acc:  55.6%  V-AUROC: 0.5818  LR: 2.00e-04
2026-08-03 18:26:28,527 | [FULL    ] | INFO | full_experiments_using.model_trainers.mobile_vit_trainer | Ep [038/500] T-Acc:  61.9%  V-Acc:  56.0%  V-AUROC: 0.5849  LR: 2.00e-04
2026-08-03 18:26:56,973 | [FULL    ] | INFO | full_experiments_using.model_trainers.mobile_vit_trainer | Ep [039/500] T-Acc:  62.2%  V-Acc:  55.8%  V-AUROC: 0.5851  LR: 2.00e-04
2026-08-03 18:27:25,661 | [FULL    ] | INFO | full_experiments_using.model_trainers.mobile_vit_trainer | Ep [040/500] T-Acc:  62.4%  V-Acc:  56.1%  V-AUROC: 0.5860  LR: 4.00e-05
2026-08-03 18:27:53,987 | [FULL    ] | INFO | full_experiments_using.model_trainers.mobile_vit_trainer | Ep [041/500] T-Acc:  61.4%  V-Acc:  55.2%  V-AUROC: 0.5855  LR: 4.00e-05
2026-08-03 18:28:22,640 | [FULL    ] | INFO | full_experiments_using.model_trainers.mobile_vit_trainer | Ep [042/500] T-Acc:  62.0%  V-Acc:  55.7%  V-AUROC: 0.5834  LR: 4.00e-05
2026-08-03 18:28:51,328 | [FULL    ] | INFO | full_experiments_using.model_trainers.mobile_vit_trainer | Ep [043/500] T-Acc:  62.1%  V-Acc:  54.9%  V-AUROC: 0.5852  LR: 4.00e-05
2026-08-03 18:29:20,005 | [FULL    ] | INFO | full_experiments_using.model_trainers.mobile_vit_trainer | Ep [044/500] T-Acc:  62.3%  V-Acc:  55.2%  V-AUROC: 0.5840  LR: 4.00e-05
2026-08-03 18:29:48,613 | [FULL    ] | INFO | full_experiments_using.model_trainers.mobile_vit_trainer | Ep [045/500] T-Acc:  61.4%  V-Acc:  55.2%  V-AUROC: 0.5830  LR: 4.00e-05
2026-08-03 18:30:17,461 | [FULL    ] | INFO | full_experiments_using.model_trainers.mobile_vit_trainer | Ep [046/500] T-Acc:  61.8%  V-Acc:  55.6%  V-AUROC: 0.5820  LR: 4.00e-05
2026-08-03 18:30:46,096 | [FULL    ] | INFO | full_experiments_using.model_trainers.mobile_vit_trainer | Ep [047/500] T-Acc:  61.5%  V-Acc:  55.5%  V-AUROC: 0.5848  LR: 4.00e-05
2026-08-03 18:30:46,096 | [FULL    ] | INFO | full_experiments_using.model_trainers.mobile_vit_trainer | Early stop — best AUROC 0.6034 at epoch 17 (no improvement for 30 epochs)
2026-08-03 18:30:46,096 | [FULL    ] | INFO | full_experiments_using.model_trainers.mobile_vit_trainer | Done. Best AUROC: 0.6034 (epoch 17) → /home/oem/choihyunsu/VOGBasedMCIDetection/outputs/checkpoints/run_20260803_091237_full_wvote_artifact30_w0-5-5-10-0-15-15-30_strat_4err/fold_20_best.pth
2026-08-03 18:30:56,642 | [FULL    ] | INFO | full_experiments_using.evaluators.monte_carlo_evaluator | -> Fold 21 Result | Acc=0.600 Sens=0.571 Spec=0.667 AUROC=0.810
2026-08-03 18:30:56,656 | [FULL    ] | INFO | full_experiments_using.evaluators.monte_carlo_evaluator | === Fold 22/30 | train: 25 subj (HC=10 MCI=15) / 3905 win | test: 12 subj (HC=4 MCI=8) / 1810 win ===
2026-08-03 18:30:56,933 | [FULL    ] | INFO | httpx | HTTP Request: HEAD https://huggingface.co/apple/mobilevit-small/resolve/main/config.json "HTTP/1.1 307 Temporary Redirect"
2026-08-03 18:30:56,947 | [FULL    ] | INFO | httpx | HTTP Request: HEAD https://huggingface.co/api/resolve-cache/models/apple/mobilevit-small/6c8612545dc98676d27bc518fa521d9e9af23e34/config.json "HTTP/1.1 200 OK"
2026-08-03 18:30:57,235 | [FULL    ] | INFO | httpx | HTTP Request: HEAD https://huggingface.co/apple/mobilevit-small/resolve/main/model.safetensors "HTTP/1.1 404 Not Found"
2026-08-03 18:30:57,452 | [FULL    ] | INFO | httpx | HTTP Request: HEAD https://huggingface.co/apple/mobilevit-small/resolve/main/model.safetensors.index.json "HTTP/1.1 404 Not Found"
2026-08-03 18:30:57,672 | [FULL    ] | INFO | httpx | HTTP Request: HEAD https://huggingface.co/apple/mobilevit-small/resolve/main/pytorch_model.bin "HTTP/1.1 302 Found"
2026-08-03 18:30:57,894 | [FULL    ] | INFO | httpx | HTTP Request: HEAD https://huggingface.co/apple/mobilevit-small/resolve/main/model.safetensors "HTTP/1.1 404 Not Found"
2026-08-03 18:30:58,125 | [FULL    ] | INFO | httpx | HTTP Request: GET https://huggingface.co/api/models/apple/mobilevit-small "HTTP/1.1 200 OK"
2026-08-03 18:30:58,390 | [FULL    ] | INFO | httpx | HTTP Request: GET https://huggingface.co/api/models/apple/mobilevit-small/commits/main "HTTP/1.1 200 OK"
2026-08-03 18:30:58,618 | [FULL    ] | INFO | httpx | HTTP Request: GET https://huggingface.co/api/models/apple/mobilevit-small/discussions?p=0 "HTTP/1.1 200 OK"
2026-08-03 18:30:58,840 | [FULL    ] | INFO | httpx | HTTP Request: GET https://huggingface.co/api/models/apple/mobilevit-small/commits/refs%2Fpr%2F6 "HTTP/1.1 200 OK"
2026-08-03 18:30:59,046 | [FULL    ] | INFO | httpx | HTTP Request: HEAD https://huggingface.co/apple/mobilevit-small/resolve/refs%2Fpr%2F6/model.safetensors.index.json "HTTP/1.1 404 Not Found"
2026-08-03 18:30:59,256 | [FULL    ] | INFO | httpx | HTTP Request: HEAD https://huggingface.co/apple/mobilevit-small/resolve/refs%2Fpr%2F6/model.safetensors "HTTP/1.1 302 Found"
2026-08-03 18:31:00,158 | [FULL    ] | INFO | full_experiments_using.model_trainers.mobile_vit_trainer | Device: cuda | max_epochs=500 | batch=32 | eval_batch=256 | es_patience=30
2026-08-03 18:31:00,176 | [FULL    ] | INFO | full_experiments_using.model_trainers.mobile_vit_trainer | CE weights — HC: 1.088  MCI: 0.925
2026-08-03 18:31:36,987 | [FULL    ] | INFO | full_experiments_using.model_trainers.mobile_vit_trainer | Ep [001/500] T-Acc:  47.9%  V-Acc:  48.8%  V-AUROC: 0.4697  LR: 2.00e-04
2026-08-03 18:31:37,096 | [FULL    ] | INFO | full_experiments_using.model_trainers.mobile_vit_trainer |   ↳ new best AUROC; saved checkpoint: /home/oem/choihyunsu/VOGBasedMCIDetection/outputs/checkpoints/run_20260803_091237_full_wvote_artifact30_w0-5-5-10-0-15-15-30_strat_4err/fold_21_best.pth
2026-08-03 18:32:05,571 | [FULL    ] | INFO | full_experiments_using.model_trainers.mobile_vit_trainer | Ep [002/500] T-Acc:  49.5%  V-Acc:  48.5%  V-AUROC: 0.4881  LR: 4.00e-04
2026-08-03 18:32:05,786 | [FULL    ] | INFO | full_experiments_using.model_trainers.mobile_vit_trainer |   ↳ new best AUROC; saved checkpoint: /home/oem/choihyunsu/VOGBasedMCIDetection/outputs/checkpoints/run_20260803_091237_full_wvote_artifact30_w0-5-5-10-0-15-15-30_strat_4err/fold_21_best.pth
2026-08-03 18:32:34,449 | [FULL    ] | INFO | full_experiments_using.model_trainers.mobile_vit_trainer | Ep [003/500] T-Acc:  49.5%  V-Acc:  51.0%  V-AUROC: 0.5004  LR: 6.00e-04
2026-08-03 18:32:34,639 | [FULL    ] | INFO | full_experiments_using.model_trainers.mobile_vit_trainer |   ↳ new best AUROC; saved checkpoint: /home/oem/choihyunsu/VOGBasedMCIDetection/outputs/checkpoints/run_20260803_091237_full_wvote_artifact30_w0-5-5-10-0-15-15-30_strat_4err/fold_21_best.pth
2026-08-03 18:33:03,483 | [FULL    ] | INFO | full_experiments_using.model_trainers.mobile_vit_trainer | Ep [004/500] T-Acc:  50.1%  V-Acc:  52.4%  V-AUROC: 0.5077  LR: 8.00e-04
2026-08-03 18:33:03,652 | [FULL    ] | INFO | full_experiments_using.model_trainers.mobile_vit_trainer |   ↳ new best AUROC; saved checkpoint: /home/oem/choihyunsu/VOGBasedMCIDetection/outputs/checkpoints/run_20260803_091237_full_wvote_artifact30_w0-5-5-10-0-15-15-30_strat_4err/fold_21_best.pth
2026-08-03 18:33:32,558 | [FULL    ] | INFO | full_experiments_using.model_trainers.mobile_vit_trainer | Ep [005/500] T-Acc:  51.7%  V-Acc:  54.3%  V-AUROC: 0.5278  LR: 1.00e-03
2026-08-03 18:33:32,762 | [FULL    ] | INFO | full_experiments_using.model_trainers.mobile_vit_trainer |   ↳ new best AUROC; saved checkpoint: /home/oem/choihyunsu/VOGBasedMCIDetection/outputs/checkpoints/run_20260803_091237_full_wvote_artifact30_w0-5-5-10-0-15-15-30_strat_4err/fold_21_best.pth
2026-08-03 18:34:01,594 | [FULL    ] | INFO | full_experiments_using.model_trainers.mobile_vit_trainer | Ep [006/500] T-Acc:  51.2%  V-Acc:  53.8%  V-AUROC: 0.5350  LR: 1.00e-03
2026-08-03 18:34:01,830 | [FULL    ] | INFO | full_experiments_using.model_trainers.mobile_vit_trainer |   ↳ new best AUROC; saved checkpoint: /home/oem/choihyunsu/VOGBasedMCIDetection/outputs/checkpoints/run_20260803_091237_full_wvote_artifact30_w0-5-5-10-0-15-15-30_strat_4err/fold_21_best.pth
2026-08-03 18:34:30,473 | [FULL    ] | INFO | full_experiments_using.model_trainers.mobile_vit_trainer | Ep [007/500] T-Acc:  52.5%  V-Acc:  52.6%  V-AUROC: 0.5243  LR: 1.00e-03
2026-08-03 18:34:59,365 | [FULL    ] | INFO | full_experiments_using.model_trainers.mobile_vit_trainer | Ep [008/500] T-Acc:  53.4%  V-Acc:  51.8%  V-AUROC: 0.5353  LR: 1.00e-03
2026-08-03 18:34:59,468 | [FULL    ] | INFO | full_experiments_using.model_trainers.mobile_vit_trainer |   ↳ new best AUROC; saved checkpoint: /home/oem/choihyunsu/VOGBasedMCIDetection/outputs/checkpoints/run_20260803_091237_full_wvote_artifact30_w0-5-5-10-0-15-15-30_strat_4err/fold_21_best.pth
2026-08-03 18:35:28,094 | [FULL    ] | INFO | full_experiments_using.model_trainers.mobile_vit_trainer | Ep [009/500] T-Acc:  52.0%  V-Acc:  53.4%  V-AUROC: 0.5497  LR: 1.00e-03
2026-08-03 18:35:28,210 | [FULL    ] | INFO | full_experiments_using.model_trainers.mobile_vit_trainer |   ↳ new best AUROC; saved checkpoint: /home/oem/choihyunsu/VOGBasedMCIDetection/outputs/checkpoints/run_20260803_091237_full_wvote_artifact30_w0-5-5-10-0-15-15-30_strat_4err/fold_21_best.pth
2026-08-03 18:35:56,756 | [FULL    ] | INFO | full_experiments_using.model_trainers.mobile_vit_trainer | Ep [010/500] T-Acc:  53.8%  V-Acc:  53.2%  V-AUROC: 0.5601  LR: 1.00e-03
2026-08-03 18:35:56,916 | [FULL    ] | INFO | full_experiments_using.model_trainers.mobile_vit_trainer |   ↳ new best AUROC; saved checkpoint: /home/oem/choihyunsu/VOGBasedMCIDetection/outputs/checkpoints/run_20260803_091237_full_wvote_artifact30_w0-5-5-10-0-15-15-30_strat_4err/fold_21_best.pth
2026-08-03 18:36:23,966 | [FULL    ] | INFO | full_experiments_using.model_trainers.mobile_vit_trainer | Ep [011/500] T-Acc:  55.5%  V-Acc:  54.9%  V-AUROC: 0.5678  LR: 1.00e-03
2026-08-03 18:36:24,195 | [FULL    ] | INFO | full_experiments_using.model_trainers.mobile_vit_trainer |   ↳ new best AUROC; saved checkpoint: /home/oem/choihyunsu/VOGBasedMCIDetection/outputs/checkpoints/run_20260803_091237_full_wvote_artifact30_w0-5-5-10-0-15-15-30_strat_4err/fold_21_best.pth
2026-08-03 18:36:50,862 | [FULL    ] | INFO | full_experiments_using.model_trainers.mobile_vit_trainer | Ep [012/500] T-Acc:  53.9%  V-Acc:  55.4%  V-AUROC: 0.5821  LR: 1.00e-03
2026-08-03 18:36:50,982 | [FULL    ] | INFO | full_experiments_using.model_trainers.mobile_vit_trainer |   ↳ new best AUROC; saved checkpoint: /home/oem/choihyunsu/VOGBasedMCIDetection/outputs/checkpoints/run_20260803_091237_full_wvote_artifact30_w0-5-5-10-0-15-15-30_strat_4err/fold_21_best.pth
2026-08-03 18:37:18,925 | [FULL    ] | INFO | full_experiments_using.model_trainers.mobile_vit_trainer | Ep [013/500] T-Acc:  55.0%  V-Acc:  55.6%  V-AUROC: 0.5717  LR: 1.00e-03
2026-08-03 18:37:47,443 | [FULL    ] | INFO | full_experiments_using.model_trainers.mobile_vit_trainer | Ep [014/500] T-Acc:  55.5%  V-Acc:  57.3%  V-AUROC: 0.5838  LR: 1.00e-03
2026-08-03 18:37:47,572 | [FULL    ] | INFO | full_experiments_using.model_trainers.mobile_vit_trainer |   ↳ new best AUROC; saved checkpoint: /home/oem/choihyunsu/VOGBasedMCIDetection/outputs/checkpoints/run_20260803_091237_full_wvote_artifact30_w0-5-5-10-0-15-15-30_strat_4err/fold_21_best.pth
2026-08-03 18:38:15,743 | [FULL    ] | INFO | full_experiments_using.model_trainers.mobile_vit_trainer | Ep [015/500] T-Acc:  55.2%  V-Acc:  56.3%  V-AUROC: 0.5779  LR: 1.00e-03
2026-08-03 18:38:44,203 | [FULL    ] | INFO | full_experiments_using.model_trainers.mobile_vit_trainer | Ep [016/500] T-Acc:  54.9%  V-Acc:  54.5%  V-AUROC: 0.5862  LR: 1.00e-03
2026-08-03 18:38:44,322 | [FULL    ] | INFO | full_experiments_using.model_trainers.mobile_vit_trainer |   ↳ new best AUROC; saved checkpoint: /home/oem/choihyunsu/VOGBasedMCIDetection/outputs/checkpoints/run_20260803_091237_full_wvote_artifact30_w0-5-5-10-0-15-15-30_strat_4err/fold_21_best.pth
2026-08-03 18:39:12,775 | [FULL    ] | INFO | full_experiments_using.model_trainers.mobile_vit_trainer | Ep [017/500] T-Acc:  56.1%  V-Acc:  56.4%  V-AUROC: 0.5829  LR: 1.00e-03
2026-08-03 18:39:41,264 | [FULL    ] | INFO | full_experiments_using.model_trainers.mobile_vit_trainer | Ep [018/500] T-Acc:  55.2%  V-Acc:  56.5%  V-AUROC: 0.5887  LR: 1.00e-03
2026-08-03 18:39:41,435 | [FULL    ] | INFO | full_experiments_using.model_trainers.mobile_vit_trainer |   ↳ new best AUROC; saved checkpoint: /home/oem/choihyunsu/VOGBasedMCIDetection/outputs/checkpoints/run_20260803_091237_full_wvote_artifact30_w0-5-5-10-0-15-15-30_strat_4err/fold_21_best.pth
2026-08-03 18:40:09,018 | [FULL    ] | INFO | full_experiments_using.model_trainers.mobile_vit_trainer | Ep [019/500] T-Acc:  56.0%  V-Acc:  56.5%  V-AUROC: 0.5991  LR: 1.00e-03
2026-08-03 18:40:09,141 | [FULL    ] | INFO | full_experiments_using.model_trainers.mobile_vit_trainer |   ↳ new best AUROC; saved checkpoint: /home/oem/choihyunsu/VOGBasedMCIDetection/outputs/checkpoints/run_20260803_091237_full_wvote_artifact30_w0-5-5-10-0-15-15-30_strat_4err/fold_21_best.pth
2026-08-03 18:40:36,999 | [FULL    ] | INFO | full_experiments_using.model_trainers.mobile_vit_trainer | Ep [020/500] T-Acc:  55.7%  V-Acc:  57.6%  V-AUROC: 0.6004  LR: 1.00e-03
2026-08-03 18:40:37,120 | [FULL    ] | INFO | full_experiments_using.model_trainers.mobile_vit_trainer |   ↳ new best AUROC; saved checkpoint: /home/oem/choihyunsu/VOGBasedMCIDetection/outputs/checkpoints/run_20260803_091237_full_wvote_artifact30_w0-5-5-10-0-15-15-30_strat_4err/fold_21_best.pth
2026-08-03 18:41:03,515 | [FULL    ] | INFO | full_experiments_using.model_trainers.mobile_vit_trainer | Ep [021/500] T-Acc:  56.7%  V-Acc:  57.5%  V-AUROC: 0.5998  LR: 1.00e-03
2026-08-03 18:41:32,171 | [FULL    ] | INFO | full_experiments_using.model_trainers.mobile_vit_trainer | Ep [022/500] T-Acc:  55.7%  V-Acc:  57.5%  V-AUROC: 0.5938  LR: 1.00e-03
2026-08-03 18:42:00,665 | [FULL    ] | INFO | full_experiments_using.model_trainers.mobile_vit_trainer | Ep [023/500] T-Acc:  57.2%  V-Acc:  58.0%  V-AUROC: 0.5937  LR: 1.00e-03
2026-08-03 18:42:29,141 | [FULL    ] | INFO | full_experiments_using.model_trainers.mobile_vit_trainer | Ep [024/500] T-Acc:  57.1%  V-Acc:  57.0%  V-AUROC: 0.5945  LR: 1.00e-03
2026-08-03 18:42:57,748 | [FULL    ] | INFO | full_experiments_using.model_trainers.mobile_vit_trainer | Ep [025/500] T-Acc:  57.8%  V-Acc:  57.8%  V-AUROC: 0.5964  LR: 1.00e-03
2026-08-03 18:43:26,217 | [FULL    ] | INFO | full_experiments_using.model_trainers.mobile_vit_trainer | Ep [026/500] T-Acc:  58.3%  V-Acc:  57.7%  V-AUROC: 0.5984  LR: 1.00e-03
2026-08-03 18:43:54,894 | [FULL    ] | INFO | full_experiments_using.model_trainers.mobile_vit_trainer | Ep [027/500] T-Acc:  57.9%  V-Acc:  57.8%  V-AUROC: 0.6037  LR: 1.00e-03
2026-08-03 18:43:55,043 | [FULL    ] | INFO | full_experiments_using.model_trainers.mobile_vit_trainer |   ↳ new best AUROC; saved checkpoint: /home/oem/choihyunsu/VOGBasedMCIDetection/outputs/checkpoints/run_20260803_091237_full_wvote_artifact30_w0-5-5-10-0-15-15-30_strat_4err/fold_21_best.pth
2026-08-03 18:44:23,884 | [FULL    ] | INFO | full_experiments_using.model_trainers.mobile_vit_trainer | Ep [028/500] T-Acc:  58.9%  V-Acc:  57.8%  V-AUROC: 0.6043  LR: 1.00e-03
2026-08-03 18:44:24,057 | [FULL    ] | INFO | full_experiments_using.model_trainers.mobile_vit_trainer |   ↳ new best AUROC; saved checkpoint: /home/oem/choihyunsu/VOGBasedMCIDetection/outputs/checkpoints/run_20260803_091237_full_wvote_artifact30_w0-5-5-10-0-15-15-30_strat_4err/fold_21_best.pth
2026-08-03 18:44:52,688 | [FULL    ] | INFO | full_experiments_using.model_trainers.mobile_vit_trainer | Ep [029/500] T-Acc:  58.0%  V-Acc:  56.5%  V-AUROC: 0.5948  LR: 1.00e-03
2026-08-03 18:45:21,115 | [FULL    ] | INFO | full_experiments_using.model_trainers.mobile_vit_trainer | Ep [030/500] T-Acc:  57.6%  V-Acc:  57.1%  V-AUROC: 0.6028  LR: 1.00e-03
2026-08-03 18:45:49,844 | [FULL    ] | INFO | full_experiments_using.model_trainers.mobile_vit_trainer | Ep [031/500] T-Acc:  57.9%  V-Acc:  58.2%  V-AUROC: 0.6015  LR: 1.00e-03
2026-08-03 18:46:18,538 | [FULL    ] | INFO | full_experiments_using.model_trainers.mobile_vit_trainer | Ep [032/500] T-Acc:  58.9%  V-Acc:  58.5%  V-AUROC: 0.6020  LR: 1.00e-03
2026-08-03 18:46:47,194 | [FULL    ] | INFO | full_experiments_using.model_trainers.mobile_vit_trainer | Ep [033/500] T-Acc:  58.7%  V-Acc:  57.6%  V-AUROC: 0.5994  LR: 1.00e-03
2026-08-03 18:47:16,019 | [FULL    ] | INFO | full_experiments_using.model_trainers.mobile_vit_trainer | Ep [034/500] T-Acc:  59.0%  V-Acc:  56.9%  V-AUROC: 0.5988  LR: 1.00e-03
2026-08-03 18:47:42,442 | [FULL    ] | INFO | full_experiments_using.model_trainers.mobile_vit_trainer | Ep [035/500] T-Acc:  59.0%  V-Acc:  57.9%  V-AUROC: 0.6059  LR: 1.00e-03
2026-08-03 18:47:42,561 | [FULL    ] | INFO | full_experiments_using.model_trainers.mobile_vit_trainer |   ↳ new best AUROC; saved checkpoint: /home/oem/choihyunsu/VOGBasedMCIDetection/outputs/checkpoints/run_20260803_091237_full_wvote_artifact30_w0-5-5-10-0-15-15-30_strat_4err/fold_21_best.pth
2026-08-03 18:48:10,549 | [FULL    ] | INFO | full_experiments_using.model_trainers.mobile_vit_trainer | Ep [036/500] T-Acc:  59.6%  V-Acc:  56.7%  V-AUROC: 0.6016  LR: 1.00e-03
2026-08-03 18:48:38,247 | [FULL    ] | INFO | full_experiments_using.model_trainers.mobile_vit_trainer | Ep [037/500] T-Acc:  58.4%  V-Acc:  57.2%  V-AUROC: 0.5998  LR: 1.00e-03
2026-08-03 18:49:06,778 | [FULL    ] | INFO | full_experiments_using.model_trainers.mobile_vit_trainer | Ep [038/500] T-Acc:  58.8%  V-Acc:  57.9%  V-AUROC: 0.6031  LR: 1.00e-03
2026-08-03 18:49:35,319 | [FULL    ] | INFO | full_experiments_using.model_trainers.mobile_vit_trainer | Ep [039/500] T-Acc:  60.0%  V-Acc:  58.3%  V-AUROC: 0.6089  LR: 1.00e-03
2026-08-03 18:49:35,507 | [FULL    ] | INFO | full_experiments_using.model_trainers.mobile_vit_trainer |   ↳ new best AUROC; saved checkpoint: /home/oem/choihyunsu/VOGBasedMCIDetection/outputs/checkpoints/run_20260803_091237_full_wvote_artifact30_w0-5-5-10-0-15-15-30_strat_4err/fold_21_best.pth
2026-08-03 18:50:03,957 | [FULL    ] | INFO | full_experiments_using.model_trainers.mobile_vit_trainer | Ep [040/500] T-Acc:  58.9%  V-Acc:  57.2%  V-AUROC: 0.6054  LR: 1.00e-03
2026-08-03 18:50:32,654 | [FULL    ] | INFO | full_experiments_using.model_trainers.mobile_vit_trainer | Ep [041/500] T-Acc:  59.0%  V-Acc:  56.0%  V-AUROC: 0.6009  LR: 1.00e-03
2026-08-03 18:51:01,131 | [FULL    ] | INFO | full_experiments_using.model_trainers.mobile_vit_trainer | Ep [042/500] T-Acc:  60.1%  V-Acc:  57.6%  V-AUROC: 0.6101  LR: 1.00e-03
2026-08-03 18:51:01,252 | [FULL    ] | INFO | full_experiments_using.model_trainers.mobile_vit_trainer |   ↳ new best AUROC; saved checkpoint: /home/oem/choihyunsu/VOGBasedMCIDetection/outputs/checkpoints/run_20260803_091237_full_wvote_artifact30_w0-5-5-10-0-15-15-30_strat_4err/fold_21_best.pth
2026-08-03 18:51:29,747 | [FULL    ] | INFO | full_experiments_using.model_trainers.mobile_vit_trainer | Ep [043/500] T-Acc:  59.1%  V-Acc:  56.1%  V-AUROC: 0.6027  LR: 1.00e-03
2026-08-03 18:51:58,422 | [FULL    ] | INFO | full_experiments_using.model_trainers.mobile_vit_trainer | Ep [044/500] T-Acc:  58.9%  V-Acc:  57.3%  V-AUROC: 0.6107  LR: 1.00e-03
2026-08-03 18:51:58,632 | [FULL    ] | INFO | full_experiments_using.model_trainers.mobile_vit_trainer |   ↳ new best AUROC; saved checkpoint: /home/oem/choihyunsu/VOGBasedMCIDetection/outputs/checkpoints/run_20260803_091237_full_wvote_artifact30_w0-5-5-10-0-15-15-30_strat_4err/fold_21_best.pth
2026-08-03 18:52:27,056 | [FULL    ] | INFO | full_experiments_using.model_trainers.mobile_vit_trainer | Ep [045/500] T-Acc:  60.2%  V-Acc:  55.9%  V-AUROC: 0.6001  LR: 1.00e-03
2026-08-03 18:52:55,719 | [FULL    ] | INFO | full_experiments_using.model_trainers.mobile_vit_trainer | Ep [046/500] T-Acc:  60.3%  V-Acc:  57.3%  V-AUROC: 0.6060  LR: 1.00e-03
2026-08-03 18:53:24,396 | [FULL    ] | INFO | full_experiments_using.model_trainers.mobile_vit_trainer | Ep [047/500] T-Acc:  59.0%  V-Acc:  57.5%  V-AUROC: 0.6110  LR: 1.00e-03
2026-08-03 18:53:24,582 | [FULL    ] | INFO | full_experiments_using.model_trainers.mobile_vit_trainer |   ↳ new best AUROC; saved checkpoint: /home/oem/choihyunsu/VOGBasedMCIDetection/outputs/checkpoints/run_20260803_091237_full_wvote_artifact30_w0-5-5-10-0-15-15-30_strat_4err/fold_21_best.pth
2026-08-03 18:53:52,974 | [FULL    ] | INFO | full_experiments_using.model_trainers.mobile_vit_trainer | Ep [048/500] T-Acc:  60.4%  V-Acc:  57.7%  V-AUROC: 0.6089  LR: 1.00e-03
2026-08-03 18:54:21,600 | [FULL    ] | INFO | full_experiments_using.model_trainers.mobile_vit_trainer | Ep [049/500] T-Acc:  60.3%  V-Acc:  56.9%  V-AUROC: 0.6064  LR: 1.00e-03
2026-08-03 18:54:50,182 | [FULL    ] | INFO | full_experiments_using.model_trainers.mobile_vit_trainer | Ep [050/500] T-Acc:  60.6%  V-Acc:  57.3%  V-AUROC: 0.6125  LR: 1.00e-03
2026-08-03 18:54:50,304 | [FULL    ] | INFO | full_experiments_using.model_trainers.mobile_vit_trainer |   ↳ new best AUROC; saved checkpoint: /home/oem/choihyunsu/VOGBasedMCIDetection/outputs/checkpoints/run_20260803_091237_full_wvote_artifact30_w0-5-5-10-0-15-15-30_strat_4err/fold_21_best.pth
2026-08-03 18:55:18,735 | [FULL    ] | INFO | full_experiments_using.model_trainers.mobile_vit_trainer | Ep [051/500] T-Acc:  60.3%  V-Acc:  57.6%  V-AUROC: 0.6188  LR: 1.00e-03
2026-08-03 18:55:18,848 | [FULL    ] | INFO | full_experiments_using.model_trainers.mobile_vit_trainer |   ↳ new best AUROC; saved checkpoint: /home/oem/choihyunsu/VOGBasedMCIDetection/outputs/checkpoints/run_20260803_091237_full_wvote_artifact30_w0-5-5-10-0-15-15-30_strat_4err/fold_21_best.pth
2026-08-03 18:55:47,593 | [FULL    ] | INFO | full_experiments_using.model_trainers.mobile_vit_trainer | Ep [052/500] T-Acc:  60.9%  V-Acc:  58.3%  V-AUROC: 0.6180  LR: 1.00e-03
2026-08-03 18:56:16,260 | [FULL    ] | INFO | full_experiments_using.model_trainers.mobile_vit_trainer | Ep [053/500] T-Acc:  60.6%  V-Acc:  57.8%  V-AUROC: 0.6082  LR: 1.00e-03
2026-08-03 18:56:44,857 | [FULL    ] | INFO | full_experiments_using.model_trainers.mobile_vit_trainer | Ep [054/500] T-Acc:  61.9%  V-Acc:  56.7%  V-AUROC: 0.6122  LR: 1.00e-03
2026-08-03 18:57:13,492 | [FULL    ] | INFO | full_experiments_using.model_trainers.mobile_vit_trainer | Ep [055/500] T-Acc:  61.2%  V-Acc:  57.2%  V-AUROC: 0.6026  LR: 1.00e-03
2026-08-03 18:57:41,963 | [FULL    ] | INFO | full_experiments_using.model_trainers.mobile_vit_trainer | Ep [056/500] T-Acc:  60.4%  V-Acc:  57.2%  V-AUROC: 0.6137  LR: 1.00e-03
2026-08-03 18:58:10,435 | [FULL    ] | INFO | full_experiments_using.model_trainers.mobile_vit_trainer | Ep [057/500] T-Acc:  60.5%  V-Acc:  58.5%  V-AUROC: 0.6120  LR: 1.00e-03
2026-08-03 18:58:39,253 | [FULL    ] | INFO | full_experiments_using.model_trainers.mobile_vit_trainer | Ep [058/500] T-Acc:  60.4%  V-Acc:  56.5%  V-AUROC: 0.6054  LR: 1.00e-03
2026-08-03 18:59:07,967 | [FULL    ] | INFO | full_experiments_using.model_trainers.mobile_vit_trainer | Ep [059/500] T-Acc:  60.6%  V-Acc:  58.0%  V-AUROC: 0.6087  LR: 1.00e-03
2026-08-03 18:59:36,990 | [FULL    ] | INFO | full_experiments_using.model_trainers.mobile_vit_trainer | Ep [060/500] T-Acc:  59.9%  V-Acc:  57.1%  V-AUROC: 0.6123  LR: 1.00e-03
2026-08-03 19:00:05,549 | [FULL    ] | INFO | full_experiments_using.model_trainers.mobile_vit_trainer | Ep [061/500] T-Acc:  60.5%  V-Acc:  56.8%  V-AUROC: 0.6167  LR: 1.00e-03
2026-08-03 19:00:34,232 | [FULL    ] | INFO | full_experiments_using.model_trainers.mobile_vit_trainer | Ep [062/500] T-Acc:  60.7%  V-Acc:  58.3%  V-AUROC: 0.6232  LR: 1.00e-03
2026-08-03 19:00:34,354 | [FULL    ] | INFO | full_experiments_using.model_trainers.mobile_vit_trainer |   ↳ new best AUROC; saved checkpoint: /home/oem/choihyunsu/VOGBasedMCIDetection/outputs/checkpoints/run_20260803_091237_full_wvote_artifact30_w0-5-5-10-0-15-15-30_strat_4err/fold_21_best.pth
2026-08-03 19:01:02,849 | [FULL    ] | INFO | full_experiments_using.model_trainers.mobile_vit_trainer | Ep [063/500] T-Acc:  60.6%  V-Acc:  57.6%  V-AUROC: 0.6123  LR: 1.00e-03
2026-08-03 19:01:31,538 | [FULL    ] | INFO | full_experiments_using.model_trainers.mobile_vit_trainer | Ep [064/500] T-Acc:  61.0%  V-Acc:  57.3%  V-AUROC: 0.6125  LR: 1.00e-03
2026-08-03 19:02:00,148 | [FULL    ] | INFO | full_experiments_using.model_trainers.mobile_vit_trainer | Ep [065/500] T-Acc:  61.8%  V-Acc:  56.2%  V-AUROC: 0.6072  LR: 1.00e-03
2026-08-03 19:02:28,999 | [FULL    ] | INFO | full_experiments_using.model_trainers.mobile_vit_trainer | Ep [066/500] T-Acc:  61.1%  V-Acc:  56.7%  V-AUROC: 0.6098  LR: 1.00e-03
2026-08-03 19:02:57,607 | [FULL    ] | INFO | full_experiments_using.model_trainers.mobile_vit_trainer | Ep [067/500] T-Acc:  61.5%  V-Acc:  57.3%  V-AUROC: 0.6130  LR: 1.00e-03
2026-08-03 19:03:26,243 | [FULL    ] | INFO | full_experiments_using.model_trainers.mobile_vit_trainer | Ep [068/500] T-Acc:  61.0%  V-Acc:  57.7%  V-AUROC: 0.6150  LR: 1.00e-03
2026-08-03 19:03:54,812 | [FULL    ] | INFO | full_experiments_using.model_trainers.mobile_vit_trainer | Ep [069/500] T-Acc:  60.5%  V-Acc:  57.5%  V-AUROC: 0.6122  LR: 1.00e-03
2026-08-03 19:04:23,355 | [FULL    ] | INFO | full_experiments_using.model_trainers.mobile_vit_trainer | Ep [070/500] T-Acc:  61.2%  V-Acc:  57.7%  V-AUROC: 0.6041  LR: 1.00e-03
2026-08-03 19:04:51,788 | [FULL    ] | INFO | full_experiments_using.model_trainers.mobile_vit_trainer | Ep [071/500] T-Acc:  61.1%  V-Acc:  58.1%  V-AUROC: 0.6184  LR: 1.00e-03
2026-08-03 19:05:20,435 | [FULL    ] | INFO | full_experiments_using.model_trainers.mobile_vit_trainer | Ep [072/500] T-Acc:  61.3%  V-Acc:  57.5%  V-AUROC: 0.6138  LR: 1.00e-03
2026-08-03 19:05:48,972 | [FULL    ] | INFO | full_experiments_using.model_trainers.mobile_vit_trainer | Ep [073/500] T-Acc:  60.7%  V-Acc:  57.5%  V-AUROC: 0.6147  LR: 1.00e-03
2026-08-03 19:06:17,489 | [FULL    ] | INFO | full_experiments_using.model_trainers.mobile_vit_trainer | Ep [074/500] T-Acc:  60.9%  V-Acc:  57.6%  V-AUROC: 0.6170  LR: 2.00e-04
2026-08-03 19:06:46,088 | [FULL    ] | INFO | full_experiments_using.model_trainers.mobile_vit_trainer | Ep [075/500] T-Acc:  61.5%  V-Acc:  56.8%  V-AUROC: 0.6162  LR: 2.00e-04
2026-08-03 19:07:14,541 | [FULL    ] | INFO | full_experiments_using.model_trainers.mobile_vit_trainer | Ep [076/500] T-Acc:  61.2%  V-Acc:  57.8%  V-AUROC: 0.6152  LR: 2.00e-04
2026-08-03 19:07:43,616 | [FULL    ] | INFO | full_experiments_using.model_trainers.mobile_vit_trainer | Ep [077/500] T-Acc:  61.7%  V-Acc:  57.2%  V-AUROC: 0.6164  LR: 2.00e-04
2026-08-03 19:08:12,211 | [FULL    ] | INFO | full_experiments_using.model_trainers.mobile_vit_trainer | Ep [078/500] T-Acc:  61.9%  V-Acc:  57.3%  V-AUROC: 0.6148  LR: 2.00e-04
2026-08-03 19:08:40,937 | [FULL    ] | INFO | full_experiments_using.model_trainers.mobile_vit_trainer | Ep [079/500] T-Acc:  62.0%  V-Acc:  57.2%  V-AUROC: 0.6159  LR: 2.00e-04
2026-08-03 19:09:07,609 | [FULL    ] | INFO | full_experiments_using.model_trainers.mobile_vit_trainer | Ep [080/500] T-Acc:  62.4%  V-Acc:  57.3%  V-AUROC: 0.6143  LR: 2.00e-04
2026-08-03 19:09:35,792 | [FULL    ] | INFO | full_experiments_using.model_trainers.mobile_vit_trainer | Ep [081/500] T-Acc:  61.1%  V-Acc:  57.0%  V-AUROC: 0.6140  LR: 2.00e-04
2026-08-03 19:10:03,170 | [FULL    ] | INFO | full_experiments_using.model_trainers.mobile_vit_trainer | Ep [082/500] T-Acc:  62.0%  V-Acc:  57.9%  V-AUROC: 0.6146  LR: 2.00e-04
2026-08-03 19:10:29,608 | [FULL    ] | INFO | full_experiments_using.model_trainers.mobile_vit_trainer | Ep [083/500] T-Acc:  61.7%  V-Acc:  58.2%  V-AUROC: 0.6179  LR: 2.00e-04
2026-08-03 19:10:57,616 | [FULL    ] | INFO | full_experiments_using.model_trainers.mobile_vit_trainer | Ep [084/500] T-Acc:  60.9%  V-Acc:  57.3%  V-AUROC: 0.6155  LR: 2.00e-04
2026-08-03 19:11:24,918 | [FULL    ] | INFO | full_experiments_using.model_trainers.mobile_vit_trainer | Ep [085/500] T-Acc:  61.4%  V-Acc:  57.5%  V-AUROC: 0.6157  LR: 4.00e-05
2026-08-03 19:11:53,627 | [FULL    ] | INFO | full_experiments_using.model_trainers.mobile_vit_trainer | Ep [086/500] T-Acc:  60.9%  V-Acc:  57.5%  V-AUROC: 0.6152  LR: 4.00e-05
2026-08-03 19:12:20,337 | [FULL    ] | INFO | full_experiments_using.model_trainers.mobile_vit_trainer | Ep [087/500] T-Acc:  61.0%  V-Acc:  58.0%  V-AUROC: 0.6159  LR: 4.00e-05
2026-08-03 19:12:47,917 | [FULL    ] | INFO | full_experiments_using.model_trainers.mobile_vit_trainer | Ep [088/500] T-Acc:  63.0%  V-Acc:  57.6%  V-AUROC: 0.6161  LR: 4.00e-05
2026-08-03 19:13:15,398 | [FULL    ] | INFO | full_experiments_using.model_trainers.mobile_vit_trainer | Ep [089/500] T-Acc:  62.6%  V-Acc:  57.2%  V-AUROC: 0.6147  LR: 4.00e-05
2026-08-03 19:13:43,971 | [FULL    ] | INFO | full_experiments_using.model_trainers.mobile_vit_trainer | Ep [090/500] T-Acc:  61.9%  V-Acc:  56.7%  V-AUROC: 0.6130  LR: 4.00e-05
2026-08-03 19:14:12,407 | [FULL    ] | INFO | full_experiments_using.model_trainers.mobile_vit_trainer | Ep [091/500] T-Acc:  62.4%  V-Acc:  57.7%  V-AUROC: 0.6138  LR: 4.00e-05
2026-08-03 19:14:41,177 | [FULL    ] | INFO | full_experiments_using.model_trainers.mobile_vit_trainer | Ep [092/500] T-Acc:  61.6%  V-Acc:  57.9%  V-AUROC: 0.6140  LR: 4.00e-05
2026-08-03 19:14:41,177 | [FULL    ] | INFO | full_experiments_using.model_trainers.mobile_vit_trainer | Early stop — best AUROC 0.6232 at epoch 62 (no improvement for 30 epochs)
2026-08-03 19:14:41,177 | [FULL    ] | INFO | full_experiments_using.model_trainers.mobile_vit_trainer | Done. Best AUROC: 0.6232 (epoch 62) → /home/oem/choihyunsu/VOGBasedMCIDetection/outputs/checkpoints/run_20260803_091237_full_wvote_artifact30_w0-5-5-10-0-15-15-30_strat_4err/fold_21_best.pth
2026-08-03 19:14:49,957 | [FULL    ] | INFO | full_experiments_using.evaluators.monte_carlo_evaluator | -> Fold 22 Result | Acc=0.900 Sens=1.000 Spec=0.667 AUROC=0.952
2026-08-03 19:14:49,968 | [FULL    ] | INFO | full_experiments_using.evaluators.monte_carlo_evaluator | === Fold 23/30 | train: 25 subj (HC=10 MCI=15) / 3955 win | test: 12 subj (HC=4 MCI=8) / 1760 win ===
2026-08-03 19:14:50,202 | [FULL    ] | INFO | httpx | HTTP Request: HEAD https://huggingface.co/apple/mobilevit-small/resolve/main/config.json "HTTP/1.1 307 Temporary Redirect"
2026-08-03 19:14:50,218 | [FULL    ] | INFO | httpx | HTTP Request: HEAD https://huggingface.co/api/resolve-cache/models/apple/mobilevit-small/6c8612545dc98676d27bc518fa521d9e9af23e34/config.json "HTTP/1.1 200 OK"
2026-08-03 19:14:50,504 | [FULL    ] | INFO | httpx | HTTP Request: HEAD https://huggingface.co/apple/mobilevit-small/resolve/main/model.safetensors "HTTP/1.1 404 Not Found"
2026-08-03 19:14:50,714 | [FULL    ] | INFO | httpx | HTTP Request: HEAD https://huggingface.co/apple/mobilevit-small/resolve/main/model.safetensors.index.json "HTTP/1.1 404 Not Found"
2026-08-03 19:14:50,931 | [FULL    ] | INFO | httpx | HTTP Request: HEAD https://huggingface.co/apple/mobilevit-small/resolve/main/pytorch_model.bin "HTTP/1.1 302 Found"
2026-08-03 19:14:51,137 | [FULL    ] | INFO | httpx | HTTP Request: HEAD https://huggingface.co/apple/mobilevit-small/resolve/main/model.safetensors "HTTP/1.1 404 Not Found"
2026-08-03 19:14:51,351 | [FULL    ] | INFO | httpx | HTTP Request: GET https://huggingface.co/api/models/apple/mobilevit-small "HTTP/1.1 200 OK"
2026-08-03 19:14:51,609 | [FULL    ] | INFO | httpx | HTTP Request: GET https://huggingface.co/api/models/apple/mobilevit-small/commits/main "HTTP/1.1 200 OK"
2026-08-03 19:14:51,823 | [FULL    ] | INFO | httpx | HTTP Request: GET https://huggingface.co/api/models/apple/mobilevit-small/discussions?p=0 "HTTP/1.1 200 OK"
2026-08-03 19:14:52,034 | [FULL    ] | INFO | httpx | HTTP Request: GET https://huggingface.co/api/models/apple/mobilevit-small/commits/refs%2Fpr%2F6 "HTTP/1.1 200 OK"
2026-08-03 19:14:52,271 | [FULL    ] | INFO | httpx | HTTP Request: HEAD https://huggingface.co/apple/mobilevit-small/resolve/refs%2Fpr%2F6/model.safetensors.index.json "HTTP/1.1 404 Not Found"
2026-08-03 19:14:52,484 | [FULL    ] | INFO | httpx | HTTP Request: HEAD https://huggingface.co/apple/mobilevit-small/resolve/refs%2Fpr%2F6/model.safetensors "HTTP/1.1 302 Found"
2026-08-03 19:14:53,197 | [FULL    ] | INFO | full_experiments_using.model_trainers.mobile_vit_trainer | Device: cuda | max_epochs=500 | batch=32 | eval_batch=256 | es_patience=30
2026-08-03 19:14:53,210 | [FULL    ] | INFO | full_experiments_using.model_trainers.mobile_vit_trainer | CE weights — HC: 1.096  MCI: 0.919
2026-08-03 19:15:39,879 | [FULL    ] | INFO | full_experiments_using.model_trainers.mobile_vit_trainer | Ep [001/500] T-Acc:  47.8%  V-Acc:  43.4%  V-AUROC: 0.4818  LR: 2.00e-04
2026-08-03 19:15:39,947 | [FULL    ] | INFO | full_experiments_using.model_trainers.mobile_vit_trainer |   ↳ new best AUROC; saved checkpoint: /home/oem/choihyunsu/VOGBasedMCIDetection/outputs/checkpoints/run_20260803_091237_full_wvote_artifact30_w0-5-5-10-0-15-15-30_strat_4err/fold_22_best.pth
2026-08-03 19:16:08,415 | [FULL    ] | INFO | full_experiments_using.model_trainers.mobile_vit_trainer | Ep [002/500] T-Acc:  46.3%  V-Acc:  43.9%  V-AUROC: 0.4938  LR: 4.00e-04
2026-08-03 19:16:08,536 | [FULL    ] | INFO | full_experiments_using.model_trainers.mobile_vit_trainer |   ↳ new best AUROC; saved checkpoint: /home/oem/choihyunsu/VOGBasedMCIDetection/outputs/checkpoints/run_20260803_091237_full_wvote_artifact30_w0-5-5-10-0-15-15-30_strat_4err/fold_22_best.pth
2026-08-03 19:16:37,239 | [FULL    ] | INFO | full_experiments_using.model_trainers.mobile_vit_trainer | Ep [003/500] T-Acc:  48.4%  V-Acc:  44.8%  V-AUROC: 0.5010  LR: 6.00e-04
2026-08-03 19:16:37,372 | [FULL    ] | INFO | full_experiments_using.model_trainers.mobile_vit_trainer |   ↳ new best AUROC; saved checkpoint: /home/oem/choihyunsu/VOGBasedMCIDetection/outputs/checkpoints/run_20260803_091237_full_wvote_artifact30_w0-5-5-10-0-15-15-30_strat_4err/fold_22_best.pth
2026-08-03 19:17:06,043 | [FULL    ] | INFO | full_experiments_using.model_trainers.mobile_vit_trainer | Ep [004/500] T-Acc:  48.2%  V-Acc:  48.1%  V-AUROC: 0.5124  LR: 8.00e-04
2026-08-03 19:17:06,161 | [FULL    ] | INFO | full_experiments_using.model_trainers.mobile_vit_trainer |   ↳ new best AUROC; saved checkpoint: /home/oem/choihyunsu/VOGBasedMCIDetection/outputs/checkpoints/run_20260803_091237_full_wvote_artifact30_w0-5-5-10-0-15-15-30_strat_4err/fold_22_best.pth
2026-08-03 19:17:34,499 | [FULL    ] | INFO | full_experiments_using.model_trainers.mobile_vit_trainer | Ep [005/500] T-Acc:  49.9%  V-Acc:  49.2%  V-AUROC: 0.5373  LR: 1.00e-03
2026-08-03 19:17:34,616 | [FULL    ] | INFO | full_experiments_using.model_trainers.mobile_vit_trainer |   ↳ new best AUROC; saved checkpoint: /home/oem/choihyunsu/VOGBasedMCIDetection/outputs/checkpoints/run_20260803_091237_full_wvote_artifact30_w0-5-5-10-0-15-15-30_strat_4err/fold_22_best.pth
2026-08-03 19:18:03,036 | [FULL    ] | INFO | full_experiments_using.model_trainers.mobile_vit_trainer | Ep [006/500] T-Acc:  51.7%  V-Acc:  51.4%  V-AUROC: 0.5430  LR: 1.00e-03
2026-08-03 19:18:03,153 | [FULL    ] | INFO | full_experiments_using.model_trainers.mobile_vit_trainer |   ↳ new best AUROC; saved checkpoint: /home/oem/choihyunsu/VOGBasedMCIDetection/outputs/checkpoints/run_20260803_091237_full_wvote_artifact30_w0-5-5-10-0-15-15-30_strat_4err/fold_22_best.pth
2026-08-03 19:18:31,734 | [FULL    ] | INFO | full_experiments_using.model_trainers.mobile_vit_trainer | Ep [007/500] T-Acc:  53.4%  V-Acc:  53.9%  V-AUROC: 0.5567  LR: 1.00e-03
2026-08-03 19:18:31,854 | [FULL    ] | INFO | full_experiments_using.model_trainers.mobile_vit_trainer |   ↳ new best AUROC; saved checkpoint: /home/oem/choihyunsu/VOGBasedMCIDetection/outputs/checkpoints/run_20260803_091237_full_wvote_artifact30_w0-5-5-10-0-15-15-30_strat_4err/fold_22_best.pth
2026-08-03 19:19:00,518 | [FULL    ] | INFO | full_experiments_using.model_trainers.mobile_vit_trainer | Ep [008/500] T-Acc:  51.8%  V-Acc:  53.7%  V-AUROC: 0.5603  LR: 1.00e-03
2026-08-03 19:19:00,637 | [FULL    ] | INFO | full_experiments_using.model_trainers.mobile_vit_trainer |   ↳ new best AUROC; saved checkpoint: /home/oem/choihyunsu/VOGBasedMCIDetection/outputs/checkpoints/run_20260803_091237_full_wvote_artifact30_w0-5-5-10-0-15-15-30_strat_4err/fold_22_best.pth
2026-08-03 19:19:29,453 | [FULL    ] | INFO | full_experiments_using.model_trainers.mobile_vit_trainer | Ep [009/500] T-Acc:  52.4%  V-Acc:  54.3%  V-AUROC: 0.5593  LR: 1.00e-03
2026-08-03 19:19:58,200 | [FULL    ] | INFO | full_experiments_using.model_trainers.mobile_vit_trainer | Ep [010/500] T-Acc:  54.5%  V-Acc:  56.4%  V-AUROC: 0.5766  LR: 1.00e-03
2026-08-03 19:19:58,319 | [FULL    ] | INFO | full_experiments_using.model_trainers.mobile_vit_trainer |   ↳ new best AUROC; saved checkpoint: /home/oem/choihyunsu/VOGBasedMCIDetection/outputs/checkpoints/run_20260803_091237_full_wvote_artifact30_w0-5-5-10-0-15-15-30_strat_4err/fold_22_best.pth
2026-08-03 19:20:27,354 | [FULL    ] | INFO | full_experiments_using.model_trainers.mobile_vit_trainer | Ep [011/500] T-Acc:  54.1%  V-Acc:  54.0%  V-AUROC: 0.5585  LR: 1.00e-03
2026-08-03 19:20:56,012 | [FULL    ] | INFO | full_experiments_using.model_trainers.mobile_vit_trainer | Ep [012/500] T-Acc:  55.0%  V-Acc:  53.9%  V-AUROC: 0.5712  LR: 1.00e-03
2026-08-03 19:21:24,645 | [FULL    ] | INFO | full_experiments_using.model_trainers.mobile_vit_trainer | Ep [013/500] T-Acc:  54.4%  V-Acc:  55.2%  V-AUROC: 0.5871  LR: 1.00e-03
2026-08-03 19:21:24,810 | [FULL    ] | INFO | full_experiments_using.model_trainers.mobile_vit_trainer |   ↳ new best AUROC; saved checkpoint: /home/oem/choihyunsu/VOGBasedMCIDetection/outputs/checkpoints/run_20260803_091237_full_wvote_artifact30_w0-5-5-10-0-15-15-30_strat_4err/fold_22_best.pth
2026-08-03 19:21:53,498 | [FULL    ] | INFO | full_experiments_using.model_trainers.mobile_vit_trainer | Ep [014/500] T-Acc:  55.1%  V-Acc:  57.2%  V-AUROC: 0.5931  LR: 1.00e-03
2026-08-03 19:21:53,637 | [FULL    ] | INFO | full_experiments_using.model_trainers.mobile_vit_trainer |   ↳ new best AUROC; saved checkpoint: /home/oem/choihyunsu/VOGBasedMCIDetection/outputs/checkpoints/run_20260803_091237_full_wvote_artifact30_w0-5-5-10-0-15-15-30_strat_4err/fold_22_best.pth
2026-08-03 19:22:22,311 | [FULL    ] | INFO | full_experiments_using.model_trainers.mobile_vit_trainer | Ep [015/500] T-Acc:  55.7%  V-Acc:  57.6%  V-AUROC: 0.5962  LR: 1.00e-03
2026-08-03 19:22:22,444 | [FULL    ] | INFO | full_experiments_using.model_trainers.mobile_vit_trainer |   ↳ new best AUROC; saved checkpoint: /home/oem/choihyunsu/VOGBasedMCIDetection/outputs/checkpoints/run_20260803_091237_full_wvote_artifact30_w0-5-5-10-0-15-15-30_strat_4err/fold_22_best.pth
2026-08-03 19:22:51,321 | [FULL    ] | INFO | full_experiments_using.model_trainers.mobile_vit_trainer | Ep [016/500] T-Acc:  56.4%  V-Acc:  55.4%  V-AUROC: 0.5900  LR: 1.00e-03
2026-08-03 19:23:20,208 | [FULL    ] | INFO | full_experiments_using.model_trainers.mobile_vit_trainer | Ep [017/500] T-Acc:  55.6%  V-Acc:  56.7%  V-AUROC: 0.5979  LR: 1.00e-03
2026-08-03 19:23:20,389 | [FULL    ] | INFO | full_experiments_using.model_trainers.mobile_vit_trainer |   ↳ new best AUROC; saved checkpoint: /home/oem/choihyunsu/VOGBasedMCIDetection/outputs/checkpoints/run_20260803_091237_full_wvote_artifact30_w0-5-5-10-0-15-15-30_strat_4err/fold_22_best.pth
2026-08-03 19:23:49,370 | [FULL    ] | INFO | full_experiments_using.model_trainers.mobile_vit_trainer | Ep [018/500] T-Acc:  55.8%  V-Acc:  57.2%  V-AUROC: 0.6000  LR: 1.00e-03
2026-08-03 19:23:49,524 | [FULL    ] | INFO | full_experiments_using.model_trainers.mobile_vit_trainer |   ↳ new best AUROC; saved checkpoint: /home/oem/choihyunsu/VOGBasedMCIDetection/outputs/checkpoints/run_20260803_091237_full_wvote_artifact30_w0-5-5-10-0-15-15-30_strat_4err/fold_22_best.pth
2026-08-03 19:24:18,568 | [FULL    ] | INFO | full_experiments_using.model_trainers.mobile_vit_trainer | Ep [019/500] T-Acc:  56.0%  V-Acc:  57.7%  V-AUROC: 0.5978  LR: 1.00e-03
2026-08-03 19:24:47,124 | [FULL    ] | INFO | full_experiments_using.model_trainers.mobile_vit_trainer | Ep [020/500] T-Acc:  56.7%  V-Acc:  58.1%  V-AUROC: 0.5975  LR: 1.00e-03
2026-08-03 19:25:16,088 | [FULL    ] | INFO | full_experiments_using.model_trainers.mobile_vit_trainer | Ep [021/500] T-Acc:  57.6%  V-Acc:  55.9%  V-AUROC: 0.5880  LR: 1.00e-03
2026-08-03 19:25:45,001 | [FULL    ] | INFO | full_experiments_using.model_trainers.mobile_vit_trainer | Ep [022/500] T-Acc:  57.8%  V-Acc:  56.3%  V-AUROC: 0.6073  LR: 1.00e-03
2026-08-03 19:25:45,149 | [FULL    ] | INFO | full_experiments_using.model_trainers.mobile_vit_trainer |   ↳ new best AUROC; saved checkpoint: /home/oem/choihyunsu/VOGBasedMCIDetection/outputs/checkpoints/run_20260803_091237_full_wvote_artifact30_w0-5-5-10-0-15-15-30_strat_4err/fold_22_best.pth
2026-08-03 19:26:13,863 | [FULL    ] | INFO | full_experiments_using.model_trainers.mobile_vit_trainer | Ep [023/500] T-Acc:  57.9%  V-Acc:  56.4%  V-AUROC: 0.6010  LR: 1.00e-03
2026-08-03 19:26:42,682 | [FULL    ] | INFO | full_experiments_using.model_trainers.mobile_vit_trainer | Ep [024/500] T-Acc:  58.6%  V-Acc:  57.0%  V-AUROC: 0.5792  LR: 1.00e-03
2026-08-03 19:27:11,323 | [FULL    ] | INFO | full_experiments_using.model_trainers.mobile_vit_trainer | Ep [025/500] T-Acc:  59.1%  V-Acc:  55.3%  V-AUROC: 0.5929  LR: 1.00e-03
2026-08-03 19:27:39,937 | [FULL    ] | INFO | full_experiments_using.model_trainers.mobile_vit_trainer | Ep [026/500] T-Acc:  58.0%  V-Acc:  55.6%  V-AUROC: 0.5967  LR: 1.00e-03
2026-08-03 19:28:08,753 | [FULL    ] | INFO | full_experiments_using.model_trainers.mobile_vit_trainer | Ep [027/500] T-Acc:  58.7%  V-Acc:  56.8%  V-AUROC: 0.6032  LR: 1.00e-03
2026-08-03 19:28:37,462 | [FULL    ] | INFO | full_experiments_using.model_trainers.mobile_vit_trainer | Ep [028/500] T-Acc:  59.5%  V-Acc:  56.6%  V-AUROC: 0.5929  LR: 1.00e-03
2026-08-03 19:29:06,166 | [FULL    ] | INFO | full_experiments_using.model_trainers.mobile_vit_trainer | Ep [029/500] T-Acc:  59.7%  V-Acc:  57.2%  V-AUROC: 0.6028  LR: 1.00e-03
2026-08-03 19:29:34,818 | [FULL    ] | INFO | full_experiments_using.model_trainers.mobile_vit_trainer | Ep [030/500] T-Acc:  60.1%  V-Acc:  58.0%  V-AUROC: 0.6157  LR: 1.00e-03
2026-08-03 19:29:34,938 | [FULL    ] | INFO | full_experiments_using.model_trainers.mobile_vit_trainer |   ↳ new best AUROC; saved checkpoint: /home/oem/choihyunsu/VOGBasedMCIDetection/outputs/checkpoints/run_20260803_091237_full_wvote_artifact30_w0-5-5-10-0-15-15-30_strat_4err/fold_22_best.pth
2026-08-03 19:30:03,648 | [FULL    ] | INFO | full_experiments_using.model_trainers.mobile_vit_trainer | Ep [031/500] T-Acc:  59.8%  V-Acc:  58.2%  V-AUROC: 0.6038  LR: 1.00e-03
2026-08-03 19:30:32,365 | [FULL    ] | INFO | full_experiments_using.model_trainers.mobile_vit_trainer | Ep [032/500] T-Acc:  60.1%  V-Acc:  56.9%  V-AUROC: 0.5952  LR: 1.00e-03
2026-08-03 19:31:01,071 | [FULL    ] | INFO | full_experiments_using.model_trainers.mobile_vit_trainer | Ep [033/500] T-Acc:  60.4%  V-Acc:  56.2%  V-AUROC: 0.6021  LR: 1.00e-03
2026-08-03 19:31:29,864 | [FULL    ] | INFO | full_experiments_using.model_trainers.mobile_vit_trainer | Ep [034/500] T-Acc:  60.7%  V-Acc:  57.6%  V-AUROC: 0.5974  LR: 1.00e-03
2026-08-03 19:31:58,656 | [FULL    ] | INFO | full_experiments_using.model_trainers.mobile_vit_trainer | Ep [035/500] T-Acc:  59.3%  V-Acc:  57.1%  V-AUROC: 0.6002  LR: 1.00e-03
2026-08-03 19:32:25,713 | [FULL    ] | INFO | full_experiments_using.model_trainers.mobile_vit_trainer | Ep [036/500] T-Acc:  59.8%  V-Acc:  56.9%  V-AUROC: 0.5919  LR: 1.00e-03
2026-08-03 19:32:52,977 | [FULL    ] | INFO | full_experiments_using.model_trainers.mobile_vit_trainer | Ep [037/500] T-Acc:  60.8%  V-Acc:  56.0%  V-AUROC: 0.5885  LR: 1.00e-03
2026-08-03 19:33:21,159 | [FULL    ] | INFO | full_experiments_using.model_trainers.mobile_vit_trainer | Ep [038/500] T-Acc:  60.2%  V-Acc:  56.3%  V-AUROC: 0.5946  LR: 1.00e-03
2026-08-03 19:33:49,591 | [FULL    ] | INFO | full_experiments_using.model_trainers.mobile_vit_trainer | Ep [039/500] T-Acc:  60.5%  V-Acc:  57.6%  V-AUROC: 0.5855  LR: 1.00e-03
2026-08-03 19:34:18,228 | [FULL    ] | INFO | full_experiments_using.model_trainers.mobile_vit_trainer | Ep [040/500] T-Acc:  61.5%  V-Acc:  56.7%  V-AUROC: 0.5995  LR: 1.00e-03
2026-08-03 19:34:46,724 | [FULL    ] | INFO | full_experiments_using.model_trainers.mobile_vit_trainer | Ep [041/500] T-Acc:  59.9%  V-Acc:  57.6%  V-AUROC: 0.5903  LR: 1.00e-03
2026-08-03 19:35:15,425 | [FULL    ] | INFO | full_experiments_using.model_trainers.mobile_vit_trainer | Ep [042/500] T-Acc:  61.5%  V-Acc:  57.8%  V-AUROC: 0.5959  LR: 2.00e-04
2026-08-03 19:35:44,287 | [FULL    ] | INFO | full_experiments_using.model_trainers.mobile_vit_trainer | Ep [043/500] T-Acc:  60.8%  V-Acc:  57.0%  V-AUROC: 0.6001  LR: 2.00e-04
2026-08-03 19:36:13,098 | [FULL    ] | INFO | full_experiments_using.model_trainers.mobile_vit_trainer | Ep [044/500] T-Acc:  61.8%  V-Acc:  56.4%  V-AUROC: 0.5979  LR: 2.00e-04
2026-08-03 19:36:40,070 | [FULL    ] | INFO | full_experiments_using.model_trainers.mobile_vit_trainer | Ep [045/500] T-Acc:  61.9%  V-Acc:  57.2%  V-AUROC: 0.5988  LR: 2.00e-04
2026-08-03 19:37:06,299 | [FULL    ] | INFO | full_experiments_using.model_trainers.mobile_vit_trainer | Ep [046/500] T-Acc:  61.3%  V-Acc:  56.1%  V-AUROC: 0.5983  LR: 2.00e-04
2026-08-03 19:37:35,043 | [FULL    ] | INFO | full_experiments_using.model_trainers.mobile_vit_trainer | Ep [047/500] T-Acc:  61.8%  V-Acc:  56.4%  V-AUROC: 0.5987  LR: 2.00e-04
2026-08-03 19:38:03,644 | [FULL    ] | INFO | full_experiments_using.model_trainers.mobile_vit_trainer | Ep [048/500] T-Acc:  61.4%  V-Acc:  56.7%  V-AUROC: 0.5979  LR: 2.00e-04
2026-08-03 19:38:32,293 | [FULL    ] | INFO | full_experiments_using.model_trainers.mobile_vit_trainer | Ep [049/500] T-Acc:  61.5%  V-Acc:  57.5%  V-AUROC: 0.5993  LR: 2.00e-04
2026-08-03 19:39:00,813 | [FULL    ] | INFO | full_experiments_using.model_trainers.mobile_vit_trainer | Ep [050/500] T-Acc:  61.9%  V-Acc:  56.6%  V-AUROC: 0.5950  LR: 2.00e-04
2026-08-03 19:39:29,476 | [FULL    ] | INFO | full_experiments_using.model_trainers.mobile_vit_trainer | Ep [051/500] T-Acc:  61.9%  V-Acc:  57.3%  V-AUROC: 0.6013  LR: 2.00e-04
2026-08-03 19:39:58,132 | [FULL    ] | INFO | full_experiments_using.model_trainers.mobile_vit_trainer | Ep [052/500] T-Acc:  61.6%  V-Acc:  56.9%  V-AUROC: 0.6020  LR: 2.00e-04
2026-08-03 19:40:27,000 | [FULL    ] | INFO | full_experiments_using.model_trainers.mobile_vit_trainer | Ep [053/500] T-Acc:  61.7%  V-Acc:  56.4%  V-AUROC: 0.5983  LR: 4.00e-05
2026-08-03 19:40:55,414 | [FULL    ] | INFO | full_experiments_using.model_trainers.mobile_vit_trainer | Ep [054/500] T-Acc:  61.9%  V-Acc:  57.2%  V-AUROC: 0.6003  LR: 4.00e-05
2026-08-03 19:41:23,968 | [FULL    ] | INFO | full_experiments_using.model_trainers.mobile_vit_trainer | Ep [055/500] T-Acc:  61.2%  V-Acc:  57.5%  V-AUROC: 0.5997  LR: 4.00e-05
2026-08-03 19:41:52,639 | [FULL    ] | INFO | full_experiments_using.model_trainers.mobile_vit_trainer | Ep [056/500] T-Acc:  60.8%  V-Acc:  57.2%  V-AUROC: 0.6015  LR: 4.00e-05
2026-08-03 19:42:21,276 | [FULL    ] | INFO | full_experiments_using.model_trainers.mobile_vit_trainer | Ep [057/500] T-Acc:  62.0%  V-Acc:  57.0%  V-AUROC: 0.6013  LR: 4.00e-05
2026-08-03 19:42:49,736 | [FULL    ] | INFO | full_experiments_using.model_trainers.mobile_vit_trainer | Ep [058/500] T-Acc:  61.0%  V-Acc:  58.0%  V-AUROC: 0.6039  LR: 4.00e-05
2026-08-03 19:43:18,305 | [FULL    ] | INFO | full_experiments_using.model_trainers.mobile_vit_trainer | Ep [059/500] T-Acc:  61.4%  V-Acc:  56.5%  V-AUROC: 0.5999  LR: 4.00e-05
2026-08-03 19:43:45,224 | [FULL    ] | INFO | full_experiments_using.model_trainers.mobile_vit_trainer | Ep [060/500] T-Acc:  61.0%  V-Acc:  56.7%  V-AUROC: 0.6036  LR: 4.00e-05
2026-08-03 19:43:45,225 | [FULL    ] | INFO | full_experiments_using.model_trainers.mobile_vit_trainer | Early stop — best AUROC 0.6157 at epoch 30 (no improvement for 30 epochs)
2026-08-03 19:43:45,225 | [FULL    ] | INFO | full_experiments_using.model_trainers.mobile_vit_trainer | Done. Best AUROC: 0.6157 (epoch 30) → /home/oem/choihyunsu/VOGBasedMCIDetection/outputs/checkpoints/run_20260803_091237_full_wvote_artifact30_w0-5-5-10-0-15-15-30_strat_4err/fold_22_best.pth
2026-08-03 19:43:55,239 | [FULL    ] | INFO | full_experiments_using.evaluators.monte_carlo_evaluator | -> Fold 23 Result | Acc=0.700 Sens=1.000 Spec=0.000 AUROC=0.810
2026-08-03 19:43:55,253 | [FULL    ] | INFO | full_experiments_using.evaluators.monte_carlo_evaluator | === Fold 24/30 | train: 25 subj (HC=10 MCI=15) / 3836 win | test: 12 subj (HC=4 MCI=8) / 1879 win ===
2026-08-03 19:43:55,475 | [FULL    ] | INFO | httpx | HTTP Request: HEAD https://huggingface.co/apple/mobilevit-small/resolve/main/config.json "HTTP/1.1 307 Temporary Redirect"
2026-08-03 19:43:55,487 | [FULL    ] | INFO | httpx | HTTP Request: HEAD https://huggingface.co/api/resolve-cache/models/apple/mobilevit-small/6c8612545dc98676d27bc518fa521d9e9af23e34/config.json "HTTP/1.1 200 OK"
2026-08-03 19:43:55,770 | [FULL    ] | INFO | httpx | HTTP Request: HEAD https://huggingface.co/apple/mobilevit-small/resolve/main/model.safetensors "HTTP/1.1 404 Not Found"
2026-08-03 19:43:55,976 | [FULL    ] | INFO | httpx | HTTP Request: HEAD https://huggingface.co/apple/mobilevit-small/resolve/main/model.safetensors.index.json "HTTP/1.1 404 Not Found"
2026-08-03 19:43:56,192 | [FULL    ] | INFO | httpx | HTTP Request: HEAD https://huggingface.co/apple/mobilevit-small/resolve/main/pytorch_model.bin "HTTP/1.1 302 Found"
2026-08-03 19:43:56,397 | [FULL    ] | INFO | httpx | HTTP Request: HEAD https://huggingface.co/apple/mobilevit-small/resolve/main/model.safetensors "HTTP/1.1 404 Not Found"
2026-08-03 19:43:56,615 | [FULL    ] | INFO | httpx | HTTP Request: GET https://huggingface.co/api/models/apple/mobilevit-small "HTTP/1.1 200 OK"
2026-08-03 19:43:56,877 | [FULL    ] | INFO | httpx | HTTP Request: GET https://huggingface.co/api/models/apple/mobilevit-small/commits/main "HTTP/1.1 200 OK"
2026-08-03 19:43:57,184 | [FULL    ] | INFO | httpx | HTTP Request: GET https://huggingface.co/api/models/apple/mobilevit-small/discussions?p=0 "HTTP/1.1 200 OK"
2026-08-03 19:43:57,402 | [FULL    ] | INFO | httpx | HTTP Request: GET https://huggingface.co/api/models/apple/mobilevit-small/commits/refs%2Fpr%2F6 "HTTP/1.1 200 OK"
2026-08-03 19:43:57,685 | [FULL    ] | INFO | httpx | HTTP Request: HEAD https://huggingface.co/apple/mobilevit-small/resolve/refs%2Fpr%2F6/model.safetensors.index.json "HTTP/1.1 404 Not Found"
2026-08-03 19:43:57,904 | [FULL    ] | INFO | httpx | HTTP Request: HEAD https://huggingface.co/apple/mobilevit-small/resolve/refs%2Fpr%2F6/model.safetensors "HTTP/1.1 302 Found"
2026-08-03 19:43:58,609 | [FULL    ] | INFO | full_experiments_using.model_trainers.mobile_vit_trainer | Device: cuda | max_epochs=500 | batch=32 | eval_batch=256 | es_patience=30
2026-08-03 19:43:58,622 | [FULL    ] | INFO | full_experiments_using.model_trainers.mobile_vit_trainer | CE weights — HC: 1.100  MCI: 0.916
2026-08-03 19:44:36,076 | [FULL    ] | INFO | full_experiments_using.model_trainers.mobile_vit_trainer | Ep [001/500] T-Acc:  48.8%  V-Acc:  46.1%  V-AUROC: 0.4605  LR: 2.00e-04
2026-08-03 19:44:36,136 | [FULL    ] | INFO | full_experiments_using.model_trainers.mobile_vit_trainer |   ↳ new best AUROC; saved checkpoint: /home/oem/choihyunsu/VOGBasedMCIDetection/outputs/checkpoints/run_20260803_091237_full_wvote_artifact30_w0-5-5-10-0-15-15-30_strat_4err/fold_23_best.pth
2026-08-03 19:45:04,129 | [FULL    ] | INFO | full_experiments_using.model_trainers.mobile_vit_trainer | Ep [002/500] T-Acc:  49.5%  V-Acc:  45.7%  V-AUROC: 0.4714  LR: 4.00e-04
2026-08-03 19:45:04,293 | [FULL    ] | INFO | full_experiments_using.model_trainers.mobile_vit_trainer |   ↳ new best AUROC; saved checkpoint: /home/oem/choihyunsu/VOGBasedMCIDetection/outputs/checkpoints/run_20260803_091237_full_wvote_artifact30_w0-5-5-10-0-15-15-30_strat_4err/fold_23_best.pth
2026-08-03 19:45:32,147 | [FULL    ] | INFO | full_experiments_using.model_trainers.mobile_vit_trainer | Ep [003/500] T-Acc:  50.3%  V-Acc:  47.1%  V-AUROC: 0.4870  LR: 6.00e-04
2026-08-03 19:45:32,264 | [FULL    ] | INFO | full_experiments_using.model_trainers.mobile_vit_trainer |   ↳ new best AUROC; saved checkpoint: /home/oem/choihyunsu/VOGBasedMCIDetection/outputs/checkpoints/run_20260803_091237_full_wvote_artifact30_w0-5-5-10-0-15-15-30_strat_4err/fold_23_best.pth
2026-08-03 19:46:00,304 | [FULL    ] | INFO | full_experiments_using.model_trainers.mobile_vit_trainer | Ep [004/500] T-Acc:  50.7%  V-Acc:  48.7%  V-AUROC: 0.5112  LR: 8.00e-04
2026-08-03 19:46:00,433 | [FULL    ] | INFO | full_experiments_using.model_trainers.mobile_vit_trainer |   ↳ new best AUROC; saved checkpoint: /home/oem/choihyunsu/VOGBasedMCIDetection/outputs/checkpoints/run_20260803_091237_full_wvote_artifact30_w0-5-5-10-0-15-15-30_strat_4err/fold_23_best.pth
2026-08-03 19:46:28,546 | [FULL    ] | INFO | full_experiments_using.model_trainers.mobile_vit_trainer | Ep [005/500] T-Acc:  50.4%  V-Acc:  50.6%  V-AUROC: 0.5264  LR: 1.00e-03
2026-08-03 19:46:28,737 | [FULL    ] | INFO | full_experiments_using.model_trainers.mobile_vit_trainer |   ↳ new best AUROC; saved checkpoint: /home/oem/choihyunsu/VOGBasedMCIDetection/outputs/checkpoints/run_20260803_091237_full_wvote_artifact30_w0-5-5-10-0-15-15-30_strat_4err/fold_23_best.pth
2026-08-03 19:46:56,920 | [FULL    ] | INFO | full_experiments_using.model_trainers.mobile_vit_trainer | Ep [006/500] T-Acc:  51.8%  V-Acc:  51.7%  V-AUROC: 0.5297  LR: 1.00e-03
2026-08-03 19:46:57,051 | [FULL    ] | INFO | full_experiments_using.model_trainers.mobile_vit_trainer |   ↳ new best AUROC; saved checkpoint: /home/oem/choihyunsu/VOGBasedMCIDetection/outputs/checkpoints/run_20260803_091237_full_wvote_artifact30_w0-5-5-10-0-15-15-30_strat_4err/fold_23_best.pth
2026-08-03 19:47:25,171 | [FULL    ] | INFO | full_experiments_using.model_trainers.mobile_vit_trainer | Ep [007/500] T-Acc:  52.7%  V-Acc:  55.2%  V-AUROC: 0.5610  LR: 1.00e-03
2026-08-03 19:47:25,350 | [FULL    ] | INFO | full_experiments_using.model_trainers.mobile_vit_trainer |   ↳ new best AUROC; saved checkpoint: /home/oem/choihyunsu/VOGBasedMCIDetection/outputs/checkpoints/run_20260803_091237_full_wvote_artifact30_w0-5-5-10-0-15-15-30_strat_4err/fold_23_best.pth
2026-08-03 19:47:53,596 | [FULL    ] | INFO | full_experiments_using.model_trainers.mobile_vit_trainer | Ep [008/500] T-Acc:  51.6%  V-Acc:  56.1%  V-AUROC: 0.5714  LR: 1.00e-03
2026-08-03 19:47:53,796 | [FULL    ] | INFO | full_experiments_using.model_trainers.mobile_vit_trainer |   ↳ new best AUROC; saved checkpoint: /home/oem/choihyunsu/VOGBasedMCIDetection/outputs/checkpoints/run_20260803_091237_full_wvote_artifact30_w0-5-5-10-0-15-15-30_strat_4err/fold_23_best.pth
2026-08-03 19:48:21,815 | [FULL    ] | INFO | full_experiments_using.model_trainers.mobile_vit_trainer | Ep [009/500] T-Acc:  54.2%  V-Acc:  52.8%  V-AUROC: 0.5635  LR: 1.00e-03
2026-08-03 19:48:50,102 | [FULL    ] | INFO | full_experiments_using.model_trainers.mobile_vit_trainer | Ep [010/500] T-Acc:  53.4%  V-Acc:  54.5%  V-AUROC: 0.5751  LR: 1.00e-03
2026-08-03 19:48:50,221 | [FULL    ] | INFO | full_experiments_using.model_trainers.mobile_vit_trainer |   ↳ new best AUROC; saved checkpoint: /home/oem/choihyunsu/VOGBasedMCIDetection/outputs/checkpoints/run_20260803_091237_full_wvote_artifact30_w0-5-5-10-0-15-15-30_strat_4err/fold_23_best.pth
2026-08-03 19:49:18,461 | [FULL    ] | INFO | full_experiments_using.model_trainers.mobile_vit_trainer | Ep [011/500] T-Acc:  55.0%  V-Acc:  55.6%  V-AUROC: 0.5820  LR: 1.00e-03
2026-08-03 19:49:18,652 | [FULL    ] | INFO | full_experiments_using.model_trainers.mobile_vit_trainer |   ↳ new best AUROC; saved checkpoint: /home/oem/choihyunsu/VOGBasedMCIDetection/outputs/checkpoints/run_20260803_091237_full_wvote_artifact30_w0-5-5-10-0-15-15-30_strat_4err/fold_23_best.pth
2026-08-03 19:49:46,585 | [FULL    ] | INFO | full_experiments_using.model_trainers.mobile_vit_trainer | Ep [012/500] T-Acc:  55.5%  V-Acc:  56.9%  V-AUROC: 0.5933  LR: 1.00e-03
2026-08-03 19:49:46,717 | [FULL    ] | INFO | full_experiments_using.model_trainers.mobile_vit_trainer |   ↳ new best AUROC; saved checkpoint: /home/oem/choihyunsu/VOGBasedMCIDetection/outputs/checkpoints/run_20260803_091237_full_wvote_artifact30_w0-5-5-10-0-15-15-30_strat_4err/fold_23_best.pth
2026-08-03 19:50:15,145 | [FULL    ] | INFO | full_experiments_using.model_trainers.mobile_vit_trainer | Ep [013/500] T-Acc:  55.3%  V-Acc:  54.4%  V-AUROC: 0.5786  LR: 1.00e-03
2026-08-03 19:50:43,579 | [FULL    ] | INFO | full_experiments_using.model_trainers.mobile_vit_trainer | Ep [014/500] T-Acc:  54.5%  V-Acc:  55.3%  V-AUROC: 0.5850  LR: 1.00e-03
2026-08-03 19:51:11,480 | [FULL    ] | INFO | full_experiments_using.model_trainers.mobile_vit_trainer | Ep [015/500] T-Acc:  55.4%  V-Acc:  55.9%  V-AUROC: 0.5942  LR: 1.00e-03
2026-08-03 19:51:11,573 | [FULL    ] | INFO | full_experiments_using.model_trainers.mobile_vit_trainer |   ↳ new best AUROC; saved checkpoint: /home/oem/choihyunsu/VOGBasedMCIDetection/outputs/checkpoints/run_20260803_091237_full_wvote_artifact30_w0-5-5-10-0-15-15-30_strat_4err/fold_23_best.pth
2026-08-03 19:51:39,716 | [FULL    ] | INFO | full_experiments_using.model_trainers.mobile_vit_trainer | Ep [016/500] T-Acc:  56.5%  V-Acc:  56.2%  V-AUROC: 0.5935  LR: 1.00e-03
2026-08-03 19:52:07,714 | [FULL    ] | INFO | full_experiments_using.model_trainers.mobile_vit_trainer | Ep [017/500] T-Acc:  56.7%  V-Acc:  55.7%  V-AUROC: 0.5954  LR: 1.00e-03
2026-08-03 19:52:07,837 | [FULL    ] | INFO | full_experiments_using.model_trainers.mobile_vit_trainer |   ↳ new best AUROC; saved checkpoint: /home/oem/choihyunsu/VOGBasedMCIDetection/outputs/checkpoints/run_20260803_091237_full_wvote_artifact30_w0-5-5-10-0-15-15-30_strat_4err/fold_23_best.pth
2026-08-03 19:52:35,966 | [FULL    ] | INFO | full_experiments_using.model_trainers.mobile_vit_trainer | Ep [018/500] T-Acc:  56.9%  V-Acc:  56.2%  V-AUROC: 0.6037  LR: 1.00e-03
2026-08-03 19:52:36,088 | [FULL    ] | INFO | full_experiments_using.model_trainers.mobile_vit_trainer |   ↳ new best AUROC; saved checkpoint: /home/oem/choihyunsu/VOGBasedMCIDetection/outputs/checkpoints/run_20260803_091237_full_wvote_artifact30_w0-5-5-10-0-15-15-30_strat_4err/fold_23_best.pth
2026-08-03 19:53:04,051 | [FULL    ] | INFO | full_experiments_using.model_trainers.mobile_vit_trainer | Ep [019/500] T-Acc:  56.4%  V-Acc:  56.4%  V-AUROC: 0.6024  LR: 1.00e-03
2026-08-03 19:53:32,384 | [FULL    ] | INFO | full_experiments_using.model_trainers.mobile_vit_trainer | Ep [020/500] T-Acc:  58.0%  V-Acc:  55.9%  V-AUROC: 0.6078  LR: 1.00e-03
2026-08-03 19:53:32,581 | [FULL    ] | INFO | full_experiments_using.model_trainers.mobile_vit_trainer |   ↳ new best AUROC; saved checkpoint: /home/oem/choihyunsu/VOGBasedMCIDetection/outputs/checkpoints/run_20260803_091237_full_wvote_artifact30_w0-5-5-10-0-15-15-30_strat_4err/fold_23_best.pth
2026-08-03 19:54:00,742 | [FULL    ] | INFO | full_experiments_using.model_trainers.mobile_vit_trainer | Ep [021/500] T-Acc:  57.2%  V-Acc:  56.8%  V-AUROC: 0.6136  LR: 1.00e-03
2026-08-03 19:54:00,872 | [FULL    ] | INFO | full_experiments_using.model_trainers.mobile_vit_trainer |   ↳ new best AUROC; saved checkpoint: /home/oem/choihyunsu/VOGBasedMCIDetection/outputs/checkpoints/run_20260803_091237_full_wvote_artifact30_w0-5-5-10-0-15-15-30_strat_4err/fold_23_best.pth
2026-08-03 19:54:28,920 | [FULL    ] | INFO | full_experiments_using.model_trainers.mobile_vit_trainer | Ep [022/500] T-Acc:  57.4%  V-Acc:  57.2%  V-AUROC: 0.6072  LR: 1.00e-03
2026-08-03 19:54:56,999 | [FULL    ] | INFO | full_experiments_using.model_trainers.mobile_vit_trainer | Ep [023/500] T-Acc:  56.2%  V-Acc:  56.5%  V-AUROC: 0.6087  LR: 1.00e-03
2026-08-03 19:55:25,116 | [FULL    ] | INFO | full_experiments_using.model_trainers.mobile_vit_trainer | Ep [024/500] T-Acc:  58.6%  V-Acc:  57.2%  V-AUROC: 0.6132  LR: 1.00e-03
2026-08-03 19:55:53,170 | [FULL    ] | INFO | full_experiments_using.model_trainers.mobile_vit_trainer | Ep [025/500] T-Acc:  58.4%  V-Acc:  57.3%  V-AUROC: 0.6135  LR: 1.00e-03
2026-08-03 19:56:21,357 | [FULL    ] | INFO | full_experiments_using.model_trainers.mobile_vit_trainer | Ep [026/500] T-Acc:  57.0%  V-Acc:  57.2%  V-AUROC: 0.6167  LR: 1.00e-03
2026-08-03 19:56:21,461 | [FULL    ] | INFO | full_experiments_using.model_trainers.mobile_vit_trainer |   ↳ new best AUROC; saved checkpoint: /home/oem/choihyunsu/VOGBasedMCIDetection/outputs/checkpoints/run_20260803_091237_full_wvote_artifact30_w0-5-5-10-0-15-15-30_strat_4err/fold_23_best.pth
2026-08-03 19:56:49,434 | [FULL    ] | INFO | full_experiments_using.model_trainers.mobile_vit_trainer | Ep [027/500] T-Acc:  57.8%  V-Acc:  57.7%  V-AUROC: 0.6253  LR: 1.00e-03
2026-08-03 19:56:49,524 | [FULL    ] | INFO | full_experiments_using.model_trainers.mobile_vit_trainer |   ↳ new best AUROC; saved checkpoint: /home/oem/choihyunsu/VOGBasedMCIDetection/outputs/checkpoints/run_20260803_091237_full_wvote_artifact30_w0-5-5-10-0-15-15-30_strat_4err/fold_23_best.pth
2026-08-03 19:57:17,606 | [FULL    ] | INFO | full_experiments_using.model_trainers.mobile_vit_trainer | Ep [028/500] T-Acc:  59.1%  V-Acc:  57.7%  V-AUROC: 0.6265  LR: 1.00e-03
2026-08-03 19:57:17,732 | [FULL    ] | INFO | full_experiments_using.model_trainers.mobile_vit_trainer |   ↳ new best AUROC; saved checkpoint: /home/oem/choihyunsu/VOGBasedMCIDetection/outputs/checkpoints/run_20260803_091237_full_wvote_artifact30_w0-5-5-10-0-15-15-30_strat_4err/fold_23_best.pth
2026-08-03 19:57:45,944 | [FULL    ] | INFO | full_experiments_using.model_trainers.mobile_vit_trainer | Ep [029/500] T-Acc:  59.2%  V-Acc:  57.1%  V-AUROC: 0.6276  LR: 1.00e-03
2026-08-03 19:57:46,066 | [FULL    ] | INFO | full_experiments_using.model_trainers.mobile_vit_trainer |   ↳ new best AUROC; saved checkpoint: /home/oem/choihyunsu/VOGBasedMCIDetection/outputs/checkpoints/run_20260803_091237_full_wvote_artifact30_w0-5-5-10-0-15-15-30_strat_4err/fold_23_best.pth
2026-08-03 19:58:14,222 | [FULL    ] | INFO | full_experiments_using.model_trainers.mobile_vit_trainer | Ep [030/500] T-Acc:  58.0%  V-Acc:  58.4%  V-AUROC: 0.6276  LR: 1.00e-03
2026-08-03 19:58:42,315 | [FULL    ] | INFO | full_experiments_using.model_trainers.mobile_vit_trainer | Ep [031/500] T-Acc:  58.1%  V-Acc:  57.5%  V-AUROC: 0.6166  LR: 1.00e-03
2026-08-03 19:59:10,497 | [FULL    ] | INFO | full_experiments_using.model_trainers.mobile_vit_trainer | Ep [032/500] T-Acc:  58.0%  V-Acc:  57.8%  V-AUROC: 0.6285  LR: 1.00e-03
2026-08-03 19:59:10,686 | [FULL    ] | INFO | full_experiments_using.model_trainers.mobile_vit_trainer |   ↳ new best AUROC; saved checkpoint: /home/oem/choihyunsu/VOGBasedMCIDetection/outputs/checkpoints/run_20260803_091237_full_wvote_artifact30_w0-5-5-10-0-15-15-30_strat_4err/fold_23_best.pth
2026-08-03 19:59:38,847 | [FULL    ] | INFO | full_experiments_using.model_trainers.mobile_vit_trainer | Ep [033/500] T-Acc:  58.5%  V-Acc:  58.2%  V-AUROC: 0.6289  LR: 1.00e-03
2026-08-03 19:59:39,018 | [FULL    ] | INFO | full_experiments_using.model_trainers.mobile_vit_trainer |   ↳ new best AUROC; saved checkpoint: /home/oem/choihyunsu/VOGBasedMCIDetection/outputs/checkpoints/run_20260803_091237_full_wvote_artifact30_w0-5-5-10-0-15-15-30_strat_4err/fold_23_best.pth
2026-08-03 20:00:06,916 | [FULL    ] | INFO | full_experiments_using.model_trainers.mobile_vit_trainer | Ep [034/500] T-Acc:  59.4%  V-Acc:  58.0%  V-AUROC: 0.6203  LR: 1.00e-03
2026-08-03 20:00:34,921 | [FULL    ] | INFO | full_experiments_using.model_trainers.mobile_vit_trainer | Ep [035/500] T-Acc:  59.1%  V-Acc:  58.8%  V-AUROC: 0.6209  LR: 1.00e-03
2026-08-03 20:01:01,229 | [FULL    ] | INFO | full_experiments_using.model_trainers.mobile_vit_trainer | Ep [036/500] T-Acc:  59.6%  V-Acc:  58.4%  V-AUROC: 0.6309  LR: 1.00e-03
2026-08-03 20:01:01,359 | [FULL    ] | INFO | full_experiments_using.model_trainers.mobile_vit_trainer |   ↳ new best AUROC; saved checkpoint: /home/oem/choihyunsu/VOGBasedMCIDetection/outputs/checkpoints/run_20260803_091237_full_wvote_artifact30_w0-5-5-10-0-15-15-30_strat_4err/fold_23_best.pth
2026-08-03 20:01:27,390 | [FULL    ] | INFO | full_experiments_using.model_trainers.mobile_vit_trainer | Ep [037/500] T-Acc:  58.9%  V-Acc:  59.8%  V-AUROC: 0.6385  LR: 1.00e-03
2026-08-03 20:01:27,508 | [FULL    ] | INFO | full_experiments_using.model_trainers.mobile_vit_trainer |   ↳ new best AUROC; saved checkpoint: /home/oem/choihyunsu/VOGBasedMCIDetection/outputs/checkpoints/run_20260803_091237_full_wvote_artifact30_w0-5-5-10-0-15-15-30_strat_4err/fold_23_best.pth
2026-08-03 20:01:53,687 | [FULL    ] | INFO | full_experiments_using.model_trainers.mobile_vit_trainer | Ep [038/500] T-Acc:  60.0%  V-Acc:  57.4%  V-AUROC: 0.6372  LR: 1.00e-03
2026-08-03 20:02:19,881 | [FULL    ] | INFO | full_experiments_using.model_trainers.mobile_vit_trainer | Ep [039/500] T-Acc:  59.6%  V-Acc:  58.8%  V-AUROC: 0.6327  LR: 1.00e-03
2026-08-03 20:02:48,315 | [FULL    ] | INFO | full_experiments_using.model_trainers.mobile_vit_trainer | Ep [040/500] T-Acc:  58.7%  V-Acc:  58.4%  V-AUROC: 0.6216  LR: 1.00e-03
2026-08-03 20:03:16,657 | [FULL    ] | INFO | full_experiments_using.model_trainers.mobile_vit_trainer | Ep [041/500] T-Acc:  60.1%  V-Acc:  57.8%  V-AUROC: 0.6326  LR: 1.00e-03
2026-08-03 20:03:45,064 | [FULL    ] | INFO | full_experiments_using.model_trainers.mobile_vit_trainer | Ep [042/500] T-Acc:  60.4%  V-Acc:  58.5%  V-AUROC: 0.6291  LR: 1.00e-03
2026-08-03 20:04:12,829 | [FULL    ] | INFO | full_experiments_using.model_trainers.mobile_vit_trainer | Ep [043/500] T-Acc:  58.5%  V-Acc:  59.6%  V-AUROC: 0.6380  LR: 1.00e-03
2026-08-03 20:04:40,805 | [FULL    ] | INFO | full_experiments_using.model_trainers.mobile_vit_trainer | Ep [044/500] T-Acc:  59.8%  V-Acc:  59.1%  V-AUROC: 0.6478  LR: 1.00e-03
2026-08-03 20:04:40,934 | [FULL    ] | INFO | full_experiments_using.model_trainers.mobile_vit_trainer |   ↳ new best AUROC; saved checkpoint: /home/oem/choihyunsu/VOGBasedMCIDetection/outputs/checkpoints/run_20260803_091237_full_wvote_artifact30_w0-5-5-10-0-15-15-30_strat_4err/fold_23_best.pth
2026-08-03 20:05:09,179 | [FULL    ] | INFO | full_experiments_using.model_trainers.mobile_vit_trainer | Ep [045/500] T-Acc:  59.0%  V-Acc:  59.6%  V-AUROC: 0.6501  LR: 1.00e-03
2026-08-03 20:05:09,317 | [FULL    ] | INFO | full_experiments_using.model_trainers.mobile_vit_trainer |   ↳ new best AUROC; saved checkpoint: /home/oem/choihyunsu/VOGBasedMCIDetection/outputs/checkpoints/run_20260803_091237_full_wvote_artifact30_w0-5-5-10-0-15-15-30_strat_4err/fold_23_best.pth
2026-08-03 20:05:37,345 | [FULL    ] | INFO | full_experiments_using.model_trainers.mobile_vit_trainer | Ep [046/500] T-Acc:  60.6%  V-Acc:  59.5%  V-AUROC: 0.6303  LR: 1.00e-03
2026-08-03 20:06:05,032 | [FULL    ] | INFO | full_experiments_using.model_trainers.mobile_vit_trainer | Ep [047/500] T-Acc:  59.6%  V-Acc:  59.7%  V-AUROC: 0.6439  LR: 1.00e-03
2026-08-03 20:06:33,032 | [FULL    ] | INFO | full_experiments_using.model_trainers.mobile_vit_trainer | Ep [048/500] T-Acc:  60.5%  V-Acc:  60.2%  V-AUROC: 0.6336  LR: 1.00e-03
2026-08-03 20:07:01,077 | [FULL    ] | INFO | full_experiments_using.model_trainers.mobile_vit_trainer | Ep [049/500] T-Acc:  60.3%  V-Acc:  57.4%  V-AUROC: 0.6267  LR: 1.00e-03
2026-08-03 20:07:29,099 | [FULL    ] | INFO | full_experiments_using.model_trainers.mobile_vit_trainer | Ep [050/500] T-Acc:  60.2%  V-Acc:  59.4%  V-AUROC: 0.6391  LR: 1.00e-03
2026-08-03 20:07:57,411 | [FULL    ] | INFO | full_experiments_using.model_trainers.mobile_vit_trainer | Ep [051/500] T-Acc:  60.0%  V-Acc:  59.2%  V-AUROC: 0.6378  LR: 1.00e-03
2026-08-03 20:08:25,361 | [FULL    ] | INFO | full_experiments_using.model_trainers.mobile_vit_trainer | Ep [052/500] T-Acc:  59.9%  V-Acc:  59.3%  V-AUROC: 0.6368  LR: 1.00e-03
2026-08-03 20:08:53,527 | [FULL    ] | INFO | full_experiments_using.model_trainers.mobile_vit_trainer | Ep [053/500] T-Acc:  60.9%  V-Acc:  59.6%  V-AUROC: 0.6367  LR: 1.00e-03
2026-08-03 20:09:21,565 | [FULL    ] | INFO | full_experiments_using.model_trainers.mobile_vit_trainer | Ep [054/500] T-Acc:  61.7%  V-Acc:  58.6%  V-AUROC: 0.6324  LR: 1.00e-03
2026-08-03 20:09:49,562 | [FULL    ] | INFO | full_experiments_using.model_trainers.mobile_vit_trainer | Ep [055/500] T-Acc:  60.2%  V-Acc:  60.0%  V-AUROC: 0.6309  LR: 1.00e-03
2026-08-03 20:10:17,628 | [FULL    ] | INFO | full_experiments_using.model_trainers.mobile_vit_trainer | Ep [056/500] T-Acc:  60.9%  V-Acc:  58.7%  V-AUROC: 0.6340  LR: 1.00e-03
2026-08-03 20:10:43,951 | [FULL    ] | INFO | full_experiments_using.model_trainers.mobile_vit_trainer | Ep [057/500] T-Acc:  60.9%  V-Acc:  59.7%  V-AUROC: 0.6342  LR: 2.00e-04
2026-08-03 20:11:11,768 | [FULL    ] | INFO | full_experiments_using.model_trainers.mobile_vit_trainer | Ep [058/500] T-Acc:  60.3%  V-Acc:  59.4%  V-AUROC: 0.6347  LR: 2.00e-04
2026-08-03 20:11:38,250 | [FULL    ] | INFO | full_experiments_using.model_trainers.mobile_vit_trainer | Ep [059/500] T-Acc:  60.7%  V-Acc:  58.8%  V-AUROC: 0.6362  LR: 2.00e-04
2026-08-03 20:12:06,390 | [FULL    ] | INFO | full_experiments_using.model_trainers.mobile_vit_trainer | Ep [060/500] T-Acc:  61.6%  V-Acc:  59.7%  V-AUROC: 0.6379  LR: 2.00e-04
2026-08-03 20:12:34,764 | [FULL    ] | INFO | full_experiments_using.model_trainers.mobile_vit_trainer | Ep [061/500] T-Acc:  61.3%  V-Acc:  59.2%  V-AUROC: 0.6361  LR: 2.00e-04
2026-08-03 20:13:02,744 | [FULL    ] | INFO | full_experiments_using.model_trainers.mobile_vit_trainer | Ep [062/500] T-Acc:  61.4%  V-Acc:  59.3%  V-AUROC: 0.6335  LR: 2.00e-04
2026-08-03 20:13:30,661 | [FULL    ] | INFO | full_experiments_using.model_trainers.mobile_vit_trainer | Ep [063/500] T-Acc:  61.0%  V-Acc:  59.4%  V-AUROC: 0.6363  LR: 2.00e-04
2026-08-03 20:13:58,632 | [FULL    ] | INFO | full_experiments_using.model_trainers.mobile_vit_trainer | Ep [064/500] T-Acc:  61.4%  V-Acc:  59.1%  V-AUROC: 0.6337  LR: 2.00e-04
2026-08-03 20:14:26,648 | [FULL    ] | INFO | full_experiments_using.model_trainers.mobile_vit_trainer | Ep [065/500] T-Acc:  61.0%  V-Acc:  60.1%  V-AUROC: 0.6363  LR: 2.00e-04
2026-08-03 20:14:54,722 | [FULL    ] | INFO | full_experiments_using.model_trainers.mobile_vit_trainer | Ep [066/500] T-Acc:  61.2%  V-Acc:  59.0%  V-AUROC: 0.6347  LR: 2.00e-04
2026-08-03 20:15:22,907 | [FULL    ] | INFO | full_experiments_using.model_trainers.mobile_vit_trainer | Ep [067/500] T-Acc:  62.1%  V-Acc:  59.2%  V-AUROC: 0.6321  LR: 2.00e-04
2026-08-03 20:15:51,078 | [FULL    ] | INFO | full_experiments_using.model_trainers.mobile_vit_trainer | Ep [068/500] T-Acc:  61.0%  V-Acc:  59.6%  V-AUROC: 0.6334  LR: 4.00e-05
2026-08-03 20:16:19,396 | [FULL    ] | INFO | full_experiments_using.model_trainers.mobile_vit_trainer | Ep [069/500] T-Acc:  61.4%  V-Acc:  58.8%  V-AUROC: 0.6325  LR: 4.00e-05
2026-08-03 20:16:47,607 | [FULL    ] | INFO | full_experiments_using.model_trainers.mobile_vit_trainer | Ep [070/500] T-Acc:  61.0%  V-Acc:  58.9%  V-AUROC: 0.6332  LR: 4.00e-05
2026-08-03 20:17:15,730 | [FULL    ] | INFO | full_experiments_using.model_trainers.mobile_vit_trainer | Ep [071/500] T-Acc:  60.3%  V-Acc:  58.8%  V-AUROC: 0.6325  LR: 4.00e-05
2026-08-03 20:17:43,719 | [FULL    ] | INFO | full_experiments_using.model_trainers.mobile_vit_trainer | Ep [072/500] T-Acc:  62.3%  V-Acc:  58.8%  V-AUROC: 0.6327  LR: 4.00e-05
2026-08-03 20:18:11,827 | [FULL    ] | INFO | full_experiments_using.model_trainers.mobile_vit_trainer | Ep [073/500] T-Acc:  60.8%  V-Acc:  59.1%  V-AUROC: 0.6318  LR: 4.00e-05
2026-08-03 20:18:40,193 | [FULL    ] | INFO | full_experiments_using.model_trainers.mobile_vit_trainer | Ep [074/500] T-Acc:  62.7%  V-Acc:  59.0%  V-AUROC: 0.6332  LR: 4.00e-05
2026-08-03 20:19:08,399 | [FULL    ] | INFO | full_experiments_using.model_trainers.mobile_vit_trainer | Ep [075/500] T-Acc:  61.1%  V-Acc:  59.6%  V-AUROC: 0.6373  LR: 4.00e-05
2026-08-03 20:19:08,400 | [FULL    ] | INFO | full_experiments_using.model_trainers.mobile_vit_trainer | Early stop — best AUROC 0.6501 at epoch 45 (no improvement for 30 epochs)
2026-08-03 20:19:08,400 | [FULL    ] | INFO | full_experiments_using.model_trainers.mobile_vit_trainer | Done. Best AUROC: 0.6501 (epoch 45) → /home/oem/choihyunsu/VOGBasedMCIDetection/outputs/checkpoints/run_20260803_091237_full_wvote_artifact30_w0-5-5-10-0-15-15-30_strat_4err/fold_23_best.pth
2026-08-03 20:19:17,759 | [FULL    ] | INFO | full_experiments_using.evaluators.monte_carlo_evaluator | -> Fold 24 Result | Acc=0.909 Sens=0.857 Spec=1.000 AUROC=1.000
2026-08-03 20:19:17,766 | [FULL    ] | INFO | full_experiments_using.evaluators.monte_carlo_evaluator | === Fold 25/30 | train: 25 subj (HC=10 MCI=15) / 3816 win | test: 12 subj (HC=4 MCI=8) / 1899 win ===
2026-08-03 20:19:17,999 | [FULL    ] | INFO | httpx | HTTP Request: HEAD https://huggingface.co/apple/mobilevit-small/resolve/main/config.json "HTTP/1.1 307 Temporary Redirect"
2026-08-03 20:19:18,011 | [FULL    ] | INFO | httpx | HTTP Request: HEAD https://huggingface.co/api/resolve-cache/models/apple/mobilevit-small/6c8612545dc98676d27bc518fa521d9e9af23e34/config.json "HTTP/1.1 200 OK"
2026-08-03 20:19:18,287 | [FULL    ] | INFO | httpx | HTTP Request: HEAD https://huggingface.co/apple/mobilevit-small/resolve/main/model.safetensors "HTTP/1.1 404 Not Found"
2026-08-03 20:19:18,554 | [FULL    ] | INFO | httpx | HTTP Request: HEAD https://huggingface.co/apple/mobilevit-small/resolve/main/model.safetensors.index.json "HTTP/1.1 404 Not Found"
2026-08-03 20:19:18,777 | [FULL    ] | INFO | httpx | HTTP Request: HEAD https://huggingface.co/apple/mobilevit-small/resolve/main/pytorch_model.bin "HTTP/1.1 302 Found"
2026-08-03 20:19:18,993 | [FULL    ] | INFO | httpx | HTTP Request: HEAD https://huggingface.co/apple/mobilevit-small/resolve/main/model.safetensors "HTTP/1.1 404 Not Found"
2026-08-03 20:19:19,209 | [FULL    ] | INFO | httpx | HTTP Request: GET https://huggingface.co/api/models/apple/mobilevit-small "HTTP/1.1 200 OK"
2026-08-03 20:19:19,441 | [FULL    ] | INFO | httpx | HTTP Request: GET https://huggingface.co/api/models/apple/mobilevit-small/commits/main "HTTP/1.1 200 OK"
2026-08-03 20:19:19,663 | [FULL    ] | INFO | httpx | HTTP Request: GET https://huggingface.co/api/models/apple/mobilevit-small/discussions?p=0 "HTTP/1.1 200 OK"
2026-08-03 20:19:19,883 | [FULL    ] | INFO | httpx | HTTP Request: GET https://huggingface.co/api/models/apple/mobilevit-small/commits/refs%2Fpr%2F6 "HTTP/1.1 200 OK"
2026-08-03 20:19:20,087 | [FULL    ] | INFO | httpx | HTTP Request: HEAD https://huggingface.co/apple/mobilevit-small/resolve/refs%2Fpr%2F6/model.safetensors.index.json "HTTP/1.1 404 Not Found"
2026-08-03 20:19:20,304 | [FULL    ] | INFO | httpx | HTTP Request: HEAD https://huggingface.co/apple/mobilevit-small/resolve/refs%2Fpr%2F6/model.safetensors "HTTP/1.1 302 Found"
2026-08-03 20:19:21,175 | [FULL    ] | INFO | full_experiments_using.model_trainers.mobile_vit_trainer | Device: cuda | max_epochs=500 | batch=32 | eval_batch=256 | es_patience=30
2026-08-03 20:19:21,199 | [FULL    ] | INFO | full_experiments_using.model_trainers.mobile_vit_trainer | CE weights — HC: 1.107  MCI: 0.912
2026-08-03 20:20:02,097 | [FULL    ] | INFO | full_experiments_using.model_trainers.mobile_vit_trainer | Ep [001/500] T-Acc:  50.7%  V-Acc:  53.1%  V-AUROC: 0.5062  LR: 2.00e-04
2026-08-03 20:20:02,194 | [FULL    ] | INFO | full_experiments_using.model_trainers.mobile_vit_trainer |   ↳ new best AUROC; saved checkpoint: /home/oem/choihyunsu/VOGBasedMCIDetection/outputs/checkpoints/run_20260803_091237_full_wvote_artifact30_w0-5-5-10-0-15-15-30_strat_4err/fold_24_best.pth
2026-08-03 20:20:30,346 | [FULL    ] | INFO | full_experiments_using.model_trainers.mobile_vit_trainer | Ep [002/500] T-Acc:  51.7%  V-Acc:  55.1%  V-AUROC: 0.5190  LR: 4.00e-04
2026-08-03 20:20:30,540 | [FULL    ] | INFO | full_experiments_using.model_trainers.mobile_vit_trainer |   ↳ new best AUROC; saved checkpoint: /home/oem/choihyunsu/VOGBasedMCIDetection/outputs/checkpoints/run_20260803_091237_full_wvote_artifact30_w0-5-5-10-0-15-15-30_strat_4err/fold_24_best.pth
2026-08-03 20:20:58,761 | [FULL    ] | INFO | full_experiments_using.model_trainers.mobile_vit_trainer | Ep [003/500] T-Acc:  51.0%  V-Acc:  54.1%  V-AUROC: 0.5327  LR: 6.00e-04
2026-08-03 20:20:58,880 | [FULL    ] | INFO | full_experiments_using.model_trainers.mobile_vit_trainer |   ↳ new best AUROC; saved checkpoint: /home/oem/choihyunsu/VOGBasedMCIDetection/outputs/checkpoints/run_20260803_091237_full_wvote_artifact30_w0-5-5-10-0-15-15-30_strat_4err/fold_24_best.pth
2026-08-03 20:21:26,898 | [FULL    ] | INFO | full_experiments_using.model_trainers.mobile_vit_trainer | Ep [004/500] T-Acc:  53.4%  V-Acc:  54.2%  V-AUROC: 0.5346  LR: 8.00e-04
2026-08-03 20:21:27,015 | [FULL    ] | INFO | full_experiments_using.model_trainers.mobile_vit_trainer |   ↳ new best AUROC; saved checkpoint: /home/oem/choihyunsu/VOGBasedMCIDetection/outputs/checkpoints/run_20260803_091237_full_wvote_artifact30_w0-5-5-10-0-15-15-30_strat_4err/fold_24_best.pth
2026-08-03 20:21:55,257 | [FULL    ] | INFO | full_experiments_using.model_trainers.mobile_vit_trainer | Ep [005/500] T-Acc:  54.1%  V-Acc:  57.4%  V-AUROC: 0.5689  LR: 1.00e-03
2026-08-03 20:21:55,378 | [FULL    ] | INFO | full_experiments_using.model_trainers.mobile_vit_trainer |   ↳ new best AUROC; saved checkpoint: /home/oem/choihyunsu/VOGBasedMCIDetection/outputs/checkpoints/run_20260803_091237_full_wvote_artifact30_w0-5-5-10-0-15-15-30_strat_4err/fold_24_best.pth
2026-08-03 20:22:23,368 | [FULL    ] | INFO | full_experiments_using.model_trainers.mobile_vit_trainer | Ep [006/500] T-Acc:  54.1%  V-Acc:  56.5%  V-AUROC: 0.5521  LR: 1.00e-03
2026-08-03 20:22:51,430 | [FULL    ] | INFO | full_experiments_using.model_trainers.mobile_vit_trainer | Ep [007/500] T-Acc:  54.8%  V-Acc:  60.2%  V-AUROC: 0.5725  LR: 1.00e-03
2026-08-03 20:22:51,553 | [FULL    ] | INFO | full_experiments_using.model_trainers.mobile_vit_trainer |   ↳ new best AUROC; saved checkpoint: /home/oem/choihyunsu/VOGBasedMCIDetection/outputs/checkpoints/run_20260803_091237_full_wvote_artifact30_w0-5-5-10-0-15-15-30_strat_4err/fold_24_best.pth
2026-08-03 20:23:19,491 | [FULL    ] | INFO | full_experiments_using.model_trainers.mobile_vit_trainer | Ep [008/500] T-Acc:  57.0%  V-Acc:  56.8%  V-AUROC: 0.5625  LR: 1.00e-03
2026-08-03 20:23:47,527 | [FULL    ] | INFO | full_experiments_using.model_trainers.mobile_vit_trainer | Ep [009/500] T-Acc:  55.7%  V-Acc:  58.2%  V-AUROC: 0.5744  LR: 1.00e-03
2026-08-03 20:23:47,642 | [FULL    ] | INFO | full_experiments_using.model_trainers.mobile_vit_trainer |   ↳ new best AUROC; saved checkpoint: /home/oem/choihyunsu/VOGBasedMCIDetection/outputs/checkpoints/run_20260803_091237_full_wvote_artifact30_w0-5-5-10-0-15-15-30_strat_4err/fold_24_best.pth
2026-08-03 20:24:15,766 | [FULL    ] | INFO | full_experiments_using.model_trainers.mobile_vit_trainer | Ep [010/500] T-Acc:  55.0%  V-Acc:  57.3%  V-AUROC: 0.5766  LR: 1.00e-03
2026-08-03 20:24:15,890 | [FULL    ] | INFO | full_experiments_using.model_trainers.mobile_vit_trainer |   ↳ new best AUROC; saved checkpoint: /home/oem/choihyunsu/VOGBasedMCIDetection/outputs/checkpoints/run_20260803_091237_full_wvote_artifact30_w0-5-5-10-0-15-15-30_strat_4err/fold_24_best.pth
2026-08-03 20:24:44,184 | [FULL    ] | INFO | full_experiments_using.model_trainers.mobile_vit_trainer | Ep [011/500] T-Acc:  58.0%  V-Acc:  56.8%  V-AUROC: 0.5643  LR: 1.00e-03
2026-08-03 20:25:12,343 | [FULL    ] | INFO | full_experiments_using.model_trainers.mobile_vit_trainer | Ep [012/500] T-Acc:  57.4%  V-Acc:  57.1%  V-AUROC: 0.5788  LR: 1.00e-03
2026-08-03 20:25:12,531 | [FULL    ] | INFO | full_experiments_using.model_trainers.mobile_vit_trainer |   ↳ new best AUROC; saved checkpoint: /home/oem/choihyunsu/VOGBasedMCIDetection/outputs/checkpoints/run_20260803_091237_full_wvote_artifact30_w0-5-5-10-0-15-15-30_strat_4err/fold_24_best.pth
2026-08-03 20:25:40,584 | [FULL    ] | INFO | full_experiments_using.model_trainers.mobile_vit_trainer | Ep [013/500] T-Acc:  57.4%  V-Acc:  56.5%  V-AUROC: 0.5683  LR: 1.00e-03
2026-08-03 20:26:08,679 | [FULL    ] | INFO | full_experiments_using.model_trainers.mobile_vit_trainer | Ep [014/500] T-Acc:  56.7%  V-Acc:  57.6%  V-AUROC: 0.5826  LR: 1.00e-03
2026-08-03 20:26:08,799 | [FULL    ] | INFO | full_experiments_using.model_trainers.mobile_vit_trainer |   ↳ new best AUROC; saved checkpoint: /home/oem/choihyunsu/VOGBasedMCIDetection/outputs/checkpoints/run_20260803_091237_full_wvote_artifact30_w0-5-5-10-0-15-15-30_strat_4err/fold_24_best.pth
2026-08-03 20:26:36,807 | [FULL    ] | INFO | full_experiments_using.model_trainers.mobile_vit_trainer | Ep [015/500] T-Acc:  58.0%  V-Acc:  54.7%  V-AUROC: 0.5767  LR: 1.00e-03
2026-08-03 20:27:04,843 | [FULL    ] | INFO | full_experiments_using.model_trainers.mobile_vit_trainer | Ep [016/500] T-Acc:  57.3%  V-Acc:  57.5%  V-AUROC: 0.5929  LR: 1.00e-03
2026-08-03 20:27:04,961 | [FULL    ] | INFO | full_experiments_using.model_trainers.mobile_vit_trainer |   ↳ new best AUROC; saved checkpoint: /home/oem/choihyunsu/VOGBasedMCIDetection/outputs/checkpoints/run_20260803_091237_full_wvote_artifact30_w0-5-5-10-0-15-15-30_strat_4err/fold_24_best.pth
2026-08-03 20:27:33,144 | [FULL    ] | INFO | full_experiments_using.model_trainers.mobile_vit_trainer | Ep [017/500] T-Acc:  57.1%  V-Acc:  57.9%  V-AUROC: 0.5875  LR: 1.00e-03
2026-08-03 20:28:01,428 | [FULL    ] | INFO | full_experiments_using.model_trainers.mobile_vit_trainer | Ep [018/500] T-Acc:  59.1%  V-Acc:  57.8%  V-AUROC: 0.5834  LR: 1.00e-03
2026-08-03 20:28:29,529 | [FULL    ] | INFO | full_experiments_using.model_trainers.mobile_vit_trainer | Ep [019/500] T-Acc:  58.6%  V-Acc:  56.1%  V-AUROC: 0.5760  LR: 1.00e-03
2026-08-03 20:28:57,904 | [FULL    ] | INFO | full_experiments_using.model_trainers.mobile_vit_trainer | Ep [020/500] T-Acc:  59.1%  V-Acc:  55.0%  V-AUROC: 0.5692  LR: 1.00e-03
2026-08-03 20:29:26,141 | [FULL    ] | INFO | full_experiments_using.model_trainers.mobile_vit_trainer | Ep [021/500] T-Acc:  59.7%  V-Acc:  56.4%  V-AUROC: 0.5852  LR: 1.00e-03
2026-08-03 20:29:54,191 | [FULL    ] | INFO | full_experiments_using.model_trainers.mobile_vit_trainer | Ep [022/500] T-Acc:  60.0%  V-Acc:  55.2%  V-AUROC: 0.5712  LR: 1.00e-03
2026-08-03 20:30:22,192 | [FULL    ] | INFO | full_experiments_using.model_trainers.mobile_vit_trainer | Ep [023/500] T-Acc:  60.2%  V-Acc:  57.3%  V-AUROC: 0.5728  LR: 1.00e-03
2026-08-03 20:30:50,193 | [FULL    ] | INFO | full_experiments_using.model_trainers.mobile_vit_trainer | Ep [024/500] T-Acc:  59.4%  V-Acc:  55.5%  V-AUROC: 0.5775  LR: 1.00e-03
2026-08-03 20:31:18,588 | [FULL    ] | INFO | full_experiments_using.model_trainers.mobile_vit_trainer | Ep [025/500] T-Acc:  59.9%  V-Acc:  53.6%  V-AUROC: 0.5636  LR: 1.00e-03
2026-08-03 20:31:46,735 | [FULL    ] | INFO | full_experiments_using.model_trainers.mobile_vit_trainer | Ep [026/500] T-Acc:  60.7%  V-Acc:  56.7%  V-AUROC: 0.5808  LR: 1.00e-03
2026-08-03 20:32:14,877 | [FULL    ] | INFO | full_experiments_using.model_trainers.mobile_vit_trainer | Ep [027/500] T-Acc:  60.3%  V-Acc:  54.8%  V-AUROC: 0.5695  LR: 1.00e-03
2026-08-03 20:32:43,281 | [FULL    ] | INFO | full_experiments_using.model_trainers.mobile_vit_trainer | Ep [028/500] T-Acc:  60.9%  V-Acc:  55.4%  V-AUROC: 0.5724  LR: 2.00e-04
2026-08-03 20:33:09,543 | [FULL    ] | INFO | full_experiments_using.model_trainers.mobile_vit_trainer | Ep [029/500] T-Acc:  61.0%  V-Acc:  55.6%  V-AUROC: 0.5736  LR: 2.00e-04
2026-08-03 20:33:36,048 | [FULL    ] | INFO | full_experiments_using.model_trainers.mobile_vit_trainer | Ep [030/500] T-Acc:  61.6%  V-Acc:  55.6%  V-AUROC: 0.5730  LR: 2.00e-04
2026-08-03 20:34:03,565 | [FULL    ] | INFO | full_experiments_using.model_trainers.mobile_vit_trainer | Ep [031/500] T-Acc:  62.3%  V-Acc:  57.0%  V-AUROC: 0.5725  LR: 2.00e-04
2026-08-03 20:34:31,354 | [FULL    ] | INFO | full_experiments_using.model_trainers.mobile_vit_trainer | Ep [032/500] T-Acc:  61.4%  V-Acc:  55.3%  V-AUROC: 0.5720  LR: 2.00e-04
2026-08-03 20:34:59,421 | [FULL    ] | INFO | full_experiments_using.model_trainers.mobile_vit_trainer | Ep [033/500] T-Acc:  60.6%  V-Acc:  55.3%  V-AUROC: 0.5728  LR: 2.00e-04
2026-08-03 20:35:27,715 | [FULL    ] | INFO | full_experiments_using.model_trainers.mobile_vit_trainer | Ep [034/500] T-Acc:  62.5%  V-Acc:  55.9%  V-AUROC: 0.5721  LR: 2.00e-04
2026-08-03 20:35:55,538 | [FULL    ] | INFO | full_experiments_using.model_trainers.mobile_vit_trainer | Ep [035/500] T-Acc:  61.8%  V-Acc:  55.8%  V-AUROC: 0.5701  LR: 2.00e-04
2026-08-03 20:36:21,848 | [FULL    ] | INFO | full_experiments_using.model_trainers.mobile_vit_trainer | Ep [036/500] T-Acc:  61.7%  V-Acc:  55.9%  V-AUROC: 0.5743  LR: 2.00e-04
2026-08-03 20:36:47,636 | [FULL    ] | INFO | full_experiments_using.model_trainers.mobile_vit_trainer | Ep [037/500] T-Acc:  63.2%  V-Acc:  55.5%  V-AUROC: 0.5683  LR: 2.00e-04
2026-08-03 20:37:15,781 | [FULL    ] | INFO | full_experiments_using.model_trainers.mobile_vit_trainer | Ep [038/500] T-Acc:  61.2%  V-Acc:  56.0%  V-AUROC: 0.5741  LR: 2.00e-04
2026-08-03 20:37:43,725 | [FULL    ] | INFO | full_experiments_using.model_trainers.mobile_vit_trainer | Ep [039/500] T-Acc:  62.3%  V-Acc:  55.9%  V-AUROC: 0.5737  LR: 4.00e-05
2026-08-03 20:38:11,899 | [FULL    ] | INFO | full_experiments_using.model_trainers.mobile_vit_trainer | Ep [040/500] T-Acc:  61.8%  V-Acc:  55.3%  V-AUROC: 0.5728  LR: 4.00e-05
2026-08-03 20:38:40,021 | [FULL    ] | INFO | full_experiments_using.model_trainers.mobile_vit_trainer | Ep [041/500] T-Acc:  61.6%  V-Acc:  55.6%  V-AUROC: 0.5717  LR: 4.00e-05
2026-08-03 20:39:08,101 | [FULL    ] | INFO | full_experiments_using.model_trainers.mobile_vit_trainer | Ep [042/500] T-Acc:  61.3%  V-Acc:  55.1%  V-AUROC: 0.5713  LR: 4.00e-05
2026-08-03 20:39:35,876 | [FULL    ] | INFO | full_experiments_using.model_trainers.mobile_vit_trainer | Ep [043/500] T-Acc:  61.1%  V-Acc:  55.7%  V-AUROC: 0.5711  LR: 4.00e-05
2026-08-03 20:40:03,845 | [FULL    ] | INFO | full_experiments_using.model_trainers.mobile_vit_trainer | Ep [044/500] T-Acc:  62.1%  V-Acc:  54.7%  V-AUROC: 0.5697  LR: 4.00e-05
2026-08-03 20:40:32,154 | [FULL    ] | INFO | full_experiments_using.model_trainers.mobile_vit_trainer | Ep [045/500] T-Acc:  61.7%  V-Acc:  55.9%  V-AUROC: 0.5723  LR: 4.00e-05
2026-08-03 20:41:00,177 | [FULL    ] | INFO | full_experiments_using.model_trainers.mobile_vit_trainer | Ep [046/500] T-Acc:  61.7%  V-Acc:  55.2%  V-AUROC: 0.5699  LR: 4.00e-05
2026-08-03 20:41:00,177 | [FULL    ] | INFO | full_experiments_using.model_trainers.mobile_vit_trainer | Early stop — best AUROC 0.5929 at epoch 16 (no improvement for 30 epochs)
2026-08-03 20:41:00,177 | [FULL    ] | INFO | full_experiments_using.model_trainers.mobile_vit_trainer | Done. Best AUROC: 0.5929 (epoch 16) → /home/oem/choihyunsu/VOGBasedMCIDetection/outputs/checkpoints/run_20260803_091237_full_wvote_artifact30_w0-5-5-10-0-15-15-30_strat_4err/fold_24_best.pth
2026-08-03 20:41:10,054 | [FULL    ] | INFO | full_experiments_using.evaluators.monte_carlo_evaluator | -> Fold 25 Result | Acc=0.909 Sens=1.000 Spec=0.750 AUROC=0.893
2026-08-03 20:41:10,086 | [FULL    ] | INFO | full_experiments_using.evaluators.monte_carlo_evaluator | === Fold 26/30 | train: 25 subj (HC=10 MCI=15) / 3904 win | test: 12 subj (HC=4 MCI=8) / 1811 win ===
2026-08-03 20:41:10,340 | [FULL    ] | INFO | httpx | HTTP Request: HEAD https://huggingface.co/apple/mobilevit-small/resolve/main/config.json "HTTP/1.1 307 Temporary Redirect"
2026-08-03 20:41:10,359 | [FULL    ] | INFO | httpx | HTTP Request: HEAD https://huggingface.co/api/resolve-cache/models/apple/mobilevit-small/6c8612545dc98676d27bc518fa521d9e9af23e34/config.json "HTTP/1.1 200 OK"
2026-08-03 20:41:10,645 | [FULL    ] | INFO | httpx | HTTP Request: HEAD https://huggingface.co/apple/mobilevit-small/resolve/main/model.safetensors "HTTP/1.1 404 Not Found"
2026-08-03 20:41:10,854 | [FULL    ] | INFO | httpx | HTTP Request: HEAD https://huggingface.co/apple/mobilevit-small/resolve/main/model.safetensors.index.json "HTTP/1.1 404 Not Found"
2026-08-03 20:41:11,071 | [FULL    ] | INFO | httpx | HTTP Request: HEAD https://huggingface.co/apple/mobilevit-small/resolve/main/pytorch_model.bin "HTTP/1.1 302 Found"
2026-08-03 20:41:11,283 | [FULL    ] | INFO | httpx | HTTP Request: HEAD https://huggingface.co/apple/mobilevit-small/resolve/main/model.safetensors "HTTP/1.1 404 Not Found"
2026-08-03 20:41:11,499 | [FULL    ] | INFO | httpx | HTTP Request: GET https://huggingface.co/api/models/apple/mobilevit-small "HTTP/1.1 200 OK"
2026-08-03 20:41:11,753 | [FULL    ] | INFO | httpx | HTTP Request: GET https://huggingface.co/api/models/apple/mobilevit-small/commits/main "HTTP/1.1 200 OK"
2026-08-03 20:41:11,984 | [FULL    ] | INFO | httpx | HTTP Request: GET https://huggingface.co/api/models/apple/mobilevit-small/discussions?p=0 "HTTP/1.1 200 OK"
2026-08-03 20:41:12,205 | [FULL    ] | INFO | httpx | HTTP Request: GET https://huggingface.co/api/models/apple/mobilevit-small/commits/refs%2Fpr%2F6 "HTTP/1.1 200 OK"
2026-08-03 20:41:12,426 | [FULL    ] | INFO | httpx | HTTP Request: HEAD https://huggingface.co/apple/mobilevit-small/resolve/refs%2Fpr%2F6/model.safetensors.index.json "HTTP/1.1 404 Not Found"
2026-08-03 20:41:12,646 | [FULL    ] | INFO | httpx | HTTP Request: HEAD https://huggingface.co/apple/mobilevit-small/resolve/refs%2Fpr%2F6/model.safetensors "HTTP/1.1 302 Found"
2026-08-03 20:41:13,386 | [FULL    ] | INFO | full_experiments_using.model_trainers.mobile_vit_trainer | Device: cuda | max_epochs=500 | batch=32 | eval_batch=256 | es_patience=30
2026-08-03 20:41:13,396 | [FULL    ] | INFO | full_experiments_using.model_trainers.mobile_vit_trainer | CE weights — HC: 1.090  MCI: 0.924
2026-08-03 20:41:50,586 | [FULL    ] | INFO | full_experiments_using.model_trainers.mobile_vit_trainer | Ep [001/500] T-Acc:  49.7%  V-Acc:  52.7%  V-AUROC: 0.4486  LR: 2.00e-04
2026-08-03 20:41:50,660 | [FULL    ] | INFO | full_experiments_using.model_trainers.mobile_vit_trainer |   ↳ new best AUROC; saved checkpoint: /home/oem/choihyunsu/VOGBasedMCIDetection/outputs/checkpoints/run_20260803_091237_full_wvote_artifact30_w0-5-5-10-0-15-15-30_strat_4err/fold_25_best.pth
2026-08-03 20:42:18,942 | [FULL    ] | INFO | full_experiments_using.model_trainers.mobile_vit_trainer | Ep [002/500] T-Acc:  49.5%  V-Acc:  52.5%  V-AUROC: 0.4589  LR: 4.00e-04
2026-08-03 20:42:19,145 | [FULL    ] | INFO | full_experiments_using.model_trainers.mobile_vit_trainer |   ↳ new best AUROC; saved checkpoint: /home/oem/choihyunsu/VOGBasedMCIDetection/outputs/checkpoints/run_20260803_091237_full_wvote_artifact30_w0-5-5-10-0-15-15-30_strat_4err/fold_25_best.pth
2026-08-03 20:42:47,896 | [FULL    ] | INFO | full_experiments_using.model_trainers.mobile_vit_trainer | Ep [003/500] T-Acc:  49.9%  V-Acc:  52.1%  V-AUROC: 0.4601  LR: 6.00e-04
2026-08-03 20:42:48,083 | [FULL    ] | INFO | full_experiments_using.model_trainers.mobile_vit_trainer |   ↳ new best AUROC; saved checkpoint: /home/oem/choihyunsu/VOGBasedMCIDetection/outputs/checkpoints/run_20260803_091237_full_wvote_artifact30_w0-5-5-10-0-15-15-30_strat_4err/fold_25_best.pth
2026-08-03 20:43:16,715 | [FULL    ] | INFO | full_experiments_using.model_trainers.mobile_vit_trainer | Ep [004/500] T-Acc:  49.9%  V-Acc:  52.4%  V-AUROC: 0.4713  LR: 8.00e-04
2026-08-03 20:43:16,822 | [FULL    ] | INFO | full_experiments_using.model_trainers.mobile_vit_trainer |   ↳ new best AUROC; saved checkpoint: /home/oem/choihyunsu/VOGBasedMCIDetection/outputs/checkpoints/run_20260803_091237_full_wvote_artifact30_w0-5-5-10-0-15-15-30_strat_4err/fold_25_best.pth
2026-08-03 20:43:45,303 | [FULL    ] | INFO | full_experiments_using.model_trainers.mobile_vit_trainer | Ep [005/500] T-Acc:  50.9%  V-Acc:  54.9%  V-AUROC: 0.5010  LR: 1.00e-03
2026-08-03 20:43:45,506 | [FULL    ] | INFO | full_experiments_using.model_trainers.mobile_vit_trainer |   ↳ new best AUROC; saved checkpoint: /home/oem/choihyunsu/VOGBasedMCIDetection/outputs/checkpoints/run_20260803_091237_full_wvote_artifact30_w0-5-5-10-0-15-15-30_strat_4err/fold_25_best.pth
2026-08-03 20:44:14,021 | [FULL    ] | INFO | full_experiments_using.model_trainers.mobile_vit_trainer | Ep [006/500] T-Acc:  52.9%  V-Acc:  52.9%  V-AUROC: 0.4878  LR: 1.00e-03
2026-08-03 20:44:42,533 | [FULL    ] | INFO | full_experiments_using.model_trainers.mobile_vit_trainer | Ep [007/500] T-Acc:  54.4%  V-Acc:  56.3%  V-AUROC: 0.5232  LR: 1.00e-03
2026-08-03 20:44:42,725 | [FULL    ] | INFO | full_experiments_using.model_trainers.mobile_vit_trainer |   ↳ new best AUROC; saved checkpoint: /home/oem/choihyunsu/VOGBasedMCIDetection/outputs/checkpoints/run_20260803_091237_full_wvote_artifact30_w0-5-5-10-0-15-15-30_strat_4err/fold_25_best.pth
2026-08-03 20:45:11,130 | [FULL    ] | INFO | full_experiments_using.model_trainers.mobile_vit_trainer | Ep [008/500] T-Acc:  54.0%  V-Acc:  54.7%  V-AUROC: 0.5244  LR: 1.00e-03
2026-08-03 20:45:11,326 | [FULL    ] | INFO | full_experiments_using.model_trainers.mobile_vit_trainer |   ↳ new best AUROC; saved checkpoint: /home/oem/choihyunsu/VOGBasedMCIDetection/outputs/checkpoints/run_20260803_091237_full_wvote_artifact30_w0-5-5-10-0-15-15-30_strat_4err/fold_25_best.pth
2026-08-03 20:45:39,893 | [FULL    ] | INFO | full_experiments_using.model_trainers.mobile_vit_trainer | Ep [009/500] T-Acc:  54.0%  V-Acc:  56.8%  V-AUROC: 0.5594  LR: 1.00e-03
2026-08-03 20:45:40,100 | [FULL    ] | INFO | full_experiments_using.model_trainers.mobile_vit_trainer |   ↳ new best AUROC; saved checkpoint: /home/oem/choihyunsu/VOGBasedMCIDetection/outputs/checkpoints/run_20260803_091237_full_wvote_artifact30_w0-5-5-10-0-15-15-30_strat_4err/fold_25_best.pth
2026-08-03 20:46:08,843 | [FULL    ] | INFO | full_experiments_using.model_trainers.mobile_vit_trainer | Ep [010/500] T-Acc:  54.1%  V-Acc:  55.3%  V-AUROC: 0.5525  LR: 1.00e-03
2026-08-03 20:46:37,405 | [FULL    ] | INFO | full_experiments_using.model_trainers.mobile_vit_trainer | Ep [011/500] T-Acc:  54.8%  V-Acc:  54.2%  V-AUROC: 0.5512  LR: 1.00e-03
2026-08-03 20:47:06,076 | [FULL    ] | INFO | full_experiments_using.model_trainers.mobile_vit_trainer | Ep [012/500] T-Acc:  54.2%  V-Acc:  57.3%  V-AUROC: 0.5662  LR: 1.00e-03
2026-08-03 20:47:06,217 | [FULL    ] | INFO | full_experiments_using.model_trainers.mobile_vit_trainer |   ↳ new best AUROC; saved checkpoint: /home/oem/choihyunsu/VOGBasedMCIDetection/outputs/checkpoints/run_20260803_091237_full_wvote_artifact30_w0-5-5-10-0-15-15-30_strat_4err/fold_25_best.pth
2026-08-03 20:47:34,828 | [FULL    ] | INFO | full_experiments_using.model_trainers.mobile_vit_trainer | Ep [013/500] T-Acc:  55.3%  V-Acc:  56.8%  V-AUROC: 0.5743  LR: 1.00e-03
2026-08-03 20:47:34,946 | [FULL    ] | INFO | full_experiments_using.model_trainers.mobile_vit_trainer |   ↳ new best AUROC; saved checkpoint: /home/oem/choihyunsu/VOGBasedMCIDetection/outputs/checkpoints/run_20260803_091237_full_wvote_artifact30_w0-5-5-10-0-15-15-30_strat_4err/fold_25_best.pth
2026-08-03 20:48:03,467 | [FULL    ] | INFO | full_experiments_using.model_trainers.mobile_vit_trainer | Ep [014/500] T-Acc:  57.0%  V-Acc:  56.4%  V-AUROC: 0.5691  LR: 1.00e-03
2026-08-03 20:48:31,880 | [FULL    ] | INFO | full_experiments_using.model_trainers.mobile_vit_trainer | Ep [015/500] T-Acc:  55.6%  V-Acc:  56.4%  V-AUROC: 0.5684  LR: 1.00e-03
2026-08-03 20:49:00,427 | [FULL    ] | INFO | full_experiments_using.model_trainers.mobile_vit_trainer | Ep [016/500] T-Acc:  57.4%  V-Acc:  56.6%  V-AUROC: 0.5735  LR: 1.00e-03
2026-08-03 20:49:28,882 | [FULL    ] | INFO | full_experiments_using.model_trainers.mobile_vit_trainer | Ep [017/500] T-Acc:  58.3%  V-Acc:  56.9%  V-AUROC: 0.5787  LR: 1.00e-03
2026-08-03 20:49:29,038 | [FULL    ] | INFO | full_experiments_using.model_trainers.mobile_vit_trainer |   ↳ new best AUROC; saved checkpoint: /home/oem/choihyunsu/VOGBasedMCIDetection/outputs/checkpoints/run_20260803_091237_full_wvote_artifact30_w0-5-5-10-0-15-15-30_strat_4err/fold_25_best.pth
2026-08-03 20:49:57,489 | [FULL    ] | INFO | full_experiments_using.model_trainers.mobile_vit_trainer | Ep [018/500] T-Acc:  57.1%  V-Acc:  56.8%  V-AUROC: 0.5888  LR: 1.00e-03
2026-08-03 20:49:57,647 | [FULL    ] | INFO | full_experiments_using.model_trainers.mobile_vit_trainer |   ↳ new best AUROC; saved checkpoint: /home/oem/choihyunsu/VOGBasedMCIDetection/outputs/checkpoints/run_20260803_091237_full_wvote_artifact30_w0-5-5-10-0-15-15-30_strat_4err/fold_25_best.pth
2026-08-03 20:50:26,134 | [FULL    ] | INFO | full_experiments_using.model_trainers.mobile_vit_trainer | Ep [019/500] T-Acc:  58.3%  V-Acc:  56.8%  V-AUROC: 0.5760  LR: 1.00e-03
2026-08-03 20:50:54,853 | [FULL    ] | INFO | full_experiments_using.model_trainers.mobile_vit_trainer | Ep [020/500] T-Acc:  58.5%  V-Acc:  55.4%  V-AUROC: 0.5738  LR: 1.00e-03
2026-08-03 20:51:23,338 | [FULL    ] | INFO | full_experiments_using.model_trainers.mobile_vit_trainer | Ep [021/500] T-Acc:  57.7%  V-Acc:  57.6%  V-AUROC: 0.5892  LR: 1.00e-03
2026-08-03 20:51:23,477 | [FULL    ] | INFO | full_experiments_using.model_trainers.mobile_vit_trainer |   ↳ new best AUROC; saved checkpoint: /home/oem/choihyunsu/VOGBasedMCIDetection/outputs/checkpoints/run_20260803_091237_full_wvote_artifact30_w0-5-5-10-0-15-15-30_strat_4err/fold_25_best.pth
2026-08-03 20:51:52,030 | [FULL    ] | INFO | full_experiments_using.model_trainers.mobile_vit_trainer | Ep [022/500] T-Acc:  59.7%  V-Acc:  55.8%  V-AUROC: 0.5832  LR: 1.00e-03
2026-08-03 20:52:20,759 | [FULL    ] | INFO | full_experiments_using.model_trainers.mobile_vit_trainer | Ep [023/500] T-Acc:  58.2%  V-Acc:  56.3%  V-AUROC: 0.5795  LR: 1.00e-03
2026-08-03 20:52:49,403 | [FULL    ] | INFO | full_experiments_using.model_trainers.mobile_vit_trainer | Ep [024/500] T-Acc:  60.0%  V-Acc:  56.2%  V-AUROC: 0.5819  LR: 1.00e-03
2026-08-03 20:53:18,131 | [FULL    ] | INFO | full_experiments_using.model_trainers.mobile_vit_trainer | Ep [025/500] T-Acc:  59.4%  V-Acc:  57.3%  V-AUROC: 0.5911  LR: 1.00e-03
2026-08-03 20:53:18,332 | [FULL    ] | INFO | full_experiments_using.model_trainers.mobile_vit_trainer |   ↳ new best AUROC; saved checkpoint: /home/oem/choihyunsu/VOGBasedMCIDetection/outputs/checkpoints/run_20260803_091237_full_wvote_artifact30_w0-5-5-10-0-15-15-30_strat_4err/fold_25_best.pth
2026-08-03 20:53:46,883 | [FULL    ] | INFO | full_experiments_using.model_trainers.mobile_vit_trainer | Ep [026/500] T-Acc:  60.0%  V-Acc:  57.6%  V-AUROC: 0.5935  LR: 1.00e-03
2026-08-03 20:53:47,012 | [FULL    ] | INFO | full_experiments_using.model_trainers.mobile_vit_trainer |   ↳ new best AUROC; saved checkpoint: /home/oem/choihyunsu/VOGBasedMCIDetection/outputs/checkpoints/run_20260803_091237_full_wvote_artifact30_w0-5-5-10-0-15-15-30_strat_4err/fold_25_best.pth
2026-08-03 20:54:15,459 | [FULL    ] | INFO | full_experiments_using.model_trainers.mobile_vit_trainer | Ep [027/500] T-Acc:  59.1%  V-Acc:  56.4%  V-AUROC: 0.5913  LR: 1.00e-03
2026-08-03 20:54:44,141 | [FULL    ] | INFO | full_experiments_using.model_trainers.mobile_vit_trainer | Ep [028/500] T-Acc:  59.4%  V-Acc:  57.7%  V-AUROC: 0.5971  LR: 1.00e-03
2026-08-03 20:54:44,283 | [FULL    ] | INFO | full_experiments_using.model_trainers.mobile_vit_trainer |   ↳ new best AUROC; saved checkpoint: /home/oem/choihyunsu/VOGBasedMCIDetection/outputs/checkpoints/run_20260803_091237_full_wvote_artifact30_w0-5-5-10-0-15-15-30_strat_4err/fold_25_best.pth
2026-08-03 20:55:13,064 | [FULL    ] | INFO | full_experiments_using.model_trainers.mobile_vit_trainer | Ep [029/500] T-Acc:  60.4%  V-Acc:  57.6%  V-AUROC: 0.5980  LR: 1.00e-03
2026-08-03 20:55:13,217 | [FULL    ] | INFO | full_experiments_using.model_trainers.mobile_vit_trainer |   ↳ new best AUROC; saved checkpoint: /home/oem/choihyunsu/VOGBasedMCIDetection/outputs/checkpoints/run_20260803_091237_full_wvote_artifact30_w0-5-5-10-0-15-15-30_strat_4err/fold_25_best.pth
2026-08-03 20:55:41,839 | [FULL    ] | INFO | full_experiments_using.model_trainers.mobile_vit_trainer | Ep [030/500] T-Acc:  60.4%  V-Acc:  57.8%  V-AUROC: 0.6024  LR: 1.00e-03
2026-08-03 20:55:41,961 | [FULL    ] | INFO | full_experiments_using.model_trainers.mobile_vit_trainer |   ↳ new best AUROC; saved checkpoint: /home/oem/choihyunsu/VOGBasedMCIDetection/outputs/checkpoints/run_20260803_091237_full_wvote_artifact30_w0-5-5-10-0-15-15-30_strat_4err/fold_25_best.pth
2026-08-03 20:56:08,795 | [FULL    ] | INFO | full_experiments_using.model_trainers.mobile_vit_trainer | Ep [031/500] T-Acc:  61.3%  V-Acc:  55.2%  V-AUROC: 0.5837  LR: 1.00e-03
2026-08-03 20:56:37,512 | [FULL    ] | INFO | full_experiments_using.model_trainers.mobile_vit_trainer | Ep [032/500] T-Acc:  61.0%  V-Acc:  57.6%  V-AUROC: 0.5954  LR: 1.00e-03
2026-08-03 20:57:05,984 | [FULL    ] | INFO | full_experiments_using.model_trainers.mobile_vit_trainer | Ep [033/500] T-Acc:  60.8%  V-Acc:  55.1%  V-AUROC: 0.5822  LR: 1.00e-03
2026-08-03 20:57:34,783 | [FULL    ] | INFO | full_experiments_using.model_trainers.mobile_vit_trainer | Ep [034/500] T-Acc:  60.8%  V-Acc:  57.2%  V-AUROC: 0.5898  LR: 1.00e-03
2026-08-03 20:58:03,448 | [FULL    ] | INFO | full_experiments_using.model_trainers.mobile_vit_trainer | Ep [035/500] T-Acc:  61.1%  V-Acc:  56.4%  V-AUROC: 0.5932  LR: 1.00e-03
2026-08-03 20:58:31,739 | [FULL    ] | INFO | full_experiments_using.model_trainers.mobile_vit_trainer | Ep [036/500] T-Acc:  60.5%  V-Acc:  55.6%  V-AUROC: 0.5879  LR: 1.00e-03
2026-08-03 20:58:59,039 | [FULL    ] | INFO | full_experiments_using.model_trainers.mobile_vit_trainer | Ep [037/500] T-Acc:  61.7%  V-Acc:  56.0%  V-AUROC: 0.5940  LR: 1.00e-03
2026-08-03 20:59:24,991 | [FULL    ] | INFO | full_experiments_using.model_trainers.mobile_vit_trainer | Ep [038/500] T-Acc:  61.1%  V-Acc:  56.5%  V-AUROC: 0.5851  LR: 1.00e-03
2026-08-03 20:59:53,576 | [FULL    ] | INFO | full_experiments_using.model_trainers.mobile_vit_trainer | Ep [039/500] T-Acc:  61.3%  V-Acc:  55.3%  V-AUROC: 0.5913  LR: 1.00e-03
2026-08-03 21:00:22,158 | [FULL    ] | INFO | full_experiments_using.model_trainers.mobile_vit_trainer | Ep [040/500] T-Acc:  62.6%  V-Acc:  55.4%  V-AUROC: 0.5874  LR: 1.00e-03
2026-08-03 21:00:50,639 | [FULL    ] | INFO | full_experiments_using.model_trainers.mobile_vit_trainer | Ep [041/500] T-Acc:  61.1%  V-Acc:  57.0%  V-AUROC: 0.5929  LR: 1.00e-03
2026-08-03 21:01:19,109 | [FULL    ] | INFO | full_experiments_using.model_trainers.mobile_vit_trainer | Ep [042/500] T-Acc:  61.2%  V-Acc:  56.5%  V-AUROC: 0.5886  LR: 2.00e-04
2026-08-03 21:01:47,611 | [FULL    ] | INFO | full_experiments_using.model_trainers.mobile_vit_trainer | Ep [043/500] T-Acc:  61.8%  V-Acc:  56.5%  V-AUROC: 0.5807  LR: 2.00e-04
2026-08-03 21:02:14,034 | [FULL    ] | INFO | full_experiments_using.model_trainers.mobile_vit_trainer | Ep [044/500] T-Acc:  62.1%  V-Acc:  56.9%  V-AUROC: 0.5780  LR: 2.00e-04
2026-08-03 21:02:42,523 | [FULL    ] | INFO | full_experiments_using.model_trainers.mobile_vit_trainer | Ep [045/500] T-Acc:  62.4%  V-Acc:  56.3%  V-AUROC: 0.5779  LR: 2.00e-04
2026-08-03 21:03:10,674 | [FULL    ] | INFO | full_experiments_using.model_trainers.mobile_vit_trainer | Ep [046/500] T-Acc:  61.4%  V-Acc:  56.2%  V-AUROC: 0.5803  LR: 2.00e-04
2026-08-03 21:03:39,222 | [FULL    ] | INFO | full_experiments_using.model_trainers.mobile_vit_trainer | Ep [047/500] T-Acc:  61.9%  V-Acc:  56.0%  V-AUROC: 0.5795  LR: 2.00e-04
2026-08-03 21:04:07,599 | [FULL    ] | INFO | full_experiments_using.model_trainers.mobile_vit_trainer | Ep [048/500] T-Acc:  61.4%  V-Acc:  56.5%  V-AUROC: 0.5799  LR: 2.00e-04
2026-08-03 21:04:36,034 | [FULL    ] | INFO | full_experiments_using.model_trainers.mobile_vit_trainer | Ep [049/500] T-Acc:  61.9%  V-Acc:  56.7%  V-AUROC: 0.5768  LR: 2.00e-04
2026-08-03 21:05:04,563 | [FULL    ] | INFO | full_experiments_using.model_trainers.mobile_vit_trainer | Ep [050/500] T-Acc:  61.8%  V-Acc:  56.5%  V-AUROC: 0.5792  LR: 2.00e-04
2026-08-03 21:05:33,021 | [FULL    ] | INFO | full_experiments_using.model_trainers.mobile_vit_trainer | Ep [051/500] T-Acc:  62.7%  V-Acc:  56.0%  V-AUROC: 0.5816  LR: 2.00e-04
2026-08-03 21:06:01,431 | [FULL    ] | INFO | full_experiments_using.model_trainers.mobile_vit_trainer | Ep [052/500] T-Acc:  62.7%  V-Acc:  56.8%  V-AUROC: 0.5807  LR: 2.00e-04
2026-08-03 21:06:30,198 | [FULL    ] | INFO | full_experiments_using.model_trainers.mobile_vit_trainer | Ep [053/500] T-Acc:  61.2%  V-Acc:  56.4%  V-AUROC: 0.5799  LR: 4.00e-05
2026-08-03 21:06:58,680 | [FULL    ] | INFO | full_experiments_using.model_trainers.mobile_vit_trainer | Ep [054/500] T-Acc:  62.6%  V-Acc:  57.2%  V-AUROC: 0.5806  LR: 4.00e-05
2026-08-03 21:07:27,318 | [FULL    ] | INFO | full_experiments_using.model_trainers.mobile_vit_trainer | Ep [055/500] T-Acc:  61.6%  V-Acc:  56.9%  V-AUROC: 0.5802  LR: 4.00e-05
2026-08-03 21:07:55,748 | [FULL    ] | INFO | full_experiments_using.model_trainers.mobile_vit_trainer | Ep [056/500] T-Acc:  61.9%  V-Acc:  57.1%  V-AUROC: 0.5830  LR: 4.00e-05
2026-08-03 21:08:24,318 | [FULL    ] | INFO | full_experiments_using.model_trainers.mobile_vit_trainer | Ep [057/500] T-Acc:  62.7%  V-Acc:  56.3%  V-AUROC: 0.5801  LR: 4.00e-05
2026-08-03 21:08:52,966 | [FULL    ] | INFO | full_experiments_using.model_trainers.mobile_vit_trainer | Ep [058/500] T-Acc:  62.2%  V-Acc:  56.3%  V-AUROC: 0.5831  LR: 4.00e-05
2026-08-03 21:09:21,559 | [FULL    ] | INFO | full_experiments_using.model_trainers.mobile_vit_trainer | Ep [059/500] T-Acc:  62.4%  V-Acc:  56.8%  V-AUROC: 0.5810  LR: 4.00e-05
2026-08-03 21:09:49,755 | [FULL    ] | INFO | full_experiments_using.model_trainers.mobile_vit_trainer | Ep [060/500] T-Acc:  62.8%  V-Acc:  56.2%  V-AUROC: 0.5807  LR: 4.00e-05
2026-08-03 21:09:49,755 | [FULL    ] | INFO | full_experiments_using.model_trainers.mobile_vit_trainer | Early stop — best AUROC 0.6024 at epoch 30 (no improvement for 30 epochs)
2026-08-03 21:09:49,755 | [FULL    ] | INFO | full_experiments_using.model_trainers.mobile_vit_trainer | Done. Best AUROC: 0.6024 (epoch 30) → /home/oem/choihyunsu/VOGBasedMCIDetection/outputs/checkpoints/run_20260803_091237_full_wvote_artifact30_w0-5-5-10-0-15-15-30_strat_4err/fold_25_best.pth
2026-08-03 21:09:58,957 | [FULL    ] | INFO | full_experiments_using.evaluators.monte_carlo_evaluator | -> Fold 26 Result | Acc=0.900 Sens=0.857 Spec=1.000 AUROC=0.952
2026-08-03 21:09:58,964 | [FULL    ] | INFO | full_experiments_using.evaluators.monte_carlo_evaluator | === Fold 27/30 | train: 25 subj (HC=10 MCI=15) / 3866 win | test: 12 subj (HC=4 MCI=8) / 1849 win ===
2026-08-03 21:09:59,190 | [FULL    ] | INFO | httpx | HTTP Request: HEAD https://huggingface.co/apple/mobilevit-small/resolve/main/config.json "HTTP/1.1 307 Temporary Redirect"
2026-08-03 21:09:59,203 | [FULL    ] | INFO | httpx | HTTP Request: HEAD https://huggingface.co/api/resolve-cache/models/apple/mobilevit-small/6c8612545dc98676d27bc518fa521d9e9af23e34/config.json "HTTP/1.1 200 OK"
2026-08-03 21:09:59,544 | [FULL    ] | INFO | httpx | HTTP Request: HEAD https://huggingface.co/apple/mobilevit-small/resolve/main/model.safetensors "HTTP/1.1 404 Not Found"
2026-08-03 21:09:59,755 | [FULL    ] | INFO | httpx | HTTP Request: HEAD https://huggingface.co/apple/mobilevit-small/resolve/main/model.safetensors.index.json "HTTP/1.1 404 Not Found"
2026-08-03 21:09:59,966 | [FULL    ] | INFO | httpx | HTTP Request: HEAD https://huggingface.co/apple/mobilevit-small/resolve/main/pytorch_model.bin "HTTP/1.1 302 Found"
2026-08-03 21:10:00,183 | [FULL    ] | INFO | httpx | HTTP Request: HEAD https://huggingface.co/apple/mobilevit-small/resolve/main/model.safetensors "HTTP/1.1 404 Not Found"
2026-08-03 21:10:00,386 | [FULL    ] | INFO | httpx | HTTP Request: GET https://huggingface.co/api/models/apple/mobilevit-small "HTTP/1.1 200 OK"
2026-08-03 21:10:00,614 | [FULL    ] | INFO | httpx | HTTP Request: GET https://huggingface.co/api/models/apple/mobilevit-small/commits/main "HTTP/1.1 200 OK"
2026-08-03 21:10:00,896 | [FULL    ] | INFO | httpx | HTTP Request: GET https://huggingface.co/api/models/apple/mobilevit-small/discussions?p=0 "HTTP/1.1 200 OK"
2026-08-03 21:10:01,256 | [FULL    ] | INFO | httpx | HTTP Request: GET https://huggingface.co/api/models/apple/mobilevit-small/commits/refs%2Fpr%2F6 "HTTP/1.1 200 OK"
2026-08-03 21:10:01,458 | [FULL    ] | INFO | httpx | HTTP Request: HEAD https://huggingface.co/apple/mobilevit-small/resolve/refs%2Fpr%2F6/model.safetensors.index.json "HTTP/1.1 404 Not Found"
2026-08-03 21:10:01,675 | [FULL    ] | INFO | httpx | HTTP Request: HEAD https://huggingface.co/apple/mobilevit-small/resolve/refs%2Fpr%2F6/model.safetensors "HTTP/1.1 302 Found"
2026-08-03 21:10:02,340 | [FULL    ] | INFO | full_experiments_using.model_trainers.mobile_vit_trainer | Device: cuda | max_epochs=500 | batch=32 | eval_batch=256 | es_patience=30
2026-08-03 21:10:02,357 | [FULL    ] | INFO | full_experiments_using.model_trainers.mobile_vit_trainer | CE weights — HC: 1.085  MCI: 0.927
2026-08-03 21:10:30,669 | [FULL    ] | INFO | full_experiments_using.model_trainers.mobile_vit_trainer | Ep [001/500] T-Acc:  47.9%  V-Acc:  46.0%  V-AUROC: 0.4801  LR: 2.00e-04
2026-08-03 21:10:30,791 | [FULL    ] | INFO | full_experiments_using.model_trainers.mobile_vit_trainer |   ↳ new best AUROC; saved checkpoint: /home/oem/choihyunsu/VOGBasedMCIDetection/outputs/checkpoints/run_20260803_091237_full_wvote_artifact30_w0-5-5-10-0-15-15-30_strat_4err/fold_26_best.pth
2026-08-03 21:10:58,825 | [FULL    ] | INFO | full_experiments_using.model_trainers.mobile_vit_trainer | Ep [002/500] T-Acc:  49.3%  V-Acc:  47.1%  V-AUROC: 0.4913  LR: 4.00e-04
2026-08-03 21:10:58,988 | [FULL    ] | INFO | full_experiments_using.model_trainers.mobile_vit_trainer |   ↳ new best AUROC; saved checkpoint: /home/oem/choihyunsu/VOGBasedMCIDetection/outputs/checkpoints/run_20260803_091237_full_wvote_artifact30_w0-5-5-10-0-15-15-30_strat_4err/fold_26_best.pth
2026-08-03 21:11:27,184 | [FULL    ] | INFO | full_experiments_using.model_trainers.mobile_vit_trainer | Ep [003/500] T-Acc:  51.1%  V-Acc:  49.2%  V-AUROC: 0.4998  LR: 6.00e-04
2026-08-03 21:11:27,374 | [FULL    ] | INFO | full_experiments_using.model_trainers.mobile_vit_trainer |   ↳ new best AUROC; saved checkpoint: /home/oem/choihyunsu/VOGBasedMCIDetection/outputs/checkpoints/run_20260803_091237_full_wvote_artifact30_w0-5-5-10-0-15-15-30_strat_4err/fold_26_best.pth
2026-08-03 21:11:55,498 | [FULL    ] | INFO | full_experiments_using.model_trainers.mobile_vit_trainer | Ep [004/500] T-Acc:  49.8%  V-Acc:  49.8%  V-AUROC: 0.5022  LR: 8.00e-04
2026-08-03 21:11:55,619 | [FULL    ] | INFO | full_experiments_using.model_trainers.mobile_vit_trainer |   ↳ new best AUROC; saved checkpoint: /home/oem/choihyunsu/VOGBasedMCIDetection/outputs/checkpoints/run_20260803_091237_full_wvote_artifact30_w0-5-5-10-0-15-15-30_strat_4err/fold_26_best.pth
2026-08-03 21:12:24,006 | [FULL    ] | INFO | full_experiments_using.model_trainers.mobile_vit_trainer | Ep [005/500] T-Acc:  52.1%  V-Acc:  51.5%  V-AUROC: 0.5128  LR: 1.00e-03
2026-08-03 21:12:24,212 | [FULL    ] | INFO | full_experiments_using.model_trainers.mobile_vit_trainer |   ↳ new best AUROC; saved checkpoint: /home/oem/choihyunsu/VOGBasedMCIDetection/outputs/checkpoints/run_20260803_091237_full_wvote_artifact30_w0-5-5-10-0-15-15-30_strat_4err/fold_26_best.pth
2026-08-03 21:12:52,381 | [FULL    ] | INFO | full_experiments_using.model_trainers.mobile_vit_trainer | Ep [006/500] T-Acc:  51.1%  V-Acc:  52.8%  V-AUROC: 0.5394  LR: 1.00e-03
2026-08-03 21:12:52,582 | [FULL    ] | INFO | full_experiments_using.model_trainers.mobile_vit_trainer |   ↳ new best AUROC; saved checkpoint: /home/oem/choihyunsu/VOGBasedMCIDetection/outputs/checkpoints/run_20260803_091237_full_wvote_artifact30_w0-5-5-10-0-15-15-30_strat_4err/fold_26_best.pth
2026-08-03 21:13:20,759 | [FULL    ] | INFO | full_experiments_using.model_trainers.mobile_vit_trainer | Ep [007/500] T-Acc:  52.5%  V-Acc:  52.7%  V-AUROC: 0.5385  LR: 1.00e-03
2026-08-03 21:13:48,952 | [FULL    ] | INFO | full_experiments_using.model_trainers.mobile_vit_trainer | Ep [008/500] T-Acc:  53.4%  V-Acc:  53.6%  V-AUROC: 0.5399  LR: 1.00e-03
2026-08-03 21:13:49,122 | [FULL    ] | INFO | full_experiments_using.model_trainers.mobile_vit_trainer |   ↳ new best AUROC; saved checkpoint: /home/oem/choihyunsu/VOGBasedMCIDetection/outputs/checkpoints/run_20260803_091237_full_wvote_artifact30_w0-5-5-10-0-15-15-30_strat_4err/fold_26_best.pth
2026-08-03 21:14:17,271 | [FULL    ] | INFO | full_experiments_using.model_trainers.mobile_vit_trainer | Ep [009/500] T-Acc:  54.2%  V-Acc:  54.4%  V-AUROC: 0.5552  LR: 1.00e-03
2026-08-03 21:14:17,432 | [FULL    ] | INFO | full_experiments_using.model_trainers.mobile_vit_trainer |   ↳ new best AUROC; saved checkpoint: /home/oem/choihyunsu/VOGBasedMCIDetection/outputs/checkpoints/run_20260803_091237_full_wvote_artifact30_w0-5-5-10-0-15-15-30_strat_4err/fold_26_best.pth
2026-08-03 21:14:45,744 | [FULL    ] | INFO | full_experiments_using.model_trainers.mobile_vit_trainer | Ep [010/500] T-Acc:  55.0%  V-Acc:  54.4%  V-AUROC: 0.5625  LR: 1.00e-03
2026-08-03 21:14:45,864 | [FULL    ] | INFO | full_experiments_using.model_trainers.mobile_vit_trainer |   ↳ new best AUROC; saved checkpoint: /home/oem/choihyunsu/VOGBasedMCIDetection/outputs/checkpoints/run_20260803_091237_full_wvote_artifact30_w0-5-5-10-0-15-15-30_strat_4err/fold_26_best.pth
2026-08-03 21:15:13,930 | [FULL    ] | INFO | full_experiments_using.model_trainers.mobile_vit_trainer | Ep [011/500] T-Acc:  55.1%  V-Acc:  54.8%  V-AUROC: 0.5634  LR: 1.00e-03
2026-08-03 21:15:14,077 | [FULL    ] | INFO | full_experiments_using.model_trainers.mobile_vit_trainer |   ↳ new best AUROC; saved checkpoint: /home/oem/choihyunsu/VOGBasedMCIDetection/outputs/checkpoints/run_20260803_091237_full_wvote_artifact30_w0-5-5-10-0-15-15-30_strat_4err/fold_26_best.pth
2026-08-03 21:15:42,172 | [FULL    ] | INFO | full_experiments_using.model_trainers.mobile_vit_trainer | Ep [012/500] T-Acc:  55.5%  V-Acc:  56.1%  V-AUROC: 0.5778  LR: 1.00e-03
2026-08-03 21:15:42,295 | [FULL    ] | INFO | full_experiments_using.model_trainers.mobile_vit_trainer |   ↳ new best AUROC; saved checkpoint: /home/oem/choihyunsu/VOGBasedMCIDetection/outputs/checkpoints/run_20260803_091237_full_wvote_artifact30_w0-5-5-10-0-15-15-30_strat_4err/fold_26_best.pth
2026-08-03 21:16:10,436 | [FULL    ] | INFO | full_experiments_using.model_trainers.mobile_vit_trainer | Ep [013/500] T-Acc:  57.4%  V-Acc:  56.0%  V-AUROC: 0.5795  LR: 1.00e-03
2026-08-03 21:16:10,599 | [FULL    ] | INFO | full_experiments_using.model_trainers.mobile_vit_trainer |   ↳ new best AUROC; saved checkpoint: /home/oem/choihyunsu/VOGBasedMCIDetection/outputs/checkpoints/run_20260803_091237_full_wvote_artifact30_w0-5-5-10-0-15-15-30_strat_4err/fold_26_best.pth
2026-08-03 21:16:38,569 | [FULL    ] | INFO | full_experiments_using.model_trainers.mobile_vit_trainer | Ep [014/500] T-Acc:  55.2%  V-Acc:  56.7%  V-AUROC: 0.5836  LR: 1.00e-03
2026-08-03 21:16:38,709 | [FULL    ] | INFO | full_experiments_using.model_trainers.mobile_vit_trainer |   ↳ new best AUROC; saved checkpoint: /home/oem/choihyunsu/VOGBasedMCIDetection/outputs/checkpoints/run_20260803_091237_full_wvote_artifact30_w0-5-5-10-0-15-15-30_strat_4err/fold_26_best.pth
2026-08-03 21:17:06,810 | [FULL    ] | INFO | full_experiments_using.model_trainers.mobile_vit_trainer | Ep [015/500] T-Acc:  55.7%  V-Acc:  55.3%  V-AUROC: 0.5731  LR: 1.00e-03
2026-08-03 21:17:34,986 | [FULL    ] | INFO | full_experiments_using.model_trainers.mobile_vit_trainer | Ep [016/500] T-Acc:  56.5%  V-Acc:  56.4%  V-AUROC: 0.5876  LR: 1.00e-03
2026-08-03 21:17:35,179 | [FULL    ] | INFO | full_experiments_using.model_trainers.mobile_vit_trainer |   ↳ new best AUROC; saved checkpoint: /home/oem/choihyunsu/VOGBasedMCIDetection/outputs/checkpoints/run_20260803_091237_full_wvote_artifact30_w0-5-5-10-0-15-15-30_strat_4err/fold_26_best.pth
2026-08-03 21:18:03,317 | [FULL    ] | INFO | full_experiments_using.model_trainers.mobile_vit_trainer | Ep [017/500] T-Acc:  55.8%  V-Acc:  57.4%  V-AUROC: 0.5876  LR: 1.00e-03
2026-08-03 21:18:31,716 | [FULL    ] | INFO | full_experiments_using.model_trainers.mobile_vit_trainer | Ep [018/500] T-Acc:  57.4%  V-Acc:  56.0%  V-AUROC: 0.5865  LR: 1.00e-03
2026-08-03 21:18:59,909 | [FULL    ] | INFO | full_experiments_using.model_trainers.mobile_vit_trainer | Ep [019/500] T-Acc:  56.8%  V-Acc:  58.2%  V-AUROC: 0.6030  LR: 1.00e-03
2026-08-03 21:19:00,097 | [FULL    ] | INFO | full_experiments_using.model_trainers.mobile_vit_trainer |   ↳ new best AUROC; saved checkpoint: /home/oem/choihyunsu/VOGBasedMCIDetection/outputs/checkpoints/run_20260803_091237_full_wvote_artifact30_w0-5-5-10-0-15-15-30_strat_4err/fold_26_best.pth
2026-08-03 21:19:28,485 | [FULL    ] | INFO | full_experiments_using.model_trainers.mobile_vit_trainer | Ep [020/500] T-Acc:  57.7%  V-Acc:  56.7%  V-AUROC: 0.5902  LR: 1.00e-03
2026-08-03 21:19:56,592 | [FULL    ] | INFO | full_experiments_using.model_trainers.mobile_vit_trainer | Ep [021/500] T-Acc:  58.5%  V-Acc:  57.0%  V-AUROC: 0.5921  LR: 1.00e-03
2026-08-03 21:20:24,586 | [FULL    ] | INFO | full_experiments_using.model_trainers.mobile_vit_trainer | Ep [022/500] T-Acc:  57.9%  V-Acc:  56.8%  V-AUROC: 0.5960  LR: 1.00e-03
2026-08-03 21:20:52,618 | [FULL    ] | INFO | full_experiments_using.model_trainers.mobile_vit_trainer | Ep [023/500] T-Acc:  57.5%  V-Acc:  57.2%  V-AUROC: 0.6012  LR: 1.00e-03
2026-08-03 21:21:20,596 | [FULL    ] | INFO | full_experiments_using.model_trainers.mobile_vit_trainer | Ep [024/500] T-Acc:  56.6%  V-Acc:  56.9%  V-AUROC: 0.6021  LR: 1.00e-03
2026-08-03 21:21:48,786 | [FULL    ] | INFO | full_experiments_using.model_trainers.mobile_vit_trainer | Ep [025/500] T-Acc:  58.2%  V-Acc:  57.1%  V-AUROC: 0.6010  LR: 1.00e-03
2026-08-03 21:22:16,976 | [FULL    ] | INFO | full_experiments_using.model_trainers.mobile_vit_trainer | Ep [026/500] T-Acc:  58.3%  V-Acc:  56.6%  V-AUROC: 0.5936  LR: 1.00e-03
2026-08-03 21:22:45,248 | [FULL    ] | INFO | full_experiments_using.model_trainers.mobile_vit_trainer | Ep [027/500] T-Acc:  58.5%  V-Acc:  58.4%  V-AUROC: 0.6095  LR: 1.00e-03
2026-08-03 21:22:45,340 | [FULL    ] | INFO | full_experiments_using.model_trainers.mobile_vit_trainer |   ↳ new best AUROC; saved checkpoint: /home/oem/choihyunsu/VOGBasedMCIDetection/outputs/checkpoints/run_20260803_091237_full_wvote_artifact30_w0-5-5-10-0-15-15-30_strat_4err/fold_26_best.pth
2026-08-03 21:23:13,626 | [FULL    ] | INFO | full_experiments_using.model_trainers.mobile_vit_trainer | Ep [028/500] T-Acc:  59.8%  V-Acc:  58.8%  V-AUROC: 0.6119  LR: 1.00e-03
2026-08-03 21:23:13,767 | [FULL    ] | INFO | full_experiments_using.model_trainers.mobile_vit_trainer |   ↳ new best AUROC; saved checkpoint: /home/oem/choihyunsu/VOGBasedMCIDetection/outputs/checkpoints/run_20260803_091237_full_wvote_artifact30_w0-5-5-10-0-15-15-30_strat_4err/fold_26_best.pth
2026-08-03 21:23:42,053 | [FULL    ] | INFO | full_experiments_using.model_trainers.mobile_vit_trainer | Ep [029/500] T-Acc:  59.0%  V-Acc:  59.0%  V-AUROC: 0.6075  LR: 1.00e-03
2026-08-03 21:24:10,356 | [FULL    ] | INFO | full_experiments_using.model_trainers.mobile_vit_trainer | Ep [030/500] T-Acc:  59.6%  V-Acc:  59.2%  V-AUROC: 0.6150  LR: 1.00e-03
2026-08-03 21:24:10,503 | [FULL    ] | INFO | full_experiments_using.model_trainers.mobile_vit_trainer |   ↳ new best AUROC; saved checkpoint: /home/oem/choihyunsu/VOGBasedMCIDetection/outputs/checkpoints/run_20260803_091237_full_wvote_artifact30_w0-5-5-10-0-15-15-30_strat_4err/fold_26_best.pth
2026-08-03 21:24:38,769 | [FULL    ] | INFO | full_experiments_using.model_trainers.mobile_vit_trainer | Ep [031/500] T-Acc:  59.3%  V-Acc:  59.2%  V-AUROC: 0.6089  LR: 1.00e-03
2026-08-03 21:25:06,986 | [FULL    ] | INFO | full_experiments_using.model_trainers.mobile_vit_trainer | Ep [032/500] T-Acc:  59.9%  V-Acc:  57.8%  V-AUROC: 0.6053  LR: 1.00e-03
2026-08-03 21:25:35,141 | [FULL    ] | INFO | full_experiments_using.model_trainers.mobile_vit_trainer | Ep [033/500] T-Acc:  59.8%  V-Acc:  57.9%  V-AUROC: 0.5997  LR: 1.00e-03
2026-08-03 21:26:03,091 | [FULL    ] | INFO | full_experiments_using.model_trainers.mobile_vit_trainer | Ep [034/500] T-Acc:  58.9%  V-Acc:  59.0%  V-AUROC: 0.6026  LR: 1.00e-03
2026-08-03 21:26:31,290 | [FULL    ] | INFO | full_experiments_using.model_trainers.mobile_vit_trainer | Ep [035/500] T-Acc:  60.2%  V-Acc:  58.4%  V-AUROC: 0.6101  LR: 1.00e-03
2026-08-03 21:26:59,254 | [FULL    ] | INFO | full_experiments_using.model_trainers.mobile_vit_trainer | Ep [036/500] T-Acc:  60.5%  V-Acc:  56.6%  V-AUROC: 0.5928  LR: 1.00e-03
2026-08-03 21:27:27,704 | [FULL    ] | INFO | full_experiments_using.model_trainers.mobile_vit_trainer | Ep [037/500] T-Acc:  61.0%  V-Acc:  57.8%  V-AUROC: 0.5939  LR: 1.00e-03
2026-08-03 21:27:56,007 | [FULL    ] | INFO | full_experiments_using.model_trainers.mobile_vit_trainer | Ep [038/500] T-Acc:  60.2%  V-Acc:  58.2%  V-AUROC: 0.5925  LR: 1.00e-03
2026-08-03 21:28:24,507 | [FULL    ] | INFO | full_experiments_using.model_trainers.mobile_vit_trainer | Ep [039/500] T-Acc:  60.7%  V-Acc:  57.5%  V-AUROC: 0.5965  LR: 1.00e-03
2026-08-03 21:28:52,886 | [FULL    ] | INFO | full_experiments_using.model_trainers.mobile_vit_trainer | Ep [040/500] T-Acc:  60.7%  V-Acc:  56.7%  V-AUROC: 0.5907  LR: 1.00e-03
2026-08-03 21:29:21,195 | [FULL    ] | INFO | full_experiments_using.model_trainers.mobile_vit_trainer | Ep [041/500] T-Acc:  60.3%  V-Acc:  56.9%  V-AUROC: 0.5914  LR: 1.00e-03
2026-08-03 21:29:49,372 | [FULL    ] | INFO | full_experiments_using.model_trainers.mobile_vit_trainer | Ep [042/500] T-Acc:  61.6%  V-Acc:  56.5%  V-AUROC: 0.5914  LR: 2.00e-04
2026-08-03 21:30:15,635 | [FULL    ] | INFO | full_experiments_using.model_trainers.mobile_vit_trainer | Ep [043/500] T-Acc:  60.3%  V-Acc:  57.2%  V-AUROC: 0.5954  LR: 2.00e-04
2026-08-03 21:30:42,957 | [FULL    ] | INFO | full_experiments_using.model_trainers.mobile_vit_trainer | Ep [044/500] T-Acc:  61.1%  V-Acc:  57.3%  V-AUROC: 0.5974  LR: 2.00e-04
2026-08-03 21:31:09,806 | [FULL    ] | INFO | full_experiments_using.model_trainers.mobile_vit_trainer | Ep [045/500] T-Acc:  61.9%  V-Acc:  57.5%  V-AUROC: 0.5988  LR: 2.00e-04
2026-08-03 21:31:38,205 | [FULL    ] | INFO | full_experiments_using.model_trainers.mobile_vit_trainer | Ep [046/500] T-Acc:  62.6%  V-Acc:  58.0%  V-AUROC: 0.5972  LR: 2.00e-04
2026-08-03 21:32:06,337 | [FULL    ] | INFO | full_experiments_using.model_trainers.mobile_vit_trainer | Ep [047/500] T-Acc:  61.0%  V-Acc:  57.5%  V-AUROC: 0.5988  LR: 2.00e-04
2026-08-03 21:32:34,498 | [FULL    ] | INFO | full_experiments_using.model_trainers.mobile_vit_trainer | Ep [048/500] T-Acc:  61.5%  V-Acc:  56.8%  V-AUROC: 0.5998  LR: 2.00e-04
2026-08-03 21:33:02,488 | [FULL    ] | INFO | full_experiments_using.model_trainers.mobile_vit_trainer | Ep [049/500] T-Acc:  61.2%  V-Acc:  57.0%  V-AUROC: 0.5962  LR: 2.00e-04
2026-08-03 21:33:30,631 | [FULL    ] | INFO | full_experiments_using.model_trainers.mobile_vit_trainer | Ep [050/500] T-Acc:  61.7%  V-Acc:  57.1%  V-AUROC: 0.5992  LR: 2.00e-04
2026-08-03 21:33:58,787 | [FULL    ] | INFO | full_experiments_using.model_trainers.mobile_vit_trainer | Ep [051/500] T-Acc:  61.4%  V-Acc:  57.2%  V-AUROC: 0.5989  LR: 2.00e-04
2026-08-03 21:34:27,160 | [FULL    ] | INFO | full_experiments_using.model_trainers.mobile_vit_trainer | Ep [052/500] T-Acc:  60.3%  V-Acc:  57.7%  V-AUROC: 0.5966  LR: 2.00e-04
2026-08-03 21:34:54,134 | [FULL    ] | INFO | full_experiments_using.model_trainers.mobile_vit_trainer | Ep [053/500] T-Acc:  61.7%  V-Acc:  56.4%  V-AUROC: 0.5974  LR: 4.00e-05
2026-08-03 21:35:22,297 | [FULL    ] | INFO | full_experiments_using.model_trainers.mobile_vit_trainer | Ep [054/500] T-Acc:  61.7%  V-Acc:  56.5%  V-AUROC: 0.5961  LR: 4.00e-05
2026-08-03 21:35:48,007 | [FULL    ] | INFO | full_experiments_using.model_trainers.mobile_vit_trainer | Ep [055/500] T-Acc:  61.1%  V-Acc:  56.8%  V-AUROC: 0.5967  LR: 4.00e-05
2026-08-03 21:36:16,081 | [FULL    ] | INFO | full_experiments_using.model_trainers.mobile_vit_trainer | Ep [056/500] T-Acc:  61.2%  V-Acc:  57.3%  V-AUROC: 0.5962  LR: 4.00e-05
2026-08-03 21:36:44,393 | [FULL    ] | INFO | full_experiments_using.model_trainers.mobile_vit_trainer | Ep [057/500] T-Acc:  61.2%  V-Acc:  56.8%  V-AUROC: 0.5961  LR: 4.00e-05
2026-08-03 21:37:12,575 | [FULL    ] | INFO | full_experiments_using.model_trainers.mobile_vit_trainer | Ep [058/500] T-Acc:  61.1%  V-Acc:  56.8%  V-AUROC: 0.5973  LR: 4.00e-05
2026-08-03 21:37:40,969 | [FULL    ] | INFO | full_experiments_using.model_trainers.mobile_vit_trainer | Ep [059/500] T-Acc:  60.9%  V-Acc:  57.1%  V-AUROC: 0.5953  LR: 4.00e-05
2026-08-03 21:38:09,208 | [FULL    ] | INFO | full_experiments_using.model_trainers.mobile_vit_trainer | Ep [060/500] T-Acc:  62.0%  V-Acc:  56.9%  V-AUROC: 0.5965  LR: 4.00e-05
2026-08-03 21:38:09,208 | [FULL    ] | INFO | full_experiments_using.model_trainers.mobile_vit_trainer | Early stop — best AUROC 0.6150 at epoch 30 (no improvement for 30 epochs)
2026-08-03 21:38:09,208 | [FULL    ] | INFO | full_experiments_using.model_trainers.mobile_vit_trainer | Done. Best AUROC: 0.6150 (epoch 30) → /home/oem/choihyunsu/VOGBasedMCIDetection/outputs/checkpoints/run_20260803_091237_full_wvote_artifact30_w0-5-5-10-0-15-15-30_strat_4err/fold_26_best.pth
2026-08-03 21:38:14,884 | [FULL    ] | INFO | full_experiments_using.evaluators.monte_carlo_evaluator | -> Fold 27 Result | Acc=0.909 Sens=0.875 Spec=1.000 AUROC=1.000
2026-08-03 21:38:14,898 | [FULL    ] | INFO | full_experiments_using.evaluators.monte_carlo_evaluator | === Fold 28/30 | train: 25 subj (HC=10 MCI=15) / 3886 win | test: 12 subj (HC=4 MCI=8) / 1829 win ===
2026-08-03 21:38:15,136 | [FULL    ] | INFO | httpx | HTTP Request: HEAD https://huggingface.co/apple/mobilevit-small/resolve/main/config.json "HTTP/1.1 307 Temporary Redirect"
2026-08-03 21:38:15,148 | [FULL    ] | INFO | httpx | HTTP Request: HEAD https://huggingface.co/api/resolve-cache/models/apple/mobilevit-small/6c8612545dc98676d27bc518fa521d9e9af23e34/config.json "HTTP/1.1 200 OK"
2026-08-03 21:38:15,405 | [FULL    ] | INFO | httpx | HTTP Request: HEAD https://huggingface.co/apple/mobilevit-small/resolve/main/model.safetensors "HTTP/1.1 404 Not Found"
2026-08-03 21:38:15,618 | [FULL    ] | INFO | httpx | HTTP Request: HEAD https://huggingface.co/apple/mobilevit-small/resolve/main/model.safetensors.index.json "HTTP/1.1 404 Not Found"
2026-08-03 21:38:15,828 | [FULL    ] | INFO | httpx | HTTP Request: HEAD https://huggingface.co/apple/mobilevit-small/resolve/main/pytorch_model.bin "HTTP/1.1 302 Found"
2026-08-03 21:38:16,042 | [FULL    ] | INFO | httpx | HTTP Request: HEAD https://huggingface.co/apple/mobilevit-small/resolve/main/model.safetensors "HTTP/1.1 404 Not Found"
2026-08-03 21:38:16,246 | [FULL    ] | INFO | httpx | HTTP Request: GET https://huggingface.co/api/models/apple/mobilevit-small "HTTP/1.1 200 OK"
2026-08-03 21:38:16,462 | [FULL    ] | INFO | httpx | HTTP Request: GET https://huggingface.co/api/models/apple/mobilevit-small/commits/main "HTTP/1.1 200 OK"
2026-08-03 21:38:16,678 | [FULL    ] | INFO | httpx | HTTP Request: GET https://huggingface.co/api/models/apple/mobilevit-small/discussions?p=0 "HTTP/1.1 200 OK"
2026-08-03 21:38:16,905 | [FULL    ] | INFO | httpx | HTTP Request: GET https://huggingface.co/api/models/apple/mobilevit-small/commits/refs%2Fpr%2F6 "HTTP/1.1 200 OK"
2026-08-03 21:38:17,120 | [FULL    ] | INFO | httpx | HTTP Request: HEAD https://huggingface.co/apple/mobilevit-small/resolve/refs%2Fpr%2F6/model.safetensors.index.json "HTTP/1.1 404 Not Found"
2026-08-03 21:38:17,328 | [FULL    ] | INFO | httpx | HTTP Request: HEAD https://huggingface.co/apple/mobilevit-small/resolve/refs%2Fpr%2F6/model.safetensors "HTTP/1.1 302 Found"
2026-08-03 21:38:18,289 | [FULL    ] | INFO | full_experiments_using.model_trainers.mobile_vit_trainer | Device: cuda | max_epochs=500 | batch=32 | eval_batch=256 | es_patience=30
2026-08-03 21:38:18,301 | [FULL    ] | INFO | full_experiments_using.model_trainers.mobile_vit_trainer | CE weights — HC: 1.095  MCI: 0.920
2026-08-03 21:38:55,045 | [FULL    ] | INFO | full_experiments_using.model_trainers.mobile_vit_trainer | Ep [001/500] T-Acc:  47.9%  V-Acc:  46.9%  V-AUROC: 0.4409  LR: 2.00e-04
2026-08-03 21:38:55,191 | [FULL    ] | INFO | full_experiments_using.model_trainers.mobile_vit_trainer |   ↳ new best AUROC; saved checkpoint: /home/oem/choihyunsu/VOGBasedMCIDetection/outputs/checkpoints/run_20260803_091237_full_wvote_artifact30_w0-5-5-10-0-15-15-30_strat_4err/fold_27_best.pth
2026-08-03 21:39:23,742 | [FULL    ] | INFO | full_experiments_using.model_trainers.mobile_vit_trainer | Ep [002/500] T-Acc:  49.0%  V-Acc:  47.5%  V-AUROC: 0.4539  LR: 4.00e-04
2026-08-03 21:39:23,832 | [FULL    ] | INFO | full_experiments_using.model_trainers.mobile_vit_trainer |   ↳ new best AUROC; saved checkpoint: /home/oem/choihyunsu/VOGBasedMCIDetection/outputs/checkpoints/run_20260803_091237_full_wvote_artifact30_w0-5-5-10-0-15-15-30_strat_4err/fold_27_best.pth
2026-08-03 21:39:52,324 | [FULL    ] | INFO | full_experiments_using.model_trainers.mobile_vit_trainer | Ep [003/500] T-Acc:  48.9%  V-Acc:  47.3%  V-AUROC: 0.4579  LR: 6.00e-04
2026-08-03 21:39:52,443 | [FULL    ] | INFO | full_experiments_using.model_trainers.mobile_vit_trainer |   ↳ new best AUROC; saved checkpoint: /home/oem/choihyunsu/VOGBasedMCIDetection/outputs/checkpoints/run_20260803_091237_full_wvote_artifact30_w0-5-5-10-0-15-15-30_strat_4err/fold_27_best.pth
2026-08-03 21:40:20,875 | [FULL    ] | INFO | full_experiments_using.model_trainers.mobile_vit_trainer | Ep [004/500] T-Acc:  49.9%  V-Acc:  48.1%  V-AUROC: 0.4725  LR: 8.00e-04
2026-08-03 21:40:21,047 | [FULL    ] | INFO | full_experiments_using.model_trainers.mobile_vit_trainer |   ↳ new best AUROC; saved checkpoint: /home/oem/choihyunsu/VOGBasedMCIDetection/outputs/checkpoints/run_20260803_091237_full_wvote_artifact30_w0-5-5-10-0-15-15-30_strat_4err/fold_27_best.pth
2026-08-03 21:40:49,338 | [FULL    ] | INFO | full_experiments_using.model_trainers.mobile_vit_trainer | Ep [005/500] T-Acc:  51.4%  V-Acc:  49.3%  V-AUROC: 0.4836  LR: 1.00e-03
2026-08-03 21:40:49,513 | [FULL    ] | INFO | full_experiments_using.model_trainers.mobile_vit_trainer |   ↳ new best AUROC; saved checkpoint: /home/oem/choihyunsu/VOGBasedMCIDetection/outputs/checkpoints/run_20260803_091237_full_wvote_artifact30_w0-5-5-10-0-15-15-30_strat_4err/fold_27_best.pth
2026-08-03 21:41:18,204 | [FULL    ] | INFO | full_experiments_using.model_trainers.mobile_vit_trainer | Ep [006/500] T-Acc:  52.9%  V-Acc:  49.8%  V-AUROC: 0.5018  LR: 1.00e-03
2026-08-03 21:41:18,326 | [FULL    ] | INFO | full_experiments_using.model_trainers.mobile_vit_trainer |   ↳ new best AUROC; saved checkpoint: /home/oem/choihyunsu/VOGBasedMCIDetection/outputs/checkpoints/run_20260803_091237_full_wvote_artifact30_w0-5-5-10-0-15-15-30_strat_4err/fold_27_best.pth
2026-08-03 21:41:46,648 | [FULL    ] | INFO | full_experiments_using.model_trainers.mobile_vit_trainer | Ep [007/500] T-Acc:  52.9%  V-Acc:  51.1%  V-AUROC: 0.5079  LR: 1.00e-03
2026-08-03 21:41:46,825 | [FULL    ] | INFO | full_experiments_using.model_trainers.mobile_vit_trainer |   ↳ new best AUROC; saved checkpoint: /home/oem/choihyunsu/VOGBasedMCIDetection/outputs/checkpoints/run_20260803_091237_full_wvote_artifact30_w0-5-5-10-0-15-15-30_strat_4err/fold_27_best.pth
2026-08-03 21:42:15,285 | [FULL    ] | INFO | full_experiments_using.model_trainers.mobile_vit_trainer | Ep [008/500] T-Acc:  53.4%  V-Acc:  51.0%  V-AUROC: 0.5161  LR: 1.00e-03
2026-08-03 21:42:15,482 | [FULL    ] | INFO | full_experiments_using.model_trainers.mobile_vit_trainer |   ↳ new best AUROC; saved checkpoint: /home/oem/choihyunsu/VOGBasedMCIDetection/outputs/checkpoints/run_20260803_091237_full_wvote_artifact30_w0-5-5-10-0-15-15-30_strat_4err/fold_27_best.pth
2026-08-03 21:42:44,130 | [FULL    ] | INFO | full_experiments_using.model_trainers.mobile_vit_trainer | Ep [009/500] T-Acc:  52.2%  V-Acc:  52.3%  V-AUROC: 0.5449  LR: 1.00e-03
2026-08-03 21:42:44,271 | [FULL    ] | INFO | full_experiments_using.model_trainers.mobile_vit_trainer |   ↳ new best AUROC; saved checkpoint: /home/oem/choihyunsu/VOGBasedMCIDetection/outputs/checkpoints/run_20260803_091237_full_wvote_artifact30_w0-5-5-10-0-15-15-30_strat_4err/fold_27_best.pth
2026-08-03 21:43:12,383 | [FULL    ] | INFO | full_experiments_using.model_trainers.mobile_vit_trainer | Ep [010/500] T-Acc:  53.9%  V-Acc:  54.1%  V-AUROC: 0.5706  LR: 1.00e-03
2026-08-03 21:43:12,583 | [FULL    ] | INFO | full_experiments_using.model_trainers.mobile_vit_trainer |   ↳ new best AUROC; saved checkpoint: /home/oem/choihyunsu/VOGBasedMCIDetection/outputs/checkpoints/run_20260803_091237_full_wvote_artifact30_w0-5-5-10-0-15-15-30_strat_4err/fold_27_best.pth
2026-08-03 21:43:40,759 | [FULL    ] | INFO | full_experiments_using.model_trainers.mobile_vit_trainer | Ep [011/500] T-Acc:  54.4%  V-Acc:  54.9%  V-AUROC: 0.5742  LR: 1.00e-03
2026-08-03 21:43:40,948 | [FULL    ] | INFO | full_experiments_using.model_trainers.mobile_vit_trainer |   ↳ new best AUROC; saved checkpoint: /home/oem/choihyunsu/VOGBasedMCIDetection/outputs/checkpoints/run_20260803_091237_full_wvote_artifact30_w0-5-5-10-0-15-15-30_strat_4err/fold_27_best.pth
2026-08-03 21:44:09,322 | [FULL    ] | INFO | full_experiments_using.model_trainers.mobile_vit_trainer | Ep [012/500] T-Acc:  57.5%  V-Acc:  54.5%  V-AUROC: 0.5779  LR: 1.00e-03
2026-08-03 21:44:09,500 | [FULL    ] | INFO | full_experiments_using.model_trainers.mobile_vit_trainer |   ↳ new best AUROC; saved checkpoint: /home/oem/choihyunsu/VOGBasedMCIDetection/outputs/checkpoints/run_20260803_091237_full_wvote_artifact30_w0-5-5-10-0-15-15-30_strat_4err/fold_27_best.pth
2026-08-03 21:44:37,879 | [FULL    ] | INFO | full_experiments_using.model_trainers.mobile_vit_trainer | Ep [013/500] T-Acc:  55.3%  V-Acc:  54.9%  V-AUROC: 0.5800  LR: 1.00e-03
2026-08-03 21:44:38,015 | [FULL    ] | INFO | full_experiments_using.model_trainers.mobile_vit_trainer |   ↳ new best AUROC; saved checkpoint: /home/oem/choihyunsu/VOGBasedMCIDetection/outputs/checkpoints/run_20260803_091237_full_wvote_artifact30_w0-5-5-10-0-15-15-30_strat_4err/fold_27_best.pth
2026-08-03 21:45:05,329 | [FULL    ] | INFO | full_experiments_using.model_trainers.mobile_vit_trainer | Ep [014/500] T-Acc:  56.4%  V-Acc:  55.0%  V-AUROC: 0.5934  LR: 1.00e-03
2026-08-03 21:45:05,512 | [FULL    ] | INFO | full_experiments_using.model_trainers.mobile_vit_trainer |   ↳ new best AUROC; saved checkpoint: /home/oem/choihyunsu/VOGBasedMCIDetection/outputs/checkpoints/run_20260803_091237_full_wvote_artifact30_w0-5-5-10-0-15-15-30_strat_4err/fold_27_best.pth
2026-08-03 21:45:31,806 | [FULL    ] | INFO | full_experiments_using.model_trainers.mobile_vit_trainer | Ep [015/500] T-Acc:  55.4%  V-Acc:  53.7%  V-AUROC: 0.5900  LR: 1.00e-03
2026-08-03 21:46:00,063 | [FULL    ] | INFO | full_experiments_using.model_trainers.mobile_vit_trainer | Ep [016/500] T-Acc:  56.3%  V-Acc:  56.1%  V-AUROC: 0.5988  LR: 1.00e-03
2026-08-03 21:46:00,260 | [FULL    ] | INFO | full_experiments_using.model_trainers.mobile_vit_trainer |   ↳ new best AUROC; saved checkpoint: /home/oem/choihyunsu/VOGBasedMCIDetection/outputs/checkpoints/run_20260803_091237_full_wvote_artifact30_w0-5-5-10-0-15-15-30_strat_4err/fold_27_best.pth
2026-08-03 21:46:28,575 | [FULL    ] | INFO | full_experiments_using.model_trainers.mobile_vit_trainer | Ep [017/500] T-Acc:  57.2%  V-Acc:  55.3%  V-AUROC: 0.6019  LR: 1.00e-03
2026-08-03 21:46:28,719 | [FULL    ] | INFO | full_experiments_using.model_trainers.mobile_vit_trainer |   ↳ new best AUROC; saved checkpoint: /home/oem/choihyunsu/VOGBasedMCIDetection/outputs/checkpoints/run_20260803_091237_full_wvote_artifact30_w0-5-5-10-0-15-15-30_strat_4err/fold_27_best.pth
2026-08-03 21:46:57,130 | [FULL    ] | INFO | full_experiments_using.model_trainers.mobile_vit_trainer | Ep [018/500] T-Acc:  57.2%  V-Acc:  54.4%  V-AUROC: 0.6075  LR: 1.00e-03
2026-08-03 21:46:57,305 | [FULL    ] | INFO | full_experiments_using.model_trainers.mobile_vit_trainer |   ↳ new best AUROC; saved checkpoint: /home/oem/choihyunsu/VOGBasedMCIDetection/outputs/checkpoints/run_20260803_091237_full_wvote_artifact30_w0-5-5-10-0-15-15-30_strat_4err/fold_27_best.pth
2026-08-03 21:47:25,706 | [FULL    ] | INFO | full_experiments_using.model_trainers.mobile_vit_trainer | Ep [019/500] T-Acc:  55.1%  V-Acc:  54.6%  V-AUROC: 0.6098  LR: 1.00e-03
2026-08-03 21:47:25,885 | [FULL    ] | INFO | full_experiments_using.model_trainers.mobile_vit_trainer |   ↳ new best AUROC; saved checkpoint: /home/oem/choihyunsu/VOGBasedMCIDetection/outputs/checkpoints/run_20260803_091237_full_wvote_artifact30_w0-5-5-10-0-15-15-30_strat_4err/fold_27_best.pth
2026-08-03 21:47:54,172 | [FULL    ] | INFO | full_experiments_using.model_trainers.mobile_vit_trainer | Ep [020/500] T-Acc:  57.8%  V-Acc:  56.5%  V-AUROC: 0.5931  LR: 1.00e-03
2026-08-03 21:48:22,635 | [FULL    ] | INFO | full_experiments_using.model_trainers.mobile_vit_trainer | Ep [021/500] T-Acc:  58.4%  V-Acc:  56.3%  V-AUROC: 0.6100  LR: 1.00e-03
2026-08-03 21:48:22,902 | [FULL    ] | INFO | full_experiments_using.model_trainers.mobile_vit_trainer |   ↳ new best AUROC; saved checkpoint: /home/oem/choihyunsu/VOGBasedMCIDetection/outputs/checkpoints/run_20260803_091237_full_wvote_artifact30_w0-5-5-10-0-15-15-30_strat_4err/fold_27_best.pth
2026-08-03 21:48:51,145 | [FULL    ] | INFO | full_experiments_using.model_trainers.mobile_vit_trainer | Ep [022/500] T-Acc:  58.1%  V-Acc:  57.5%  V-AUROC: 0.6188  LR: 1.00e-03
2026-08-03 21:48:51,328 | [FULL    ] | INFO | full_experiments_using.model_trainers.mobile_vit_trainer |   ↳ new best AUROC; saved checkpoint: /home/oem/choihyunsu/VOGBasedMCIDetection/outputs/checkpoints/run_20260803_091237_full_wvote_artifact30_w0-5-5-10-0-15-15-30_strat_4err/fold_27_best.pth
2026-08-03 21:49:19,714 | [FULL    ] | INFO | full_experiments_using.model_trainers.mobile_vit_trainer | Ep [023/500] T-Acc:  58.6%  V-Acc:  56.8%  V-AUROC: 0.6092  LR: 1.00e-03
2026-08-03 21:49:46,206 | [FULL    ] | INFO | full_experiments_using.model_trainers.mobile_vit_trainer | Ep [024/500] T-Acc:  57.4%  V-Acc:  55.8%  V-AUROC: 0.6176  LR: 1.00e-03
2026-08-03 21:50:14,438 | [FULL    ] | INFO | full_experiments_using.model_trainers.mobile_vit_trainer | Ep [025/500] T-Acc:  58.5%  V-Acc:  57.1%  V-AUROC: 0.6233  LR: 1.00e-03
2026-08-03 21:50:14,612 | [FULL    ] | INFO | full_experiments_using.model_trainers.mobile_vit_trainer |   ↳ new best AUROC; saved checkpoint: /home/oem/choihyunsu/VOGBasedMCIDetection/outputs/checkpoints/run_20260803_091237_full_wvote_artifact30_w0-5-5-10-0-15-15-30_strat_4err/fold_27_best.pth
2026-08-03 21:50:41,763 | [FULL    ] | INFO | full_experiments_using.model_trainers.mobile_vit_trainer | Ep [026/500] T-Acc:  58.2%  V-Acc:  57.1%  V-AUROC: 0.6230  LR: 1.00e-03
2026-08-03 21:51:10,203 | [FULL    ] | INFO | full_experiments_using.model_trainers.mobile_vit_trainer | Ep [027/500] T-Acc:  58.6%  V-Acc:  57.5%  V-AUROC: 0.6142  LR: 1.00e-03
2026-08-03 21:51:38,977 | [FULL    ] | INFO | full_experiments_using.model_trainers.mobile_vit_trainer | Ep [028/500] T-Acc:  58.9%  V-Acc:  57.0%  V-AUROC: 0.6201  LR: 1.00e-03
2026-08-03 21:52:07,106 | [FULL    ] | INFO | full_experiments_using.model_trainers.mobile_vit_trainer | Ep [029/500] T-Acc:  59.1%  V-Acc:  56.5%  V-AUROC: 0.6239  LR: 1.00e-03
2026-08-03 21:52:07,289 | [FULL    ] | INFO | full_experiments_using.model_trainers.mobile_vit_trainer |   ↳ new best AUROC; saved checkpoint: /home/oem/choihyunsu/VOGBasedMCIDetection/outputs/checkpoints/run_20260803_091237_full_wvote_artifact30_w0-5-5-10-0-15-15-30_strat_4err/fold_27_best.pth
2026-08-03 21:52:35,454 | [FULL    ] | INFO | full_experiments_using.model_trainers.mobile_vit_trainer | Ep [030/500] T-Acc:  59.3%  V-Acc:  55.9%  V-AUROC: 0.6043  LR: 1.00e-03
2026-08-03 21:53:03,602 | [FULL    ] | INFO | full_experiments_using.model_trainers.mobile_vit_trainer | Ep [031/500] T-Acc:  58.1%  V-Acc:  57.2%  V-AUROC: 0.6144  LR: 1.00e-03
2026-08-03 21:53:31,768 | [FULL    ] | INFO | full_experiments_using.model_trainers.mobile_vit_trainer | Ep [032/500] T-Acc:  59.6%  V-Acc:  57.2%  V-AUROC: 0.6263  LR: 1.00e-03
2026-08-03 21:53:31,904 | [FULL    ] | INFO | full_experiments_using.model_trainers.mobile_vit_trainer |   ↳ new best AUROC; saved checkpoint: /home/oem/choihyunsu/VOGBasedMCIDetection/outputs/checkpoints/run_20260803_091237_full_wvote_artifact30_w0-5-5-10-0-15-15-30_strat_4err/fold_27_best.pth
2026-08-03 21:54:00,227 | [FULL    ] | INFO | full_experiments_using.model_trainers.mobile_vit_trainer | Ep [033/500] T-Acc:  59.1%  V-Acc:  57.7%  V-AUROC: 0.6169  LR: 1.00e-03
2026-08-03 21:54:28,648 | [FULL    ] | INFO | full_experiments_using.model_trainers.mobile_vit_trainer | Ep [034/500] T-Acc:  58.8%  V-Acc:  57.0%  V-AUROC: 0.6228  LR: 1.00e-03
2026-08-03 21:54:57,349 | [FULL    ] | INFO | full_experiments_using.model_trainers.mobile_vit_trainer | Ep [035/500] T-Acc:  60.1%  V-Acc:  58.0%  V-AUROC: 0.6289  LR: 1.00e-03
2026-08-03 21:54:57,468 | [FULL    ] | INFO | full_experiments_using.model_trainers.mobile_vit_trainer |   ↳ new best AUROC; saved checkpoint: /home/oem/choihyunsu/VOGBasedMCIDetection/outputs/checkpoints/run_20260803_091237_full_wvote_artifact30_w0-5-5-10-0-15-15-30_strat_4err/fold_27_best.pth
2026-08-03 21:55:25,597 | [FULL    ] | INFO | full_experiments_using.model_trainers.mobile_vit_trainer | Ep [036/500] T-Acc:  60.5%  V-Acc:  57.3%  V-AUROC: 0.6188  LR: 1.00e-03
2026-08-03 21:55:54,000 | [FULL    ] | INFO | full_experiments_using.model_trainers.mobile_vit_trainer | Ep [037/500] T-Acc:  59.6%  V-Acc:  58.9%  V-AUROC: 0.6346  LR: 1.00e-03
2026-08-03 21:55:54,188 | [FULL    ] | INFO | full_experiments_using.model_trainers.mobile_vit_trainer |   ↳ new best AUROC; saved checkpoint: /home/oem/choihyunsu/VOGBasedMCIDetection/outputs/checkpoints/run_20260803_091237_full_wvote_artifact30_w0-5-5-10-0-15-15-30_strat_4err/fold_27_best.pth
2026-08-03 21:56:22,611 | [FULL    ] | INFO | full_experiments_using.model_trainers.mobile_vit_trainer | Ep [038/500] T-Acc:  59.8%  V-Acc:  57.7%  V-AUROC: 0.6299  LR: 1.00e-03
2026-08-03 21:56:50,973 | [FULL    ] | INFO | full_experiments_using.model_trainers.mobile_vit_trainer | Ep [039/500] T-Acc:  60.7%  V-Acc:  57.5%  V-AUROC: 0.6130  LR: 1.00e-03
2026-08-03 21:57:19,432 | [FULL    ] | INFO | full_experiments_using.model_trainers.mobile_vit_trainer | Ep [040/500] T-Acc:  60.8%  V-Acc:  57.5%  V-AUROC: 0.6203  LR: 1.00e-03
2026-08-03 21:57:47,831 | [FULL    ] | INFO | full_experiments_using.model_trainers.mobile_vit_trainer | Ep [041/500] T-Acc:  60.8%  V-Acc:  57.3%  V-AUROC: 0.6224  LR: 1.00e-03
2026-08-03 21:58:16,516 | [FULL    ] | INFO | full_experiments_using.model_trainers.mobile_vit_trainer | Ep [042/500] T-Acc:  59.1%  V-Acc:  57.6%  V-AUROC: 0.6277  LR: 1.00e-03
2026-08-03 21:58:44,855 | [FULL    ] | INFO | full_experiments_using.model_trainers.mobile_vit_trainer | Ep [043/500] T-Acc:  59.9%  V-Acc:  56.5%  V-AUROC: 0.6240  LR: 1.00e-03
2026-08-03 21:59:13,478 | [FULL    ] | INFO | full_experiments_using.model_trainers.mobile_vit_trainer | Ep [044/500] T-Acc:  60.8%  V-Acc:  57.3%  V-AUROC: 0.6245  LR: 1.00e-03
2026-08-03 21:59:41,930 | [FULL    ] | INFO | full_experiments_using.model_trainers.mobile_vit_trainer | Ep [045/500] T-Acc:  60.6%  V-Acc:  59.2%  V-AUROC: 0.6277  LR: 1.00e-03
2026-08-03 22:00:10,629 | [FULL    ] | INFO | full_experiments_using.model_trainers.mobile_vit_trainer | Ep [046/500] T-Acc:  61.1%  V-Acc:  57.4%  V-AUROC: 0.6281  LR: 1.00e-03
2026-08-03 22:00:39,129 | [FULL    ] | INFO | full_experiments_using.model_trainers.mobile_vit_trainer | Ep [047/500] T-Acc:  60.2%  V-Acc:  58.3%  V-AUROC: 0.6267  LR: 1.00e-03
2026-08-03 22:01:07,778 | [FULL    ] | INFO | full_experiments_using.model_trainers.mobile_vit_trainer | Ep [048/500] T-Acc:  60.8%  V-Acc:  58.3%  V-AUROC: 0.6304  LR: 1.00e-03
2026-08-03 22:01:36,300 | [FULL    ] | INFO | full_experiments_using.model_trainers.mobile_vit_trainer | Ep [049/500] T-Acc:  61.5%  V-Acc:  59.4%  V-AUROC: 0.6255  LR: 2.00e-04
2026-08-03 22:02:04,657 | [FULL    ] | INFO | full_experiments_using.model_trainers.mobile_vit_trainer | Ep [050/500] T-Acc:  61.3%  V-Acc:  58.8%  V-AUROC: 0.6326  LR: 2.00e-04
2026-08-03 22:02:33,235 | [FULL    ] | INFO | full_experiments_using.model_trainers.mobile_vit_trainer | Ep [051/500] T-Acc:  61.7%  V-Acc:  58.2%  V-AUROC: 0.6265  LR: 2.00e-04
2026-08-03 22:03:01,607 | [FULL    ] | INFO | full_experiments_using.model_trainers.mobile_vit_trainer | Ep [052/500] T-Acc:  61.4%  V-Acc:  58.5%  V-AUROC: 0.6268  LR: 2.00e-04
2026-08-03 22:03:30,455 | [FULL    ] | INFO | full_experiments_using.model_trainers.mobile_vit_trainer | Ep [053/500] T-Acc:  60.8%  V-Acc:  59.4%  V-AUROC: 0.6324  LR: 2.00e-04
2026-08-03 22:03:58,768 | [FULL    ] | INFO | full_experiments_using.model_trainers.mobile_vit_trainer | Ep [054/500] T-Acc:  60.8%  V-Acc:  58.8%  V-AUROC: 0.6298  LR: 2.00e-04
2026-08-03 22:04:27,177 | [FULL    ] | INFO | full_experiments_using.model_trainers.mobile_vit_trainer | Ep [055/500] T-Acc:  61.2%  V-Acc:  58.4%  V-AUROC: 0.6333  LR: 2.00e-04
2026-08-03 22:04:55,697 | [FULL    ] | INFO | full_experiments_using.model_trainers.mobile_vit_trainer | Ep [056/500] T-Acc:  61.3%  V-Acc:  58.3%  V-AUROC: 0.6322  LR: 2.00e-04
2026-08-03 22:05:23,989 | [FULL    ] | INFO | full_experiments_using.model_trainers.mobile_vit_trainer | Ep [057/500] T-Acc:  61.6%  V-Acc:  59.0%  V-AUROC: 0.6318  LR: 2.00e-04
2026-08-03 22:05:52,434 | [FULL    ] | INFO | full_experiments_using.model_trainers.mobile_vit_trainer | Ep [058/500] T-Acc:  61.3%  V-Acc:  58.9%  V-AUROC: 0.6282  LR: 2.00e-04
2026-08-03 22:06:20,887 | [FULL    ] | INFO | full_experiments_using.model_trainers.mobile_vit_trainer | Ep [059/500] T-Acc:  61.5%  V-Acc:  58.7%  V-AUROC: 0.6347  LR: 2.00e-04
2026-08-03 22:06:21,089 | [FULL    ] | INFO | full_experiments_using.model_trainers.mobile_vit_trainer |   ↳ new best AUROC; saved checkpoint: /home/oem/choihyunsu/VOGBasedMCIDetection/outputs/checkpoints/run_20260803_091237_full_wvote_artifact30_w0-5-5-10-0-15-15-30_strat_4err/fold_27_best.pth
2026-08-03 22:06:49,583 | [FULL    ] | INFO | full_experiments_using.model_trainers.mobile_vit_trainer | Ep [060/500] T-Acc:  62.8%  V-Acc:  58.0%  V-AUROC: 0.6304  LR: 2.00e-04
2026-08-03 22:07:18,123 | [FULL    ] | INFO | full_experiments_using.model_trainers.mobile_vit_trainer | Ep [061/500] T-Acc:  61.8%  V-Acc:  57.4%  V-AUROC: 0.6321  LR: 2.00e-04
2026-08-03 22:07:46,611 | [FULL    ] | INFO | full_experiments_using.model_trainers.mobile_vit_trainer | Ep [062/500] T-Acc:  60.9%  V-Acc:  58.1%  V-AUROC: 0.6335  LR: 2.00e-04
2026-08-03 22:08:12,812 | [FULL    ] | INFO | full_experiments_using.model_trainers.mobile_vit_trainer | Ep [063/500] T-Acc:  62.0%  V-Acc:  59.7%  V-AUROC: 0.6304  LR: 2.00e-04
2026-08-03 22:08:40,837 | [FULL    ] | INFO | full_experiments_using.model_trainers.mobile_vit_trainer | Ep [064/500] T-Acc:  60.9%  V-Acc:  57.4%  V-AUROC: 0.6308  LR: 2.00e-04
2026-08-03 22:08:59,411 | [FULL    ] | INFO | full_experiments_using.model_trainers.mobile_vit_trainer | Ep [065/500] T-Acc:  60.7%  V-Acc:  58.8%  V-AUROC: 0.6225  LR: 2.00e-04
2026-08-03 22:09:20,468 | [FULL    ] | INFO | full_experiments_using.model_trainers.mobile_vit_trainer | Ep [066/500] T-Acc:  61.8%  V-Acc:  58.4%  V-AUROC: 0.6305  LR: 2.00e-04
2026-08-03 22:09:41,846 | [FULL    ] | INFO | full_experiments_using.model_trainers.mobile_vit_trainer | Ep [067/500] T-Acc:  61.2%  V-Acc:  57.9%  V-AUROC: 0.6290  LR: 2.00e-04
2026-08-03 22:10:03,230 | [FULL    ] | INFO | full_experiments_using.model_trainers.mobile_vit_trainer | Ep [068/500] T-Acc:  63.1%  V-Acc:  57.7%  V-AUROC: 0.6280  LR: 2.00e-04
2026-08-03 22:10:24,366 | [FULL    ] | INFO | full_experiments_using.model_trainers.mobile_vit_trainer | Ep [069/500] T-Acc:  60.4%  V-Acc:  57.6%  V-AUROC: 0.6276  LR: 2.00e-04
2026-08-03 22:10:45,852 | [FULL    ] | INFO | full_experiments_using.model_trainers.mobile_vit_trainer | Ep [070/500] T-Acc:  63.3%  V-Acc:  57.7%  V-AUROC: 0.6316  LR: 2.00e-04
2026-08-03 22:11:07,315 | [FULL    ] | INFO | full_experiments_using.model_trainers.mobile_vit_trainer | Ep [071/500] T-Acc:  61.5%  V-Acc:  58.6%  V-AUROC: 0.6286  LR: 4.00e-05
2026-08-03 22:11:28,520 | [FULL    ] | INFO | full_experiments_using.model_trainers.mobile_vit_trainer | Ep [072/500] T-Acc:  60.4%  V-Acc:  57.7%  V-AUROC: 0.6284  LR: 4.00e-05
2026-08-03 22:11:49,809 | [FULL    ] | INFO | full_experiments_using.model_trainers.mobile_vit_trainer | Ep [073/500] T-Acc:  62.5%  V-Acc:  57.9%  V-AUROC: 0.6263  LR: 4.00e-05
2026-08-03 22:12:11,246 | [FULL    ] | INFO | full_experiments_using.model_trainers.mobile_vit_trainer | Ep [074/500] T-Acc:  61.5%  V-Acc:  58.2%  V-AUROC: 0.6301  LR: 4.00e-05
2026-08-03 22:12:32,750 | [FULL    ] | INFO | full_experiments_using.model_trainers.mobile_vit_trainer | Ep [075/500] T-Acc:  61.0%  V-Acc:  58.8%  V-AUROC: 0.6314  LR: 4.00e-05
2026-08-03 22:12:54,043 | [FULL    ] | INFO | full_experiments_using.model_trainers.mobile_vit_trainer | Ep [076/500] T-Acc:  61.9%  V-Acc:  57.4%  V-AUROC: 0.6308  LR: 4.00e-05
2026-08-03 22:13:15,399 | [FULL    ] | INFO | full_experiments_using.model_trainers.mobile_vit_trainer | Ep [077/500] T-Acc:  61.7%  V-Acc:  58.0%  V-AUROC: 0.6285  LR: 4.00e-05
2026-08-03 22:13:36,659 | [FULL    ] | INFO | full_experiments_using.model_trainers.mobile_vit_trainer | Ep [078/500] T-Acc:  61.4%  V-Acc:  58.1%  V-AUROC: 0.6304  LR: 4.00e-05
2026-08-03 22:13:56,097 | [FULL    ] | INFO | full_experiments_using.model_trainers.mobile_vit_trainer | Ep [079/500] T-Acc:  61.1%  V-Acc:  58.3%  V-AUROC: 0.6260  LR: 4.00e-05
2026-08-03 22:14:16,508 | [FULL    ] | INFO | full_experiments_using.model_trainers.mobile_vit_trainer | Ep [080/500] T-Acc:  61.0%  V-Acc:  57.6%  V-AUROC: 0.6279  LR: 4.00e-05
2026-08-03 22:14:35,912 | [FULL    ] | INFO | full_experiments_using.model_trainers.mobile_vit_trainer | Ep [081/500] T-Acc:  61.3%  V-Acc:  59.2%  V-AUROC: 0.6232  LR: 4.00e-05
2026-08-03 22:14:57,060 | [FULL    ] | INFO | full_experiments_using.model_trainers.mobile_vit_trainer | Ep [082/500] T-Acc:  62.3%  V-Acc:  58.2%  V-AUROC: 0.6302  LR: 8.00e-06
2026-08-03 22:15:18,315 | [FULL    ] | INFO | full_experiments_using.model_trainers.mobile_vit_trainer | Ep [083/500] T-Acc:  61.6%  V-Acc:  57.5%  V-AUROC: 0.6296  LR: 8.00e-06
2026-08-03 22:15:39,554 | [FULL    ] | INFO | full_experiments_using.model_trainers.mobile_vit_trainer | Ep [084/500] T-Acc:  61.6%  V-Acc:  58.5%  V-AUROC: 0.6232  LR: 8.00e-06
2026-08-03 22:16:00,923 | [FULL    ] | INFO | full_experiments_using.model_trainers.mobile_vit_trainer | Ep [085/500] T-Acc:  61.2%  V-Acc:  58.3%  V-AUROC: 0.6289  LR: 8.00e-06
2026-08-03 22:16:22,441 | [FULL    ] | INFO | full_experiments_using.model_trainers.mobile_vit_trainer | Ep [086/500] T-Acc:  61.1%  V-Acc:  57.6%  V-AUROC: 0.6281  LR: 8.00e-06
2026-08-03 22:16:43,716 | [FULL    ] | INFO | full_experiments_using.model_trainers.mobile_vit_trainer | Ep [087/500] T-Acc:  61.3%  V-Acc:  57.5%  V-AUROC: 0.6250  LR: 8.00e-06
2026-08-03 22:17:05,068 | [FULL    ] | INFO | full_experiments_using.model_trainers.mobile_vit_trainer | Ep [088/500] T-Acc:  61.9%  V-Acc:  58.2%  V-AUROC: 0.6286  LR: 8.00e-06
2026-08-03 22:17:26,368 | [FULL    ] | INFO | full_experiments_using.model_trainers.mobile_vit_trainer | Ep [089/500] T-Acc:  61.0%  V-Acc:  58.0%  V-AUROC: 0.6289  LR: 8.00e-06
2026-08-03 22:17:26,368 | [FULL    ] | INFO | full_experiments_using.model_trainers.mobile_vit_trainer | Early stop — best AUROC 0.6347 at epoch 59 (no improvement for 30 epochs)
2026-08-03 22:17:26,368 | [FULL    ] | INFO | full_experiments_using.model_trainers.mobile_vit_trainer | Done. Best AUROC: 0.6347 (epoch 59) → /home/oem/choihyunsu/VOGBasedMCIDetection/outputs/checkpoints/run_20260803_091237_full_wvote_artifact30_w0-5-5-10-0-15-15-30_strat_4err/fold_27_best.pth
2026-08-03 22:17:32,764 | [FULL    ] | INFO | full_experiments_using.evaluators.monte_carlo_evaluator | -> Fold 28 Result | Acc=0.909 Sens=0.875 Spec=1.000 AUROC=1.000
2026-08-03 22:17:32,811 | [FULL    ] | INFO | full_experiments_using.evaluators.monte_carlo_evaluator | === Fold 29/30 | train: 25 subj (HC=10 MCI=15) / 3878 win | test: 12 subj (HC=4 MCI=8) / 1837 win ===
2026-08-03 22:17:33,048 | [FULL    ] | INFO | httpx | HTTP Request: HEAD https://huggingface.co/apple/mobilevit-small/resolve/main/config.json "HTTP/1.1 307 Temporary Redirect"
2026-08-03 22:17:33,064 | [FULL    ] | INFO | httpx | HTTP Request: HEAD https://huggingface.co/api/resolve-cache/models/apple/mobilevit-small/6c8612545dc98676d27bc518fa521d9e9af23e34/config.json "HTTP/1.1 200 OK"
2026-08-03 22:17:33,335 | [FULL    ] | INFO | httpx | HTTP Request: HEAD https://huggingface.co/apple/mobilevit-small/resolve/main/model.safetensors "HTTP/1.1 404 Not Found"
2026-08-03 22:17:33,540 | [FULL    ] | INFO | httpx | HTTP Request: HEAD https://huggingface.co/apple/mobilevit-small/resolve/main/model.safetensors.index.json "HTTP/1.1 404 Not Found"
2026-08-03 22:17:33,839 | [FULL    ] | INFO | httpx | HTTP Request: HEAD https://huggingface.co/apple/mobilevit-small/resolve/main/pytorch_model.bin "HTTP/1.1 302 Found"
2026-08-03 22:17:34,043 | [FULL    ] | INFO | httpx | HTTP Request: HEAD https://huggingface.co/apple/mobilevit-small/resolve/main/model.safetensors "HTTP/1.1 404 Not Found"
2026-08-03 22:17:34,260 | [FULL    ] | INFO | httpx | HTTP Request: GET https://huggingface.co/api/models/apple/mobilevit-small "HTTP/1.1 200 OK"
2026-08-03 22:17:34,496 | [FULL    ] | INFO | httpx | HTTP Request: GET https://huggingface.co/api/models/apple/mobilevit-small/commits/main "HTTP/1.1 200 OK"
2026-08-03 22:17:34,735 | [FULL    ] | INFO | httpx | HTTP Request: GET https://huggingface.co/api/models/apple/mobilevit-small/discussions?p=0 "HTTP/1.1 200 OK"
2026-08-03 22:17:34,979 | [FULL    ] | INFO | httpx | HTTP Request: GET https://huggingface.co/api/models/apple/mobilevit-small/commits/refs%2Fpr%2F6 "HTTP/1.1 200 OK"
2026-08-03 22:17:35,189 | [FULL    ] | INFO | httpx | HTTP Request: HEAD https://huggingface.co/apple/mobilevit-small/resolve/refs%2Fpr%2F6/model.safetensors.index.json "HTTP/1.1 404 Not Found"
2026-08-03 22:17:35,207 | [FULL    ] | INFO | full_experiments_using.model_trainers.mobile_vit_trainer | Device: cuda | max_epochs=500 | batch=32 | eval_batch=256 | es_patience=30
2026-08-03 22:17:35,215 | [FULL    ] | INFO | full_experiments_using.model_trainers.mobile_vit_trainer | CE weights — HC: 1.093  MCI: 0.922
2026-08-03 22:17:35,398 | [FULL    ] | INFO | httpx | HTTP Request: HEAD https://huggingface.co/apple/mobilevit-small/resolve/refs%2Fpr%2F6/model.safetensors "HTTP/1.1 302 Found"
2026-08-03 22:18:03,198 | [FULL    ] | INFO | full_experiments_using.model_trainers.mobile_vit_trainer | Ep [001/500] T-Acc:  49.1%  V-Acc:  49.4%  V-AUROC: 0.5001  LR: 2.00e-04
2026-08-03 22:18:03,259 | [FULL    ] | INFO | full_experiments_using.model_trainers.mobile_vit_trainer |   ↳ new best AUROC; saved checkpoint: /home/oem/choihyunsu/VOGBasedMCIDetection/outputs/checkpoints/run_20260803_091237_full_wvote_artifact30_w0-5-5-10-0-15-15-30_strat_4err/fold_28_best.pth
2026-08-03 22:18:24,478 | [FULL    ] | INFO | full_experiments_using.model_trainers.mobile_vit_trainer | Ep [002/500] T-Acc:  49.6%  V-Acc:  49.8%  V-AUROC: 0.5024  LR: 4.00e-04
2026-08-03 22:18:24,613 | [FULL    ] | INFO | full_experiments_using.model_trainers.mobile_vit_trainer |   ↳ new best AUROC; saved checkpoint: /home/oem/choihyunsu/VOGBasedMCIDetection/outputs/checkpoints/run_20260803_091237_full_wvote_artifact30_w0-5-5-10-0-15-15-30_strat_4err/fold_28_best.pth
2026-08-03 22:18:45,923 | [FULL    ] | INFO | full_experiments_using.model_trainers.mobile_vit_trainer | Ep [003/500] T-Acc:  49.8%  V-Acc:  50.2%  V-AUROC: 0.5103  LR: 6.00e-04
2026-08-03 22:18:46,066 | [FULL    ] | INFO | full_experiments_using.model_trainers.mobile_vit_trainer |   ↳ new best AUROC; saved checkpoint: /home/oem/choihyunsu/VOGBasedMCIDetection/outputs/checkpoints/run_20260803_091237_full_wvote_artifact30_w0-5-5-10-0-15-15-30_strat_4err/fold_28_best.pth
2026-08-03 22:19:07,346 | [FULL    ] | INFO | full_experiments_using.model_trainers.mobile_vit_trainer | Ep [004/500] T-Acc:  50.9%  V-Acc:  51.1%  V-AUROC: 0.5260  LR: 8.00e-04
2026-08-03 22:19:07,523 | [FULL    ] | INFO | full_experiments_using.model_trainers.mobile_vit_trainer |   ↳ new best AUROC; saved checkpoint: /home/oem/choihyunsu/VOGBasedMCIDetection/outputs/checkpoints/run_20260803_091237_full_wvote_artifact30_w0-5-5-10-0-15-15-30_strat_4err/fold_28_best.pth
2026-08-03 22:19:28,832 | [FULL    ] | INFO | full_experiments_using.model_trainers.mobile_vit_trainer | Ep [005/500] T-Acc:  50.1%  V-Acc:  53.0%  V-AUROC: 0.5362  LR: 1.00e-03
2026-08-03 22:19:28,990 | [FULL    ] | INFO | full_experiments_using.model_trainers.mobile_vit_trainer |   ↳ new best AUROC; saved checkpoint: /home/oem/choihyunsu/VOGBasedMCIDetection/outputs/checkpoints/run_20260803_091237_full_wvote_artifact30_w0-5-5-10-0-15-15-30_strat_4err/fold_28_best.pth
2026-08-03 22:19:50,328 | [FULL    ] | INFO | full_experiments_using.model_trainers.mobile_vit_trainer | Ep [006/500] T-Acc:  52.7%  V-Acc:  54.0%  V-AUROC: 0.5526  LR: 1.00e-03
2026-08-03 22:19:50,506 | [FULL    ] | INFO | full_experiments_using.model_trainers.mobile_vit_trainer |   ↳ new best AUROC; saved checkpoint: /home/oem/choihyunsu/VOGBasedMCIDetection/outputs/checkpoints/run_20260803_091237_full_wvote_artifact30_w0-5-5-10-0-15-15-30_strat_4err/fold_28_best.pth
2026-08-03 22:20:11,855 | [FULL    ] | INFO | full_experiments_using.model_trainers.mobile_vit_trainer | Ep [007/500] T-Acc:  53.4%  V-Acc:  55.1%  V-AUROC: 0.5690  LR: 1.00e-03
2026-08-03 22:20:11,987 | [FULL    ] | INFO | full_experiments_using.model_trainers.mobile_vit_trainer |   ↳ new best AUROC; saved checkpoint: /home/oem/choihyunsu/VOGBasedMCIDetection/outputs/checkpoints/run_20260803_091237_full_wvote_artifact30_w0-5-5-10-0-15-15-30_strat_4err/fold_28_best.pth
2026-08-03 22:20:33,332 | [FULL    ] | INFO | full_experiments_using.model_trainers.mobile_vit_trainer | Ep [008/500] T-Acc:  54.4%  V-Acc:  54.8%  V-AUROC: 0.5704  LR: 1.00e-03
2026-08-03 22:20:33,514 | [FULL    ] | INFO | full_experiments_using.model_trainers.mobile_vit_trainer |   ↳ new best AUROC; saved checkpoint: /home/oem/choihyunsu/VOGBasedMCIDetection/outputs/checkpoints/run_20260803_091237_full_wvote_artifact30_w0-5-5-10-0-15-15-30_strat_4err/fold_28_best.pth
2026-08-03 22:20:54,931 | [FULL    ] | INFO | full_experiments_using.model_trainers.mobile_vit_trainer | Ep [009/500] T-Acc:  56.4%  V-Acc:  55.9%  V-AUROC: 0.5747  LR: 1.00e-03
2026-08-03 22:20:55,067 | [FULL    ] | INFO | full_experiments_using.model_trainers.mobile_vit_trainer |   ↳ new best AUROC; saved checkpoint: /home/oem/choihyunsu/VOGBasedMCIDetection/outputs/checkpoints/run_20260803_091237_full_wvote_artifact30_w0-5-5-10-0-15-15-30_strat_4err/fold_28_best.pth
2026-08-03 22:21:16,721 | [FULL    ] | INFO | full_experiments_using.model_trainers.mobile_vit_trainer | Ep [010/500] T-Acc:  55.0%  V-Acc:  56.2%  V-AUROC: 0.5807  LR: 1.00e-03
2026-08-03 22:21:16,893 | [FULL    ] | INFO | full_experiments_using.model_trainers.mobile_vit_trainer |   ↳ new best AUROC; saved checkpoint: /home/oem/choihyunsu/VOGBasedMCIDetection/outputs/checkpoints/run_20260803_091237_full_wvote_artifact30_w0-5-5-10-0-15-15-30_strat_4err/fold_28_best.pth
2026-08-03 22:21:38,244 | [FULL    ] | INFO | full_experiments_using.model_trainers.mobile_vit_trainer | Ep [011/500] T-Acc:  56.6%  V-Acc:  56.1%  V-AUROC: 0.5812  LR: 1.00e-03
2026-08-03 22:21:38,362 | [FULL    ] | INFO | full_experiments_using.model_trainers.mobile_vit_trainer |   ↳ new best AUROC; saved checkpoint: /home/oem/choihyunsu/VOGBasedMCIDetection/outputs/checkpoints/run_20260803_091237_full_wvote_artifact30_w0-5-5-10-0-15-15-30_strat_4err/fold_28_best.pth
2026-08-03 22:21:59,664 | [FULL    ] | INFO | full_experiments_using.model_trainers.mobile_vit_trainer | Ep [012/500] T-Acc:  56.4%  V-Acc:  56.7%  V-AUROC: 0.5845  LR: 1.00e-03
2026-08-03 22:21:59,783 | [FULL    ] | INFO | full_experiments_using.model_trainers.mobile_vit_trainer |   ↳ new best AUROC; saved checkpoint: /home/oem/choihyunsu/VOGBasedMCIDetection/outputs/checkpoints/run_20260803_091237_full_wvote_artifact30_w0-5-5-10-0-15-15-30_strat_4err/fold_28_best.pth
2026-08-03 22:22:21,040 | [FULL    ] | INFO | full_experiments_using.model_trainers.mobile_vit_trainer | Ep [013/500] T-Acc:  57.7%  V-Acc:  57.3%  V-AUROC: 0.5879  LR: 1.00e-03
2026-08-03 22:22:21,200 | [FULL    ] | INFO | full_experiments_using.model_trainers.mobile_vit_trainer |   ↳ new best AUROC; saved checkpoint: /home/oem/choihyunsu/VOGBasedMCIDetection/outputs/checkpoints/run_20260803_091237_full_wvote_artifact30_w0-5-5-10-0-15-15-30_strat_4err/fold_28_best.pth
2026-08-03 22:22:42,605 | [FULL    ] | INFO | full_experiments_using.model_trainers.mobile_vit_trainer | Ep [014/500] T-Acc:  56.9%  V-Acc:  56.8%  V-AUROC: 0.5898  LR: 1.00e-03
2026-08-03 22:22:42,722 | [FULL    ] | INFO | full_experiments_using.model_trainers.mobile_vit_trainer |   ↳ new best AUROC; saved checkpoint: /home/oem/choihyunsu/VOGBasedMCIDetection/outputs/checkpoints/run_20260803_091237_full_wvote_artifact30_w0-5-5-10-0-15-15-30_strat_4err/fold_28_best.pth
2026-08-03 22:23:03,976 | [FULL    ] | INFO | full_experiments_using.model_trainers.mobile_vit_trainer | Ep [015/500] T-Acc:  57.3%  V-Acc:  58.1%  V-AUROC: 0.6072  LR: 1.00e-03
2026-08-03 22:23:04,093 | [FULL    ] | INFO | full_experiments_using.model_trainers.mobile_vit_trainer |   ↳ new best AUROC; saved checkpoint: /home/oem/choihyunsu/VOGBasedMCIDetection/outputs/checkpoints/run_20260803_091237_full_wvote_artifact30_w0-5-5-10-0-15-15-30_strat_4err/fold_28_best.pth
2026-08-03 22:23:25,476 | [FULL    ] | INFO | full_experiments_using.model_trainers.mobile_vit_trainer | Ep [016/500] T-Acc:  57.1%  V-Acc:  57.9%  V-AUROC: 0.5988  LR: 1.00e-03
2026-08-03 22:23:46,855 | [FULL    ] | INFO | full_experiments_using.model_trainers.mobile_vit_trainer | Ep [017/500] T-Acc:  56.9%  V-Acc:  55.9%  V-AUROC: 0.5967  LR: 1.00e-03
2026-08-03 22:24:05,936 | [FULL    ] | INFO | full_experiments_using.model_trainers.mobile_vit_trainer | Ep [018/500] T-Acc:  58.2%  V-Acc:  55.7%  V-AUROC: 0.5948  LR: 1.00e-03
2026-08-03 22:24:27,032 | [FULL    ] | INFO | full_experiments_using.model_trainers.mobile_vit_trainer | Ep [019/500] T-Acc:  58.5%  V-Acc:  56.5%  V-AUROC: 0.5898  LR: 1.00e-03
2026-08-03 22:24:47,022 | [FULL    ] | INFO | full_experiments_using.model_trainers.mobile_vit_trainer | Ep [020/500] T-Acc:  59.8%  V-Acc:  57.3%  V-AUROC: 0.5946  LR: 1.00e-03
2026-08-03 22:25:08,613 | [FULL    ] | INFO | full_experiments_using.model_trainers.mobile_vit_trainer | Ep [021/500] T-Acc:  59.8%  V-Acc:  56.1%  V-AUROC: 0.5872  LR: 1.00e-03
2026-08-03 22:25:29,960 | [FULL    ] | INFO | full_experiments_using.model_trainers.mobile_vit_trainer | Ep [022/500] T-Acc:  59.6%  V-Acc:  55.9%  V-AUROC: 0.5932  LR: 1.00e-03
2026-08-03 22:25:51,385 | [FULL    ] | INFO | full_experiments_using.model_trainers.mobile_vit_trainer | Ep [023/500] T-Acc:  59.8%  V-Acc:  56.1%  V-AUROC: 0.5876  LR: 1.00e-03
2026-08-03 22:26:12,536 | [FULL    ] | INFO | full_experiments_using.model_trainers.mobile_vit_trainer | Ep [024/500] T-Acc:  60.5%  V-Acc:  56.8%  V-AUROC: 0.5921  LR: 1.00e-03
2026-08-03 22:26:33,751 | [FULL    ] | INFO | full_experiments_using.model_trainers.mobile_vit_trainer | Ep [025/500] T-Acc:  60.0%  V-Acc:  56.6%  V-AUROC: 0.5927  LR: 1.00e-03
2026-08-03 22:26:55,148 | [FULL    ] | INFO | full_experiments_using.model_trainers.mobile_vit_trainer | Ep [026/500] T-Acc:  60.0%  V-Acc:  55.4%  V-AUROC: 0.5827  LR: 1.00e-03
2026-08-03 22:27:16,447 | [FULL    ] | INFO | full_experiments_using.model_trainers.mobile_vit_trainer | Ep [027/500] T-Acc:  59.9%  V-Acc:  56.5%  V-AUROC: 0.5921  LR: 2.00e-04
2026-08-03 22:27:37,743 | [FULL    ] | INFO | full_experiments_using.model_trainers.mobile_vit_trainer | Ep [028/500] T-Acc:  60.9%  V-Acc:  55.7%  V-AUROC: 0.5907  LR: 2.00e-04
2026-08-03 22:27:58,871 | [FULL    ] | INFO | full_experiments_using.model_trainers.mobile_vit_trainer | Ep [029/500] T-Acc:  61.5%  V-Acc:  55.8%  V-AUROC: 0.5860  LR: 2.00e-04
2026-08-03 22:28:20,053 | [FULL    ] | INFO | full_experiments_using.model_trainers.mobile_vit_trainer | Ep [030/500] T-Acc:  60.1%  V-Acc:  56.7%  V-AUROC: 0.5884  LR: 2.00e-04
2026-08-03 22:28:41,419 | [FULL    ] | INFO | full_experiments_using.model_trainers.mobile_vit_trainer | Ep [031/500] T-Acc:  61.2%  V-Acc:  55.6%  V-AUROC: 0.5857  LR: 2.00e-04
2026-08-03 22:29:02,596 | [FULL    ] | INFO | full_experiments_using.model_trainers.mobile_vit_trainer | Ep [032/500] T-Acc:  61.8%  V-Acc:  57.3%  V-AUROC: 0.5900  LR: 2.00e-04
2026-08-03 22:29:22,154 | [FULL    ] | INFO | full_experiments_using.model_trainers.mobile_vit_trainer | Ep [033/500] T-Acc:  60.8%  V-Acc:  55.4%  V-AUROC: 0.5855  LR: 2.00e-04
2026-08-03 22:29:43,094 | [FULL    ] | INFO | full_experiments_using.model_trainers.mobile_vit_trainer | Ep [034/500] T-Acc:  59.4%  V-Acc:  55.8%  V-AUROC: 0.5865  LR: 2.00e-04
2026-08-03 22:30:03,437 | [FULL    ] | INFO | full_experiments_using.model_trainers.mobile_vit_trainer | Ep [035/500] T-Acc:  59.9%  V-Acc:  55.9%  V-AUROC: 0.5866  LR: 2.00e-04
2026-08-03 22:30:24,855 | [FULL    ] | INFO | full_experiments_using.model_trainers.mobile_vit_trainer | Ep [036/500] T-Acc:  61.0%  V-Acc:  55.9%  V-AUROC: 0.5841  LR: 2.00e-04
2026-08-03 22:30:46,259 | [FULL    ] | INFO | full_experiments_using.model_trainers.mobile_vit_trainer | Ep [037/500] T-Acc:  61.1%  V-Acc:  56.4%  V-AUROC: 0.5866  LR: 2.00e-04
2026-08-03 22:31:07,589 | [FULL    ] | INFO | full_experiments_using.model_trainers.mobile_vit_trainer | Ep [038/500] T-Acc:  60.7%  V-Acc:  56.6%  V-AUROC: 0.5886  LR: 4.00e-05
2026-08-03 22:31:28,718 | [FULL    ] | INFO | full_experiments_using.model_trainers.mobile_vit_trainer | Ep [039/500] T-Acc:  61.4%  V-Acc:  55.6%  V-AUROC: 0.5872  LR: 4.00e-05
2026-08-03 22:31:50,008 | [FULL    ] | INFO | full_experiments_using.model_trainers.mobile_vit_trainer | Ep [040/500] T-Acc:  60.1%  V-Acc:  56.2%  V-AUROC: 0.5860  LR: 4.00e-05
2026-08-03 22:32:11,368 | [FULL    ] | INFO | full_experiments_using.model_trainers.mobile_vit_trainer | Ep [041/500] T-Acc:  61.2%  V-Acc:  55.6%  V-AUROC: 0.5886  LR: 4.00e-05
2026-08-03 22:32:32,803 | [FULL    ] | INFO | full_experiments_using.model_trainers.mobile_vit_trainer | Ep [042/500] T-Acc:  61.9%  V-Acc:  55.7%  V-AUROC: 0.5901  LR: 4.00e-05
2026-08-03 22:32:54,053 | [FULL    ] | INFO | full_experiments_using.model_trainers.mobile_vit_trainer | Ep [043/500] T-Acc:  60.1%  V-Acc:  56.3%  V-AUROC: 0.5889  LR: 4.00e-05
2026-08-03 22:33:15,284 | [FULL    ] | INFO | full_experiments_using.model_trainers.mobile_vit_trainer | Ep [044/500] T-Acc:  61.4%  V-Acc:  55.7%  V-AUROC: 0.5892  LR: 4.00e-05
2026-08-03 22:33:36,600 | [FULL    ] | INFO | full_experiments_using.model_trainers.mobile_vit_trainer | Ep [045/500] T-Acc:  60.6%  V-Acc:  55.9%  V-AUROC: 0.5854  LR: 4.00e-05
2026-08-03 22:33:36,600 | [FULL    ] | INFO | full_experiments_using.model_trainers.mobile_vit_trainer | Early stop — best AUROC 0.6072 at epoch 15 (no improvement for 30 epochs)
2026-08-03 22:33:36,600 | [FULL    ] | INFO | full_experiments_using.model_trainers.mobile_vit_trainer | Done. Best AUROC: 0.6072 (epoch 15) → /home/oem/choihyunsu/VOGBasedMCIDetection/outputs/checkpoints/run_20260803_091237_full_wvote_artifact30_w0-5-5-10-0-15-15-30_strat_4err/fold_28_best.pth
2026-08-03 22:33:43,444 | [FULL    ] | INFO | full_experiments_using.evaluators.monte_carlo_evaluator | -> Fold 29 Result | Acc=0.818 Sens=0.875 Spec=0.667 AUROC=0.833
2026-08-03 22:33:43,451 | [FULL    ] | INFO | full_experiments_using.evaluators.monte_carlo_evaluator | === Fold 30/30 | train: 25 subj (HC=10 MCI=15) / 3928 win | test: 12 subj (HC=4 MCI=8) / 1787 win ===
2026-08-03 22:33:43,667 | [FULL    ] | INFO | httpx | HTTP Request: HEAD https://huggingface.co/apple/mobilevit-small/resolve/main/config.json "HTTP/1.1 307 Temporary Redirect"
2026-08-03 22:33:43,679 | [FULL    ] | INFO | httpx | HTTP Request: HEAD https://huggingface.co/api/resolve-cache/models/apple/mobilevit-small/6c8612545dc98676d27bc518fa521d9e9af23e34/config.json "HTTP/1.1 200 OK"
2026-08-03 22:33:43,961 | [FULL    ] | INFO | httpx | HTTP Request: HEAD https://huggingface.co/apple/mobilevit-small/resolve/main/model.safetensors "HTTP/1.1 404 Not Found"
2026-08-03 22:33:44,164 | [FULL    ] | INFO | httpx | HTTP Request: HEAD https://huggingface.co/apple/mobilevit-small/resolve/main/model.safetensors.index.json "HTTP/1.1 404 Not Found"
2026-08-03 22:33:44,370 | [FULL    ] | INFO | httpx | HTTP Request: HEAD https://huggingface.co/apple/mobilevit-small/resolve/main/pytorch_model.bin "HTTP/1.1 302 Found"
2026-08-03 22:33:44,604 | [FULL    ] | INFO | httpx | HTTP Request: HEAD https://huggingface.co/apple/mobilevit-small/resolve/main/model.safetensors "HTTP/1.1 404 Not Found"
2026-08-03 22:33:44,814 | [FULL    ] | INFO | httpx | HTTP Request: GET https://huggingface.co/api/models/apple/mobilevit-small "HTTP/1.1 200 OK"
2026-08-03 22:33:45,036 | [FULL    ] | INFO | httpx | HTTP Request: GET https://huggingface.co/api/models/apple/mobilevit-small/commits/main "HTTP/1.1 200 OK"
2026-08-03 22:33:45,260 | [FULL    ] | INFO | httpx | HTTP Request: GET https://huggingface.co/api/models/apple/mobilevit-small/discussions?p=0 "HTTP/1.1 200 OK"
2026-08-03 22:33:45,480 | [FULL    ] | INFO | httpx | HTTP Request: GET https://huggingface.co/api/models/apple/mobilevit-small/commits/refs%2Fpr%2F6 "HTTP/1.1 200 OK"
2026-08-03 22:33:45,557 | [FULL    ] | INFO | full_experiments_using.model_trainers.mobile_vit_trainer | Device: cuda | max_epochs=500 | batch=32 | eval_batch=256 | es_patience=30
2026-08-03 22:33:45,578 | [FULL    ] | INFO | full_experiments_using.model_trainers.mobile_vit_trainer | CE weights — HC: 1.089  MCI: 0.924
2026-08-03 22:33:45,685 | [FULL    ] | INFO | httpx | HTTP Request: HEAD https://huggingface.co/apple/mobilevit-small/resolve/refs%2Fpr%2F6/model.safetensors.index.json "HTTP/1.1 404 Not Found"
2026-08-03 22:33:45,892 | [FULL    ] | INFO | httpx | HTTP Request: HEAD https://huggingface.co/apple/mobilevit-small/resolve/refs%2Fpr%2F6/model.safetensors "HTTP/1.1 302 Found"
2026-08-03 22:34:21,647 | [FULL    ] | INFO | full_experiments_using.model_trainers.mobile_vit_trainer | Ep [001/500] T-Acc:  49.5%  V-Acc:  50.7%  V-AUROC: 0.5365  LR: 2.00e-04
2026-08-03 22:34:21,706 | [FULL    ] | INFO | full_experiments_using.model_trainers.mobile_vit_trainer |   ↳ new best AUROC; saved checkpoint: /home/oem/choihyunsu/VOGBasedMCIDetection/outputs/checkpoints/run_20260803_091237_full_wvote_artifact30_w0-5-5-10-0-15-15-30_strat_4err/fold_29_best.pth
2026-08-03 22:34:43,000 | [FULL    ] | INFO | full_experiments_using.model_trainers.mobile_vit_trainer | Ep [002/500] T-Acc:  51.3%  V-Acc:  50.1%  V-AUROC: 0.5373  LR: 4.00e-04
2026-08-03 22:34:43,133 | [FULL    ] | INFO | full_experiments_using.model_trainers.mobile_vit_trainer |   ↳ new best AUROC; saved checkpoint: /home/oem/choihyunsu/VOGBasedMCIDetection/outputs/checkpoints/run_20260803_091237_full_wvote_artifact30_w0-5-5-10-0-15-15-30_strat_4err/fold_29_best.pth
2026-08-03 22:35:04,629 | [FULL    ] | INFO | full_experiments_using.model_trainers.mobile_vit_trainer | Ep [003/500] T-Acc:  50.9%  V-Acc:  52.1%  V-AUROC: 0.5415  LR: 6.00e-04
2026-08-03 22:35:04,753 | [FULL    ] | INFO | full_experiments_using.model_trainers.mobile_vit_trainer |   ↳ new best AUROC; saved checkpoint: /home/oem/choihyunsu/VOGBasedMCIDetection/outputs/checkpoints/run_20260803_091237_full_wvote_artifact30_w0-5-5-10-0-15-15-30_strat_4err/fold_29_best.pth
2026-08-03 22:35:26,299 | [FULL    ] | INFO | full_experiments_using.model_trainers.mobile_vit_trainer | Ep [004/500] T-Acc:  53.2%  V-Acc:  52.8%  V-AUROC: 0.5522  LR: 8.00e-04
2026-08-03 22:35:26,421 | [FULL    ] | INFO | full_experiments_using.model_trainers.mobile_vit_trainer |   ↳ new best AUROC; saved checkpoint: /home/oem/choihyunsu/VOGBasedMCIDetection/outputs/checkpoints/run_20260803_091237_full_wvote_artifact30_w0-5-5-10-0-15-15-30_strat_4err/fold_29_best.pth
2026-08-03 22:35:48,018 | [FULL    ] | INFO | full_experiments_using.model_trainers.mobile_vit_trainer | Ep [005/500] T-Acc:  52.4%  V-Acc:  56.3%  V-AUROC: 0.5730  LR: 1.00e-03
2026-08-03 22:35:48,185 | [FULL    ] | INFO | full_experiments_using.model_trainers.mobile_vit_trainer |   ↳ new best AUROC; saved checkpoint: /home/oem/choihyunsu/VOGBasedMCIDetection/outputs/checkpoints/run_20260803_091237_full_wvote_artifact30_w0-5-5-10-0-15-15-30_strat_4err/fold_29_best.pth
2026-08-03 22:36:09,587 | [FULL    ] | INFO | full_experiments_using.model_trainers.mobile_vit_trainer | Ep [006/500] T-Acc:  52.4%  V-Acc:  56.0%  V-AUROC: 0.5837  LR: 1.00e-03
2026-08-03 22:36:09,706 | [FULL    ] | INFO | full_experiments_using.model_trainers.mobile_vit_trainer |   ↳ new best AUROC; saved checkpoint: /home/oem/choihyunsu/VOGBasedMCIDetection/outputs/checkpoints/run_20260803_091237_full_wvote_artifact30_w0-5-5-10-0-15-15-30_strat_4err/fold_29_best.pth
2026-08-03 22:36:31,168 | [FULL    ] | INFO | full_experiments_using.model_trainers.mobile_vit_trainer | Ep [007/500] T-Acc:  54.3%  V-Acc:  56.2%  V-AUROC: 0.5899  LR: 1.00e-03
2026-08-03 22:36:31,291 | [FULL    ] | INFO | full_experiments_using.model_trainers.mobile_vit_trainer |   ↳ new best AUROC; saved checkpoint: /home/oem/choihyunsu/VOGBasedMCIDetection/outputs/checkpoints/run_20260803_091237_full_wvote_artifact30_w0-5-5-10-0-15-15-30_strat_4err/fold_29_best.pth
2026-08-03 22:36:52,768 | [FULL    ] | INFO | full_experiments_using.model_trainers.mobile_vit_trainer | Ep [008/500] T-Acc:  53.0%  V-Acc:  56.3%  V-AUROC: 0.5927  LR: 1.00e-03
2026-08-03 22:36:52,889 | [FULL    ] | INFO | full_experiments_using.model_trainers.mobile_vit_trainer |   ↳ new best AUROC; saved checkpoint: /home/oem/choihyunsu/VOGBasedMCIDetection/outputs/checkpoints/run_20260803_091237_full_wvote_artifact30_w0-5-5-10-0-15-15-30_strat_4err/fold_29_best.pth
2026-08-03 22:37:14,304 | [FULL    ] | INFO | full_experiments_using.model_trainers.mobile_vit_trainer | Ep [009/500] T-Acc:  54.9%  V-Acc:  58.4%  V-AUROC: 0.5958  LR: 1.00e-03
2026-08-03 22:37:14,428 | [FULL    ] | INFO | full_experiments_using.model_trainers.mobile_vit_trainer |   ↳ new best AUROC; saved checkpoint: /home/oem/choihyunsu/VOGBasedMCIDetection/outputs/checkpoints/run_20260803_091237_full_wvote_artifact30_w0-5-5-10-0-15-15-30_strat_4err/fold_29_best.pth
2026-08-03 22:37:35,880 | [FULL    ] | INFO | full_experiments_using.model_trainers.mobile_vit_trainer | Ep [010/500] T-Acc:  54.4%  V-Acc:  57.7%  V-AUROC: 0.5967  LR: 1.00e-03
2026-08-03 22:37:35,998 | [FULL    ] | INFO | full_experiments_using.model_trainers.mobile_vit_trainer |   ↳ new best AUROC; saved checkpoint: /home/oem/choihyunsu/VOGBasedMCIDetection/outputs/checkpoints/run_20260803_091237_full_wvote_artifact30_w0-5-5-10-0-15-15-30_strat_4err/fold_29_best.pth
2026-08-03 22:37:57,425 | [FULL    ] | INFO | full_experiments_using.model_trainers.mobile_vit_trainer | Ep [011/500] T-Acc:  53.6%  V-Acc:  57.5%  V-AUROC: 0.5981  LR: 1.00e-03
2026-08-03 22:37:57,546 | [FULL    ] | INFO | full_experiments_using.model_trainers.mobile_vit_trainer |   ↳ new best AUROC; saved checkpoint: /home/oem/choihyunsu/VOGBasedMCIDetection/outputs/checkpoints/run_20260803_091237_full_wvote_artifact30_w0-5-5-10-0-15-15-30_strat_4err/fold_29_best.pth
2026-08-03 22:38:18,930 | [FULL    ] | INFO | full_experiments_using.model_trainers.mobile_vit_trainer | Ep [012/500] T-Acc:  55.6%  V-Acc:  57.9%  V-AUROC: 0.5983  LR: 1.00e-03
2026-08-03 22:38:19,043 | [FULL    ] | INFO | full_experiments_using.model_trainers.mobile_vit_trainer |   ↳ new best AUROC; saved checkpoint: /home/oem/choihyunsu/VOGBasedMCIDetection/outputs/checkpoints/run_20260803_091237_full_wvote_artifact30_w0-5-5-10-0-15-15-30_strat_4err/fold_29_best.pth
2026-08-03 22:38:40,340 | [FULL    ] | INFO | full_experiments_using.model_trainers.mobile_vit_trainer | Ep [013/500] T-Acc:  56.2%  V-Acc:  56.7%  V-AUROC: 0.5883  LR: 1.00e-03
2026-08-03 22:39:01,943 | [FULL    ] | INFO | full_experiments_using.model_trainers.mobile_vit_trainer | Ep [014/500] T-Acc:  56.3%  V-Acc:  57.2%  V-AUROC: 0.5990  LR: 1.00e-03
2026-08-03 22:39:02,060 | [FULL    ] | INFO | full_experiments_using.model_trainers.mobile_vit_trainer |   ↳ new best AUROC; saved checkpoint: /home/oem/choihyunsu/VOGBasedMCIDetection/outputs/checkpoints/run_20260803_091237_full_wvote_artifact30_w0-5-5-10-0-15-15-30_strat_4err/fold_29_best.pth
2026-08-03 22:39:23,363 | [FULL    ] | INFO | full_experiments_using.model_trainers.mobile_vit_trainer | Ep [015/500] T-Acc:  56.2%  V-Acc:  57.0%  V-AUROC: 0.6012  LR: 1.00e-03
2026-08-03 22:39:23,477 | [FULL    ] | INFO | full_experiments_using.model_trainers.mobile_vit_trainer |   ↳ new best AUROC; saved checkpoint: /home/oem/choihyunsu/VOGBasedMCIDetection/outputs/checkpoints/run_20260803_091237_full_wvote_artifact30_w0-5-5-10-0-15-15-30_strat_4err/fold_29_best.pth
2026-08-03 22:39:44,923 | [FULL    ] | INFO | full_experiments_using.model_trainers.mobile_vit_trainer | Ep [016/500] T-Acc:  57.4%  V-Acc:  58.2%  V-AUROC: 0.6129  LR: 1.00e-03
2026-08-03 22:39:45,041 | [FULL    ] | INFO | full_experiments_using.model_trainers.mobile_vit_trainer |   ↳ new best AUROC; saved checkpoint: /home/oem/choihyunsu/VOGBasedMCIDetection/outputs/checkpoints/run_20260803_091237_full_wvote_artifact30_w0-5-5-10-0-15-15-30_strat_4err/fold_29_best.pth
2026-08-03 22:40:06,498 | [FULL    ] | INFO | full_experiments_using.model_trainers.mobile_vit_trainer | Ep [017/500] T-Acc:  57.2%  V-Acc:  59.6%  V-AUROC: 0.6220  LR: 1.00e-03
2026-08-03 22:40:06,615 | [FULL    ] | INFO | full_experiments_using.model_trainers.mobile_vit_trainer |   ↳ new best AUROC; saved checkpoint: /home/oem/choihyunsu/VOGBasedMCIDetection/outputs/checkpoints/run_20260803_091237_full_wvote_artifact30_w0-5-5-10-0-15-15-30_strat_4err/fold_29_best.pth
2026-08-03 22:40:28,057 | [FULL    ] | INFO | full_experiments_using.model_trainers.mobile_vit_trainer | Ep [018/500] T-Acc:  56.9%  V-Acc:  58.4%  V-AUROC: 0.6129  LR: 1.00e-03
2026-08-03 22:40:49,394 | [FULL    ] | INFO | full_experiments_using.model_trainers.mobile_vit_trainer | Ep [019/500] T-Acc:  57.9%  V-Acc:  57.6%  V-AUROC: 0.6062  LR: 1.00e-03
2026-08-03 22:41:10,890 | [FULL    ] | INFO | full_experiments_using.model_trainers.mobile_vit_trainer | Ep [020/500] T-Acc:  58.4%  V-Acc:  58.5%  V-AUROC: 0.6151  LR: 1.00e-03
2026-08-03 22:41:32,253 | [FULL    ] | INFO | full_experiments_using.model_trainers.mobile_vit_trainer | Ep [021/500] T-Acc:  57.1%  V-Acc:  58.4%  V-AUROC: 0.6148  LR: 1.00e-03
2026-08-03 22:41:53,507 | [FULL    ] | INFO | full_experiments_using.model_trainers.mobile_vit_trainer | Ep [022/500] T-Acc:  57.5%  V-Acc:  56.9%  V-AUROC: 0.6118  LR: 1.00e-03
2026-08-03 22:42:15,064 | [FULL    ] | INFO | full_experiments_using.model_trainers.mobile_vit_trainer | Ep [023/500] T-Acc:  58.5%  V-Acc:  57.4%  V-AUROC: 0.5967  LR: 1.00e-03
2026-08-03 22:42:36,567 | [FULL    ] | INFO | full_experiments_using.model_trainers.mobile_vit_trainer | Ep [024/500] T-Acc:  58.8%  V-Acc:  58.6%  V-AUROC: 0.6050  LR: 1.00e-03
2026-08-03 22:42:57,911 | [FULL    ] | INFO | full_experiments_using.model_trainers.mobile_vit_trainer | Ep [025/500] T-Acc:  60.3%  V-Acc:  57.4%  V-AUROC: 0.6035  LR: 1.00e-03
2026-08-03 22:43:19,464 | [FULL    ] | INFO | full_experiments_using.model_trainers.mobile_vit_trainer | Ep [026/500] T-Acc:  59.7%  V-Acc:  57.2%  V-AUROC: 0.6000  LR: 1.00e-03
2026-08-03 22:43:40,895 | [FULL    ] | INFO | full_experiments_using.model_trainers.mobile_vit_trainer | Ep [027/500] T-Acc:  59.3%  V-Acc:  58.1%  V-AUROC: 0.6005  LR: 1.00e-03
2026-08-03 22:44:02,087 | [FULL    ] | INFO | full_experiments_using.model_trainers.mobile_vit_trainer | Ep [028/500] T-Acc:  60.0%  V-Acc:  57.6%  V-AUROC: 0.5966  LR: 1.00e-03
2026-08-03 22:44:23,789 | [FULL    ] | INFO | full_experiments_using.model_trainers.mobile_vit_trainer | Ep [029/500] T-Acc:  59.6%  V-Acc:  57.5%  V-AUROC: 0.5964  LR: 2.00e-04
2026-08-03 22:44:41,577 | [FULL    ] | INFO | full_experiments_using.model_trainers.mobile_vit_trainer | Ep [030/500] T-Acc:  60.0%  V-Acc:  56.7%  V-AUROC: 0.5945  LR: 2.00e-04
2026-08-03 22:44:55,853 | [FULL    ] | INFO | full_experiments_using.model_trainers.mobile_vit_trainer | Ep [031/500] T-Acc:  59.6%  V-Acc:  57.4%  V-AUROC: 0.5965  LR: 2.00e-04
2026-08-03 22:45:10,793 | [FULL    ] | INFO | full_experiments_using.model_trainers.mobile_vit_trainer | Ep [032/500] T-Acc:  59.2%  V-Acc:  56.1%  V-AUROC: 0.5971  LR: 2.00e-04
2026-08-03 22:45:25,021 | [FULL    ] | INFO | full_experiments_using.model_trainers.mobile_vit_trainer | Ep [033/500] T-Acc:  60.5%  V-Acc:  57.6%  V-AUROC: 0.5958  LR: 2.00e-04
2026-08-03 22:45:39,284 | [FULL    ] | INFO | full_experiments_using.model_trainers.mobile_vit_trainer | Ep [034/500] T-Acc:  59.8%  V-Acc:  56.4%  V-AUROC: 0.5957  LR: 2.00e-04
2026-08-03 22:45:53,678 | [FULL    ] | INFO | full_experiments_using.model_trainers.mobile_vit_trainer | Ep [035/500] T-Acc:  58.9%  V-Acc:  56.2%  V-AUROC: 0.5942  LR: 2.00e-04
2026-08-03 22:46:08,002 | [FULL    ] | INFO | full_experiments_using.model_trainers.mobile_vit_trainer | Ep [036/500] T-Acc:  60.0%  V-Acc:  57.0%  V-AUROC: 0.5958  LR: 2.00e-04
2026-08-03 22:46:22,266 | [FULL    ] | INFO | full_experiments_using.model_trainers.mobile_vit_trainer | Ep [037/500] T-Acc:  60.0%  V-Acc:  56.9%  V-AUROC: 0.5934  LR: 2.00e-04
2026-08-03 22:46:36,691 | [FULL    ] | INFO | full_experiments_using.model_trainers.mobile_vit_trainer | Ep [038/500] T-Acc:  59.8%  V-Acc:  56.7%  V-AUROC: 0.5958  LR: 2.00e-04
2026-08-03 22:46:50,946 | [FULL    ] | INFO | full_experiments_using.model_trainers.mobile_vit_trainer | Ep [039/500] T-Acc:  60.6%  V-Acc:  56.7%  V-AUROC: 0.5936  LR: 2.00e-04
2026-08-03 22:47:05,346 | [FULL    ] | INFO | full_experiments_using.model_trainers.mobile_vit_trainer | Ep [040/500] T-Acc:  61.0%  V-Acc:  57.4%  V-AUROC: 0.5963  LR: 4.00e-05
2026-08-03 22:47:19,593 | [FULL    ] | INFO | full_experiments_using.model_trainers.mobile_vit_trainer | Ep [041/500] T-Acc:  61.3%  V-Acc:  57.1%  V-AUROC: 0.5953  LR: 4.00e-05
2026-08-03 22:47:33,836 | [FULL    ] | INFO | full_experiments_using.model_trainers.mobile_vit_trainer | Ep [042/500] T-Acc:  60.8%  V-Acc:  57.0%  V-AUROC: 0.5956  LR: 4.00e-05
2026-08-03 22:47:48,087 | [FULL    ] | INFO | full_experiments_using.model_trainers.mobile_vit_trainer | Ep [043/500] T-Acc:  60.6%  V-Acc:  56.6%  V-AUROC: 0.5939  LR: 4.00e-05
2026-08-03 22:48:02,347 | [FULL    ] | INFO | full_experiments_using.model_trainers.mobile_vit_trainer | Ep [044/500] T-Acc:  59.6%  V-Acc:  57.1%  V-AUROC: 0.5941  LR: 4.00e-05
2026-08-03 22:48:16,795 | [FULL    ] | INFO | full_experiments_using.model_trainers.mobile_vit_trainer | Ep [045/500] T-Acc:  59.7%  V-Acc:  56.7%  V-AUROC: 0.5956  LR: 4.00e-05
2026-08-03 22:48:25,977 | [FULL    ] | INFO | full_experiments_using.model_trainers.mobile_vit_trainer | Ep [046/500] T-Acc:  59.3%  V-Acc:  56.9%  V-AUROC: 0.5962  LR: 4.00e-05
2026-08-03 22:48:33,430 | [FULL    ] | INFO | full_experiments_using.model_trainers.mobile_vit_trainer | Ep [047/500] T-Acc:  61.1%  V-Acc:  57.0%  V-AUROC: 0.5948  LR: 4.00e-05
2026-08-03 22:48:33,430 | [FULL    ] | INFO | full_experiments_using.model_trainers.mobile_vit_trainer | Early stop — best AUROC 0.6220 at epoch 17 (no improvement for 30 epochs)
2026-08-03 22:48:33,431 | [FULL    ] | INFO | full_experiments_using.model_trainers.mobile_vit_trainer | Done. Best AUROC: 0.6220 (epoch 17) → /home/oem/choihyunsu/VOGBasedMCIDetection/outputs/checkpoints/run_20260803_091237_full_wvote_artifact30_w0-5-5-10-0-15-15-30_strat_4err/fold_29_best.pth
2026-08-03 22:48:35,759 | [FULL    ] | INFO | full_experiments_using.evaluators.monte_carlo_evaluator | -> Fold 30 Result | Acc=0.700 Sens=1.000 Spec=0.000 AUROC=0.952
2026-08-03 22:48:35,760 | [FULL    ] | INFO | full_experiments_using.evaluators.monte_carlo_evaluator | ============================================================
2026-08-03 22:48:35,760 | [FULL    ] | INFO | full_experiments_using.evaluators.monte_carlo_evaluator |   MC-CV Results [stratified-group sampling] (30 folds)
2026-08-03 22:48:35,760 | [FULL    ] | INFO | full_experiments_using.evaluators.monte_carlo_evaluator |   Accuracy    : 0.765 ± 0.137
2026-08-03 22:48:35,760 | [FULL    ] | INFO | full_experiments_using.evaluators.monte_carlo_evaluator |   Sensitivity : 0.809 ± 0.209
2026-08-03 22:48:35,760 | [FULL    ] | INFO | full_experiments_using.evaluators.monte_carlo_evaluator |   Specificity : 0.675 ± 0.271
2026-08-03 22:48:35,760 | [FULL    ] | INFO | full_experiments_using.evaluators.monte_carlo_evaluator |   AUROC       : 0.864 ± 0.113
2026-08-03 22:48:35,760 | [FULL    ] | INFO | full_experiments_using.evaluators.monte_carlo_evaluator | ============================================================
2026-08-03 22:48:35,760 | [FULL    ] | INFO | full_experiments_using.evaluators.monte_carlo_evaluator | Evaluator lifecycle end: writing probe report...
2026-08-03 22:48:36,288 | [FULL    ] | INFO | probe_generators.probe_generator | Task-Contribution Probe report written: /home/oem/choihyunsu/VOGBasedMCIDetection/outputs/reports/run_20260803_091237_full_wvote_artifact30_w0-5-5-10-0-15-15-30_strat_4err_task_wise_probe.md
