2026-08-03 09:12:47,627 | [FULL    ] | INFO | __main__ | Run ID: 20260803_091247_full_wvote_artifact30_w0-5-10-10-0-15-30-30_strat_4err | augment=False | dropout=0.50 | patience=30 | batch_size=32 | artifact=thr=30.0 | signal_mode=four_error (4ch) | stratified={0: 4, 1: 8} | weighted_vote={0: 0.0, 1: 0.5, 2: 1.0, 3: 1.0, 4: 0.0, 5: 1.5, 6: 3.0, 7: 3.0}
2026-08-03 09:12:47,627 | [FULL    ] | INFO | __main__ | Log file: /home/oem/choihyunsu/VOGBasedMCIDetection/outputs/logs/run_20260803_091247_full_wvote_artifact30_w0-5-10-10-0-15-30-30_strat_4err.log
2026-08-03 09:12:47,627 | [FULL    ] | INFO | __main__ | Loading full 8-task VOG saccade tensors from: /home/oem/choihyunsu/VOGBasedMCIDetection/data
2026-08-03 09:12:47,750 | [FULL    ] | INFO | full_experiments_using.data_processor.data_engineering | Loaded preprocessed data_store from cache: /home/oem/choihyunsu/VOGBasedMCIDetection/outputs/cache/data_store_full_4err.pkl (5715 epochs)
2026-08-03 09:12:47,869 | [FULL    ] | INFO | __main__ | Total epoched samples: 5715
2026-08-03 09:12:47,902 | [FULL    ] | INFO | full_experiments_using.evaluators.monte_carlo_evaluator | MC Group CV [stratified-group] — 30 folds | device=cuda | num_tasks=8 | augment=False | dropout=0.50 | weighted_vote={0: 0.0, 1: 0.5, 2: 1.0, 3: 1.0, 4: 0.0, 5: 1.5, 6: 3.0, 7: 3.0}
2026-08-03 09:12:48,013 | [FULL    ] | INFO | full_experiments_using.evaluators.monte_carlo_evaluator | === Fold 01/30 | train: 25 subj (HC=10 MCI=15) / 3872 win | test: 12 subj (HC=4 MCI=8) / 1843 win ===
2026-08-03 09:12:48,251 | [FULL    ] | INFO | httpx | HTTP Request: HEAD https://huggingface.co/apple/mobilevit-small/resolve/main/config.json "HTTP/1.1 307 Temporary Redirect"
2026-08-03 09:12:48,264 | [FULL    ] | INFO | httpx | HTTP Request: HEAD https://huggingface.co/api/resolve-cache/models/apple/mobilevit-small/6c8612545dc98676d27bc518fa521d9e9af23e34/config.json "HTTP/1.1 200 OK"
2026-08-03 09:12:48,507 | [FULL    ] | INFO | httpx | HTTP Request: HEAD https://huggingface.co/apple/mobilevit-small/resolve/main/model.safetensors "HTTP/1.1 404 Not Found"
2026-08-03 09:12:48,712 | [FULL    ] | INFO | httpx | HTTP Request: HEAD https://huggingface.co/apple/mobilevit-small/resolve/main/model.safetensors.index.json "HTTP/1.1 404 Not Found"
2026-08-03 09:12:48,920 | [FULL    ] | INFO | httpx | HTTP Request: HEAD https://huggingface.co/apple/mobilevit-small/resolve/main/pytorch_model.bin "HTTP/1.1 302 Found"
2026-08-03 09:12:49,120 | [FULL    ] | INFO | httpx | HTTP Request: HEAD https://huggingface.co/apple/mobilevit-small/resolve/main/model.safetensors "HTTP/1.1 404 Not Found"
2026-08-03 09:12:49,333 | [FULL    ] | INFO | httpx | HTTP Request: GET https://huggingface.co/api/models/apple/mobilevit-small "HTTP/1.1 200 OK"
2026-08-03 09:12:49,602 | [FULL    ] | INFO | httpx | HTTP Request: GET https://huggingface.co/api/models/apple/mobilevit-small/commits/main "HTTP/1.1 200 OK"
2026-08-03 09:12:49,848 | [FULL    ] | INFO | httpx | HTTP Request: GET https://huggingface.co/api/models/apple/mobilevit-small/discussions?p=0 "HTTP/1.1 200 OK"
2026-08-03 09:12:50,066 | [FULL    ] | INFO | httpx | HTTP Request: GET https://huggingface.co/api/models/apple/mobilevit-small/commits/refs%2Fpr%2F6 "HTTP/1.1 200 OK"
2026-08-03 09:12:50,262 | [FULL    ] | INFO | httpx | HTTP Request: HEAD https://huggingface.co/apple/mobilevit-small/resolve/refs%2Fpr%2F6/model.safetensors.index.json "HTTP/1.1 404 Not Found"
2026-08-03 09:12:50,263 | [FULL    ] | WARNING | huggingface_hub.utils._http | Warning: You are sending unauthenticated requests to the HF Hub. Please set a HF_TOKEN to enable higher rate limits and faster downloads.
2026-08-03 09:12:50,477 | [FULL    ] | INFO | httpx | HTTP Request: HEAD https://huggingface.co/apple/mobilevit-small/resolve/refs%2Fpr%2F6/model.safetensors "HTTP/1.1 302 Found"
2026-08-03 09:12:50,797 | [FULL    ] | INFO | full_experiments_using.model_trainers.mobile_vit_trainer | Device: cuda | max_epochs=500 | batch=32 | eval_batch=256 | es_patience=30
2026-08-03 09:12:50,805 | [FULL    ] | INFO | full_experiments_using.model_trainers.mobile_vit_trainer | CE weights — HC: 1.079  MCI: 0.932
2026-08-03 09:13:46,141 | [FULL    ] | INFO | full_experiments_using.model_trainers.mobile_vit_trainer | Ep [001/500] T-Acc:  54.0%  V-Acc:  60.2%  V-AUROC: 0.5477  LR: 2.00e-04
2026-08-03 09:13:46,201 | [FULL    ] | INFO | full_experiments_using.model_trainers.mobile_vit_trainer |   ↳ new best AUROC; saved checkpoint: /home/oem/choihyunsu/VOGBasedMCIDetection/outputs/checkpoints/run_20260803_091247_full_wvote_artifact30_w0-5-10-10-0-15-30-30_strat_4err/fold_00_best.pth
2026-08-03 09:14:11,500 | [FULL    ] | INFO | full_experiments_using.model_trainers.mobile_vit_trainer | Ep [002/500] T-Acc:  53.0%  V-Acc:  59.6%  V-AUROC: 0.5432  LR: 4.00e-04
2026-08-03 09:14:39,651 | [FULL    ] | INFO | full_experiments_using.model_trainers.mobile_vit_trainer | Ep [003/500] T-Acc:  53.9%  V-Acc:  60.9%  V-AUROC: 0.5554  LR: 6.00e-04
2026-08-03 09:14:39,899 | [FULL    ] | INFO | full_experiments_using.model_trainers.mobile_vit_trainer |   ↳ new best AUROC; saved checkpoint: /home/oem/choihyunsu/VOGBasedMCIDetection/outputs/checkpoints/run_20260803_091247_full_wvote_artifact30_w0-5-10-10-0-15-30-30_strat_4err/fold_00_best.pth
2026-08-03 09:15:08,143 | [FULL    ] | INFO | full_experiments_using.model_trainers.mobile_vit_trainer | Ep [004/500] T-Acc:  54.3%  V-Acc:  57.8%  V-AUROC: 0.5579  LR: 8.00e-04
2026-08-03 09:15:08,275 | [FULL    ] | INFO | full_experiments_using.model_trainers.mobile_vit_trainer |   ↳ new best AUROC; saved checkpoint: /home/oem/choihyunsu/VOGBasedMCIDetection/outputs/checkpoints/run_20260803_091247_full_wvote_artifact30_w0-5-10-10-0-15-30-30_strat_4err/fold_00_best.pth
2026-08-03 09:15:36,363 | [FULL    ] | INFO | full_experiments_using.model_trainers.mobile_vit_trainer | Ep [005/500] T-Acc:  54.1%  V-Acc:  57.2%  V-AUROC: 0.5710  LR: 1.00e-03
2026-08-03 09:15:36,520 | [FULL    ] | INFO | full_experiments_using.model_trainers.mobile_vit_trainer |   ↳ new best AUROC; saved checkpoint: /home/oem/choihyunsu/VOGBasedMCIDetection/outputs/checkpoints/run_20260803_091247_full_wvote_artifact30_w0-5-10-10-0-15-30-30_strat_4err/fold_00_best.pth
2026-08-03 09:16:04,527 | [FULL    ] | INFO | full_experiments_using.model_trainers.mobile_vit_trainer | Ep [006/500] T-Acc:  54.7%  V-Acc:  57.2%  V-AUROC: 0.5683  LR: 1.00e-03
2026-08-03 09:16:32,755 | [FULL    ] | INFO | full_experiments_using.model_trainers.mobile_vit_trainer | Ep [007/500] T-Acc:  54.0%  V-Acc:  55.8%  V-AUROC: 0.5674  LR: 1.00e-03
2026-08-03 09:17:01,111 | [FULL    ] | INFO | full_experiments_using.model_trainers.mobile_vit_trainer | Ep [008/500] T-Acc:  55.8%  V-Acc:  55.3%  V-AUROC: 0.5695  LR: 1.00e-03
2026-08-03 09:17:29,394 | [FULL    ] | INFO | full_experiments_using.model_trainers.mobile_vit_trainer | Ep [009/500] T-Acc:  54.0%  V-Acc:  55.5%  V-AUROC: 0.5882  LR: 1.00e-03
2026-08-03 09:17:29,558 | [FULL    ] | INFO | full_experiments_using.model_trainers.mobile_vit_trainer |   ↳ new best AUROC; saved checkpoint: /home/oem/choihyunsu/VOGBasedMCIDetection/outputs/checkpoints/run_20260803_091247_full_wvote_artifact30_w0-5-10-10-0-15-30-30_strat_4err/fold_00_best.pth
2026-08-03 09:17:57,693 | [FULL    ] | INFO | full_experiments_using.model_trainers.mobile_vit_trainer | Ep [010/500] T-Acc:  54.5%  V-Acc:  56.8%  V-AUROC: 0.5796  LR: 1.00e-03
2026-08-03 09:18:25,871 | [FULL    ] | INFO | full_experiments_using.model_trainers.mobile_vit_trainer | Ep [011/500] T-Acc:  55.3%  V-Acc:  56.6%  V-AUROC: 0.5877  LR: 1.00e-03
2026-08-03 09:18:53,882 | [FULL    ] | INFO | full_experiments_using.model_trainers.mobile_vit_trainer | Ep [012/500] T-Acc:  55.7%  V-Acc:  56.2%  V-AUROC: 0.5930  LR: 1.00e-03
2026-08-03 09:18:54,044 | [FULL    ] | INFO | full_experiments_using.model_trainers.mobile_vit_trainer |   ↳ new best AUROC; saved checkpoint: /home/oem/choihyunsu/VOGBasedMCIDetection/outputs/checkpoints/run_20260803_091247_full_wvote_artifact30_w0-5-10-10-0-15-30-30_strat_4err/fold_00_best.pth
2026-08-03 09:19:22,381 | [FULL    ] | INFO | full_experiments_using.model_trainers.mobile_vit_trainer | Ep [013/500] T-Acc:  55.5%  V-Acc:  56.3%  V-AUROC: 0.5885  LR: 1.00e-03
2026-08-03 09:19:50,377 | [FULL    ] | INFO | full_experiments_using.model_trainers.mobile_vit_trainer | Ep [014/500] T-Acc:  56.5%  V-Acc:  55.9%  V-AUROC: 0.5806  LR: 1.00e-03
2026-08-03 09:20:18,850 | [FULL    ] | INFO | full_experiments_using.model_trainers.mobile_vit_trainer | Ep [015/500] T-Acc:  56.0%  V-Acc:  55.3%  V-AUROC: 0.5798  LR: 1.00e-03
2026-08-03 09:20:47,386 | [FULL    ] | INFO | full_experiments_using.model_trainers.mobile_vit_trainer | Ep [016/500] T-Acc:  56.7%  V-Acc:  57.9%  V-AUROC: 0.6001  LR: 1.00e-03
2026-08-03 09:20:47,546 | [FULL    ] | INFO | full_experiments_using.model_trainers.mobile_vit_trainer |   ↳ new best AUROC; saved checkpoint: /home/oem/choihyunsu/VOGBasedMCIDetection/outputs/checkpoints/run_20260803_091247_full_wvote_artifact30_w0-5-10-10-0-15-30-30_strat_4err/fold_00_best.pth
2026-08-03 09:21:15,645 | [FULL    ] | INFO | full_experiments_using.model_trainers.mobile_vit_trainer | Ep [017/500] T-Acc:  57.1%  V-Acc:  57.1%  V-AUROC: 0.6029  LR: 1.00e-03
2026-08-03 09:21:15,829 | [FULL    ] | INFO | full_experiments_using.model_trainers.mobile_vit_trainer |   ↳ new best AUROC; saved checkpoint: /home/oem/choihyunsu/VOGBasedMCIDetection/outputs/checkpoints/run_20260803_091247_full_wvote_artifact30_w0-5-10-10-0-15-30-30_strat_4err/fold_00_best.pth
2026-08-03 09:21:44,058 | [FULL    ] | INFO | full_experiments_using.model_trainers.mobile_vit_trainer | Ep [018/500] T-Acc:  57.8%  V-Acc:  58.4%  V-AUROC: 0.5959  LR: 1.00e-03
2026-08-03 09:22:12,379 | [FULL    ] | INFO | full_experiments_using.model_trainers.mobile_vit_trainer | Ep [019/500] T-Acc:  58.1%  V-Acc:  60.1%  V-AUROC: 0.6124  LR: 1.00e-03
2026-08-03 09:22:12,585 | [FULL    ] | INFO | full_experiments_using.model_trainers.mobile_vit_trainer |   ↳ new best AUROC; saved checkpoint: /home/oem/choihyunsu/VOGBasedMCIDetection/outputs/checkpoints/run_20260803_091247_full_wvote_artifact30_w0-5-10-10-0-15-30-30_strat_4err/fold_00_best.pth
2026-08-03 09:22:40,973 | [FULL    ] | INFO | full_experiments_using.model_trainers.mobile_vit_trainer | Ep [020/500] T-Acc:  56.0%  V-Acc:  57.9%  V-AUROC: 0.6123  LR: 1.00e-03
2026-08-03 09:23:09,152 | [FULL    ] | INFO | full_experiments_using.model_trainers.mobile_vit_trainer | Ep [021/500] T-Acc:  58.0%  V-Acc:  58.8%  V-AUROC: 0.6228  LR: 1.00e-03
2026-08-03 09:23:09,318 | [FULL    ] | INFO | full_experiments_using.model_trainers.mobile_vit_trainer |   ↳ new best AUROC; saved checkpoint: /home/oem/choihyunsu/VOGBasedMCIDetection/outputs/checkpoints/run_20260803_091247_full_wvote_artifact30_w0-5-10-10-0-15-30-30_strat_4err/fold_00_best.pth
2026-08-03 09:23:37,497 | [FULL    ] | INFO | full_experiments_using.model_trainers.mobile_vit_trainer | Ep [022/500] T-Acc:  58.7%  V-Acc:  59.0%  V-AUROC: 0.6093  LR: 1.00e-03
2026-08-03 09:24:05,756 | [FULL    ] | INFO | full_experiments_using.model_trainers.mobile_vit_trainer | Ep [023/500] T-Acc:  56.8%  V-Acc:  58.8%  V-AUROC: 0.6121  LR: 1.00e-03
2026-08-03 09:24:33,992 | [FULL    ] | INFO | full_experiments_using.model_trainers.mobile_vit_trainer | Ep [024/500] T-Acc:  58.2%  V-Acc:  59.0%  V-AUROC: 0.6226  LR: 1.00e-03
2026-08-03 09:25:02,067 | [FULL    ] | INFO | full_experiments_using.model_trainers.mobile_vit_trainer | Ep [025/500] T-Acc:  58.3%  V-Acc:  58.8%  V-AUROC: 0.6086  LR: 1.00e-03
2026-08-03 09:25:30,298 | [FULL    ] | INFO | full_experiments_using.model_trainers.mobile_vit_trainer | Ep [026/500] T-Acc:  57.8%  V-Acc:  58.5%  V-AUROC: 0.6093  LR: 1.00e-03
2026-08-03 09:25:58,836 | [FULL    ] | INFO | full_experiments_using.model_trainers.mobile_vit_trainer | Ep [027/500] T-Acc:  59.0%  V-Acc:  57.7%  V-AUROC: 0.6191  LR: 1.00e-03
2026-08-03 09:26:27,026 | [FULL    ] | INFO | full_experiments_using.model_trainers.mobile_vit_trainer | Ep [028/500] T-Acc:  59.4%  V-Acc:  59.5%  V-AUROC: 0.6178  LR: 1.00e-03
2026-08-03 09:26:55,396 | [FULL    ] | INFO | full_experiments_using.model_trainers.mobile_vit_trainer | Ep [029/500] T-Acc:  58.0%  V-Acc:  60.0%  V-AUROC: 0.6169  LR: 1.00e-03
2026-08-03 09:27:23,588 | [FULL    ] | INFO | full_experiments_using.model_trainers.mobile_vit_trainer | Ep [030/500] T-Acc:  59.4%  V-Acc:  58.7%  V-AUROC: 0.6199  LR: 1.00e-03
2026-08-03 09:27:51,962 | [FULL    ] | INFO | full_experiments_using.model_trainers.mobile_vit_trainer | Ep [031/500] T-Acc:  59.6%  V-Acc:  59.6%  V-AUROC: 0.6117  LR: 1.00e-03
2026-08-03 09:28:20,235 | [FULL    ] | INFO | full_experiments_using.model_trainers.mobile_vit_trainer | Ep [032/500] T-Acc:  59.2%  V-Acc:  58.7%  V-AUROC: 0.6223  LR: 1.00e-03
2026-08-03 09:28:48,636 | [FULL    ] | INFO | full_experiments_using.model_trainers.mobile_vit_trainer | Ep [033/500] T-Acc:  60.8%  V-Acc:  59.9%  V-AUROC: 0.6204  LR: 2.00e-04
2026-08-03 09:29:17,030 | [FULL    ] | INFO | full_experiments_using.model_trainers.mobile_vit_trainer | Ep [034/500] T-Acc:  59.7%  V-Acc:  59.8%  V-AUROC: 0.6200  LR: 2.00e-04
2026-08-03 09:29:45,295 | [FULL    ] | INFO | full_experiments_using.model_trainers.mobile_vit_trainer | Ep [035/500] T-Acc:  60.7%  V-Acc:  60.2%  V-AUROC: 0.6240  LR: 2.00e-04
2026-08-03 09:29:45,441 | [FULL    ] | INFO | full_experiments_using.model_trainers.mobile_vit_trainer |   ↳ new best AUROC; saved checkpoint: /home/oem/choihyunsu/VOGBasedMCIDetection/outputs/checkpoints/run_20260803_091247_full_wvote_artifact30_w0-5-10-10-0-15-30-30_strat_4err/fold_00_best.pth
2026-08-03 09:30:13,845 | [FULL    ] | INFO | full_experiments_using.model_trainers.mobile_vit_trainer | Ep [036/500] T-Acc:  60.6%  V-Acc:  60.3%  V-AUROC: 0.6278  LR: 2.00e-04
2026-08-03 09:30:14,047 | [FULL    ] | INFO | full_experiments_using.model_trainers.mobile_vit_trainer |   ↳ new best AUROC; saved checkpoint: /home/oem/choihyunsu/VOGBasedMCIDetection/outputs/checkpoints/run_20260803_091247_full_wvote_artifact30_w0-5-10-10-0-15-30-30_strat_4err/fold_00_best.pth
2026-08-03 09:30:42,462 | [FULL    ] | INFO | full_experiments_using.model_trainers.mobile_vit_trainer | Ep [037/500] T-Acc:  59.7%  V-Acc:  61.0%  V-AUROC: 0.6276  LR: 2.00e-04
2026-08-03 09:31:10,792 | [FULL    ] | INFO | full_experiments_using.model_trainers.mobile_vit_trainer | Ep [038/500] T-Acc:  60.1%  V-Acc:  61.0%  V-AUROC: 0.6296  LR: 2.00e-04
2026-08-03 09:31:10,911 | [FULL    ] | INFO | full_experiments_using.model_trainers.mobile_vit_trainer |   ↳ new best AUROC; saved checkpoint: /home/oem/choihyunsu/VOGBasedMCIDetection/outputs/checkpoints/run_20260803_091247_full_wvote_artifact30_w0-5-10-10-0-15-30-30_strat_4err/fold_00_best.pth
2026-08-03 09:31:39,578 | [FULL    ] | INFO | full_experiments_using.model_trainers.mobile_vit_trainer | Ep [039/500] T-Acc:  59.6%  V-Acc:  61.0%  V-AUROC: 0.6291  LR: 2.00e-04
2026-08-03 09:32:07,849 | [FULL    ] | INFO | full_experiments_using.model_trainers.mobile_vit_trainer | Ep [040/500] T-Acc:  60.8%  V-Acc:  59.7%  V-AUROC: 0.6253  LR: 2.00e-04
2026-08-03 09:32:36,040 | [FULL    ] | INFO | full_experiments_using.model_trainers.mobile_vit_trainer | Ep [041/500] T-Acc:  60.2%  V-Acc:  60.1%  V-AUROC: 0.6243  LR: 2.00e-04
2026-08-03 09:33:04,388 | [FULL    ] | INFO | full_experiments_using.model_trainers.mobile_vit_trainer | Ep [042/500] T-Acc:  60.7%  V-Acc:  60.0%  V-AUROC: 0.6200  LR: 2.00e-04
2026-08-03 09:33:32,619 | [FULL    ] | INFO | full_experiments_using.model_trainers.mobile_vit_trainer | Ep [043/500] T-Acc:  61.3%  V-Acc:  59.5%  V-AUROC: 0.6231  LR: 2.00e-04
2026-08-03 09:34:01,056 | [FULL    ] | INFO | full_experiments_using.model_trainers.mobile_vit_trainer | Ep [044/500] T-Acc:  60.5%  V-Acc:  59.5%  V-AUROC: 0.6187  LR: 2.00e-04
2026-08-03 09:34:29,232 | [FULL    ] | INFO | full_experiments_using.model_trainers.mobile_vit_trainer | Ep [045/500] T-Acc:  61.3%  V-Acc:  59.8%  V-AUROC: 0.6203  LR: 2.00e-04
2026-08-03 09:34:57,707 | [FULL    ] | INFO | full_experiments_using.model_trainers.mobile_vit_trainer | Ep [046/500] T-Acc:  59.7%  V-Acc:  60.1%  V-AUROC: 0.6225  LR: 2.00e-04
2026-08-03 09:35:26,076 | [FULL    ] | INFO | full_experiments_using.model_trainers.mobile_vit_trainer | Ep [047/500] T-Acc:  60.6%  V-Acc:  59.9%  V-AUROC: 0.6224  LR: 2.00e-04
2026-08-03 09:35:54,584 | [FULL    ] | INFO | full_experiments_using.model_trainers.mobile_vit_trainer | Ep [048/500] T-Acc:  60.8%  V-Acc:  61.0%  V-AUROC: 0.6252  LR: 2.00e-04
2026-08-03 09:36:23,071 | [FULL    ] | INFO | full_experiments_using.model_trainers.mobile_vit_trainer | Ep [049/500] T-Acc:  60.9%  V-Acc:  59.6%  V-AUROC: 0.6214  LR: 2.00e-04
2026-08-03 09:36:51,336 | [FULL    ] | INFO | full_experiments_using.model_trainers.mobile_vit_trainer | Ep [050/500] T-Acc:  59.7%  V-Acc:  59.3%  V-AUROC: 0.6227  LR: 4.00e-05
2026-08-03 09:37:19,451 | [FULL    ] | INFO | full_experiments_using.model_trainers.mobile_vit_trainer | Ep [051/500] T-Acc:  61.9%  V-Acc:  59.4%  V-AUROC: 0.6219  LR: 4.00e-05
2026-08-03 09:37:47,850 | [FULL    ] | INFO | full_experiments_using.model_trainers.mobile_vit_trainer | Ep [052/500] T-Acc:  60.3%  V-Acc:  60.8%  V-AUROC: 0.6219  LR: 4.00e-05
2026-08-03 09:38:16,079 | [FULL    ] | INFO | full_experiments_using.model_trainers.mobile_vit_trainer | Ep [053/500] T-Acc:  61.9%  V-Acc:  59.8%  V-AUROC: 0.6227  LR: 4.00e-05
2026-08-03 09:38:44,260 | [FULL    ] | INFO | full_experiments_using.model_trainers.mobile_vit_trainer | Ep [054/500] T-Acc:  60.4%  V-Acc:  59.4%  V-AUROC: 0.6207  LR: 4.00e-05
2026-08-03 09:39:10,117 | [FULL    ] | INFO | full_experiments_using.model_trainers.mobile_vit_trainer | Ep [055/500] T-Acc:  60.4%  V-Acc:  59.5%  V-AUROC: 0.6233  LR: 4.00e-05
2026-08-03 09:39:38,390 | [FULL    ] | INFO | full_experiments_using.model_trainers.mobile_vit_trainer | Ep [056/500] T-Acc:  60.9%  V-Acc:  60.2%  V-AUROC: 0.6236  LR: 4.00e-05
2026-08-03 09:40:04,253 | [FULL    ] | INFO | full_experiments_using.model_trainers.mobile_vit_trainer | Ep [057/500] T-Acc:  60.7%  V-Acc:  60.1%  V-AUROC: 0.6220  LR: 4.00e-05
2026-08-03 09:40:30,877 | [FULL    ] | INFO | full_experiments_using.model_trainers.mobile_vit_trainer | Ep [058/500] T-Acc:  61.0%  V-Acc:  60.2%  V-AUROC: 0.6217  LR: 4.00e-05
2026-08-03 09:40:58,325 | [FULL    ] | INFO | full_experiments_using.model_trainers.mobile_vit_trainer | Ep [059/500] T-Acc:  60.6%  V-Acc:  60.3%  V-AUROC: 0.6238  LR: 4.00e-05
2026-08-03 09:41:24,118 | [FULL    ] | INFO | full_experiments_using.model_trainers.mobile_vit_trainer | Ep [060/500] T-Acc:  60.4%  V-Acc:  60.1%  V-AUROC: 0.6220  LR: 4.00e-05
2026-08-03 09:41:52,417 | [FULL    ] | INFO | full_experiments_using.model_trainers.mobile_vit_trainer | Ep [061/500] T-Acc:  60.9%  V-Acc:  60.3%  V-AUROC: 0.6239  LR: 8.00e-06
2026-08-03 09:42:20,759 | [FULL    ] | INFO | full_experiments_using.model_trainers.mobile_vit_trainer | Ep [062/500] T-Acc:  60.7%  V-Acc:  60.3%  V-AUROC: 0.6226  LR: 8.00e-06
2026-08-03 09:42:49,224 | [FULL    ] | INFO | full_experiments_using.model_trainers.mobile_vit_trainer | Ep [063/500] T-Acc:  61.1%  V-Acc:  60.4%  V-AUROC: 0.6232  LR: 8.00e-06
2026-08-03 09:43:17,487 | [FULL    ] | INFO | full_experiments_using.model_trainers.mobile_vit_trainer | Ep [064/500] T-Acc:  61.8%  V-Acc:  60.7%  V-AUROC: 0.6218  LR: 8.00e-06
2026-08-03 09:43:45,654 | [FULL    ] | INFO | full_experiments_using.model_trainers.mobile_vit_trainer | Ep [065/500] T-Acc:  60.6%  V-Acc:  60.3%  V-AUROC: 0.6223  LR: 8.00e-06
2026-08-03 09:44:13,885 | [FULL    ] | INFO | full_experiments_using.model_trainers.mobile_vit_trainer | Ep [066/500] T-Acc:  61.9%  V-Acc:  59.8%  V-AUROC: 0.6223  LR: 8.00e-06
2026-08-03 09:44:42,093 | [FULL    ] | INFO | full_experiments_using.model_trainers.mobile_vit_trainer | Ep [067/500] T-Acc:  60.8%  V-Acc:  60.2%  V-AUROC: 0.6229  LR: 8.00e-06
2026-08-03 09:45:10,576 | [FULL    ] | INFO | full_experiments_using.model_trainers.mobile_vit_trainer | Ep [068/500] T-Acc:  60.6%  V-Acc:  59.7%  V-AUROC: 0.6217  LR: 8.00e-06
2026-08-03 09:45:10,581 | [FULL    ] | INFO | full_experiments_using.model_trainers.mobile_vit_trainer | Early stop — best AUROC 0.6296 at epoch 38 (no improvement for 30 epochs)
2026-08-03 09:45:10,581 | [FULL    ] | INFO | full_experiments_using.model_trainers.mobile_vit_trainer | Done. Best AUROC: 0.6296 (epoch 38) → /home/oem/choihyunsu/VOGBasedMCIDetection/outputs/checkpoints/run_20260803_091247_full_wvote_artifact30_w0-5-10-10-0-15-30-30_strat_4err/fold_00_best.pth
2026-08-03 09:45:25,149 | [FULL    ] | INFO | full_experiments_using.evaluators.monte_carlo_evaluator | -> Fold 01 Result | Acc=0.818 Sens=0.875 Spec=0.667 AUROC=0.833
2026-08-03 09:45:25,156 | [FULL    ] | INFO | full_experiments_using.evaluators.monte_carlo_evaluator | === Fold 02/30 | train: 25 subj (HC=10 MCI=15) / 3854 win | test: 12 subj (HC=4 MCI=8) / 1861 win ===
2026-08-03 09:45:25,439 | [FULL    ] | INFO | httpx | HTTP Request: HEAD https://huggingface.co/apple/mobilevit-small/resolve/main/config.json "HTTP/1.1 307 Temporary Redirect"
2026-08-03 09:45:25,455 | [FULL    ] | INFO | httpx | HTTP Request: HEAD https://huggingface.co/api/resolve-cache/models/apple/mobilevit-small/6c8612545dc98676d27bc518fa521d9e9af23e34/config.json "HTTP/1.1 200 OK"
2026-08-03 09:45:25,707 | [FULL    ] | INFO | httpx | HTTP Request: HEAD https://huggingface.co/apple/mobilevit-small/resolve/main/model.safetensors "HTTP/1.1 404 Not Found"
2026-08-03 09:45:25,918 | [FULL    ] | INFO | httpx | HTTP Request: HEAD https://huggingface.co/apple/mobilevit-small/resolve/main/model.safetensors.index.json "HTTP/1.1 404 Not Found"
2026-08-03 09:45:26,155 | [FULL    ] | INFO | httpx | HTTP Request: HEAD https://huggingface.co/apple/mobilevit-small/resolve/main/pytorch_model.bin "HTTP/1.1 302 Found"
2026-08-03 09:45:26,385 | [FULL    ] | INFO | httpx | HTTP Request: HEAD https://huggingface.co/apple/mobilevit-small/resolve/main/model.safetensors "HTTP/1.1 404 Not Found"
2026-08-03 09:45:26,590 | [FULL    ] | INFO | httpx | HTTP Request: GET https://huggingface.co/api/models/apple/mobilevit-small "HTTP/1.1 200 OK"
2026-08-03 09:45:26,829 | [FULL    ] | INFO | httpx | HTTP Request: GET https://huggingface.co/api/models/apple/mobilevit-small/commits/main "HTTP/1.1 200 OK"
2026-08-03 09:45:27,066 | [FULL    ] | INFO | httpx | HTTP Request: GET https://huggingface.co/api/models/apple/mobilevit-small/discussions?p=0 "HTTP/1.1 200 OK"
2026-08-03 09:45:27,292 | [FULL    ] | INFO | httpx | HTTP Request: GET https://huggingface.co/api/models/apple/mobilevit-small/commits/refs%2Fpr%2F6 "HTTP/1.1 200 OK"
2026-08-03 09:45:27,504 | [FULL    ] | INFO | httpx | HTTP Request: HEAD https://huggingface.co/apple/mobilevit-small/resolve/refs%2Fpr%2F6/model.safetensors.index.json "HTTP/1.1 404 Not Found"
2026-08-03 09:45:27,725 | [FULL    ] | INFO | httpx | HTTP Request: HEAD https://huggingface.co/apple/mobilevit-small/resolve/refs%2Fpr%2F6/model.safetensors "HTTP/1.1 302 Found"
2026-08-03 09:45:28,579 | [FULL    ] | INFO | full_experiments_using.model_trainers.mobile_vit_trainer | Device: cuda | max_epochs=500 | batch=32 | eval_batch=256 | es_patience=30
2026-08-03 09:45:28,591 | [FULL    ] | INFO | full_experiments_using.model_trainers.mobile_vit_trainer | CE weights — HC: 1.103  MCI: 0.915
2026-08-03 09:46:07,081 | [FULL    ] | INFO | full_experiments_using.model_trainers.mobile_vit_trainer | Ep [001/500] T-Acc:  49.6%  V-Acc:  55.8%  V-AUROC: 0.5179  LR: 2.00e-04
2026-08-03 09:46:07,174 | [FULL    ] | INFO | full_experiments_using.model_trainers.mobile_vit_trainer |   ↳ new best AUROC; saved checkpoint: /home/oem/choihyunsu/VOGBasedMCIDetection/outputs/checkpoints/run_20260803_091247_full_wvote_artifact30_w0-5-10-10-0-15-30-30_strat_4err/fold_01_best.pth
2026-08-03 09:46:35,266 | [FULL    ] | INFO | full_experiments_using.model_trainers.mobile_vit_trainer | Ep [002/500] T-Acc:  49.6%  V-Acc:  54.4%  V-AUROC: 0.5210  LR: 4.00e-04
2026-08-03 09:46:35,452 | [FULL    ] | INFO | full_experiments_using.model_trainers.mobile_vit_trainer |   ↳ new best AUROC; saved checkpoint: /home/oem/choihyunsu/VOGBasedMCIDetection/outputs/checkpoints/run_20260803_091247_full_wvote_artifact30_w0-5-10-10-0-15-30-30_strat_4err/fold_01_best.pth
2026-08-03 09:47:03,873 | [FULL    ] | INFO | full_experiments_using.model_trainers.mobile_vit_trainer | Ep [003/500] T-Acc:  50.5%  V-Acc:  55.0%  V-AUROC: 0.5429  LR: 6.00e-04
2026-08-03 09:47:04,056 | [FULL    ] | INFO | full_experiments_using.model_trainers.mobile_vit_trainer |   ↳ new best AUROC; saved checkpoint: /home/oem/choihyunsu/VOGBasedMCIDetection/outputs/checkpoints/run_20260803_091247_full_wvote_artifact30_w0-5-10-10-0-15-30-30_strat_4err/fold_01_best.pth
2026-08-03 09:47:32,180 | [FULL    ] | INFO | full_experiments_using.model_trainers.mobile_vit_trainer | Ep [004/500] T-Acc:  51.3%  V-Acc:  53.7%  V-AUROC: 0.5306  LR: 8.00e-04
2026-08-03 09:48:00,640 | [FULL    ] | INFO | full_experiments_using.model_trainers.mobile_vit_trainer | Ep [005/500] T-Acc:  52.7%  V-Acc:  51.4%  V-AUROC: 0.5299  LR: 1.00e-03
2026-08-03 09:48:28,671 | [FULL    ] | INFO | full_experiments_using.model_trainers.mobile_vit_trainer | Ep [006/500] T-Acc:  54.6%  V-Acc:  52.3%  V-AUROC: 0.5424  LR: 1.00e-03
2026-08-03 09:48:56,708 | [FULL    ] | INFO | full_experiments_using.model_trainers.mobile_vit_trainer | Ep [007/500] T-Acc:  55.4%  V-Acc:  52.7%  V-AUROC: 0.5320  LR: 1.00e-03
2026-08-03 09:49:25,031 | [FULL    ] | INFO | full_experiments_using.model_trainers.mobile_vit_trainer | Ep [008/500] T-Acc:  54.6%  V-Acc:  52.4%  V-AUROC: 0.5408  LR: 1.00e-03
2026-08-03 09:49:52,979 | [FULL    ] | INFO | full_experiments_using.model_trainers.mobile_vit_trainer | Ep [009/500] T-Acc:  55.5%  V-Acc:  50.9%  V-AUROC: 0.5311  LR: 1.00e-03
2026-08-03 09:50:21,121 | [FULL    ] | INFO | full_experiments_using.model_trainers.mobile_vit_trainer | Ep [010/500] T-Acc:  55.9%  V-Acc:  50.0%  V-AUROC: 0.5085  LR: 1.00e-03
2026-08-03 09:50:49,202 | [FULL    ] | INFO | full_experiments_using.model_trainers.mobile_vit_trainer | Ep [011/500] T-Acc:  56.6%  V-Acc:  51.3%  V-AUROC: 0.5368  LR: 1.00e-03
2026-08-03 09:51:17,467 | [FULL    ] | INFO | full_experiments_using.model_trainers.mobile_vit_trainer | Ep [012/500] T-Acc:  58.2%  V-Acc:  50.6%  V-AUROC: 0.5265  LR: 1.00e-03
2026-08-03 09:51:45,767 | [FULL    ] | INFO | full_experiments_using.model_trainers.mobile_vit_trainer | Ep [013/500] T-Acc:  59.9%  V-Acc:  50.0%  V-AUROC: 0.5303  LR: 1.00e-03
2026-08-03 09:52:13,932 | [FULL    ] | INFO | full_experiments_using.model_trainers.mobile_vit_trainer | Ep [014/500] T-Acc:  59.7%  V-Acc:  50.3%  V-AUROC: 0.5290  LR: 1.00e-03
2026-08-03 09:52:42,045 | [FULL    ] | INFO | full_experiments_using.model_trainers.mobile_vit_trainer | Ep [015/500] T-Acc:  59.7%  V-Acc:  48.8%  V-AUROC: 0.5195  LR: 1.00e-03
2026-08-03 09:53:10,447 | [FULL    ] | INFO | full_experiments_using.model_trainers.mobile_vit_trainer | Ep [016/500] T-Acc:  60.0%  V-Acc:  50.0%  V-AUROC: 0.5275  LR: 1.00e-03
2026-08-03 09:53:38,538 | [FULL    ] | INFO | full_experiments_using.model_trainers.mobile_vit_trainer | Ep [017/500] T-Acc:  60.2%  V-Acc:  50.2%  V-AUROC: 0.5208  LR: 1.00e-03
2026-08-03 09:54:06,610 | [FULL    ] | INFO | full_experiments_using.model_trainers.mobile_vit_trainer | Ep [018/500] T-Acc:  62.1%  V-Acc:  50.0%  V-AUROC: 0.5225  LR: 2.00e-04
2026-08-03 09:54:34,713 | [FULL    ] | INFO | full_experiments_using.model_trainers.mobile_vit_trainer | Ep [019/500] T-Acc:  61.1%  V-Acc:  49.7%  V-AUROC: 0.5214  LR: 2.00e-04
2026-08-03 09:55:02,911 | [FULL    ] | INFO | full_experiments_using.model_trainers.mobile_vit_trainer | Ep [020/500] T-Acc:  60.5%  V-Acc:  50.5%  V-AUROC: 0.5237  LR: 2.00e-04
2026-08-03 09:55:31,153 | [FULL    ] | INFO | full_experiments_using.model_trainers.mobile_vit_trainer | Ep [021/500] T-Acc:  60.5%  V-Acc:  50.6%  V-AUROC: 0.5231  LR: 2.00e-04
2026-08-03 09:55:58,852 | [FULL    ] | INFO | full_experiments_using.model_trainers.mobile_vit_trainer | Ep [022/500] T-Acc:  61.0%  V-Acc:  49.8%  V-AUROC: 0.5223  LR: 2.00e-04
2026-08-03 09:56:25,064 | [FULL    ] | INFO | full_experiments_using.model_trainers.mobile_vit_trainer | Ep [023/500] T-Acc:  61.5%  V-Acc:  50.1%  V-AUROC: 0.5259  LR: 2.00e-04
2026-08-03 09:56:51,088 | [FULL    ] | INFO | full_experiments_using.model_trainers.mobile_vit_trainer | Ep [024/500] T-Acc:  60.8%  V-Acc:  49.7%  V-AUROC: 0.5226  LR: 2.00e-04
2026-08-03 09:57:19,317 | [FULL    ] | INFO | full_experiments_using.model_trainers.mobile_vit_trainer | Ep [025/500] T-Acc:  63.3%  V-Acc:  49.9%  V-AUROC: 0.5224  LR: 2.00e-04
2026-08-03 09:57:47,481 | [FULL    ] | INFO | full_experiments_using.model_trainers.mobile_vit_trainer | Ep [026/500] T-Acc:  61.9%  V-Acc:  49.5%  V-AUROC: 0.5218  LR: 2.00e-04
2026-08-03 09:58:15,465 | [FULL    ] | INFO | full_experiments_using.model_trainers.mobile_vit_trainer | Ep [027/500] T-Acc:  62.4%  V-Acc:  49.5%  V-AUROC: 0.5245  LR: 2.00e-04
2026-08-03 09:58:43,916 | [FULL    ] | INFO | full_experiments_using.model_trainers.mobile_vit_trainer | Ep [028/500] T-Acc:  60.6%  V-Acc:  49.7%  V-AUROC: 0.5241  LR: 2.00e-04
2026-08-03 09:59:12,340 | [FULL    ] | INFO | full_experiments_using.model_trainers.mobile_vit_trainer | Ep [029/500] T-Acc:  61.7%  V-Acc:  49.5%  V-AUROC: 0.5249  LR: 4.00e-05
2026-08-03 09:59:40,369 | [FULL    ] | INFO | full_experiments_using.model_trainers.mobile_vit_trainer | Ep [030/500] T-Acc:  62.3%  V-Acc:  49.7%  V-AUROC: 0.5247  LR: 4.00e-05
2026-08-03 10:00:08,707 | [FULL    ] | INFO | full_experiments_using.model_trainers.mobile_vit_trainer | Ep [031/500] T-Acc:  62.1%  V-Acc:  49.7%  V-AUROC: 0.5228  LR: 4.00e-05
2026-08-03 10:00:36,837 | [FULL    ] | INFO | full_experiments_using.model_trainers.mobile_vit_trainer | Ep [032/500] T-Acc:  60.9%  V-Acc:  49.5%  V-AUROC: 0.5240  LR: 4.00e-05
2026-08-03 10:01:04,855 | [FULL    ] | INFO | full_experiments_using.model_trainers.mobile_vit_trainer | Ep [033/500] T-Acc:  61.1%  V-Acc:  49.8%  V-AUROC: 0.5237  LR: 4.00e-05
2026-08-03 10:01:04,856 | [FULL    ] | INFO | full_experiments_using.model_trainers.mobile_vit_trainer | Early stop — best AUROC 0.5429 at epoch 3 (no improvement for 30 epochs)
2026-08-03 10:01:04,856 | [FULL    ] | INFO | full_experiments_using.model_trainers.mobile_vit_trainer | Done. Best AUROC: 0.5429 (epoch 3) → /home/oem/choihyunsu/VOGBasedMCIDetection/outputs/checkpoints/run_20260803_091247_full_wvote_artifact30_w0-5-10-10-0-15-30-30_strat_4err/fold_01_best.pth
2026-08-03 10:01:14,235 | [FULL    ] | INFO | full_experiments_using.evaluators.monte_carlo_evaluator | -> Fold 02 Result | Acc=0.818 Sens=0.857 Spec=0.750 AUROC=0.821
2026-08-03 10:01:14,241 | [FULL    ] | INFO | full_experiments_using.evaluators.monte_carlo_evaluator | === Fold 03/30 | train: 25 subj (HC=10 MCI=15) / 3777 win | test: 12 subj (HC=4 MCI=8) / 1938 win ===
2026-08-03 10:01:14,480 | [FULL    ] | INFO | httpx | HTTP Request: HEAD https://huggingface.co/apple/mobilevit-small/resolve/main/config.json "HTTP/1.1 307 Temporary Redirect"
2026-08-03 10:01:14,493 | [FULL    ] | INFO | httpx | HTTP Request: HEAD https://huggingface.co/api/resolve-cache/models/apple/mobilevit-small/6c8612545dc98676d27bc518fa521d9e9af23e34/config.json "HTTP/1.1 200 OK"
2026-08-03 10:01:14,771 | [FULL    ] | INFO | httpx | HTTP Request: HEAD https://huggingface.co/apple/mobilevit-small/resolve/main/model.safetensors "HTTP/1.1 404 Not Found"
2026-08-03 10:01:14,973 | [FULL    ] | INFO | httpx | HTTP Request: HEAD https://huggingface.co/apple/mobilevit-small/resolve/main/model.safetensors.index.json "HTTP/1.1 404 Not Found"
2026-08-03 10:01:15,185 | [FULL    ] | INFO | httpx | HTTP Request: HEAD https://huggingface.co/apple/mobilevit-small/resolve/main/pytorch_model.bin "HTTP/1.1 302 Found"
2026-08-03 10:01:15,478 | [FULL    ] | INFO | httpx | HTTP Request: HEAD https://huggingface.co/apple/mobilevit-small/resolve/main/model.safetensors "HTTP/1.1 404 Not Found"
2026-08-03 10:01:15,779 | [FULL    ] | INFO | httpx | HTTP Request: GET https://huggingface.co/api/models/apple/mobilevit-small "HTTP/1.1 200 OK"
2026-08-03 10:01:16,007 | [FULL    ] | INFO | httpx | HTTP Request: GET https://huggingface.co/api/models/apple/mobilevit-small/commits/main "HTTP/1.1 200 OK"
2026-08-03 10:01:16,225 | [FULL    ] | INFO | httpx | HTTP Request: GET https://huggingface.co/api/models/apple/mobilevit-small/discussions?p=0 "HTTP/1.1 200 OK"
2026-08-03 10:01:16,444 | [FULL    ] | INFO | httpx | HTTP Request: GET https://huggingface.co/api/models/apple/mobilevit-small/commits/refs%2Fpr%2F6 "HTTP/1.1 200 OK"
2026-08-03 10:01:16,663 | [FULL    ] | INFO | httpx | HTTP Request: HEAD https://huggingface.co/apple/mobilevit-small/resolve/refs%2Fpr%2F6/model.safetensors.index.json "HTTP/1.1 404 Not Found"
2026-08-03 10:01:16,869 | [FULL    ] | INFO | httpx | HTTP Request: HEAD https://huggingface.co/apple/mobilevit-small/resolve/refs%2Fpr%2F6/model.safetensors "HTTP/1.1 302 Found"
2026-08-03 10:01:17,659 | [FULL    ] | INFO | full_experiments_using.model_trainers.mobile_vit_trainer | Device: cuda | max_epochs=500 | batch=32 | eval_batch=256 | es_patience=30
2026-08-03 10:01:17,668 | [FULL    ] | INFO | full_experiments_using.model_trainers.mobile_vit_trainer | CE weights — HC: 1.084  MCI: 0.928
2026-08-03 10:02:01,313 | [FULL    ] | INFO | full_experiments_using.model_trainers.mobile_vit_trainer | Ep [001/500] T-Acc:  49.8%  V-Acc:  53.1%  V-AUROC: 0.5411  LR: 2.00e-04
2026-08-03 10:02:01,433 | [FULL    ] | INFO | full_experiments_using.model_trainers.mobile_vit_trainer |   ↳ new best AUROC; saved checkpoint: /home/oem/choihyunsu/VOGBasedMCIDetection/outputs/checkpoints/run_20260803_091247_full_wvote_artifact30_w0-5-10-10-0-15-30-30_strat_4err/fold_02_best.pth
2026-08-03 10:02:27,461 | [FULL    ] | INFO | full_experiments_using.model_trainers.mobile_vit_trainer | Ep [002/500] T-Acc:  51.1%  V-Acc:  53.8%  V-AUROC: 0.5370  LR: 4.00e-04
2026-08-03 10:02:55,157 | [FULL    ] | INFO | full_experiments_using.model_trainers.mobile_vit_trainer | Ep [003/500] T-Acc:  52.3%  V-Acc:  53.6%  V-AUROC: 0.5423  LR: 6.00e-04
2026-08-03 10:02:55,274 | [FULL    ] | INFO | full_experiments_using.model_trainers.mobile_vit_trainer |   ↳ new best AUROC; saved checkpoint: /home/oem/choihyunsu/VOGBasedMCIDetection/outputs/checkpoints/run_20260803_091247_full_wvote_artifact30_w0-5-10-10-0-15-30-30_strat_4err/fold_02_best.pth
2026-08-03 10:03:21,515 | [FULL    ] | INFO | full_experiments_using.model_trainers.mobile_vit_trainer | Ep [004/500] T-Acc:  53.3%  V-Acc:  51.4%  V-AUROC: 0.5413  LR: 8.00e-04
2026-08-03 10:03:49,546 | [FULL    ] | INFO | full_experiments_using.model_trainers.mobile_vit_trainer | Ep [005/500] T-Acc:  53.7%  V-Acc:  52.8%  V-AUROC: 0.5656  LR: 1.00e-03
2026-08-03 10:03:49,672 | [FULL    ] | INFO | full_experiments_using.model_trainers.mobile_vit_trainer |   ↳ new best AUROC; saved checkpoint: /home/oem/choihyunsu/VOGBasedMCIDetection/outputs/checkpoints/run_20260803_091247_full_wvote_artifact30_w0-5-10-10-0-15-30-30_strat_4err/fold_02_best.pth
2026-08-03 10:04:17,735 | [FULL    ] | INFO | full_experiments_using.model_trainers.mobile_vit_trainer | Ep [006/500] T-Acc:  54.3%  V-Acc:  53.3%  V-AUROC: 0.5521  LR: 1.00e-03
2026-08-03 10:04:45,593 | [FULL    ] | INFO | full_experiments_using.model_trainers.mobile_vit_trainer | Ep [007/500] T-Acc:  55.5%  V-Acc:  52.9%  V-AUROC: 0.5515  LR: 1.00e-03
2026-08-03 10:05:13,681 | [FULL    ] | INFO | full_experiments_using.model_trainers.mobile_vit_trainer | Ep [008/500] T-Acc:  55.1%  V-Acc:  51.8%  V-AUROC: 0.5479  LR: 1.00e-03
2026-08-03 10:05:40,136 | [FULL    ] | INFO | full_experiments_using.model_trainers.mobile_vit_trainer | Ep [009/500] T-Acc:  56.1%  V-Acc:  51.2%  V-AUROC: 0.5496  LR: 1.00e-03
2026-08-03 10:06:07,444 | [FULL    ] | INFO | full_experiments_using.model_trainers.mobile_vit_trainer | Ep [010/500] T-Acc:  58.5%  V-Acc:  53.5%  V-AUROC: 0.5575  LR: 1.00e-03
2026-08-03 10:06:33,731 | [FULL    ] | INFO | full_experiments_using.model_trainers.mobile_vit_trainer | Ep [011/500] T-Acc:  57.3%  V-Acc:  52.2%  V-AUROC: 0.5569  LR: 1.00e-03
2026-08-03 10:07:01,552 | [FULL    ] | INFO | full_experiments_using.model_trainers.mobile_vit_trainer | Ep [012/500] T-Acc:  58.2%  V-Acc:  52.3%  V-AUROC: 0.5570  LR: 1.00e-03
2026-08-03 10:07:29,782 | [FULL    ] | INFO | full_experiments_using.model_trainers.mobile_vit_trainer | Ep [013/500] T-Acc:  58.0%  V-Acc:  54.0%  V-AUROC: 0.5644  LR: 1.00e-03
2026-08-03 10:07:57,386 | [FULL    ] | INFO | full_experiments_using.model_trainers.mobile_vit_trainer | Ep [014/500] T-Acc:  58.6%  V-Acc:  52.7%  V-AUROC: 0.5679  LR: 1.00e-03
2026-08-03 10:07:57,535 | [FULL    ] | INFO | full_experiments_using.model_trainers.mobile_vit_trainer |   ↳ new best AUROC; saved checkpoint: /home/oem/choihyunsu/VOGBasedMCIDetection/outputs/checkpoints/run_20260803_091247_full_wvote_artifact30_w0-5-10-10-0-15-30-30_strat_4err/fold_02_best.pth
2026-08-03 10:08:25,411 | [FULL    ] | INFO | full_experiments_using.model_trainers.mobile_vit_trainer | Ep [015/500] T-Acc:  59.6%  V-Acc:  52.6%  V-AUROC: 0.5636  LR: 1.00e-03
2026-08-03 10:08:53,186 | [FULL    ] | INFO | full_experiments_using.model_trainers.mobile_vit_trainer | Ep [016/500] T-Acc:  59.7%  V-Acc:  51.9%  V-AUROC: 0.5661  LR: 1.00e-03
2026-08-03 10:09:21,196 | [FULL    ] | INFO | full_experiments_using.model_trainers.mobile_vit_trainer | Ep [017/500] T-Acc:  59.7%  V-Acc:  54.5%  V-AUROC: 0.5667  LR: 1.00e-03
2026-08-03 10:09:49,143 | [FULL    ] | INFO | full_experiments_using.model_trainers.mobile_vit_trainer | Ep [018/500] T-Acc:  59.2%  V-Acc:  54.1%  V-AUROC: 0.5698  LR: 1.00e-03
2026-08-03 10:09:49,265 | [FULL    ] | INFO | full_experiments_using.model_trainers.mobile_vit_trainer |   ↳ new best AUROC; saved checkpoint: /home/oem/choihyunsu/VOGBasedMCIDetection/outputs/checkpoints/run_20260803_091247_full_wvote_artifact30_w0-5-10-10-0-15-30-30_strat_4err/fold_02_best.pth
2026-08-03 10:10:17,182 | [FULL    ] | INFO | full_experiments_using.model_trainers.mobile_vit_trainer | Ep [019/500] T-Acc:  59.1%  V-Acc:  52.3%  V-AUROC: 0.5601  LR: 1.00e-03
2026-08-03 10:10:45,379 | [FULL    ] | INFO | full_experiments_using.model_trainers.mobile_vit_trainer | Ep [020/500] T-Acc:  59.7%  V-Acc:  54.4%  V-AUROC: 0.5663  LR: 1.00e-03
2026-08-03 10:11:13,309 | [FULL    ] | INFO | full_experiments_using.model_trainers.mobile_vit_trainer | Ep [021/500] T-Acc:  61.4%  V-Acc:  53.3%  V-AUROC: 0.5628  LR: 1.00e-03
2026-08-03 10:11:41,049 | [FULL    ] | INFO | full_experiments_using.model_trainers.mobile_vit_trainer | Ep [022/500] T-Acc:  62.0%  V-Acc:  52.1%  V-AUROC: 0.5594  LR: 1.00e-03
2026-08-03 10:12:09,222 | [FULL    ] | INFO | full_experiments_using.model_trainers.mobile_vit_trainer | Ep [023/500] T-Acc:  61.1%  V-Acc:  53.4%  V-AUROC: 0.5710  LR: 1.00e-03
2026-08-03 10:12:09,339 | [FULL    ] | INFO | full_experiments_using.model_trainers.mobile_vit_trainer |   ↳ new best AUROC; saved checkpoint: /home/oem/choihyunsu/VOGBasedMCIDetection/outputs/checkpoints/run_20260803_091247_full_wvote_artifact30_w0-5-10-10-0-15-30-30_strat_4err/fold_02_best.pth
2026-08-03 10:12:37,128 | [FULL    ] | INFO | full_experiments_using.model_trainers.mobile_vit_trainer | Ep [024/500] T-Acc:  62.0%  V-Acc:  53.2%  V-AUROC: 0.5624  LR: 1.00e-03
2026-08-03 10:13:05,015 | [FULL    ] | INFO | full_experiments_using.model_trainers.mobile_vit_trainer | Ep [025/500] T-Acc:  62.4%  V-Acc:  53.1%  V-AUROC: 0.5586  LR: 1.00e-03
2026-08-03 10:13:32,728 | [FULL    ] | INFO | full_experiments_using.model_trainers.mobile_vit_trainer | Ep [026/500] T-Acc:  61.2%  V-Acc:  51.9%  V-AUROC: 0.5567  LR: 1.00e-03
2026-08-03 10:14:00,484 | [FULL    ] | INFO | full_experiments_using.model_trainers.mobile_vit_trainer | Ep [027/500] T-Acc:  61.3%  V-Acc:  53.3%  V-AUROC: 0.5628  LR: 1.00e-03
2026-08-03 10:14:28,361 | [FULL    ] | INFO | full_experiments_using.model_trainers.mobile_vit_trainer | Ep [028/500] T-Acc:  62.0%  V-Acc:  51.4%  V-AUROC: 0.5500  LR: 1.00e-03
2026-08-03 10:14:56,389 | [FULL    ] | INFO | full_experiments_using.model_trainers.mobile_vit_trainer | Ep [029/500] T-Acc:  61.8%  V-Acc:  51.3%  V-AUROC: 0.5578  LR: 1.00e-03
2026-08-03 10:15:24,342 | [FULL    ] | INFO | full_experiments_using.model_trainers.mobile_vit_trainer | Ep [030/500] T-Acc:  61.1%  V-Acc:  52.0%  V-AUROC: 0.5625  LR: 1.00e-03
2026-08-03 10:15:52,313 | [FULL    ] | INFO | full_experiments_using.model_trainers.mobile_vit_trainer | Ep [031/500] T-Acc:  63.2%  V-Acc:  50.3%  V-AUROC: 0.5525  LR: 1.00e-03
2026-08-03 10:16:20,206 | [FULL    ] | INFO | full_experiments_using.model_trainers.mobile_vit_trainer | Ep [032/500] T-Acc:  62.9%  V-Acc:  51.7%  V-AUROC: 0.5566  LR: 1.00e-03
2026-08-03 10:16:47,946 | [FULL    ] | INFO | full_experiments_using.model_trainers.mobile_vit_trainer | Ep [033/500] T-Acc:  63.1%  V-Acc:  51.8%  V-AUROC: 0.5496  LR: 1.00e-03
2026-08-03 10:17:15,828 | [FULL    ] | INFO | full_experiments_using.model_trainers.mobile_vit_trainer | Ep [034/500] T-Acc:  62.6%  V-Acc:  51.8%  V-AUROC: 0.5614  LR: 1.00e-03
2026-08-03 10:17:43,799 | [FULL    ] | INFO | full_experiments_using.model_trainers.mobile_vit_trainer | Ep [035/500] T-Acc:  63.3%  V-Acc:  52.4%  V-AUROC: 0.5616  LR: 2.00e-04
2026-08-03 10:18:12,218 | [FULL    ] | INFO | full_experiments_using.model_trainers.mobile_vit_trainer | Ep [036/500] T-Acc:  62.9%  V-Acc:  52.2%  V-AUROC: 0.5628  LR: 2.00e-04
2026-08-03 10:18:39,831 | [FULL    ] | INFO | full_experiments_using.model_trainers.mobile_vit_trainer | Ep [037/500] T-Acc:  62.3%  V-Acc:  52.7%  V-AUROC: 0.5630  LR: 2.00e-04
2026-08-03 10:19:07,748 | [FULL    ] | INFO | full_experiments_using.model_trainers.mobile_vit_trainer | Ep [038/500] T-Acc:  62.5%  V-Acc:  51.9%  V-AUROC: 0.5646  LR: 2.00e-04
2026-08-03 10:19:35,750 | [FULL    ] | INFO | full_experiments_using.model_trainers.mobile_vit_trainer | Ep [039/500] T-Acc:  63.2%  V-Acc:  52.7%  V-AUROC: 0.5617  LR: 2.00e-04
2026-08-03 10:20:03,739 | [FULL    ] | INFO | full_experiments_using.model_trainers.mobile_vit_trainer | Ep [040/500] T-Acc:  63.8%  V-Acc:  53.5%  V-AUROC: 0.5631  LR: 2.00e-04
2026-08-03 10:20:31,803 | [FULL    ] | INFO | full_experiments_using.model_trainers.mobile_vit_trainer | Ep [041/500] T-Acc:  63.9%  V-Acc:  52.6%  V-AUROC: 0.5659  LR: 2.00e-04
2026-08-03 10:20:57,971 | [FULL    ] | INFO | full_experiments_using.model_trainers.mobile_vit_trainer | Ep [042/500] T-Acc:  62.8%  V-Acc:  52.2%  V-AUROC: 0.5635  LR: 2.00e-04
2026-08-03 10:21:24,658 | [FULL    ] | INFO | full_experiments_using.model_trainers.mobile_vit_trainer | Ep [043/500] T-Acc:  62.4%  V-Acc:  52.5%  V-AUROC: 0.5631  LR: 2.00e-04
2026-08-03 10:21:51,903 | [FULL    ] | INFO | full_experiments_using.model_trainers.mobile_vit_trainer | Ep [044/500] T-Acc:  63.6%  V-Acc:  52.5%  V-AUROC: 0.5647  LR: 2.00e-04
2026-08-03 10:22:19,716 | [FULL    ] | INFO | full_experiments_using.model_trainers.mobile_vit_trainer | Ep [045/500] T-Acc:  63.6%  V-Acc:  52.1%  V-AUROC: 0.5630  LR: 2.00e-04
2026-08-03 10:22:47,699 | [FULL    ] | INFO | full_experiments_using.model_trainers.mobile_vit_trainer | Ep [046/500] T-Acc:  63.2%  V-Acc:  52.1%  V-AUROC: 0.5654  LR: 4.00e-05
2026-08-03 10:23:15,599 | [FULL    ] | INFO | full_experiments_using.model_trainers.mobile_vit_trainer | Ep [047/500] T-Acc:  64.2%  V-Acc:  52.1%  V-AUROC: 0.5651  LR: 4.00e-05
2026-08-03 10:23:41,733 | [FULL    ] | INFO | full_experiments_using.model_trainers.mobile_vit_trainer | Ep [048/500] T-Acc:  63.9%  V-Acc:  52.8%  V-AUROC: 0.5644  LR: 4.00e-05
2026-08-03 10:24:07,379 | [FULL    ] | INFO | full_experiments_using.model_trainers.mobile_vit_trainer | Ep [049/500] T-Acc:  63.7%  V-Acc:  52.3%  V-AUROC: 0.5646  LR: 4.00e-05
2026-08-03 10:24:35,238 | [FULL    ] | INFO | full_experiments_using.model_trainers.mobile_vit_trainer | Ep [050/500] T-Acc:  64.2%  V-Acc:  52.9%  V-AUROC: 0.5654  LR: 4.00e-05
2026-08-03 10:25:03,128 | [FULL    ] | INFO | full_experiments_using.model_trainers.mobile_vit_trainer | Ep [051/500] T-Acc:  63.8%  V-Acc:  52.6%  V-AUROC: 0.5654  LR: 4.00e-05
2026-08-03 10:25:30,899 | [FULL    ] | INFO | full_experiments_using.model_trainers.mobile_vit_trainer | Ep [052/500] T-Acc:  63.2%  V-Acc:  52.2%  V-AUROC: 0.5654  LR: 4.00e-05
2026-08-03 10:25:58,751 | [FULL    ] | INFO | full_experiments_using.model_trainers.mobile_vit_trainer | Ep [053/500] T-Acc:  63.9%  V-Acc:  51.8%  V-AUROC: 0.5646  LR: 4.00e-05
2026-08-03 10:25:58,751 | [FULL    ] | INFO | full_experiments_using.model_trainers.mobile_vit_trainer | Early stop — best AUROC 0.5710 at epoch 23 (no improvement for 30 epochs)
2026-08-03 10:25:58,751 | [FULL    ] | INFO | full_experiments_using.model_trainers.mobile_vit_trainer | Done. Best AUROC: 0.5710 (epoch 23) → /home/oem/choihyunsu/VOGBasedMCIDetection/outputs/checkpoints/run_20260803_091247_full_wvote_artifact30_w0-5-10-10-0-15-30-30_strat_4err/fold_02_best.pth
2026-08-03 10:26:08,748 | [FULL    ] | INFO | full_experiments_using.evaluators.monte_carlo_evaluator | -> Fold 03 Result | Acc=0.545 Sens=0.286 Spec=1.000 AUROC=0.929
2026-08-03 10:26:08,762 | [FULL    ] | INFO | full_experiments_using.evaluators.monte_carlo_evaluator | === Fold 04/30 | train: 25 subj (HC=10 MCI=15) / 3820 win | test: 12 subj (HC=4 MCI=8) / 1895 win ===
2026-08-03 10:26:08,995 | [FULL    ] | INFO | httpx | HTTP Request: HEAD https://huggingface.co/apple/mobilevit-small/resolve/main/config.json "HTTP/1.1 307 Temporary Redirect"
2026-08-03 10:26:09,008 | [FULL    ] | INFO | httpx | HTTP Request: HEAD https://huggingface.co/api/resolve-cache/models/apple/mobilevit-small/6c8612545dc98676d27bc518fa521d9e9af23e34/config.json "HTTP/1.1 200 OK"
2026-08-03 10:26:09,288 | [FULL    ] | INFO | httpx | HTTP Request: HEAD https://huggingface.co/apple/mobilevit-small/resolve/main/model.safetensors "HTTP/1.1 404 Not Found"
2026-08-03 10:26:09,490 | [FULL    ] | INFO | httpx | HTTP Request: HEAD https://huggingface.co/apple/mobilevit-small/resolve/main/model.safetensors.index.json "HTTP/1.1 404 Not Found"
2026-08-03 10:26:09,709 | [FULL    ] | INFO | httpx | HTTP Request: HEAD https://huggingface.co/apple/mobilevit-small/resolve/main/pytorch_model.bin "HTTP/1.1 302 Found"
2026-08-03 10:26:09,916 | [FULL    ] | INFO | httpx | HTTP Request: HEAD https://huggingface.co/apple/mobilevit-small/resolve/main/model.safetensors "HTTP/1.1 404 Not Found"
2026-08-03 10:26:10,127 | [FULL    ] | INFO | httpx | HTTP Request: GET https://huggingface.co/api/models/apple/mobilevit-small "HTTP/1.1 200 OK"
2026-08-03 10:26:10,496 | [FULL    ] | INFO | httpx | HTTP Request: GET https://huggingface.co/api/models/apple/mobilevit-small/commits/main "HTTP/1.1 200 OK"
2026-08-03 10:26:10,714 | [FULL    ] | INFO | httpx | HTTP Request: GET https://huggingface.co/api/models/apple/mobilevit-small/discussions?p=0 "HTTP/1.1 200 OK"
2026-08-03 10:26:10,939 | [FULL    ] | INFO | httpx | HTTP Request: GET https://huggingface.co/api/models/apple/mobilevit-small/commits/refs%2Fpr%2F6 "HTTP/1.1 200 OK"
2026-08-03 10:26:11,143 | [FULL    ] | INFO | httpx | HTTP Request: HEAD https://huggingface.co/apple/mobilevit-small/resolve/refs%2Fpr%2F6/model.safetensors.index.json "HTTP/1.1 404 Not Found"
2026-08-03 10:26:11,352 | [FULL    ] | INFO | httpx | HTTP Request: HEAD https://huggingface.co/apple/mobilevit-small/resolve/refs%2Fpr%2F6/model.safetensors "HTTP/1.1 302 Found"
2026-08-03 10:26:12,084 | [FULL    ] | INFO | full_experiments_using.model_trainers.mobile_vit_trainer | Device: cuda | max_epochs=500 | batch=32 | eval_batch=256 | es_patience=30
2026-08-03 10:26:12,097 | [FULL    ] | INFO | full_experiments_using.model_trainers.mobile_vit_trainer | CE weights — HC: 1.082  MCI: 0.930
2026-08-03 10:26:53,696 | [FULL    ] | INFO | full_experiments_using.model_trainers.mobile_vit_trainer | Ep [001/500] T-Acc:  49.4%  V-Acc:  47.1%  V-AUROC: 0.5027  LR: 2.00e-04
2026-08-03 10:26:53,806 | [FULL    ] | INFO | full_experiments_using.model_trainers.mobile_vit_trainer |   ↳ new best AUROC; saved checkpoint: /home/oem/choihyunsu/VOGBasedMCIDetection/outputs/checkpoints/run_20260803_091247_full_wvote_artifact30_w0-5-10-10-0-15-30-30_strat_4err/fold_03_best.pth
2026-08-03 10:27:20,018 | [FULL    ] | INFO | full_experiments_using.model_trainers.mobile_vit_trainer | Ep [002/500] T-Acc:  51.6%  V-Acc:  48.2%  V-AUROC: 0.5045  LR: 4.00e-04
2026-08-03 10:27:20,136 | [FULL    ] | INFO | full_experiments_using.model_trainers.mobile_vit_trainer |   ↳ new best AUROC; saved checkpoint: /home/oem/choihyunsu/VOGBasedMCIDetection/outputs/checkpoints/run_20260803_091247_full_wvote_artifact30_w0-5-10-10-0-15-30-30_strat_4err/fold_03_best.pth
2026-08-03 10:27:47,801 | [FULL    ] | INFO | full_experiments_using.model_trainers.mobile_vit_trainer | Ep [003/500] T-Acc:  50.6%  V-Acc:  51.2%  V-AUROC: 0.5174  LR: 6.00e-04
2026-08-03 10:27:47,918 | [FULL    ] | INFO | full_experiments_using.model_trainers.mobile_vit_trainer |   ↳ new best AUROC; saved checkpoint: /home/oem/choihyunsu/VOGBasedMCIDetection/outputs/checkpoints/run_20260803_091247_full_wvote_artifact30_w0-5-10-10-0-15-30-30_strat_4err/fold_03_best.pth
2026-08-03 10:28:14,386 | [FULL    ] | INFO | full_experiments_using.model_trainers.mobile_vit_trainer | Ep [004/500] T-Acc:  52.7%  V-Acc:  50.7%  V-AUROC: 0.5179  LR: 8.00e-04
2026-08-03 10:28:14,630 | [FULL    ] | INFO | full_experiments_using.model_trainers.mobile_vit_trainer |   ↳ new best AUROC; saved checkpoint: /home/oem/choihyunsu/VOGBasedMCIDetection/outputs/checkpoints/run_20260803_091247_full_wvote_artifact30_w0-5-10-10-0-15-30-30_strat_4err/fold_03_best.pth
2026-08-03 10:28:42,632 | [FULL    ] | INFO | full_experiments_using.model_trainers.mobile_vit_trainer | Ep [005/500] T-Acc:  52.2%  V-Acc:  50.7%  V-AUROC: 0.5186  LR: 1.00e-03
2026-08-03 10:28:42,750 | [FULL    ] | INFO | full_experiments_using.model_trainers.mobile_vit_trainer |   ↳ new best AUROC; saved checkpoint: /home/oem/choihyunsu/VOGBasedMCIDetection/outputs/checkpoints/run_20260803_091247_full_wvote_artifact30_w0-5-10-10-0-15-30-30_strat_4err/fold_03_best.pth
2026-08-03 10:29:10,762 | [FULL    ] | INFO | full_experiments_using.model_trainers.mobile_vit_trainer | Ep [006/500] T-Acc:  53.7%  V-Acc:  53.4%  V-AUROC: 0.5574  LR: 1.00e-03
2026-08-03 10:29:10,878 | [FULL    ] | INFO | full_experiments_using.model_trainers.mobile_vit_trainer |   ↳ new best AUROC; saved checkpoint: /home/oem/choihyunsu/VOGBasedMCIDetection/outputs/checkpoints/run_20260803_091247_full_wvote_artifact30_w0-5-10-10-0-15-30-30_strat_4err/fold_03_best.pth
2026-08-03 10:29:38,821 | [FULL    ] | INFO | full_experiments_using.model_trainers.mobile_vit_trainer | Ep [007/500] T-Acc:  54.1%  V-Acc:  52.9%  V-AUROC: 0.5476  LR: 1.00e-03
2026-08-03 10:30:06,968 | [FULL    ] | INFO | full_experiments_using.model_trainers.mobile_vit_trainer | Ep [008/500] T-Acc:  56.1%  V-Acc:  52.1%  V-AUROC: 0.5408  LR: 1.00e-03
2026-08-03 10:30:35,031 | [FULL    ] | INFO | full_experiments_using.model_trainers.mobile_vit_trainer | Ep [009/500] T-Acc:  56.0%  V-Acc:  54.0%  V-AUROC: 0.5658  LR: 1.00e-03
2026-08-03 10:30:35,185 | [FULL    ] | INFO | full_experiments_using.model_trainers.mobile_vit_trainer |   ↳ new best AUROC; saved checkpoint: /home/oem/choihyunsu/VOGBasedMCIDetection/outputs/checkpoints/run_20260803_091247_full_wvote_artifact30_w0-5-10-10-0-15-30-30_strat_4err/fold_03_best.pth
2026-08-03 10:31:03,270 | [FULL    ] | INFO | full_experiments_using.model_trainers.mobile_vit_trainer | Ep [010/500] T-Acc:  54.5%  V-Acc:  51.8%  V-AUROC: 0.5538  LR: 1.00e-03
2026-08-03 10:31:31,302 | [FULL    ] | INFO | full_experiments_using.model_trainers.mobile_vit_trainer | Ep [011/500] T-Acc:  56.2%  V-Acc:  54.5%  V-AUROC: 0.5766  LR: 1.00e-03
2026-08-03 10:31:31,480 | [FULL    ] | INFO | full_experiments_using.model_trainers.mobile_vit_trainer |   ↳ new best AUROC; saved checkpoint: /home/oem/choihyunsu/VOGBasedMCIDetection/outputs/checkpoints/run_20260803_091247_full_wvote_artifact30_w0-5-10-10-0-15-30-30_strat_4err/fold_03_best.pth
2026-08-03 10:31:59,355 | [FULL    ] | INFO | full_experiments_using.model_trainers.mobile_vit_trainer | Ep [012/500] T-Acc:  56.0%  V-Acc:  55.0%  V-AUROC: 0.5785  LR: 1.00e-03
2026-08-03 10:31:59,517 | [FULL    ] | INFO | full_experiments_using.model_trainers.mobile_vit_trainer |   ↳ new best AUROC; saved checkpoint: /home/oem/choihyunsu/VOGBasedMCIDetection/outputs/checkpoints/run_20260803_091247_full_wvote_artifact30_w0-5-10-10-0-15-30-30_strat_4err/fold_03_best.pth
2026-08-03 10:32:27,682 | [FULL    ] | INFO | full_experiments_using.model_trainers.mobile_vit_trainer | Ep [013/500] T-Acc:  56.4%  V-Acc:  53.8%  V-AUROC: 0.5842  LR: 1.00e-03
2026-08-03 10:32:27,983 | [FULL    ] | INFO | full_experiments_using.model_trainers.mobile_vit_trainer |   ↳ new best AUROC; saved checkpoint: /home/oem/choihyunsu/VOGBasedMCIDetection/outputs/checkpoints/run_20260803_091247_full_wvote_artifact30_w0-5-10-10-0-15-30-30_strat_4err/fold_03_best.pth
2026-08-03 10:32:56,060 | [FULL    ] | INFO | full_experiments_using.model_trainers.mobile_vit_trainer | Ep [014/500] T-Acc:  57.1%  V-Acc:  52.8%  V-AUROC: 0.5755  LR: 1.00e-03
2026-08-03 10:33:24,199 | [FULL    ] | INFO | full_experiments_using.model_trainers.mobile_vit_trainer | Ep [015/500] T-Acc:  56.7%  V-Acc:  54.7%  V-AUROC: 0.5806  LR: 1.00e-03
2026-08-03 10:33:52,601 | [FULL    ] | INFO | full_experiments_using.model_trainers.mobile_vit_trainer | Ep [016/500] T-Acc:  57.5%  V-Acc:  53.7%  V-AUROC: 0.5760  LR: 1.00e-03
2026-08-03 10:34:20,683 | [FULL    ] | INFO | full_experiments_using.model_trainers.mobile_vit_trainer | Ep [017/500] T-Acc:  56.7%  V-Acc:  54.1%  V-AUROC: 0.5858  LR: 1.00e-03
2026-08-03 10:34:20,839 | [FULL    ] | INFO | full_experiments_using.model_trainers.mobile_vit_trainer |   ↳ new best AUROC; saved checkpoint: /home/oem/choihyunsu/VOGBasedMCIDetection/outputs/checkpoints/run_20260803_091247_full_wvote_artifact30_w0-5-10-10-0-15-30-30_strat_4err/fold_03_best.pth
2026-08-03 10:34:49,025 | [FULL    ] | INFO | full_experiments_using.model_trainers.mobile_vit_trainer | Ep [018/500] T-Acc:  57.7%  V-Acc:  53.9%  V-AUROC: 0.5797  LR: 1.00e-03
2026-08-03 10:35:17,120 | [FULL    ] | INFO | full_experiments_using.model_trainers.mobile_vit_trainer | Ep [019/500] T-Acc:  59.2%  V-Acc:  55.7%  V-AUROC: 0.5969  LR: 1.00e-03
2026-08-03 10:35:17,245 | [FULL    ] | INFO | full_experiments_using.model_trainers.mobile_vit_trainer |   ↳ new best AUROC; saved checkpoint: /home/oem/choihyunsu/VOGBasedMCIDetection/outputs/checkpoints/run_20260803_091247_full_wvote_artifact30_w0-5-10-10-0-15-30-30_strat_4err/fold_03_best.pth
2026-08-03 10:35:45,242 | [FULL    ] | INFO | full_experiments_using.model_trainers.mobile_vit_trainer | Ep [020/500] T-Acc:  58.1%  V-Acc:  54.6%  V-AUROC: 0.5969  LR: 1.00e-03
2026-08-03 10:36:13,591 | [FULL    ] | INFO | full_experiments_using.model_trainers.mobile_vit_trainer | Ep [021/500] T-Acc:  59.9%  V-Acc:  55.5%  V-AUROC: 0.5985  LR: 1.00e-03
2026-08-03 10:36:13,719 | [FULL    ] | INFO | full_experiments_using.model_trainers.mobile_vit_trainer |   ↳ new best AUROC; saved checkpoint: /home/oem/choihyunsu/VOGBasedMCIDetection/outputs/checkpoints/run_20260803_091247_full_wvote_artifact30_w0-5-10-10-0-15-30-30_strat_4err/fold_03_best.pth
2026-08-03 10:36:42,112 | [FULL    ] | INFO | full_experiments_using.model_trainers.mobile_vit_trainer | Ep [022/500] T-Acc:  59.3%  V-Acc:  54.7%  V-AUROC: 0.5979  LR: 1.00e-03
2026-08-03 10:37:10,331 | [FULL    ] | INFO | full_experiments_using.model_trainers.mobile_vit_trainer | Ep [023/500] T-Acc:  60.0%  V-Acc:  55.7%  V-AUROC: 0.5946  LR: 1.00e-03
2026-08-03 10:37:38,504 | [FULL    ] | INFO | full_experiments_using.model_trainers.mobile_vit_trainer | Ep [024/500] T-Acc:  60.1%  V-Acc:  56.1%  V-AUROC: 0.5972  LR: 1.00e-03
2026-08-03 10:38:06,741 | [FULL    ] | INFO | full_experiments_using.model_trainers.mobile_vit_trainer | Ep [025/500] T-Acc:  59.5%  V-Acc:  55.4%  V-AUROC: 0.5827  LR: 1.00e-03
2026-08-03 10:38:34,938 | [FULL    ] | INFO | full_experiments_using.model_trainers.mobile_vit_trainer | Ep [026/500] T-Acc:  59.5%  V-Acc:  53.9%  V-AUROC: 0.5875  LR: 1.00e-03
2026-08-03 10:39:03,077 | [FULL    ] | INFO | full_experiments_using.model_trainers.mobile_vit_trainer | Ep [027/500] T-Acc:  59.4%  V-Acc:  55.3%  V-AUROC: 0.5910  LR: 1.00e-03
2026-08-03 10:39:31,265 | [FULL    ] | INFO | full_experiments_using.model_trainers.mobile_vit_trainer | Ep [028/500] T-Acc:  58.6%  V-Acc:  55.7%  V-AUROC: 0.5976  LR: 1.00e-03
2026-08-03 10:39:59,213 | [FULL    ] | INFO | full_experiments_using.model_trainers.mobile_vit_trainer | Ep [029/500] T-Acc:  58.9%  V-Acc:  54.0%  V-AUROC: 0.5871  LR: 1.00e-03
2026-08-03 10:40:27,333 | [FULL    ] | INFO | full_experiments_using.model_trainers.mobile_vit_trainer | Ep [030/500] T-Acc:  60.4%  V-Acc:  54.7%  V-AUROC: 0.5834  LR: 1.00e-03
2026-08-03 10:40:55,360 | [FULL    ] | INFO | full_experiments_using.model_trainers.mobile_vit_trainer | Ep [031/500] T-Acc:  60.6%  V-Acc:  55.2%  V-AUROC: 0.5816  LR: 1.00e-03
2026-08-03 10:41:23,474 | [FULL    ] | INFO | full_experiments_using.model_trainers.mobile_vit_trainer | Ep [032/500] T-Acc:  60.7%  V-Acc:  53.4%  V-AUROC: 0.5848  LR: 1.00e-03
2026-08-03 10:41:51,853 | [FULL    ] | INFO | full_experiments_using.model_trainers.mobile_vit_trainer | Ep [033/500] T-Acc:  60.2%  V-Acc:  53.5%  V-AUROC: 0.5878  LR: 2.00e-04
2026-08-03 10:42:19,952 | [FULL    ] | INFO | full_experiments_using.model_trainers.mobile_vit_trainer | Ep [034/500] T-Acc:  61.6%  V-Acc:  52.5%  V-AUROC: 0.5858  LR: 2.00e-04
2026-08-03 10:42:48,068 | [FULL    ] | INFO | full_experiments_using.model_trainers.mobile_vit_trainer | Ep [035/500] T-Acc:  60.5%  V-Acc:  54.1%  V-AUROC: 0.5834  LR: 2.00e-04
2026-08-03 10:43:14,526 | [FULL    ] | INFO | full_experiments_using.model_trainers.mobile_vit_trainer | Ep [036/500] T-Acc:  60.2%  V-Acc:  53.6%  V-AUROC: 0.5836  LR: 2.00e-04
2026-08-03 10:43:40,605 | [FULL    ] | INFO | full_experiments_using.model_trainers.mobile_vit_trainer | Ep [037/500] T-Acc:  60.0%  V-Acc:  53.3%  V-AUROC: 0.5826  LR: 2.00e-04
2026-08-03 10:44:08,516 | [FULL    ] | INFO | full_experiments_using.model_trainers.mobile_vit_trainer | Ep [038/500] T-Acc:  60.8%  V-Acc:  54.1%  V-AUROC: 0.5862  LR: 2.00e-04
2026-08-03 10:44:36,510 | [FULL    ] | INFO | full_experiments_using.model_trainers.mobile_vit_trainer | Ep [039/500] T-Acc:  60.7%  V-Acc:  54.4%  V-AUROC: 0.5821  LR: 2.00e-04
2026-08-03 10:45:03,100 | [FULL    ] | INFO | full_experiments_using.model_trainers.mobile_vit_trainer | Ep [040/500] T-Acc:  60.8%  V-Acc:  54.3%  V-AUROC: 0.5830  LR: 2.00e-04
2026-08-03 10:45:30,337 | [FULL    ] | INFO | full_experiments_using.model_trainers.mobile_vit_trainer | Ep [041/500] T-Acc:  60.1%  V-Acc:  54.2%  V-AUROC: 0.5830  LR: 2.00e-04
2026-08-03 10:45:56,878 | [FULL    ] | INFO | full_experiments_using.model_trainers.mobile_vit_trainer | Ep [042/500] T-Acc:  60.3%  V-Acc:  54.8%  V-AUROC: 0.5828  LR: 2.00e-04
2026-08-03 10:46:24,876 | [FULL    ] | INFO | full_experiments_using.model_trainers.mobile_vit_trainer | Ep [043/500] T-Acc:  62.2%  V-Acc:  54.9%  V-AUROC: 0.5857  LR: 2.00e-04
2026-08-03 10:46:53,136 | [FULL    ] | INFO | full_experiments_using.model_trainers.mobile_vit_trainer | Ep [044/500] T-Acc:  61.6%  V-Acc:  55.4%  V-AUROC: 0.5827  LR: 4.00e-05
2026-08-03 10:47:21,155 | [FULL    ] | INFO | full_experiments_using.model_trainers.mobile_vit_trainer | Ep [045/500] T-Acc:  61.0%  V-Acc:  55.1%  V-AUROC: 0.5852  LR: 4.00e-05
2026-08-03 10:47:47,163 | [FULL    ] | INFO | full_experiments_using.model_trainers.mobile_vit_trainer | Ep [046/500] T-Acc:  60.9%  V-Acc:  55.3%  V-AUROC: 0.5846  LR: 4.00e-05
2026-08-03 10:48:12,846 | [FULL    ] | INFO | full_experiments_using.model_trainers.mobile_vit_trainer | Ep [047/500] T-Acc:  61.7%  V-Acc:  54.1%  V-AUROC: 0.5843  LR: 4.00e-05
2026-08-03 10:48:40,913 | [FULL    ] | INFO | full_experiments_using.model_trainers.mobile_vit_trainer | Ep [048/500] T-Acc:  61.0%  V-Acc:  55.5%  V-AUROC: 0.5846  LR: 4.00e-05
2026-08-03 10:49:09,035 | [FULL    ] | INFO | full_experiments_using.model_trainers.mobile_vit_trainer | Ep [049/500] T-Acc:  60.7%  V-Acc:  53.0%  V-AUROC: 0.5860  LR: 4.00e-05
2026-08-03 10:49:36,997 | [FULL    ] | INFO | full_experiments_using.model_trainers.mobile_vit_trainer | Ep [050/500] T-Acc:  61.6%  V-Acc:  54.4%  V-AUROC: 0.5872  LR: 4.00e-05
2026-08-03 10:50:05,315 | [FULL    ] | INFO | full_experiments_using.model_trainers.mobile_vit_trainer | Ep [051/500] T-Acc:  61.3%  V-Acc:  53.4%  V-AUROC: 0.5871  LR: 4.00e-05
2026-08-03 10:50:05,315 | [FULL    ] | INFO | full_experiments_using.model_trainers.mobile_vit_trainer | Early stop — best AUROC 0.5985 at epoch 21 (no improvement for 30 epochs)
2026-08-03 10:50:05,315 | [FULL    ] | INFO | full_experiments_using.model_trainers.mobile_vit_trainer | Done. Best AUROC: 0.5985 (epoch 21) → /home/oem/choihyunsu/VOGBasedMCIDetection/outputs/checkpoints/run_20260803_091247_full_wvote_artifact30_w0-5-10-10-0-15-30-30_strat_4err/fold_03_best.pth
2026-08-03 10:50:14,911 | [FULL    ] | INFO | full_experiments_using.evaluators.monte_carlo_evaluator | -> Fold 04 Result | Acc=0.636 Sens=0.714 Spec=0.500 AUROC=0.786
2026-08-03 10:50:14,918 | [FULL    ] | INFO | full_experiments_using.evaluators.monte_carlo_evaluator | === Fold 05/30 | train: 25 subj (HC=10 MCI=15) / 3894 win | test: 12 subj (HC=4 MCI=8) / 1821 win ===
2026-08-03 10:50:15,147 | [FULL    ] | INFO | httpx | HTTP Request: HEAD https://huggingface.co/apple/mobilevit-small/resolve/main/config.json "HTTP/1.1 307 Temporary Redirect"
2026-08-03 10:50:15,159 | [FULL    ] | INFO | httpx | HTTP Request: HEAD https://huggingface.co/api/resolve-cache/models/apple/mobilevit-small/6c8612545dc98676d27bc518fa521d9e9af23e34/config.json "HTTP/1.1 200 OK"
2026-08-03 10:50:15,463 | [FULL    ] | INFO | httpx | HTTP Request: HEAD https://huggingface.co/apple/mobilevit-small/resolve/main/model.safetensors "HTTP/1.1 404 Not Found"
2026-08-03 10:50:15,671 | [FULL    ] | INFO | httpx | HTTP Request: HEAD https://huggingface.co/apple/mobilevit-small/resolve/main/model.safetensors.index.json "HTTP/1.1 404 Not Found"
2026-08-03 10:50:15,906 | [FULL    ] | INFO | httpx | HTTP Request: HEAD https://huggingface.co/apple/mobilevit-small/resolve/main/pytorch_model.bin "HTTP/1.1 302 Found"
2026-08-03 10:50:16,119 | [FULL    ] | INFO | httpx | HTTP Request: HEAD https://huggingface.co/apple/mobilevit-small/resolve/main/model.safetensors "HTTP/1.1 404 Not Found"
2026-08-03 10:50:16,320 | [FULL    ] | INFO | httpx | HTTP Request: GET https://huggingface.co/api/models/apple/mobilevit-small "HTTP/1.1 200 OK"
2026-08-03 10:50:16,538 | [FULL    ] | INFO | httpx | HTTP Request: GET https://huggingface.co/api/models/apple/mobilevit-small/commits/main "HTTP/1.1 200 OK"
2026-08-03 10:50:16,758 | [FULL    ] | INFO | httpx | HTTP Request: GET https://huggingface.co/api/models/apple/mobilevit-small/discussions?p=0 "HTTP/1.1 200 OK"
2026-08-03 10:50:16,980 | [FULL    ] | INFO | httpx | HTTP Request: GET https://huggingface.co/api/models/apple/mobilevit-small/commits/refs%2Fpr%2F6 "HTTP/1.1 200 OK"
2026-08-03 10:50:17,205 | [FULL    ] | INFO | httpx | HTTP Request: HEAD https://huggingface.co/apple/mobilevit-small/resolve/refs%2Fpr%2F6/model.safetensors.index.json "HTTP/1.1 404 Not Found"
2026-08-03 10:50:17,411 | [FULL    ] | INFO | httpx | HTTP Request: HEAD https://huggingface.co/apple/mobilevit-small/resolve/refs%2Fpr%2F6/model.safetensors "HTTP/1.1 302 Found"
2026-08-03 10:50:18,271 | [FULL    ] | INFO | full_experiments_using.model_trainers.mobile_vit_trainer | Device: cuda | max_epochs=500 | batch=32 | eval_batch=256 | es_patience=30
2026-08-03 10:50:18,281 | [FULL    ] | INFO | full_experiments_using.model_trainers.mobile_vit_trainer | CE weights — HC: 1.060  MCI: 0.947
2026-08-03 10:50:54,412 | [FULL    ] | INFO | full_experiments_using.model_trainers.mobile_vit_trainer | Ep [001/500] T-Acc:  50.5%  V-Acc:  51.8%  V-AUROC: 0.5129  LR: 2.00e-04
2026-08-03 10:50:54,507 | [FULL    ] | INFO | full_experiments_using.model_trainers.mobile_vit_trainer |   ↳ new best AUROC; saved checkpoint: /home/oem/choihyunsu/VOGBasedMCIDetection/outputs/checkpoints/run_20260803_091247_full_wvote_artifact30_w0-5-10-10-0-15-30-30_strat_4err/fold_04_best.pth
2026-08-03 10:51:22,745 | [FULL    ] | INFO | full_experiments_using.model_trainers.mobile_vit_trainer | Ep [002/500] T-Acc:  50.0%  V-Acc:  51.8%  V-AUROC: 0.5242  LR: 4.00e-04
2026-08-03 10:51:22,837 | [FULL    ] | INFO | full_experiments_using.model_trainers.mobile_vit_trainer |   ↳ new best AUROC; saved checkpoint: /home/oem/choihyunsu/VOGBasedMCIDetection/outputs/checkpoints/run_20260803_091247_full_wvote_artifact30_w0-5-10-10-0-15-30-30_strat_4err/fold_04_best.pth
2026-08-03 10:51:50,988 | [FULL    ] | INFO | full_experiments_using.model_trainers.mobile_vit_trainer | Ep [003/500] T-Acc:  52.4%  V-Acc:  51.8%  V-AUROC: 0.5174  LR: 6.00e-04
2026-08-03 10:52:19,231 | [FULL    ] | INFO | full_experiments_using.model_trainers.mobile_vit_trainer | Ep [004/500] T-Acc:  53.2%  V-Acc:  52.1%  V-AUROC: 0.5209  LR: 8.00e-04
2026-08-03 10:52:47,614 | [FULL    ] | INFO | full_experiments_using.model_trainers.mobile_vit_trainer | Ep [005/500] T-Acc:  52.9%  V-Acc:  55.0%  V-AUROC: 0.5237  LR: 1.00e-03
2026-08-03 10:53:16,162 | [FULL    ] | INFO | full_experiments_using.model_trainers.mobile_vit_trainer | Ep [006/500] T-Acc:  54.3%  V-Acc:  53.0%  V-AUROC: 0.5189  LR: 1.00e-03
2026-08-03 10:53:44,664 | [FULL    ] | INFO | full_experiments_using.model_trainers.mobile_vit_trainer | Ep [007/500] T-Acc:  55.3%  V-Acc:  55.7%  V-AUROC: 0.5484  LR: 1.00e-03
2026-08-03 10:53:44,867 | [FULL    ] | INFO | full_experiments_using.model_trainers.mobile_vit_trainer |   ↳ new best AUROC; saved checkpoint: /home/oem/choihyunsu/VOGBasedMCIDetection/outputs/checkpoints/run_20260803_091247_full_wvote_artifact30_w0-5-10-10-0-15-30-30_strat_4err/fold_04_best.pth
2026-08-03 10:54:13,255 | [FULL    ] | INFO | full_experiments_using.model_trainers.mobile_vit_trainer | Ep [008/500] T-Acc:  55.2%  V-Acc:  53.4%  V-AUROC: 0.5250  LR: 1.00e-03
2026-08-03 10:54:41,738 | [FULL    ] | INFO | full_experiments_using.model_trainers.mobile_vit_trainer | Ep [009/500] T-Acc:  55.1%  V-Acc:  53.4%  V-AUROC: 0.5289  LR: 1.00e-03
2026-08-03 10:55:10,110 | [FULL    ] | INFO | full_experiments_using.model_trainers.mobile_vit_trainer | Ep [010/500] T-Acc:  56.1%  V-Acc:  55.1%  V-AUROC: 0.5531  LR: 1.00e-03
2026-08-03 10:55:10,231 | [FULL    ] | INFO | full_experiments_using.model_trainers.mobile_vit_trainer |   ↳ new best AUROC; saved checkpoint: /home/oem/choihyunsu/VOGBasedMCIDetection/outputs/checkpoints/run_20260803_091247_full_wvote_artifact30_w0-5-10-10-0-15-30-30_strat_4err/fold_04_best.pth
2026-08-03 10:55:38,602 | [FULL    ] | INFO | full_experiments_using.model_trainers.mobile_vit_trainer | Ep [011/500] T-Acc:  56.8%  V-Acc:  53.4%  V-AUROC: 0.5407  LR: 1.00e-03
2026-08-03 10:56:06,990 | [FULL    ] | INFO | full_experiments_using.model_trainers.mobile_vit_trainer | Ep [012/500] T-Acc:  56.6%  V-Acc:  55.0%  V-AUROC: 0.5517  LR: 1.00e-03
2026-08-03 10:56:35,237 | [FULL    ] | INFO | full_experiments_using.model_trainers.mobile_vit_trainer | Ep [013/500] T-Acc:  57.9%  V-Acc:  57.1%  V-AUROC: 0.5588  LR: 1.00e-03
2026-08-03 10:56:35,353 | [FULL    ] | INFO | full_experiments_using.model_trainers.mobile_vit_trainer |   ↳ new best AUROC; saved checkpoint: /home/oem/choihyunsu/VOGBasedMCIDetection/outputs/checkpoints/run_20260803_091247_full_wvote_artifact30_w0-5-10-10-0-15-30-30_strat_4err/fold_04_best.pth
2026-08-03 10:57:03,679 | [FULL    ] | INFO | full_experiments_using.model_trainers.mobile_vit_trainer | Ep [014/500] T-Acc:  58.5%  V-Acc:  52.9%  V-AUROC: 0.5262  LR: 1.00e-03
2026-08-03 10:57:32,133 | [FULL    ] | INFO | full_experiments_using.model_trainers.mobile_vit_trainer | Ep [015/500] T-Acc:  59.2%  V-Acc:  56.3%  V-AUROC: 0.5469  LR: 1.00e-03
2026-08-03 10:58:00,477 | [FULL    ] | INFO | full_experiments_using.model_trainers.mobile_vit_trainer | Ep [016/500] T-Acc:  59.8%  V-Acc:  55.2%  V-AUROC: 0.5430  LR: 1.00e-03
2026-08-03 10:58:28,820 | [FULL    ] | INFO | full_experiments_using.model_trainers.mobile_vit_trainer | Ep [017/500] T-Acc:  58.9%  V-Acc:  54.8%  V-AUROC: 0.5477  LR: 1.00e-03
2026-08-03 10:58:57,525 | [FULL    ] | INFO | full_experiments_using.model_trainers.mobile_vit_trainer | Ep [018/500] T-Acc:  60.2%  V-Acc:  54.8%  V-AUROC: 0.5458  LR: 1.00e-03
2026-08-03 10:59:25,812 | [FULL    ] | INFO | full_experiments_using.model_trainers.mobile_vit_trainer | Ep [019/500] T-Acc:  61.4%  V-Acc:  53.0%  V-AUROC: 0.5443  LR: 1.00e-03
2026-08-03 10:59:54,076 | [FULL    ] | INFO | full_experiments_using.model_trainers.mobile_vit_trainer | Ep [020/500] T-Acc:  61.0%  V-Acc:  53.4%  V-AUROC: 0.5401  LR: 1.00e-03
2026-08-03 11:00:22,373 | [FULL    ] | INFO | full_experiments_using.model_trainers.mobile_vit_trainer | Ep [021/500] T-Acc:  62.1%  V-Acc:  52.4%  V-AUROC: 0.5373  LR: 1.00e-03
2026-08-03 11:00:50,549 | [FULL    ] | INFO | full_experiments_using.model_trainers.mobile_vit_trainer | Ep [022/500] T-Acc:  60.8%  V-Acc:  54.5%  V-AUROC: 0.5405  LR: 1.00e-03
2026-08-03 11:01:18,930 | [FULL    ] | INFO | full_experiments_using.model_trainers.mobile_vit_trainer | Ep [023/500] T-Acc:  60.6%  V-Acc:  53.5%  V-AUROC: 0.5407  LR: 1.00e-03
2026-08-03 11:01:47,094 | [FULL    ] | INFO | full_experiments_using.model_trainers.mobile_vit_trainer | Ep [024/500] T-Acc:  61.0%  V-Acc:  52.7%  V-AUROC: 0.5411  LR: 1.00e-03
2026-08-03 11:02:15,441 | [FULL    ] | INFO | full_experiments_using.model_trainers.mobile_vit_trainer | Ep [025/500] T-Acc:  61.4%  V-Acc:  52.7%  V-AUROC: 0.5397  LR: 2.00e-04
2026-08-03 11:02:43,791 | [FULL    ] | INFO | full_experiments_using.model_trainers.mobile_vit_trainer | Ep [026/500] T-Acc:  61.5%  V-Acc:  53.8%  V-AUROC: 0.5402  LR: 2.00e-04
2026-08-03 11:03:12,140 | [FULL    ] | INFO | full_experiments_using.model_trainers.mobile_vit_trainer | Ep [027/500] T-Acc:  62.2%  V-Acc:  52.9%  V-AUROC: 0.5405  LR: 2.00e-04
2026-08-03 11:03:40,787 | [FULL    ] | INFO | full_experiments_using.model_trainers.mobile_vit_trainer | Ep [028/500] T-Acc:  61.8%  V-Acc:  53.3%  V-AUROC: 0.5405  LR: 2.00e-04
2026-08-03 11:04:09,149 | [FULL    ] | INFO | full_experiments_using.model_trainers.mobile_vit_trainer | Ep [029/500] T-Acc:  62.9%  V-Acc:  53.2%  V-AUROC: 0.5395  LR: 2.00e-04
2026-08-03 11:04:37,918 | [FULL    ] | INFO | full_experiments_using.model_trainers.mobile_vit_trainer | Ep [030/500] T-Acc:  62.6%  V-Acc:  53.1%  V-AUROC: 0.5397  LR: 2.00e-04
2026-08-03 11:05:05,508 | [FULL    ] | INFO | full_experiments_using.model_trainers.mobile_vit_trainer | Ep [031/500] T-Acc:  62.3%  V-Acc:  52.7%  V-AUROC: 0.5419  LR: 2.00e-04
2026-08-03 11:05:32,660 | [FULL    ] | INFO | full_experiments_using.model_trainers.mobile_vit_trainer | Ep [032/500] T-Acc:  62.0%  V-Acc:  52.6%  V-AUROC: 0.5402  LR: 2.00e-04
2026-08-03 11:05:58,664 | [FULL    ] | INFO | full_experiments_using.model_trainers.mobile_vit_trainer | Ep [033/500] T-Acc:  61.4%  V-Acc:  53.8%  V-AUROC: 0.5425  LR: 2.00e-04
2026-08-03 11:06:25,133 | [FULL    ] | INFO | full_experiments_using.model_trainers.mobile_vit_trainer | Ep [034/500] T-Acc:  62.6%  V-Acc:  53.8%  V-AUROC: 0.5425  LR: 2.00e-04
2026-08-03 11:06:53,296 | [FULL    ] | INFO | full_experiments_using.model_trainers.mobile_vit_trainer | Ep [035/500] T-Acc:  62.9%  V-Acc:  52.9%  V-AUROC: 0.5418  LR: 2.00e-04
2026-08-03 11:07:21,521 | [FULL    ] | INFO | full_experiments_using.model_trainers.mobile_vit_trainer | Ep [036/500] T-Acc:  61.9%  V-Acc:  53.2%  V-AUROC: 0.5420  LR: 4.00e-05
2026-08-03 11:07:49,630 | [FULL    ] | INFO | full_experiments_using.model_trainers.mobile_vit_trainer | Ep [037/500] T-Acc:  62.1%  V-Acc:  53.4%  V-AUROC: 0.5425  LR: 4.00e-05
2026-08-03 11:08:17,699 | [FULL    ] | INFO | full_experiments_using.model_trainers.mobile_vit_trainer | Ep [038/500] T-Acc:  62.3%  V-Acc:  53.9%  V-AUROC: 0.5418  LR: 4.00e-05
2026-08-03 11:08:45,791 | [FULL    ] | INFO | full_experiments_using.model_trainers.mobile_vit_trainer | Ep [039/500] T-Acc:  62.6%  V-Acc:  53.4%  V-AUROC: 0.5420  LR: 4.00e-05
2026-08-03 11:09:13,782 | [FULL    ] | INFO | full_experiments_using.model_trainers.mobile_vit_trainer | Ep [040/500] T-Acc:  62.5%  V-Acc:  53.1%  V-AUROC: 0.5436  LR: 4.00e-05
2026-08-03 11:09:42,045 | [FULL    ] | INFO | full_experiments_using.model_trainers.mobile_vit_trainer | Ep [041/500] T-Acc:  63.2%  V-Acc:  53.6%  V-AUROC: 0.5430  LR: 4.00e-05
2026-08-03 11:10:10,288 | [FULL    ] | INFO | full_experiments_using.model_trainers.mobile_vit_trainer | Ep [042/500] T-Acc:  62.9%  V-Acc:  53.1%  V-AUROC: 0.5425  LR: 4.00e-05
2026-08-03 11:10:38,440 | [FULL    ] | INFO | full_experiments_using.model_trainers.mobile_vit_trainer | Ep [043/500] T-Acc:  62.8%  V-Acc:  53.2%  V-AUROC: 0.5425  LR: 4.00e-05
2026-08-03 11:10:38,440 | [FULL    ] | INFO | full_experiments_using.model_trainers.mobile_vit_trainer | Early stop — best AUROC 0.5588 at epoch 13 (no improvement for 30 epochs)
2026-08-03 11:10:38,440 | [FULL    ] | INFO | full_experiments_using.model_trainers.mobile_vit_trainer | Done. Best AUROC: 0.5588 (epoch 13) → /home/oem/choihyunsu/VOGBasedMCIDetection/outputs/checkpoints/run_20260803_091247_full_wvote_artifact30_w0-5-10-10-0-15-30-30_strat_4err/fold_04_best.pth
2026-08-03 11:10:47,543 | [FULL    ] | INFO | full_experiments_using.evaluators.monte_carlo_evaluator | -> Fold 05 Result | Acc=0.818 Sens=0.875 Spec=0.667 AUROC=0.875
2026-08-03 11:10:47,553 | [FULL    ] | INFO | full_experiments_using.evaluators.monte_carlo_evaluator | === Fold 06/30 | train: 25 subj (HC=10 MCI=15) / 3820 win | test: 12 subj (HC=4 MCI=8) / 1895 win ===
2026-08-03 11:10:47,800 | [FULL    ] | INFO | httpx | HTTP Request: HEAD https://huggingface.co/apple/mobilevit-small/resolve/main/config.json "HTTP/1.1 307 Temporary Redirect"
2026-08-03 11:10:47,819 | [FULL    ] | INFO | httpx | HTTP Request: HEAD https://huggingface.co/api/resolve-cache/models/apple/mobilevit-small/6c8612545dc98676d27bc518fa521d9e9af23e34/config.json "HTTP/1.1 200 OK"
2026-08-03 11:10:48,097 | [FULL    ] | INFO | httpx | HTTP Request: HEAD https://huggingface.co/apple/mobilevit-small/resolve/main/model.safetensors "HTTP/1.1 404 Not Found"
2026-08-03 11:10:48,310 | [FULL    ] | INFO | httpx | HTTP Request: HEAD https://huggingface.co/apple/mobilevit-small/resolve/main/model.safetensors.index.json "HTTP/1.1 404 Not Found"
2026-08-03 11:10:48,531 | [FULL    ] | INFO | httpx | HTTP Request: HEAD https://huggingface.co/apple/mobilevit-small/resolve/main/pytorch_model.bin "HTTP/1.1 302 Found"
2026-08-03 11:10:48,749 | [FULL    ] | INFO | httpx | HTTP Request: HEAD https://huggingface.co/apple/mobilevit-small/resolve/main/model.safetensors "HTTP/1.1 404 Not Found"
2026-08-03 11:10:48,957 | [FULL    ] | INFO | httpx | HTTP Request: GET https://huggingface.co/api/models/apple/mobilevit-small "HTTP/1.1 200 OK"
2026-08-03 11:10:49,232 | [FULL    ] | INFO | httpx | HTTP Request: GET https://huggingface.co/api/models/apple/mobilevit-small/commits/main "HTTP/1.1 200 OK"
2026-08-03 11:10:49,471 | [FULL    ] | INFO | httpx | HTTP Request: GET https://huggingface.co/api/models/apple/mobilevit-small/discussions?p=0 "HTTP/1.1 200 OK"
2026-08-03 11:10:49,705 | [FULL    ] | INFO | httpx | HTTP Request: GET https://huggingface.co/api/models/apple/mobilevit-small/commits/refs%2Fpr%2F6 "HTTP/1.1 200 OK"
2026-08-03 11:10:49,915 | [FULL    ] | INFO | httpx | HTTP Request: HEAD https://huggingface.co/apple/mobilevit-small/resolve/refs%2Fpr%2F6/model.safetensors.index.json "HTTP/1.1 404 Not Found"
2026-08-03 11:10:50,068 | [FULL    ] | INFO | full_experiments_using.model_trainers.mobile_vit_trainer | Device: cuda | max_epochs=500 | batch=32 | eval_batch=256 | es_patience=30
2026-08-03 11:10:50,079 | [FULL    ] | INFO | full_experiments_using.model_trainers.mobile_vit_trainer | CE weights — HC: 1.072  MCI: 0.937
2026-08-03 11:10:50,122 | [FULL    ] | INFO | httpx | HTTP Request: HEAD https://huggingface.co/apple/mobilevit-small/resolve/refs%2Fpr%2F6/model.safetensors "HTTP/1.1 302 Found"
2026-08-03 11:11:18,231 | [FULL    ] | INFO | full_experiments_using.model_trainers.mobile_vit_trainer | Ep [001/500] T-Acc:  50.1%  V-Acc:  51.4%  V-AUROC: 0.4612  LR: 2.00e-04
2026-08-03 11:11:18,290 | [FULL    ] | INFO | full_experiments_using.model_trainers.mobile_vit_trainer |   ↳ new best AUROC; saved checkpoint: /home/oem/choihyunsu/VOGBasedMCIDetection/outputs/checkpoints/run_20260803_091247_full_wvote_artifact30_w0-5-10-10-0-15-30-30_strat_4err/fold_05_best.pth
2026-08-03 11:11:46,037 | [FULL    ] | INFO | full_experiments_using.model_trainers.mobile_vit_trainer | Ep [002/500] T-Acc:  50.4%  V-Acc:  51.0%  V-AUROC: 0.4707  LR: 4.00e-04
2026-08-03 11:11:46,135 | [FULL    ] | INFO | full_experiments_using.model_trainers.mobile_vit_trainer |   ↳ new best AUROC; saved checkpoint: /home/oem/choihyunsu/VOGBasedMCIDetection/outputs/checkpoints/run_20260803_091247_full_wvote_artifact30_w0-5-10-10-0-15-30-30_strat_4err/fold_05_best.pth
2026-08-03 11:12:13,959 | [FULL    ] | INFO | full_experiments_using.model_trainers.mobile_vit_trainer | Ep [003/500] T-Acc:  50.1%  V-Acc:  54.2%  V-AUROC: 0.4916  LR: 6.00e-04
2026-08-03 11:12:14,142 | [FULL    ] | INFO | full_experiments_using.model_trainers.mobile_vit_trainer |   ↳ new best AUROC; saved checkpoint: /home/oem/choihyunsu/VOGBasedMCIDetection/outputs/checkpoints/run_20260803_091247_full_wvote_artifact30_w0-5-10-10-0-15-30-30_strat_4err/fold_05_best.pth
2026-08-03 11:12:42,449 | [FULL    ] | INFO | full_experiments_using.model_trainers.mobile_vit_trainer | Ep [004/500] T-Acc:  52.2%  V-Acc:  53.2%  V-AUROC: 0.5104  LR: 8.00e-04
2026-08-03 11:12:42,616 | [FULL    ] | INFO | full_experiments_using.model_trainers.mobile_vit_trainer |   ↳ new best AUROC; saved checkpoint: /home/oem/choihyunsu/VOGBasedMCIDetection/outputs/checkpoints/run_20260803_091247_full_wvote_artifact30_w0-5-10-10-0-15-30-30_strat_4err/fold_05_best.pth
2026-08-03 11:13:10,476 | [FULL    ] | INFO | full_experiments_using.model_trainers.mobile_vit_trainer | Ep [005/500] T-Acc:  52.0%  V-Acc:  54.9%  V-AUROC: 0.5328  LR: 1.00e-03
2026-08-03 11:13:10,600 | [FULL    ] | INFO | full_experiments_using.model_trainers.mobile_vit_trainer |   ↳ new best AUROC; saved checkpoint: /home/oem/choihyunsu/VOGBasedMCIDetection/outputs/checkpoints/run_20260803_091247_full_wvote_artifact30_w0-5-10-10-0-15-30-30_strat_4err/fold_05_best.pth
2026-08-03 11:13:38,359 | [FULL    ] | INFO | full_experiments_using.model_trainers.mobile_vit_trainer | Ep [006/500] T-Acc:  53.4%  V-Acc:  53.4%  V-AUROC: 0.5310  LR: 1.00e-03
2026-08-03 11:14:06,620 | [FULL    ] | INFO | full_experiments_using.model_trainers.mobile_vit_trainer | Ep [007/500] T-Acc:  55.2%  V-Acc:  54.2%  V-AUROC: 0.5409  LR: 1.00e-03
2026-08-03 11:14:06,740 | [FULL    ] | INFO | full_experiments_using.model_trainers.mobile_vit_trainer |   ↳ new best AUROC; saved checkpoint: /home/oem/choihyunsu/VOGBasedMCIDetection/outputs/checkpoints/run_20260803_091247_full_wvote_artifact30_w0-5-10-10-0-15-30-30_strat_4err/fold_05_best.pth
2026-08-03 11:14:34,898 | [FULL    ] | INFO | full_experiments_using.model_trainers.mobile_vit_trainer | Ep [008/500] T-Acc:  54.0%  V-Acc:  54.3%  V-AUROC: 0.5506  LR: 1.00e-03
2026-08-03 11:14:35,019 | [FULL    ] | INFO | full_experiments_using.model_trainers.mobile_vit_trainer |   ↳ new best AUROC; saved checkpoint: /home/oem/choihyunsu/VOGBasedMCIDetection/outputs/checkpoints/run_20260803_091247_full_wvote_artifact30_w0-5-10-10-0-15-30-30_strat_4err/fold_05_best.pth
2026-08-03 11:15:03,168 | [FULL    ] | INFO | full_experiments_using.model_trainers.mobile_vit_trainer | Ep [009/500] T-Acc:  56.6%  V-Acc:  53.9%  V-AUROC: 0.5503  LR: 1.00e-03
2026-08-03 11:15:31,502 | [FULL    ] | INFO | full_experiments_using.model_trainers.mobile_vit_trainer | Ep [010/500] T-Acc:  56.7%  V-Acc:  53.8%  V-AUROC: 0.5466  LR: 1.00e-03
2026-08-03 11:15:59,576 | [FULL    ] | INFO | full_experiments_using.model_trainers.mobile_vit_trainer | Ep [011/500] T-Acc:  57.3%  V-Acc:  53.4%  V-AUROC: 0.5523  LR: 1.00e-03
2026-08-03 11:15:59,693 | [FULL    ] | INFO | full_experiments_using.model_trainers.mobile_vit_trainer |   ↳ new best AUROC; saved checkpoint: /home/oem/choihyunsu/VOGBasedMCIDetection/outputs/checkpoints/run_20260803_091247_full_wvote_artifact30_w0-5-10-10-0-15-30-30_strat_4err/fold_05_best.pth
2026-08-03 11:16:25,479 | [FULL    ] | INFO | full_experiments_using.model_trainers.mobile_vit_trainer | Ep [012/500] T-Acc:  58.7%  V-Acc:  53.1%  V-AUROC: 0.5521  LR: 1.00e-03
2026-08-03 11:16:53,621 | [FULL    ] | INFO | full_experiments_using.model_trainers.mobile_vit_trainer | Ep [013/500] T-Acc:  57.9%  V-Acc:  53.0%  V-AUROC: 0.5513  LR: 1.00e-03
2026-08-03 11:17:21,635 | [FULL    ] | INFO | full_experiments_using.model_trainers.mobile_vit_trainer | Ep [014/500] T-Acc:  58.7%  V-Acc:  52.2%  V-AUROC: 0.5562  LR: 1.00e-03
2026-08-03 11:17:21,751 | [FULL    ] | INFO | full_experiments_using.model_trainers.mobile_vit_trainer |   ↳ new best AUROC; saved checkpoint: /home/oem/choihyunsu/VOGBasedMCIDetection/outputs/checkpoints/run_20260803_091247_full_wvote_artifact30_w0-5-10-10-0-15-30-30_strat_4err/fold_05_best.pth
2026-08-03 11:17:49,812 | [FULL    ] | INFO | full_experiments_using.model_trainers.mobile_vit_trainer | Ep [015/500] T-Acc:  59.2%  V-Acc:  52.6%  V-AUROC: 0.5459  LR: 1.00e-03
2026-08-03 11:18:17,936 | [FULL    ] | INFO | full_experiments_using.model_trainers.mobile_vit_trainer | Ep [016/500] T-Acc:  59.6%  V-Acc:  52.5%  V-AUROC: 0.5451  LR: 1.00e-03
2026-08-03 11:18:45,923 | [FULL    ] | INFO | full_experiments_using.model_trainers.mobile_vit_trainer | Ep [017/500] T-Acc:  59.8%  V-Acc:  54.4%  V-AUROC: 0.5515  LR: 1.00e-03
2026-08-03 11:19:13,890 | [FULL    ] | INFO | full_experiments_using.model_trainers.mobile_vit_trainer | Ep [018/500] T-Acc:  60.1%  V-Acc:  53.2%  V-AUROC: 0.5490  LR: 1.00e-03
2026-08-03 11:19:42,024 | [FULL    ] | INFO | full_experiments_using.model_trainers.mobile_vit_trainer | Ep [019/500] T-Acc:  59.2%  V-Acc:  53.4%  V-AUROC: 0.5646  LR: 1.00e-03
2026-08-03 11:19:42,209 | [FULL    ] | INFO | full_experiments_using.model_trainers.mobile_vit_trainer |   ↳ new best AUROC; saved checkpoint: /home/oem/choihyunsu/VOGBasedMCIDetection/outputs/checkpoints/run_20260803_091247_full_wvote_artifact30_w0-5-10-10-0-15-30-30_strat_4err/fold_05_best.pth
2026-08-03 11:20:10,069 | [FULL    ] | INFO | full_experiments_using.model_trainers.mobile_vit_trainer | Ep [020/500] T-Acc:  59.2%  V-Acc:  53.1%  V-AUROC: 0.5588  LR: 1.00e-03
2026-08-03 11:20:38,051 | [FULL    ] | INFO | full_experiments_using.model_trainers.mobile_vit_trainer | Ep [021/500] T-Acc:  60.7%  V-Acc:  52.6%  V-AUROC: 0.5506  LR: 1.00e-03
2026-08-03 11:21:06,071 | [FULL    ] | INFO | full_experiments_using.model_trainers.mobile_vit_trainer | Ep [022/500] T-Acc:  60.9%  V-Acc:  54.0%  V-AUROC: 0.5498  LR: 1.00e-03
2026-08-03 11:21:34,143 | [FULL    ] | INFO | full_experiments_using.model_trainers.mobile_vit_trainer | Ep [023/500] T-Acc:  61.6%  V-Acc:  52.1%  V-AUROC: 0.5532  LR: 1.00e-03
2026-08-03 11:22:02,222 | [FULL    ] | INFO | full_experiments_using.model_trainers.mobile_vit_trainer | Ep [024/500] T-Acc:  59.8%  V-Acc:  53.7%  V-AUROC: 0.5660  LR: 1.00e-03
2026-08-03 11:22:02,347 | [FULL    ] | INFO | full_experiments_using.model_trainers.mobile_vit_trainer |   ↳ new best AUROC; saved checkpoint: /home/oem/choihyunsu/VOGBasedMCIDetection/outputs/checkpoints/run_20260803_091247_full_wvote_artifact30_w0-5-10-10-0-15-30-30_strat_4err/fold_05_best.pth
2026-08-03 11:22:30,547 | [FULL    ] | INFO | full_experiments_using.model_trainers.mobile_vit_trainer | Ep [025/500] T-Acc:  60.9%  V-Acc:  53.6%  V-AUROC: 0.5586  LR: 1.00e-03
2026-08-03 11:22:58,335 | [FULL    ] | INFO | full_experiments_using.model_trainers.mobile_vit_trainer | Ep [026/500] T-Acc:  61.8%  V-Acc:  54.1%  V-AUROC: 0.5519  LR: 1.00e-03
2026-08-03 11:23:26,487 | [FULL    ] | INFO | full_experiments_using.model_trainers.mobile_vit_trainer | Ep [027/500] T-Acc:  61.1%  V-Acc:  53.4%  V-AUROC: 0.5518  LR: 1.00e-03
2026-08-03 11:23:54,550 | [FULL    ] | INFO | full_experiments_using.model_trainers.mobile_vit_trainer | Ep [028/500] T-Acc:  61.9%  V-Acc:  53.5%  V-AUROC: 0.5620  LR: 1.00e-03
2026-08-03 11:24:22,516 | [FULL    ] | INFO | full_experiments_using.model_trainers.mobile_vit_trainer | Ep [029/500] T-Acc:  61.3%  V-Acc:  54.0%  V-AUROC: 0.5616  LR: 1.00e-03
2026-08-03 11:24:50,434 | [FULL    ] | INFO | full_experiments_using.model_trainers.mobile_vit_trainer | Ep [030/500] T-Acc:  62.2%  V-Acc:  53.9%  V-AUROC: 0.5616  LR: 1.00e-03
2026-08-03 11:25:18,425 | [FULL    ] | INFO | full_experiments_using.model_trainers.mobile_vit_trainer | Ep [031/500] T-Acc:  61.7%  V-Acc:  52.8%  V-AUROC: 0.5662  LR: 1.00e-03
2026-08-03 11:25:18,503 | [FULL    ] | INFO | full_experiments_using.model_trainers.mobile_vit_trainer |   ↳ new best AUROC; saved checkpoint: /home/oem/choihyunsu/VOGBasedMCIDetection/outputs/checkpoints/run_20260803_091247_full_wvote_artifact30_w0-5-10-10-0-15-30-30_strat_4err/fold_05_best.pth
2026-08-03 11:25:46,285 | [FULL    ] | INFO | full_experiments_using.model_trainers.mobile_vit_trainer | Ep [032/500] T-Acc:  62.4%  V-Acc:  54.6%  V-AUROC: 0.5617  LR: 1.00e-03
2026-08-03 11:26:14,388 | [FULL    ] | INFO | full_experiments_using.model_trainers.mobile_vit_trainer | Ep [033/500] T-Acc:  62.7%  V-Acc:  53.9%  V-AUROC: 0.5624  LR: 1.00e-03
2026-08-03 11:26:42,379 | [FULL    ] | INFO | full_experiments_using.model_trainers.mobile_vit_trainer | Ep [034/500] T-Acc:  62.5%  V-Acc:  53.7%  V-AUROC: 0.5645  LR: 1.00e-03
2026-08-03 11:27:10,370 | [FULL    ] | INFO | full_experiments_using.model_trainers.mobile_vit_trainer | Ep [035/500] T-Acc:  62.6%  V-Acc:  53.2%  V-AUROC: 0.5601  LR: 1.00e-03
2026-08-03 11:27:38,348 | [FULL    ] | INFO | full_experiments_using.model_trainers.mobile_vit_trainer | Ep [036/500] T-Acc:  61.8%  V-Acc:  54.1%  V-AUROC: 0.5664  LR: 1.00e-03
2026-08-03 11:27:38,456 | [FULL    ] | INFO | full_experiments_using.model_trainers.mobile_vit_trainer |   ↳ new best AUROC; saved checkpoint: /home/oem/choihyunsu/VOGBasedMCIDetection/outputs/checkpoints/run_20260803_091247_full_wvote_artifact30_w0-5-10-10-0-15-30-30_strat_4err/fold_05_best.pth
2026-08-03 11:28:06,696 | [FULL    ] | INFO | full_experiments_using.model_trainers.mobile_vit_trainer | Ep [037/500] T-Acc:  63.2%  V-Acc:  53.6%  V-AUROC: 0.5535  LR: 1.00e-03
2026-08-03 11:28:34,745 | [FULL    ] | INFO | full_experiments_using.model_trainers.mobile_vit_trainer | Ep [038/500] T-Acc:  62.1%  V-Acc:  54.5%  V-AUROC: 0.5649  LR: 1.00e-03
2026-08-03 11:29:02,896 | [FULL    ] | INFO | full_experiments_using.model_trainers.mobile_vit_trainer | Ep [039/500] T-Acc:  62.0%  V-Acc:  54.2%  V-AUROC: 0.5593  LR: 1.00e-03
2026-08-03 11:29:30,029 | [FULL    ] | INFO | full_experiments_using.model_trainers.mobile_vit_trainer | Ep [040/500] T-Acc:  62.9%  V-Acc:  53.0%  V-AUROC: 0.5553  LR: 1.00e-03
2026-08-03 11:29:56,905 | [FULL    ] | INFO | full_experiments_using.model_trainers.mobile_vit_trainer | Ep [041/500] T-Acc:  63.7%  V-Acc:  51.9%  V-AUROC: 0.5617  LR: 1.00e-03
2026-08-03 11:30:23,704 | [FULL    ] | INFO | full_experiments_using.model_trainers.mobile_vit_trainer | Ep [042/500] T-Acc:  62.6%  V-Acc:  52.9%  V-AUROC: 0.5541  LR: 1.00e-03
2026-08-03 11:30:50,547 | [FULL    ] | INFO | full_experiments_using.model_trainers.mobile_vit_trainer | Ep [043/500] T-Acc:  62.2%  V-Acc:  52.1%  V-AUROC: 0.5557  LR: 1.00e-03
2026-08-03 11:31:17,466 | [FULL    ] | INFO | full_experiments_using.model_trainers.mobile_vit_trainer | Ep [044/500] T-Acc:  62.3%  V-Acc:  53.1%  V-AUROC: 0.5541  LR: 1.00e-03
2026-08-03 11:31:45,533 | [FULL    ] | INFO | full_experiments_using.model_trainers.mobile_vit_trainer | Ep [045/500] T-Acc:  62.8%  V-Acc:  55.2%  V-AUROC: 0.5631  LR: 1.00e-03
2026-08-03 11:32:13,521 | [FULL    ] | INFO | full_experiments_using.model_trainers.mobile_vit_trainer | Ep [046/500] T-Acc:  62.3%  V-Acc:  54.1%  V-AUROC: 0.5598  LR: 1.00e-03
2026-08-03 11:32:41,661 | [FULL    ] | INFO | full_experiments_using.model_trainers.mobile_vit_trainer | Ep [047/500] T-Acc:  62.4%  V-Acc:  51.8%  V-AUROC: 0.5589  LR: 1.00e-03
2026-08-03 11:33:09,483 | [FULL    ] | INFO | full_experiments_using.model_trainers.mobile_vit_trainer | Ep [048/500] T-Acc:  62.8%  V-Acc:  54.0%  V-AUROC: 0.5634  LR: 2.00e-04
2026-08-03 11:33:37,689 | [FULL    ] | INFO | full_experiments_using.model_trainers.mobile_vit_trainer | Ep [049/500] T-Acc:  63.2%  V-Acc:  54.1%  V-AUROC: 0.5628  LR: 2.00e-04
2026-08-03 11:34:05,603 | [FULL    ] | INFO | full_experiments_using.model_trainers.mobile_vit_trainer | Ep [050/500] T-Acc:  63.1%  V-Acc:  53.2%  V-AUROC: 0.5609  LR: 2.00e-04
2026-08-03 11:34:33,800 | [FULL    ] | INFO | full_experiments_using.model_trainers.mobile_vit_trainer | Ep [051/500] T-Acc:  63.1%  V-Acc:  53.6%  V-AUROC: 0.5619  LR: 2.00e-04
2026-08-03 11:35:01,703 | [FULL    ] | INFO | full_experiments_using.model_trainers.mobile_vit_trainer | Ep [052/500] T-Acc:  63.2%  V-Acc:  54.7%  V-AUROC: 0.5639  LR: 2.00e-04
2026-08-03 11:35:30,057 | [FULL    ] | INFO | full_experiments_using.model_trainers.mobile_vit_trainer | Ep [053/500] T-Acc:  63.1%  V-Acc:  54.5%  V-AUROC: 0.5648  LR: 2.00e-04
2026-08-03 11:35:58,045 | [FULL    ] | INFO | full_experiments_using.model_trainers.mobile_vit_trainer | Ep [054/500] T-Acc:  63.8%  V-Acc:  54.2%  V-AUROC: 0.5632  LR: 2.00e-04
2026-08-03 11:36:25,957 | [FULL    ] | INFO | full_experiments_using.model_trainers.mobile_vit_trainer | Ep [055/500] T-Acc:  63.6%  V-Acc:  53.8%  V-AUROC: 0.5648  LR: 2.00e-04
2026-08-03 11:36:53,829 | [FULL    ] | INFO | full_experiments_using.model_trainers.mobile_vit_trainer | Ep [056/500] T-Acc:  63.1%  V-Acc:  54.1%  V-AUROC: 0.5645  LR: 2.00e-04
2026-08-03 11:37:22,154 | [FULL    ] | INFO | full_experiments_using.model_trainers.mobile_vit_trainer | Ep [057/500] T-Acc:  62.2%  V-Acc:  54.1%  V-AUROC: 0.5644  LR: 2.00e-04
2026-08-03 11:37:50,842 | [FULL    ] | INFO | full_experiments_using.model_trainers.mobile_vit_trainer | Ep [058/500] T-Acc:  62.9%  V-Acc:  53.6%  V-AUROC: 0.5638  LR: 2.00e-04
2026-08-03 11:38:18,976 | [FULL    ] | INFO | full_experiments_using.model_trainers.mobile_vit_trainer | Ep [059/500] T-Acc:  62.4%  V-Acc:  53.7%  V-AUROC: 0.5632  LR: 4.00e-05
2026-08-03 11:38:47,316 | [FULL    ] | INFO | full_experiments_using.model_trainers.mobile_vit_trainer | Ep [060/500] T-Acc:  63.4%  V-Acc:  52.9%  V-AUROC: 0.5637  LR: 4.00e-05
2026-08-03 11:39:15,816 | [FULL    ] | INFO | full_experiments_using.model_trainers.mobile_vit_trainer | Ep [061/500] T-Acc:  63.4%  V-Acc:  54.1%  V-AUROC: 0.5628  LR: 4.00e-05
2026-08-03 11:39:44,064 | [FULL    ] | INFO | full_experiments_using.model_trainers.mobile_vit_trainer | Ep [062/500] T-Acc:  64.1%  V-Acc:  53.1%  V-AUROC: 0.5631  LR: 4.00e-05
2026-08-03 11:40:12,397 | [FULL    ] | INFO | full_experiments_using.model_trainers.mobile_vit_trainer | Ep [063/500] T-Acc:  63.1%  V-Acc:  53.3%  V-AUROC: 0.5619  LR: 4.00e-05
2026-08-03 11:40:40,435 | [FULL    ] | INFO | full_experiments_using.model_trainers.mobile_vit_trainer | Ep [064/500] T-Acc:  64.2%  V-Acc:  53.3%  V-AUROC: 0.5609  LR: 4.00e-05
2026-08-03 11:41:08,408 | [FULL    ] | INFO | full_experiments_using.model_trainers.mobile_vit_trainer | Ep [065/500] T-Acc:  62.9%  V-Acc:  53.7%  V-AUROC: 0.5603  LR: 4.00e-05
2026-08-03 11:41:35,432 | [FULL    ] | INFO | full_experiments_using.model_trainers.mobile_vit_trainer | Ep [066/500] T-Acc:  63.7%  V-Acc:  53.6%  V-AUROC: 0.5599  LR: 4.00e-05
2026-08-03 11:41:35,472 | [FULL    ] | INFO | full_experiments_using.model_trainers.mobile_vit_trainer | Early stop — best AUROC 0.5664 at epoch 36 (no improvement for 30 epochs)
2026-08-03 11:41:35,472 | [FULL    ] | INFO | full_experiments_using.model_trainers.mobile_vit_trainer | Done. Best AUROC: 0.5664 (epoch 36) → /home/oem/choihyunsu/VOGBasedMCIDetection/outputs/checkpoints/run_20260803_091247_full_wvote_artifact30_w0-5-10-10-0-15-30-30_strat_4err/fold_05_best.pth
2026-08-03 11:41:41,359 | [FULL    ] | INFO | full_experiments_using.evaluators.monte_carlo_evaluator | -> Fold 06 Result | Acc=0.818 Sens=0.875 Spec=0.667 AUROC=0.917
2026-08-03 11:41:41,415 | [FULL    ] | INFO | full_experiments_using.evaluators.monte_carlo_evaluator | === Fold 07/30 | train: 25 subj (HC=10 MCI=15) / 3913 win | test: 12 subj (HC=4 MCI=8) / 1802 win ===
2026-08-03 11:41:41,654 | [FULL    ] | INFO | httpx | HTTP Request: HEAD https://huggingface.co/apple/mobilevit-small/resolve/main/config.json "HTTP/1.1 307 Temporary Redirect"
2026-08-03 11:41:41,671 | [FULL    ] | INFO | httpx | HTTP Request: HEAD https://huggingface.co/api/resolve-cache/models/apple/mobilevit-small/6c8612545dc98676d27bc518fa521d9e9af23e34/config.json "HTTP/1.1 200 OK"
2026-08-03 11:41:41,977 | [FULL    ] | INFO | httpx | HTTP Request: HEAD https://huggingface.co/apple/mobilevit-small/resolve/main/model.safetensors "HTTP/1.1 404 Not Found"
2026-08-03 11:41:42,195 | [FULL    ] | INFO | httpx | HTTP Request: HEAD https://huggingface.co/apple/mobilevit-small/resolve/main/model.safetensors.index.json "HTTP/1.1 404 Not Found"
2026-08-03 11:41:42,412 | [FULL    ] | INFO | httpx | HTTP Request: HEAD https://huggingface.co/apple/mobilevit-small/resolve/main/pytorch_model.bin "HTTP/1.1 302 Found"
2026-08-03 11:41:42,622 | [FULL    ] | INFO | httpx | HTTP Request: HEAD https://huggingface.co/apple/mobilevit-small/resolve/main/model.safetensors "HTTP/1.1 404 Not Found"
2026-08-03 11:41:42,833 | [FULL    ] | INFO | httpx | HTTP Request: GET https://huggingface.co/api/models/apple/mobilevit-small "HTTP/1.1 200 OK"
2026-08-03 11:41:43,073 | [FULL    ] | INFO | httpx | HTTP Request: GET https://huggingface.co/api/models/apple/mobilevit-small/commits/main "HTTP/1.1 200 OK"
2026-08-03 11:41:43,297 | [FULL    ] | INFO | httpx | HTTP Request: GET https://huggingface.co/api/models/apple/mobilevit-small/discussions?p=0 "HTTP/1.1 200 OK"
2026-08-03 11:41:43,527 | [FULL    ] | INFO | httpx | HTTP Request: GET https://huggingface.co/api/models/apple/mobilevit-small/commits/refs%2Fpr%2F6 "HTTP/1.1 200 OK"
2026-08-03 11:41:43,744 | [FULL    ] | INFO | httpx | HTTP Request: HEAD https://huggingface.co/apple/mobilevit-small/resolve/refs%2Fpr%2F6/model.safetensors.index.json "HTTP/1.1 404 Not Found"
2026-08-03 11:41:44,002 | [FULL    ] | INFO | httpx | HTTP Request: HEAD https://huggingface.co/apple/mobilevit-small/resolve/refs%2Fpr%2F6/model.safetensors "HTTP/1.1 302 Found"
2026-08-03 11:41:44,750 | [FULL    ] | INFO | full_experiments_using.model_trainers.mobile_vit_trainer | Device: cuda | max_epochs=500 | batch=32 | eval_batch=256 | es_patience=30
2026-08-03 11:41:44,760 | [FULL    ] | INFO | full_experiments_using.model_trainers.mobile_vit_trainer | CE weights — HC: 1.115  MCI: 0.906
2026-08-03 11:42:19,786 | [FULL    ] | INFO | full_experiments_using.model_trainers.mobile_vit_trainer | Ep [001/500] T-Acc:  50.2%  V-Acc:  58.4%  V-AUROC: 0.6037  LR: 2.00e-04
2026-08-03 11:42:19,910 | [FULL    ] | INFO | full_experiments_using.model_trainers.mobile_vit_trainer |   ↳ new best AUROC; saved checkpoint: /home/oem/choihyunsu/VOGBasedMCIDetection/outputs/checkpoints/run_20260803_091247_full_wvote_artifact30_w0-5-10-10-0-15-30-30_strat_4err/fold_06_best.pth
2026-08-03 11:42:48,250 | [FULL    ] | INFO | full_experiments_using.model_trainers.mobile_vit_trainer | Ep [002/500] T-Acc:  52.7%  V-Acc:  58.8%  V-AUROC: 0.6074  LR: 4.00e-04
2026-08-03 11:42:48,433 | [FULL    ] | INFO | full_experiments_using.model_trainers.mobile_vit_trainer |   ↳ new best AUROC; saved checkpoint: /home/oem/choihyunsu/VOGBasedMCIDetection/outputs/checkpoints/run_20260803_091247_full_wvote_artifact30_w0-5-10-10-0-15-30-30_strat_4err/fold_06_best.pth
2026-08-03 11:43:16,777 | [FULL    ] | INFO | full_experiments_using.model_trainers.mobile_vit_trainer | Ep [003/500] T-Acc:  51.1%  V-Acc:  58.6%  V-AUROC: 0.6223  LR: 6.00e-04
2026-08-03 11:43:16,967 | [FULL    ] | INFO | full_experiments_using.model_trainers.mobile_vit_trainer |   ↳ new best AUROC; saved checkpoint: /home/oem/choihyunsu/VOGBasedMCIDetection/outputs/checkpoints/run_20260803_091247_full_wvote_artifact30_w0-5-10-10-0-15-30-30_strat_4err/fold_06_best.pth
2026-08-03 11:43:45,282 | [FULL    ] | INFO | full_experiments_using.model_trainers.mobile_vit_trainer | Ep [004/500] T-Acc:  51.9%  V-Acc:  58.3%  V-AUROC: 0.6210  LR: 8.00e-04
2026-08-03 11:44:13,720 | [FULL    ] | INFO | full_experiments_using.model_trainers.mobile_vit_trainer | Ep [005/500] T-Acc:  53.2%  V-Acc:  57.6%  V-AUROC: 0.6035  LR: 1.00e-03
2026-08-03 11:44:42,062 | [FULL    ] | INFO | full_experiments_using.model_trainers.mobile_vit_trainer | Ep [006/500] T-Acc:  53.4%  V-Acc:  56.8%  V-AUROC: 0.6012  LR: 1.00e-03
2026-08-03 11:45:10,487 | [FULL    ] | INFO | full_experiments_using.model_trainers.mobile_vit_trainer | Ep [007/500] T-Acc:  53.5%  V-Acc:  59.8%  V-AUROC: 0.6214  LR: 1.00e-03
2026-08-03 11:45:38,953 | [FULL    ] | INFO | full_experiments_using.model_trainers.mobile_vit_trainer | Ep [008/500] T-Acc:  52.6%  V-Acc:  58.3%  V-AUROC: 0.6078  LR: 1.00e-03
2026-08-03 11:46:07,565 | [FULL    ] | INFO | full_experiments_using.model_trainers.mobile_vit_trainer | Ep [009/500] T-Acc:  53.7%  V-Acc:  58.3%  V-AUROC: 0.6077  LR: 1.00e-03
2026-08-03 11:46:35,761 | [FULL    ] | INFO | full_experiments_using.model_trainers.mobile_vit_trainer | Ep [010/500] T-Acc:  54.4%  V-Acc:  55.2%  V-AUROC: 0.5691  LR: 1.00e-03
2026-08-03 11:47:04,353 | [FULL    ] | INFO | full_experiments_using.model_trainers.mobile_vit_trainer | Ep [011/500] T-Acc:  54.4%  V-Acc:  58.7%  V-AUROC: 0.6125  LR: 1.00e-03
2026-08-03 11:47:32,740 | [FULL    ] | INFO | full_experiments_using.model_trainers.mobile_vit_trainer | Ep [012/500] T-Acc:  54.3%  V-Acc:  56.7%  V-AUROC: 0.5860  LR: 1.00e-03
2026-08-03 11:48:01,342 | [FULL    ] | INFO | full_experiments_using.model_trainers.mobile_vit_trainer | Ep [013/500] T-Acc:  55.8%  V-Acc:  57.0%  V-AUROC: 0.5952  LR: 1.00e-03
2026-08-03 11:48:29,720 | [FULL    ] | INFO | full_experiments_using.model_trainers.mobile_vit_trainer | Ep [014/500] T-Acc:  56.4%  V-Acc:  58.8%  V-AUROC: 0.6104  LR: 1.00e-03
2026-08-03 11:48:58,300 | [FULL    ] | INFO | full_experiments_using.model_trainers.mobile_vit_trainer | Ep [015/500] T-Acc:  56.0%  V-Acc:  58.4%  V-AUROC: 0.6070  LR: 1.00e-03
2026-08-03 11:49:26,943 | [FULL    ] | INFO | full_experiments_using.model_trainers.mobile_vit_trainer | Ep [016/500] T-Acc:  55.5%  V-Acc:  59.4%  V-AUROC: 0.6011  LR: 1.00e-03
2026-08-03 11:49:55,365 | [FULL    ] | INFO | full_experiments_using.model_trainers.mobile_vit_trainer | Ep [017/500] T-Acc:  56.3%  V-Acc:  59.7%  V-AUROC: 0.6162  LR: 1.00e-03
2026-08-03 11:50:23,827 | [FULL    ] | INFO | full_experiments_using.model_trainers.mobile_vit_trainer | Ep [018/500] T-Acc:  57.4%  V-Acc:  59.5%  V-AUROC: 0.6223  LR: 1.00e-03
2026-08-03 11:50:52,338 | [FULL    ] | INFO | full_experiments_using.model_trainers.mobile_vit_trainer | Ep [019/500] T-Acc:  55.8%  V-Acc:  59.5%  V-AUROC: 0.6191  LR: 1.00e-03
2026-08-03 11:51:20,954 | [FULL    ] | INFO | full_experiments_using.model_trainers.mobile_vit_trainer | Ep [020/500] T-Acc:  56.8%  V-Acc:  59.0%  V-AUROC: 0.6180  LR: 1.00e-03
2026-08-03 11:51:49,321 | [FULL    ] | INFO | full_experiments_using.model_trainers.mobile_vit_trainer | Ep [021/500] T-Acc:  55.9%  V-Acc:  57.7%  V-AUROC: 0.6147  LR: 1.00e-03
2026-08-03 11:52:17,880 | [FULL    ] | INFO | full_experiments_using.model_trainers.mobile_vit_trainer | Ep [022/500] T-Acc:  57.2%  V-Acc:  57.5%  V-AUROC: 0.6150  LR: 1.00e-03
2026-08-03 11:52:46,281 | [FULL    ] | INFO | full_experiments_using.model_trainers.mobile_vit_trainer | Ep [023/500] T-Acc:  58.0%  V-Acc:  59.0%  V-AUROC: 0.6282  LR: 1.00e-03
2026-08-03 11:52:46,421 | [FULL    ] | INFO | full_experiments_using.model_trainers.mobile_vit_trainer |   ↳ new best AUROC; saved checkpoint: /home/oem/choihyunsu/VOGBasedMCIDetection/outputs/checkpoints/run_20260803_091247_full_wvote_artifact30_w0-5-10-10-0-15-30-30_strat_4err/fold_06_best.pth
2026-08-03 11:53:14,727 | [FULL    ] | INFO | full_experiments_using.model_trainers.mobile_vit_trainer | Ep [024/500] T-Acc:  57.9%  V-Acc:  58.5%  V-AUROC: 0.6226  LR: 1.00e-03
2026-08-03 11:53:43,124 | [FULL    ] | INFO | full_experiments_using.model_trainers.mobile_vit_trainer | Ep [025/500] T-Acc:  57.6%  V-Acc:  59.4%  V-AUROC: 0.6158  LR: 1.00e-03
2026-08-03 11:54:10,647 | [FULL    ] | INFO | full_experiments_using.model_trainers.mobile_vit_trainer | Ep [026/500] T-Acc:  58.5%  V-Acc:  59.7%  V-AUROC: 0.6263  LR: 1.00e-03
2026-08-03 11:54:36,499 | [FULL    ] | INFO | full_experiments_using.model_trainers.mobile_vit_trainer | Ep [027/500] T-Acc:  58.1%  V-Acc:  58.8%  V-AUROC: 0.6193  LR: 1.00e-03
2026-08-03 11:55:04,949 | [FULL    ] | INFO | full_experiments_using.model_trainers.mobile_vit_trainer | Ep [028/500] T-Acc:  58.0%  V-Acc:  59.5%  V-AUROC: 0.6259  LR: 1.00e-03
2026-08-03 11:55:31,647 | [FULL    ] | INFO | full_experiments_using.model_trainers.mobile_vit_trainer | Ep [029/500] T-Acc:  58.7%  V-Acc:  58.9%  V-AUROC: 0.6239  LR: 1.00e-03
2026-08-03 11:55:57,750 | [FULL    ] | INFO | full_experiments_using.model_trainers.mobile_vit_trainer | Ep [030/500] T-Acc:  58.6%  V-Acc:  58.3%  V-AUROC: 0.6164  LR: 1.00e-03
2026-08-03 11:56:25,933 | [FULL    ] | INFO | full_experiments_using.model_trainers.mobile_vit_trainer | Ep [031/500] T-Acc:  58.1%  V-Acc:  59.4%  V-AUROC: 0.6185  LR: 1.00e-03
2026-08-03 11:56:54,414 | [FULL    ] | INFO | full_experiments_using.model_trainers.mobile_vit_trainer | Ep [032/500] T-Acc:  58.8%  V-Acc:  59.5%  V-AUROC: 0.6196  LR: 1.00e-03
2026-08-03 11:57:22,920 | [FULL    ] | INFO | full_experiments_using.model_trainers.mobile_vit_trainer | Ep [033/500] T-Acc:  59.1%  V-Acc:  59.3%  V-AUROC: 0.6189  LR: 1.00e-03
2026-08-03 11:57:51,519 | [FULL    ] | INFO | full_experiments_using.model_trainers.mobile_vit_trainer | Ep [034/500] T-Acc:  59.1%  V-Acc:  58.6%  V-AUROC: 0.6126  LR: 1.00e-03
2026-08-03 11:58:19,828 | [FULL    ] | INFO | full_experiments_using.model_trainers.mobile_vit_trainer | Ep [035/500] T-Acc:  59.2%  V-Acc:  58.3%  V-AUROC: 0.6142  LR: 2.00e-04
2026-08-03 11:58:48,431 | [FULL    ] | INFO | full_experiments_using.model_trainers.mobile_vit_trainer | Ep [036/500] T-Acc:  58.9%  V-Acc:  58.0%  V-AUROC: 0.6187  LR: 2.00e-04
2026-08-03 11:59:16,966 | [FULL    ] | INFO | full_experiments_using.model_trainers.mobile_vit_trainer | Ep [037/500] T-Acc:  60.5%  V-Acc:  58.3%  V-AUROC: 0.6190  LR: 2.00e-04
2026-08-03 11:59:45,536 | [FULL    ] | INFO | full_experiments_using.model_trainers.mobile_vit_trainer | Ep [038/500] T-Acc:  59.9%  V-Acc:  58.7%  V-AUROC: 0.6198  LR: 2.00e-04
2026-08-03 12:00:14,450 | [FULL    ] | INFO | full_experiments_using.model_trainers.mobile_vit_trainer | Ep [039/500] T-Acc:  59.7%  V-Acc:  58.4%  V-AUROC: 0.6187  LR: 2.00e-04
2026-08-03 12:00:42,872 | [FULL    ] | INFO | full_experiments_using.model_trainers.mobile_vit_trainer | Ep [040/500] T-Acc:  60.0%  V-Acc:  58.1%  V-AUROC: 0.6194  LR: 2.00e-04
2026-08-03 12:01:11,492 | [FULL    ] | INFO | full_experiments_using.model_trainers.mobile_vit_trainer | Ep [041/500] T-Acc:  58.8%  V-Acc:  59.3%  V-AUROC: 0.6241  LR: 2.00e-04
2026-08-03 12:01:39,977 | [FULL    ] | INFO | full_experiments_using.model_trainers.mobile_vit_trainer | Ep [042/500] T-Acc:  59.5%  V-Acc:  59.1%  V-AUROC: 0.6186  LR: 2.00e-04
2026-08-03 12:02:08,383 | [FULL    ] | INFO | full_experiments_using.model_trainers.mobile_vit_trainer | Ep [043/500] T-Acc:  58.4%  V-Acc:  59.2%  V-AUROC: 0.6206  LR: 2.00e-04
2026-08-03 12:02:36,851 | [FULL    ] | INFO | full_experiments_using.model_trainers.mobile_vit_trainer | Ep [044/500] T-Acc:  59.8%  V-Acc:  57.7%  V-AUROC: 0.6172  LR: 2.00e-04
2026-08-03 12:03:05,263 | [FULL    ] | INFO | full_experiments_using.model_trainers.mobile_vit_trainer | Ep [045/500] T-Acc:  59.0%  V-Acc:  58.2%  V-AUROC: 0.6247  LR: 2.00e-04
2026-08-03 12:03:33,574 | [FULL    ] | INFO | full_experiments_using.model_trainers.mobile_vit_trainer | Ep [046/500] T-Acc:  60.5%  V-Acc:  58.1%  V-AUROC: 0.6212  LR: 4.00e-05
2026-08-03 12:04:01,958 | [FULL    ] | INFO | full_experiments_using.model_trainers.mobile_vit_trainer | Ep [047/500] T-Acc:  59.0%  V-Acc:  58.4%  V-AUROC: 0.6228  LR: 4.00e-05
2026-08-03 12:04:30,526 | [FULL    ] | INFO | full_experiments_using.model_trainers.mobile_vit_trainer | Ep [048/500] T-Acc:  60.1%  V-Acc:  58.5%  V-AUROC: 0.6232  LR: 4.00e-05
2026-08-03 12:04:59,128 | [FULL    ] | INFO | full_experiments_using.model_trainers.mobile_vit_trainer | Ep [049/500] T-Acc:  60.1%  V-Acc:  58.5%  V-AUROC: 0.6227  LR: 4.00e-05
2026-08-03 12:05:27,528 | [FULL    ] | INFO | full_experiments_using.model_trainers.mobile_vit_trainer | Ep [050/500] T-Acc:  59.8%  V-Acc:  58.5%  V-AUROC: 0.6214  LR: 4.00e-05
2026-08-03 12:05:55,950 | [FULL    ] | INFO | full_experiments_using.model_trainers.mobile_vit_trainer | Ep [051/500] T-Acc:  59.2%  V-Acc:  58.2%  V-AUROC: 0.6211  LR: 4.00e-05
2026-08-03 12:06:24,374 | [FULL    ] | INFO | full_experiments_using.model_trainers.mobile_vit_trainer | Ep [052/500] T-Acc:  59.3%  V-Acc:  58.1%  V-AUROC: 0.6243  LR: 4.00e-05
2026-08-03 12:06:52,807 | [FULL    ] | INFO | full_experiments_using.model_trainers.mobile_vit_trainer | Ep [053/500] T-Acc:  60.0%  V-Acc:  58.3%  V-AUROC: 0.6226  LR: 4.00e-05
2026-08-03 12:06:52,807 | [FULL    ] | INFO | full_experiments_using.model_trainers.mobile_vit_trainer | Early stop — best AUROC 0.6282 at epoch 23 (no improvement for 30 epochs)
2026-08-03 12:06:52,807 | [FULL    ] | INFO | full_experiments_using.model_trainers.mobile_vit_trainer | Done. Best AUROC: 0.6282 (epoch 23) → /home/oem/choihyunsu/VOGBasedMCIDetection/outputs/checkpoints/run_20260803_091247_full_wvote_artifact30_w0-5-10-10-0-15-30-30_strat_4err/fold_06_best.pth
2026-08-03 12:06:59,454 | [FULL    ] | INFO | full_experiments_using.evaluators.monte_carlo_evaluator | -> Fold 07 Result | Acc=0.800 Sens=1.000 Spec=0.500 AUROC=0.958
2026-08-03 12:06:59,461 | [FULL    ] | INFO | full_experiments_using.evaluators.monte_carlo_evaluator | === Fold 08/30 | train: 25 subj (HC=10 MCI=15) / 3889 win | test: 12 subj (HC=4 MCI=8) / 1826 win ===
2026-08-03 12:06:59,683 | [FULL    ] | INFO | httpx | HTTP Request: HEAD https://huggingface.co/apple/mobilevit-small/resolve/main/config.json "HTTP/1.1 307 Temporary Redirect"
2026-08-03 12:06:59,694 | [FULL    ] | INFO | httpx | HTTP Request: HEAD https://huggingface.co/api/resolve-cache/models/apple/mobilevit-small/6c8612545dc98676d27bc518fa521d9e9af23e34/config.json "HTTP/1.1 200 OK"
2026-08-03 12:06:59,968 | [FULL    ] | INFO | httpx | HTTP Request: HEAD https://huggingface.co/apple/mobilevit-small/resolve/main/model.safetensors "HTTP/1.1 404 Not Found"
2026-08-03 12:07:00,172 | [FULL    ] | INFO | httpx | HTTP Request: HEAD https://huggingface.co/apple/mobilevit-small/resolve/main/model.safetensors.index.json "HTTP/1.1 404 Not Found"
2026-08-03 12:07:00,389 | [FULL    ] | INFO | httpx | HTTP Request: HEAD https://huggingface.co/apple/mobilevit-small/resolve/main/pytorch_model.bin "HTTP/1.1 302 Found"
2026-08-03 12:07:00,593 | [FULL    ] | INFO | httpx | HTTP Request: HEAD https://huggingface.co/apple/mobilevit-small/resolve/main/model.safetensors "HTTP/1.1 404 Not Found"
2026-08-03 12:07:00,795 | [FULL    ] | INFO | httpx | HTTP Request: GET https://huggingface.co/api/models/apple/mobilevit-small "HTTP/1.1 200 OK"
2026-08-03 12:07:01,010 | [FULL    ] | INFO | httpx | HTTP Request: GET https://huggingface.co/api/models/apple/mobilevit-small/commits/main "HTTP/1.1 200 OK"
2026-08-03 12:07:01,227 | [FULL    ] | INFO | httpx | HTTP Request: GET https://huggingface.co/api/models/apple/mobilevit-small/discussions?p=0 "HTTP/1.1 200 OK"
2026-08-03 12:07:01,452 | [FULL    ] | INFO | httpx | HTTP Request: GET https://huggingface.co/api/models/apple/mobilevit-small/commits/refs%2Fpr%2F6 "HTTP/1.1 200 OK"
2026-08-03 12:07:01,668 | [FULL    ] | INFO | httpx | HTTP Request: HEAD https://huggingface.co/apple/mobilevit-small/resolve/refs%2Fpr%2F6/model.safetensors.index.json "HTTP/1.1 404 Not Found"
2026-08-03 12:07:01,883 | [FULL    ] | INFO | httpx | HTTP Request: HEAD https://huggingface.co/apple/mobilevit-small/resolve/refs%2Fpr%2F6/model.safetensors "HTTP/1.1 302 Found"
2026-08-03 12:07:02,759 | [FULL    ] | INFO | full_experiments_using.model_trainers.mobile_vit_trainer | Device: cuda | max_epochs=500 | batch=32 | eval_batch=256 | es_patience=30
2026-08-03 12:07:02,769 | [FULL    ] | INFO | full_experiments_using.model_trainers.mobile_vit_trainer | CE weights — HC: 1.086  MCI: 0.926
2026-08-03 12:07:38,294 | [FULL    ] | INFO | full_experiments_using.model_trainers.mobile_vit_trainer | Ep [001/500] T-Acc:  48.7%  V-Acc:  48.0%  V-AUROC: 0.5034  LR: 2.00e-04
2026-08-03 12:07:38,383 | [FULL    ] | INFO | full_experiments_using.model_trainers.mobile_vit_trainer |   ↳ new best AUROC; saved checkpoint: /home/oem/choihyunsu/VOGBasedMCIDetection/outputs/checkpoints/run_20260803_091247_full_wvote_artifact30_w0-5-10-10-0-15-30-30_strat_4err/fold_07_best.pth
2026-08-03 12:08:06,494 | [FULL    ] | INFO | full_experiments_using.model_trainers.mobile_vit_trainer | Ep [002/500] T-Acc:  51.1%  V-Acc:  48.5%  V-AUROC: 0.5038  LR: 4.00e-04
2026-08-03 12:08:06,677 | [FULL    ] | INFO | full_experiments_using.model_trainers.mobile_vit_trainer |   ↳ new best AUROC; saved checkpoint: /home/oem/choihyunsu/VOGBasedMCIDetection/outputs/checkpoints/run_20260803_091247_full_wvote_artifact30_w0-5-10-10-0-15-30-30_strat_4err/fold_07_best.pth
2026-08-03 12:08:35,087 | [FULL    ] | INFO | full_experiments_using.model_trainers.mobile_vit_trainer | Ep [003/500] T-Acc:  50.2%  V-Acc:  48.5%  V-AUROC: 0.5075  LR: 6.00e-04
2026-08-03 12:08:35,354 | [FULL    ] | INFO | full_experiments_using.model_trainers.mobile_vit_trainer |   ↳ new best AUROC; saved checkpoint: /home/oem/choihyunsu/VOGBasedMCIDetection/outputs/checkpoints/run_20260803_091247_full_wvote_artifact30_w0-5-10-10-0-15-30-30_strat_4err/fold_07_best.pth
2026-08-03 12:09:03,747 | [FULL    ] | INFO | full_experiments_using.model_trainers.mobile_vit_trainer | Ep [004/500] T-Acc:  52.1%  V-Acc:  49.5%  V-AUROC: 0.5030  LR: 8.00e-04
2026-08-03 12:09:31,911 | [FULL    ] | INFO | full_experiments_using.model_trainers.mobile_vit_trainer | Ep [005/500] T-Acc:  53.2%  V-Acc:  50.4%  V-AUROC: 0.4969  LR: 1.00e-03
2026-08-03 12:10:00,164 | [FULL    ] | INFO | full_experiments_using.model_trainers.mobile_vit_trainer | Ep [006/500] T-Acc:  55.7%  V-Acc:  49.9%  V-AUROC: 0.4953  LR: 1.00e-03
2026-08-03 12:10:28,639 | [FULL    ] | INFO | full_experiments_using.model_trainers.mobile_vit_trainer | Ep [007/500] T-Acc:  57.6%  V-Acc:  50.3%  V-AUROC: 0.5016  LR: 1.00e-03
2026-08-03 12:10:57,076 | [FULL    ] | INFO | full_experiments_using.model_trainers.mobile_vit_trainer | Ep [008/500] T-Acc:  59.0%  V-Acc:  50.1%  V-AUROC: 0.5026  LR: 1.00e-03
2026-08-03 12:11:25,112 | [FULL    ] | INFO | full_experiments_using.model_trainers.mobile_vit_trainer | Ep [009/500] T-Acc:  58.2%  V-Acc:  50.4%  V-AUROC: 0.4968  LR: 1.00e-03
2026-08-03 12:11:52,754 | [FULL    ] | INFO | full_experiments_using.model_trainers.mobile_vit_trainer | Ep [010/500] T-Acc:  59.3%  V-Acc:  50.0%  V-AUROC: 0.4974  LR: 1.00e-03
2026-08-03 12:12:19,903 | [FULL    ] | INFO | full_experiments_using.model_trainers.mobile_vit_trainer | Ep [011/500] T-Acc:  61.0%  V-Acc:  50.6%  V-AUROC: 0.4998  LR: 1.00e-03
2026-08-03 12:12:48,105 | [FULL    ] | INFO | full_experiments_using.model_trainers.mobile_vit_trainer | Ep [012/500] T-Acc:  61.3%  V-Acc:  49.1%  V-AUROC: 0.4982  LR: 1.00e-03
2026-08-03 12:13:16,424 | [FULL    ] | INFO | full_experiments_using.model_trainers.mobile_vit_trainer | Ep [013/500] T-Acc:  61.8%  V-Acc:  49.7%  V-AUROC: 0.4920  LR: 1.00e-03
2026-08-03 12:13:44,614 | [FULL    ] | INFO | full_experiments_using.model_trainers.mobile_vit_trainer | Ep [014/500] T-Acc:  61.6%  V-Acc:  48.6%  V-AUROC: 0.4904  LR: 1.00e-03
2026-08-03 12:14:12,844 | [FULL    ] | INFO | full_experiments_using.model_trainers.mobile_vit_trainer | Ep [015/500] T-Acc:  62.0%  V-Acc:  48.6%  V-AUROC: 0.4856  LR: 1.00e-03
2026-08-03 12:14:40,915 | [FULL    ] | INFO | full_experiments_using.model_trainers.mobile_vit_trainer | Ep [016/500] T-Acc:  62.6%  V-Acc:  50.2%  V-AUROC: 0.4866  LR: 1.00e-03
2026-08-03 12:15:09,079 | [FULL    ] | INFO | full_experiments_using.model_trainers.mobile_vit_trainer | Ep [017/500] T-Acc:  63.4%  V-Acc:  48.8%  V-AUROC: 0.4848  LR: 1.00e-03
2026-08-03 12:15:37,558 | [FULL    ] | INFO | full_experiments_using.model_trainers.mobile_vit_trainer | Ep [018/500] T-Acc:  62.4%  V-Acc:  49.3%  V-AUROC: 0.4889  LR: 1.00e-03
2026-08-03 12:16:05,653 | [FULL    ] | INFO | full_experiments_using.model_trainers.mobile_vit_trainer | Ep [019/500] T-Acc:  62.8%  V-Acc:  49.5%  V-AUROC: 0.4873  LR: 1.00e-03
2026-08-03 12:16:34,042 | [FULL    ] | INFO | full_experiments_using.model_trainers.mobile_vit_trainer | Ep [020/500] T-Acc:  63.2%  V-Acc:  49.8%  V-AUROC: 0.4882  LR: 2.00e-04
2026-08-03 12:17:02,221 | [FULL    ] | INFO | full_experiments_using.model_trainers.mobile_vit_trainer | Ep [021/500] T-Acc:  63.2%  V-Acc:  49.1%  V-AUROC: 0.4906  LR: 2.00e-04
2026-08-03 12:17:30,508 | [FULL    ] | INFO | full_experiments_using.model_trainers.mobile_vit_trainer | Ep [022/500] T-Acc:  63.2%  V-Acc:  48.7%  V-AUROC: 0.4905  LR: 2.00e-04
2026-08-03 12:17:58,602 | [FULL    ] | INFO | full_experiments_using.model_trainers.mobile_vit_trainer | Ep [023/500] T-Acc:  63.0%  V-Acc:  49.3%  V-AUROC: 0.4890  LR: 2.00e-04
2026-08-03 12:18:27,071 | [FULL    ] | INFO | full_experiments_using.model_trainers.mobile_vit_trainer | Ep [024/500] T-Acc:  63.3%  V-Acc:  49.1%  V-AUROC: 0.4868  LR: 2.00e-04
2026-08-03 12:18:55,329 | [FULL    ] | INFO | full_experiments_using.model_trainers.mobile_vit_trainer | Ep [025/500] T-Acc:  62.9%  V-Acc:  49.2%  V-AUROC: 0.4898  LR: 2.00e-04
2026-08-03 12:19:23,651 | [FULL    ] | INFO | full_experiments_using.model_trainers.mobile_vit_trainer | Ep [026/500] T-Acc:  62.9%  V-Acc:  49.5%  V-AUROC: 0.4883  LR: 2.00e-04
2026-08-03 12:19:52,087 | [FULL    ] | INFO | full_experiments_using.model_trainers.mobile_vit_trainer | Ep [027/500] T-Acc:  64.3%  V-Acc:  49.5%  V-AUROC: 0.4883  LR: 2.00e-04
2026-08-03 12:20:20,580 | [FULL    ] | INFO | full_experiments_using.model_trainers.mobile_vit_trainer | Ep [028/500] T-Acc:  64.1%  V-Acc:  49.6%  V-AUROC: 0.4901  LR: 2.00e-04
2026-08-03 12:20:48,777 | [FULL    ] | INFO | full_experiments_using.model_trainers.mobile_vit_trainer | Ep [029/500] T-Acc:  64.5%  V-Acc:  49.3%  V-AUROC: 0.4907  LR: 2.00e-04
2026-08-03 12:21:17,232 | [FULL    ] | INFO | full_experiments_using.model_trainers.mobile_vit_trainer | Ep [030/500] T-Acc:  63.9%  V-Acc:  49.5%  V-AUROC: 0.4884  LR: 2.00e-04
2026-08-03 12:21:45,598 | [FULL    ] | INFO | full_experiments_using.model_trainers.mobile_vit_trainer | Ep [031/500] T-Acc:  63.9%  V-Acc:  49.5%  V-AUROC: 0.4906  LR: 4.00e-05
2026-08-03 12:22:14,058 | [FULL    ] | INFO | full_experiments_using.model_trainers.mobile_vit_trainer | Ep [032/500] T-Acc:  64.2%  V-Acc:  49.8%  V-AUROC: 0.4887  LR: 4.00e-05
2026-08-03 12:22:42,670 | [FULL    ] | INFO | full_experiments_using.model_trainers.mobile_vit_trainer | Ep [033/500] T-Acc:  63.1%  V-Acc:  49.5%  V-AUROC: 0.4886  LR: 4.00e-05
2026-08-03 12:22:42,671 | [FULL    ] | INFO | full_experiments_using.model_trainers.mobile_vit_trainer | Early stop — best AUROC 0.5075 at epoch 3 (no improvement for 30 epochs)
2026-08-03 12:22:42,671 | [FULL    ] | INFO | full_experiments_using.model_trainers.mobile_vit_trainer | Done. Best AUROC: 0.5075 (epoch 3) → /home/oem/choihyunsu/VOGBasedMCIDetection/outputs/checkpoints/run_20260803_091247_full_wvote_artifact30_w0-5-10-10-0-15-30-30_strat_4err/fold_07_best.pth
2026-08-03 12:22:51,969 | [FULL    ] | INFO | full_experiments_using.evaluators.monte_carlo_evaluator | -> Fold 08 Result | Acc=0.455 Sens=0.375 Spec=0.667 AUROC=0.708
2026-08-03 12:22:51,983 | [FULL    ] | INFO | full_experiments_using.evaluators.monte_carlo_evaluator | === Fold 09/30 | train: 25 subj (HC=10 MCI=15) / 3891 win | test: 12 subj (HC=4 MCI=8) / 1824 win ===
2026-08-03 12:22:52,215 | [FULL    ] | INFO | httpx | HTTP Request: HEAD https://huggingface.co/apple/mobilevit-small/resolve/main/config.json "HTTP/1.1 307 Temporary Redirect"
2026-08-03 12:22:52,231 | [FULL    ] | INFO | httpx | HTTP Request: HEAD https://huggingface.co/api/resolve-cache/models/apple/mobilevit-small/6c8612545dc98676d27bc518fa521d9e9af23e34/config.json "HTTP/1.1 200 OK"
2026-08-03 12:22:52,511 | [FULL    ] | INFO | httpx | HTTP Request: HEAD https://huggingface.co/apple/mobilevit-small/resolve/main/model.safetensors "HTTP/1.1 404 Not Found"
2026-08-03 12:22:52,737 | [FULL    ] | INFO | httpx | HTTP Request: HEAD https://huggingface.co/apple/mobilevit-small/resolve/main/model.safetensors.index.json "HTTP/1.1 404 Not Found"
2026-08-03 12:22:52,951 | [FULL    ] | INFO | httpx | HTTP Request: HEAD https://huggingface.co/apple/mobilevit-small/resolve/main/pytorch_model.bin "HTTP/1.1 302 Found"
2026-08-03 12:22:53,165 | [FULL    ] | INFO | httpx | HTTP Request: HEAD https://huggingface.co/apple/mobilevit-small/resolve/main/model.safetensors "HTTP/1.1 404 Not Found"
2026-08-03 12:22:53,378 | [FULL    ] | INFO | httpx | HTTP Request: GET https://huggingface.co/api/models/apple/mobilevit-small "HTTP/1.1 200 OK"
2026-08-03 12:22:53,624 | [FULL    ] | INFO | httpx | HTTP Request: GET https://huggingface.co/api/models/apple/mobilevit-small/commits/main "HTTP/1.1 200 OK"
2026-08-03 12:22:53,862 | [FULL    ] | INFO | httpx | HTTP Request: GET https://huggingface.co/api/models/apple/mobilevit-small/discussions?p=0 "HTTP/1.1 200 OK"
2026-08-03 12:22:54,091 | [FULL    ] | INFO | httpx | HTTP Request: GET https://huggingface.co/api/models/apple/mobilevit-small/commits/refs%2Fpr%2F6 "HTTP/1.1 200 OK"
2026-08-03 12:22:54,327 | [FULL    ] | INFO | httpx | HTTP Request: HEAD https://huggingface.co/apple/mobilevit-small/resolve/refs%2Fpr%2F6/model.safetensors.index.json "HTTP/1.1 404 Not Found"
2026-08-03 12:22:54,539 | [FULL    ] | INFO | httpx | HTTP Request: HEAD https://huggingface.co/apple/mobilevit-small/resolve/refs%2Fpr%2F6/model.safetensors "HTTP/1.1 302 Found"
2026-08-03 12:22:55,117 | [FULL    ] | INFO | full_experiments_using.model_trainers.mobile_vit_trainer | Device: cuda | max_epochs=500 | batch=32 | eval_batch=256 | es_patience=30
2026-08-03 12:22:55,123 | [FULL    ] | INFO | full_experiments_using.model_trainers.mobile_vit_trainer | CE weights — HC: 1.105  MCI: 0.913
2026-08-03 12:23:23,350 | [FULL    ] | INFO | full_experiments_using.model_trainers.mobile_vit_trainer | Ep [001/500] T-Acc:  47.8%  V-Acc:  47.5%  V-AUROC: 0.4645  LR: 2.00e-04
2026-08-03 12:23:23,410 | [FULL    ] | INFO | full_experiments_using.model_trainers.mobile_vit_trainer |   ↳ new best AUROC; saved checkpoint: /home/oem/choihyunsu/VOGBasedMCIDetection/outputs/checkpoints/run_20260803_091247_full_wvote_artifact30_w0-5-10-10-0-15-30-30_strat_4err/fold_08_best.pth
2026-08-03 12:23:51,711 | [FULL    ] | INFO | full_experiments_using.model_trainers.mobile_vit_trainer | Ep [002/500] T-Acc:  48.8%  V-Acc:  47.8%  V-AUROC: 0.4663  LR: 4.00e-04
2026-08-03 12:23:51,907 | [FULL    ] | INFO | full_experiments_using.model_trainers.mobile_vit_trainer |   ↳ new best AUROC; saved checkpoint: /home/oem/choihyunsu/VOGBasedMCIDetection/outputs/checkpoints/run_20260803_091247_full_wvote_artifact30_w0-5-10-10-0-15-30-30_strat_4err/fold_08_best.pth
2026-08-03 12:24:20,115 | [FULL    ] | INFO | full_experiments_using.model_trainers.mobile_vit_trainer | Ep [003/500] T-Acc:  49.0%  V-Acc:  47.6%  V-AUROC: 0.4746  LR: 6.00e-04
2026-08-03 12:24:20,252 | [FULL    ] | INFO | full_experiments_using.model_trainers.mobile_vit_trainer |   ↳ new best AUROC; saved checkpoint: /home/oem/choihyunsu/VOGBasedMCIDetection/outputs/checkpoints/run_20260803_091247_full_wvote_artifact30_w0-5-10-10-0-15-30-30_strat_4err/fold_08_best.pth
2026-08-03 12:24:48,660 | [FULL    ] | INFO | full_experiments_using.model_trainers.mobile_vit_trainer | Ep [004/500] T-Acc:  50.1%  V-Acc:  49.0%  V-AUROC: 0.4936  LR: 8.00e-04
2026-08-03 12:24:48,793 | [FULL    ] | INFO | full_experiments_using.model_trainers.mobile_vit_trainer |   ↳ new best AUROC; saved checkpoint: /home/oem/choihyunsu/VOGBasedMCIDetection/outputs/checkpoints/run_20260803_091247_full_wvote_artifact30_w0-5-10-10-0-15-30-30_strat_4err/fold_08_best.pth
2026-08-03 12:25:16,697 | [FULL    ] | INFO | full_experiments_using.model_trainers.mobile_vit_trainer | Ep [005/500] T-Acc:  50.6%  V-Acc:  49.5%  V-AUROC: 0.4971  LR: 1.00e-03
2026-08-03 12:25:16,852 | [FULL    ] | INFO | full_experiments_using.model_trainers.mobile_vit_trainer |   ↳ new best AUROC; saved checkpoint: /home/oem/choihyunsu/VOGBasedMCIDetection/outputs/checkpoints/run_20260803_091247_full_wvote_artifact30_w0-5-10-10-0-15-30-30_strat_4err/fold_08_best.pth
2026-08-03 12:25:45,269 | [FULL    ] | INFO | full_experiments_using.model_trainers.mobile_vit_trainer | Ep [006/500] T-Acc:  50.9%  V-Acc:  50.9%  V-AUROC: 0.5206  LR: 1.00e-03
2026-08-03 12:25:45,455 | [FULL    ] | INFO | full_experiments_using.model_trainers.mobile_vit_trainer |   ↳ new best AUROC; saved checkpoint: /home/oem/choihyunsu/VOGBasedMCIDetection/outputs/checkpoints/run_20260803_091247_full_wvote_artifact30_w0-5-10-10-0-15-30-30_strat_4err/fold_08_best.pth
2026-08-03 12:26:11,876 | [FULL    ] | INFO | full_experiments_using.model_trainers.mobile_vit_trainer | Ep [007/500] T-Acc:  50.6%  V-Acc:  51.8%  V-AUROC: 0.5299  LR: 1.00e-03
2026-08-03 12:26:12,072 | [FULL    ] | INFO | full_experiments_using.model_trainers.mobile_vit_trainer |   ↳ new best AUROC; saved checkpoint: /home/oem/choihyunsu/VOGBasedMCIDetection/outputs/checkpoints/run_20260803_091247_full_wvote_artifact30_w0-5-10-10-0-15-30-30_strat_4err/fold_08_best.pth
2026-08-03 12:26:40,526 | [FULL    ] | INFO | full_experiments_using.model_trainers.mobile_vit_trainer | Ep [008/500] T-Acc:  51.4%  V-Acc:  53.5%  V-AUROC: 0.5667  LR: 1.00e-03
2026-08-03 12:26:40,714 | [FULL    ] | INFO | full_experiments_using.model_trainers.mobile_vit_trainer |   ↳ new best AUROC; saved checkpoint: /home/oem/choihyunsu/VOGBasedMCIDetection/outputs/checkpoints/run_20260803_091247_full_wvote_artifact30_w0-5-10-10-0-15-30-30_strat_4err/fold_08_best.pth
2026-08-03 12:27:08,702 | [FULL    ] | INFO | full_experiments_using.model_trainers.mobile_vit_trainer | Ep [009/500] T-Acc:  53.4%  V-Acc:  55.2%  V-AUROC: 0.5617  LR: 1.00e-03
2026-08-03 12:27:37,074 | [FULL    ] | INFO | full_experiments_using.model_trainers.mobile_vit_trainer | Ep [010/500] T-Acc:  54.1%  V-Acc:  54.8%  V-AUROC: 0.5721  LR: 1.00e-03
2026-08-03 12:27:37,243 | [FULL    ] | INFO | full_experiments_using.model_trainers.mobile_vit_trainer |   ↳ new best AUROC; saved checkpoint: /home/oem/choihyunsu/VOGBasedMCIDetection/outputs/checkpoints/run_20260803_091247_full_wvote_artifact30_w0-5-10-10-0-15-30-30_strat_4err/fold_08_best.pth
2026-08-03 12:28:05,353 | [FULL    ] | INFO | full_experiments_using.model_trainers.mobile_vit_trainer | Ep [011/500] T-Acc:  56.6%  V-Acc:  55.4%  V-AUROC: 0.5776  LR: 1.00e-03
2026-08-03 12:28:05,579 | [FULL    ] | INFO | full_experiments_using.model_trainers.mobile_vit_trainer |   ↳ new best AUROC; saved checkpoint: /home/oem/choihyunsu/VOGBasedMCIDetection/outputs/checkpoints/run_20260803_091247_full_wvote_artifact30_w0-5-10-10-0-15-30-30_strat_4err/fold_08_best.pth
2026-08-03 12:28:33,776 | [FULL    ] | INFO | full_experiments_using.model_trainers.mobile_vit_trainer | Ep [012/500] T-Acc:  55.2%  V-Acc:  55.5%  V-AUROC: 0.5744  LR: 1.00e-03
2026-08-03 12:29:01,293 | [FULL    ] | INFO | full_experiments_using.model_trainers.mobile_vit_trainer | Ep [013/500] T-Acc:  56.3%  V-Acc:  53.9%  V-AUROC: 0.5778  LR: 1.00e-03
2026-08-03 12:29:01,475 | [FULL    ] | INFO | full_experiments_using.model_trainers.mobile_vit_trainer |   ↳ new best AUROC; saved checkpoint: /home/oem/choihyunsu/VOGBasedMCIDetection/outputs/checkpoints/run_20260803_091247_full_wvote_artifact30_w0-5-10-10-0-15-30-30_strat_4err/fold_08_best.pth
2026-08-03 12:29:28,624 | [FULL    ] | INFO | full_experiments_using.model_trainers.mobile_vit_trainer | Ep [014/500] T-Acc:  55.8%  V-Acc:  54.9%  V-AUROC: 0.5782  LR: 1.00e-03
2026-08-03 12:29:28,807 | [FULL    ] | INFO | full_experiments_using.model_trainers.mobile_vit_trainer |   ↳ new best AUROC; saved checkpoint: /home/oem/choihyunsu/VOGBasedMCIDetection/outputs/checkpoints/run_20260803_091247_full_wvote_artifact30_w0-5-10-10-0-15-30-30_strat_4err/fold_08_best.pth
2026-08-03 12:29:55,029 | [FULL    ] | INFO | full_experiments_using.model_trainers.mobile_vit_trainer | Ep [015/500] T-Acc:  56.2%  V-Acc:  54.0%  V-AUROC: 0.5758  LR: 1.00e-03
2026-08-03 12:30:23,513 | [FULL    ] | INFO | full_experiments_using.model_trainers.mobile_vit_trainer | Ep [016/500] T-Acc:  58.5%  V-Acc:  54.8%  V-AUROC: 0.5779  LR: 1.00e-03
2026-08-03 12:30:51,022 | [FULL    ] | INFO | full_experiments_using.model_trainers.mobile_vit_trainer | Ep [017/500] T-Acc:  58.5%  V-Acc:  55.2%  V-AUROC: 0.5722  LR: 1.00e-03
2026-08-03 12:31:18,237 | [FULL    ] | INFO | full_experiments_using.model_trainers.mobile_vit_trainer | Ep [018/500] T-Acc:  58.7%  V-Acc:  53.5%  V-AUROC: 0.5740  LR: 1.00e-03
2026-08-03 12:31:44,625 | [FULL    ] | INFO | full_experiments_using.model_trainers.mobile_vit_trainer | Ep [019/500] T-Acc:  59.2%  V-Acc:  56.1%  V-AUROC: 0.5771  LR: 1.00e-03
2026-08-03 12:32:12,778 | [FULL    ] | INFO | full_experiments_using.model_trainers.mobile_vit_trainer | Ep [020/500] T-Acc:  59.5%  V-Acc:  54.2%  V-AUROC: 0.5740  LR: 1.00e-03
2026-08-03 12:32:40,784 | [FULL    ] | INFO | full_experiments_using.model_trainers.mobile_vit_trainer | Ep [021/500] T-Acc:  59.2%  V-Acc:  53.7%  V-AUROC: 0.5764  LR: 1.00e-03
2026-08-03 12:33:09,066 | [FULL    ] | INFO | full_experiments_using.model_trainers.mobile_vit_trainer | Ep [022/500] T-Acc:  59.3%  V-Acc:  54.7%  V-AUROC: 0.5704  LR: 1.00e-03
2026-08-03 12:33:37,085 | [FULL    ] | INFO | full_experiments_using.model_trainers.mobile_vit_trainer | Ep [023/500] T-Acc:  60.4%  V-Acc:  54.0%  V-AUROC: 0.5776  LR: 1.00e-03
2026-08-03 12:34:05,214 | [FULL    ] | INFO | full_experiments_using.model_trainers.mobile_vit_trainer | Ep [024/500] T-Acc:  59.2%  V-Acc:  53.8%  V-AUROC: 0.5780  LR: 1.00e-03
2026-08-03 12:34:33,440 | [FULL    ] | INFO | full_experiments_using.model_trainers.mobile_vit_trainer | Ep [025/500] T-Acc:  59.9%  V-Acc:  54.3%  V-AUROC: 0.5709  LR: 1.00e-03
2026-08-03 12:35:01,562 | [FULL    ] | INFO | full_experiments_using.model_trainers.mobile_vit_trainer | Ep [026/500] T-Acc:  60.0%  V-Acc:  54.4%  V-AUROC: 0.5724  LR: 2.00e-04
2026-08-03 12:35:29,896 | [FULL    ] | INFO | full_experiments_using.model_trainers.mobile_vit_trainer | Ep [027/500] T-Acc:  60.8%  V-Acc:  55.0%  V-AUROC: 0.5736  LR: 2.00e-04
2026-08-03 12:35:58,027 | [FULL    ] | INFO | full_experiments_using.model_trainers.mobile_vit_trainer | Ep [028/500] T-Acc:  61.2%  V-Acc:  54.3%  V-AUROC: 0.5718  LR: 2.00e-04
2026-08-03 12:36:26,475 | [FULL    ] | INFO | full_experiments_using.model_trainers.mobile_vit_trainer | Ep [029/500] T-Acc:  60.8%  V-Acc:  53.9%  V-AUROC: 0.5700  LR: 2.00e-04
2026-08-03 12:36:54,662 | [FULL    ] | INFO | full_experiments_using.model_trainers.mobile_vit_trainer | Ep [030/500] T-Acc:  60.8%  V-Acc:  54.6%  V-AUROC: 0.5737  LR: 2.00e-04
2026-08-03 12:37:22,628 | [FULL    ] | INFO | full_experiments_using.model_trainers.mobile_vit_trainer | Ep [031/500] T-Acc:  60.7%  V-Acc:  53.9%  V-AUROC: 0.5682  LR: 2.00e-04
2026-08-03 12:37:50,826 | [FULL    ] | INFO | full_experiments_using.model_trainers.mobile_vit_trainer | Ep [032/500] T-Acc:  61.2%  V-Acc:  54.6%  V-AUROC: 0.5725  LR: 2.00e-04
2026-08-03 12:38:19,052 | [FULL    ] | INFO | full_experiments_using.model_trainers.mobile_vit_trainer | Ep [033/500] T-Acc:  59.6%  V-Acc:  54.0%  V-AUROC: 0.5743  LR: 2.00e-04
2026-08-03 12:38:47,576 | [FULL    ] | INFO | full_experiments_using.model_trainers.mobile_vit_trainer | Ep [034/500] T-Acc:  60.1%  V-Acc:  54.8%  V-AUROC: 0.5797  LR: 2.00e-04
2026-08-03 12:38:47,695 | [FULL    ] | INFO | full_experiments_using.model_trainers.mobile_vit_trainer |   ↳ new best AUROC; saved checkpoint: /home/oem/choihyunsu/VOGBasedMCIDetection/outputs/checkpoints/run_20260803_091247_full_wvote_artifact30_w0-5-10-10-0-15-30-30_strat_4err/fold_08_best.pth
2026-08-03 12:39:15,975 | [FULL    ] | INFO | full_experiments_using.model_trainers.mobile_vit_trainer | Ep [035/500] T-Acc:  61.3%  V-Acc:  54.7%  V-AUROC: 0.5778  LR: 2.00e-04
2026-08-03 12:39:44,146 | [FULL    ] | INFO | full_experiments_using.model_trainers.mobile_vit_trainer | Ep [036/500] T-Acc:  61.2%  V-Acc:  53.9%  V-AUROC: 0.5774  LR: 2.00e-04
2026-08-03 12:40:12,455 | [FULL    ] | INFO | full_experiments_using.model_trainers.mobile_vit_trainer | Ep [037/500] T-Acc:  60.8%  V-Acc:  54.3%  V-AUROC: 0.5765  LR: 2.00e-04
2026-08-03 12:40:40,573 | [FULL    ] | INFO | full_experiments_using.model_trainers.mobile_vit_trainer | Ep [038/500] T-Acc:  61.3%  V-Acc:  54.3%  V-AUROC: 0.5746  LR: 2.00e-04
2026-08-03 12:41:08,689 | [FULL    ] | INFO | full_experiments_using.model_trainers.mobile_vit_trainer | Ep [039/500] T-Acc:  61.0%  V-Acc:  54.7%  V-AUROC: 0.5741  LR: 2.00e-04
2026-08-03 12:41:36,936 | [FULL    ] | INFO | full_experiments_using.model_trainers.mobile_vit_trainer | Ep [040/500] T-Acc:  62.0%  V-Acc:  54.4%  V-AUROC: 0.5793  LR: 2.00e-04
2026-08-03 12:42:05,338 | [FULL    ] | INFO | full_experiments_using.model_trainers.mobile_vit_trainer | Ep [041/500] T-Acc:  61.7%  V-Acc:  54.8%  V-AUROC: 0.5805  LR: 2.00e-04
2026-08-03 12:42:05,471 | [FULL    ] | INFO | full_experiments_using.model_trainers.mobile_vit_trainer |   ↳ new best AUROC; saved checkpoint: /home/oem/choihyunsu/VOGBasedMCIDetection/outputs/checkpoints/run_20260803_091247_full_wvote_artifact30_w0-5-10-10-0-15-30-30_strat_4err/fold_08_best.pth
2026-08-03 12:42:33,846 | [FULL    ] | INFO | full_experiments_using.model_trainers.mobile_vit_trainer | Ep [042/500] T-Acc:  60.5%  V-Acc:  53.8%  V-AUROC: 0.5780  LR: 2.00e-04
2026-08-03 12:43:02,050 | [FULL    ] | INFO | full_experiments_using.model_trainers.mobile_vit_trainer | Ep [043/500] T-Acc:  61.4%  V-Acc:  54.4%  V-AUROC: 0.5757  LR: 2.00e-04
2026-08-03 12:43:30,758 | [FULL    ] | INFO | full_experiments_using.model_trainers.mobile_vit_trainer | Ep [044/500] T-Acc:  61.3%  V-Acc:  54.3%  V-AUROC: 0.5812  LR: 2.00e-04
2026-08-03 12:43:30,881 | [FULL    ] | INFO | full_experiments_using.model_trainers.mobile_vit_trainer |   ↳ new best AUROC; saved checkpoint: /home/oem/choihyunsu/VOGBasedMCIDetection/outputs/checkpoints/run_20260803_091247_full_wvote_artifact30_w0-5-10-10-0-15-30-30_strat_4err/fold_08_best.pth
2026-08-03 12:43:57,814 | [FULL    ] | INFO | full_experiments_using.model_trainers.mobile_vit_trainer | Ep [045/500] T-Acc:  60.4%  V-Acc:  54.7%  V-AUROC: 0.5780  LR: 2.00e-04
2026-08-03 12:44:25,542 | [FULL    ] | INFO | full_experiments_using.model_trainers.mobile_vit_trainer | Ep [046/500] T-Acc:  60.9%  V-Acc:  53.9%  V-AUROC: 0.5761  LR: 2.00e-04
2026-08-03 12:44:53,980 | [FULL    ] | INFO | full_experiments_using.model_trainers.mobile_vit_trainer | Ep [047/500] T-Acc:  61.2%  V-Acc:  54.3%  V-AUROC: 0.5788  LR: 2.00e-04
2026-08-03 12:45:22,169 | [FULL    ] | INFO | full_experiments_using.model_trainers.mobile_vit_trainer | Ep [048/500] T-Acc:  61.5%  V-Acc:  53.8%  V-AUROC: 0.5758  LR: 2.00e-04
2026-08-03 12:45:50,287 | [FULL    ] | INFO | full_experiments_using.model_trainers.mobile_vit_trainer | Ep [049/500] T-Acc:  60.8%  V-Acc:  54.0%  V-AUROC: 0.5715  LR: 2.00e-04
2026-08-03 12:46:18,789 | [FULL    ] | INFO | full_experiments_using.model_trainers.mobile_vit_trainer | Ep [050/500] T-Acc:  61.3%  V-Acc:  53.8%  V-AUROC: 0.5742  LR: 2.00e-04
2026-08-03 12:46:47,022 | [FULL    ] | INFO | full_experiments_using.model_trainers.mobile_vit_trainer | Ep [051/500] T-Acc:  61.7%  V-Acc:  54.1%  V-AUROC: 0.5696  LR: 2.00e-04
2026-08-03 12:47:15,236 | [FULL    ] | INFO | full_experiments_using.model_trainers.mobile_vit_trainer | Ep [052/500] T-Acc:  61.0%  V-Acc:  54.3%  V-AUROC: 0.5738  LR: 2.00e-04
2026-08-03 12:47:43,404 | [FULL    ] | INFO | full_experiments_using.model_trainers.mobile_vit_trainer | Ep [053/500] T-Acc:  62.8%  V-Acc:  54.0%  V-AUROC: 0.5740  LR: 2.00e-04
2026-08-03 12:48:11,737 | [FULL    ] | INFO | full_experiments_using.model_trainers.mobile_vit_trainer | Ep [054/500] T-Acc:  60.7%  V-Acc:  54.3%  V-AUROC: 0.5737  LR: 2.00e-04
2026-08-03 12:48:40,049 | [FULL    ] | INFO | full_experiments_using.model_trainers.mobile_vit_trainer | Ep [055/500] T-Acc:  62.0%  V-Acc:  54.5%  V-AUROC: 0.5758  LR: 2.00e-04
2026-08-03 12:49:08,568 | [FULL    ] | INFO | full_experiments_using.model_trainers.mobile_vit_trainer | Ep [056/500] T-Acc:  61.3%  V-Acc:  53.7%  V-AUROC: 0.5762  LR: 4.00e-05
2026-08-03 12:49:36,929 | [FULL    ] | INFO | full_experiments_using.model_trainers.mobile_vit_trainer | Ep [057/500] T-Acc:  62.0%  V-Acc:  54.4%  V-AUROC: 0.5783  LR: 4.00e-05
2026-08-03 12:50:05,306 | [FULL    ] | INFO | full_experiments_using.model_trainers.mobile_vit_trainer | Ep [058/500] T-Acc:  62.0%  V-Acc:  53.8%  V-AUROC: 0.5792  LR: 4.00e-05
2026-08-03 12:50:33,629 | [FULL    ] | INFO | full_experiments_using.model_trainers.mobile_vit_trainer | Ep [059/500] T-Acc:  61.6%  V-Acc:  54.5%  V-AUROC: 0.5796  LR: 4.00e-05
2026-08-03 12:51:01,855 | [FULL    ] | INFO | full_experiments_using.model_trainers.mobile_vit_trainer | Ep [060/500] T-Acc:  61.6%  V-Acc:  54.5%  V-AUROC: 0.5775  LR: 4.00e-05
2026-08-03 12:51:30,356 | [FULL    ] | INFO | full_experiments_using.model_trainers.mobile_vit_trainer | Ep [061/500] T-Acc:  62.1%  V-Acc:  54.0%  V-AUROC: 0.5711  LR: 4.00e-05
2026-08-03 12:51:58,790 | [FULL    ] | INFO | full_experiments_using.model_trainers.mobile_vit_trainer | Ep [062/500] T-Acc:  61.4%  V-Acc:  54.1%  V-AUROC: 0.5741  LR: 4.00e-05
2026-08-03 12:52:23,445 | [FULL    ] | INFO | full_experiments_using.model_trainers.mobile_vit_trainer | Ep [063/500] T-Acc:  62.2%  V-Acc:  54.3%  V-AUROC: 0.5747  LR: 4.00e-05
2026-08-03 12:52:50,798 | [FULL    ] | INFO | full_experiments_using.model_trainers.mobile_vit_trainer | Ep [064/500] T-Acc:  61.0%  V-Acc:  54.4%  V-AUROC: 0.5761  LR: 4.00e-05
2026-08-03 12:53:16,385 | [FULL    ] | INFO | full_experiments_using.model_trainers.mobile_vit_trainer | Ep [065/500] T-Acc:  62.3%  V-Acc:  54.8%  V-AUROC: 0.5772  LR: 4.00e-05
2026-08-03 12:53:44,668 | [FULL    ] | INFO | full_experiments_using.model_trainers.mobile_vit_trainer | Ep [066/500] T-Acc:  60.3%  V-Acc:  53.7%  V-AUROC: 0.5768  LR: 4.00e-05
2026-08-03 12:54:13,014 | [FULL    ] | INFO | full_experiments_using.model_trainers.mobile_vit_trainer | Ep [067/500] T-Acc:  61.8%  V-Acc:  53.6%  V-AUROC: 0.5756  LR: 8.00e-06
2026-08-03 12:54:41,353 | [FULL    ] | INFO | full_experiments_using.model_trainers.mobile_vit_trainer | Ep [068/500] T-Acc:  61.9%  V-Acc:  54.6%  V-AUROC: 0.5769  LR: 8.00e-06
2026-08-03 12:55:09,673 | [FULL    ] | INFO | full_experiments_using.model_trainers.mobile_vit_trainer | Ep [069/500] T-Acc:  61.5%  V-Acc:  54.1%  V-AUROC: 0.5771  LR: 8.00e-06
2026-08-03 12:55:38,070 | [FULL    ] | INFO | full_experiments_using.model_trainers.mobile_vit_trainer | Ep [070/500] T-Acc:  62.3%  V-Acc:  54.4%  V-AUROC: 0.5751  LR: 8.00e-06
2026-08-03 12:56:06,437 | [FULL    ] | INFO | full_experiments_using.model_trainers.mobile_vit_trainer | Ep [071/500] T-Acc:  63.1%  V-Acc:  54.1%  V-AUROC: 0.5761  LR: 8.00e-06
2026-08-03 12:56:34,949 | [FULL    ] | INFO | full_experiments_using.model_trainers.mobile_vit_trainer | Ep [072/500] T-Acc:  61.4%  V-Acc:  53.5%  V-AUROC: 0.5730  LR: 8.00e-06
2026-08-03 12:57:03,038 | [FULL    ] | INFO | full_experiments_using.model_trainers.mobile_vit_trainer | Ep [073/500] T-Acc:  62.7%  V-Acc:  54.7%  V-AUROC: 0.5750  LR: 8.00e-06
2026-08-03 12:57:31,287 | [FULL    ] | INFO | full_experiments_using.model_trainers.mobile_vit_trainer | Ep [074/500] T-Acc:  61.9%  V-Acc:  54.8%  V-AUROC: 0.5782  LR: 8.00e-06
2026-08-03 12:57:31,287 | [FULL    ] | INFO | full_experiments_using.model_trainers.mobile_vit_trainer | Early stop — best AUROC 0.5812 at epoch 44 (no improvement for 30 epochs)
2026-08-03 12:57:31,287 | [FULL    ] | INFO | full_experiments_using.model_trainers.mobile_vit_trainer | Done. Best AUROC: 0.5812 (epoch 44) → /home/oem/choihyunsu/VOGBasedMCIDetection/outputs/checkpoints/run_20260803_091247_full_wvote_artifact30_w0-5-10-10-0-15-30-30_strat_4err/fold_08_best.pth
2026-08-03 12:57:40,523 | [FULL    ] | INFO | full_experiments_using.evaluators.monte_carlo_evaluator | -> Fold 09 Result | Acc=0.636 Sens=0.571 Spec=0.750 AUROC=0.679
2026-08-03 12:57:40,558 | [FULL    ] | INFO | full_experiments_using.evaluators.monte_carlo_evaluator | === Fold 10/30 | train: 25 subj (HC=10 MCI=15) / 3927 win | test: 12 subj (HC=4 MCI=8) / 1788 win ===
2026-08-03 12:57:40,805 | [FULL    ] | INFO | httpx | HTTP Request: HEAD https://huggingface.co/apple/mobilevit-small/resolve/main/config.json "HTTP/1.1 307 Temporary Redirect"
2026-08-03 12:57:40,820 | [FULL    ] | INFO | httpx | HTTP Request: HEAD https://huggingface.co/api/resolve-cache/models/apple/mobilevit-small/6c8612545dc98676d27bc518fa521d9e9af23e34/config.json "HTTP/1.1 200 OK"
2026-08-03 12:57:41,062 | [FULL    ] | INFO | httpx | HTTP Request: HEAD https://huggingface.co/apple/mobilevit-small/resolve/main/model.safetensors "HTTP/1.1 404 Not Found"
2026-08-03 12:57:41,265 | [FULL    ] | INFO | httpx | HTTP Request: HEAD https://huggingface.co/apple/mobilevit-small/resolve/main/model.safetensors.index.json "HTTP/1.1 404 Not Found"
2026-08-03 12:57:41,480 | [FULL    ] | INFO | httpx | HTTP Request: HEAD https://huggingface.co/apple/mobilevit-small/resolve/main/pytorch_model.bin "HTTP/1.1 302 Found"
2026-08-03 12:57:41,687 | [FULL    ] | INFO | httpx | HTTP Request: HEAD https://huggingface.co/apple/mobilevit-small/resolve/main/model.safetensors "HTTP/1.1 404 Not Found"
2026-08-03 12:57:41,904 | [FULL    ] | INFO | httpx | HTTP Request: GET https://huggingface.co/api/models/apple/mobilevit-small "HTTP/1.1 200 OK"
2026-08-03 12:57:42,173 | [FULL    ] | INFO | httpx | HTTP Request: GET https://huggingface.co/api/models/apple/mobilevit-small/commits/main "HTTP/1.1 200 OK"
2026-08-03 12:57:42,403 | [FULL    ] | INFO | httpx | HTTP Request: GET https://huggingface.co/api/models/apple/mobilevit-small/discussions?p=0 "HTTP/1.1 200 OK"
2026-08-03 12:57:42,627 | [FULL    ] | INFO | httpx | HTTP Request: GET https://huggingface.co/api/models/apple/mobilevit-small/commits/refs%2Fpr%2F6 "HTTP/1.1 200 OK"
2026-08-03 12:57:42,868 | [FULL    ] | INFO | httpx | HTTP Request: HEAD https://huggingface.co/apple/mobilevit-small/resolve/refs%2Fpr%2F6/model.safetensors.index.json "HTTP/1.1 404 Not Found"
2026-08-03 12:57:43,081 | [FULL    ] | INFO | httpx | HTTP Request: HEAD https://huggingface.co/apple/mobilevit-small/resolve/refs%2Fpr%2F6/model.safetensors "HTTP/1.1 302 Found"
2026-08-03 12:57:43,757 | [FULL    ] | INFO | full_experiments_using.model_trainers.mobile_vit_trainer | Device: cuda | max_epochs=500 | batch=32 | eval_batch=256 | es_patience=30
2026-08-03 12:57:43,769 | [FULL    ] | INFO | full_experiments_using.model_trainers.mobile_vit_trainer | CE weights — HC: 1.091  MCI: 0.923
2026-08-03 12:58:32,480 | [FULL    ] | INFO | full_experiments_using.model_trainers.mobile_vit_trainer | Ep [001/500] T-Acc:  47.8%  V-Acc:  45.8%  V-AUROC: 0.4858  LR: 2.00e-04
2026-08-03 12:58:32,583 | [FULL    ] | INFO | full_experiments_using.model_trainers.mobile_vit_trainer |   ↳ new best AUROC; saved checkpoint: /home/oem/choihyunsu/VOGBasedMCIDetection/outputs/checkpoints/run_20260803_091247_full_wvote_artifact30_w0-5-10-10-0-15-30-30_strat_4err/fold_09_best.pth
2026-08-03 12:59:00,929 | [FULL    ] | INFO | full_experiments_using.model_trainers.mobile_vit_trainer | Ep [002/500] T-Acc:  49.0%  V-Acc:  44.8%  V-AUROC: 0.4941  LR: 4.00e-04
2026-08-03 12:59:01,047 | [FULL    ] | INFO | full_experiments_using.model_trainers.mobile_vit_trainer |   ↳ new best AUROC; saved checkpoint: /home/oem/choihyunsu/VOGBasedMCIDetection/outputs/checkpoints/run_20260803_091247_full_wvote_artifact30_w0-5-10-10-0-15-30-30_strat_4err/fold_09_best.pth
2026-08-03 12:59:29,548 | [FULL    ] | INFO | full_experiments_using.model_trainers.mobile_vit_trainer | Ep [003/500] T-Acc:  49.3%  V-Acc:  46.7%  V-AUROC: 0.4946  LR: 6.00e-04
2026-08-03 12:59:29,666 | [FULL    ] | INFO | full_experiments_using.model_trainers.mobile_vit_trainer |   ↳ new best AUROC; saved checkpoint: /home/oem/choihyunsu/VOGBasedMCIDetection/outputs/checkpoints/run_20260803_091247_full_wvote_artifact30_w0-5-10-10-0-15-30-30_strat_4err/fold_09_best.pth
2026-08-03 12:59:58,016 | [FULL    ] | INFO | full_experiments_using.model_trainers.mobile_vit_trainer | Ep [004/500] T-Acc:  50.0%  V-Acc:  48.7%  V-AUROC: 0.5106  LR: 8.00e-04
2026-08-03 12:59:58,266 | [FULL    ] | INFO | full_experiments_using.model_trainers.mobile_vit_trainer |   ↳ new best AUROC; saved checkpoint: /home/oem/choihyunsu/VOGBasedMCIDetection/outputs/checkpoints/run_20260803_091247_full_wvote_artifact30_w0-5-10-10-0-15-30-30_strat_4err/fold_09_best.pth
2026-08-03 13:00:26,785 | [FULL    ] | INFO | full_experiments_using.model_trainers.mobile_vit_trainer | Ep [005/500] T-Acc:  51.1%  V-Acc:  50.6%  V-AUROC: 0.5164  LR: 1.00e-03
2026-08-03 13:00:26,909 | [FULL    ] | INFO | full_experiments_using.model_trainers.mobile_vit_trainer |   ↳ new best AUROC; saved checkpoint: /home/oem/choihyunsu/VOGBasedMCIDetection/outputs/checkpoints/run_20260803_091247_full_wvote_artifact30_w0-5-10-10-0-15-30-30_strat_4err/fold_09_best.pth
2026-08-03 13:00:55,218 | [FULL    ] | INFO | full_experiments_using.model_trainers.mobile_vit_trainer | Ep [006/500] T-Acc:  52.7%  V-Acc:  51.6%  V-AUROC: 0.5400  LR: 1.00e-03
2026-08-03 13:00:55,308 | [FULL    ] | INFO | full_experiments_using.model_trainers.mobile_vit_trainer |   ↳ new best AUROC; saved checkpoint: /home/oem/choihyunsu/VOGBasedMCIDetection/outputs/checkpoints/run_20260803_091247_full_wvote_artifact30_w0-5-10-10-0-15-30-30_strat_4err/fold_09_best.pth
2026-08-03 13:01:23,720 | [FULL    ] | INFO | full_experiments_using.model_trainers.mobile_vit_trainer | Ep [007/500] T-Acc:  52.9%  V-Acc:  52.5%  V-AUROC: 0.5403  LR: 1.00e-03
2026-08-03 13:01:23,841 | [FULL    ] | INFO | full_experiments_using.model_trainers.mobile_vit_trainer |   ↳ new best AUROC; saved checkpoint: /home/oem/choihyunsu/VOGBasedMCIDetection/outputs/checkpoints/run_20260803_091247_full_wvote_artifact30_w0-5-10-10-0-15-30-30_strat_4err/fold_09_best.pth
2026-08-03 13:01:52,335 | [FULL    ] | INFO | full_experiments_using.model_trainers.mobile_vit_trainer | Ep [008/500] T-Acc:  54.8%  V-Acc:  52.3%  V-AUROC: 0.5590  LR: 1.00e-03
2026-08-03 13:01:52,583 | [FULL    ] | INFO | full_experiments_using.model_trainers.mobile_vit_trainer |   ↳ new best AUROC; saved checkpoint: /home/oem/choihyunsu/VOGBasedMCIDetection/outputs/checkpoints/run_20260803_091247_full_wvote_artifact30_w0-5-10-10-0-15-30-30_strat_4err/fold_09_best.pth
2026-08-03 13:02:20,930 | [FULL    ] | INFO | full_experiments_using.model_trainers.mobile_vit_trainer | Ep [009/500] T-Acc:  55.3%  V-Acc:  53.6%  V-AUROC: 0.5566  LR: 1.00e-03
2026-08-03 13:02:49,337 | [FULL    ] | INFO | full_experiments_using.model_trainers.mobile_vit_trainer | Ep [010/500] T-Acc:  55.2%  V-Acc:  54.7%  V-AUROC: 0.5722  LR: 1.00e-03
2026-08-03 13:02:49,488 | [FULL    ] | INFO | full_experiments_using.model_trainers.mobile_vit_trainer |   ↳ new best AUROC; saved checkpoint: /home/oem/choihyunsu/VOGBasedMCIDetection/outputs/checkpoints/run_20260803_091247_full_wvote_artifact30_w0-5-10-10-0-15-30-30_strat_4err/fold_09_best.pth
2026-08-03 13:03:17,799 | [FULL    ] | INFO | full_experiments_using.model_trainers.mobile_vit_trainer | Ep [011/500] T-Acc:  56.1%  V-Acc:  54.4%  V-AUROC: 0.5596  LR: 1.00e-03
2026-08-03 13:03:46,087 | [FULL    ] | INFO | full_experiments_using.model_trainers.mobile_vit_trainer | Ep [012/500] T-Acc:  58.0%  V-Acc:  53.4%  V-AUROC: 0.5483  LR: 1.00e-03
2026-08-03 13:04:14,573 | [FULL    ] | INFO | full_experiments_using.model_trainers.mobile_vit_trainer | Ep [013/500] T-Acc:  57.3%  V-Acc:  54.1%  V-AUROC: 0.5578  LR: 1.00e-03
2026-08-03 13:04:43,067 | [FULL    ] | INFO | full_experiments_using.model_trainers.mobile_vit_trainer | Ep [014/500] T-Acc:  57.9%  V-Acc:  54.9%  V-AUROC: 0.5611  LR: 1.00e-03
2026-08-03 13:05:11,591 | [FULL    ] | INFO | full_experiments_using.model_trainers.mobile_vit_trainer | Ep [015/500] T-Acc:  57.4%  V-Acc:  54.5%  V-AUROC: 0.5726  LR: 1.00e-03
2026-08-03 13:05:11,701 | [FULL    ] | INFO | full_experiments_using.model_trainers.mobile_vit_trainer |   ↳ new best AUROC; saved checkpoint: /home/oem/choihyunsu/VOGBasedMCIDetection/outputs/checkpoints/run_20260803_091247_full_wvote_artifact30_w0-5-10-10-0-15-30-30_strat_4err/fold_09_best.pth
2026-08-03 13:05:40,003 | [FULL    ] | INFO | full_experiments_using.model_trainers.mobile_vit_trainer | Ep [016/500] T-Acc:  60.3%  V-Acc:  55.3%  V-AUROC: 0.5608  LR: 1.00e-03
2026-08-03 13:06:08,312 | [FULL    ] | INFO | full_experiments_using.model_trainers.mobile_vit_trainer | Ep [017/500] T-Acc:  58.6%  V-Acc:  55.5%  V-AUROC: 0.5699  LR: 1.00e-03
2026-08-03 13:06:36,821 | [FULL    ] | INFO | full_experiments_using.model_trainers.mobile_vit_trainer | Ep [018/500] T-Acc:  59.3%  V-Acc:  56.5%  V-AUROC: 0.5710  LR: 1.00e-03
2026-08-03 13:07:05,505 | [FULL    ] | INFO | full_experiments_using.model_trainers.mobile_vit_trainer | Ep [019/500] T-Acc:  59.9%  V-Acc:  56.4%  V-AUROC: 0.5859  LR: 1.00e-03
2026-08-03 13:07:05,648 | [FULL    ] | INFO | full_experiments_using.model_trainers.mobile_vit_trainer |   ↳ new best AUROC; saved checkpoint: /home/oem/choihyunsu/VOGBasedMCIDetection/outputs/checkpoints/run_20260803_091247_full_wvote_artifact30_w0-5-10-10-0-15-30-30_strat_4err/fold_09_best.pth
2026-08-03 13:07:34,157 | [FULL    ] | INFO | full_experiments_using.model_trainers.mobile_vit_trainer | Ep [020/500] T-Acc:  60.3%  V-Acc:  57.0%  V-AUROC: 0.5798  LR: 1.00e-03
2026-08-03 13:08:02,654 | [FULL    ] | INFO | full_experiments_using.model_trainers.mobile_vit_trainer | Ep [021/500] T-Acc:  60.4%  V-Acc:  57.9%  V-AUROC: 0.5780  LR: 1.00e-03
2026-08-03 13:08:31,099 | [FULL    ] | INFO | full_experiments_using.model_trainers.mobile_vit_trainer | Ep [022/500] T-Acc:  62.0%  V-Acc:  57.2%  V-AUROC: 0.5822  LR: 1.00e-03
2026-08-03 13:08:59,551 | [FULL    ] | INFO | full_experiments_using.model_trainers.mobile_vit_trainer | Ep [023/500] T-Acc:  61.3%  V-Acc:  56.7%  V-AUROC: 0.5797  LR: 1.00e-03
2026-08-03 13:09:28,021 | [FULL    ] | INFO | full_experiments_using.model_trainers.mobile_vit_trainer | Ep [024/500] T-Acc:  62.2%  V-Acc:  56.2%  V-AUROC: 0.5701  LR: 1.00e-03
2026-08-03 13:09:56,425 | [FULL    ] | INFO | full_experiments_using.model_trainers.mobile_vit_trainer | Ep [025/500] T-Acc:  61.5%  V-Acc:  57.3%  V-AUROC: 0.5784  LR: 1.00e-03
2026-08-03 13:10:24,955 | [FULL    ] | INFO | full_experiments_using.model_trainers.mobile_vit_trainer | Ep [026/500] T-Acc:  61.5%  V-Acc:  56.2%  V-AUROC: 0.5794  LR: 1.00e-03
2026-08-03 13:10:53,237 | [FULL    ] | INFO | full_experiments_using.model_trainers.mobile_vit_trainer | Ep [027/500] T-Acc:  62.2%  V-Acc:  56.7%  V-AUROC: 0.5704  LR: 1.00e-03
2026-08-03 13:11:21,734 | [FULL    ] | INFO | full_experiments_using.model_trainers.mobile_vit_trainer | Ep [028/500] T-Acc:  62.5%  V-Acc:  56.3%  V-AUROC: 0.5697  LR: 1.00e-03
2026-08-03 13:11:50,282 | [FULL    ] | INFO | full_experiments_using.model_trainers.mobile_vit_trainer | Ep [029/500] T-Acc:  63.1%  V-Acc:  55.8%  V-AUROC: 0.5785  LR: 1.00e-03
2026-08-03 13:12:18,654 | [FULL    ] | INFO | full_experiments_using.model_trainers.mobile_vit_trainer | Ep [030/500] T-Acc:  62.0%  V-Acc:  55.5%  V-AUROC: 0.5742  LR: 1.00e-03
2026-08-03 13:12:47,023 | [FULL    ] | INFO | full_experiments_using.model_trainers.mobile_vit_trainer | Ep [031/500] T-Acc:  62.3%  V-Acc:  56.1%  V-AUROC: 0.5771  LR: 2.00e-04
2026-08-03 13:13:15,489 | [FULL    ] | INFO | full_experiments_using.model_trainers.mobile_vit_trainer | Ep [032/500] T-Acc:  62.7%  V-Acc:  56.3%  V-AUROC: 0.5726  LR: 2.00e-04
2026-08-03 13:13:43,875 | [FULL    ] | INFO | full_experiments_using.model_trainers.mobile_vit_trainer | Ep [033/500] T-Acc:  63.4%  V-Acc:  55.8%  V-AUROC: 0.5755  LR: 2.00e-04
2026-08-03 13:14:12,270 | [FULL    ] | INFO | full_experiments_using.model_trainers.mobile_vit_trainer | Ep [034/500] T-Acc:  63.3%  V-Acc:  56.0%  V-AUROC: 0.5754  LR: 2.00e-04
2026-08-03 13:14:40,696 | [FULL    ] | INFO | full_experiments_using.model_trainers.mobile_vit_trainer | Ep [035/500] T-Acc:  62.5%  V-Acc:  55.3%  V-AUROC: 0.5745  LR: 2.00e-04
2026-08-03 13:15:09,020 | [FULL    ] | INFO | full_experiments_using.model_trainers.mobile_vit_trainer | Ep [036/500] T-Acc:  63.0%  V-Acc:  57.0%  V-AUROC: 0.5735  LR: 2.00e-04
2026-08-03 13:15:37,803 | [FULL    ] | INFO | full_experiments_using.model_trainers.mobile_vit_trainer | Ep [037/500] T-Acc:  64.0%  V-Acc:  57.6%  V-AUROC: 0.5771  LR: 2.00e-04
2026-08-03 13:16:06,352 | [FULL    ] | INFO | full_experiments_using.model_trainers.mobile_vit_trainer | Ep [038/500] T-Acc:  63.9%  V-Acc:  55.6%  V-AUROC: 0.5718  LR: 2.00e-04
2026-08-03 13:16:34,667 | [FULL    ] | INFO | full_experiments_using.model_trainers.mobile_vit_trainer | Ep [039/500] T-Acc:  63.0%  V-Acc:  57.0%  V-AUROC: 0.5762  LR: 2.00e-04
2026-08-03 13:17:03,137 | [FULL    ] | INFO | full_experiments_using.model_trainers.mobile_vit_trainer | Ep [040/500] T-Acc:  63.1%  V-Acc:  56.4%  V-AUROC: 0.5741  LR: 2.00e-04
2026-08-03 13:17:31,473 | [FULL    ] | INFO | full_experiments_using.model_trainers.mobile_vit_trainer | Ep [041/500] T-Acc:  62.9%  V-Acc:  56.3%  V-AUROC: 0.5756  LR: 2.00e-04
2026-08-03 13:17:59,996 | [FULL    ] | INFO | full_experiments_using.model_trainers.mobile_vit_trainer | Ep [042/500] T-Acc:  63.9%  V-Acc:  56.3%  V-AUROC: 0.5748  LR: 4.00e-05
2026-08-03 13:18:28,407 | [FULL    ] | INFO | full_experiments_using.model_trainers.mobile_vit_trainer | Ep [043/500] T-Acc:  64.1%  V-Acc:  56.5%  V-AUROC: 0.5782  LR: 4.00e-05
2026-08-03 13:18:56,686 | [FULL    ] | INFO | full_experiments_using.model_trainers.mobile_vit_trainer | Ep [044/500] T-Acc:  63.4%  V-Acc:  55.8%  V-AUROC: 0.5731  LR: 4.00e-05
2026-08-03 13:19:25,089 | [FULL    ] | INFO | full_experiments_using.model_trainers.mobile_vit_trainer | Ep [045/500] T-Acc:  63.3%  V-Acc:  56.4%  V-AUROC: 0.5767  LR: 4.00e-05
2026-08-03 13:19:53,504 | [FULL    ] | INFO | full_experiments_using.model_trainers.mobile_vit_trainer | Ep [046/500] T-Acc:  62.9%  V-Acc:  56.4%  V-AUROC: 0.5777  LR: 4.00e-05
2026-08-03 13:20:22,280 | [FULL    ] | INFO | full_experiments_using.model_trainers.mobile_vit_trainer | Ep [047/500] T-Acc:  63.7%  V-Acc:  55.9%  V-AUROC: 0.5760  LR: 4.00e-05
2026-08-03 13:20:49,238 | [FULL    ] | INFO | full_experiments_using.model_trainers.mobile_vit_trainer | Ep [048/500] T-Acc:  62.8%  V-Acc:  55.7%  V-AUROC: 0.5771  LR: 4.00e-05
2026-08-03 13:21:17,258 | [FULL    ] | INFO | full_experiments_using.model_trainers.mobile_vit_trainer | Ep [049/500] T-Acc:  64.2%  V-Acc:  55.9%  V-AUROC: 0.5750  LR: 4.00e-05
2026-08-03 13:21:17,258 | [FULL    ] | INFO | full_experiments_using.model_trainers.mobile_vit_trainer | Early stop — best AUROC 0.5859 at epoch 19 (no improvement for 30 epochs)
2026-08-03 13:21:17,258 | [FULL    ] | INFO | full_experiments_using.model_trainers.mobile_vit_trainer | Done. Best AUROC: 0.5859 (epoch 19) → /home/oem/choihyunsu/VOGBasedMCIDetection/outputs/checkpoints/run_20260803_091247_full_wvote_artifact30_w0-5-10-10-0-15-30-30_strat_4err/fold_09_best.pth
2026-08-03 13:21:27,673 | [FULL    ] | INFO | full_experiments_using.evaluators.monte_carlo_evaluator | -> Fold 10 Result | Acc=0.800 Sens=0.714 Spec=1.000 AUROC=1.000
2026-08-03 13:21:27,730 | [FULL    ] | INFO | full_experiments_using.evaluators.monte_carlo_evaluator | === Fold 11/30 | train: 25 subj (HC=10 MCI=15) / 3866 win | test: 12 subj (HC=4 MCI=8) / 1849 win ===
2026-08-03 13:21:27,972 | [FULL    ] | INFO | httpx | HTTP Request: HEAD https://huggingface.co/apple/mobilevit-small/resolve/main/config.json "HTTP/1.1 307 Temporary Redirect"
2026-08-03 13:21:27,990 | [FULL    ] | INFO | httpx | HTTP Request: HEAD https://huggingface.co/api/resolve-cache/models/apple/mobilevit-small/6c8612545dc98676d27bc518fa521d9e9af23e34/config.json "HTTP/1.1 200 OK"
2026-08-03 13:21:28,262 | [FULL    ] | INFO | httpx | HTTP Request: HEAD https://huggingface.co/apple/mobilevit-small/resolve/main/model.safetensors "HTTP/1.1 404 Not Found"
2026-08-03 13:21:28,490 | [FULL    ] | INFO | httpx | HTTP Request: HEAD https://huggingface.co/apple/mobilevit-small/resolve/main/model.safetensors.index.json "HTTP/1.1 404 Not Found"
2026-08-03 13:21:28,701 | [FULL    ] | INFO | httpx | HTTP Request: HEAD https://huggingface.co/apple/mobilevit-small/resolve/main/pytorch_model.bin "HTTP/1.1 302 Found"
2026-08-03 13:21:28,927 | [FULL    ] | INFO | httpx | HTTP Request: HEAD https://huggingface.co/apple/mobilevit-small/resolve/main/model.safetensors "HTTP/1.1 404 Not Found"
2026-08-03 13:21:29,147 | [FULL    ] | INFO | httpx | HTTP Request: GET https://huggingface.co/api/models/apple/mobilevit-small "HTTP/1.1 200 OK"
2026-08-03 13:21:29,429 | [FULL    ] | INFO | httpx | HTTP Request: GET https://huggingface.co/api/models/apple/mobilevit-small/commits/main "HTTP/1.1 200 OK"
2026-08-03 13:21:29,665 | [FULL    ] | INFO | httpx | HTTP Request: GET https://huggingface.co/api/models/apple/mobilevit-small/discussions?p=0 "HTTP/1.1 200 OK"
2026-08-03 13:21:29,902 | [FULL    ] | INFO | httpx | HTTP Request: GET https://huggingface.co/api/models/apple/mobilevit-small/commits/refs%2Fpr%2F6 "HTTP/1.1 200 OK"
2026-08-03 13:21:30,119 | [FULL    ] | INFO | httpx | HTTP Request: HEAD https://huggingface.co/apple/mobilevit-small/resolve/refs%2Fpr%2F6/model.safetensors.index.json "HTTP/1.1 404 Not Found"
2026-08-03 13:21:30,329 | [FULL    ] | INFO | httpx | HTTP Request: HEAD https://huggingface.co/apple/mobilevit-small/resolve/refs%2Fpr%2F6/model.safetensors "HTTP/1.1 302 Found"
2026-08-03 13:21:31,108 | [FULL    ] | INFO | full_experiments_using.model_trainers.mobile_vit_trainer | Device: cuda | max_epochs=500 | batch=32 | eval_batch=256 | es_patience=30
2026-08-03 13:21:31,118 | [FULL    ] | INFO | full_experiments_using.model_trainers.mobile_vit_trainer | CE weights — HC: 1.106  MCI: 0.913
2026-08-03 13:22:05,487 | [FULL    ] | INFO | full_experiments_using.model_trainers.mobile_vit_trainer | Ep [001/500] T-Acc:  51.3%  V-Acc:  56.2%  V-AUROC: 0.5119  LR: 2.00e-04
2026-08-03 13:22:05,547 | [FULL    ] | INFO | full_experiments_using.model_trainers.mobile_vit_trainer |   ↳ new best AUROC; saved checkpoint: /home/oem/choihyunsu/VOGBasedMCIDetection/outputs/checkpoints/run_20260803_091247_full_wvote_artifact30_w0-5-10-10-0-15-30-30_strat_4err/fold_10_best.pth
2026-08-03 13:22:33,503 | [FULL    ] | INFO | full_experiments_using.model_trainers.mobile_vit_trainer | Ep [002/500] T-Acc:  51.6%  V-Acc:  58.1%  V-AUROC: 0.5365  LR: 4.00e-04
2026-08-03 13:22:33,654 | [FULL    ] | INFO | full_experiments_using.model_trainers.mobile_vit_trainer |   ↳ new best AUROC; saved checkpoint: /home/oem/choihyunsu/VOGBasedMCIDetection/outputs/checkpoints/run_20260803_091247_full_wvote_artifact30_w0-5-10-10-0-15-30-30_strat_4err/fold_10_best.pth
2026-08-03 13:23:00,418 | [FULL    ] | INFO | full_experiments_using.model_trainers.mobile_vit_trainer | Ep [003/500] T-Acc:  52.0%  V-Acc:  57.9%  V-AUROC: 0.5330  LR: 6.00e-04
2026-08-03 13:23:28,247 | [FULL    ] | INFO | full_experiments_using.model_trainers.mobile_vit_trainer | Ep [004/500] T-Acc:  51.8%  V-Acc:  56.2%  V-AUROC: 0.5422  LR: 8.00e-04
2026-08-03 13:23:28,435 | [FULL    ] | INFO | full_experiments_using.model_trainers.mobile_vit_trainer |   ↳ new best AUROC; saved checkpoint: /home/oem/choihyunsu/VOGBasedMCIDetection/outputs/checkpoints/run_20260803_091247_full_wvote_artifact30_w0-5-10-10-0-15-30-30_strat_4err/fold_10_best.pth
2026-08-03 13:23:56,568 | [FULL    ] | INFO | full_experiments_using.model_trainers.mobile_vit_trainer | Ep [005/500] T-Acc:  53.4%  V-Acc:  54.6%  V-AUROC: 0.5432  LR: 1.00e-03
2026-08-03 13:23:56,722 | [FULL    ] | INFO | full_experiments_using.model_trainers.mobile_vit_trainer |   ↳ new best AUROC; saved checkpoint: /home/oem/choihyunsu/VOGBasedMCIDetection/outputs/checkpoints/run_20260803_091247_full_wvote_artifact30_w0-5-10-10-0-15-30-30_strat_4err/fold_10_best.pth
2026-08-03 13:24:24,819 | [FULL    ] | INFO | full_experiments_using.model_trainers.mobile_vit_trainer | Ep [006/500] T-Acc:  54.6%  V-Acc:  55.8%  V-AUROC: 0.5514  LR: 1.00e-03
2026-08-03 13:24:24,987 | [FULL    ] | INFO | full_experiments_using.model_trainers.mobile_vit_trainer |   ↳ new best AUROC; saved checkpoint: /home/oem/choihyunsu/VOGBasedMCIDetection/outputs/checkpoints/run_20260803_091247_full_wvote_artifact30_w0-5-10-10-0-15-30-30_strat_4err/fold_10_best.pth
2026-08-03 13:24:53,304 | [FULL    ] | INFO | full_experiments_using.model_trainers.mobile_vit_trainer | Ep [007/500] T-Acc:  54.7%  V-Acc:  57.3%  V-AUROC: 0.6010  LR: 1.00e-03
2026-08-03 13:24:53,558 | [FULL    ] | INFO | full_experiments_using.model_trainers.mobile_vit_trainer |   ↳ new best AUROC; saved checkpoint: /home/oem/choihyunsu/VOGBasedMCIDetection/outputs/checkpoints/run_20260803_091247_full_wvote_artifact30_w0-5-10-10-0-15-30-30_strat_4err/fold_10_best.pth
2026-08-03 13:25:21,711 | [FULL    ] | INFO | full_experiments_using.model_trainers.mobile_vit_trainer | Ep [008/500] T-Acc:  54.3%  V-Acc:  58.0%  V-AUROC: 0.6010  LR: 1.00e-03
2026-08-03 13:25:21,888 | [FULL    ] | INFO | full_experiments_using.model_trainers.mobile_vit_trainer |   ↳ new best AUROC; saved checkpoint: /home/oem/choihyunsu/VOGBasedMCIDetection/outputs/checkpoints/run_20260803_091247_full_wvote_artifact30_w0-5-10-10-0-15-30-30_strat_4err/fold_10_best.pth
2026-08-03 13:25:49,938 | [FULL    ] | INFO | full_experiments_using.model_trainers.mobile_vit_trainer | Ep [009/500] T-Acc:  53.1%  V-Acc:  55.1%  V-AUROC: 0.5755  LR: 1.00e-03
2026-08-03 13:26:18,142 | [FULL    ] | INFO | full_experiments_using.model_trainers.mobile_vit_trainer | Ep [010/500] T-Acc:  54.3%  V-Acc:  57.5%  V-AUROC: 0.6052  LR: 1.00e-03
2026-08-03 13:26:18,329 | [FULL    ] | INFO | full_experiments_using.model_trainers.mobile_vit_trainer |   ↳ new best AUROC; saved checkpoint: /home/oem/choihyunsu/VOGBasedMCIDetection/outputs/checkpoints/run_20260803_091247_full_wvote_artifact30_w0-5-10-10-0-15-30-30_strat_4err/fold_10_best.pth
2026-08-03 13:26:46,818 | [FULL    ] | INFO | full_experiments_using.model_trainers.mobile_vit_trainer | Ep [011/500] T-Acc:  55.3%  V-Acc:  57.7%  V-AUROC: 0.6087  LR: 1.00e-03
2026-08-03 13:26:46,951 | [FULL    ] | INFO | full_experiments_using.model_trainers.mobile_vit_trainer |   ↳ new best AUROC; saved checkpoint: /home/oem/choihyunsu/VOGBasedMCIDetection/outputs/checkpoints/run_20260803_091247_full_wvote_artifact30_w0-5-10-10-0-15-30-30_strat_4err/fold_10_best.pth
2026-08-03 13:27:13,444 | [FULL    ] | INFO | full_experiments_using.model_trainers.mobile_vit_trainer | Ep [012/500] T-Acc:  55.2%  V-Acc:  57.7%  V-AUROC: 0.6293  LR: 1.00e-03
2026-08-03 13:27:13,604 | [FULL    ] | INFO | full_experiments_using.model_trainers.mobile_vit_trainer |   ↳ new best AUROC; saved checkpoint: /home/oem/choihyunsu/VOGBasedMCIDetection/outputs/checkpoints/run_20260803_091247_full_wvote_artifact30_w0-5-10-10-0-15-30-30_strat_4err/fold_10_best.pth
2026-08-03 13:27:41,006 | [FULL    ] | INFO | full_experiments_using.model_trainers.mobile_vit_trainer | Ep [013/500] T-Acc:  54.9%  V-Acc:  57.5%  V-AUROC: 0.6158  LR: 1.00e-03
2026-08-03 13:28:07,725 | [FULL    ] | INFO | full_experiments_using.model_trainers.mobile_vit_trainer | Ep [014/500] T-Acc:  55.9%  V-Acc:  55.8%  V-AUROC: 0.6097  LR: 1.00e-03
2026-08-03 13:28:35,766 | [FULL    ] | INFO | full_experiments_using.model_trainers.mobile_vit_trainer | Ep [015/500] T-Acc:  56.4%  V-Acc:  55.4%  V-AUROC: 0.6188  LR: 1.00e-03
2026-08-03 13:29:04,003 | [FULL    ] | INFO | full_experiments_using.model_trainers.mobile_vit_trainer | Ep [016/500] T-Acc:  55.6%  V-Acc:  57.8%  V-AUROC: 0.6283  LR: 1.00e-03
2026-08-03 13:29:32,242 | [FULL    ] | INFO | full_experiments_using.model_trainers.mobile_vit_trainer | Ep [017/500] T-Acc:  55.3%  V-Acc:  57.3%  V-AUROC: 0.6211  LR: 1.00e-03
2026-08-03 13:30:00,656 | [FULL    ] | INFO | full_experiments_using.model_trainers.mobile_vit_trainer | Ep [018/500] T-Acc:  57.1%  V-Acc:  57.2%  V-AUROC: 0.6310  LR: 1.00e-03
2026-08-03 13:30:00,773 | [FULL    ] | INFO | full_experiments_using.model_trainers.mobile_vit_trainer |   ↳ new best AUROC; saved checkpoint: /home/oem/choihyunsu/VOGBasedMCIDetection/outputs/checkpoints/run_20260803_091247_full_wvote_artifact30_w0-5-10-10-0-15-30-30_strat_4err/fold_10_best.pth
2026-08-03 13:30:28,879 | [FULL    ] | INFO | full_experiments_using.model_trainers.mobile_vit_trainer | Ep [019/500] T-Acc:  58.0%  V-Acc:  57.4%  V-AUROC: 0.6334  LR: 1.00e-03
2026-08-03 13:30:29,074 | [FULL    ] | INFO | full_experiments_using.model_trainers.mobile_vit_trainer |   ↳ new best AUROC; saved checkpoint: /home/oem/choihyunsu/VOGBasedMCIDetection/outputs/checkpoints/run_20260803_091247_full_wvote_artifact30_w0-5-10-10-0-15-30-30_strat_4err/fold_10_best.pth
2026-08-03 13:30:57,475 | [FULL    ] | INFO | full_experiments_using.model_trainers.mobile_vit_trainer | Ep [020/500] T-Acc:  56.6%  V-Acc:  57.1%  V-AUROC: 0.6258  LR: 1.00e-03
2026-08-03 13:31:25,788 | [FULL    ] | INFO | full_experiments_using.model_trainers.mobile_vit_trainer | Ep [021/500] T-Acc:  57.9%  V-Acc:  58.9%  V-AUROC: 0.6434  LR: 1.00e-03
2026-08-03 13:31:25,944 | [FULL    ] | INFO | full_experiments_using.model_trainers.mobile_vit_trainer |   ↳ new best AUROC; saved checkpoint: /home/oem/choihyunsu/VOGBasedMCIDetection/outputs/checkpoints/run_20260803_091247_full_wvote_artifact30_w0-5-10-10-0-15-30-30_strat_4err/fold_10_best.pth
2026-08-03 13:31:54,245 | [FULL    ] | INFO | full_experiments_using.model_trainers.mobile_vit_trainer | Ep [022/500] T-Acc:  58.4%  V-Acc:  57.7%  V-AUROC: 0.6300  LR: 1.00e-03
2026-08-03 13:32:22,398 | [FULL    ] | INFO | full_experiments_using.model_trainers.mobile_vit_trainer | Ep [023/500] T-Acc:  58.1%  V-Acc:  60.0%  V-AUROC: 0.6322  LR: 1.00e-03
2026-08-03 13:32:50,504 | [FULL    ] | INFO | full_experiments_using.model_trainers.mobile_vit_trainer | Ep [024/500] T-Acc:  57.3%  V-Acc:  57.8%  V-AUROC: 0.6408  LR: 1.00e-03
2026-08-03 13:33:18,713 | [FULL    ] | INFO | full_experiments_using.model_trainers.mobile_vit_trainer | Ep [025/500] T-Acc:  57.5%  V-Acc:  57.2%  V-AUROC: 0.6395  LR: 1.00e-03
2026-08-03 13:33:46,894 | [FULL    ] | INFO | full_experiments_using.model_trainers.mobile_vit_trainer | Ep [026/500] T-Acc:  57.0%  V-Acc:  57.3%  V-AUROC: 0.6096  LR: 1.00e-03
2026-08-03 13:34:15,127 | [FULL    ] | INFO | full_experiments_using.model_trainers.mobile_vit_trainer | Ep [027/500] T-Acc:  58.0%  V-Acc:  57.1%  V-AUROC: 0.6284  LR: 1.00e-03
2026-08-03 13:34:43,313 | [FULL    ] | INFO | full_experiments_using.model_trainers.mobile_vit_trainer | Ep [028/500] T-Acc:  57.4%  V-Acc:  56.9%  V-AUROC: 0.6353  LR: 1.00e-03
2026-08-03 13:35:11,525 | [FULL    ] | INFO | full_experiments_using.model_trainers.mobile_vit_trainer | Ep [029/500] T-Acc:  59.7%  V-Acc:  57.8%  V-AUROC: 0.6328  LR: 1.00e-03
2026-08-03 13:35:39,769 | [FULL    ] | INFO | full_experiments_using.model_trainers.mobile_vit_trainer | Ep [030/500] T-Acc:  57.1%  V-Acc:  55.8%  V-AUROC: 0.6075  LR: 1.00e-03
2026-08-03 13:36:08,142 | [FULL    ] | INFO | full_experiments_using.model_trainers.mobile_vit_trainer | Ep [031/500] T-Acc:  58.1%  V-Acc:  56.0%  V-AUROC: 0.6178  LR: 1.00e-03
2026-08-03 13:36:36,262 | [FULL    ] | INFO | full_experiments_using.model_trainers.mobile_vit_trainer | Ep [032/500] T-Acc:  58.7%  V-Acc:  54.7%  V-AUROC: 0.6157  LR: 1.00e-03
2026-08-03 13:37:04,513 | [FULL    ] | INFO | full_experiments_using.model_trainers.mobile_vit_trainer | Ep [033/500] T-Acc:  57.8%  V-Acc:  56.7%  V-AUROC: 0.6180  LR: 2.00e-04
2026-08-03 13:37:32,641 | [FULL    ] | INFO | full_experiments_using.model_trainers.mobile_vit_trainer | Ep [034/500] T-Acc:  58.5%  V-Acc:  56.5%  V-AUROC: 0.6137  LR: 2.00e-04
2026-08-03 13:38:00,926 | [FULL    ] | INFO | full_experiments_using.model_trainers.mobile_vit_trainer | Ep [035/500] T-Acc:  58.7%  V-Acc:  56.5%  V-AUROC: 0.6171  LR: 2.00e-04
2026-08-03 13:38:29,437 | [FULL    ] | INFO | full_experiments_using.model_trainers.mobile_vit_trainer | Ep [036/500] T-Acc:  59.1%  V-Acc:  55.9%  V-AUROC: 0.6142  LR: 2.00e-04
2026-08-03 13:38:57,726 | [FULL    ] | INFO | full_experiments_using.model_trainers.mobile_vit_trainer | Ep [037/500] T-Acc:  59.2%  V-Acc:  56.5%  V-AUROC: 0.6180  LR: 2.00e-04
2026-08-03 13:39:26,055 | [FULL    ] | INFO | full_experiments_using.model_trainers.mobile_vit_trainer | Ep [038/500] T-Acc:  58.7%  V-Acc:  57.3%  V-AUROC: 0.6167  LR: 2.00e-04
2026-08-03 13:39:54,530 | [FULL    ] | INFO | full_experiments_using.model_trainers.mobile_vit_trainer | Ep [039/500] T-Acc:  57.6%  V-Acc:  56.8%  V-AUROC: 0.6161  LR: 2.00e-04
2026-08-03 13:40:22,633 | [FULL    ] | INFO | full_experiments_using.model_trainers.mobile_vit_trainer | Ep [040/500] T-Acc:  59.2%  V-Acc:  56.9%  V-AUROC: 0.6190  LR: 2.00e-04
2026-08-03 13:40:50,773 | [FULL    ] | INFO | full_experiments_using.model_trainers.mobile_vit_trainer | Ep [041/500] T-Acc:  60.0%  V-Acc:  55.7%  V-AUROC: 0.6120  LR: 2.00e-04
2026-08-03 13:41:18,893 | [FULL    ] | INFO | full_experiments_using.model_trainers.mobile_vit_trainer | Ep [042/500] T-Acc:  59.3%  V-Acc:  55.5%  V-AUROC: 0.6145  LR: 2.00e-04
2026-08-03 13:41:46,944 | [FULL    ] | INFO | full_experiments_using.model_trainers.mobile_vit_trainer | Ep [043/500] T-Acc:  59.0%  V-Acc:  55.9%  V-AUROC: 0.6094  LR: 2.00e-04
2026-08-03 13:42:15,095 | [FULL    ] | INFO | full_experiments_using.model_trainers.mobile_vit_trainer | Ep [044/500] T-Acc:  59.8%  V-Acc:  55.1%  V-AUROC: 0.6099  LR: 4.00e-05
2026-08-03 13:42:43,048 | [FULL    ] | INFO | full_experiments_using.model_trainers.mobile_vit_trainer | Ep [045/500] T-Acc:  59.7%  V-Acc:  55.4%  V-AUROC: 0.6110  LR: 4.00e-05
2026-08-03 13:43:11,430 | [FULL    ] | INFO | full_experiments_using.model_trainers.mobile_vit_trainer | Ep [046/500] T-Acc:  59.3%  V-Acc:  55.6%  V-AUROC: 0.6098  LR: 4.00e-05
2026-08-03 13:43:39,666 | [FULL    ] | INFO | full_experiments_using.model_trainers.mobile_vit_trainer | Ep [047/500] T-Acc:  59.6%  V-Acc:  54.8%  V-AUROC: 0.6095  LR: 4.00e-05
2026-08-03 13:44:07,671 | [FULL    ] | INFO | full_experiments_using.model_trainers.mobile_vit_trainer | Ep [048/500] T-Acc:  58.7%  V-Acc:  55.5%  V-AUROC: 0.6122  LR: 4.00e-05
2026-08-03 13:44:35,933 | [FULL    ] | INFO | full_experiments_using.model_trainers.mobile_vit_trainer | Ep [049/500] T-Acc:  59.9%  V-Acc:  55.3%  V-AUROC: 0.6081  LR: 4.00e-05
2026-08-03 13:45:04,050 | [FULL    ] | INFO | full_experiments_using.model_trainers.mobile_vit_trainer | Ep [050/500] T-Acc:  58.8%  V-Acc:  55.5%  V-AUROC: 0.6065  LR: 4.00e-05
2026-08-03 13:45:32,349 | [FULL    ] | INFO | full_experiments_using.model_trainers.mobile_vit_trainer | Ep [051/500] T-Acc:  58.9%  V-Acc:  55.3%  V-AUROC: 0.6079  LR: 4.00e-05
2026-08-03 13:45:32,358 | [FULL    ] | INFO | full_experiments_using.model_trainers.mobile_vit_trainer | Early stop — best AUROC 0.6434 at epoch 21 (no improvement for 30 epochs)
2026-08-03 13:45:32,358 | [FULL    ] | INFO | full_experiments_using.model_trainers.mobile_vit_trainer | Done. Best AUROC: 0.6434 (epoch 21) → /home/oem/choihyunsu/VOGBasedMCIDetection/outputs/checkpoints/run_20260803_091247_full_wvote_artifact30_w0-5-10-10-0-15-30-30_strat_4err/fold_10_best.pth
2026-08-03 13:45:41,785 | [FULL    ] | INFO | full_experiments_using.evaluators.monte_carlo_evaluator | -> Fold 11 Result | Acc=0.818 Sens=0.714 Spec=1.000 AUROC=0.929
2026-08-03 13:45:41,792 | [FULL    ] | INFO | full_experiments_using.evaluators.monte_carlo_evaluator | === Fold 12/30 | train: 25 subj (HC=10 MCI=15) / 3812 win | test: 12 subj (HC=4 MCI=8) / 1903 win ===
2026-08-03 13:45:42,027 | [FULL    ] | INFO | httpx | HTTP Request: HEAD https://huggingface.co/apple/mobilevit-small/resolve/main/config.json "HTTP/1.1 307 Temporary Redirect"
2026-08-03 13:45:42,039 | [FULL    ] | INFO | httpx | HTTP Request: HEAD https://huggingface.co/api/resolve-cache/models/apple/mobilevit-small/6c8612545dc98676d27bc518fa521d9e9af23e34/config.json "HTTP/1.1 200 OK"
2026-08-03 13:45:42,286 | [FULL    ] | INFO | httpx | HTTP Request: HEAD https://huggingface.co/apple/mobilevit-small/resolve/main/model.safetensors "HTTP/1.1 404 Not Found"
2026-08-03 13:45:42,490 | [FULL    ] | INFO | httpx | HTTP Request: HEAD https://huggingface.co/apple/mobilevit-small/resolve/main/model.safetensors.index.json "HTTP/1.1 404 Not Found"
2026-08-03 13:45:42,709 | [FULL    ] | INFO | httpx | HTTP Request: HEAD https://huggingface.co/apple/mobilevit-small/resolve/main/pytorch_model.bin "HTTP/1.1 302 Found"
2026-08-03 13:45:42,923 | [FULL    ] | INFO | httpx | HTTP Request: HEAD https://huggingface.co/apple/mobilevit-small/resolve/main/model.safetensors "HTTP/1.1 404 Not Found"
2026-08-03 13:45:43,143 | [FULL    ] | INFO | httpx | HTTP Request: GET https://huggingface.co/api/models/apple/mobilevit-small "HTTP/1.1 200 OK"
2026-08-03 13:45:43,402 | [FULL    ] | INFO | httpx | HTTP Request: GET https://huggingface.co/api/models/apple/mobilevit-small/commits/main "HTTP/1.1 200 OK"
2026-08-03 13:45:43,628 | [FULL    ] | INFO | httpx | HTTP Request: GET https://huggingface.co/api/models/apple/mobilevit-small/discussions?p=0 "HTTP/1.1 200 OK"
2026-08-03 13:45:43,845 | [FULL    ] | INFO | httpx | HTTP Request: GET https://huggingface.co/api/models/apple/mobilevit-small/commits/refs%2Fpr%2F6 "HTTP/1.1 200 OK"
2026-08-03 13:45:44,058 | [FULL    ] | INFO | httpx | HTTP Request: HEAD https://huggingface.co/apple/mobilevit-small/resolve/refs%2Fpr%2F6/model.safetensors.index.json "HTTP/1.1 404 Not Found"
2026-08-03 13:45:44,261 | [FULL    ] | INFO | httpx | HTTP Request: HEAD https://huggingface.co/apple/mobilevit-small/resolve/refs%2Fpr%2F6/model.safetensors "HTTP/1.1 302 Found"
2026-08-03 13:45:45,106 | [FULL    ] | INFO | full_experiments_using.model_trainers.mobile_vit_trainer | Device: cuda | max_epochs=500 | batch=32 | eval_batch=256 | es_patience=30
2026-08-03 13:45:45,120 | [FULL    ] | INFO | full_experiments_using.model_trainers.mobile_vit_trainer | CE weights — HC: 1.084  MCI: 0.928
2026-08-03 13:46:25,778 | [FULL    ] | INFO | full_experiments_using.model_trainers.mobile_vit_trainer | Ep [001/500] T-Acc:  50.3%  V-Acc:  52.1%  V-AUROC: 0.4985  LR: 2.00e-04
2026-08-03 13:46:25,843 | [FULL    ] | INFO | full_experiments_using.model_trainers.mobile_vit_trainer |   ↳ new best AUROC; saved checkpoint: /home/oem/choihyunsu/VOGBasedMCIDetection/outputs/checkpoints/run_20260803_091247_full_wvote_artifact30_w0-5-10-10-0-15-30-30_strat_4err/fold_11_best.pth
2026-08-03 13:46:52,997 | [FULL    ] | INFO | full_experiments_using.model_trainers.mobile_vit_trainer | Ep [002/500] T-Acc:  49.8%  V-Acc:  52.5%  V-AUROC: 0.5023  LR: 4.00e-04
2026-08-03 13:46:53,117 | [FULL    ] | INFO | full_experiments_using.model_trainers.mobile_vit_trainer |   ↳ new best AUROC; saved checkpoint: /home/oem/choihyunsu/VOGBasedMCIDetection/outputs/checkpoints/run_20260803_091247_full_wvote_artifact30_w0-5-10-10-0-15-30-30_strat_4err/fold_11_best.pth
2026-08-03 13:47:19,976 | [FULL    ] | INFO | full_experiments_using.model_trainers.mobile_vit_trainer | Ep [003/500] T-Acc:  51.0%  V-Acc:  52.8%  V-AUROC: 0.5179  LR: 6.00e-04
2026-08-03 13:47:20,230 | [FULL    ] | INFO | full_experiments_using.model_trainers.mobile_vit_trainer |   ↳ new best AUROC; saved checkpoint: /home/oem/choihyunsu/VOGBasedMCIDetection/outputs/checkpoints/run_20260803_091247_full_wvote_artifact30_w0-5-10-10-0-15-30-30_strat_4err/fold_11_best.pth
2026-08-03 13:47:48,580 | [FULL    ] | INFO | full_experiments_using.model_trainers.mobile_vit_trainer | Ep [004/500] T-Acc:  51.3%  V-Acc:  52.7%  V-AUROC: 0.5187  LR: 8.00e-04
2026-08-03 13:47:48,699 | [FULL    ] | INFO | full_experiments_using.model_trainers.mobile_vit_trainer |   ↳ new best AUROC; saved checkpoint: /home/oem/choihyunsu/VOGBasedMCIDetection/outputs/checkpoints/run_20260803_091247_full_wvote_artifact30_w0-5-10-10-0-15-30-30_strat_4err/fold_11_best.pth
2026-08-03 13:48:16,588 | [FULL    ] | INFO | full_experiments_using.model_trainers.mobile_vit_trainer | Ep [005/500] T-Acc:  52.1%  V-Acc:  53.8%  V-AUROC: 0.5347  LR: 1.00e-03
2026-08-03 13:48:16,703 | [FULL    ] | INFO | full_experiments_using.model_trainers.mobile_vit_trainer |   ↳ new best AUROC; saved checkpoint: /home/oem/choihyunsu/VOGBasedMCIDetection/outputs/checkpoints/run_20260803_091247_full_wvote_artifact30_w0-5-10-10-0-15-30-30_strat_4err/fold_11_best.pth
2026-08-03 13:48:44,772 | [FULL    ] | INFO | full_experiments_using.model_trainers.mobile_vit_trainer | Ep [006/500] T-Acc:  52.9%  V-Acc:  54.6%  V-AUROC: 0.5478  LR: 1.00e-03
2026-08-03 13:48:44,957 | [FULL    ] | INFO | full_experiments_using.model_trainers.mobile_vit_trainer |   ↳ new best AUROC; saved checkpoint: /home/oem/choihyunsu/VOGBasedMCIDetection/outputs/checkpoints/run_20260803_091247_full_wvote_artifact30_w0-5-10-10-0-15-30-30_strat_4err/fold_11_best.pth
2026-08-03 13:49:13,053 | [FULL    ] | INFO | full_experiments_using.model_trainers.mobile_vit_trainer | Ep [007/500] T-Acc:  53.5%  V-Acc:  55.4%  V-AUROC: 0.5531  LR: 1.00e-03
2026-08-03 13:49:13,247 | [FULL    ] | INFO | full_experiments_using.model_trainers.mobile_vit_trainer |   ↳ new best AUROC; saved checkpoint: /home/oem/choihyunsu/VOGBasedMCIDetection/outputs/checkpoints/run_20260803_091247_full_wvote_artifact30_w0-5-10-10-0-15-30-30_strat_4err/fold_11_best.pth
2026-08-03 13:49:41,299 | [FULL    ] | INFO | full_experiments_using.model_trainers.mobile_vit_trainer | Ep [008/500] T-Acc:  53.4%  V-Acc:  54.9%  V-AUROC: 0.5565  LR: 1.00e-03
2026-08-03 13:49:41,419 | [FULL    ] | INFO | full_experiments_using.model_trainers.mobile_vit_trainer |   ↳ new best AUROC; saved checkpoint: /home/oem/choihyunsu/VOGBasedMCIDetection/outputs/checkpoints/run_20260803_091247_full_wvote_artifact30_w0-5-10-10-0-15-30-30_strat_4err/fold_11_best.pth
2026-08-03 13:50:09,779 | [FULL    ] | INFO | full_experiments_using.model_trainers.mobile_vit_trainer | Ep [009/500] T-Acc:  56.3%  V-Acc:  58.2%  V-AUROC: 0.5677  LR: 1.00e-03
2026-08-03 13:50:09,896 | [FULL    ] | INFO | full_experiments_using.model_trainers.mobile_vit_trainer |   ↳ new best AUROC; saved checkpoint: /home/oem/choihyunsu/VOGBasedMCIDetection/outputs/checkpoints/run_20260803_091247_full_wvote_artifact30_w0-5-10-10-0-15-30-30_strat_4err/fold_11_best.pth
2026-08-03 13:50:37,955 | [FULL    ] | INFO | full_experiments_using.model_trainers.mobile_vit_trainer | Ep [010/500] T-Acc:  54.6%  V-Acc:  55.0%  V-AUROC: 0.5628  LR: 1.00e-03
2026-08-03 13:51:05,951 | [FULL    ] | INFO | full_experiments_using.model_trainers.mobile_vit_trainer | Ep [011/500] T-Acc:  55.5%  V-Acc:  56.3%  V-AUROC: 0.5621  LR: 1.00e-03
2026-08-03 13:51:33,861 | [FULL    ] | INFO | full_experiments_using.model_trainers.mobile_vit_trainer | Ep [012/500] T-Acc:  56.2%  V-Acc:  57.2%  V-AUROC: 0.5678  LR: 1.00e-03
2026-08-03 13:51:33,982 | [FULL    ] | INFO | full_experiments_using.model_trainers.mobile_vit_trainer |   ↳ new best AUROC; saved checkpoint: /home/oem/choihyunsu/VOGBasedMCIDetection/outputs/checkpoints/run_20260803_091247_full_wvote_artifact30_w0-5-10-10-0-15-30-30_strat_4err/fold_11_best.pth
2026-08-03 13:52:01,815 | [FULL    ] | INFO | full_experiments_using.model_trainers.mobile_vit_trainer | Ep [013/500] T-Acc:  57.0%  V-Acc:  56.9%  V-AUROC: 0.5758  LR: 1.00e-03
2026-08-03 13:52:01,935 | [FULL    ] | INFO | full_experiments_using.model_trainers.mobile_vit_trainer |   ↳ new best AUROC; saved checkpoint: /home/oem/choihyunsu/VOGBasedMCIDetection/outputs/checkpoints/run_20260803_091247_full_wvote_artifact30_w0-5-10-10-0-15-30-30_strat_4err/fold_11_best.pth
2026-08-03 13:52:29,923 | [FULL    ] | INFO | full_experiments_using.model_trainers.mobile_vit_trainer | Ep [014/500] T-Acc:  57.8%  V-Acc:  56.1%  V-AUROC: 0.5693  LR: 1.00e-03
2026-08-03 13:52:58,084 | [FULL    ] | INFO | full_experiments_using.model_trainers.mobile_vit_trainer | Ep [015/500] T-Acc:  57.6%  V-Acc:  58.5%  V-AUROC: 0.5794  LR: 1.00e-03
2026-08-03 13:52:58,199 | [FULL    ] | INFO | full_experiments_using.model_trainers.mobile_vit_trainer |   ↳ new best AUROC; saved checkpoint: /home/oem/choihyunsu/VOGBasedMCIDetection/outputs/checkpoints/run_20260803_091247_full_wvote_artifact30_w0-5-10-10-0-15-30-30_strat_4err/fold_11_best.pth
2026-08-03 13:53:26,321 | [FULL    ] | INFO | full_experiments_using.model_trainers.mobile_vit_trainer | Ep [016/500] T-Acc:  57.9%  V-Acc:  58.1%  V-AUROC: 0.5781  LR: 1.00e-03
2026-08-03 13:53:54,515 | [FULL    ] | INFO | full_experiments_using.model_trainers.mobile_vit_trainer | Ep [017/500] T-Acc:  58.0%  V-Acc:  58.2%  V-AUROC: 0.5901  LR: 1.00e-03
2026-08-03 13:53:54,594 | [FULL    ] | INFO | full_experiments_using.model_trainers.mobile_vit_trainer |   ↳ new best AUROC; saved checkpoint: /home/oem/choihyunsu/VOGBasedMCIDetection/outputs/checkpoints/run_20260803_091247_full_wvote_artifact30_w0-5-10-10-0-15-30-30_strat_4err/fold_11_best.pth
2026-08-03 13:54:22,893 | [FULL    ] | INFO | full_experiments_using.model_trainers.mobile_vit_trainer | Ep [018/500] T-Acc:  57.2%  V-Acc:  57.9%  V-AUROC: 0.5825  LR: 1.00e-03
2026-08-03 13:54:50,888 | [FULL    ] | INFO | full_experiments_using.model_trainers.mobile_vit_trainer | Ep [019/500] T-Acc:  58.0%  V-Acc:  56.5%  V-AUROC: 0.5703  LR: 1.00e-03
2026-08-03 13:55:18,959 | [FULL    ] | INFO | full_experiments_using.model_trainers.mobile_vit_trainer | Ep [020/500] T-Acc:  58.2%  V-Acc:  56.6%  V-AUROC: 0.5726  LR: 1.00e-03
2026-08-03 13:55:47,142 | [FULL    ] | INFO | full_experiments_using.model_trainers.mobile_vit_trainer | Ep [021/500] T-Acc:  59.9%  V-Acc:  57.9%  V-AUROC: 0.5723  LR: 1.00e-03
2026-08-03 13:56:15,249 | [FULL    ] | INFO | full_experiments_using.model_trainers.mobile_vit_trainer | Ep [022/500] T-Acc:  57.9%  V-Acc:  57.5%  V-AUROC: 0.5729  LR: 1.00e-03
2026-08-03 13:56:43,338 | [FULL    ] | INFO | full_experiments_using.model_trainers.mobile_vit_trainer | Ep [023/500] T-Acc:  57.8%  V-Acc:  57.0%  V-AUROC: 0.5793  LR: 1.00e-03
2026-08-03 13:57:11,442 | [FULL    ] | INFO | full_experiments_using.model_trainers.mobile_vit_trainer | Ep [024/500] T-Acc:  59.2%  V-Acc:  56.3%  V-AUROC: 0.5709  LR: 1.00e-03
2026-08-03 13:57:39,400 | [FULL    ] | INFO | full_experiments_using.model_trainers.mobile_vit_trainer | Ep [025/500] T-Acc:  58.6%  V-Acc:  57.7%  V-AUROC: 0.5805  LR: 1.00e-03
2026-08-03 13:58:07,552 | [FULL    ] | INFO | full_experiments_using.model_trainers.mobile_vit_trainer | Ep [026/500] T-Acc:  60.3%  V-Acc:  58.9%  V-AUROC: 0.5885  LR: 1.00e-03
2026-08-03 13:58:35,516 | [FULL    ] | INFO | full_experiments_using.model_trainers.mobile_vit_trainer | Ep [027/500] T-Acc:  59.8%  V-Acc:  58.2%  V-AUROC: 0.5899  LR: 1.00e-03
2026-08-03 13:59:03,508 | [FULL    ] | INFO | full_experiments_using.model_trainers.mobile_vit_trainer | Ep [028/500] T-Acc:  59.0%  V-Acc:  58.6%  V-AUROC: 0.5852  LR: 1.00e-03
2026-08-03 13:59:31,479 | [FULL    ] | INFO | full_experiments_using.model_trainers.mobile_vit_trainer | Ep [029/500] T-Acc:  60.4%  V-Acc:  58.5%  V-AUROC: 0.5808  LR: 2.00e-04
2026-08-03 13:59:59,517 | [FULL    ] | INFO | full_experiments_using.model_trainers.mobile_vit_trainer | Ep [030/500] T-Acc:  59.8%  V-Acc:  57.4%  V-AUROC: 0.5800  LR: 2.00e-04
2026-08-03 14:00:27,482 | [FULL    ] | INFO | full_experiments_using.model_trainers.mobile_vit_trainer | Ep [031/500] T-Acc:  60.0%  V-Acc:  59.1%  V-AUROC: 0.5833  LR: 2.00e-04
2026-08-03 14:00:55,762 | [FULL    ] | INFO | full_experiments_using.model_trainers.mobile_vit_trainer | Ep [032/500] T-Acc:  60.3%  V-Acc:  57.4%  V-AUROC: 0.5809  LR: 2.00e-04
2026-08-03 14:01:23,745 | [FULL    ] | INFO | full_experiments_using.model_trainers.mobile_vit_trainer | Ep [033/500] T-Acc:  60.0%  V-Acc:  59.3%  V-AUROC: 0.5843  LR: 2.00e-04
2026-08-03 14:01:51,792 | [FULL    ] | INFO | full_experiments_using.model_trainers.mobile_vit_trainer | Ep [034/500] T-Acc:  60.4%  V-Acc:  58.3%  V-AUROC: 0.5856  LR: 2.00e-04
2026-08-03 14:02:19,813 | [FULL    ] | INFO | full_experiments_using.model_trainers.mobile_vit_trainer | Ep [035/500] T-Acc:  59.7%  V-Acc:  58.6%  V-AUROC: 0.5838  LR: 2.00e-04
2026-08-03 14:02:47,848 | [FULL    ] | INFO | full_experiments_using.model_trainers.mobile_vit_trainer | Ep [036/500] T-Acc:  59.6%  V-Acc:  57.7%  V-AUROC: 0.5879  LR: 2.00e-04
2026-08-03 14:03:15,861 | [FULL    ] | INFO | full_experiments_using.model_trainers.mobile_vit_trainer | Ep [037/500] T-Acc:  59.6%  V-Acc:  56.8%  V-AUROC: 0.5810  LR: 2.00e-04
2026-08-03 14:03:43,960 | [FULL    ] | INFO | full_experiments_using.model_trainers.mobile_vit_trainer | Ep [038/500] T-Acc:  59.3%  V-Acc:  57.5%  V-AUROC: 0.5870  LR: 2.00e-04
2026-08-03 14:04:12,002 | [FULL    ] | INFO | full_experiments_using.model_trainers.mobile_vit_trainer | Ep [039/500] T-Acc:  60.8%  V-Acc:  59.0%  V-AUROC: 0.5909  LR: 2.00e-04
2026-08-03 14:04:12,196 | [FULL    ] | INFO | full_experiments_using.model_trainers.mobile_vit_trainer |   ↳ new best AUROC; saved checkpoint: /home/oem/choihyunsu/VOGBasedMCIDetection/outputs/checkpoints/run_20260803_091247_full_wvote_artifact30_w0-5-10-10-0-15-30-30_strat_4err/fold_11_best.pth
2026-08-03 14:04:38,515 | [FULL    ] | INFO | full_experiments_using.model_trainers.mobile_vit_trainer | Ep [040/500] T-Acc:  59.5%  V-Acc:  58.8%  V-AUROC: 0.5879  LR: 2.00e-04
2026-08-03 14:05:06,029 | [FULL    ] | INFO | full_experiments_using.model_trainers.mobile_vit_trainer | Ep [041/500] T-Acc:  60.1%  V-Acc:  57.5%  V-AUROC: 0.5859  LR: 2.00e-04
2026-08-03 14:05:30,663 | [FULL    ] | INFO | full_experiments_using.model_trainers.mobile_vit_trainer | Ep [042/500] T-Acc:  60.7%  V-Acc:  58.6%  V-AUROC: 0.5922  LR: 2.00e-04
2026-08-03 14:05:30,783 | [FULL    ] | INFO | full_experiments_using.model_trainers.mobile_vit_trainer |   ↳ new best AUROC; saved checkpoint: /home/oem/choihyunsu/VOGBasedMCIDetection/outputs/checkpoints/run_20260803_091247_full_wvote_artifact30_w0-5-10-10-0-15-30-30_strat_4err/fold_11_best.pth
2026-08-03 14:05:54,585 | [FULL    ] | INFO | full_experiments_using.model_trainers.mobile_vit_trainer | Ep [043/500] T-Acc:  60.0%  V-Acc:  57.9%  V-AUROC: 0.5867  LR: 2.00e-04
2026-08-03 14:06:21,775 | [FULL    ] | INFO | full_experiments_using.model_trainers.mobile_vit_trainer | Ep [044/500] T-Acc:  60.3%  V-Acc:  58.1%  V-AUROC: 0.5909  LR: 2.00e-04
2026-08-03 14:06:48,768 | [FULL    ] | INFO | full_experiments_using.model_trainers.mobile_vit_trainer | Ep [045/500] T-Acc:  60.5%  V-Acc:  59.0%  V-AUROC: 0.5895  LR: 2.00e-04
2026-08-03 14:07:16,572 | [FULL    ] | INFO | full_experiments_using.model_trainers.mobile_vit_trainer | Ep [046/500] T-Acc:  60.5%  V-Acc:  58.8%  V-AUROC: 0.5916  LR: 2.00e-04
2026-08-03 14:07:44,455 | [FULL    ] | INFO | full_experiments_using.model_trainers.mobile_vit_trainer | Ep [047/500] T-Acc:  60.7%  V-Acc:  58.1%  V-AUROC: 0.5911  LR: 2.00e-04
2026-08-03 14:08:12,254 | [FULL    ] | INFO | full_experiments_using.model_trainers.mobile_vit_trainer | Ep [048/500] T-Acc:  59.5%  V-Acc:  58.6%  V-AUROC: 0.5877  LR: 2.00e-04
2026-08-03 14:08:40,218 | [FULL    ] | INFO | full_experiments_using.model_trainers.mobile_vit_trainer | Ep [049/500] T-Acc:  60.3%  V-Acc:  58.1%  V-AUROC: 0.5843  LR: 2.00e-04
2026-08-03 14:09:08,194 | [FULL    ] | INFO | full_experiments_using.model_trainers.mobile_vit_trainer | Ep [050/500] T-Acc:  59.7%  V-Acc:  59.0%  V-AUROC: 0.5891  LR: 2.00e-04
2026-08-03 14:09:36,392 | [FULL    ] | INFO | full_experiments_using.model_trainers.mobile_vit_trainer | Ep [051/500] T-Acc:  61.2%  V-Acc:  59.7%  V-AUROC: 0.5911  LR: 2.00e-04
2026-08-03 14:10:04,155 | [FULL    ] | INFO | full_experiments_using.model_trainers.mobile_vit_trainer | Ep [052/500] T-Acc:  60.6%  V-Acc:  59.2%  V-AUROC: 0.5868  LR: 2.00e-04
2026-08-03 14:10:32,115 | [FULL    ] | INFO | full_experiments_using.model_trainers.mobile_vit_trainer | Ep [053/500] T-Acc:  60.7%  V-Acc:  59.0%  V-AUROC: 0.5899  LR: 2.00e-04
2026-08-03 14:11:00,074 | [FULL    ] | INFO | full_experiments_using.model_trainers.mobile_vit_trainer | Ep [054/500] T-Acc:  59.5%  V-Acc:  57.6%  V-AUROC: 0.5892  LR: 4.00e-05
2026-08-03 14:11:28,124 | [FULL    ] | INFO | full_experiments_using.model_trainers.mobile_vit_trainer | Ep [055/500] T-Acc:  61.0%  V-Acc:  59.4%  V-AUROC: 0.5912  LR: 4.00e-05
2026-08-03 14:11:56,026 | [FULL    ] | INFO | full_experiments_using.model_trainers.mobile_vit_trainer | Ep [056/500] T-Acc:  60.7%  V-Acc:  59.0%  V-AUROC: 0.5902  LR: 4.00e-05
2026-08-03 14:12:24,096 | [FULL    ] | INFO | full_experiments_using.model_trainers.mobile_vit_trainer | Ep [057/500] T-Acc:  61.0%  V-Acc:  58.5%  V-AUROC: 0.5906  LR: 4.00e-05
2026-08-03 14:12:52,120 | [FULL    ] | INFO | full_experiments_using.model_trainers.mobile_vit_trainer | Ep [058/500] T-Acc:  60.6%  V-Acc:  58.9%  V-AUROC: 0.5871  LR: 4.00e-05
2026-08-03 14:13:20,455 | [FULL    ] | INFO | full_experiments_using.model_trainers.mobile_vit_trainer | Ep [059/500] T-Acc:  60.5%  V-Acc:  58.1%  V-AUROC: 0.5878  LR: 4.00e-05
2026-08-03 14:13:48,602 | [FULL    ] | INFO | full_experiments_using.model_trainers.mobile_vit_trainer | Ep [060/500] T-Acc:  61.8%  V-Acc:  58.7%  V-AUROC: 0.5906  LR: 4.00e-05
2026-08-03 14:14:16,658 | [FULL    ] | INFO | full_experiments_using.model_trainers.mobile_vit_trainer | Ep [061/500] T-Acc:  60.7%  V-Acc:  59.3%  V-AUROC: 0.5912  LR: 4.00e-05
2026-08-03 14:14:44,725 | [FULL    ] | INFO | full_experiments_using.model_trainers.mobile_vit_trainer | Ep [062/500] T-Acc:  60.7%  V-Acc:  59.3%  V-AUROC: 0.5919  LR: 4.00e-05
2026-08-03 14:15:12,730 | [FULL    ] | INFO | full_experiments_using.model_trainers.mobile_vit_trainer | Ep [063/500] T-Acc:  61.2%  V-Acc:  58.7%  V-AUROC: 0.5872  LR: 4.00e-05
2026-08-03 14:15:40,868 | [FULL    ] | INFO | full_experiments_using.model_trainers.mobile_vit_trainer | Ep [064/500] T-Acc:  60.8%  V-Acc:  58.7%  V-AUROC: 0.5885  LR: 4.00e-05
2026-08-03 14:16:08,822 | [FULL    ] | INFO | full_experiments_using.model_trainers.mobile_vit_trainer | Ep [065/500] T-Acc:  61.1%  V-Acc:  59.0%  V-AUROC: 0.5859  LR: 8.00e-06
2026-08-03 14:16:36,808 | [FULL    ] | INFO | full_experiments_using.model_trainers.mobile_vit_trainer | Ep [066/500] T-Acc:  61.8%  V-Acc:  59.8%  V-AUROC: 0.5892  LR: 8.00e-06
2026-08-03 14:17:04,873 | [FULL    ] | INFO | full_experiments_using.model_trainers.mobile_vit_trainer | Ep [067/500] T-Acc:  61.4%  V-Acc:  58.9%  V-AUROC: 0.5889  LR: 8.00e-06
2026-08-03 14:17:32,925 | [FULL    ] | INFO | full_experiments_using.model_trainers.mobile_vit_trainer | Ep [068/500] T-Acc:  60.9%  V-Acc:  59.6%  V-AUROC: 0.5922  LR: 8.00e-06
2026-08-03 14:18:00,785 | [FULL    ] | INFO | full_experiments_using.model_trainers.mobile_vit_trainer | Ep [069/500] T-Acc:  61.1%  V-Acc:  58.4%  V-AUROC: 0.5892  LR: 8.00e-06
2026-08-03 14:18:28,978 | [FULL    ] | INFO | full_experiments_using.model_trainers.mobile_vit_trainer | Ep [070/500] T-Acc:  60.8%  V-Acc:  58.4%  V-AUROC: 0.5889  LR: 8.00e-06
2026-08-03 14:18:56,939 | [FULL    ] | INFO | full_experiments_using.model_trainers.mobile_vit_trainer | Ep [071/500] T-Acc:  60.1%  V-Acc:  58.5%  V-AUROC: 0.5872  LR: 8.00e-06
2026-08-03 14:19:25,082 | [FULL    ] | INFO | full_experiments_using.model_trainers.mobile_vit_trainer | Ep [072/500] T-Acc:  60.7%  V-Acc:  58.7%  V-AUROC: 0.5872  LR: 8.00e-06
2026-08-03 14:19:25,083 | [FULL    ] | INFO | full_experiments_using.model_trainers.mobile_vit_trainer | Early stop — best AUROC 0.5922 at epoch 42 (no improvement for 30 epochs)
2026-08-03 14:19:25,083 | [FULL    ] | INFO | full_experiments_using.model_trainers.mobile_vit_trainer | Done. Best AUROC: 0.5922 (epoch 42) → /home/oem/choihyunsu/VOGBasedMCIDetection/outputs/checkpoints/run_20260803_091247_full_wvote_artifact30_w0-5-10-10-0-15-30-30_strat_4err/fold_11_best.pth
2026-08-03 14:19:34,722 | [FULL    ] | INFO | full_experiments_using.evaluators.monte_carlo_evaluator | -> Fold 12 Result | Acc=0.818 Sens=1.000 Spec=0.500 AUROC=0.929
2026-08-03 14:19:34,729 | [FULL    ] | INFO | full_experiments_using.evaluators.monte_carlo_evaluator | === Fold 13/30 | train: 25 subj (HC=10 MCI=15) / 3806 win | test: 12 subj (HC=4 MCI=8) / 1909 win ===
2026-08-03 14:19:34,960 | [FULL    ] | INFO | httpx | HTTP Request: HEAD https://huggingface.co/apple/mobilevit-small/resolve/main/config.json "HTTP/1.1 307 Temporary Redirect"
2026-08-03 14:19:34,974 | [FULL    ] | INFO | httpx | HTTP Request: HEAD https://huggingface.co/api/resolve-cache/models/apple/mobilevit-small/6c8612545dc98676d27bc518fa521d9e9af23e34/config.json "HTTP/1.1 200 OK"
2026-08-03 14:19:35,245 | [FULL    ] | INFO | httpx | HTTP Request: HEAD https://huggingface.co/apple/mobilevit-small/resolve/main/model.safetensors "HTTP/1.1 404 Not Found"
2026-08-03 14:19:35,449 | [FULL    ] | INFO | httpx | HTTP Request: HEAD https://huggingface.co/apple/mobilevit-small/resolve/main/model.safetensors.index.json "HTTP/1.1 404 Not Found"
2026-08-03 14:19:35,658 | [FULL    ] | INFO | httpx | HTTP Request: HEAD https://huggingface.co/apple/mobilevit-small/resolve/main/pytorch_model.bin "HTTP/1.1 302 Found"
2026-08-03 14:19:35,868 | [FULL    ] | INFO | httpx | HTTP Request: HEAD https://huggingface.co/apple/mobilevit-small/resolve/main/model.safetensors "HTTP/1.1 404 Not Found"
2026-08-03 14:19:36,070 | [FULL    ] | INFO | httpx | HTTP Request: GET https://huggingface.co/api/models/apple/mobilevit-small "HTTP/1.1 200 OK"
2026-08-03 14:19:36,289 | [FULL    ] | INFO | httpx | HTTP Request: GET https://huggingface.co/api/models/apple/mobilevit-small/commits/main "HTTP/1.1 200 OK"
2026-08-03 14:19:36,523 | [FULL    ] | INFO | httpx | HTTP Request: GET https://huggingface.co/api/models/apple/mobilevit-small/discussions?p=0 "HTTP/1.1 200 OK"
2026-08-03 14:19:36,737 | [FULL    ] | INFO | httpx | HTTP Request: GET https://huggingface.co/api/models/apple/mobilevit-small/commits/refs%2Fpr%2F6 "HTTP/1.1 200 OK"
2026-08-03 14:19:36,937 | [FULL    ] | INFO | httpx | HTTP Request: HEAD https://huggingface.co/apple/mobilevit-small/resolve/refs%2Fpr%2F6/model.safetensors.index.json "HTTP/1.1 404 Not Found"
2026-08-03 14:19:37,230 | [FULL    ] | INFO | httpx | HTTP Request: HEAD https://huggingface.co/apple/mobilevit-small/resolve/refs%2Fpr%2F6/model.safetensors "HTTP/1.1 302 Found"
2026-08-03 14:19:37,983 | [FULL    ] | INFO | full_experiments_using.model_trainers.mobile_vit_trainer | Device: cuda | max_epochs=500 | batch=32 | eval_batch=256 | es_patience=30
2026-08-03 14:19:37,992 | [FULL    ] | INFO | full_experiments_using.model_trainers.mobile_vit_trainer | CE weights — HC: 1.079  MCI: 0.932
2026-08-03 14:20:19,235 | [FULL    ] | INFO | full_experiments_using.model_trainers.mobile_vit_trainer | Ep [001/500] T-Acc:  52.5%  V-Acc:  56.4%  V-AUROC: 0.4870  LR: 2.00e-04
2026-08-03 14:20:19,320 | [FULL    ] | INFO | full_experiments_using.model_trainers.mobile_vit_trainer |   ↳ new best AUROC; saved checkpoint: /home/oem/choihyunsu/VOGBasedMCIDetection/outputs/checkpoints/run_20260803_091247_full_wvote_artifact30_w0-5-10-10-0-15-30-30_strat_4err/fold_12_best.pth
2026-08-03 14:20:47,235 | [FULL    ] | INFO | full_experiments_using.model_trainers.mobile_vit_trainer | Ep [002/500] T-Acc:  51.5%  V-Acc:  56.3%  V-AUROC: 0.4929  LR: 4.00e-04
2026-08-03 14:20:47,373 | [FULL    ] | INFO | full_experiments_using.model_trainers.mobile_vit_trainer |   ↳ new best AUROC; saved checkpoint: /home/oem/choihyunsu/VOGBasedMCIDetection/outputs/checkpoints/run_20260803_091247_full_wvote_artifact30_w0-5-10-10-0-15-30-30_strat_4err/fold_12_best.pth
2026-08-03 14:21:15,162 | [FULL    ] | INFO | full_experiments_using.model_trainers.mobile_vit_trainer | Ep [003/500] T-Acc:  52.4%  V-Acc:  54.2%  V-AUROC: 0.4967  LR: 6.00e-04
2026-08-03 14:21:15,360 | [FULL    ] | INFO | full_experiments_using.model_trainers.mobile_vit_trainer |   ↳ new best AUROC; saved checkpoint: /home/oem/choihyunsu/VOGBasedMCIDetection/outputs/checkpoints/run_20260803_091247_full_wvote_artifact30_w0-5-10-10-0-15-30-30_strat_4err/fold_12_best.pth
2026-08-03 14:21:43,367 | [FULL    ] | INFO | full_experiments_using.model_trainers.mobile_vit_trainer | Ep [004/500] T-Acc:  54.1%  V-Acc:  53.6%  V-AUROC: 0.4988  LR: 8.00e-04
2026-08-03 14:21:43,481 | [FULL    ] | INFO | full_experiments_using.model_trainers.mobile_vit_trainer |   ↳ new best AUROC; saved checkpoint: /home/oem/choihyunsu/VOGBasedMCIDetection/outputs/checkpoints/run_20260803_091247_full_wvote_artifact30_w0-5-10-10-0-15-30-30_strat_4err/fold_12_best.pth
2026-08-03 14:22:11,299 | [FULL    ] | INFO | full_experiments_using.model_trainers.mobile_vit_trainer | Ep [005/500] T-Acc:  52.3%  V-Acc:  53.1%  V-AUROC: 0.4926  LR: 1.00e-03
2026-08-03 14:22:39,042 | [FULL    ] | INFO | full_experiments_using.model_trainers.mobile_vit_trainer | Ep [006/500] T-Acc:  52.7%  V-Acc:  50.1%  V-AUROC: 0.4958  LR: 1.00e-03
2026-08-03 14:23:06,929 | [FULL    ] | INFO | full_experiments_using.model_trainers.mobile_vit_trainer | Ep [007/500] T-Acc:  55.7%  V-Acc:  51.4%  V-AUROC: 0.5038  LR: 1.00e-03
2026-08-03 14:23:07,061 | [FULL    ] | INFO | full_experiments_using.model_trainers.mobile_vit_trainer |   ↳ new best AUROC; saved checkpoint: /home/oem/choihyunsu/VOGBasedMCIDetection/outputs/checkpoints/run_20260803_091247_full_wvote_artifact30_w0-5-10-10-0-15-30-30_strat_4err/fold_12_best.pth
2026-08-03 14:23:34,756 | [FULL    ] | INFO | full_experiments_using.model_trainers.mobile_vit_trainer | Ep [008/500] T-Acc:  55.5%  V-Acc:  49.2%  V-AUROC: 0.5152  LR: 1.00e-03
2026-08-03 14:23:34,878 | [FULL    ] | INFO | full_experiments_using.model_trainers.mobile_vit_trainer |   ↳ new best AUROC; saved checkpoint: /home/oem/choihyunsu/VOGBasedMCIDetection/outputs/checkpoints/run_20260803_091247_full_wvote_artifact30_w0-5-10-10-0-15-30-30_strat_4err/fold_12_best.pth
2026-08-03 14:24:02,675 | [FULL    ] | INFO | full_experiments_using.model_trainers.mobile_vit_trainer | Ep [009/500] T-Acc:  55.4%  V-Acc:  49.8%  V-AUROC: 0.5164  LR: 1.00e-03
2026-08-03 14:24:02,793 | [FULL    ] | INFO | full_experiments_using.model_trainers.mobile_vit_trainer |   ↳ new best AUROC; saved checkpoint: /home/oem/choihyunsu/VOGBasedMCIDetection/outputs/checkpoints/run_20260803_091247_full_wvote_artifact30_w0-5-10-10-0-15-30-30_strat_4err/fold_12_best.pth
2026-08-03 14:24:28,916 | [FULL    ] | INFO | full_experiments_using.model_trainers.mobile_vit_trainer | Ep [010/500] T-Acc:  55.7%  V-Acc:  51.7%  V-AUROC: 0.5099  LR: 1.00e-03
2026-08-03 14:24:54,750 | [FULL    ] | INFO | full_experiments_using.model_trainers.mobile_vit_trainer | Ep [011/500] T-Acc:  55.5%  V-Acc:  50.0%  V-AUROC: 0.5082  LR: 1.00e-03
2026-08-03 14:25:22,414 | [FULL    ] | INFO | full_experiments_using.model_trainers.mobile_vit_trainer | Ep [012/500] T-Acc:  57.0%  V-Acc:  50.7%  V-AUROC: 0.5238  LR: 1.00e-03
2026-08-03 14:25:22,585 | [FULL    ] | INFO | full_experiments_using.model_trainers.mobile_vit_trainer |   ↳ new best AUROC; saved checkpoint: /home/oem/choihyunsu/VOGBasedMCIDetection/outputs/checkpoints/run_20260803_091247_full_wvote_artifact30_w0-5-10-10-0-15-30-30_strat_4err/fold_12_best.pth
2026-08-03 14:25:50,473 | [FULL    ] | INFO | full_experiments_using.model_trainers.mobile_vit_trainer | Ep [013/500] T-Acc:  57.4%  V-Acc:  50.7%  V-AUROC: 0.5054  LR: 1.00e-03
2026-08-03 14:26:18,500 | [FULL    ] | INFO | full_experiments_using.model_trainers.mobile_vit_trainer | Ep [014/500] T-Acc:  56.9%  V-Acc:  50.1%  V-AUROC: 0.5230  LR: 1.00e-03
2026-08-03 14:26:44,599 | [FULL    ] | INFO | full_experiments_using.model_trainers.mobile_vit_trainer | Ep [015/500] T-Acc:  57.5%  V-Acc:  53.5%  V-AUROC: 0.5378  LR: 1.00e-03
2026-08-03 14:26:44,720 | [FULL    ] | INFO | full_experiments_using.model_trainers.mobile_vit_trainer |   ↳ new best AUROC; saved checkpoint: /home/oem/choihyunsu/VOGBasedMCIDetection/outputs/checkpoints/run_20260803_091247_full_wvote_artifact30_w0-5-10-10-0-15-30-30_strat_4err/fold_12_best.pth
2026-08-03 14:27:10,694 | [FULL    ] | INFO | full_experiments_using.model_trainers.mobile_vit_trainer | Ep [016/500] T-Acc:  57.0%  V-Acc:  53.3%  V-AUROC: 0.5261  LR: 1.00e-03
2026-08-03 14:27:38,513 | [FULL    ] | INFO | full_experiments_using.model_trainers.mobile_vit_trainer | Ep [017/500] T-Acc:  58.2%  V-Acc:  50.7%  V-AUROC: 0.5216  LR: 1.00e-03
2026-08-03 14:28:06,271 | [FULL    ] | INFO | full_experiments_using.model_trainers.mobile_vit_trainer | Ep [018/500] T-Acc:  58.4%  V-Acc:  50.6%  V-AUROC: 0.5328  LR: 1.00e-03
2026-08-03 14:28:34,069 | [FULL    ] | INFO | full_experiments_using.model_trainers.mobile_vit_trainer | Ep [019/500] T-Acc:  58.7%  V-Acc:  50.0%  V-AUROC: 0.5293  LR: 1.00e-03
2026-08-03 14:29:01,713 | [FULL    ] | INFO | full_experiments_using.model_trainers.mobile_vit_trainer | Ep [020/500] T-Acc:  58.4%  V-Acc:  53.3%  V-AUROC: 0.5361  LR: 1.00e-03
2026-08-03 14:29:29,335 | [FULL    ] | INFO | full_experiments_using.model_trainers.mobile_vit_trainer | Ep [021/500] T-Acc:  59.8%  V-Acc:  50.9%  V-AUROC: 0.5292  LR: 1.00e-03
2026-08-03 14:29:57,029 | [FULL    ] | INFO | full_experiments_using.model_trainers.mobile_vit_trainer | Ep [022/500] T-Acc:  59.2%  V-Acc:  52.2%  V-AUROC: 0.5359  LR: 1.00e-03
2026-08-03 14:30:24,787 | [FULL    ] | INFO | full_experiments_using.model_trainers.mobile_vit_trainer | Ep [023/500] T-Acc:  58.6%  V-Acc:  51.2%  V-AUROC: 0.5279  LR: 1.00e-03
2026-08-03 14:30:52,813 | [FULL    ] | INFO | full_experiments_using.model_trainers.mobile_vit_trainer | Ep [024/500] T-Acc:  59.3%  V-Acc:  51.4%  V-AUROC: 0.5352  LR: 1.00e-03
2026-08-03 14:31:20,673 | [FULL    ] | INFO | full_experiments_using.model_trainers.mobile_vit_trainer | Ep [025/500] T-Acc:  60.2%  V-Acc:  53.7%  V-AUROC: 0.5383  LR: 1.00e-03
2026-08-03 14:31:20,783 | [FULL    ] | INFO | full_experiments_using.model_trainers.mobile_vit_trainer |   ↳ new best AUROC; saved checkpoint: /home/oem/choihyunsu/VOGBasedMCIDetection/outputs/checkpoints/run_20260803_091247_full_wvote_artifact30_w0-5-10-10-0-15-30-30_strat_4err/fold_12_best.pth
2026-08-03 14:31:48,553 | [FULL    ] | INFO | full_experiments_using.model_trainers.mobile_vit_trainer | Ep [026/500] T-Acc:  59.3%  V-Acc:  50.8%  V-AUROC: 0.5296  LR: 1.00e-03
2026-08-03 14:32:16,126 | [FULL    ] | INFO | full_experiments_using.model_trainers.mobile_vit_trainer | Ep [027/500] T-Acc:  60.1%  V-Acc:  50.9%  V-AUROC: 0.5387  LR: 1.00e-03
2026-08-03 14:32:16,245 | [FULL    ] | INFO | full_experiments_using.model_trainers.mobile_vit_trainer |   ↳ new best AUROC; saved checkpoint: /home/oem/choihyunsu/VOGBasedMCIDetection/outputs/checkpoints/run_20260803_091247_full_wvote_artifact30_w0-5-10-10-0-15-30-30_strat_4err/fold_12_best.pth
2026-08-03 14:32:44,187 | [FULL    ] | INFO | full_experiments_using.model_trainers.mobile_vit_trainer | Ep [028/500] T-Acc:  59.3%  V-Acc:  51.1%  V-AUROC: 0.5433  LR: 1.00e-03
2026-08-03 14:32:44,435 | [FULL    ] | INFO | full_experiments_using.model_trainers.mobile_vit_trainer |   ↳ new best AUROC; saved checkpoint: /home/oem/choihyunsu/VOGBasedMCIDetection/outputs/checkpoints/run_20260803_091247_full_wvote_artifact30_w0-5-10-10-0-15-30-30_strat_4err/fold_12_best.pth
2026-08-03 14:33:12,383 | [FULL    ] | INFO | full_experiments_using.model_trainers.mobile_vit_trainer | Ep [029/500] T-Acc:  60.0%  V-Acc:  51.2%  V-AUROC: 0.5395  LR: 1.00e-03
2026-08-03 14:33:40,253 | [FULL    ] | INFO | full_experiments_using.model_trainers.mobile_vit_trainer | Ep [030/500] T-Acc:  60.4%  V-Acc:  49.1%  V-AUROC: 0.5298  LR: 1.00e-03
2026-08-03 14:34:07,770 | [FULL    ] | INFO | full_experiments_using.model_trainers.mobile_vit_trainer | Ep [031/500] T-Acc:  60.2%  V-Acc:  50.8%  V-AUROC: 0.5324  LR: 1.00e-03
2026-08-03 14:34:35,426 | [FULL    ] | INFO | full_experiments_using.model_trainers.mobile_vit_trainer | Ep [032/500] T-Acc:  61.4%  V-Acc:  51.2%  V-AUROC: 0.5393  LR: 1.00e-03
2026-08-03 14:35:03,317 | [FULL    ] | INFO | full_experiments_using.model_trainers.mobile_vit_trainer | Ep [033/500] T-Acc:  61.6%  V-Acc:  50.4%  V-AUROC: 0.5410  LR: 1.00e-03
2026-08-03 14:35:31,073 | [FULL    ] | INFO | full_experiments_using.model_trainers.mobile_vit_trainer | Ep [034/500] T-Acc:  60.5%  V-Acc:  51.2%  V-AUROC: 0.5372  LR: 1.00e-03
2026-08-03 14:35:58,847 | [FULL    ] | INFO | full_experiments_using.model_trainers.mobile_vit_trainer | Ep [035/500] T-Acc:  61.3%  V-Acc:  50.9%  V-AUROC: 0.5426  LR: 1.00e-03
2026-08-03 14:36:26,823 | [FULL    ] | INFO | full_experiments_using.model_trainers.mobile_vit_trainer | Ep [036/500] T-Acc:  60.9%  V-Acc:  53.7%  V-AUROC: 0.5446  LR: 1.00e-03
2026-08-03 14:36:26,957 | [FULL    ] | INFO | full_experiments_using.model_trainers.mobile_vit_trainer |   ↳ new best AUROC; saved checkpoint: /home/oem/choihyunsu/VOGBasedMCIDetection/outputs/checkpoints/run_20260803_091247_full_wvote_artifact30_w0-5-10-10-0-15-30-30_strat_4err/fold_12_best.pth
2026-08-03 14:36:54,704 | [FULL    ] | INFO | full_experiments_using.model_trainers.mobile_vit_trainer | Ep [037/500] T-Acc:  61.5%  V-Acc:  53.0%  V-AUROC: 0.5463  LR: 1.00e-03
2026-08-03 14:36:54,823 | [FULL    ] | INFO | full_experiments_using.model_trainers.mobile_vit_trainer |   ↳ new best AUROC; saved checkpoint: /home/oem/choihyunsu/VOGBasedMCIDetection/outputs/checkpoints/run_20260803_091247_full_wvote_artifact30_w0-5-10-10-0-15-30-30_strat_4err/fold_12_best.pth
2026-08-03 14:37:22,826 | [FULL    ] | INFO | full_experiments_using.model_trainers.mobile_vit_trainer | Ep [038/500] T-Acc:  61.7%  V-Acc:  51.8%  V-AUROC: 0.5422  LR: 1.00e-03
2026-08-03 14:37:50,573 | [FULL    ] | INFO | full_experiments_using.model_trainers.mobile_vit_trainer | Ep [039/500] T-Acc:  62.0%  V-Acc:  52.1%  V-AUROC: 0.5444  LR: 1.00e-03
2026-08-03 14:38:18,349 | [FULL    ] | INFO | full_experiments_using.model_trainers.mobile_vit_trainer | Ep [040/500] T-Acc:  61.0%  V-Acc:  52.6%  V-AUROC: 0.5538  LR: 1.00e-03
2026-08-03 14:38:18,467 | [FULL    ] | INFO | full_experiments_using.model_trainers.mobile_vit_trainer |   ↳ new best AUROC; saved checkpoint: /home/oem/choihyunsu/VOGBasedMCIDetection/outputs/checkpoints/run_20260803_091247_full_wvote_artifact30_w0-5-10-10-0-15-30-30_strat_4err/fold_12_best.pth
2026-08-03 14:38:46,583 | [FULL    ] | INFO | full_experiments_using.model_trainers.mobile_vit_trainer | Ep [041/500] T-Acc:  61.6%  V-Acc:  52.3%  V-AUROC: 0.5522  LR: 1.00e-03
2026-08-03 14:39:14,533 | [FULL    ] | INFO | full_experiments_using.model_trainers.mobile_vit_trainer | Ep [042/500] T-Acc:  61.5%  V-Acc:  52.2%  V-AUROC: 0.5491  LR: 1.00e-03
2026-08-03 14:39:42,371 | [FULL    ] | INFO | full_experiments_using.model_trainers.mobile_vit_trainer | Ep [043/500] T-Acc:  62.2%  V-Acc:  52.6%  V-AUROC: 0.5542  LR: 1.00e-03
2026-08-03 14:39:42,488 | [FULL    ] | INFO | full_experiments_using.model_trainers.mobile_vit_trainer |   ↳ new best AUROC; saved checkpoint: /home/oem/choihyunsu/VOGBasedMCIDetection/outputs/checkpoints/run_20260803_091247_full_wvote_artifact30_w0-5-10-10-0-15-30-30_strat_4err/fold_12_best.pth
2026-08-03 14:40:10,497 | [FULL    ] | INFO | full_experiments_using.model_trainers.mobile_vit_trainer | Ep [044/500] T-Acc:  61.8%  V-Acc:  52.4%  V-AUROC: 0.5531  LR: 1.00e-03
2026-08-03 14:40:38,335 | [FULL    ] | INFO | full_experiments_using.model_trainers.mobile_vit_trainer | Ep [045/500] T-Acc:  61.8%  V-Acc:  52.5%  V-AUROC: 0.5502  LR: 1.00e-03
2026-08-03 14:41:06,178 | [FULL    ] | INFO | full_experiments_using.model_trainers.mobile_vit_trainer | Ep [046/500] T-Acc:  62.3%  V-Acc:  53.3%  V-AUROC: 0.5580  LR: 1.00e-03
2026-08-03 14:41:06,302 | [FULL    ] | INFO | full_experiments_using.model_trainers.mobile_vit_trainer |   ↳ new best AUROC; saved checkpoint: /home/oem/choihyunsu/VOGBasedMCIDetection/outputs/checkpoints/run_20260803_091247_full_wvote_artifact30_w0-5-10-10-0-15-30-30_strat_4err/fold_12_best.pth
2026-08-03 14:41:34,324 | [FULL    ] | INFO | full_experiments_using.model_trainers.mobile_vit_trainer | Ep [047/500] T-Acc:  61.4%  V-Acc:  52.5%  V-AUROC: 0.5567  LR: 1.00e-03
2026-08-03 14:42:02,109 | [FULL    ] | INFO | full_experiments_using.model_trainers.mobile_vit_trainer | Ep [048/500] T-Acc:  61.5%  V-Acc:  53.0%  V-AUROC: 0.5591  LR: 1.00e-03
2026-08-03 14:42:02,225 | [FULL    ] | INFO | full_experiments_using.model_trainers.mobile_vit_trainer |   ↳ new best AUROC; saved checkpoint: /home/oem/choihyunsu/VOGBasedMCIDetection/outputs/checkpoints/run_20260803_091247_full_wvote_artifact30_w0-5-10-10-0-15-30-30_strat_4err/fold_12_best.pth
2026-08-03 14:42:30,144 | [FULL    ] | INFO | full_experiments_using.model_trainers.mobile_vit_trainer | Ep [049/500] T-Acc:  63.1%  V-Acc:  52.9%  V-AUROC: 0.5583  LR: 1.00e-03
2026-08-03 14:42:57,875 | [FULL    ] | INFO | full_experiments_using.model_trainers.mobile_vit_trainer | Ep [050/500] T-Acc:  61.4%  V-Acc:  53.4%  V-AUROC: 0.5574  LR: 1.00e-03
2026-08-03 14:43:25,660 | [FULL    ] | INFO | full_experiments_using.model_trainers.mobile_vit_trainer | Ep [051/500] T-Acc:  61.9%  V-Acc:  53.9%  V-AUROC: 0.5655  LR: 1.00e-03
2026-08-03 14:43:25,831 | [FULL    ] | INFO | full_experiments_using.model_trainers.mobile_vit_trainer |   ↳ new best AUROC; saved checkpoint: /home/oem/choihyunsu/VOGBasedMCIDetection/outputs/checkpoints/run_20260803_091247_full_wvote_artifact30_w0-5-10-10-0-15-30-30_strat_4err/fold_12_best.pth
2026-08-03 14:43:53,614 | [FULL    ] | INFO | full_experiments_using.model_trainers.mobile_vit_trainer | Ep [052/500] T-Acc:  61.8%  V-Acc:  54.2%  V-AUROC: 0.5641  LR: 1.00e-03
2026-08-03 14:44:19,745 | [FULL    ] | INFO | full_experiments_using.model_trainers.mobile_vit_trainer | Ep [053/500] T-Acc:  62.1%  V-Acc:  52.8%  V-AUROC: 0.5577  LR: 1.00e-03
2026-08-03 14:44:47,402 | [FULL    ] | INFO | full_experiments_using.model_trainers.mobile_vit_trainer | Ep [054/500] T-Acc:  61.9%  V-Acc:  54.0%  V-AUROC: 0.5559  LR: 1.00e-03
2026-08-03 14:45:13,516 | [FULL    ] | INFO | full_experiments_using.model_trainers.mobile_vit_trainer | Ep [055/500] T-Acc:  62.2%  V-Acc:  53.4%  V-AUROC: 0.5547  LR: 1.00e-03
2026-08-03 14:45:41,257 | [FULL    ] | INFO | full_experiments_using.model_trainers.mobile_vit_trainer | Ep [056/500] T-Acc:  62.8%  V-Acc:  53.3%  V-AUROC: 0.5494  LR: 1.00e-03
2026-08-03 14:46:09,088 | [FULL    ] | INFO | full_experiments_using.model_trainers.mobile_vit_trainer | Ep [057/500] T-Acc:  62.3%  V-Acc:  53.1%  V-AUROC: 0.5549  LR: 1.00e-03
2026-08-03 14:46:36,992 | [FULL    ] | INFO | full_experiments_using.model_trainers.mobile_vit_trainer | Ep [058/500] T-Acc:  62.3%  V-Acc:  52.9%  V-AUROC: 0.5576  LR: 1.00e-03
2026-08-03 14:47:03,101 | [FULL    ] | INFO | full_experiments_using.model_trainers.mobile_vit_trainer | Ep [059/500] T-Acc:  63.1%  V-Acc:  52.3%  V-AUROC: 0.5593  LR: 1.00e-03
2026-08-03 14:47:30,594 | [FULL    ] | INFO | full_experiments_using.model_trainers.mobile_vit_trainer | Ep [060/500] T-Acc:  61.6%  V-Acc:  53.2%  V-AUROC: 0.5564  LR: 1.00e-03
2026-08-03 14:47:56,980 | [FULL    ] | INFO | full_experiments_using.model_trainers.mobile_vit_trainer | Ep [061/500] T-Acc:  63.6%  V-Acc:  52.8%  V-AUROC: 0.5562  LR: 1.00e-03
2026-08-03 14:48:24,698 | [FULL    ] | INFO | full_experiments_using.model_trainers.mobile_vit_trainer | Ep [062/500] T-Acc:  63.0%  V-Acc:  53.4%  V-AUROC: 0.5564  LR: 1.00e-03
2026-08-03 14:48:52,480 | [FULL    ] | INFO | full_experiments_using.model_trainers.mobile_vit_trainer | Ep [063/500] T-Acc:  63.7%  V-Acc:  53.2%  V-AUROC: 0.5595  LR: 2.00e-04
2026-08-03 14:49:19,964 | [FULL    ] | INFO | full_experiments_using.model_trainers.mobile_vit_trainer | Ep [064/500] T-Acc:  63.3%  V-Acc:  53.6%  V-AUROC: 0.5616  LR: 2.00e-04
2026-08-03 14:49:47,868 | [FULL    ] | INFO | full_experiments_using.model_trainers.mobile_vit_trainer | Ep [065/500] T-Acc:  63.5%  V-Acc:  52.9%  V-AUROC: 0.5602  LR: 2.00e-04
2026-08-03 14:50:15,633 | [FULL    ] | INFO | full_experiments_using.model_trainers.mobile_vit_trainer | Ep [066/500] T-Acc:  62.9%  V-Acc:  54.1%  V-AUROC: 0.5586  LR: 2.00e-04
2026-08-03 14:50:42,165 | [FULL    ] | INFO | full_experiments_using.model_trainers.mobile_vit_trainer | Ep [067/500] T-Acc:  63.9%  V-Acc:  54.1%  V-AUROC: 0.5589  LR: 2.00e-04
2026-08-03 14:51:09,873 | [FULL    ] | INFO | full_experiments_using.model_trainers.mobile_vit_trainer | Ep [068/500] T-Acc:  63.8%  V-Acc:  54.4%  V-AUROC: 0.5596  LR: 2.00e-04
2026-08-03 14:51:36,316 | [FULL    ] | INFO | full_experiments_using.model_trainers.mobile_vit_trainer | Ep [069/500] T-Acc:  63.5%  V-Acc:  53.8%  V-AUROC: 0.5582  LR: 2.00e-04
2026-08-03 14:52:04,003 | [FULL    ] | INFO | full_experiments_using.model_trainers.mobile_vit_trainer | Ep [070/500] T-Acc:  64.1%  V-Acc:  52.8%  V-AUROC: 0.5588  LR: 2.00e-04
2026-08-03 14:52:31,951 | [FULL    ] | INFO | full_experiments_using.model_trainers.mobile_vit_trainer | Ep [071/500] T-Acc:  63.6%  V-Acc:  53.7%  V-AUROC: 0.5582  LR: 2.00e-04
2026-08-03 14:52:59,959 | [FULL    ] | INFO | full_experiments_using.model_trainers.mobile_vit_trainer | Ep [072/500] T-Acc:  63.0%  V-Acc:  53.7%  V-AUROC: 0.5571  LR: 2.00e-04
2026-08-03 14:53:27,755 | [FULL    ] | INFO | full_experiments_using.model_trainers.mobile_vit_trainer | Ep [073/500] T-Acc:  63.6%  V-Acc:  52.5%  V-AUROC: 0.5591  LR: 2.00e-04
2026-08-03 14:53:55,381 | [FULL    ] | INFO | full_experiments_using.model_trainers.mobile_vit_trainer | Ep [074/500] T-Acc:  63.9%  V-Acc:  53.5%  V-AUROC: 0.5543  LR: 4.00e-05
2026-08-03 14:54:23,207 | [FULL    ] | INFO | full_experiments_using.model_trainers.mobile_vit_trainer | Ep [075/500] T-Acc:  62.9%  V-Acc:  52.7%  V-AUROC: 0.5593  LR: 4.00e-05
2026-08-03 14:54:50,948 | [FULL    ] | INFO | full_experiments_using.model_trainers.mobile_vit_trainer | Ep [076/500] T-Acc:  63.6%  V-Acc:  54.5%  V-AUROC: 0.5575  LR: 4.00e-05
2026-08-03 14:55:18,772 | [FULL    ] | INFO | full_experiments_using.model_trainers.mobile_vit_trainer | Ep [077/500] T-Acc:  64.0%  V-Acc:  52.9%  V-AUROC: 0.5594  LR: 4.00e-05
2026-08-03 14:55:46,566 | [FULL    ] | INFO | full_experiments_using.model_trainers.mobile_vit_trainer | Ep [078/500] T-Acc:  63.5%  V-Acc:  53.9%  V-AUROC: 0.5598  LR: 4.00e-05
2026-08-03 14:56:14,141 | [FULL    ] | INFO | full_experiments_using.model_trainers.mobile_vit_trainer | Ep [079/500] T-Acc:  63.3%  V-Acc:  54.3%  V-AUROC: 0.5592  LR: 4.00e-05
2026-08-03 14:56:41,961 | [FULL    ] | INFO | full_experiments_using.model_trainers.mobile_vit_trainer | Ep [080/500] T-Acc:  62.8%  V-Acc:  52.7%  V-AUROC: 0.5592  LR: 4.00e-05
2026-08-03 14:57:09,951 | [FULL    ] | INFO | full_experiments_using.model_trainers.mobile_vit_trainer | Ep [081/500] T-Acc:  63.6%  V-Acc:  52.6%  V-AUROC: 0.5605  LR: 4.00e-05
2026-08-03 14:57:09,951 | [FULL    ] | INFO | full_experiments_using.model_trainers.mobile_vit_trainer | Early stop — best AUROC 0.5655 at epoch 51 (no improvement for 30 epochs)
2026-08-03 14:57:09,951 | [FULL    ] | INFO | full_experiments_using.model_trainers.mobile_vit_trainer | Done. Best AUROC: 0.5655 (epoch 51) → /home/oem/choihyunsu/VOGBasedMCIDetection/outputs/checkpoints/run_20260803_091247_full_wvote_artifact30_w0-5-10-10-0-15-30-30_strat_4err/fold_12_best.pth
2026-08-03 14:57:19,683 | [FULL    ] | INFO | full_experiments_using.evaluators.monte_carlo_evaluator | -> Fold 13 Result | Acc=0.818 Sens=1.000 Spec=0.500 AUROC=0.821
2026-08-03 14:57:19,697 | [FULL    ] | INFO | full_experiments_using.evaluators.monte_carlo_evaluator | === Fold 14/30 | train: 25 subj (HC=10 MCI=15) / 3989 win | test: 12 subj (HC=4 MCI=8) / 1726 win ===
2026-08-03 14:57:19,945 | [FULL    ] | INFO | httpx | HTTP Request: HEAD https://huggingface.co/apple/mobilevit-small/resolve/main/config.json "HTTP/1.1 307 Temporary Redirect"
2026-08-03 14:57:19,958 | [FULL    ] | INFO | httpx | HTTP Request: HEAD https://huggingface.co/api/resolve-cache/models/apple/mobilevit-small/6c8612545dc98676d27bc518fa521d9e9af23e34/config.json "HTTP/1.1 200 OK"
2026-08-03 14:57:20,234 | [FULL    ] | INFO | httpx | HTTP Request: HEAD https://huggingface.co/apple/mobilevit-small/resolve/main/model.safetensors "HTTP/1.1 404 Not Found"
2026-08-03 14:57:20,448 | [FULL    ] | INFO | httpx | HTTP Request: HEAD https://huggingface.co/apple/mobilevit-small/resolve/main/model.safetensors.index.json "HTTP/1.1 404 Not Found"
2026-08-03 14:57:20,660 | [FULL    ] | INFO | httpx | HTTP Request: HEAD https://huggingface.co/apple/mobilevit-small/resolve/main/pytorch_model.bin "HTTP/1.1 302 Found"
2026-08-03 14:57:20,874 | [FULL    ] | INFO | httpx | HTTP Request: HEAD https://huggingface.co/apple/mobilevit-small/resolve/main/model.safetensors "HTTP/1.1 404 Not Found"
2026-08-03 14:57:21,093 | [FULL    ] | INFO | httpx | HTTP Request: GET https://huggingface.co/api/models/apple/mobilevit-small "HTTP/1.1 200 OK"
2026-08-03 14:57:21,341 | [FULL    ] | INFO | httpx | HTTP Request: GET https://huggingface.co/api/models/apple/mobilevit-small/commits/main "HTTP/1.1 200 OK"
2026-08-03 14:57:21,575 | [FULL    ] | INFO | httpx | HTTP Request: GET https://huggingface.co/api/models/apple/mobilevit-small/discussions?p=0 "HTTP/1.1 200 OK"
2026-08-03 14:57:21,800 | [FULL    ] | INFO | httpx | HTTP Request: GET https://huggingface.co/api/models/apple/mobilevit-small/commits/refs%2Fpr%2F6 "HTTP/1.1 200 OK"
2026-08-03 14:57:21,998 | [FULL    ] | INFO | httpx | HTTP Request: HEAD https://huggingface.co/apple/mobilevit-small/resolve/refs%2Fpr%2F6/model.safetensors.index.json "HTTP/1.1 404 Not Found"
2026-08-03 14:57:22,213 | [FULL    ] | INFO | httpx | HTTP Request: HEAD https://huggingface.co/apple/mobilevit-small/resolve/refs%2Fpr%2F6/model.safetensors "HTTP/1.1 302 Found"
2026-08-03 14:57:22,801 | [FULL    ] | INFO | full_experiments_using.model_trainers.mobile_vit_trainer | Device: cuda | max_epochs=500 | batch=32 | eval_batch=256 | es_patience=30
2026-08-03 14:57:22,813 | [FULL    ] | INFO | full_experiments_using.model_trainers.mobile_vit_trainer | CE weights — HC: 1.084  MCI: 0.928
2026-08-03 14:58:08,232 | [FULL    ] | INFO | full_experiments_using.model_trainers.mobile_vit_trainer | Ep [001/500] T-Acc:  50.5%  V-Acc:  54.9%  V-AUROC: 0.4949  LR: 2.00e-04
2026-08-03 14:58:08,347 | [FULL    ] | INFO | full_experiments_using.model_trainers.mobile_vit_trainer |   ↳ new best AUROC; saved checkpoint: /home/oem/choihyunsu/VOGBasedMCIDetection/outputs/checkpoints/run_20260803_091247_full_wvote_artifact30_w0-5-10-10-0-15-30-30_strat_4err/fold_13_best.pth
2026-08-03 14:58:37,157 | [FULL    ] | INFO | full_experiments_using.model_trainers.mobile_vit_trainer | Ep [002/500] T-Acc:  50.3%  V-Acc:  55.9%  V-AUROC: 0.5030  LR: 4.00e-04
2026-08-03 14:58:37,301 | [FULL    ] | INFO | full_experiments_using.model_trainers.mobile_vit_trainer |   ↳ new best AUROC; saved checkpoint: /home/oem/choihyunsu/VOGBasedMCIDetection/outputs/checkpoints/run_20260803_091247_full_wvote_artifact30_w0-5-10-10-0-15-30-30_strat_4err/fold_13_best.pth
2026-08-03 14:59:05,898 | [FULL    ] | INFO | full_experiments_using.model_trainers.mobile_vit_trainer | Ep [003/500] T-Acc:  50.7%  V-Acc:  55.2%  V-AUROC: 0.5117  LR: 6.00e-04
2026-08-03 14:59:06,022 | [FULL    ] | INFO | full_experiments_using.model_trainers.mobile_vit_trainer |   ↳ new best AUROC; saved checkpoint: /home/oem/choihyunsu/VOGBasedMCIDetection/outputs/checkpoints/run_20260803_091247_full_wvote_artifact30_w0-5-10-10-0-15-30-30_strat_4err/fold_13_best.pth
2026-08-03 14:59:35,253 | [FULL    ] | INFO | full_experiments_using.model_trainers.mobile_vit_trainer | Ep [004/500] T-Acc:  51.9%  V-Acc:  57.2%  V-AUROC: 0.5373  LR: 8.00e-04
2026-08-03 14:59:35,407 | [FULL    ] | INFO | full_experiments_using.model_trainers.mobile_vit_trainer |   ↳ new best AUROC; saved checkpoint: /home/oem/choihyunsu/VOGBasedMCIDetection/outputs/checkpoints/run_20260803_091247_full_wvote_artifact30_w0-5-10-10-0-15-30-30_strat_4err/fold_13_best.pth
2026-08-03 15:00:04,146 | [FULL    ] | INFO | full_experiments_using.model_trainers.mobile_vit_trainer | Ep [005/500] T-Acc:  51.5%  V-Acc:  56.0%  V-AUROC: 0.5540  LR: 1.00e-03
2026-08-03 15:00:04,306 | [FULL    ] | INFO | full_experiments_using.model_trainers.mobile_vit_trainer |   ↳ new best AUROC; saved checkpoint: /home/oem/choihyunsu/VOGBasedMCIDetection/outputs/checkpoints/run_20260803_091247_full_wvote_artifact30_w0-5-10-10-0-15-30-30_strat_4err/fold_13_best.pth
2026-08-03 15:00:32,821 | [FULL    ] | INFO | full_experiments_using.model_trainers.mobile_vit_trainer | Ep [006/500] T-Acc:  53.6%  V-Acc:  55.9%  V-AUROC: 0.5486  LR: 1.00e-03
2026-08-03 15:01:01,598 | [FULL    ] | INFO | full_experiments_using.model_trainers.mobile_vit_trainer | Ep [007/500] T-Acc:  52.2%  V-Acc:  56.8%  V-AUROC: 0.5537  LR: 1.00e-03
2026-08-03 15:01:30,152 | [FULL    ] | INFO | full_experiments_using.model_trainers.mobile_vit_trainer | Ep [008/500] T-Acc:  52.7%  V-Acc:  55.4%  V-AUROC: 0.5501  LR: 1.00e-03
2026-08-03 15:01:58,659 | [FULL    ] | INFO | full_experiments_using.model_trainers.mobile_vit_trainer | Ep [009/500] T-Acc:  54.9%  V-Acc:  55.4%  V-AUROC: 0.5551  LR: 1.00e-03
2026-08-03 15:01:58,779 | [FULL    ] | INFO | full_experiments_using.model_trainers.mobile_vit_trainer |   ↳ new best AUROC; saved checkpoint: /home/oem/choihyunsu/VOGBasedMCIDetection/outputs/checkpoints/run_20260803_091247_full_wvote_artifact30_w0-5-10-10-0-15-30-30_strat_4err/fold_13_best.pth
2026-08-03 15:02:27,467 | [FULL    ] | INFO | full_experiments_using.model_trainers.mobile_vit_trainer | Ep [010/500] T-Acc:  53.9%  V-Acc:  55.2%  V-AUROC: 0.5477  LR: 1.00e-03
2026-08-03 15:02:56,291 | [FULL    ] | INFO | full_experiments_using.model_trainers.mobile_vit_trainer | Ep [011/500] T-Acc:  54.2%  V-Acc:  57.1%  V-AUROC: 0.5660  LR: 1.00e-03
2026-08-03 15:02:56,449 | [FULL    ] | INFO | full_experiments_using.model_trainers.mobile_vit_trainer |   ↳ new best AUROC; saved checkpoint: /home/oem/choihyunsu/VOGBasedMCIDetection/outputs/checkpoints/run_20260803_091247_full_wvote_artifact30_w0-5-10-10-0-15-30-30_strat_4err/fold_13_best.pth
2026-08-03 15:03:25,295 | [FULL    ] | INFO | full_experiments_using.model_trainers.mobile_vit_trainer | Ep [012/500] T-Acc:  56.3%  V-Acc:  56.0%  V-AUROC: 0.5590  LR: 1.00e-03
2026-08-03 15:03:54,082 | [FULL    ] | INFO | full_experiments_using.model_trainers.mobile_vit_trainer | Ep [013/500] T-Acc:  55.9%  V-Acc:  57.6%  V-AUROC: 0.5774  LR: 1.00e-03
2026-08-03 15:03:54,223 | [FULL    ] | INFO | full_experiments_using.model_trainers.mobile_vit_trainer |   ↳ new best AUROC; saved checkpoint: /home/oem/choihyunsu/VOGBasedMCIDetection/outputs/checkpoints/run_20260803_091247_full_wvote_artifact30_w0-5-10-10-0-15-30-30_strat_4err/fold_13_best.pth
2026-08-03 15:04:23,019 | [FULL    ] | INFO | full_experiments_using.model_trainers.mobile_vit_trainer | Ep [014/500] T-Acc:  57.9%  V-Acc:  57.8%  V-AUROC: 0.5758  LR: 1.00e-03
2026-08-03 15:04:51,544 | [FULL    ] | INFO | full_experiments_using.model_trainers.mobile_vit_trainer | Ep [015/500] T-Acc:  57.9%  V-Acc:  57.9%  V-AUROC: 0.5719  LR: 1.00e-03
2026-08-03 15:05:20,162 | [FULL    ] | INFO | full_experiments_using.model_trainers.mobile_vit_trainer | Ep [016/500] T-Acc:  57.5%  V-Acc:  58.1%  V-AUROC: 0.5838  LR: 1.00e-03
2026-08-03 15:05:20,283 | [FULL    ] | INFO | full_experiments_using.model_trainers.mobile_vit_trainer |   ↳ new best AUROC; saved checkpoint: /home/oem/choihyunsu/VOGBasedMCIDetection/outputs/checkpoints/run_20260803_091247_full_wvote_artifact30_w0-5-10-10-0-15-30-30_strat_4err/fold_13_best.pth
2026-08-03 15:05:49,048 | [FULL    ] | INFO | full_experiments_using.model_trainers.mobile_vit_trainer | Ep [017/500] T-Acc:  57.7%  V-Acc:  57.3%  V-AUROC: 0.5802  LR: 1.00e-03
2026-08-03 15:06:17,675 | [FULL    ] | INFO | full_experiments_using.model_trainers.mobile_vit_trainer | Ep [018/500] T-Acc:  58.5%  V-Acc:  57.7%  V-AUROC: 0.5802  LR: 1.00e-03
2026-08-03 15:06:46,434 | [FULL    ] | INFO | full_experiments_using.model_trainers.mobile_vit_trainer | Ep [019/500] T-Acc:  58.9%  V-Acc:  57.0%  V-AUROC: 0.5796  LR: 1.00e-03
2026-08-03 15:07:14,927 | [FULL    ] | INFO | full_experiments_using.model_trainers.mobile_vit_trainer | Ep [020/500] T-Acc:  56.7%  V-Acc:  58.4%  V-AUROC: 0.5850  LR: 1.00e-03
2026-08-03 15:07:15,044 | [FULL    ] | INFO | full_experiments_using.model_trainers.mobile_vit_trainer |   ↳ new best AUROC; saved checkpoint: /home/oem/choihyunsu/VOGBasedMCIDetection/outputs/checkpoints/run_20260803_091247_full_wvote_artifact30_w0-5-10-10-0-15-30-30_strat_4err/fold_13_best.pth
2026-08-03 15:07:43,937 | [FULL    ] | INFO | full_experiments_using.model_trainers.mobile_vit_trainer | Ep [021/500] T-Acc:  58.6%  V-Acc:  57.6%  V-AUROC: 0.5790  LR: 1.00e-03
2026-08-03 15:08:12,790 | [FULL    ] | INFO | full_experiments_using.model_trainers.mobile_vit_trainer | Ep [022/500] T-Acc:  58.1%  V-Acc:  57.6%  V-AUROC: 0.5870  LR: 1.00e-03
2026-08-03 15:08:12,928 | [FULL    ] | INFO | full_experiments_using.model_trainers.mobile_vit_trainer |   ↳ new best AUROC; saved checkpoint: /home/oem/choihyunsu/VOGBasedMCIDetection/outputs/checkpoints/run_20260803_091247_full_wvote_artifact30_w0-5-10-10-0-15-30-30_strat_4err/fold_13_best.pth
2026-08-03 15:08:41,576 | [FULL    ] | INFO | full_experiments_using.model_trainers.mobile_vit_trainer | Ep [023/500] T-Acc:  58.9%  V-Acc:  57.9%  V-AUROC: 0.5867  LR: 1.00e-03
2026-08-03 15:09:10,140 | [FULL    ] | INFO | full_experiments_using.model_trainers.mobile_vit_trainer | Ep [024/500] T-Acc:  59.0%  V-Acc:  59.4%  V-AUROC: 0.5861  LR: 1.00e-03
2026-08-03 15:09:39,030 | [FULL    ] | INFO | full_experiments_using.model_trainers.mobile_vit_trainer | Ep [025/500] T-Acc:  58.4%  V-Acc:  59.0%  V-AUROC: 0.5857  LR: 1.00e-03
2026-08-03 15:10:07,848 | [FULL    ] | INFO | full_experiments_using.model_trainers.mobile_vit_trainer | Ep [026/500] T-Acc:  59.4%  V-Acc:  58.5%  V-AUROC: 0.5841  LR: 1.00e-03
2026-08-03 15:10:36,759 | [FULL    ] | INFO | full_experiments_using.model_trainers.mobile_vit_trainer | Ep [027/500] T-Acc:  59.5%  V-Acc:  57.9%  V-AUROC: 0.5840  LR: 1.00e-03
2026-08-03 15:11:05,264 | [FULL    ] | INFO | full_experiments_using.model_trainers.mobile_vit_trainer | Ep [028/500] T-Acc:  59.9%  V-Acc:  58.5%  V-AUROC: 0.5885  LR: 1.00e-03
2026-08-03 15:11:05,404 | [FULL    ] | INFO | full_experiments_using.model_trainers.mobile_vit_trainer |   ↳ new best AUROC; saved checkpoint: /home/oem/choihyunsu/VOGBasedMCIDetection/outputs/checkpoints/run_20260803_091247_full_wvote_artifact30_w0-5-10-10-0-15-30-30_strat_4err/fold_13_best.pth
2026-08-03 15:11:34,113 | [FULL    ] | INFO | full_experiments_using.model_trainers.mobile_vit_trainer | Ep [029/500] T-Acc:  58.9%  V-Acc:  58.9%  V-AUROC: 0.5909  LR: 1.00e-03
2026-08-03 15:11:34,268 | [FULL    ] | INFO | full_experiments_using.model_trainers.mobile_vit_trainer |   ↳ new best AUROC; saved checkpoint: /home/oem/choihyunsu/VOGBasedMCIDetection/outputs/checkpoints/run_20260803_091247_full_wvote_artifact30_w0-5-10-10-0-15-30-30_strat_4err/fold_13_best.pth
2026-08-03 15:12:02,941 | [FULL    ] | INFO | full_experiments_using.model_trainers.mobile_vit_trainer | Ep [030/500] T-Acc:  59.9%  V-Acc:  58.2%  V-AUROC: 0.5923  LR: 1.00e-03
2026-08-03 15:12:03,057 | [FULL    ] | INFO | full_experiments_using.model_trainers.mobile_vit_trainer |   ↳ new best AUROC; saved checkpoint: /home/oem/choihyunsu/VOGBasedMCIDetection/outputs/checkpoints/run_20260803_091247_full_wvote_artifact30_w0-5-10-10-0-15-30-30_strat_4err/fold_13_best.pth
2026-08-03 15:12:31,747 | [FULL    ] | INFO | full_experiments_using.model_trainers.mobile_vit_trainer | Ep [031/500] T-Acc:  60.6%  V-Acc:  58.3%  V-AUROC: 0.5856  LR: 1.00e-03
2026-08-03 15:12:58,786 | [FULL    ] | INFO | full_experiments_using.model_trainers.mobile_vit_trainer | Ep [032/500] T-Acc:  59.1%  V-Acc:  58.6%  V-AUROC: 0.5913  LR: 1.00e-03
2026-08-03 15:13:25,237 | [FULL    ] | INFO | full_experiments_using.model_trainers.mobile_vit_trainer | Ep [033/500] T-Acc:  62.1%  V-Acc:  57.9%  V-AUROC: 0.5905  LR: 1.00e-03
2026-08-03 15:13:53,815 | [FULL    ] | INFO | full_experiments_using.model_trainers.mobile_vit_trainer | Ep [034/500] T-Acc:  59.5%  V-Acc:  59.2%  V-AUROC: 0.5922  LR: 1.00e-03
2026-08-03 15:14:22,603 | [FULL    ] | INFO | full_experiments_using.model_trainers.mobile_vit_trainer | Ep [035/500] T-Acc:  60.8%  V-Acc:  60.1%  V-AUROC: 0.5983  LR: 1.00e-03
2026-08-03 15:14:22,758 | [FULL    ] | INFO | full_experiments_using.model_trainers.mobile_vit_trainer |   ↳ new best AUROC; saved checkpoint: /home/oem/choihyunsu/VOGBasedMCIDetection/outputs/checkpoints/run_20260803_091247_full_wvote_artifact30_w0-5-10-10-0-15-30-30_strat_4err/fold_13_best.pth
2026-08-03 15:14:51,579 | [FULL    ] | INFO | full_experiments_using.model_trainers.mobile_vit_trainer | Ep [036/500] T-Acc:  60.0%  V-Acc:  57.3%  V-AUROC: 0.5943  LR: 1.00e-03
2026-08-03 15:15:19,916 | [FULL    ] | INFO | full_experiments_using.model_trainers.mobile_vit_trainer | Ep [037/500] T-Acc:  60.7%  V-Acc:  57.9%  V-AUROC: 0.5842  LR: 1.00e-03
2026-08-03 15:15:48,885 | [FULL    ] | INFO | full_experiments_using.model_trainers.mobile_vit_trainer | Ep [038/500] T-Acc:  60.7%  V-Acc:  58.5%  V-AUROC: 0.5903  LR: 1.00e-03
2026-08-03 15:16:17,333 | [FULL    ] | INFO | full_experiments_using.model_trainers.mobile_vit_trainer | Ep [039/500] T-Acc:  61.3%  V-Acc:  58.8%  V-AUROC: 0.5925  LR: 1.00e-03
2026-08-03 15:16:46,237 | [FULL    ] | INFO | full_experiments_using.model_trainers.mobile_vit_trainer | Ep [040/500] T-Acc:  62.1%  V-Acc:  57.8%  V-AUROC: 0.5814  LR: 1.00e-03
2026-08-03 15:17:14,906 | [FULL    ] | INFO | full_experiments_using.model_trainers.mobile_vit_trainer | Ep [041/500] T-Acc:  61.4%  V-Acc:  57.5%  V-AUROC: 0.5862  LR: 1.00e-03
2026-08-03 15:17:43,748 | [FULL    ] | INFO | full_experiments_using.model_trainers.mobile_vit_trainer | Ep [042/500] T-Acc:  60.8%  V-Acc:  58.6%  V-AUROC: 0.5929  LR: 1.00e-03
2026-08-03 15:18:12,469 | [FULL    ] | INFO | full_experiments_using.model_trainers.mobile_vit_trainer | Ep [043/500] T-Acc:  61.7%  V-Acc:  58.0%  V-AUROC: 0.5869  LR: 1.00e-03
2026-08-03 15:18:41,261 | [FULL    ] | INFO | full_experiments_using.model_trainers.mobile_vit_trainer | Ep [044/500] T-Acc:  61.5%  V-Acc:  58.2%  V-AUROC: 0.5898  LR: 1.00e-03
2026-08-03 15:19:09,917 | [FULL    ] | INFO | full_experiments_using.model_trainers.mobile_vit_trainer | Ep [045/500] T-Acc:  61.3%  V-Acc:  58.5%  V-AUROC: 0.5902  LR: 1.00e-03
2026-08-03 15:19:38,844 | [FULL    ] | INFO | full_experiments_using.model_trainers.mobile_vit_trainer | Ep [046/500] T-Acc:  62.3%  V-Acc:  57.5%  V-AUROC: 0.5868  LR: 1.00e-03
2026-08-03 15:20:05,761 | [FULL    ] | INFO | full_experiments_using.model_trainers.mobile_vit_trainer | Ep [047/500] T-Acc:  61.5%  V-Acc:  57.6%  V-AUROC: 0.5850  LR: 2.00e-04
2026-08-03 15:20:31,571 | [FULL    ] | INFO | full_experiments_using.model_trainers.mobile_vit_trainer | Ep [048/500] T-Acc:  61.9%  V-Acc:  57.5%  V-AUROC: 0.5846  LR: 2.00e-04
2026-08-03 15:20:58,660 | [FULL    ] | INFO | full_experiments_using.model_trainers.mobile_vit_trainer | Ep [049/500] T-Acc:  61.7%  V-Acc:  58.0%  V-AUROC: 0.5827  LR: 2.00e-04
2026-08-03 15:21:25,958 | [FULL    ] | INFO | full_experiments_using.model_trainers.mobile_vit_trainer | Ep [050/500] T-Acc:  62.0%  V-Acc:  57.9%  V-AUROC: 0.5834  LR: 2.00e-04
2026-08-03 15:21:54,916 | [FULL    ] | INFO | full_experiments_using.model_trainers.mobile_vit_trainer | Ep [051/500] T-Acc:  62.1%  V-Acc:  58.0%  V-AUROC: 0.5845  LR: 2.00e-04
2026-08-03 15:22:23,738 | [FULL    ] | INFO | full_experiments_using.model_trainers.mobile_vit_trainer | Ep [052/500] T-Acc:  61.3%  V-Acc:  58.1%  V-AUROC: 0.5832  LR: 2.00e-04
2026-08-03 15:22:52,417 | [FULL    ] | INFO | full_experiments_using.model_trainers.mobile_vit_trainer | Ep [053/500] T-Acc:  61.9%  V-Acc:  58.7%  V-AUROC: 0.5859  LR: 2.00e-04
2026-08-03 15:23:21,276 | [FULL    ] | INFO | full_experiments_using.model_trainers.mobile_vit_trainer | Ep [054/500] T-Acc:  61.7%  V-Acc:  58.4%  V-AUROC: 0.5857  LR: 2.00e-04
2026-08-03 15:23:49,965 | [FULL    ] | INFO | full_experiments_using.model_trainers.mobile_vit_trainer | Ep [055/500] T-Acc:  62.0%  V-Acc:  57.8%  V-AUROC: 0.5824  LR: 2.00e-04
2026-08-03 15:24:18,840 | [FULL    ] | INFO | full_experiments_using.model_trainers.mobile_vit_trainer | Ep [056/500] T-Acc:  61.5%  V-Acc:  58.4%  V-AUROC: 0.5820  LR: 2.00e-04
2026-08-03 15:24:47,524 | [FULL    ] | INFO | full_experiments_using.model_trainers.mobile_vit_trainer | Ep [057/500] T-Acc:  61.4%  V-Acc:  58.3%  V-AUROC: 0.5834  LR: 2.00e-04
2026-08-03 15:25:16,287 | [FULL    ] | INFO | full_experiments_using.model_trainers.mobile_vit_trainer | Ep [058/500] T-Acc:  60.7%  V-Acc:  57.6%  V-AUROC: 0.5831  LR: 4.00e-05
2026-08-03 15:25:44,956 | [FULL    ] | INFO | full_experiments_using.model_trainers.mobile_vit_trainer | Ep [059/500] T-Acc:  62.6%  V-Acc:  57.5%  V-AUROC: 0.5813  LR: 4.00e-05
2026-08-03 15:26:13,635 | [FULL    ] | INFO | full_experiments_using.model_trainers.mobile_vit_trainer | Ep [060/500] T-Acc:  62.3%  V-Acc:  58.4%  V-AUROC: 0.5834  LR: 4.00e-05
2026-08-03 15:26:42,174 | [FULL    ] | INFO | full_experiments_using.model_trainers.mobile_vit_trainer | Ep [061/500] T-Acc:  63.7%  V-Acc:  57.8%  V-AUROC: 0.5829  LR: 4.00e-05
2026-08-03 15:27:10,772 | [FULL    ] | INFO | full_experiments_using.model_trainers.mobile_vit_trainer | Ep [062/500] T-Acc:  63.0%  V-Acc:  57.2%  V-AUROC: 0.5817  LR: 4.00e-05
2026-08-03 15:27:39,518 | [FULL    ] | INFO | full_experiments_using.model_trainers.mobile_vit_trainer | Ep [063/500] T-Acc:  62.2%  V-Acc:  58.6%  V-AUROC: 0.5825  LR: 4.00e-05
2026-08-03 15:28:08,351 | [FULL    ] | INFO | full_experiments_using.model_trainers.mobile_vit_trainer | Ep [064/500] T-Acc:  61.5%  V-Acc:  57.5%  V-AUROC: 0.5828  LR: 4.00e-05
2026-08-03 15:28:37,085 | [FULL    ] | INFO | full_experiments_using.model_trainers.mobile_vit_trainer | Ep [065/500] T-Acc:  61.6%  V-Acc:  58.0%  V-AUROC: 0.5833  LR: 4.00e-05
2026-08-03 15:28:37,085 | [FULL    ] | INFO | full_experiments_using.model_trainers.mobile_vit_trainer | Early stop — best AUROC 0.5983 at epoch 35 (no improvement for 30 epochs)
2026-08-03 15:28:37,085 | [FULL    ] | INFO | full_experiments_using.model_trainers.mobile_vit_trainer | Done. Best AUROC: 0.5983 (epoch 35) → /home/oem/choihyunsu/VOGBasedMCIDetection/outputs/checkpoints/run_20260803_091247_full_wvote_artifact30_w0-5-10-10-0-15-30-30_strat_4err/fold_13_best.pth
2026-08-03 15:28:46,974 | [FULL    ] | INFO | full_experiments_using.evaluators.monte_carlo_evaluator | -> Fold 14 Result | Acc=0.700 Sens=0.857 Spec=0.333 AUROC=0.810
2026-08-03 15:28:46,981 | [FULL    ] | INFO | full_experiments_using.evaluators.monte_carlo_evaluator | === Fold 15/30 | train: 25 subj (HC=10 MCI=15) / 3839 win | test: 12 subj (HC=4 MCI=8) / 1876 win ===
2026-08-03 15:28:47,276 | [FULL    ] | INFO | httpx | HTTP Request: HEAD https://huggingface.co/apple/mobilevit-small/resolve/main/config.json "HTTP/1.1 307 Temporary Redirect"
2026-08-03 15:28:47,292 | [FULL    ] | INFO | httpx | HTTP Request: HEAD https://huggingface.co/api/resolve-cache/models/apple/mobilevit-small/6c8612545dc98676d27bc518fa521d9e9af23e34/config.json "HTTP/1.1 200 OK"
2026-08-03 15:28:47,574 | [FULL    ] | INFO | httpx | HTTP Request: HEAD https://huggingface.co/apple/mobilevit-small/resolve/main/model.safetensors "HTTP/1.1 404 Not Found"
2026-08-03 15:28:47,792 | [FULL    ] | INFO | httpx | HTTP Request: HEAD https://huggingface.co/apple/mobilevit-small/resolve/main/model.safetensors.index.json "HTTP/1.1 404 Not Found"
2026-08-03 15:28:48,010 | [FULL    ] | INFO | httpx | HTTP Request: HEAD https://huggingface.co/apple/mobilevit-small/resolve/main/pytorch_model.bin "HTTP/1.1 302 Found"
2026-08-03 15:28:48,221 | [FULL    ] | INFO | httpx | HTTP Request: HEAD https://huggingface.co/apple/mobilevit-small/resolve/main/model.safetensors "HTTP/1.1 404 Not Found"
2026-08-03 15:28:48,433 | [FULL    ] | INFO | httpx | HTTP Request: GET https://huggingface.co/api/models/apple/mobilevit-small "HTTP/1.1 200 OK"
2026-08-03 15:28:48,667 | [FULL    ] | INFO | httpx | HTTP Request: GET https://huggingface.co/api/models/apple/mobilevit-small/commits/main "HTTP/1.1 200 OK"
2026-08-03 15:28:48,887 | [FULL    ] | INFO | httpx | HTTP Request: GET https://huggingface.co/api/models/apple/mobilevit-small/discussions?p=0 "HTTP/1.1 200 OK"
2026-08-03 15:28:49,141 | [FULL    ] | INFO | httpx | HTTP Request: GET https://huggingface.co/api/models/apple/mobilevit-small/commits/refs%2Fpr%2F6 "HTTP/1.1 200 OK"
2026-08-03 15:28:49,352 | [FULL    ] | INFO | httpx | HTTP Request: HEAD https://huggingface.co/apple/mobilevit-small/resolve/refs%2Fpr%2F6/model.safetensors.index.json "HTTP/1.1 404 Not Found"
2026-08-03 15:28:49,588 | [FULL    ] | INFO | httpx | HTTP Request: HEAD https://huggingface.co/apple/mobilevit-small/resolve/refs%2Fpr%2F6/model.safetensors "HTTP/1.1 302 Found"
2026-08-03 15:28:50,451 | [FULL    ] | INFO | full_experiments_using.model_trainers.mobile_vit_trainer | Device: cuda | max_epochs=500 | batch=32 | eval_batch=256 | es_patience=30
2026-08-03 15:28:50,465 | [FULL    ] | INFO | full_experiments_using.model_trainers.mobile_vit_trainer | CE weights — HC: 1.101  MCI: 0.916
2026-08-03 15:29:30,175 | [FULL    ] | INFO | full_experiments_using.model_trainers.mobile_vit_trainer | Ep [001/500] T-Acc:  50.6%  V-Acc:  48.1%  V-AUROC: 0.5415  LR: 2.00e-04
2026-08-03 15:29:30,235 | [FULL    ] | INFO | full_experiments_using.model_trainers.mobile_vit_trainer |   ↳ new best AUROC; saved checkpoint: /home/oem/choihyunsu/VOGBasedMCIDetection/outputs/checkpoints/run_20260803_091247_full_wvote_artifact30_w0-5-10-10-0-15-30-30_strat_4err/fold_14_best.pth
2026-08-03 15:29:58,243 | [FULL    ] | INFO | full_experiments_using.model_trainers.mobile_vit_trainer | Ep [002/500] T-Acc:  49.9%  V-Acc:  49.5%  V-AUROC: 0.5506  LR: 4.00e-04
2026-08-03 15:29:58,418 | [FULL    ] | INFO | full_experiments_using.model_trainers.mobile_vit_trainer |   ↳ new best AUROC; saved checkpoint: /home/oem/choihyunsu/VOGBasedMCIDetection/outputs/checkpoints/run_20260803_091247_full_wvote_artifact30_w0-5-10-10-0-15-30-30_strat_4err/fold_14_best.pth
2026-08-03 15:30:26,285 | [FULL    ] | INFO | full_experiments_using.model_trainers.mobile_vit_trainer | Ep [003/500] T-Acc:  48.8%  V-Acc:  48.1%  V-AUROC: 0.5379  LR: 6.00e-04
2026-08-03 15:30:54,260 | [FULL    ] | INFO | full_experiments_using.model_trainers.mobile_vit_trainer | Ep [004/500] T-Acc:  50.9%  V-Acc:  52.0%  V-AUROC: 0.5547  LR: 8.00e-04
2026-08-03 15:30:54,394 | [FULL    ] | INFO | full_experiments_using.model_trainers.mobile_vit_trainer |   ↳ new best AUROC; saved checkpoint: /home/oem/choihyunsu/VOGBasedMCIDetection/outputs/checkpoints/run_20260803_091247_full_wvote_artifact30_w0-5-10-10-0-15-30-30_strat_4err/fold_14_best.pth
2026-08-03 15:31:22,282 | [FULL    ] | INFO | full_experiments_using.model_trainers.mobile_vit_trainer | Ep [005/500] T-Acc:  50.4%  V-Acc:  52.9%  V-AUROC: 0.5495  LR: 1.00e-03
2026-08-03 15:31:50,179 | [FULL    ] | INFO | full_experiments_using.model_trainers.mobile_vit_trainer | Ep [006/500] T-Acc:  52.7%  V-Acc:  50.7%  V-AUROC: 0.5412  LR: 1.00e-03
2026-08-03 15:32:18,463 | [FULL    ] | INFO | full_experiments_using.model_trainers.mobile_vit_trainer | Ep [007/500] T-Acc:  51.8%  V-Acc:  53.0%  V-AUROC: 0.5549  LR: 1.00e-03
2026-08-03 15:32:18,588 | [FULL    ] | INFO | full_experiments_using.model_trainers.mobile_vit_trainer |   ↳ new best AUROC; saved checkpoint: /home/oem/choihyunsu/VOGBasedMCIDetection/outputs/checkpoints/run_20260803_091247_full_wvote_artifact30_w0-5-10-10-0-15-30-30_strat_4err/fold_14_best.pth
2026-08-03 15:32:46,547 | [FULL    ] | INFO | full_experiments_using.model_trainers.mobile_vit_trainer | Ep [008/500] T-Acc:  53.1%  V-Acc:  54.1%  V-AUROC: 0.5601  LR: 1.00e-03
2026-08-03 15:32:46,804 | [FULL    ] | INFO | full_experiments_using.model_trainers.mobile_vit_trainer |   ↳ new best AUROC; saved checkpoint: /home/oem/choihyunsu/VOGBasedMCIDetection/outputs/checkpoints/run_20260803_091247_full_wvote_artifact30_w0-5-10-10-0-15-30-30_strat_4err/fold_14_best.pth
2026-08-03 15:33:15,027 | [FULL    ] | INFO | full_experiments_using.model_trainers.mobile_vit_trainer | Ep [009/500] T-Acc:  51.6%  V-Acc:  53.3%  V-AUROC: 0.5526  LR: 1.00e-03
2026-08-03 15:33:42,921 | [FULL    ] | INFO | full_experiments_using.model_trainers.mobile_vit_trainer | Ep [010/500] T-Acc:  53.1%  V-Acc:  54.6%  V-AUROC: 0.5575  LR: 1.00e-03
2026-08-03 15:34:10,962 | [FULL    ] | INFO | full_experiments_using.model_trainers.mobile_vit_trainer | Ep [011/500] T-Acc:  52.7%  V-Acc:  55.8%  V-AUROC: 0.5730  LR: 1.00e-03
2026-08-03 15:34:11,146 | [FULL    ] | INFO | full_experiments_using.model_trainers.mobile_vit_trainer |   ↳ new best AUROC; saved checkpoint: /home/oem/choihyunsu/VOGBasedMCIDetection/outputs/checkpoints/run_20260803_091247_full_wvote_artifact30_w0-5-10-10-0-15-30-30_strat_4err/fold_14_best.pth
2026-08-03 15:34:38,831 | [FULL    ] | INFO | full_experiments_using.model_trainers.mobile_vit_trainer | Ep [012/500] T-Acc:  53.8%  V-Acc:  57.5%  V-AUROC: 0.5860  LR: 1.00e-03
2026-08-03 15:34:38,997 | [FULL    ] | INFO | full_experiments_using.model_trainers.mobile_vit_trainer |   ↳ new best AUROC; saved checkpoint: /home/oem/choihyunsu/VOGBasedMCIDetection/outputs/checkpoints/run_20260803_091247_full_wvote_artifact30_w0-5-10-10-0-15-30-30_strat_4err/fold_14_best.pth
2026-08-03 15:35:07,201 | [FULL    ] | INFO | full_experiments_using.model_trainers.mobile_vit_trainer | Ep [013/500] T-Acc:  54.3%  V-Acc:  58.6%  V-AUROC: 0.6022  LR: 1.00e-03
2026-08-03 15:35:07,366 | [FULL    ] | INFO | full_experiments_using.model_trainers.mobile_vit_trainer |   ↳ new best AUROC; saved checkpoint: /home/oem/choihyunsu/VOGBasedMCIDetection/outputs/checkpoints/run_20260803_091247_full_wvote_artifact30_w0-5-10-10-0-15-30-30_strat_4err/fold_14_best.pth
2026-08-03 15:35:35,388 | [FULL    ] | INFO | full_experiments_using.model_trainers.mobile_vit_trainer | Ep [014/500] T-Acc:  55.3%  V-Acc:  57.6%  V-AUROC: 0.6043  LR: 1.00e-03
2026-08-03 15:35:35,526 | [FULL    ] | INFO | full_experiments_using.model_trainers.mobile_vit_trainer |   ↳ new best AUROC; saved checkpoint: /home/oem/choihyunsu/VOGBasedMCIDetection/outputs/checkpoints/run_20260803_091247_full_wvote_artifact30_w0-5-10-10-0-15-30-30_strat_4err/fold_14_best.pth
2026-08-03 15:36:03,544 | [FULL    ] | INFO | full_experiments_using.model_trainers.mobile_vit_trainer | Ep [015/500] T-Acc:  53.7%  V-Acc:  57.9%  V-AUROC: 0.5956  LR: 1.00e-03
2026-08-03 15:36:31,449 | [FULL    ] | INFO | full_experiments_using.model_trainers.mobile_vit_trainer | Ep [016/500] T-Acc:  53.0%  V-Acc:  56.4%  V-AUROC: 0.5892  LR: 1.00e-03
2026-08-03 15:36:59,462 | [FULL    ] | INFO | full_experiments_using.model_trainers.mobile_vit_trainer | Ep [017/500] T-Acc:  54.5%  V-Acc:  59.5%  V-AUROC: 0.6056  LR: 1.00e-03
2026-08-03 15:36:59,600 | [FULL    ] | INFO | full_experiments_using.model_trainers.mobile_vit_trainer |   ↳ new best AUROC; saved checkpoint: /home/oem/choihyunsu/VOGBasedMCIDetection/outputs/checkpoints/run_20260803_091247_full_wvote_artifact30_w0-5-10-10-0-15-30-30_strat_4err/fold_14_best.pth
2026-08-03 15:37:27,609 | [FULL    ] | INFO | full_experiments_using.model_trainers.mobile_vit_trainer | Ep [018/500] T-Acc:  55.4%  V-Acc:  56.8%  V-AUROC: 0.6006  LR: 1.00e-03
2026-08-03 15:37:55,503 | [FULL    ] | INFO | full_experiments_using.model_trainers.mobile_vit_trainer | Ep [019/500] T-Acc:  55.7%  V-Acc:  56.5%  V-AUROC: 0.5972  LR: 1.00e-03
2026-08-03 15:38:23,569 | [FULL    ] | INFO | full_experiments_using.model_trainers.mobile_vit_trainer | Ep [020/500] T-Acc:  53.5%  V-Acc:  58.5%  V-AUROC: 0.6159  LR: 1.00e-03
2026-08-03 15:38:23,707 | [FULL    ] | INFO | full_experiments_using.model_trainers.mobile_vit_trainer |   ↳ new best AUROC; saved checkpoint: /home/oem/choihyunsu/VOGBasedMCIDetection/outputs/checkpoints/run_20260803_091247_full_wvote_artifact30_w0-5-10-10-0-15-30-30_strat_4err/fold_14_best.pth
2026-08-03 15:38:51,841 | [FULL    ] | INFO | full_experiments_using.model_trainers.mobile_vit_trainer | Ep [021/500] T-Acc:  53.8%  V-Acc:  57.6%  V-AUROC: 0.6184  LR: 1.00e-03
2026-08-03 15:38:52,026 | [FULL    ] | INFO | full_experiments_using.model_trainers.mobile_vit_trainer |   ↳ new best AUROC; saved checkpoint: /home/oem/choihyunsu/VOGBasedMCIDetection/outputs/checkpoints/run_20260803_091247_full_wvote_artifact30_w0-5-10-10-0-15-30-30_strat_4err/fold_14_best.pth
2026-08-03 15:39:19,926 | [FULL    ] | INFO | full_experiments_using.model_trainers.mobile_vit_trainer | Ep [022/500] T-Acc:  55.2%  V-Acc:  60.8%  V-AUROC: 0.6452  LR: 1.00e-03
2026-08-03 15:39:20,043 | [FULL    ] | INFO | full_experiments_using.model_trainers.mobile_vit_trainer |   ↳ new best AUROC; saved checkpoint: /home/oem/choihyunsu/VOGBasedMCIDetection/outputs/checkpoints/run_20260803_091247_full_wvote_artifact30_w0-5-10-10-0-15-30-30_strat_4err/fold_14_best.pth
2026-08-03 15:39:48,040 | [FULL    ] | INFO | full_experiments_using.model_trainers.mobile_vit_trainer | Ep [023/500] T-Acc:  56.6%  V-Acc:  57.8%  V-AUROC: 0.6110  LR: 1.00e-03
2026-08-03 15:40:16,331 | [FULL    ] | INFO | full_experiments_using.model_trainers.mobile_vit_trainer | Ep [024/500] T-Acc:  56.0%  V-Acc:  58.4%  V-AUROC: 0.6159  LR: 1.00e-03
2026-08-03 15:40:44,184 | [FULL    ] | INFO | full_experiments_using.model_trainers.mobile_vit_trainer | Ep [025/500] T-Acc:  56.0%  V-Acc:  57.5%  V-AUROC: 0.6098  LR: 1.00e-03
2026-08-03 15:41:12,287 | [FULL    ] | INFO | full_experiments_using.model_trainers.mobile_vit_trainer | Ep [026/500] T-Acc:  56.2%  V-Acc:  57.7%  V-AUROC: 0.6156  LR: 1.00e-03
2026-08-03 15:41:38,531 | [FULL    ] | INFO | full_experiments_using.model_trainers.mobile_vit_trainer | Ep [027/500] T-Acc:  56.4%  V-Acc:  59.6%  V-AUROC: 0.6380  LR: 1.00e-03
2026-08-03 15:42:05,365 | [FULL    ] | INFO | full_experiments_using.model_trainers.mobile_vit_trainer | Ep [028/500] T-Acc:  56.5%  V-Acc:  60.0%  V-AUROC: 0.6389  LR: 1.00e-03
2026-08-03 15:42:32,194 | [FULL    ] | INFO | full_experiments_using.model_trainers.mobile_vit_trainer | Ep [029/500] T-Acc:  56.3%  V-Acc:  60.2%  V-AUROC: 0.6444  LR: 1.00e-03
2026-08-03 15:42:58,577 | [FULL    ] | INFO | full_experiments_using.model_trainers.mobile_vit_trainer | Ep [030/500] T-Acc:  56.9%  V-Acc:  59.5%  V-AUROC: 0.6317  LR: 1.00e-03
2026-08-03 15:43:24,161 | [FULL    ] | INFO | full_experiments_using.model_trainers.mobile_vit_trainer | Ep [031/500] T-Acc:  56.8%  V-Acc:  59.5%  V-AUROC: 0.6267  LR: 1.00e-03
2026-08-03 15:43:51,953 | [FULL    ] | INFO | full_experiments_using.model_trainers.mobile_vit_trainer | Ep [032/500] T-Acc:  56.0%  V-Acc:  58.8%  V-AUROC: 0.6268  LR: 1.00e-03
2026-08-03 15:44:19,843 | [FULL    ] | INFO | full_experiments_using.model_trainers.mobile_vit_trainer | Ep [033/500] T-Acc:  57.5%  V-Acc:  59.5%  V-AUROC: 0.6373  LR: 1.00e-03
2026-08-03 15:44:47,640 | [FULL    ] | INFO | full_experiments_using.model_trainers.mobile_vit_trainer | Ep [034/500] T-Acc:  57.1%  V-Acc:  59.1%  V-AUROC: 0.6332  LR: 2.00e-04
2026-08-03 15:45:15,592 | [FULL    ] | INFO | full_experiments_using.model_trainers.mobile_vit_trainer | Ep [035/500] T-Acc:  58.2%  V-Acc:  59.3%  V-AUROC: 0.6332  LR: 2.00e-04
2026-08-03 15:45:43,498 | [FULL    ] | INFO | full_experiments_using.model_trainers.mobile_vit_trainer | Ep [036/500] T-Acc:  57.9%  V-Acc:  60.4%  V-AUROC: 0.6381  LR: 2.00e-04
2026-08-03 15:46:11,286 | [FULL    ] | INFO | full_experiments_using.model_trainers.mobile_vit_trainer | Ep [037/500] T-Acc:  58.0%  V-Acc:  59.3%  V-AUROC: 0.6344  LR: 2.00e-04
2026-08-03 15:46:39,347 | [FULL    ] | INFO | full_experiments_using.model_trainers.mobile_vit_trainer | Ep [038/500] T-Acc:  58.5%  V-Acc:  59.9%  V-AUROC: 0.6383  LR: 2.00e-04
2026-08-03 15:47:07,355 | [FULL    ] | INFO | full_experiments_using.model_trainers.mobile_vit_trainer | Ep [039/500] T-Acc:  57.4%  V-Acc:  59.8%  V-AUROC: 0.6339  LR: 2.00e-04
2026-08-03 15:47:35,152 | [FULL    ] | INFO | full_experiments_using.model_trainers.mobile_vit_trainer | Ep [040/500] T-Acc:  59.4%  V-Acc:  60.0%  V-AUROC: 0.6352  LR: 2.00e-04
2026-08-03 15:48:03,191 | [FULL    ] | INFO | full_experiments_using.model_trainers.mobile_vit_trainer | Ep [041/500] T-Acc:  57.7%  V-Acc:  59.0%  V-AUROC: 0.6340  LR: 2.00e-04
2026-08-03 15:48:31,207 | [FULL    ] | INFO | full_experiments_using.model_trainers.mobile_vit_trainer | Ep [042/500] T-Acc:  57.5%  V-Acc:  58.8%  V-AUROC: 0.6280  LR: 2.00e-04
2026-08-03 15:48:59,177 | [FULL    ] | INFO | full_experiments_using.model_trainers.mobile_vit_trainer | Ep [043/500] T-Acc:  57.1%  V-Acc:  59.3%  V-AUROC: 0.6291  LR: 2.00e-04
2026-08-03 15:49:27,207 | [FULL    ] | INFO | full_experiments_using.model_trainers.mobile_vit_trainer | Ep [044/500] T-Acc:  58.6%  V-Acc:  58.8%  V-AUROC: 0.6300  LR: 2.00e-04
2026-08-03 15:49:55,275 | [FULL    ] | INFO | full_experiments_using.model_trainers.mobile_vit_trainer | Ep [045/500] T-Acc:  58.2%  V-Acc:  59.3%  V-AUROC: 0.6305  LR: 4.00e-05
2026-08-03 15:50:23,312 | [FULL    ] | INFO | full_experiments_using.model_trainers.mobile_vit_trainer | Ep [046/500] T-Acc:  56.5%  V-Acc:  59.6%  V-AUROC: 0.6331  LR: 4.00e-05
2026-08-03 15:50:51,430 | [FULL    ] | INFO | full_experiments_using.model_trainers.mobile_vit_trainer | Ep [047/500] T-Acc:  57.7%  V-Acc:  58.7%  V-AUROC: 0.6319  LR: 4.00e-05
2026-08-03 15:51:19,508 | [FULL    ] | INFO | full_experiments_using.model_trainers.mobile_vit_trainer | Ep [048/500] T-Acc:  58.0%  V-Acc:  59.1%  V-AUROC: 0.6333  LR: 4.00e-05
2026-08-03 15:51:47,732 | [FULL    ] | INFO | full_experiments_using.model_trainers.mobile_vit_trainer | Ep [049/500] T-Acc:  57.5%  V-Acc:  59.3%  V-AUROC: 0.6323  LR: 4.00e-05
2026-08-03 15:52:15,614 | [FULL    ] | INFO | full_experiments_using.model_trainers.mobile_vit_trainer | Ep [050/500] T-Acc:  59.3%  V-Acc:  59.8%  V-AUROC: 0.6317  LR: 4.00e-05
2026-08-03 15:52:43,892 | [FULL    ] | INFO | full_experiments_using.model_trainers.mobile_vit_trainer | Ep [051/500] T-Acc:  58.3%  V-Acc:  59.4%  V-AUROC: 0.6313  LR: 4.00e-05
2026-08-03 15:53:11,810 | [FULL    ] | INFO | full_experiments_using.model_trainers.mobile_vit_trainer | Ep [052/500] T-Acc:  58.4%  V-Acc:  58.7%  V-AUROC: 0.6312  LR: 4.00e-05
2026-08-03 15:53:11,850 | [FULL    ] | INFO | full_experiments_using.model_trainers.mobile_vit_trainer | Early stop — best AUROC 0.6452 at epoch 22 (no improvement for 30 epochs)
2026-08-03 15:53:11,850 | [FULL    ] | INFO | full_experiments_using.model_trainers.mobile_vit_trainer | Done. Best AUROC: 0.6452 (epoch 22) → /home/oem/choihyunsu/VOGBasedMCIDetection/outputs/checkpoints/run_20260803_091247_full_wvote_artifact30_w0-5-10-10-0-15-30-30_strat_4err/fold_14_best.pth
2026-08-03 15:53:21,439 | [FULL    ] | INFO | full_experiments_using.evaluators.monte_carlo_evaluator | -> Fold 15 Result | Acc=0.818 Sens=1.000 Spec=0.500 AUROC=0.964
2026-08-03 15:53:21,446 | [FULL    ] | INFO | full_experiments_using.evaluators.monte_carlo_evaluator | === Fold 16/30 | train: 25 subj (HC=10 MCI=15) / 3865 win | test: 12 subj (HC=4 MCI=8) / 1850 win ===
2026-08-03 15:53:21,703 | [FULL    ] | INFO | httpx | HTTP Request: HEAD https://huggingface.co/apple/mobilevit-small/resolve/main/config.json "HTTP/1.1 307 Temporary Redirect"
2026-08-03 15:53:21,715 | [FULL    ] | INFO | httpx | HTTP Request: HEAD https://huggingface.co/api/resolve-cache/models/apple/mobilevit-small/6c8612545dc98676d27bc518fa521d9e9af23e34/config.json "HTTP/1.1 200 OK"
2026-08-03 15:53:22,025 | [FULL    ] | INFO | httpx | HTTP Request: HEAD https://huggingface.co/apple/mobilevit-small/resolve/main/model.safetensors "HTTP/1.1 404 Not Found"
2026-08-03 15:53:22,237 | [FULL    ] | INFO | httpx | HTTP Request: HEAD https://huggingface.co/apple/mobilevit-small/resolve/main/model.safetensors.index.json "HTTP/1.1 404 Not Found"
2026-08-03 15:53:22,453 | [FULL    ] | INFO | httpx | HTTP Request: HEAD https://huggingface.co/apple/mobilevit-small/resolve/main/pytorch_model.bin "HTTP/1.1 302 Found"
2026-08-03 15:53:22,667 | [FULL    ] | INFO | httpx | HTTP Request: HEAD https://huggingface.co/apple/mobilevit-small/resolve/main/model.safetensors "HTTP/1.1 404 Not Found"
2026-08-03 15:53:22,890 | [FULL    ] | INFO | httpx | HTTP Request: GET https://huggingface.co/api/models/apple/mobilevit-small "HTTP/1.1 200 OK"
2026-08-03 15:53:23,137 | [FULL    ] | INFO | httpx | HTTP Request: GET https://huggingface.co/api/models/apple/mobilevit-small/commits/main "HTTP/1.1 200 OK"
2026-08-03 15:53:23,356 | [FULL    ] | INFO | httpx | HTTP Request: GET https://huggingface.co/api/models/apple/mobilevit-small/discussions?p=0 "HTTP/1.1 200 OK"
2026-08-03 15:53:23,576 | [FULL    ] | INFO | httpx | HTTP Request: GET https://huggingface.co/api/models/apple/mobilevit-small/commits/refs%2Fpr%2F6 "HTTP/1.1 200 OK"
2026-08-03 15:53:23,780 | [FULL    ] | INFO | httpx | HTTP Request: HEAD https://huggingface.co/apple/mobilevit-small/resolve/refs%2Fpr%2F6/model.safetensors.index.json "HTTP/1.1 404 Not Found"
2026-08-03 15:53:23,989 | [FULL    ] | INFO | httpx | HTTP Request: HEAD https://huggingface.co/apple/mobilevit-small/resolve/refs%2Fpr%2F6/model.safetensors "HTTP/1.1 302 Found"
2026-08-03 15:53:24,810 | [FULL    ] | INFO | full_experiments_using.model_trainers.mobile_vit_trainer | Device: cuda | max_epochs=500 | batch=32 | eval_batch=256 | es_patience=30
2026-08-03 15:53:24,815 | [FULL    ] | INFO | full_experiments_using.model_trainers.mobile_vit_trainer | CE weights — HC: 1.112  MCI: 0.909
2026-08-03 15:54:02,500 | [FULL    ] | INFO | full_experiments_using.model_trainers.mobile_vit_trainer | Ep [001/500] T-Acc:  50.4%  V-Acc:  50.6%  V-AUROC: 0.4990  LR: 2.00e-04
2026-08-03 15:54:02,571 | [FULL    ] | INFO | full_experiments_using.model_trainers.mobile_vit_trainer |   ↳ new best AUROC; saved checkpoint: /home/oem/choihyunsu/VOGBasedMCIDetection/outputs/checkpoints/run_20260803_091247_full_wvote_artifact30_w0-5-10-10-0-15-30-30_strat_4err/fold_15_best.pth
2026-08-03 15:54:30,931 | [FULL    ] | INFO | full_experiments_using.model_trainers.mobile_vit_trainer | Ep [002/500] T-Acc:  51.5%  V-Acc:  51.4%  V-AUROC: 0.5003  LR: 4.00e-04
2026-08-03 15:54:31,070 | [FULL    ] | INFO | full_experiments_using.model_trainers.mobile_vit_trainer |   ↳ new best AUROC; saved checkpoint: /home/oem/choihyunsu/VOGBasedMCIDetection/outputs/checkpoints/run_20260803_091247_full_wvote_artifact30_w0-5-10-10-0-15-30-30_strat_4err/fold_15_best.pth
2026-08-03 15:54:57,190 | [FULL    ] | INFO | full_experiments_using.model_trainers.mobile_vit_trainer | Ep [003/500] T-Acc:  52.1%  V-Acc:  53.0%  V-AUROC: 0.5145  LR: 6.00e-04
2026-08-03 15:54:57,367 | [FULL    ] | INFO | full_experiments_using.model_trainers.mobile_vit_trainer |   ↳ new best AUROC; saved checkpoint: /home/oem/choihyunsu/VOGBasedMCIDetection/outputs/checkpoints/run_20260803_091247_full_wvote_artifact30_w0-5-10-10-0-15-30-30_strat_4err/fold_15_best.pth
2026-08-03 15:55:24,018 | [FULL    ] | INFO | full_experiments_using.model_trainers.mobile_vit_trainer | Ep [004/500] T-Acc:  51.0%  V-Acc:  52.3%  V-AUROC: 0.5215  LR: 8.00e-04
2026-08-03 15:55:24,179 | [FULL    ] | INFO | full_experiments_using.model_trainers.mobile_vit_trainer |   ↳ new best AUROC; saved checkpoint: /home/oem/choihyunsu/VOGBasedMCIDetection/outputs/checkpoints/run_20260803_091247_full_wvote_artifact30_w0-5-10-10-0-15-30-30_strat_4err/fold_15_best.pth
2026-08-03 15:55:51,557 | [FULL    ] | INFO | full_experiments_using.model_trainers.mobile_vit_trainer | Ep [005/500] T-Acc:  51.2%  V-Acc:  53.8%  V-AUROC: 0.5412  LR: 1.00e-03
2026-08-03 15:55:51,707 | [FULL    ] | INFO | full_experiments_using.model_trainers.mobile_vit_trainer |   ↳ new best AUROC; saved checkpoint: /home/oem/choihyunsu/VOGBasedMCIDetection/outputs/checkpoints/run_20260803_091247_full_wvote_artifact30_w0-5-10-10-0-15-30-30_strat_4err/fold_15_best.pth
2026-08-03 15:56:19,909 | [FULL    ] | INFO | full_experiments_using.model_trainers.mobile_vit_trainer | Ep [006/500] T-Acc:  52.7%  V-Acc:  55.0%  V-AUROC: 0.5591  LR: 1.00e-03
2026-08-03 15:56:20,055 | [FULL    ] | INFO | full_experiments_using.model_trainers.mobile_vit_trainer |   ↳ new best AUROC; saved checkpoint: /home/oem/choihyunsu/VOGBasedMCIDetection/outputs/checkpoints/run_20260803_091247_full_wvote_artifact30_w0-5-10-10-0-15-30-30_strat_4err/fold_15_best.pth
2026-08-03 15:56:48,518 | [FULL    ] | INFO | full_experiments_using.model_trainers.mobile_vit_trainer | Ep [007/500] T-Acc:  52.8%  V-Acc:  52.8%  V-AUROC: 0.5364  LR: 1.00e-03
2026-08-03 15:57:16,690 | [FULL    ] | INFO | full_experiments_using.model_trainers.mobile_vit_trainer | Ep [008/500] T-Acc:  54.7%  V-Acc:  55.9%  V-AUROC: 0.5715  LR: 1.00e-03
2026-08-03 15:57:16,958 | [FULL    ] | INFO | full_experiments_using.model_trainers.mobile_vit_trainer |   ↳ new best AUROC; saved checkpoint: /home/oem/choihyunsu/VOGBasedMCIDetection/outputs/checkpoints/run_20260803_091247_full_wvote_artifact30_w0-5-10-10-0-15-30-30_strat_4err/fold_15_best.pth
2026-08-03 15:57:45,145 | [FULL    ] | INFO | full_experiments_using.model_trainers.mobile_vit_trainer | Ep [009/500] T-Acc:  54.5%  V-Acc:  57.1%  V-AUROC: 0.5843  LR: 1.00e-03
2026-08-03 15:57:45,335 | [FULL    ] | INFO | full_experiments_using.model_trainers.mobile_vit_trainer |   ↳ new best AUROC; saved checkpoint: /home/oem/choihyunsu/VOGBasedMCIDetection/outputs/checkpoints/run_20260803_091247_full_wvote_artifact30_w0-5-10-10-0-15-30-30_strat_4err/fold_15_best.pth
2026-08-03 15:58:13,395 | [FULL    ] | INFO | full_experiments_using.model_trainers.mobile_vit_trainer | Ep [010/500] T-Acc:  54.1%  V-Acc:  57.1%  V-AUROC: 0.5804  LR: 1.00e-03
2026-08-03 15:58:41,548 | [FULL    ] | INFO | full_experiments_using.model_trainers.mobile_vit_trainer | Ep [011/500] T-Acc:  55.8%  V-Acc:  55.2%  V-AUROC: 0.5586  LR: 1.00e-03
2026-08-03 15:59:09,793 | [FULL    ] | INFO | full_experiments_using.model_trainers.mobile_vit_trainer | Ep [012/500] T-Acc:  54.6%  V-Acc:  57.5%  V-AUROC: 0.5804  LR: 1.00e-03
2026-08-03 15:59:38,124 | [FULL    ] | INFO | full_experiments_using.model_trainers.mobile_vit_trainer | Ep [013/500] T-Acc:  55.7%  V-Acc:  59.0%  V-AUROC: 0.5970  LR: 1.00e-03
2026-08-03 15:59:38,243 | [FULL    ] | INFO | full_experiments_using.model_trainers.mobile_vit_trainer |   ↳ new best AUROC; saved checkpoint: /home/oem/choihyunsu/VOGBasedMCIDetection/outputs/checkpoints/run_20260803_091247_full_wvote_artifact30_w0-5-10-10-0-15-30-30_strat_4err/fold_15_best.pth
2026-08-03 16:00:06,645 | [FULL    ] | INFO | full_experiments_using.model_trainers.mobile_vit_trainer | Ep [014/500] T-Acc:  55.5%  V-Acc:  59.2%  V-AUROC: 0.5924  LR: 1.00e-03
2026-08-03 16:00:34,643 | [FULL    ] | INFO | full_experiments_using.model_trainers.mobile_vit_trainer | Ep [015/500] T-Acc:  56.5%  V-Acc:  59.8%  V-AUROC: 0.6047  LR: 1.00e-03
2026-08-03 16:00:34,771 | [FULL    ] | INFO | full_experiments_using.model_trainers.mobile_vit_trainer |   ↳ new best AUROC; saved checkpoint: /home/oem/choihyunsu/VOGBasedMCIDetection/outputs/checkpoints/run_20260803_091247_full_wvote_artifact30_w0-5-10-10-0-15-30-30_strat_4err/fold_15_best.pth
2026-08-03 16:01:02,923 | [FULL    ] | INFO | full_experiments_using.model_trainers.mobile_vit_trainer | Ep [016/500] T-Acc:  57.0%  V-Acc:  59.0%  V-AUROC: 0.6052  LR: 1.00e-03
2026-08-03 16:01:03,129 | [FULL    ] | INFO | full_experiments_using.model_trainers.mobile_vit_trainer |   ↳ new best AUROC; saved checkpoint: /home/oem/choihyunsu/VOGBasedMCIDetection/outputs/checkpoints/run_20260803_091247_full_wvote_artifact30_w0-5-10-10-0-15-30-30_strat_4err/fold_15_best.pth
2026-08-03 16:01:31,245 | [FULL    ] | INFO | full_experiments_using.model_trainers.mobile_vit_trainer | Ep [017/500] T-Acc:  57.6%  V-Acc:  58.9%  V-AUROC: 0.6071  LR: 1.00e-03
2026-08-03 16:01:31,408 | [FULL    ] | INFO | full_experiments_using.model_trainers.mobile_vit_trainer |   ↳ new best AUROC; saved checkpoint: /home/oem/choihyunsu/VOGBasedMCIDetection/outputs/checkpoints/run_20260803_091247_full_wvote_artifact30_w0-5-10-10-0-15-30-30_strat_4err/fold_15_best.pth
2026-08-03 16:01:59,594 | [FULL    ] | INFO | full_experiments_using.model_trainers.mobile_vit_trainer | Ep [018/500] T-Acc:  57.4%  V-Acc:  59.8%  V-AUROC: 0.6154  LR: 1.00e-03
2026-08-03 16:01:59,754 | [FULL    ] | INFO | full_experiments_using.model_trainers.mobile_vit_trainer |   ↳ new best AUROC; saved checkpoint: /home/oem/choihyunsu/VOGBasedMCIDetection/outputs/checkpoints/run_20260803_091247_full_wvote_artifact30_w0-5-10-10-0-15-30-30_strat_4err/fold_15_best.pth
2026-08-03 16:02:27,403 | [FULL    ] | INFO | full_experiments_using.model_trainers.mobile_vit_trainer | Ep [019/500] T-Acc:  58.0%  V-Acc:  57.9%  V-AUROC: 0.5839  LR: 1.00e-03
2026-08-03 16:02:55,290 | [FULL    ] | INFO | full_experiments_using.model_trainers.mobile_vit_trainer | Ep [020/500] T-Acc:  57.0%  V-Acc:  59.4%  V-AUROC: 0.6058  LR: 1.00e-03
2026-08-03 16:03:23,384 | [FULL    ] | INFO | full_experiments_using.model_trainers.mobile_vit_trainer | Ep [021/500] T-Acc:  56.5%  V-Acc:  59.9%  V-AUROC: 0.6107  LR: 1.00e-03
2026-08-03 16:03:51,741 | [FULL    ] | INFO | full_experiments_using.model_trainers.mobile_vit_trainer | Ep [022/500] T-Acc:  58.2%  V-Acc:  58.9%  V-AUROC: 0.6038  LR: 1.00e-03
2026-08-03 16:04:19,813 | [FULL    ] | INFO | full_experiments_using.model_trainers.mobile_vit_trainer | Ep [023/500] T-Acc:  58.9%  V-Acc:  59.9%  V-AUROC: 0.6080  LR: 1.00e-03
2026-08-03 16:04:47,870 | [FULL    ] | INFO | full_experiments_using.model_trainers.mobile_vit_trainer | Ep [024/500] T-Acc:  56.8%  V-Acc:  59.7%  V-AUROC: 0.6069  LR: 1.00e-03
2026-08-03 16:05:15,859 | [FULL    ] | INFO | full_experiments_using.model_trainers.mobile_vit_trainer | Ep [025/500] T-Acc:  57.7%  V-Acc:  58.8%  V-AUROC: 0.6091  LR: 1.00e-03
2026-08-03 16:05:43,912 | [FULL    ] | INFO | full_experiments_using.model_trainers.mobile_vit_trainer | Ep [026/500] T-Acc:  57.9%  V-Acc:  59.0%  V-AUROC: 0.6097  LR: 1.00e-03
2026-08-03 16:06:11,970 | [FULL    ] | INFO | full_experiments_using.model_trainers.mobile_vit_trainer | Ep [027/500] T-Acc:  58.6%  V-Acc:  61.4%  V-AUROC: 0.6208  LR: 1.00e-03
2026-08-03 16:06:12,087 | [FULL    ] | INFO | full_experiments_using.model_trainers.mobile_vit_trainer |   ↳ new best AUROC; saved checkpoint: /home/oem/choihyunsu/VOGBasedMCIDetection/outputs/checkpoints/run_20260803_091247_full_wvote_artifact30_w0-5-10-10-0-15-30-30_strat_4err/fold_15_best.pth
2026-08-03 16:06:40,246 | [FULL    ] | INFO | full_experiments_using.model_trainers.mobile_vit_trainer | Ep [028/500] T-Acc:  58.1%  V-Acc:  60.5%  V-AUROC: 0.6133  LR: 1.00e-03
2026-08-03 16:07:08,453 | [FULL    ] | INFO | full_experiments_using.model_trainers.mobile_vit_trainer | Ep [029/500] T-Acc:  57.6%  V-Acc:  61.0%  V-AUROC: 0.6205  LR: 1.00e-03
2026-08-03 16:07:36,816 | [FULL    ] | INFO | full_experiments_using.model_trainers.mobile_vit_trainer | Ep [030/500] T-Acc:  58.2%  V-Acc:  60.4%  V-AUROC: 0.6237  LR: 1.00e-03
2026-08-03 16:07:36,954 | [FULL    ] | INFO | full_experiments_using.model_trainers.mobile_vit_trainer |   ↳ new best AUROC; saved checkpoint: /home/oem/choihyunsu/VOGBasedMCIDetection/outputs/checkpoints/run_20260803_091247_full_wvote_artifact30_w0-5-10-10-0-15-30-30_strat_4err/fold_15_best.pth
2026-08-03 16:08:05,031 | [FULL    ] | INFO | full_experiments_using.model_trainers.mobile_vit_trainer | Ep [031/500] T-Acc:  57.7%  V-Acc:  58.7%  V-AUROC: 0.6234  LR: 1.00e-03
2026-08-03 16:08:33,351 | [FULL    ] | INFO | full_experiments_using.model_trainers.mobile_vit_trainer | Ep [032/500] T-Acc:  58.7%  V-Acc:  60.4%  V-AUROC: 0.6204  LR: 1.00e-03
2026-08-03 16:09:01,726 | [FULL    ] | INFO | full_experiments_using.model_trainers.mobile_vit_trainer | Ep [033/500] T-Acc:  58.5%  V-Acc:  58.8%  V-AUROC: 0.6207  LR: 1.00e-03
2026-08-03 16:09:29,980 | [FULL    ] | INFO | full_experiments_using.model_trainers.mobile_vit_trainer | Ep [034/500] T-Acc:  59.6%  V-Acc:  58.5%  V-AUROC: 0.6115  LR: 1.00e-03
2026-08-03 16:09:58,082 | [FULL    ] | INFO | full_experiments_using.model_trainers.mobile_vit_trainer | Ep [035/500] T-Acc:  59.6%  V-Acc:  58.4%  V-AUROC: 0.6083  LR: 1.00e-03
2026-08-03 16:10:26,172 | [FULL    ] | INFO | full_experiments_using.model_trainers.mobile_vit_trainer | Ep [036/500] T-Acc:  61.0%  V-Acc:  59.0%  V-AUROC: 0.6080  LR: 1.00e-03
2026-08-03 16:10:54,102 | [FULL    ] | INFO | full_experiments_using.model_trainers.mobile_vit_trainer | Ep [037/500] T-Acc:  60.7%  V-Acc:  60.3%  V-AUROC: 0.6239  LR: 1.00e-03
2026-08-03 16:10:54,217 | [FULL    ] | INFO | full_experiments_using.model_trainers.mobile_vit_trainer |   ↳ new best AUROC; saved checkpoint: /home/oem/choihyunsu/VOGBasedMCIDetection/outputs/checkpoints/run_20260803_091247_full_wvote_artifact30_w0-5-10-10-0-15-30-30_strat_4err/fold_15_best.pth
2026-08-03 16:11:22,549 | [FULL    ] | INFO | full_experiments_using.model_trainers.mobile_vit_trainer | Ep [038/500] T-Acc:  59.7%  V-Acc:  59.3%  V-AUROC: 0.6226  LR: 1.00e-03
2026-08-03 16:11:50,653 | [FULL    ] | INFO | full_experiments_using.model_trainers.mobile_vit_trainer | Ep [039/500] T-Acc:  59.7%  V-Acc:  59.9%  V-AUROC: 0.6138  LR: 1.00e-03
2026-08-03 16:12:18,859 | [FULL    ] | INFO | full_experiments_using.model_trainers.mobile_vit_trainer | Ep [040/500] T-Acc:  60.3%  V-Acc:  58.8%  V-AUROC: 0.6111  LR: 1.00e-03
2026-08-03 16:12:47,040 | [FULL    ] | INFO | full_experiments_using.model_trainers.mobile_vit_trainer | Ep [041/500] T-Acc:  59.0%  V-Acc:  59.8%  V-AUROC: 0.6187  LR: 1.00e-03
2026-08-03 16:13:14,557 | [FULL    ] | INFO | full_experiments_using.model_trainers.mobile_vit_trainer | Ep [042/500] T-Acc:  60.5%  V-Acc:  60.5%  V-AUROC: 0.6207  LR: 1.00e-03
2026-08-03 16:13:41,380 | [FULL    ] | INFO | full_experiments_using.model_trainers.mobile_vit_trainer | Ep [043/500] T-Acc:  59.4%  V-Acc:  61.3%  V-AUROC: 0.6206  LR: 1.00e-03
2026-08-03 16:14:07,510 | [FULL    ] | INFO | full_experiments_using.model_trainers.mobile_vit_trainer | Ep [044/500] T-Acc:  60.3%  V-Acc:  59.5%  V-AUROC: 0.6148  LR: 1.00e-03
2026-08-03 16:14:35,647 | [FULL    ] | INFO | full_experiments_using.model_trainers.mobile_vit_trainer | Ep [045/500] T-Acc:  60.5%  V-Acc:  60.1%  V-AUROC: 0.6210  LR: 1.00e-03
2026-08-03 16:15:03,713 | [FULL    ] | INFO | full_experiments_using.model_trainers.mobile_vit_trainer | Ep [046/500] T-Acc:  61.1%  V-Acc:  58.5%  V-AUROC: 0.6097  LR: 1.00e-03
2026-08-03 16:15:31,868 | [FULL    ] | INFO | full_experiments_using.model_trainers.mobile_vit_trainer | Ep [047/500] T-Acc:  60.1%  V-Acc:  59.6%  V-AUROC: 0.6211  LR: 1.00e-03
2026-08-03 16:16:00,105 | [FULL    ] | INFO | full_experiments_using.model_trainers.mobile_vit_trainer | Ep [048/500] T-Acc:  60.2%  V-Acc:  61.2%  V-AUROC: 0.6253  LR: 1.00e-03
2026-08-03 16:16:00,295 | [FULL    ] | INFO | full_experiments_using.model_trainers.mobile_vit_trainer |   ↳ new best AUROC; saved checkpoint: /home/oem/choihyunsu/VOGBasedMCIDetection/outputs/checkpoints/run_20260803_091247_full_wvote_artifact30_w0-5-10-10-0-15-30-30_strat_4err/fold_15_best.pth
2026-08-03 16:16:28,420 | [FULL    ] | INFO | full_experiments_using.model_trainers.mobile_vit_trainer | Ep [049/500] T-Acc:  61.1%  V-Acc:  59.6%  V-AUROC: 0.6151  LR: 1.00e-03
2026-08-03 16:16:56,421 | [FULL    ] | INFO | full_experiments_using.model_trainers.mobile_vit_trainer | Ep [050/500] T-Acc:  61.3%  V-Acc:  58.8%  V-AUROC: 0.6116  LR: 1.00e-03
2026-08-03 16:17:22,746 | [FULL    ] | INFO | full_experiments_using.model_trainers.mobile_vit_trainer | Ep [051/500] T-Acc:  61.5%  V-Acc:  59.6%  V-AUROC: 0.6186  LR: 1.00e-03
2026-08-03 16:17:50,354 | [FULL    ] | INFO | full_experiments_using.model_trainers.mobile_vit_trainer | Ep [052/500] T-Acc:  61.6%  V-Acc:  57.9%  V-AUROC: 0.6073  LR: 1.00e-03
2026-08-03 16:18:16,571 | [FULL    ] | INFO | full_experiments_using.model_trainers.mobile_vit_trainer | Ep [053/500] T-Acc:  60.1%  V-Acc:  59.8%  V-AUROC: 0.6210  LR: 1.00e-03
2026-08-03 16:18:44,483 | [FULL    ] | INFO | full_experiments_using.model_trainers.mobile_vit_trainer | Ep [054/500] T-Acc:  61.4%  V-Acc:  58.2%  V-AUROC: 0.6153  LR: 1.00e-03
2026-08-03 16:19:12,574 | [FULL    ] | INFO | full_experiments_using.model_trainers.mobile_vit_trainer | Ep [055/500] T-Acc:  61.4%  V-Acc:  58.6%  V-AUROC: 0.6121  LR: 1.00e-03
2026-08-03 16:19:40,599 | [FULL    ] | INFO | full_experiments_using.model_trainers.mobile_vit_trainer | Ep [056/500] T-Acc:  61.2%  V-Acc:  57.6%  V-AUROC: 0.6123  LR: 1.00e-03
2026-08-03 16:20:08,828 | [FULL    ] | INFO | full_experiments_using.model_trainers.mobile_vit_trainer | Ep [057/500] T-Acc:  61.6%  V-Acc:  60.4%  V-AUROC: 0.6111  LR: 1.00e-03
2026-08-03 16:20:36,846 | [FULL    ] | INFO | full_experiments_using.model_trainers.mobile_vit_trainer | Ep [058/500] T-Acc:  60.7%  V-Acc:  58.9%  V-AUROC: 0.6170  LR: 1.00e-03
2026-08-03 16:21:05,123 | [FULL    ] | INFO | full_experiments_using.model_trainers.mobile_vit_trainer | Ep [059/500] T-Acc:  60.5%  V-Acc:  57.6%  V-AUROC: 0.6099  LR: 1.00e-03
2026-08-03 16:21:33,224 | [FULL    ] | INFO | full_experiments_using.model_trainers.mobile_vit_trainer | Ep [060/500] T-Acc:  61.2%  V-Acc:  57.9%  V-AUROC: 0.6072  LR: 2.00e-04
2026-08-03 16:22:01,466 | [FULL    ] | INFO | full_experiments_using.model_trainers.mobile_vit_trainer | Ep [061/500] T-Acc:  61.5%  V-Acc:  58.4%  V-AUROC: 0.6067  LR: 2.00e-04
2026-08-03 16:22:29,455 | [FULL    ] | INFO | full_experiments_using.model_trainers.mobile_vit_trainer | Ep [062/500] T-Acc:  60.9%  V-Acc:  58.6%  V-AUROC: 0.6076  LR: 2.00e-04
2026-08-03 16:22:57,523 | [FULL    ] | INFO | full_experiments_using.model_trainers.mobile_vit_trainer | Ep [063/500] T-Acc:  61.4%  V-Acc:  58.1%  V-AUROC: 0.6068  LR: 2.00e-04
2026-08-03 16:23:25,686 | [FULL    ] | INFO | full_experiments_using.model_trainers.mobile_vit_trainer | Ep [064/500] T-Acc:  61.1%  V-Acc:  56.8%  V-AUROC: 0.6064  LR: 2.00e-04
2026-08-03 16:23:53,919 | [FULL    ] | INFO | full_experiments_using.model_trainers.mobile_vit_trainer | Ep [065/500] T-Acc:  61.3%  V-Acc:  58.3%  V-AUROC: 0.6032  LR: 2.00e-04
2026-08-03 16:24:22,089 | [FULL    ] | INFO | full_experiments_using.model_trainers.mobile_vit_trainer | Ep [066/500] T-Acc:  61.8%  V-Acc:  57.2%  V-AUROC: 0.6071  LR: 2.00e-04
2026-08-03 16:24:50,203 | [FULL    ] | INFO | full_experiments_using.model_trainers.mobile_vit_trainer | Ep [067/500] T-Acc:  61.3%  V-Acc:  58.4%  V-AUROC: 0.6029  LR: 2.00e-04
2026-08-03 16:25:18,672 | [FULL    ] | INFO | full_experiments_using.model_trainers.mobile_vit_trainer | Ep [068/500] T-Acc:  62.4%  V-Acc:  57.5%  V-AUROC: 0.6061  LR: 2.00e-04
2026-08-03 16:25:46,988 | [FULL    ] | INFO | full_experiments_using.model_trainers.mobile_vit_trainer | Ep [069/500] T-Acc:  62.6%  V-Acc:  57.7%  V-AUROC: 0.6084  LR: 2.00e-04
2026-08-03 16:26:15,348 | [FULL    ] | INFO | full_experiments_using.model_trainers.mobile_vit_trainer | Ep [070/500] T-Acc:  61.8%  V-Acc:  57.9%  V-AUROC: 0.6080  LR: 2.00e-04
2026-08-03 16:26:43,732 | [FULL    ] | INFO | full_experiments_using.model_trainers.mobile_vit_trainer | Ep [071/500] T-Acc:  62.9%  V-Acc:  59.0%  V-AUROC: 0.6086  LR: 4.00e-05
2026-08-03 16:27:11,772 | [FULL    ] | INFO | full_experiments_using.model_trainers.mobile_vit_trainer | Ep [072/500] T-Acc:  61.0%  V-Acc:  57.9%  V-AUROC: 0.6074  LR: 4.00e-05
2026-08-03 16:27:39,993 | [FULL    ] | INFO | full_experiments_using.model_trainers.mobile_vit_trainer | Ep [073/500] T-Acc:  61.4%  V-Acc:  58.1%  V-AUROC: 0.6103  LR: 4.00e-05
2026-08-03 16:28:07,933 | [FULL    ] | INFO | full_experiments_using.model_trainers.mobile_vit_trainer | Ep [074/500] T-Acc:  61.4%  V-Acc:  58.6%  V-AUROC: 0.6090  LR: 4.00e-05
2026-08-03 16:28:36,268 | [FULL    ] | INFO | full_experiments_using.model_trainers.mobile_vit_trainer | Ep [075/500] T-Acc:  62.8%  V-Acc:  57.9%  V-AUROC: 0.6073  LR: 4.00e-05
2026-08-03 16:29:04,341 | [FULL    ] | INFO | full_experiments_using.model_trainers.mobile_vit_trainer | Ep [076/500] T-Acc:  61.8%  V-Acc:  58.1%  V-AUROC: 0.6084  LR: 4.00e-05
2026-08-03 16:29:32,213 | [FULL    ] | INFO | full_experiments_using.model_trainers.mobile_vit_trainer | Ep [077/500] T-Acc:  61.6%  V-Acc:  58.1%  V-AUROC: 0.6084  LR: 4.00e-05
2026-08-03 16:30:00,491 | [FULL    ] | INFO | full_experiments_using.model_trainers.mobile_vit_trainer | Ep [078/500] T-Acc:  61.7%  V-Acc:  58.0%  V-AUROC: 0.6079  LR: 4.00e-05
2026-08-03 16:30:00,492 | [FULL    ] | INFO | full_experiments_using.model_trainers.mobile_vit_trainer | Early stop — best AUROC 0.6253 at epoch 48 (no improvement for 30 epochs)
2026-08-03 16:30:00,492 | [FULL    ] | INFO | full_experiments_using.model_trainers.mobile_vit_trainer | Done. Best AUROC: 0.6253 (epoch 48) → /home/oem/choihyunsu/VOGBasedMCIDetection/outputs/checkpoints/run_20260803_091247_full_wvote_artifact30_w0-5-10-10-0-15-30-30_strat_4err/fold_15_best.pth
2026-08-03 16:30:09,729 | [FULL    ] | INFO | full_experiments_using.evaluators.monte_carlo_evaluator | -> Fold 16 Result | Acc=0.818 Sens=1.000 Spec=0.500 AUROC=1.000
2026-08-03 16:30:09,740 | [FULL    ] | INFO | full_experiments_using.evaluators.monte_carlo_evaluator | === Fold 17/30 | train: 25 subj (HC=10 MCI=15) / 3884 win | test: 12 subj (HC=4 MCI=8) / 1831 win ===
2026-08-03 16:30:09,990 | [FULL    ] | INFO | httpx | HTTP Request: HEAD https://huggingface.co/apple/mobilevit-small/resolve/main/config.json "HTTP/1.1 307 Temporary Redirect"
2026-08-03 16:30:10,010 | [FULL    ] | INFO | httpx | HTTP Request: HEAD https://huggingface.co/api/resolve-cache/models/apple/mobilevit-small/6c8612545dc98676d27bc518fa521d9e9af23e34/config.json "HTTP/1.1 200 OK"
2026-08-03 16:30:10,287 | [FULL    ] | INFO | httpx | HTTP Request: HEAD https://huggingface.co/apple/mobilevit-small/resolve/main/model.safetensors "HTTP/1.1 404 Not Found"
2026-08-03 16:30:10,506 | [FULL    ] | INFO | httpx | HTTP Request: HEAD https://huggingface.co/apple/mobilevit-small/resolve/main/model.safetensors.index.json "HTTP/1.1 404 Not Found"
2026-08-03 16:30:10,716 | [FULL    ] | INFO | httpx | HTTP Request: HEAD https://huggingface.co/apple/mobilevit-small/resolve/main/pytorch_model.bin "HTTP/1.1 302 Found"
2026-08-03 16:30:10,938 | [FULL    ] | INFO | httpx | HTTP Request: HEAD https://huggingface.co/apple/mobilevit-small/resolve/main/model.safetensors "HTTP/1.1 404 Not Found"
2026-08-03 16:30:11,147 | [FULL    ] | INFO | httpx | HTTP Request: GET https://huggingface.co/api/models/apple/mobilevit-small "HTTP/1.1 200 OK"
2026-08-03 16:30:11,420 | [FULL    ] | INFO | httpx | HTTP Request: GET https://huggingface.co/api/models/apple/mobilevit-small/commits/main "HTTP/1.1 200 OK"
2026-08-03 16:30:11,654 | [FULL    ] | INFO | httpx | HTTP Request: GET https://huggingface.co/api/models/apple/mobilevit-small/discussions?p=0 "HTTP/1.1 200 OK"
2026-08-03 16:30:11,931 | [FULL    ] | INFO | httpx | HTTP Request: GET https://huggingface.co/api/models/apple/mobilevit-small/commits/refs%2Fpr%2F6 "HTTP/1.1 200 OK"
2026-08-03 16:30:12,141 | [FULL    ] | INFO | httpx | HTTP Request: HEAD https://huggingface.co/apple/mobilevit-small/resolve/refs%2Fpr%2F6/model.safetensors.index.json "HTTP/1.1 404 Not Found"
2026-08-03 16:30:12,369 | [FULL    ] | INFO | httpx | HTTP Request: HEAD https://huggingface.co/apple/mobilevit-small/resolve/refs%2Fpr%2F6/model.safetensors "HTTP/1.1 302 Found"
2026-08-03 16:30:12,422 | [FULL    ] | INFO | full_experiments_using.model_trainers.mobile_vit_trainer | Device: cuda | max_epochs=500 | batch=32 | eval_batch=256 | es_patience=30
2026-08-03 16:30:12,435 | [FULL    ] | INFO | full_experiments_using.model_trainers.mobile_vit_trainer | CE weights — HC: 1.084  MCI: 0.928
2026-08-03 16:30:49,768 | [FULL    ] | INFO | full_experiments_using.model_trainers.mobile_vit_trainer | Ep [001/500] T-Acc:  51.7%  V-Acc:  53.7%  V-AUROC: 0.5025  LR: 2.00e-04
2026-08-03 16:30:49,887 | [FULL    ] | INFO | full_experiments_using.model_trainers.mobile_vit_trainer |   ↳ new best AUROC; saved checkpoint: /home/oem/choihyunsu/VOGBasedMCIDetection/outputs/checkpoints/run_20260803_091247_full_wvote_artifact30_w0-5-10-10-0-15-30-30_strat_4err/fold_16_best.pth
2026-08-03 16:31:18,357 | [FULL    ] | INFO | full_experiments_using.model_trainers.mobile_vit_trainer | Ep [002/500] T-Acc:  51.3%  V-Acc:  53.2%  V-AUROC: 0.5179  LR: 4.00e-04
2026-08-03 16:31:18,559 | [FULL    ] | INFO | full_experiments_using.model_trainers.mobile_vit_trainer |   ↳ new best AUROC; saved checkpoint: /home/oem/choihyunsu/VOGBasedMCIDetection/outputs/checkpoints/run_20260803_091247_full_wvote_artifact30_w0-5-10-10-0-15-30-30_strat_4err/fold_16_best.pth
2026-08-03 16:31:46,877 | [FULL    ] | INFO | full_experiments_using.model_trainers.mobile_vit_trainer | Ep [003/500] T-Acc:  51.3%  V-Acc:  54.6%  V-AUROC: 0.5242  LR: 6.00e-04
2026-08-03 16:31:47,101 | [FULL    ] | INFO | full_experiments_using.model_trainers.mobile_vit_trainer |   ↳ new best AUROC; saved checkpoint: /home/oem/choihyunsu/VOGBasedMCIDetection/outputs/checkpoints/run_20260803_091247_full_wvote_artifact30_w0-5-10-10-0-15-30-30_strat_4err/fold_16_best.pth
2026-08-03 16:32:15,306 | [FULL    ] | INFO | full_experiments_using.model_trainers.mobile_vit_trainer | Ep [004/500] T-Acc:  53.2%  V-Acc:  53.2%  V-AUROC: 0.5250  LR: 8.00e-04
2026-08-03 16:32:15,493 | [FULL    ] | INFO | full_experiments_using.model_trainers.mobile_vit_trainer |   ↳ new best AUROC; saved checkpoint: /home/oem/choihyunsu/VOGBasedMCIDetection/outputs/checkpoints/run_20260803_091247_full_wvote_artifact30_w0-5-10-10-0-15-30-30_strat_4err/fold_16_best.pth
2026-08-03 16:32:43,792 | [FULL    ] | INFO | full_experiments_using.model_trainers.mobile_vit_trainer | Ep [005/500] T-Acc:  54.3%  V-Acc:  53.3%  V-AUROC: 0.5305  LR: 1.00e-03
2026-08-03 16:32:43,958 | [FULL    ] | INFO | full_experiments_using.model_trainers.mobile_vit_trainer |   ↳ new best AUROC; saved checkpoint: /home/oem/choihyunsu/VOGBasedMCIDetection/outputs/checkpoints/run_20260803_091247_full_wvote_artifact30_w0-5-10-10-0-15-30-30_strat_4err/fold_16_best.pth
2026-08-03 16:33:12,471 | [FULL    ] | INFO | full_experiments_using.model_trainers.mobile_vit_trainer | Ep [006/500] T-Acc:  54.0%  V-Acc:  54.8%  V-AUROC: 0.5498  LR: 1.00e-03
2026-08-03 16:33:12,637 | [FULL    ] | INFO | full_experiments_using.model_trainers.mobile_vit_trainer |   ↳ new best AUROC; saved checkpoint: /home/oem/choihyunsu/VOGBasedMCIDetection/outputs/checkpoints/run_20260803_091247_full_wvote_artifact30_w0-5-10-10-0-15-30-30_strat_4err/fold_16_best.pth
2026-08-03 16:33:40,769 | [FULL    ] | INFO | full_experiments_using.model_trainers.mobile_vit_trainer | Ep [007/500] T-Acc:  56.3%  V-Acc:  55.6%  V-AUROC: 0.5548  LR: 1.00e-03
2026-08-03 16:33:40,978 | [FULL    ] | INFO | full_experiments_using.model_trainers.mobile_vit_trainer |   ↳ new best AUROC; saved checkpoint: /home/oem/choihyunsu/VOGBasedMCIDetection/outputs/checkpoints/run_20260803_091247_full_wvote_artifact30_w0-5-10-10-0-15-30-30_strat_4err/fold_16_best.pth
2026-08-03 16:34:09,041 | [FULL    ] | INFO | full_experiments_using.model_trainers.mobile_vit_trainer | Ep [008/500] T-Acc:  55.2%  V-Acc:  55.2%  V-AUROC: 0.5650  LR: 1.00e-03
2026-08-03 16:34:09,206 | [FULL    ] | INFO | full_experiments_using.model_trainers.mobile_vit_trainer |   ↳ new best AUROC; saved checkpoint: /home/oem/choihyunsu/VOGBasedMCIDetection/outputs/checkpoints/run_20260803_091247_full_wvote_artifact30_w0-5-10-10-0-15-30-30_strat_4err/fold_16_best.pth
2026-08-03 16:34:37,503 | [FULL    ] | INFO | full_experiments_using.model_trainers.mobile_vit_trainer | Ep [009/500] T-Acc:  55.8%  V-Acc:  54.8%  V-AUROC: 0.5703  LR: 1.00e-03
2026-08-03 16:34:37,639 | [FULL    ] | INFO | full_experiments_using.model_trainers.mobile_vit_trainer |   ↳ new best AUROC; saved checkpoint: /home/oem/choihyunsu/VOGBasedMCIDetection/outputs/checkpoints/run_20260803_091247_full_wvote_artifact30_w0-5-10-10-0-15-30-30_strat_4err/fold_16_best.pth
2026-08-03 16:35:03,805 | [FULL    ] | INFO | full_experiments_using.model_trainers.mobile_vit_trainer | Ep [010/500] T-Acc:  58.3%  V-Acc:  54.7%  V-AUROC: 0.5698  LR: 1.00e-03
2026-08-03 16:35:29,806 | [FULL    ] | INFO | full_experiments_using.model_trainers.mobile_vit_trainer | Ep [011/500] T-Acc:  56.8%  V-Acc:  54.2%  V-AUROC: 0.5677  LR: 1.00e-03
2026-08-03 16:35:58,275 | [FULL    ] | INFO | full_experiments_using.model_trainers.mobile_vit_trainer | Ep [012/500] T-Acc:  58.5%  V-Acc:  53.7%  V-AUROC: 0.5772  LR: 1.00e-03
2026-08-03 16:35:58,451 | [FULL    ] | INFO | full_experiments_using.model_trainers.mobile_vit_trainer |   ↳ new best AUROC; saved checkpoint: /home/oem/choihyunsu/VOGBasedMCIDetection/outputs/checkpoints/run_20260803_091247_full_wvote_artifact30_w0-5-10-10-0-15-30-30_strat_4err/fold_16_best.pth
2026-08-03 16:36:26,648 | [FULL    ] | INFO | full_experiments_using.model_trainers.mobile_vit_trainer | Ep [013/500] T-Acc:  59.6%  V-Acc:  54.1%  V-AUROC: 0.5782  LR: 1.00e-03
2026-08-03 16:36:26,818 | [FULL    ] | INFO | full_experiments_using.model_trainers.mobile_vit_trainer |   ↳ new best AUROC; saved checkpoint: /home/oem/choihyunsu/VOGBasedMCIDetection/outputs/checkpoints/run_20260803_091247_full_wvote_artifact30_w0-5-10-10-0-15-30-30_strat_4err/fold_16_best.pth
2026-08-03 16:36:54,971 | [FULL    ] | INFO | full_experiments_using.model_trainers.mobile_vit_trainer | Ep [014/500] T-Acc:  60.3%  V-Acc:  54.5%  V-AUROC: 0.5847  LR: 1.00e-03
2026-08-03 16:36:55,145 | [FULL    ] | INFO | full_experiments_using.model_trainers.mobile_vit_trainer |   ↳ new best AUROC; saved checkpoint: /home/oem/choihyunsu/VOGBasedMCIDetection/outputs/checkpoints/run_20260803_091247_full_wvote_artifact30_w0-5-10-10-0-15-30-30_strat_4err/fold_16_best.pth
2026-08-03 16:37:23,418 | [FULL    ] | INFO | full_experiments_using.model_trainers.mobile_vit_trainer | Ep [015/500] T-Acc:  60.0%  V-Acc:  55.5%  V-AUROC: 0.5886  LR: 1.00e-03
2026-08-03 16:37:23,668 | [FULL    ] | INFO | full_experiments_using.model_trainers.mobile_vit_trainer |   ↳ new best AUROC; saved checkpoint: /home/oem/choihyunsu/VOGBasedMCIDetection/outputs/checkpoints/run_20260803_091247_full_wvote_artifact30_w0-5-10-10-0-15-30-30_strat_4err/fold_16_best.pth
2026-08-03 16:37:51,836 | [FULL    ] | INFO | full_experiments_using.model_trainers.mobile_vit_trainer | Ep [016/500] T-Acc:  59.1%  V-Acc:  55.3%  V-AUROC: 0.5837  LR: 1.00e-03
2026-08-03 16:38:20,176 | [FULL    ] | INFO | full_experiments_using.model_trainers.mobile_vit_trainer | Ep [017/500] T-Acc:  60.8%  V-Acc:  55.8%  V-AUROC: 0.5805  LR: 1.00e-03
2026-08-03 16:38:48,617 | [FULL    ] | INFO | full_experiments_using.model_trainers.mobile_vit_trainer | Ep [018/500] T-Acc:  60.5%  V-Acc:  55.8%  V-AUROC: 0.5901  LR: 1.00e-03
2026-08-03 16:38:48,739 | [FULL    ] | INFO | full_experiments_using.model_trainers.mobile_vit_trainer |   ↳ new best AUROC; saved checkpoint: /home/oem/choihyunsu/VOGBasedMCIDetection/outputs/checkpoints/run_20260803_091247_full_wvote_artifact30_w0-5-10-10-0-15-30-30_strat_4err/fold_16_best.pth
2026-08-03 16:39:17,186 | [FULL    ] | INFO | full_experiments_using.model_trainers.mobile_vit_trainer | Ep [019/500] T-Acc:  61.8%  V-Acc:  55.3%  V-AUROC: 0.5856  LR: 1.00e-03
2026-08-03 16:39:45,420 | [FULL    ] | INFO | full_experiments_using.model_trainers.mobile_vit_trainer | Ep [020/500] T-Acc:  60.6%  V-Acc:  54.8%  V-AUROC: 0.5935  LR: 1.00e-03
2026-08-03 16:39:45,613 | [FULL    ] | INFO | full_experiments_using.model_trainers.mobile_vit_trainer |   ↳ new best AUROC; saved checkpoint: /home/oem/choihyunsu/VOGBasedMCIDetection/outputs/checkpoints/run_20260803_091247_full_wvote_artifact30_w0-5-10-10-0-15-30-30_strat_4err/fold_16_best.pth
2026-08-03 16:40:13,991 | [FULL    ] | INFO | full_experiments_using.model_trainers.mobile_vit_trainer | Ep [021/500] T-Acc:  61.0%  V-Acc:  55.9%  V-AUROC: 0.5931  LR: 1.00e-03
2026-08-03 16:40:42,203 | [FULL    ] | INFO | full_experiments_using.model_trainers.mobile_vit_trainer | Ep [022/500] T-Acc:  62.0%  V-Acc:  55.0%  V-AUROC: 0.5894  LR: 1.00e-03
2026-08-03 16:41:10,819 | [FULL    ] | INFO | full_experiments_using.model_trainers.mobile_vit_trainer | Ep [023/500] T-Acc:  62.5%  V-Acc:  54.2%  V-AUROC: 0.5822  LR: 1.00e-03
2026-08-03 16:41:39,116 | [FULL    ] | INFO | full_experiments_using.model_trainers.mobile_vit_trainer | Ep [024/500] T-Acc:  61.1%  V-Acc:  53.6%  V-AUROC: 0.5815  LR: 1.00e-03
2026-08-03 16:42:07,324 | [FULL    ] | INFO | full_experiments_using.model_trainers.mobile_vit_trainer | Ep [025/500] T-Acc:  63.1%  V-Acc:  53.1%  V-AUROC: 0.5794  LR: 1.00e-03
2026-08-03 16:42:35,625 | [FULL    ] | INFO | full_experiments_using.model_trainers.mobile_vit_trainer | Ep [026/500] T-Acc:  61.6%  V-Acc:  54.2%  V-AUROC: 0.5779  LR: 1.00e-03
2026-08-03 16:43:04,026 | [FULL    ] | INFO | full_experiments_using.model_trainers.mobile_vit_trainer | Ep [027/500] T-Acc:  61.8%  V-Acc:  54.5%  V-AUROC: 0.5841  LR: 1.00e-03
2026-08-03 16:43:31,408 | [FULL    ] | INFO | full_experiments_using.model_trainers.mobile_vit_trainer | Ep [028/500] T-Acc:  61.9%  V-Acc:  55.2%  V-AUROC: 0.5886  LR: 1.00e-03
2026-08-03 16:43:57,238 | [FULL    ] | INFO | full_experiments_using.model_trainers.mobile_vit_trainer | Ep [029/500] T-Acc:  62.8%  V-Acc:  54.7%  V-AUROC: 0.5894  LR: 1.00e-03
2026-08-03 16:44:21,096 | [FULL    ] | INFO | full_experiments_using.model_trainers.mobile_vit_trainer | Ep [030/500] T-Acc:  62.8%  V-Acc:  55.7%  V-AUROC: 0.5839  LR: 1.00e-03
2026-08-03 16:44:49,150 | [FULL    ] | INFO | full_experiments_using.model_trainers.mobile_vit_trainer | Ep [031/500] T-Acc:  63.9%  V-Acc:  56.0%  V-AUROC: 0.5862  LR: 1.00e-03
2026-08-03 16:45:17,354 | [FULL    ] | INFO | full_experiments_using.model_trainers.mobile_vit_trainer | Ep [032/500] T-Acc:  63.7%  V-Acc:  55.2%  V-AUROC: 0.5856  LR: 2.00e-04
2026-08-03 16:45:45,698 | [FULL    ] | INFO | full_experiments_using.model_trainers.mobile_vit_trainer | Ep [033/500] T-Acc:  62.5%  V-Acc:  54.5%  V-AUROC: 0.5870  LR: 2.00e-04
2026-08-03 16:46:14,055 | [FULL    ] | INFO | full_experiments_using.model_trainers.mobile_vit_trainer | Ep [034/500] T-Acc:  63.7%  V-Acc:  55.4%  V-AUROC: 0.5884  LR: 2.00e-04
2026-08-03 16:46:42,073 | [FULL    ] | INFO | full_experiments_using.model_trainers.mobile_vit_trainer | Ep [035/500] T-Acc:  63.5%  V-Acc:  54.9%  V-AUROC: 0.5855  LR: 2.00e-04
2026-08-03 16:47:10,259 | [FULL    ] | INFO | full_experiments_using.model_trainers.mobile_vit_trainer | Ep [036/500] T-Acc:  63.0%  V-Acc:  55.1%  V-AUROC: 0.5785  LR: 2.00e-04
2026-08-03 16:47:38,490 | [FULL    ] | INFO | full_experiments_using.model_trainers.mobile_vit_trainer | Ep [037/500] T-Acc:  62.8%  V-Acc:  54.6%  V-AUROC: 0.5796  LR: 2.00e-04
2026-08-03 16:48:06,687 | [FULL    ] | INFO | full_experiments_using.model_trainers.mobile_vit_trainer | Ep [038/500] T-Acc:  63.2%  V-Acc:  55.3%  V-AUROC: 0.5811  LR: 2.00e-04
2026-08-03 16:48:34,892 | [FULL    ] | INFO | full_experiments_using.model_trainers.mobile_vit_trainer | Ep [039/500] T-Acc:  64.0%  V-Acc:  55.3%  V-AUROC: 0.5827  LR: 2.00e-04
2026-08-03 16:49:03,142 | [FULL    ] | INFO | full_experiments_using.model_trainers.mobile_vit_trainer | Ep [040/500] T-Acc:  63.5%  V-Acc:  54.9%  V-AUROC: 0.5811  LR: 2.00e-04
2026-08-03 16:49:31,472 | [FULL    ] | INFO | full_experiments_using.model_trainers.mobile_vit_trainer | Ep [041/500] T-Acc:  63.3%  V-Acc:  54.7%  V-AUROC: 0.5825  LR: 2.00e-04
2026-08-03 16:50:00,066 | [FULL    ] | INFO | full_experiments_using.model_trainers.mobile_vit_trainer | Ep [042/500] T-Acc:  63.1%  V-Acc:  55.0%  V-AUROC: 0.5828  LR: 2.00e-04
2026-08-03 16:50:28,318 | [FULL    ] | INFO | full_experiments_using.model_trainers.mobile_vit_trainer | Ep [043/500] T-Acc:  64.3%  V-Acc:  55.7%  V-AUROC: 0.5831  LR: 4.00e-05
2026-08-03 16:50:56,993 | [FULL    ] | INFO | full_experiments_using.model_trainers.mobile_vit_trainer | Ep [044/500] T-Acc:  63.2%  V-Acc:  55.3%  V-AUROC: 0.5813  LR: 4.00e-05
2026-08-03 16:51:24,986 | [FULL    ] | INFO | full_experiments_using.model_trainers.mobile_vit_trainer | Ep [045/500] T-Acc:  64.4%  V-Acc:  55.1%  V-AUROC: 0.5802  LR: 4.00e-05
2026-08-03 16:51:53,402 | [FULL    ] | INFO | full_experiments_using.model_trainers.mobile_vit_trainer | Ep [046/500] T-Acc:  63.1%  V-Acc:  54.9%  V-AUROC: 0.5793  LR: 4.00e-05
2026-08-03 16:52:21,691 | [FULL    ] | INFO | full_experiments_using.model_trainers.mobile_vit_trainer | Ep [047/500] T-Acc:  63.7%  V-Acc:  55.1%  V-AUROC: 0.5815  LR: 4.00e-05
2026-08-03 16:52:50,002 | [FULL    ] | INFO | full_experiments_using.model_trainers.mobile_vit_trainer | Ep [048/500] T-Acc:  64.3%  V-Acc:  55.8%  V-AUROC: 0.5837  LR: 4.00e-05
2026-08-03 16:53:18,454 | [FULL    ] | INFO | full_experiments_using.model_trainers.mobile_vit_trainer | Ep [049/500] T-Acc:  64.7%  V-Acc:  55.5%  V-AUROC: 0.5807  LR: 4.00e-05
2026-08-03 16:53:46,829 | [FULL    ] | INFO | full_experiments_using.model_trainers.mobile_vit_trainer | Ep [050/500] T-Acc:  64.5%  V-Acc:  55.4%  V-AUROC: 0.5806  LR: 4.00e-05
2026-08-03 16:53:46,829 | [FULL    ] | INFO | full_experiments_using.model_trainers.mobile_vit_trainer | Early stop — best AUROC 0.5935 at epoch 20 (no improvement for 30 epochs)
2026-08-03 16:53:46,829 | [FULL    ] | INFO | full_experiments_using.model_trainers.mobile_vit_trainer | Done. Best AUROC: 0.5935 (epoch 20) → /home/oem/choihyunsu/VOGBasedMCIDetection/outputs/checkpoints/run_20260803_091247_full_wvote_artifact30_w0-5-10-10-0-15-30-30_strat_4err/fold_16_best.pth
2026-08-03 16:53:56,061 | [FULL    ] | INFO | full_experiments_using.evaluators.monte_carlo_evaluator | -> Fold 17 Result | Acc=0.455 Sens=0.375 Spec=0.667 AUROC=0.750
2026-08-03 16:53:56,075 | [FULL    ] | INFO | full_experiments_using.evaluators.monte_carlo_evaluator | === Fold 18/30 | train: 25 subj (HC=10 MCI=15) / 3809 win | test: 12 subj (HC=4 MCI=8) / 1906 win ===
2026-08-03 16:53:56,300 | [FULL    ] | INFO | httpx | HTTP Request: HEAD https://huggingface.co/apple/mobilevit-small/resolve/main/config.json "HTTP/1.1 307 Temporary Redirect"
2026-08-03 16:53:56,313 | [FULL    ] | INFO | httpx | HTTP Request: HEAD https://huggingface.co/api/resolve-cache/models/apple/mobilevit-small/6c8612545dc98676d27bc518fa521d9e9af23e34/config.json "HTTP/1.1 200 OK"
2026-08-03 16:53:56,590 | [FULL    ] | INFO | httpx | HTTP Request: HEAD https://huggingface.co/apple/mobilevit-small/resolve/main/model.safetensors "HTTP/1.1 404 Not Found"
2026-08-03 16:53:56,794 | [FULL    ] | INFO | httpx | HTTP Request: HEAD https://huggingface.co/apple/mobilevit-small/resolve/main/model.safetensors.index.json "HTTP/1.1 404 Not Found"
2026-08-03 16:53:57,009 | [FULL    ] | INFO | httpx | HTTP Request: HEAD https://huggingface.co/apple/mobilevit-small/resolve/main/pytorch_model.bin "HTTP/1.1 302 Found"
2026-08-03 16:53:57,209 | [FULL    ] | INFO | httpx | HTTP Request: HEAD https://huggingface.co/apple/mobilevit-small/resolve/main/model.safetensors "HTTP/1.1 404 Not Found"
2026-08-03 16:53:57,423 | [FULL    ] | INFO | httpx | HTTP Request: GET https://huggingface.co/api/models/apple/mobilevit-small "HTTP/1.1 200 OK"
2026-08-03 16:53:57,687 | [FULL    ] | INFO | httpx | HTTP Request: GET https://huggingface.co/api/models/apple/mobilevit-small/commits/main "HTTP/1.1 200 OK"
2026-08-03 16:53:57,916 | [FULL    ] | INFO | httpx | HTTP Request: GET https://huggingface.co/api/models/apple/mobilevit-small/discussions?p=0 "HTTP/1.1 200 OK"
2026-08-03 16:53:58,129 | [FULL    ] | INFO | httpx | HTTP Request: GET https://huggingface.co/api/models/apple/mobilevit-small/commits/refs%2Fpr%2F6 "HTTP/1.1 200 OK"
2026-08-03 16:53:58,332 | [FULL    ] | INFO | httpx | HTTP Request: HEAD https://huggingface.co/apple/mobilevit-small/resolve/refs%2Fpr%2F6/model.safetensors.index.json "HTTP/1.1 404 Not Found"
2026-08-03 16:53:58,543 | [FULL    ] | INFO | httpx | HTTP Request: HEAD https://huggingface.co/apple/mobilevit-small/resolve/refs%2Fpr%2F6/model.safetensors "HTTP/1.1 302 Found"
2026-08-03 16:53:59,368 | [FULL    ] | INFO | full_experiments_using.model_trainers.mobile_vit_trainer | Device: cuda | max_epochs=500 | batch=32 | eval_batch=256 | es_patience=30
2026-08-03 16:53:59,373 | [FULL    ] | INFO | full_experiments_using.model_trainers.mobile_vit_trainer | CE weights — HC: 1.084  MCI: 0.928
2026-08-03 16:54:41,065 | [FULL    ] | INFO | full_experiments_using.model_trainers.mobile_vit_trainer | Ep [001/500] T-Acc:  51.4%  V-Acc:  53.0%  V-AUROC: 0.5400  LR: 2.00e-04
2026-08-03 16:54:41,157 | [FULL    ] | INFO | full_experiments_using.model_trainers.mobile_vit_trainer |   ↳ new best AUROC; saved checkpoint: /home/oem/choihyunsu/VOGBasedMCIDetection/outputs/checkpoints/run_20260803_091247_full_wvote_artifact30_w0-5-10-10-0-15-30-30_strat_4err/fold_17_best.pth
2026-08-03 16:55:09,306 | [FULL    ] | INFO | full_experiments_using.model_trainers.mobile_vit_trainer | Ep [002/500] T-Acc:  50.1%  V-Acc:  53.4%  V-AUROC: 0.5443  LR: 4.00e-04
2026-08-03 16:55:09,427 | [FULL    ] | INFO | full_experiments_using.model_trainers.mobile_vit_trainer |   ↳ new best AUROC; saved checkpoint: /home/oem/choihyunsu/VOGBasedMCIDetection/outputs/checkpoints/run_20260803_091247_full_wvote_artifact30_w0-5-10-10-0-15-30-30_strat_4err/fold_17_best.pth
2026-08-03 16:55:37,519 | [FULL    ] | INFO | full_experiments_using.model_trainers.mobile_vit_trainer | Ep [003/500] T-Acc:  51.2%  V-Acc:  53.6%  V-AUROC: 0.5570  LR: 6.00e-04
2026-08-03 16:55:37,650 | [FULL    ] | INFO | full_experiments_using.model_trainers.mobile_vit_trainer |   ↳ new best AUROC; saved checkpoint: /home/oem/choihyunsu/VOGBasedMCIDetection/outputs/checkpoints/run_20260803_091247_full_wvote_artifact30_w0-5-10-10-0-15-30-30_strat_4err/fold_17_best.pth
2026-08-03 16:56:05,665 | [FULL    ] | INFO | full_experiments_using.model_trainers.mobile_vit_trainer | Ep [004/500] T-Acc:  53.0%  V-Acc:  56.3%  V-AUROC: 0.5757  LR: 8.00e-04
2026-08-03 16:56:05,783 | [FULL    ] | INFO | full_experiments_using.model_trainers.mobile_vit_trainer |   ↳ new best AUROC; saved checkpoint: /home/oem/choihyunsu/VOGBasedMCIDetection/outputs/checkpoints/run_20260803_091247_full_wvote_artifact30_w0-5-10-10-0-15-30-30_strat_4err/fold_17_best.pth
2026-08-03 16:56:33,746 | [FULL    ] | INFO | full_experiments_using.model_trainers.mobile_vit_trainer | Ep [005/500] T-Acc:  53.7%  V-Acc:  55.8%  V-AUROC: 0.5716  LR: 1.00e-03
2026-08-03 16:57:01,958 | [FULL    ] | INFO | full_experiments_using.model_trainers.mobile_vit_trainer | Ep [006/500] T-Acc:  53.5%  V-Acc:  58.6%  V-AUROC: 0.5927  LR: 1.00e-03
2026-08-03 16:57:02,098 | [FULL    ] | INFO | full_experiments_using.model_trainers.mobile_vit_trainer |   ↳ new best AUROC; saved checkpoint: /home/oem/choihyunsu/VOGBasedMCIDetection/outputs/checkpoints/run_20260803_091247_full_wvote_artifact30_w0-5-10-10-0-15-30-30_strat_4err/fold_17_best.pth
2026-08-03 16:57:30,525 | [FULL    ] | INFO | full_experiments_using.model_trainers.mobile_vit_trainer | Ep [007/500] T-Acc:  54.9%  V-Acc:  59.3%  V-AUROC: 0.6257  LR: 1.00e-03
2026-08-03 16:57:30,636 | [FULL    ] | INFO | full_experiments_using.model_trainers.mobile_vit_trainer |   ↳ new best AUROC; saved checkpoint: /home/oem/choihyunsu/VOGBasedMCIDetection/outputs/checkpoints/run_20260803_091247_full_wvote_artifact30_w0-5-10-10-0-15-30-30_strat_4err/fold_17_best.pth
2026-08-03 16:57:58,708 | [FULL    ] | INFO | full_experiments_using.model_trainers.mobile_vit_trainer | Ep [008/500] T-Acc:  55.0%  V-Acc:  59.5%  V-AUROC: 0.6235  LR: 1.00e-03
2026-08-03 16:58:27,153 | [FULL    ] | INFO | full_experiments_using.model_trainers.mobile_vit_trainer | Ep [009/500] T-Acc:  56.4%  V-Acc:  59.0%  V-AUROC: 0.6126  LR: 1.00e-03
2026-08-03 16:58:53,205 | [FULL    ] | INFO | full_experiments_using.model_trainers.mobile_vit_trainer | Ep [010/500] T-Acc:  55.4%  V-Acc:  59.9%  V-AUROC: 0.6215  LR: 1.00e-03
2026-08-03 16:59:19,992 | [FULL    ] | INFO | full_experiments_using.model_trainers.mobile_vit_trainer | Ep [011/500] T-Acc:  55.6%  V-Acc:  60.7%  V-AUROC: 0.6366  LR: 1.00e-03
2026-08-03 16:59:20,120 | [FULL    ] | INFO | full_experiments_using.model_trainers.mobile_vit_trainer |   ↳ new best AUROC; saved checkpoint: /home/oem/choihyunsu/VOGBasedMCIDetection/outputs/checkpoints/run_20260803_091247_full_wvote_artifact30_w0-5-10-10-0-15-30-30_strat_4err/fold_17_best.pth
2026-08-03 16:59:47,634 | [FULL    ] | INFO | full_experiments_using.model_trainers.mobile_vit_trainer | Ep [012/500] T-Acc:  54.0%  V-Acc:  60.8%  V-AUROC: 0.6403  LR: 1.00e-03
2026-08-03 16:59:47,749 | [FULL    ] | INFO | full_experiments_using.model_trainers.mobile_vit_trainer |   ↳ new best AUROC; saved checkpoint: /home/oem/choihyunsu/VOGBasedMCIDetection/outputs/checkpoints/run_20260803_091247_full_wvote_artifact30_w0-5-10-10-0-15-30-30_strat_4err/fold_17_best.pth
2026-08-03 17:00:15,596 | [FULL    ] | INFO | full_experiments_using.model_trainers.mobile_vit_trainer | Ep [013/500] T-Acc:  55.7%  V-Acc:  60.0%  V-AUROC: 0.6206  LR: 1.00e-03
2026-08-03 17:00:43,660 | [FULL    ] | INFO | full_experiments_using.model_trainers.mobile_vit_trainer | Ep [014/500] T-Acc:  55.6%  V-Acc:  59.3%  V-AUROC: 0.6289  LR: 1.00e-03
2026-08-03 17:01:11,639 | [FULL    ] | INFO | full_experiments_using.model_trainers.mobile_vit_trainer | Ep [015/500] T-Acc:  56.0%  V-Acc:  58.1%  V-AUROC: 0.6188  LR: 1.00e-03
2026-08-03 17:01:39,509 | [FULL    ] | INFO | full_experiments_using.model_trainers.mobile_vit_trainer | Ep [016/500] T-Acc:  56.9%  V-Acc:  58.9%  V-AUROC: 0.6348  LR: 1.00e-03
2026-08-03 17:02:07,530 | [FULL    ] | INFO | full_experiments_using.model_trainers.mobile_vit_trainer | Ep [017/500] T-Acc:  55.8%  V-Acc:  60.3%  V-AUROC: 0.6387  LR: 1.00e-03
2026-08-03 17:02:35,614 | [FULL    ] | INFO | full_experiments_using.model_trainers.mobile_vit_trainer | Ep [018/500] T-Acc:  56.7%  V-Acc:  60.1%  V-AUROC: 0.6387  LR: 1.00e-03
2026-08-03 17:03:03,571 | [FULL    ] | INFO | full_experiments_using.model_trainers.mobile_vit_trainer | Ep [019/500] T-Acc:  57.0%  V-Acc:  58.8%  V-AUROC: 0.6340  LR: 1.00e-03
2026-08-03 17:03:31,875 | [FULL    ] | INFO | full_experiments_using.model_trainers.mobile_vit_trainer | Ep [020/500] T-Acc:  58.0%  V-Acc:  59.5%  V-AUROC: 0.6328  LR: 1.00e-03
2026-08-03 17:04:00,116 | [FULL    ] | INFO | full_experiments_using.model_trainers.mobile_vit_trainer | Ep [021/500] T-Acc:  57.2%  V-Acc:  59.0%  V-AUROC: 0.6435  LR: 1.00e-03
2026-08-03 17:04:00,224 | [FULL    ] | INFO | full_experiments_using.model_trainers.mobile_vit_trainer |   ↳ new best AUROC; saved checkpoint: /home/oem/choihyunsu/VOGBasedMCIDetection/outputs/checkpoints/run_20260803_091247_full_wvote_artifact30_w0-5-10-10-0-15-30-30_strat_4err/fold_17_best.pth
2026-08-03 17:04:28,197 | [FULL    ] | INFO | full_experiments_using.model_trainers.mobile_vit_trainer | Ep [022/500] T-Acc:  57.1%  V-Acc:  58.5%  V-AUROC: 0.6321  LR: 1.00e-03
2026-08-03 17:04:56,521 | [FULL    ] | INFO | full_experiments_using.model_trainers.mobile_vit_trainer | Ep [023/500] T-Acc:  57.8%  V-Acc:  59.8%  V-AUROC: 0.6346  LR: 1.00e-03
2026-08-03 17:05:22,645 | [FULL    ] | INFO | full_experiments_using.model_trainers.mobile_vit_trainer | Ep [024/500] T-Acc:  56.9%  V-Acc:  58.6%  V-AUROC: 0.6189  LR: 1.00e-03
2026-08-03 17:05:49,456 | [FULL    ] | INFO | full_experiments_using.model_trainers.mobile_vit_trainer | Ep [025/500] T-Acc:  59.4%  V-Acc:  57.6%  V-AUROC: 0.6242  LR: 1.00e-03
2026-08-03 17:06:16,740 | [FULL    ] | INFO | full_experiments_using.model_trainers.mobile_vit_trainer | Ep [026/500] T-Acc:  57.4%  V-Acc:  59.7%  V-AUROC: 0.6282  LR: 1.00e-03
2026-08-03 17:06:44,415 | [FULL    ] | INFO | full_experiments_using.model_trainers.mobile_vit_trainer | Ep [027/500] T-Acc:  57.3%  V-Acc:  59.1%  V-AUROC: 0.6286  LR: 1.00e-03
2026-08-03 17:07:11,191 | [FULL    ] | INFO | full_experiments_using.model_trainers.mobile_vit_trainer | Ep [028/500] T-Acc:  58.5%  V-Acc:  58.8%  V-AUROC: 0.6251  LR: 1.00e-03
2026-08-03 17:07:37,350 | [FULL    ] | INFO | full_experiments_using.model_trainers.mobile_vit_trainer | Ep [029/500] T-Acc:  58.4%  V-Acc:  59.2%  V-AUROC: 0.6352  LR: 1.00e-03
2026-08-03 17:08:05,545 | [FULL    ] | INFO | full_experiments_using.model_trainers.mobile_vit_trainer | Ep [030/500] T-Acc:  57.7%  V-Acc:  58.7%  V-AUROC: 0.6315  LR: 1.00e-03
2026-08-03 17:08:33,487 | [FULL    ] | INFO | full_experiments_using.model_trainers.mobile_vit_trainer | Ep [031/500] T-Acc:  58.4%  V-Acc:  58.7%  V-AUROC: 0.6328  LR: 1.00e-03
2026-08-03 17:09:01,580 | [FULL    ] | INFO | full_experiments_using.model_trainers.mobile_vit_trainer | Ep [032/500] T-Acc:  58.9%  V-Acc:  58.7%  V-AUROC: 0.6361  LR: 1.00e-03
2026-08-03 17:09:29,717 | [FULL    ] | INFO | full_experiments_using.model_trainers.mobile_vit_trainer | Ep [033/500] T-Acc:  59.1%  V-Acc:  58.6%  V-AUROC: 0.6313  LR: 2.00e-04
2026-08-03 17:09:57,598 | [FULL    ] | INFO | full_experiments_using.model_trainers.mobile_vit_trainer | Ep [034/500] T-Acc:  58.2%  V-Acc:  59.4%  V-AUROC: 0.6273  LR: 2.00e-04
2026-08-03 17:10:25,381 | [FULL    ] | INFO | full_experiments_using.model_trainers.mobile_vit_trainer | Ep [035/500] T-Acc:  58.6%  V-Acc:  58.7%  V-AUROC: 0.6327  LR: 2.00e-04
2026-08-03 17:10:53,463 | [FULL    ] | INFO | full_experiments_using.model_trainers.mobile_vit_trainer | Ep [036/500] T-Acc:  58.9%  V-Acc:  59.2%  V-AUROC: 0.6306  LR: 2.00e-04
2026-08-03 17:11:21,626 | [FULL    ] | INFO | full_experiments_using.model_trainers.mobile_vit_trainer | Ep [037/500] T-Acc:  58.5%  V-Acc:  59.2%  V-AUROC: 0.6286  LR: 2.00e-04
2026-08-03 17:11:49,653 | [FULL    ] | INFO | full_experiments_using.model_trainers.mobile_vit_trainer | Ep [038/500] T-Acc:  58.5%  V-Acc:  60.0%  V-AUROC: 0.6313  LR: 2.00e-04
2026-08-03 17:12:17,536 | [FULL    ] | INFO | full_experiments_using.model_trainers.mobile_vit_trainer | Ep [039/500] T-Acc:  59.8%  V-Acc:  59.0%  V-AUROC: 0.6310  LR: 2.00e-04
2026-08-03 17:12:45,476 | [FULL    ] | INFO | full_experiments_using.model_trainers.mobile_vit_trainer | Ep [040/500] T-Acc:  59.5%  V-Acc:  58.9%  V-AUROC: 0.6314  LR: 2.00e-04
2026-08-03 17:13:13,486 | [FULL    ] | INFO | full_experiments_using.model_trainers.mobile_vit_trainer | Ep [041/500] T-Acc:  59.1%  V-Acc:  58.7%  V-AUROC: 0.6290  LR: 2.00e-04
2026-08-03 17:13:42,001 | [FULL    ] | INFO | full_experiments_using.model_trainers.mobile_vit_trainer | Ep [042/500] T-Acc:  60.0%  V-Acc:  59.0%  V-AUROC: 0.6310  LR: 2.00e-04
2026-08-03 17:14:09,970 | [FULL    ] | INFO | full_experiments_using.model_trainers.mobile_vit_trainer | Ep [043/500] T-Acc:  60.0%  V-Acc:  60.2%  V-AUROC: 0.6318  LR: 2.00e-04
2026-08-03 17:14:37,799 | [FULL    ] | INFO | full_experiments_using.model_trainers.mobile_vit_trainer | Ep [044/500] T-Acc:  59.3%  V-Acc:  59.4%  V-AUROC: 0.6290  LR: 4.00e-05
2026-08-03 17:15:05,898 | [FULL    ] | INFO | full_experiments_using.model_trainers.mobile_vit_trainer | Ep [045/500] T-Acc:  60.1%  V-Acc:  58.7%  V-AUROC: 0.6304  LR: 4.00e-05
2026-08-03 17:15:34,050 | [FULL    ] | INFO | full_experiments_using.model_trainers.mobile_vit_trainer | Ep [046/500] T-Acc:  59.0%  V-Acc:  58.8%  V-AUROC: 0.6318  LR: 4.00e-05
2026-08-03 17:16:02,595 | [FULL    ] | INFO | full_experiments_using.model_trainers.mobile_vit_trainer | Ep [047/500] T-Acc:  59.5%  V-Acc:  60.1%  V-AUROC: 0.6319  LR: 4.00e-05
2026-08-03 17:16:30,769 | [FULL    ] | INFO | full_experiments_using.model_trainers.mobile_vit_trainer | Ep [048/500] T-Acc:  59.6%  V-Acc:  59.0%  V-AUROC: 0.6311  LR: 4.00e-05
2026-08-03 17:16:58,817 | [FULL    ] | INFO | full_experiments_using.model_trainers.mobile_vit_trainer | Ep [049/500] T-Acc:  59.0%  V-Acc:  59.9%  V-AUROC: 0.6311  LR: 4.00e-05
2026-08-03 17:17:26,704 | [FULL    ] | INFO | full_experiments_using.model_trainers.mobile_vit_trainer | Ep [050/500] T-Acc:  60.2%  V-Acc:  59.8%  V-AUROC: 0.6349  LR: 4.00e-05
2026-08-03 17:17:54,441 | [FULL    ] | INFO | full_experiments_using.model_trainers.mobile_vit_trainer | Ep [051/500] T-Acc:  60.1%  V-Acc:  59.5%  V-AUROC: 0.6323  LR: 4.00e-05
2026-08-03 17:17:54,441 | [FULL    ] | INFO | full_experiments_using.model_trainers.mobile_vit_trainer | Early stop — best AUROC 0.6435 at epoch 21 (no improvement for 30 epochs)
2026-08-03 17:17:54,441 | [FULL    ] | INFO | full_experiments_using.model_trainers.mobile_vit_trainer | Done. Best AUROC: 0.6435 (epoch 21) → /home/oem/choihyunsu/VOGBasedMCIDetection/outputs/checkpoints/run_20260803_091247_full_wvote_artifact30_w0-5-10-10-0-15-30-30_strat_4err/fold_17_best.pth
2026-08-03 17:18:04,340 | [FULL    ] | INFO | full_experiments_using.evaluators.monte_carlo_evaluator | -> Fold 18 Result | Acc=0.909 Sens=1.000 Spec=0.750 AUROC=0.964
2026-08-03 17:18:04,347 | [FULL    ] | INFO | full_experiments_using.evaluators.monte_carlo_evaluator | === Fold 19/30 | train: 25 subj (HC=10 MCI=15) / 3899 win | test: 12 subj (HC=4 MCI=8) / 1816 win ===
2026-08-03 17:18:04,582 | [FULL    ] | INFO | httpx | HTTP Request: HEAD https://huggingface.co/apple/mobilevit-small/resolve/main/config.json "HTTP/1.1 307 Temporary Redirect"
2026-08-03 17:18:04,595 | [FULL    ] | INFO | httpx | HTTP Request: HEAD https://huggingface.co/api/resolve-cache/models/apple/mobilevit-small/6c8612545dc98676d27bc518fa521d9e9af23e34/config.json "HTTP/1.1 200 OK"
2026-08-03 17:18:04,881 | [FULL    ] | INFO | httpx | HTTP Request: HEAD https://huggingface.co/apple/mobilevit-small/resolve/main/model.safetensors "HTTP/1.1 404 Not Found"
2026-08-03 17:18:05,091 | [FULL    ] | INFO | httpx | HTTP Request: HEAD https://huggingface.co/apple/mobilevit-small/resolve/main/model.safetensors.index.json "HTTP/1.1 404 Not Found"
2026-08-03 17:18:05,311 | [FULL    ] | INFO | httpx | HTTP Request: HEAD https://huggingface.co/apple/mobilevit-small/resolve/main/pytorch_model.bin "HTTP/1.1 302 Found"
2026-08-03 17:18:05,542 | [FULL    ] | INFO | httpx | HTTP Request: HEAD https://huggingface.co/apple/mobilevit-small/resolve/main/model.safetensors "HTTP/1.1 404 Not Found"
2026-08-03 17:18:05,748 | [FULL    ] | INFO | httpx | HTTP Request: GET https://huggingface.co/api/models/apple/mobilevit-small "HTTP/1.1 200 OK"
2026-08-03 17:18:05,982 | [FULL    ] | INFO | httpx | HTTP Request: GET https://huggingface.co/api/models/apple/mobilevit-small/commits/main "HTTP/1.1 200 OK"
2026-08-03 17:18:06,205 | [FULL    ] | INFO | httpx | HTTP Request: GET https://huggingface.co/api/models/apple/mobilevit-small/discussions?p=0 "HTTP/1.1 200 OK"
2026-08-03 17:18:06,425 | [FULL    ] | INFO | httpx | HTTP Request: GET https://huggingface.co/api/models/apple/mobilevit-small/commits/refs%2Fpr%2F6 "HTTP/1.1 200 OK"
2026-08-03 17:18:06,637 | [FULL    ] | INFO | httpx | HTTP Request: HEAD https://huggingface.co/apple/mobilevit-small/resolve/refs%2Fpr%2F6/model.safetensors.index.json "HTTP/1.1 404 Not Found"
2026-08-03 17:18:06,851 | [FULL    ] | INFO | httpx | HTTP Request: HEAD https://huggingface.co/apple/mobilevit-small/resolve/refs%2Fpr%2F6/model.safetensors "HTTP/1.1 302 Found"
2026-08-03 17:18:07,080 | [FULL    ] | INFO | full_experiments_using.model_trainers.mobile_vit_trainer | Device: cuda | max_epochs=500 | batch=32 | eval_batch=256 | es_patience=30
2026-08-03 17:18:07,098 | [FULL    ] | INFO | full_experiments_using.model_trainers.mobile_vit_trainer | CE weights — HC: 1.093  MCI: 0.922
2026-08-03 17:18:42,739 | [FULL    ] | INFO | full_experiments_using.model_trainers.mobile_vit_trainer | Ep [001/500] T-Acc:  48.7%  V-Acc:  49.1%  V-AUROC: 0.4864  LR: 2.00e-04
2026-08-03 17:18:42,841 | [FULL    ] | INFO | full_experiments_using.model_trainers.mobile_vit_trainer |   ↳ new best AUROC; saved checkpoint: /home/oem/choihyunsu/VOGBasedMCIDetection/outputs/checkpoints/run_20260803_091247_full_wvote_artifact30_w0-5-10-10-0-15-30-30_strat_4err/fold_18_best.pth
2026-08-03 17:19:11,158 | [FULL    ] | INFO | full_experiments_using.model_trainers.mobile_vit_trainer | Ep [002/500] T-Acc:  49.2%  V-Acc:  50.2%  V-AUROC: 0.4987  LR: 4.00e-04
2026-08-03 17:19:11,310 | [FULL    ] | INFO | full_experiments_using.model_trainers.mobile_vit_trainer |   ↳ new best AUROC; saved checkpoint: /home/oem/choihyunsu/VOGBasedMCIDetection/outputs/checkpoints/run_20260803_091247_full_wvote_artifact30_w0-5-10-10-0-15-30-30_strat_4err/fold_18_best.pth
2026-08-03 17:19:39,610 | [FULL    ] | INFO | full_experiments_using.model_trainers.mobile_vit_trainer | Ep [003/500] T-Acc:  50.4%  V-Acc:  50.5%  V-AUROC: 0.5060  LR: 6.00e-04
2026-08-03 17:19:39,757 | [FULL    ] | INFO | full_experiments_using.model_trainers.mobile_vit_trainer |   ↳ new best AUROC; saved checkpoint: /home/oem/choihyunsu/VOGBasedMCIDetection/outputs/checkpoints/run_20260803_091247_full_wvote_artifact30_w0-5-10-10-0-15-30-30_strat_4err/fold_18_best.pth
2026-08-03 17:20:08,168 | [FULL    ] | INFO | full_experiments_using.model_trainers.mobile_vit_trainer | Ep [004/500] T-Acc:  51.5%  V-Acc:  51.2%  V-AUROC: 0.5077  LR: 8.00e-04
2026-08-03 17:20:08,357 | [FULL    ] | INFO | full_experiments_using.model_trainers.mobile_vit_trainer |   ↳ new best AUROC; saved checkpoint: /home/oem/choihyunsu/VOGBasedMCIDetection/outputs/checkpoints/run_20260803_091247_full_wvote_artifact30_w0-5-10-10-0-15-30-30_strat_4err/fold_18_best.pth
2026-08-03 17:20:36,514 | [FULL    ] | INFO | full_experiments_using.model_trainers.mobile_vit_trainer | Ep [005/500] T-Acc:  53.5%  V-Acc:  47.9%  V-AUROC: 0.5021  LR: 1.00e-03
2026-08-03 17:21:04,799 | [FULL    ] | INFO | full_experiments_using.model_trainers.mobile_vit_trainer | Ep [006/500] T-Acc:  53.0%  V-Acc:  52.4%  V-AUROC: 0.5267  LR: 1.00e-03
2026-08-03 17:21:04,991 | [FULL    ] | INFO | full_experiments_using.model_trainers.mobile_vit_trainer |   ↳ new best AUROC; saved checkpoint: /home/oem/choihyunsu/VOGBasedMCIDetection/outputs/checkpoints/run_20260803_091247_full_wvote_artifact30_w0-5-10-10-0-15-30-30_strat_4err/fold_18_best.pth
2026-08-03 17:21:33,213 | [FULL    ] | INFO | full_experiments_using.model_trainers.mobile_vit_trainer | Ep [007/500] T-Acc:  55.1%  V-Acc:  52.3%  V-AUROC: 0.5284  LR: 1.00e-03
2026-08-03 17:21:33,366 | [FULL    ] | INFO | full_experiments_using.model_trainers.mobile_vit_trainer |   ↳ new best AUROC; saved checkpoint: /home/oem/choihyunsu/VOGBasedMCIDetection/outputs/checkpoints/run_20260803_091247_full_wvote_artifact30_w0-5-10-10-0-15-30-30_strat_4err/fold_18_best.pth
2026-08-03 17:22:01,728 | [FULL    ] | INFO | full_experiments_using.model_trainers.mobile_vit_trainer | Ep [008/500] T-Acc:  54.4%  V-Acc:  51.4%  V-AUROC: 0.5369  LR: 1.00e-03
2026-08-03 17:22:01,846 | [FULL    ] | INFO | full_experiments_using.model_trainers.mobile_vit_trainer |   ↳ new best AUROC; saved checkpoint: /home/oem/choihyunsu/VOGBasedMCIDetection/outputs/checkpoints/run_20260803_091247_full_wvote_artifact30_w0-5-10-10-0-15-30-30_strat_4err/fold_18_best.pth
2026-08-03 17:22:30,008 | [FULL    ] | INFO | full_experiments_using.model_trainers.mobile_vit_trainer | Ep [009/500] T-Acc:  54.6%  V-Acc:  51.5%  V-AUROC: 0.5272  LR: 1.00e-03
2026-08-03 17:22:58,346 | [FULL    ] | INFO | full_experiments_using.model_trainers.mobile_vit_trainer | Ep [010/500] T-Acc:  56.7%  V-Acc:  50.4%  V-AUROC: 0.5298  LR: 1.00e-03
2026-08-03 17:23:26,517 | [FULL    ] | INFO | full_experiments_using.model_trainers.mobile_vit_trainer | Ep [011/500] T-Acc:  56.8%  V-Acc:  51.5%  V-AUROC: 0.5360  LR: 1.00e-03
2026-08-03 17:23:54,880 | [FULL    ] | INFO | full_experiments_using.model_trainers.mobile_vit_trainer | Ep [012/500] T-Acc:  58.2%  V-Acc:  50.3%  V-AUROC: 0.5355  LR: 1.00e-03
2026-08-03 17:24:23,083 | [FULL    ] | INFO | full_experiments_using.model_trainers.mobile_vit_trainer | Ep [013/500] T-Acc:  57.9%  V-Acc:  50.2%  V-AUROC: 0.5268  LR: 1.00e-03
2026-08-03 17:24:51,573 | [FULL    ] | INFO | full_experiments_using.model_trainers.mobile_vit_trainer | Ep [014/500] T-Acc:  58.1%  V-Acc:  49.2%  V-AUROC: 0.5238  LR: 1.00e-03
2026-08-03 17:25:19,936 | [FULL    ] | INFO | full_experiments_using.model_trainers.mobile_vit_trainer | Ep [015/500] T-Acc:  57.9%  V-Acc:  51.2%  V-AUROC: 0.5301  LR: 1.00e-03
2026-08-03 17:25:48,182 | [FULL    ] | INFO | full_experiments_using.model_trainers.mobile_vit_trainer | Ep [016/500] T-Acc:  60.2%  V-Acc:  51.9%  V-AUROC: 0.5382  LR: 1.00e-03
2026-08-03 17:25:48,319 | [FULL    ] | INFO | full_experiments_using.model_trainers.mobile_vit_trainer |   ↳ new best AUROC; saved checkpoint: /home/oem/choihyunsu/VOGBasedMCIDetection/outputs/checkpoints/run_20260803_091247_full_wvote_artifact30_w0-5-10-10-0-15-30-30_strat_4err/fold_18_best.pth
2026-08-03 17:26:16,371 | [FULL    ] | INFO | full_experiments_using.model_trainers.mobile_vit_trainer | Ep [017/500] T-Acc:  59.8%  V-Acc:  50.6%  V-AUROC: 0.5335  LR: 1.00e-03
2026-08-03 17:26:44,882 | [FULL    ] | INFO | full_experiments_using.model_trainers.mobile_vit_trainer | Ep [018/500] T-Acc:  59.7%  V-Acc:  51.4%  V-AUROC: 0.5359  LR: 1.00e-03
2026-08-03 17:27:13,234 | [FULL    ] | INFO | full_experiments_using.model_trainers.mobile_vit_trainer | Ep [019/500] T-Acc:  60.8%  V-Acc:  51.2%  V-AUROC: 0.5396  LR: 1.00e-03
2026-08-03 17:27:13,441 | [FULL    ] | INFO | full_experiments_using.model_trainers.mobile_vit_trainer |   ↳ new best AUROC; saved checkpoint: /home/oem/choihyunsu/VOGBasedMCIDetection/outputs/checkpoints/run_20260803_091247_full_wvote_artifact30_w0-5-10-10-0-15-30-30_strat_4err/fold_18_best.pth
2026-08-03 17:27:41,839 | [FULL    ] | INFO | full_experiments_using.model_trainers.mobile_vit_trainer | Ep [020/500] T-Acc:  61.5%  V-Acc:  51.4%  V-AUROC: 0.5381  LR: 1.00e-03
2026-08-03 17:28:10,000 | [FULL    ] | INFO | full_experiments_using.model_trainers.mobile_vit_trainer | Ep [021/500] T-Acc:  60.5%  V-Acc:  50.1%  V-AUROC: 0.5355  LR: 1.00e-03
2026-08-03 17:28:36,537 | [FULL    ] | INFO | full_experiments_using.model_trainers.mobile_vit_trainer | Ep [022/500] T-Acc:  60.9%  V-Acc:  51.1%  V-AUROC: 0.5401  LR: 1.00e-03
2026-08-03 17:28:36,657 | [FULL    ] | INFO | full_experiments_using.model_trainers.mobile_vit_trainer |   ↳ new best AUROC; saved checkpoint: /home/oem/choihyunsu/VOGBasedMCIDetection/outputs/checkpoints/run_20260803_091247_full_wvote_artifact30_w0-5-10-10-0-15-30-30_strat_4err/fold_18_best.pth
2026-08-03 17:29:03,673 | [FULL    ] | INFO | full_experiments_using.model_trainers.mobile_vit_trainer | Ep [023/500] T-Acc:  61.8%  V-Acc:  49.8%  V-AUROC: 0.5383  LR: 1.00e-03
2026-08-03 17:29:30,984 | [FULL    ] | INFO | full_experiments_using.model_trainers.mobile_vit_trainer | Ep [024/500] T-Acc:  60.3%  V-Acc:  50.4%  V-AUROC: 0.5412  LR: 1.00e-03
2026-08-03 17:29:31,160 | [FULL    ] | INFO | full_experiments_using.model_trainers.mobile_vit_trainer |   ↳ new best AUROC; saved checkpoint: /home/oem/choihyunsu/VOGBasedMCIDetection/outputs/checkpoints/run_20260803_091247_full_wvote_artifact30_w0-5-10-10-0-15-30-30_strat_4err/fold_18_best.pth
2026-08-03 17:29:59,273 | [FULL    ] | INFO | full_experiments_using.model_trainers.mobile_vit_trainer | Ep [025/500] T-Acc:  62.3%  V-Acc:  51.7%  V-AUROC: 0.5441  LR: 1.00e-03
2026-08-03 17:29:59,410 | [FULL    ] | INFO | full_experiments_using.model_trainers.mobile_vit_trainer |   ↳ new best AUROC; saved checkpoint: /home/oem/choihyunsu/VOGBasedMCIDetection/outputs/checkpoints/run_20260803_091247_full_wvote_artifact30_w0-5-10-10-0-15-30-30_strat_4err/fold_18_best.pth
2026-08-03 17:30:27,547 | [FULL    ] | INFO | full_experiments_using.model_trainers.mobile_vit_trainer | Ep [026/500] T-Acc:  61.2%  V-Acc:  50.7%  V-AUROC: 0.5422  LR: 1.00e-03
2026-08-03 17:30:55,726 | [FULL    ] | INFO | full_experiments_using.model_trainers.mobile_vit_trainer | Ep [027/500] T-Acc:  62.9%  V-Acc:  49.7%  V-AUROC: 0.5325  LR: 1.00e-03
2026-08-03 17:31:23,827 | [FULL    ] | INFO | full_experiments_using.model_trainers.mobile_vit_trainer | Ep [028/500] T-Acc:  62.1%  V-Acc:  50.1%  V-AUROC: 0.5341  LR: 1.00e-03
2026-08-03 17:31:52,049 | [FULL    ] | INFO | full_experiments_using.model_trainers.mobile_vit_trainer | Ep [029/500] T-Acc:  62.3%  V-Acc:  53.5%  V-AUROC: 0.5403  LR: 1.00e-03
2026-08-03 17:32:20,196 | [FULL    ] | INFO | full_experiments_using.model_trainers.mobile_vit_trainer | Ep [030/500] T-Acc:  62.0%  V-Acc:  50.4%  V-AUROC: 0.5397  LR: 1.00e-03
2026-08-03 17:32:48,471 | [FULL    ] | INFO | full_experiments_using.model_trainers.mobile_vit_trainer | Ep [031/500] T-Acc:  63.0%  V-Acc:  50.8%  V-AUROC: 0.5391  LR: 1.00e-03
2026-08-03 17:33:16,622 | [FULL    ] | INFO | full_experiments_using.model_trainers.mobile_vit_trainer | Ep [032/500] T-Acc:  63.7%  V-Acc:  50.8%  V-AUROC: 0.5459  LR: 1.00e-03
2026-08-03 17:33:16,743 | [FULL    ] | INFO | full_experiments_using.model_trainers.mobile_vit_trainer |   ↳ new best AUROC; saved checkpoint: /home/oem/choihyunsu/VOGBasedMCIDetection/outputs/checkpoints/run_20260803_091247_full_wvote_artifact30_w0-5-10-10-0-15-30-30_strat_4err/fold_18_best.pth
2026-08-03 17:33:45,021 | [FULL    ] | INFO | full_experiments_using.model_trainers.mobile_vit_trainer | Ep [033/500] T-Acc:  62.1%  V-Acc:  49.8%  V-AUROC: 0.5377  LR: 1.00e-03
2026-08-03 17:34:13,347 | [FULL    ] | INFO | full_experiments_using.model_trainers.mobile_vit_trainer | Ep [034/500] T-Acc:  63.2%  V-Acc:  50.1%  V-AUROC: 0.5381  LR: 1.00e-03
2026-08-03 17:34:41,656 | [FULL    ] | INFO | full_experiments_using.model_trainers.mobile_vit_trainer | Ep [035/500] T-Acc:  63.0%  V-Acc:  51.5%  V-AUROC: 0.5525  LR: 1.00e-03
2026-08-03 17:34:41,797 | [FULL    ] | INFO | full_experiments_using.model_trainers.mobile_vit_trainer |   ↳ new best AUROC; saved checkpoint: /home/oem/choihyunsu/VOGBasedMCIDetection/outputs/checkpoints/run_20260803_091247_full_wvote_artifact30_w0-5-10-10-0-15-30-30_strat_4err/fold_18_best.pth
2026-08-03 17:35:10,022 | [FULL    ] | INFO | full_experiments_using.model_trainers.mobile_vit_trainer | Ep [036/500] T-Acc:  63.4%  V-Acc:  51.8%  V-AUROC: 0.5509  LR: 1.00e-03
2026-08-03 17:35:38,297 | [FULL    ] | INFO | full_experiments_using.model_trainers.mobile_vit_trainer | Ep [037/500] T-Acc:  63.2%  V-Acc:  52.6%  V-AUROC: 0.5485  LR: 1.00e-03
2026-08-03 17:36:06,671 | [FULL    ] | INFO | full_experiments_using.model_trainers.mobile_vit_trainer | Ep [038/500] T-Acc:  62.0%  V-Acc:  50.9%  V-AUROC: 0.5424  LR: 1.00e-03
2026-08-03 17:36:33,892 | [FULL    ] | INFO | full_experiments_using.model_trainers.mobile_vit_trainer | Ep [039/500] T-Acc:  63.1%  V-Acc:  50.6%  V-AUROC: 0.5448  LR: 1.00e-03
2026-08-03 17:37:01,587 | [FULL    ] | INFO | full_experiments_using.model_trainers.mobile_vit_trainer | Ep [040/500] T-Acc:  63.7%  V-Acc:  50.9%  V-AUROC: 0.5451  LR: 1.00e-03
2026-08-03 17:37:27,824 | [FULL    ] | INFO | full_experiments_using.model_trainers.mobile_vit_trainer | Ep [041/500] T-Acc:  63.4%  V-Acc:  51.1%  V-AUROC: 0.5428  LR: 1.00e-03
2026-08-03 17:37:56,039 | [FULL    ] | INFO | full_experiments_using.model_trainers.mobile_vit_trainer | Ep [042/500] T-Acc:  64.2%  V-Acc:  50.5%  V-AUROC: 0.5450  LR: 1.00e-03
2026-08-03 17:38:24,397 | [FULL    ] | INFO | full_experiments_using.model_trainers.mobile_vit_trainer | Ep [043/500] T-Acc:  63.4%  V-Acc:  51.4%  V-AUROC: 0.5445  LR: 1.00e-03
2026-08-03 17:38:52,694 | [FULL    ] | INFO | full_experiments_using.model_trainers.mobile_vit_trainer | Ep [044/500] T-Acc:  63.1%  V-Acc:  49.7%  V-AUROC: 0.5439  LR: 1.00e-03
2026-08-03 17:39:21,252 | [FULL    ] | INFO | full_experiments_using.model_trainers.mobile_vit_trainer | Ep [045/500] T-Acc:  63.8%  V-Acc:  51.2%  V-AUROC: 0.5406  LR: 1.00e-03
2026-08-03 17:39:49,539 | [FULL    ] | INFO | full_experiments_using.model_trainers.mobile_vit_trainer | Ep [046/500] T-Acc:  64.6%  V-Acc:  50.3%  V-AUROC: 0.5458  LR: 1.00e-03
2026-08-03 17:40:17,881 | [FULL    ] | INFO | full_experiments_using.model_trainers.mobile_vit_trainer | Ep [047/500] T-Acc:  63.8%  V-Acc:  49.8%  V-AUROC: 0.5423  LR: 2.00e-04
2026-08-03 17:40:46,166 | [FULL    ] | INFO | full_experiments_using.model_trainers.mobile_vit_trainer | Ep [048/500] T-Acc:  63.7%  V-Acc:  50.2%  V-AUROC: 0.5423  LR: 2.00e-04
2026-08-03 17:41:14,573 | [FULL    ] | INFO | full_experiments_using.model_trainers.mobile_vit_trainer | Ep [049/500] T-Acc:  63.8%  V-Acc:  49.7%  V-AUROC: 0.5413  LR: 2.00e-04
2026-08-03 17:41:42,804 | [FULL    ] | INFO | full_experiments_using.model_trainers.mobile_vit_trainer | Ep [050/500] T-Acc:  63.1%  V-Acc:  50.3%  V-AUROC: 0.5408  LR: 2.00e-04
2026-08-03 17:42:11,118 | [FULL    ] | INFO | full_experiments_using.model_trainers.mobile_vit_trainer | Ep [051/500] T-Acc:  63.9%  V-Acc:  50.7%  V-AUROC: 0.5462  LR: 2.00e-04
2026-08-03 17:42:39,517 | [FULL    ] | INFO | full_experiments_using.model_trainers.mobile_vit_trainer | Ep [052/500] T-Acc:  65.0%  V-Acc:  50.2%  V-AUROC: 0.5421  LR: 2.00e-04
2026-08-03 17:43:07,788 | [FULL    ] | INFO | full_experiments_using.model_trainers.mobile_vit_trainer | Ep [053/500] T-Acc:  64.8%  V-Acc:  49.6%  V-AUROC: 0.5428  LR: 2.00e-04
2026-08-03 17:43:36,146 | [FULL    ] | INFO | full_experiments_using.model_trainers.mobile_vit_trainer | Ep [054/500] T-Acc:  64.2%  V-Acc:  50.2%  V-AUROC: 0.5427  LR: 2.00e-04
2026-08-03 17:44:04,329 | [FULL    ] | INFO | full_experiments_using.model_trainers.mobile_vit_trainer | Ep [055/500] T-Acc:  64.0%  V-Acc:  50.7%  V-AUROC: 0.5430  LR: 2.00e-04
2026-08-03 17:44:32,566 | [FULL    ] | INFO | full_experiments_using.model_trainers.mobile_vit_trainer | Ep [056/500] T-Acc:  64.4%  V-Acc:  49.6%  V-AUROC: 0.5433  LR: 2.00e-04
2026-08-03 17:45:00,869 | [FULL    ] | INFO | full_experiments_using.model_trainers.mobile_vit_trainer | Ep [057/500] T-Acc:  64.7%  V-Acc:  50.6%  V-AUROC: 0.5434  LR: 2.00e-04
2026-08-03 17:45:29,247 | [FULL    ] | INFO | full_experiments_using.model_trainers.mobile_vit_trainer | Ep [058/500] T-Acc:  64.3%  V-Acc:  50.2%  V-AUROC: 0.5436  LR: 4.00e-05
2026-08-03 17:45:57,616 | [FULL    ] | INFO | full_experiments_using.model_trainers.mobile_vit_trainer | Ep [059/500] T-Acc:  64.8%  V-Acc:  50.2%  V-AUROC: 0.5430  LR: 4.00e-05
2026-08-03 17:46:25,961 | [FULL    ] | INFO | full_experiments_using.model_trainers.mobile_vit_trainer | Ep [060/500] T-Acc:  63.7%  V-Acc:  50.3%  V-AUROC: 0.5428  LR: 4.00e-05
2026-08-03 17:46:54,186 | [FULL    ] | INFO | full_experiments_using.model_trainers.mobile_vit_trainer | Ep [061/500] T-Acc:  64.3%  V-Acc:  50.7%  V-AUROC: 0.5448  LR: 4.00e-05
2026-08-03 17:47:22,460 | [FULL    ] | INFO | full_experiments_using.model_trainers.mobile_vit_trainer | Ep [062/500] T-Acc:  64.3%  V-Acc:  50.2%  V-AUROC: 0.5452  LR: 4.00e-05
2026-08-03 17:47:48,761 | [FULL    ] | INFO | full_experiments_using.model_trainers.mobile_vit_trainer | Ep [063/500] T-Acc:  64.9%  V-Acc:  50.3%  V-AUROC: 0.5446  LR: 4.00e-05
2026-08-03 17:48:16,347 | [FULL    ] | INFO | full_experiments_using.model_trainers.mobile_vit_trainer | Ep [064/500] T-Acc:  64.7%  V-Acc:  50.2%  V-AUROC: 0.5457  LR: 4.00e-05
2026-08-03 17:48:43,289 | [FULL    ] | INFO | full_experiments_using.model_trainers.mobile_vit_trainer | Ep [065/500] T-Acc:  65.1%  V-Acc:  50.1%  V-AUROC: 0.5453  LR: 4.00e-05
2026-08-03 17:48:43,290 | [FULL    ] | INFO | full_experiments_using.model_trainers.mobile_vit_trainer | Early stop — best AUROC 0.5525 at epoch 35 (no improvement for 30 epochs)
2026-08-03 17:48:43,290 | [FULL    ] | INFO | full_experiments_using.model_trainers.mobile_vit_trainer | Done. Best AUROC: 0.5525 (epoch 35) → /home/oem/choihyunsu/VOGBasedMCIDetection/outputs/checkpoints/run_20260803_091247_full_wvote_artifact30_w0-5-10-10-0-15-30-30_strat_4err/fold_18_best.pth
2026-08-03 17:48:52,406 | [FULL    ] | INFO | full_experiments_using.evaluators.monte_carlo_evaluator | -> Fold 19 Result | Acc=0.600 Sens=0.571 Spec=0.667 AUROC=0.667
2026-08-03 17:48:52,420 | [FULL    ] | INFO | full_experiments_using.evaluators.monte_carlo_evaluator | === Fold 20/30 | train: 25 subj (HC=10 MCI=15) / 3868 win | test: 12 subj (HC=4 MCI=8) / 1847 win ===
2026-08-03 17:48:52,651 | [FULL    ] | INFO | httpx | HTTP Request: HEAD https://huggingface.co/apple/mobilevit-small/resolve/main/config.json "HTTP/1.1 307 Temporary Redirect"
2026-08-03 17:48:52,664 | [FULL    ] | INFO | httpx | HTTP Request: HEAD https://huggingface.co/api/resolve-cache/models/apple/mobilevit-small/6c8612545dc98676d27bc518fa521d9e9af23e34/config.json "HTTP/1.1 200 OK"
2026-08-03 17:48:52,938 | [FULL    ] | INFO | httpx | HTTP Request: HEAD https://huggingface.co/apple/mobilevit-small/resolve/main/model.safetensors "HTTP/1.1 404 Not Found"
2026-08-03 17:48:53,149 | [FULL    ] | INFO | httpx | HTTP Request: HEAD https://huggingface.co/apple/mobilevit-small/resolve/main/model.safetensors.index.json "HTTP/1.1 404 Not Found"
2026-08-03 17:48:53,358 | [FULL    ] | INFO | httpx | HTTP Request: HEAD https://huggingface.co/apple/mobilevit-small/resolve/main/pytorch_model.bin "HTTP/1.1 302 Found"
2026-08-03 17:48:53,561 | [FULL    ] | INFO | httpx | HTTP Request: HEAD https://huggingface.co/apple/mobilevit-small/resolve/main/model.safetensors "HTTP/1.1 404 Not Found"
2026-08-03 17:48:53,774 | [FULL    ] | INFO | httpx | HTTP Request: GET https://huggingface.co/api/models/apple/mobilevit-small "HTTP/1.1 200 OK"
2026-08-03 17:48:53,993 | [FULL    ] | INFO | httpx | HTTP Request: GET https://huggingface.co/api/models/apple/mobilevit-small/commits/main "HTTP/1.1 200 OK"
2026-08-03 17:48:54,208 | [FULL    ] | INFO | httpx | HTTP Request: GET https://huggingface.co/api/models/apple/mobilevit-small/discussions?p=0 "HTTP/1.1 200 OK"
2026-08-03 17:48:54,429 | [FULL    ] | INFO | httpx | HTTP Request: GET https://huggingface.co/api/models/apple/mobilevit-small/commits/refs%2Fpr%2F6 "HTTP/1.1 200 OK"
2026-08-03 17:48:54,665 | [FULL    ] | INFO | httpx | HTTP Request: HEAD https://huggingface.co/apple/mobilevit-small/resolve/refs%2Fpr%2F6/model.safetensors.index.json "HTTP/1.1 404 Not Found"
2026-08-03 17:48:54,875 | [FULL    ] | INFO | httpx | HTTP Request: HEAD https://huggingface.co/apple/mobilevit-small/resolve/refs%2Fpr%2F6/model.safetensors "HTTP/1.1 302 Found"
2026-08-03 17:48:55,725 | [FULL    ] | INFO | full_experiments_using.model_trainers.mobile_vit_trainer | Device: cuda | max_epochs=500 | batch=32 | eval_batch=256 | es_patience=30
2026-08-03 17:48:55,737 | [FULL    ] | INFO | full_experiments_using.model_trainers.mobile_vit_trainer | CE weights — HC: 1.090  MCI: 0.924
2026-08-03 17:49:34,195 | [FULL    ] | INFO | full_experiments_using.model_trainers.mobile_vit_trainer | Ep [001/500] T-Acc:  50.3%  V-Acc:  52.6%  V-AUROC: 0.4899  LR: 2.00e-04
2026-08-03 17:49:34,263 | [FULL    ] | INFO | full_experiments_using.model_trainers.mobile_vit_trainer |   ↳ new best AUROC; saved checkpoint: /home/oem/choihyunsu/VOGBasedMCIDetection/outputs/checkpoints/run_20260803_091247_full_wvote_artifact30_w0-5-10-10-0-15-30-30_strat_4err/fold_19_best.pth
2026-08-03 17:50:02,386 | [FULL    ] | INFO | full_experiments_using.model_trainers.mobile_vit_trainer | Ep [002/500] T-Acc:  51.8%  V-Acc:  52.6%  V-AUROC: 0.5023  LR: 4.00e-04
2026-08-03 17:50:02,536 | [FULL    ] | INFO | full_experiments_using.model_trainers.mobile_vit_trainer |   ↳ new best AUROC; saved checkpoint: /home/oem/choihyunsu/VOGBasedMCIDetection/outputs/checkpoints/run_20260803_091247_full_wvote_artifact30_w0-5-10-10-0-15-30-30_strat_4err/fold_19_best.pth
2026-08-03 17:50:30,555 | [FULL    ] | INFO | full_experiments_using.model_trainers.mobile_vit_trainer | Ep [003/500] T-Acc:  51.8%  V-Acc:  52.2%  V-AUROC: 0.5186  LR: 6.00e-04
2026-08-03 17:50:30,674 | [FULL    ] | INFO | full_experiments_using.model_trainers.mobile_vit_trainer |   ↳ new best AUROC; saved checkpoint: /home/oem/choihyunsu/VOGBasedMCIDetection/outputs/checkpoints/run_20260803_091247_full_wvote_artifact30_w0-5-10-10-0-15-30-30_strat_4err/fold_19_best.pth
2026-08-03 17:50:59,126 | [FULL    ] | INFO | full_experiments_using.model_trainers.mobile_vit_trainer | Ep [004/500] T-Acc:  53.3%  V-Acc:  51.8%  V-AUROC: 0.5347  LR: 8.00e-04
2026-08-03 17:50:59,262 | [FULL    ] | INFO | full_experiments_using.model_trainers.mobile_vit_trainer |   ↳ new best AUROC; saved checkpoint: /home/oem/choihyunsu/VOGBasedMCIDetection/outputs/checkpoints/run_20260803_091247_full_wvote_artifact30_w0-5-10-10-0-15-30-30_strat_4err/fold_19_best.pth
2026-08-03 17:51:27,453 | [FULL    ] | INFO | full_experiments_using.model_trainers.mobile_vit_trainer | Ep [005/500] T-Acc:  54.4%  V-Acc:  53.8%  V-AUROC: 0.5485  LR: 1.00e-03
2026-08-03 17:51:27,611 | [FULL    ] | INFO | full_experiments_using.model_trainers.mobile_vit_trainer |   ↳ new best AUROC; saved checkpoint: /home/oem/choihyunsu/VOGBasedMCIDetection/outputs/checkpoints/run_20260803_091247_full_wvote_artifact30_w0-5-10-10-0-15-30-30_strat_4err/fold_19_best.pth
2026-08-03 17:51:55,788 | [FULL    ] | INFO | full_experiments_using.model_trainers.mobile_vit_trainer | Ep [006/500] T-Acc:  54.5%  V-Acc:  55.2%  V-AUROC: 0.5667  LR: 1.00e-03
2026-08-03 17:51:55,963 | [FULL    ] | INFO | full_experiments_using.model_trainers.mobile_vit_trainer |   ↳ new best AUROC; saved checkpoint: /home/oem/choihyunsu/VOGBasedMCIDetection/outputs/checkpoints/run_20260803_091247_full_wvote_artifact30_w0-5-10-10-0-15-30-30_strat_4err/fold_19_best.pth
2026-08-03 17:52:22,295 | [FULL    ] | INFO | full_experiments_using.model_trainers.mobile_vit_trainer | Ep [007/500] T-Acc:  55.8%  V-Acc:  55.1%  V-AUROC: 0.5680  LR: 1.00e-03
2026-08-03 17:52:22,490 | [FULL    ] | INFO | full_experiments_using.model_trainers.mobile_vit_trainer |   ↳ new best AUROC; saved checkpoint: /home/oem/choihyunsu/VOGBasedMCIDetection/outputs/checkpoints/run_20260803_091247_full_wvote_artifact30_w0-5-10-10-0-15-30-30_strat_4err/fold_19_best.pth
2026-08-03 17:52:49,928 | [FULL    ] | INFO | full_experiments_using.model_trainers.mobile_vit_trainer | Ep [008/500] T-Acc:  56.2%  V-Acc:  53.6%  V-AUROC: 0.5747  LR: 1.00e-03
2026-08-03 17:52:50,088 | [FULL    ] | INFO | full_experiments_using.model_trainers.mobile_vit_trainer |   ↳ new best AUROC; saved checkpoint: /home/oem/choihyunsu/VOGBasedMCIDetection/outputs/checkpoints/run_20260803_091247_full_wvote_artifact30_w0-5-10-10-0-15-30-30_strat_4err/fold_19_best.pth
2026-08-03 17:53:17,259 | [FULL    ] | INFO | full_experiments_using.model_trainers.mobile_vit_trainer | Ep [009/500] T-Acc:  56.7%  V-Acc:  53.8%  V-AUROC: 0.5779  LR: 1.00e-03
2026-08-03 17:53:17,600 | [FULL    ] | INFO | full_experiments_using.model_trainers.mobile_vit_trainer |   ↳ new best AUROC; saved checkpoint: /home/oem/choihyunsu/VOGBasedMCIDetection/outputs/checkpoints/run_20260803_091247_full_wvote_artifact30_w0-5-10-10-0-15-30-30_strat_4err/fold_19_best.pth
2026-08-03 17:53:45,771 | [FULL    ] | INFO | full_experiments_using.model_trainers.mobile_vit_trainer | Ep [010/500] T-Acc:  57.6%  V-Acc:  53.9%  V-AUROC: 0.5812  LR: 1.00e-03
2026-08-03 17:53:45,949 | [FULL    ] | INFO | full_experiments_using.model_trainers.mobile_vit_trainer |   ↳ new best AUROC; saved checkpoint: /home/oem/choihyunsu/VOGBasedMCIDetection/outputs/checkpoints/run_20260803_091247_full_wvote_artifact30_w0-5-10-10-0-15-30-30_strat_4err/fold_19_best.pth
2026-08-03 17:54:12,530 | [FULL    ] | INFO | full_experiments_using.model_trainers.mobile_vit_trainer | Ep [011/500] T-Acc:  57.0%  V-Acc:  53.6%  V-AUROC: 0.5801  LR: 1.00e-03
2026-08-03 17:54:40,072 | [FULL    ] | INFO | full_experiments_using.model_trainers.mobile_vit_trainer | Ep [012/500] T-Acc:  57.5%  V-Acc:  54.1%  V-AUROC: 0.5887  LR: 1.00e-03
2026-08-03 17:54:40,191 | [FULL    ] | INFO | full_experiments_using.model_trainers.mobile_vit_trainer |   ↳ new best AUROC; saved checkpoint: /home/oem/choihyunsu/VOGBasedMCIDetection/outputs/checkpoints/run_20260803_091247_full_wvote_artifact30_w0-5-10-10-0-15-30-30_strat_4err/fold_19_best.pth
2026-08-03 17:55:06,367 | [FULL    ] | INFO | full_experiments_using.model_trainers.mobile_vit_trainer | Ep [013/500] T-Acc:  57.9%  V-Acc:  53.7%  V-AUROC: 0.5846  LR: 1.00e-03
2026-08-03 17:55:34,684 | [FULL    ] | INFO | full_experiments_using.model_trainers.mobile_vit_trainer | Ep [014/500] T-Acc:  57.7%  V-Acc:  53.8%  V-AUROC: 0.5826  LR: 1.00e-03
2026-08-03 17:56:02,900 | [FULL    ] | INFO | full_experiments_using.model_trainers.mobile_vit_trainer | Ep [015/500] T-Acc:  58.1%  V-Acc:  53.4%  V-AUROC: 0.5793  LR: 1.00e-03
2026-08-03 17:56:30,951 | [FULL    ] | INFO | full_experiments_using.model_trainers.mobile_vit_trainer | Ep [016/500] T-Acc:  58.0%  V-Acc:  53.8%  V-AUROC: 0.5806  LR: 1.00e-03
2026-08-03 17:56:58,851 | [FULL    ] | INFO | full_experiments_using.model_trainers.mobile_vit_trainer | Ep [017/500] T-Acc:  59.9%  V-Acc:  53.9%  V-AUROC: 0.5868  LR: 1.00e-03
2026-08-03 17:57:26,875 | [FULL    ] | INFO | full_experiments_using.model_trainers.mobile_vit_trainer | Ep [018/500] T-Acc:  58.8%  V-Acc:  52.4%  V-AUROC: 0.5827  LR: 1.00e-03
2026-08-03 17:57:55,261 | [FULL    ] | INFO | full_experiments_using.model_trainers.mobile_vit_trainer | Ep [019/500] T-Acc:  59.8%  V-Acc:  53.5%  V-AUROC: 0.5808  LR: 1.00e-03
2026-08-03 17:58:23,228 | [FULL    ] | INFO | full_experiments_using.model_trainers.mobile_vit_trainer | Ep [020/500] T-Acc:  59.9%  V-Acc:  53.2%  V-AUROC: 0.5829  LR: 1.00e-03
2026-08-03 17:58:51,451 | [FULL    ] | INFO | full_experiments_using.model_trainers.mobile_vit_trainer | Ep [021/500] T-Acc:  61.0%  V-Acc:  54.8%  V-AUROC: 0.5926  LR: 1.00e-03
2026-08-03 17:58:51,601 | [FULL    ] | INFO | full_experiments_using.model_trainers.mobile_vit_trainer |   ↳ new best AUROC; saved checkpoint: /home/oem/choihyunsu/VOGBasedMCIDetection/outputs/checkpoints/run_20260803_091247_full_wvote_artifact30_w0-5-10-10-0-15-30-30_strat_4err/fold_19_best.pth
2026-08-03 17:59:19,371 | [FULL    ] | INFO | full_experiments_using.model_trainers.mobile_vit_trainer | Ep [022/500] T-Acc:  60.3%  V-Acc:  53.3%  V-AUROC: 0.5902  LR: 1.00e-03
2026-08-03 17:59:47,466 | [FULL    ] | INFO | full_experiments_using.model_trainers.mobile_vit_trainer | Ep [023/500] T-Acc:  61.0%  V-Acc:  53.8%  V-AUROC: 0.5841  LR: 1.00e-03
2026-08-03 18:00:15,611 | [FULL    ] | INFO | full_experiments_using.model_trainers.mobile_vit_trainer | Ep [024/500] T-Acc:  60.4%  V-Acc:  53.4%  V-AUROC: 0.5860  LR: 1.00e-03
2026-08-03 18:00:43,904 | [FULL    ] | INFO | full_experiments_using.model_trainers.mobile_vit_trainer | Ep [025/500] T-Acc:  61.3%  V-Acc:  52.4%  V-AUROC: 0.5776  LR: 1.00e-03
2026-08-03 18:01:12,007 | [FULL    ] | INFO | full_experiments_using.model_trainers.mobile_vit_trainer | Ep [026/500] T-Acc:  60.8%  V-Acc:  52.8%  V-AUROC: 0.5876  LR: 1.00e-03
2026-08-03 18:01:39,977 | [FULL    ] | INFO | full_experiments_using.model_trainers.mobile_vit_trainer | Ep [027/500] T-Acc:  61.1%  V-Acc:  53.9%  V-AUROC: 0.5831  LR: 1.00e-03
2026-08-03 18:02:08,261 | [FULL    ] | INFO | full_experiments_using.model_trainers.mobile_vit_trainer | Ep [028/500] T-Acc:  62.1%  V-Acc:  54.1%  V-AUROC: 0.5866  LR: 1.00e-03
2026-08-03 18:02:36,441 | [FULL    ] | INFO | full_experiments_using.model_trainers.mobile_vit_trainer | Ep [029/500] T-Acc:  62.0%  V-Acc:  54.1%  V-AUROC: 0.5916  LR: 1.00e-03
2026-08-03 18:03:04,840 | [FULL    ] | INFO | full_experiments_using.model_trainers.mobile_vit_trainer | Ep [030/500] T-Acc:  62.8%  V-Acc:  53.2%  V-AUROC: 0.5870  LR: 1.00e-03
2026-08-03 18:03:32,820 | [FULL    ] | INFO | full_experiments_using.model_trainers.mobile_vit_trainer | Ep [031/500] T-Acc:  62.0%  V-Acc:  54.4%  V-AUROC: 0.5913  LR: 1.00e-03
2026-08-03 18:04:01,102 | [FULL    ] | INFO | full_experiments_using.model_trainers.mobile_vit_trainer | Ep [032/500] T-Acc:  61.7%  V-Acc:  54.5%  V-AUROC: 0.5924  LR: 1.00e-03
2026-08-03 18:04:29,360 | [FULL    ] | INFO | full_experiments_using.model_trainers.mobile_vit_trainer | Ep [033/500] T-Acc:  62.1%  V-Acc:  54.2%  V-AUROC: 0.5890  LR: 2.00e-04
2026-08-03 18:04:57,648 | [FULL    ] | INFO | full_experiments_using.model_trainers.mobile_vit_trainer | Ep [034/500] T-Acc:  62.1%  V-Acc:  54.3%  V-AUROC: 0.5874  LR: 2.00e-04
2026-08-03 18:05:25,816 | [FULL    ] | INFO | full_experiments_using.model_trainers.mobile_vit_trainer | Ep [035/500] T-Acc:  62.2%  V-Acc:  53.7%  V-AUROC: 0.5895  LR: 2.00e-04
2026-08-03 18:05:53,936 | [FULL    ] | INFO | full_experiments_using.model_trainers.mobile_vit_trainer | Ep [036/500] T-Acc:  63.3%  V-Acc:  53.8%  V-AUROC: 0.5870  LR: 2.00e-04
2026-08-03 18:06:21,974 | [FULL    ] | INFO | full_experiments_using.model_trainers.mobile_vit_trainer | Ep [037/500] T-Acc:  62.3%  V-Acc:  53.2%  V-AUROC: 0.5847  LR: 2.00e-04
2026-08-03 18:06:50,043 | [FULL    ] | INFO | full_experiments_using.model_trainers.mobile_vit_trainer | Ep [038/500] T-Acc:  63.2%  V-Acc:  53.3%  V-AUROC: 0.5880  LR: 2.00e-04
2026-08-03 18:07:18,255 | [FULL    ] | INFO | full_experiments_using.model_trainers.mobile_vit_trainer | Ep [039/500] T-Acc:  62.9%  V-Acc:  53.4%  V-AUROC: 0.5866  LR: 2.00e-04
2026-08-03 18:07:46,382 | [FULL    ] | INFO | full_experiments_using.model_trainers.mobile_vit_trainer | Ep [040/500] T-Acc:  62.5%  V-Acc:  53.8%  V-AUROC: 0.5874  LR: 2.00e-04
2026-08-03 18:08:12,545 | [FULL    ] | INFO | full_experiments_using.model_trainers.mobile_vit_trainer | Ep [041/500] T-Acc:  61.7%  V-Acc:  54.2%  V-AUROC: 0.5894  LR: 2.00e-04
2026-08-03 18:08:40,259 | [FULL    ] | INFO | full_experiments_using.model_trainers.mobile_vit_trainer | Ep [042/500] T-Acc:  62.3%  V-Acc:  53.7%  V-AUROC: 0.5883  LR: 2.00e-04
2026-08-03 18:09:06,778 | [FULL    ] | INFO | full_experiments_using.model_trainers.mobile_vit_trainer | Ep [043/500] T-Acc:  62.8%  V-Acc:  53.8%  V-AUROC: 0.5898  LR: 2.00e-04
2026-08-03 18:09:35,033 | [FULL    ] | INFO | full_experiments_using.model_trainers.mobile_vit_trainer | Ep [044/500] T-Acc:  62.9%  V-Acc:  53.7%  V-AUROC: 0.5894  LR: 4.00e-05
2026-08-03 18:10:03,176 | [FULL    ] | INFO | full_experiments_using.model_trainers.mobile_vit_trainer | Ep [045/500] T-Acc:  62.5%  V-Acc:  53.8%  V-AUROC: 0.5882  LR: 4.00e-05
2026-08-03 18:10:31,175 | [FULL    ] | INFO | full_experiments_using.model_trainers.mobile_vit_trainer | Ep [046/500] T-Acc:  62.8%  V-Acc:  53.7%  V-AUROC: 0.5890  LR: 4.00e-05
2026-08-03 18:10:59,229 | [FULL    ] | INFO | full_experiments_using.model_trainers.mobile_vit_trainer | Ep [047/500] T-Acc:  62.0%  V-Acc:  53.4%  V-AUROC: 0.5887  LR: 4.00e-05
2026-08-03 18:11:27,276 | [FULL    ] | INFO | full_experiments_using.model_trainers.mobile_vit_trainer | Ep [048/500] T-Acc:  63.0%  V-Acc:  54.7%  V-AUROC: 0.5912  LR: 4.00e-05
2026-08-03 18:11:55,513 | [FULL    ] | INFO | full_experiments_using.model_trainers.mobile_vit_trainer | Ep [049/500] T-Acc:  62.8%  V-Acc:  54.1%  V-AUROC: 0.5911  LR: 4.00e-05
2026-08-03 18:12:23,698 | [FULL    ] | INFO | full_experiments_using.model_trainers.mobile_vit_trainer | Ep [050/500] T-Acc:  63.5%  V-Acc:  53.8%  V-AUROC: 0.5882  LR: 4.00e-05
2026-08-03 18:12:51,909 | [FULL    ] | INFO | full_experiments_using.model_trainers.mobile_vit_trainer | Ep [051/500] T-Acc:  62.3%  V-Acc:  54.2%  V-AUROC: 0.5896  LR: 4.00e-05
2026-08-03 18:12:51,910 | [FULL    ] | INFO | full_experiments_using.model_trainers.mobile_vit_trainer | Early stop — best AUROC 0.5926 at epoch 21 (no improvement for 30 epochs)
2026-08-03 18:12:51,910 | [FULL    ] | INFO | full_experiments_using.model_trainers.mobile_vit_trainer | Done. Best AUROC: 0.5926 (epoch 21) → /home/oem/choihyunsu/VOGBasedMCIDetection/outputs/checkpoints/run_20260803_091247_full_wvote_artifact30_w0-5-10-10-0-15-30-30_strat_4err/fold_19_best.pth
2026-08-03 18:13:01,271 | [FULL    ] | INFO | full_experiments_using.evaluators.monte_carlo_evaluator | -> Fold 20 Result | Acc=0.818 Sens=0.750 Spec=1.000 AUROC=0.917
2026-08-03 18:13:01,285 | [FULL    ] | INFO | full_experiments_using.evaluators.monte_carlo_evaluator | === Fold 21/30 | train: 25 subj (HC=10 MCI=15) / 3950 win | test: 12 subj (HC=4 MCI=8) / 1765 win ===
2026-08-03 18:13:01,523 | [FULL    ] | INFO | httpx | HTTP Request: HEAD https://huggingface.co/apple/mobilevit-small/resolve/main/config.json "HTTP/1.1 307 Temporary Redirect"
2026-08-03 18:13:01,536 | [FULL    ] | INFO | httpx | HTTP Request: HEAD https://huggingface.co/api/resolve-cache/models/apple/mobilevit-small/6c8612545dc98676d27bc518fa521d9e9af23e34/config.json "HTTP/1.1 200 OK"
2026-08-03 18:13:01,836 | [FULL    ] | INFO | httpx | HTTP Request: HEAD https://huggingface.co/apple/mobilevit-small/resolve/main/model.safetensors "HTTP/1.1 404 Not Found"
2026-08-03 18:13:02,048 | [FULL    ] | INFO | httpx | HTTP Request: HEAD https://huggingface.co/apple/mobilevit-small/resolve/main/model.safetensors.index.json "HTTP/1.1 404 Not Found"
2026-08-03 18:13:02,249 | [FULL    ] | INFO | httpx | HTTP Request: HEAD https://huggingface.co/apple/mobilevit-small/resolve/main/pytorch_model.bin "HTTP/1.1 302 Found"
2026-08-03 18:13:02,453 | [FULL    ] | INFO | httpx | HTTP Request: HEAD https://huggingface.co/apple/mobilevit-small/resolve/main/model.safetensors "HTTP/1.1 404 Not Found"
2026-08-03 18:13:02,736 | [FULL    ] | INFO | httpx | HTTP Request: GET https://huggingface.co/api/models/apple/mobilevit-small "HTTP/1.1 200 OK"
2026-08-03 18:13:03,055 | [FULL    ] | INFO | httpx | HTTP Request: GET https://huggingface.co/api/models/apple/mobilevit-small/commits/main "HTTP/1.1 200 OK"
2026-08-03 18:13:03,278 | [FULL    ] | INFO | httpx | HTTP Request: GET https://huggingface.co/api/models/apple/mobilevit-small/discussions?p=0 "HTTP/1.1 200 OK"
2026-08-03 18:13:03,496 | [FULL    ] | INFO | httpx | HTTP Request: GET https://huggingface.co/api/models/apple/mobilevit-small/commits/refs%2Fpr%2F6 "HTTP/1.1 200 OK"
2026-08-03 18:13:03,707 | [FULL    ] | INFO | httpx | HTTP Request: HEAD https://huggingface.co/apple/mobilevit-small/resolve/refs%2Fpr%2F6/model.safetensors.index.json "HTTP/1.1 404 Not Found"
2026-08-03 18:13:03,916 | [FULL    ] | INFO | httpx | HTTP Request: HEAD https://huggingface.co/apple/mobilevit-small/resolve/refs%2Fpr%2F6/model.safetensors "HTTP/1.1 302 Found"
2026-08-03 18:13:04,613 | [FULL    ] | INFO | full_experiments_using.model_trainers.mobile_vit_trainer | Device: cuda | max_epochs=500 | batch=32 | eval_batch=256 | es_patience=30
2026-08-03 18:13:04,618 | [FULL    ] | INFO | full_experiments_using.model_trainers.mobile_vit_trainer | CE weights — HC: 1.106  MCI: 0.913
2026-08-03 18:13:51,746 | [FULL    ] | INFO | full_experiments_using.model_trainers.mobile_vit_trainer | Ep [001/500] T-Acc:  49.5%  V-Acc:  48.3%  V-AUROC: 0.5199  LR: 2.00e-04
2026-08-03 18:13:51,826 | [FULL    ] | INFO | full_experiments_using.model_trainers.mobile_vit_trainer |   ↳ new best AUROC; saved checkpoint: /home/oem/choihyunsu/VOGBasedMCIDetection/outputs/checkpoints/run_20260803_091247_full_wvote_artifact30_w0-5-10-10-0-15-30-30_strat_4err/fold_20_best.pth
2026-08-03 18:14:20,445 | [FULL    ] | INFO | full_experiments_using.model_trainers.mobile_vit_trainer | Ep [002/500] T-Acc:  50.2%  V-Acc:  49.3%  V-AUROC: 0.5276  LR: 4.00e-04
2026-08-03 18:14:20,569 | [FULL    ] | INFO | full_experiments_using.model_trainers.mobile_vit_trainer |   ↳ new best AUROC; saved checkpoint: /home/oem/choihyunsu/VOGBasedMCIDetection/outputs/checkpoints/run_20260803_091247_full_wvote_artifact30_w0-5-10-10-0-15-30-30_strat_4err/fold_20_best.pth
2026-08-03 18:14:49,184 | [FULL    ] | INFO | full_experiments_using.model_trainers.mobile_vit_trainer | Ep [003/500] T-Acc:  49.5%  V-Acc:  51.1%  V-AUROC: 0.5452  LR: 6.00e-04
2026-08-03 18:14:49,322 | [FULL    ] | INFO | full_experiments_using.model_trainers.mobile_vit_trainer |   ↳ new best AUROC; saved checkpoint: /home/oem/choihyunsu/VOGBasedMCIDetection/outputs/checkpoints/run_20260803_091247_full_wvote_artifact30_w0-5-10-10-0-15-30-30_strat_4err/fold_20_best.pth
2026-08-03 18:15:18,013 | [FULL    ] | INFO | full_experiments_using.model_trainers.mobile_vit_trainer | Ep [004/500] T-Acc:  51.0%  V-Acc:  54.7%  V-AUROC: 0.5619  LR: 8.00e-04
2026-08-03 18:15:18,185 | [FULL    ] | INFO | full_experiments_using.model_trainers.mobile_vit_trainer |   ↳ new best AUROC; saved checkpoint: /home/oem/choihyunsu/VOGBasedMCIDetection/outputs/checkpoints/run_20260803_091247_full_wvote_artifact30_w0-5-10-10-0-15-30-30_strat_4err/fold_20_best.pth
2026-08-03 18:15:46,758 | [FULL    ] | INFO | full_experiments_using.model_trainers.mobile_vit_trainer | Ep [005/500] T-Acc:  53.2%  V-Acc:  53.7%  V-AUROC: 0.5837  LR: 1.00e-03
2026-08-03 18:15:46,878 | [FULL    ] | INFO | full_experiments_using.model_trainers.mobile_vit_trainer |   ↳ new best AUROC; saved checkpoint: /home/oem/choihyunsu/VOGBasedMCIDetection/outputs/checkpoints/run_20260803_091247_full_wvote_artifact30_w0-5-10-10-0-15-30-30_strat_4err/fold_20_best.pth
2026-08-03 18:16:15,334 | [FULL    ] | INFO | full_experiments_using.model_trainers.mobile_vit_trainer | Ep [006/500] T-Acc:  56.0%  V-Acc:  54.4%  V-AUROC: 0.5867  LR: 1.00e-03
2026-08-03 18:16:15,456 | [FULL    ] | INFO | full_experiments_using.model_trainers.mobile_vit_trainer |   ↳ new best AUROC; saved checkpoint: /home/oem/choihyunsu/VOGBasedMCIDetection/outputs/checkpoints/run_20260803_091247_full_wvote_artifact30_w0-5-10-10-0-15-30-30_strat_4err/fold_20_best.pth
2026-08-03 18:16:43,701 | [FULL    ] | INFO | full_experiments_using.model_trainers.mobile_vit_trainer | Ep [007/500] T-Acc:  57.1%  V-Acc:  55.8%  V-AUROC: 0.5910  LR: 1.00e-03
2026-08-03 18:16:43,776 | [FULL    ] | INFO | full_experiments_using.model_trainers.mobile_vit_trainer |   ↳ new best AUROC; saved checkpoint: /home/oem/choihyunsu/VOGBasedMCIDetection/outputs/checkpoints/run_20260803_091247_full_wvote_artifact30_w0-5-10-10-0-15-30-30_strat_4err/fold_20_best.pth
2026-08-03 18:17:12,236 | [FULL    ] | INFO | full_experiments_using.model_trainers.mobile_vit_trainer | Ep [008/500] T-Acc:  55.7%  V-Acc:  56.0%  V-AUROC: 0.5910  LR: 1.00e-03
2026-08-03 18:17:12,354 | [FULL    ] | INFO | full_experiments_using.model_trainers.mobile_vit_trainer |   ↳ new best AUROC; saved checkpoint: /home/oem/choihyunsu/VOGBasedMCIDetection/outputs/checkpoints/run_20260803_091247_full_wvote_artifact30_w0-5-10-10-0-15-30-30_strat_4err/fold_20_best.pth
2026-08-03 18:17:39,079 | [FULL    ] | INFO | full_experiments_using.model_trainers.mobile_vit_trainer | Ep [009/500] T-Acc:  56.4%  V-Acc:  56.3%  V-AUROC: 0.5915  LR: 1.00e-03
2026-08-03 18:17:39,252 | [FULL    ] | INFO | full_experiments_using.model_trainers.mobile_vit_trainer |   ↳ new best AUROC; saved checkpoint: /home/oem/choihyunsu/VOGBasedMCIDetection/outputs/checkpoints/run_20260803_091247_full_wvote_artifact30_w0-5-10-10-0-15-30-30_strat_4err/fold_20_best.pth
2026-08-03 18:18:07,516 | [FULL    ] | INFO | full_experiments_using.model_trainers.mobile_vit_trainer | Ep [010/500] T-Acc:  57.3%  V-Acc:  54.4%  V-AUROC: 0.5873  LR: 1.00e-03
2026-08-03 18:18:34,706 | [FULL    ] | INFO | full_experiments_using.model_trainers.mobile_vit_trainer | Ep [011/500] T-Acc:  57.4%  V-Acc:  55.9%  V-AUROC: 0.5886  LR: 1.00e-03
2026-08-03 18:19:03,148 | [FULL    ] | INFO | full_experiments_using.model_trainers.mobile_vit_trainer | Ep [012/500] T-Acc:  57.2%  V-Acc:  56.2%  V-AUROC: 0.5897  LR: 1.00e-03
2026-08-03 18:19:31,695 | [FULL    ] | INFO | full_experiments_using.model_trainers.mobile_vit_trainer | Ep [013/500] T-Acc:  58.5%  V-Acc:  56.1%  V-AUROC: 0.5869  LR: 1.00e-03
2026-08-03 18:20:00,272 | [FULL    ] | INFO | full_experiments_using.model_trainers.mobile_vit_trainer | Ep [014/500] T-Acc:  58.9%  V-Acc:  55.9%  V-AUROC: 0.5846  LR: 1.00e-03
2026-08-03 18:20:28,816 | [FULL    ] | INFO | full_experiments_using.model_trainers.mobile_vit_trainer | Ep [015/500] T-Acc:  59.6%  V-Acc:  55.4%  V-AUROC: 0.5927  LR: 1.00e-03
2026-08-03 18:20:28,936 | [FULL    ] | INFO | full_experiments_using.model_trainers.mobile_vit_trainer |   ↳ new best AUROC; saved checkpoint: /home/oem/choihyunsu/VOGBasedMCIDetection/outputs/checkpoints/run_20260803_091247_full_wvote_artifact30_w0-5-10-10-0-15-30-30_strat_4err/fold_20_best.pth
2026-08-03 18:20:57,391 | [FULL    ] | INFO | full_experiments_using.model_trainers.mobile_vit_trainer | Ep [016/500] T-Acc:  59.1%  V-Acc:  56.0%  V-AUROC: 0.5913  LR: 1.00e-03
2026-08-03 18:21:25,834 | [FULL    ] | INFO | full_experiments_using.model_trainers.mobile_vit_trainer | Ep [017/500] T-Acc:  59.7%  V-Acc:  57.1%  V-AUROC: 0.5953  LR: 1.00e-03
2026-08-03 18:21:25,989 | [FULL    ] | INFO | full_experiments_using.model_trainers.mobile_vit_trainer |   ↳ new best AUROC; saved checkpoint: /home/oem/choihyunsu/VOGBasedMCIDetection/outputs/checkpoints/run_20260803_091247_full_wvote_artifact30_w0-5-10-10-0-15-30-30_strat_4err/fold_20_best.pth
2026-08-03 18:21:54,797 | [FULL    ] | INFO | full_experiments_using.model_trainers.mobile_vit_trainer | Ep [018/500] T-Acc:  58.8%  V-Acc:  56.6%  V-AUROC: 0.5975  LR: 1.00e-03
2026-08-03 18:21:54,937 | [FULL    ] | INFO | full_experiments_using.model_trainers.mobile_vit_trainer |   ↳ new best AUROC; saved checkpoint: /home/oem/choihyunsu/VOGBasedMCIDetection/outputs/checkpoints/run_20260803_091247_full_wvote_artifact30_w0-5-10-10-0-15-30-30_strat_4err/fold_20_best.pth
2026-08-03 18:22:23,496 | [FULL    ] | INFO | full_experiments_using.model_trainers.mobile_vit_trainer | Ep [019/500] T-Acc:  59.5%  V-Acc:  57.4%  V-AUROC: 0.5942  LR: 1.00e-03
2026-08-03 18:22:52,110 | [FULL    ] | INFO | full_experiments_using.model_trainers.mobile_vit_trainer | Ep [020/500] T-Acc:  60.5%  V-Acc:  56.0%  V-AUROC: 0.5955  LR: 1.00e-03
2026-08-03 18:23:20,655 | [FULL    ] | INFO | full_experiments_using.model_trainers.mobile_vit_trainer | Ep [021/500] T-Acc:  59.3%  V-Acc:  56.0%  V-AUROC: 0.5925  LR: 1.00e-03
2026-08-03 18:23:47,292 | [FULL    ] | INFO | full_experiments_using.model_trainers.mobile_vit_trainer | Ep [022/500] T-Acc:  60.1%  V-Acc:  55.2%  V-AUROC: 0.5862  LR: 1.00e-03
2026-08-03 18:24:13,337 | [FULL    ] | INFO | full_experiments_using.model_trainers.mobile_vit_trainer | Ep [023/500] T-Acc:  60.3%  V-Acc:  55.4%  V-AUROC: 0.5889  LR: 1.00e-03
2026-08-03 18:24:41,900 | [FULL    ] | INFO | full_experiments_using.model_trainers.mobile_vit_trainer | Ep [024/500] T-Acc:  60.6%  V-Acc:  55.8%  V-AUROC: 0.5933  LR: 1.00e-03
2026-08-03 18:25:10,250 | [FULL    ] | INFO | full_experiments_using.model_trainers.mobile_vit_trainer | Ep [025/500] T-Acc:  59.9%  V-Acc:  57.1%  V-AUROC: 0.5945  LR: 1.00e-03
2026-08-03 18:25:38,685 | [FULL    ] | INFO | full_experiments_using.model_trainers.mobile_vit_trainer | Ep [026/500] T-Acc:  60.1%  V-Acc:  56.1%  V-AUROC: 0.5954  LR: 1.00e-03
2026-08-03 18:26:07,115 | [FULL    ] | INFO | full_experiments_using.model_trainers.mobile_vit_trainer | Ep [027/500] T-Acc:  60.4%  V-Acc:  56.7%  V-AUROC: 0.5932  LR: 1.00e-03
2026-08-03 18:26:35,515 | [FULL    ] | INFO | full_experiments_using.model_trainers.mobile_vit_trainer | Ep [028/500] T-Acc:  61.5%  V-Acc:  57.2%  V-AUROC: 0.5921  LR: 1.00e-03
2026-08-03 18:27:04,026 | [FULL    ] | INFO | full_experiments_using.model_trainers.mobile_vit_trainer | Ep [029/500] T-Acc:  62.4%  V-Acc:  55.3%  V-AUROC: 0.5766  LR: 1.00e-03
2026-08-03 18:27:32,587 | [FULL    ] | INFO | full_experiments_using.model_trainers.mobile_vit_trainer | Ep [030/500] T-Acc:  62.0%  V-Acc:  56.5%  V-AUROC: 0.5818  LR: 2.00e-04
2026-08-03 18:28:01,342 | [FULL    ] | INFO | full_experiments_using.model_trainers.mobile_vit_trainer | Ep [031/500] T-Acc:  60.8%  V-Acc:  56.5%  V-AUROC: 0.5851  LR: 2.00e-04
2026-08-03 18:28:30,184 | [FULL    ] | INFO | full_experiments_using.model_trainers.mobile_vit_trainer | Ep [032/500] T-Acc:  61.7%  V-Acc:  55.5%  V-AUROC: 0.5853  LR: 2.00e-04
2026-08-03 18:28:58,642 | [FULL    ] | INFO | full_experiments_using.model_trainers.mobile_vit_trainer | Ep [033/500] T-Acc:  61.5%  V-Acc:  56.7%  V-AUROC: 0.5880  LR: 2.00e-04
2026-08-03 18:29:27,408 | [FULL    ] | INFO | full_experiments_using.model_trainers.mobile_vit_trainer | Ep [034/500] T-Acc:  61.2%  V-Acc:  56.0%  V-AUROC: 0.5863  LR: 2.00e-04
2026-08-03 18:29:55,908 | [FULL    ] | INFO | full_experiments_using.model_trainers.mobile_vit_trainer | Ep [035/500] T-Acc:  61.4%  V-Acc:  55.1%  V-AUROC: 0.5814  LR: 2.00e-04
2026-08-03 18:30:24,524 | [FULL    ] | INFO | full_experiments_using.model_trainers.mobile_vit_trainer | Ep [036/500] T-Acc:  61.7%  V-Acc:  55.4%  V-AUROC: 0.5834  LR: 2.00e-04
2026-08-03 18:30:53,069 | [FULL    ] | INFO | full_experiments_using.model_trainers.mobile_vit_trainer | Ep [037/500] T-Acc:  61.6%  V-Acc:  56.0%  V-AUROC: 0.5861  LR: 2.00e-04
2026-08-03 18:31:20,191 | [FULL    ] | INFO | full_experiments_using.model_trainers.mobile_vit_trainer | Ep [038/500] T-Acc:  61.9%  V-Acc:  55.4%  V-AUROC: 0.5805  LR: 2.00e-04
2026-08-03 18:31:46,488 | [FULL    ] | INFO | full_experiments_using.model_trainers.mobile_vit_trainer | Ep [039/500] T-Acc:  61.6%  V-Acc:  55.8%  V-AUROC: 0.5856  LR: 2.00e-04
2026-08-03 18:32:14,882 | [FULL    ] | INFO | full_experiments_using.model_trainers.mobile_vit_trainer | Ep [040/500] T-Acc:  62.4%  V-Acc:  55.4%  V-AUROC: 0.5807  LR: 2.00e-04
2026-08-03 18:32:43,050 | [FULL    ] | INFO | full_experiments_using.model_trainers.mobile_vit_trainer | Ep [041/500] T-Acc:  61.9%  V-Acc:  56.3%  V-AUROC: 0.5822  LR: 4.00e-05
2026-08-03 18:33:11,509 | [FULL    ] | INFO | full_experiments_using.model_trainers.mobile_vit_trainer | Ep [042/500] T-Acc:  61.7%  V-Acc:  56.2%  V-AUROC: 0.5884  LR: 4.00e-05
2026-08-03 18:33:39,925 | [FULL    ] | INFO | full_experiments_using.model_trainers.mobile_vit_trainer | Ep [043/500] T-Acc:  62.0%  V-Acc:  55.6%  V-AUROC: 0.5809  LR: 4.00e-05
2026-08-03 18:34:08,343 | [FULL    ] | INFO | full_experiments_using.model_trainers.mobile_vit_trainer | Ep [044/500] T-Acc:  62.8%  V-Acc:  56.5%  V-AUROC: 0.5859  LR: 4.00e-05
2026-08-03 18:34:36,718 | [FULL    ] | INFO | full_experiments_using.model_trainers.mobile_vit_trainer | Ep [045/500] T-Acc:  62.3%  V-Acc:  56.5%  V-AUROC: 0.5870  LR: 4.00e-05
2026-08-03 18:35:05,266 | [FULL    ] | INFO | full_experiments_using.model_trainers.mobile_vit_trainer | Ep [046/500] T-Acc:  62.2%  V-Acc:  55.5%  V-AUROC: 0.5802  LR: 4.00e-05
2026-08-03 18:35:33,861 | [FULL    ] | INFO | full_experiments_using.model_trainers.mobile_vit_trainer | Ep [047/500] T-Acc:  62.9%  V-Acc:  55.5%  V-AUROC: 0.5806  LR: 4.00e-05
2026-08-03 18:36:02,568 | [FULL    ] | INFO | full_experiments_using.model_trainers.mobile_vit_trainer | Ep [048/500] T-Acc:  63.3%  V-Acc:  55.4%  V-AUROC: 0.5814  LR: 4.00e-05
2026-08-03 18:36:02,569 | [FULL    ] | INFO | full_experiments_using.model_trainers.mobile_vit_trainer | Early stop — best AUROC 0.5975 at epoch 18 (no improvement for 30 epochs)
2026-08-03 18:36:02,569 | [FULL    ] | INFO | full_experiments_using.model_trainers.mobile_vit_trainer | Done. Best AUROC: 0.5975 (epoch 18) → /home/oem/choihyunsu/VOGBasedMCIDetection/outputs/checkpoints/run_20260803_091247_full_wvote_artifact30_w0-5-10-10-0-15-30-30_strat_4err/fold_20_best.pth
2026-08-03 18:36:13,089 | [FULL    ] | INFO | full_experiments_using.evaluators.monte_carlo_evaluator | -> Fold 21 Result | Acc=0.800 Sens=0.857 Spec=0.667 AUROC=0.714
2026-08-03 18:36:13,103 | [FULL    ] | INFO | full_experiments_using.evaluators.monte_carlo_evaluator | === Fold 22/30 | train: 25 subj (HC=10 MCI=15) / 3905 win | test: 12 subj (HC=4 MCI=8) / 1810 win ===
2026-08-03 18:36:13,351 | [FULL    ] | INFO | httpx | HTTP Request: HEAD https://huggingface.co/apple/mobilevit-small/resolve/main/config.json "HTTP/1.1 307 Temporary Redirect"
2026-08-03 18:36:13,370 | [FULL    ] | INFO | httpx | HTTP Request: HEAD https://huggingface.co/api/resolve-cache/models/apple/mobilevit-small/6c8612545dc98676d27bc518fa521d9e9af23e34/config.json "HTTP/1.1 200 OK"
2026-08-03 18:36:13,669 | [FULL    ] | INFO | httpx | HTTP Request: HEAD https://huggingface.co/apple/mobilevit-small/resolve/main/model.safetensors "HTTP/1.1 404 Not Found"
2026-08-03 18:36:13,882 | [FULL    ] | INFO | httpx | HTTP Request: HEAD https://huggingface.co/apple/mobilevit-small/resolve/main/model.safetensors.index.json "HTTP/1.1 404 Not Found"
2026-08-03 18:36:14,097 | [FULL    ] | INFO | httpx | HTTP Request: HEAD https://huggingface.co/apple/mobilevit-small/resolve/main/pytorch_model.bin "HTTP/1.1 302 Found"
2026-08-03 18:36:14,305 | [FULL    ] | INFO | httpx | HTTP Request: HEAD https://huggingface.co/apple/mobilevit-small/resolve/main/model.safetensors "HTTP/1.1 404 Not Found"
2026-08-03 18:36:14,515 | [FULL    ] | INFO | httpx | HTTP Request: GET https://huggingface.co/api/models/apple/mobilevit-small "HTTP/1.1 200 OK"
2026-08-03 18:36:14,734 | [FULL    ] | INFO | httpx | HTTP Request: GET https://huggingface.co/api/models/apple/mobilevit-small/commits/main "HTTP/1.1 200 OK"
2026-08-03 18:36:14,980 | [FULL    ] | INFO | httpx | HTTP Request: GET https://huggingface.co/api/models/apple/mobilevit-small/discussions?p=0 "HTTP/1.1 200 OK"
2026-08-03 18:36:15,214 | [FULL    ] | INFO | httpx | HTTP Request: GET https://huggingface.co/api/models/apple/mobilevit-small/commits/refs%2Fpr%2F6 "HTTP/1.1 200 OK"
2026-08-03 18:36:15,431 | [FULL    ] | INFO | httpx | HTTP Request: HEAD https://huggingface.co/apple/mobilevit-small/resolve/refs%2Fpr%2F6/model.safetensors.index.json "HTTP/1.1 404 Not Found"
2026-08-03 18:36:15,648 | [FULL    ] | INFO | httpx | HTTP Request: HEAD https://huggingface.co/apple/mobilevit-small/resolve/refs%2Fpr%2F6/model.safetensors "HTTP/1.1 302 Found"
2026-08-03 18:36:16,387 | [FULL    ] | INFO | full_experiments_using.model_trainers.mobile_vit_trainer | Device: cuda | max_epochs=500 | batch=32 | eval_batch=256 | es_patience=30
2026-08-03 18:36:16,398 | [FULL    ] | INFO | full_experiments_using.model_trainers.mobile_vit_trainer | CE weights — HC: 1.088  MCI: 0.925
2026-08-03 18:36:52,998 | [FULL    ] | INFO | full_experiments_using.model_trainers.mobile_vit_trainer | Ep [001/500] T-Acc:  49.8%  V-Acc:  47.5%  V-AUROC: 0.5310  LR: 2.00e-04
2026-08-03 18:36:53,090 | [FULL    ] | INFO | full_experiments_using.model_trainers.mobile_vit_trainer |   ↳ new best AUROC; saved checkpoint: /home/oem/choihyunsu/VOGBasedMCIDetection/outputs/checkpoints/run_20260803_091247_full_wvote_artifact30_w0-5-10-10-0-15-30-30_strat_4err/fold_21_best.pth
2026-08-03 18:37:21,438 | [FULL    ] | INFO | full_experiments_using.model_trainers.mobile_vit_trainer | Ep [002/500] T-Acc:  49.7%  V-Acc:  48.3%  V-AUROC: 0.5393  LR: 4.00e-04
2026-08-03 18:37:21,581 | [FULL    ] | INFO | full_experiments_using.model_trainers.mobile_vit_trainer |   ↳ new best AUROC; saved checkpoint: /home/oem/choihyunsu/VOGBasedMCIDetection/outputs/checkpoints/run_20260803_091247_full_wvote_artifact30_w0-5-10-10-0-15-30-30_strat_4err/fold_21_best.pth
2026-08-03 18:37:49,991 | [FULL    ] | INFO | full_experiments_using.model_trainers.mobile_vit_trainer | Ep [003/500] T-Acc:  50.6%  V-Acc:  49.8%  V-AUROC: 0.5605  LR: 6.00e-04
2026-08-03 18:37:50,209 | [FULL    ] | INFO | full_experiments_using.model_trainers.mobile_vit_trainer |   ↳ new best AUROC; saved checkpoint: /home/oem/choihyunsu/VOGBasedMCIDetection/outputs/checkpoints/run_20260803_091247_full_wvote_artifact30_w0-5-10-10-0-15-30-30_strat_4err/fold_21_best.pth
2026-08-03 18:38:18,952 | [FULL    ] | INFO | full_experiments_using.model_trainers.mobile_vit_trainer | Ep [004/500] T-Acc:  51.5%  V-Acc:  51.5%  V-AUROC: 0.5663  LR: 8.00e-04
2026-08-03 18:38:19,092 | [FULL    ] | INFO | full_experiments_using.model_trainers.mobile_vit_trainer |   ↳ new best AUROC; saved checkpoint: /home/oem/choihyunsu/VOGBasedMCIDetection/outputs/checkpoints/run_20260803_091247_full_wvote_artifact30_w0-5-10-10-0-15-30-30_strat_4err/fold_21_best.pth
2026-08-03 18:38:47,724 | [FULL    ] | INFO | full_experiments_using.model_trainers.mobile_vit_trainer | Ep [005/500] T-Acc:  52.6%  V-Acc:  53.0%  V-AUROC: 0.5720  LR: 1.00e-03
2026-08-03 18:38:47,938 | [FULL    ] | INFO | full_experiments_using.model_trainers.mobile_vit_trainer |   ↳ new best AUROC; saved checkpoint: /home/oem/choihyunsu/VOGBasedMCIDetection/outputs/checkpoints/run_20260803_091247_full_wvote_artifact30_w0-5-10-10-0-15-30-30_strat_4err/fold_21_best.pth
2026-08-03 18:39:16,421 | [FULL    ] | INFO | full_experiments_using.model_trainers.mobile_vit_trainer | Ep [006/500] T-Acc:  52.7%  V-Acc:  55.8%  V-AUROC: 0.5880  LR: 1.00e-03
2026-08-03 18:39:16,540 | [FULL    ] | INFO | full_experiments_using.model_trainers.mobile_vit_trainer |   ↳ new best AUROC; saved checkpoint: /home/oem/choihyunsu/VOGBasedMCIDetection/outputs/checkpoints/run_20260803_091247_full_wvote_artifact30_w0-5-10-10-0-15-30-30_strat_4err/fold_21_best.pth
2026-08-03 18:39:45,105 | [FULL    ] | INFO | full_experiments_using.model_trainers.mobile_vit_trainer | Ep [007/500] T-Acc:  52.8%  V-Acc:  55.9%  V-AUROC: 0.5934  LR: 1.00e-03
2026-08-03 18:39:45,293 | [FULL    ] | INFO | full_experiments_using.model_trainers.mobile_vit_trainer |   ↳ new best AUROC; saved checkpoint: /home/oem/choihyunsu/VOGBasedMCIDetection/outputs/checkpoints/run_20260803_091247_full_wvote_artifact30_w0-5-10-10-0-15-30-30_strat_4err/fold_21_best.pth
2026-08-03 18:40:12,104 | [FULL    ] | INFO | full_experiments_using.model_trainers.mobile_vit_trainer | Ep [008/500] T-Acc:  54.5%  V-Acc:  56.3%  V-AUROC: 0.5979  LR: 1.00e-03
2026-08-03 18:40:12,307 | [FULL    ] | INFO | full_experiments_using.model_trainers.mobile_vit_trainer |   ↳ new best AUROC; saved checkpoint: /home/oem/choihyunsu/VOGBasedMCIDetection/outputs/checkpoints/run_20260803_091247_full_wvote_artifact30_w0-5-10-10-0-15-30-30_strat_4err/fold_21_best.pth
2026-08-03 18:40:40,686 | [FULL    ] | INFO | full_experiments_using.model_trainers.mobile_vit_trainer | Ep [009/500] T-Acc:  54.3%  V-Acc:  55.6%  V-AUROC: 0.6014  LR: 1.00e-03
2026-08-03 18:40:40,807 | [FULL    ] | INFO | full_experiments_using.model_trainers.mobile_vit_trainer |   ↳ new best AUROC; saved checkpoint: /home/oem/choihyunsu/VOGBasedMCIDetection/outputs/checkpoints/run_20260803_091247_full_wvote_artifact30_w0-5-10-10-0-15-30-30_strat_4err/fold_21_best.pth
2026-08-03 18:41:07,516 | [FULL    ] | INFO | full_experiments_using.model_trainers.mobile_vit_trainer | Ep [010/500] T-Acc:  55.7%  V-Acc:  56.4%  V-AUROC: 0.6076  LR: 1.00e-03
2026-08-03 18:41:07,726 | [FULL    ] | INFO | full_experiments_using.model_trainers.mobile_vit_trainer |   ↳ new best AUROC; saved checkpoint: /home/oem/choihyunsu/VOGBasedMCIDetection/outputs/checkpoints/run_20260803_091247_full_wvote_artifact30_w0-5-10-10-0-15-30-30_strat_4err/fold_21_best.pth
2026-08-03 18:41:36,036 | [FULL    ] | INFO | full_experiments_using.model_trainers.mobile_vit_trainer | Ep [011/500] T-Acc:  55.3%  V-Acc:  58.1%  V-AUROC: 0.6093  LR: 1.00e-03
2026-08-03 18:41:36,222 | [FULL    ] | INFO | full_experiments_using.model_trainers.mobile_vit_trainer |   ↳ new best AUROC; saved checkpoint: /home/oem/choihyunsu/VOGBasedMCIDetection/outputs/checkpoints/run_20260803_091247_full_wvote_artifact30_w0-5-10-10-0-15-30-30_strat_4err/fold_21_best.pth
2026-08-03 18:42:04,820 | [FULL    ] | INFO | full_experiments_using.model_trainers.mobile_vit_trainer | Ep [012/500] T-Acc:  56.0%  V-Acc:  57.9%  V-AUROC: 0.6195  LR: 1.00e-03
2026-08-03 18:42:05,052 | [FULL    ] | INFO | full_experiments_using.model_trainers.mobile_vit_trainer |   ↳ new best AUROC; saved checkpoint: /home/oem/choihyunsu/VOGBasedMCIDetection/outputs/checkpoints/run_20260803_091247_full_wvote_artifact30_w0-5-10-10-0-15-30-30_strat_4err/fold_21_best.pth
2026-08-03 18:42:33,368 | [FULL    ] | INFO | full_experiments_using.model_trainers.mobile_vit_trainer | Ep [013/500] T-Acc:  55.8%  V-Acc:  56.7%  V-AUROC: 0.6216  LR: 1.00e-03
2026-08-03 18:42:33,545 | [FULL    ] | INFO | full_experiments_using.model_trainers.mobile_vit_trainer |   ↳ new best AUROC; saved checkpoint: /home/oem/choihyunsu/VOGBasedMCIDetection/outputs/checkpoints/run_20260803_091247_full_wvote_artifact30_w0-5-10-10-0-15-30-30_strat_4err/fold_21_best.pth
2026-08-03 18:43:02,295 | [FULL    ] | INFO | full_experiments_using.model_trainers.mobile_vit_trainer | Ep [014/500] T-Acc:  56.2%  V-Acc:  57.3%  V-AUROC: 0.6167  LR: 1.00e-03
2026-08-03 18:43:30,571 | [FULL    ] | INFO | full_experiments_using.model_trainers.mobile_vit_trainer | Ep [015/500] T-Acc:  56.4%  V-Acc:  57.6%  V-AUROC: 0.6193  LR: 1.00e-03
2026-08-03 18:43:58,914 | [FULL    ] | INFO | full_experiments_using.model_trainers.mobile_vit_trainer | Ep [016/500] T-Acc:  57.0%  V-Acc:  56.4%  V-AUROC: 0.6236  LR: 1.00e-03
2026-08-03 18:43:59,109 | [FULL    ] | INFO | full_experiments_using.model_trainers.mobile_vit_trainer |   ↳ new best AUROC; saved checkpoint: /home/oem/choihyunsu/VOGBasedMCIDetection/outputs/checkpoints/run_20260803_091247_full_wvote_artifact30_w0-5-10-10-0-15-30-30_strat_4err/fold_21_best.pth
2026-08-03 18:44:27,544 | [FULL    ] | INFO | full_experiments_using.model_trainers.mobile_vit_trainer | Ep [017/500] T-Acc:  56.3%  V-Acc:  58.2%  V-AUROC: 0.6222  LR: 1.00e-03
2026-08-03 18:44:55,957 | [FULL    ] | INFO | full_experiments_using.model_trainers.mobile_vit_trainer | Ep [018/500] T-Acc:  56.3%  V-Acc:  58.8%  V-AUROC: 0.6408  LR: 1.00e-03
2026-08-03 18:44:56,196 | [FULL    ] | INFO | full_experiments_using.model_trainers.mobile_vit_trainer |   ↳ new best AUROC; saved checkpoint: /home/oem/choihyunsu/VOGBasedMCIDetection/outputs/checkpoints/run_20260803_091247_full_wvote_artifact30_w0-5-10-10-0-15-30-30_strat_4err/fold_21_best.pth
2026-08-03 18:45:24,973 | [FULL    ] | INFO | full_experiments_using.model_trainers.mobile_vit_trainer | Ep [019/500] T-Acc:  57.2%  V-Acc:  59.1%  V-AUROC: 0.6340  LR: 1.00e-03
2026-08-03 18:45:53,224 | [FULL    ] | INFO | full_experiments_using.model_trainers.mobile_vit_trainer | Ep [020/500] T-Acc:  57.8%  V-Acc:  60.1%  V-AUROC: 0.6430  LR: 1.00e-03
2026-08-03 18:45:53,419 | [FULL    ] | INFO | full_experiments_using.model_trainers.mobile_vit_trainer |   ↳ new best AUROC; saved checkpoint: /home/oem/choihyunsu/VOGBasedMCIDetection/outputs/checkpoints/run_20260803_091247_full_wvote_artifact30_w0-5-10-10-0-15-30-30_strat_4err/fold_21_best.pth
2026-08-03 18:46:22,011 | [FULL    ] | INFO | full_experiments_using.model_trainers.mobile_vit_trainer | Ep [021/500] T-Acc:  57.3%  V-Acc:  58.4%  V-AUROC: 0.6288  LR: 1.00e-03
2026-08-03 18:46:50,629 | [FULL    ] | INFO | full_experiments_using.model_trainers.mobile_vit_trainer | Ep [022/500] T-Acc:  56.4%  V-Acc:  59.0%  V-AUROC: 0.6360  LR: 1.00e-03
2026-08-03 18:47:19,133 | [FULL    ] | INFO | full_experiments_using.model_trainers.mobile_vit_trainer | Ep [023/500] T-Acc:  57.6%  V-Acc:  59.8%  V-AUROC: 0.6393  LR: 1.00e-03
2026-08-03 18:47:45,607 | [FULL    ] | INFO | full_experiments_using.model_trainers.mobile_vit_trainer | Ep [024/500] T-Acc:  58.6%  V-Acc:  58.3%  V-AUROC: 0.6355  LR: 1.00e-03
2026-08-03 18:48:13,002 | [FULL    ] | INFO | full_experiments_using.model_trainers.mobile_vit_trainer | Ep [025/500] T-Acc:  57.5%  V-Acc:  59.4%  V-AUROC: 0.6390  LR: 1.00e-03
2026-08-03 18:48:41,041 | [FULL    ] | INFO | full_experiments_using.model_trainers.mobile_vit_trainer | Ep [026/500] T-Acc:  57.8%  V-Acc:  59.6%  V-AUROC: 0.6433  LR: 1.00e-03
2026-08-03 18:48:41,206 | [FULL    ] | INFO | full_experiments_using.model_trainers.mobile_vit_trainer |   ↳ new best AUROC; saved checkpoint: /home/oem/choihyunsu/VOGBasedMCIDetection/outputs/checkpoints/run_20260803_091247_full_wvote_artifact30_w0-5-10-10-0-15-30-30_strat_4err/fold_21_best.pth
2026-08-03 18:49:09,689 | [FULL    ] | INFO | full_experiments_using.model_trainers.mobile_vit_trainer | Ep [027/500] T-Acc:  58.3%  V-Acc:  59.6%  V-AUROC: 0.6433  LR: 1.00e-03
2026-08-03 18:49:09,834 | [FULL    ] | INFO | full_experiments_using.model_trainers.mobile_vit_trainer |   ↳ new best AUROC; saved checkpoint: /home/oem/choihyunsu/VOGBasedMCIDetection/outputs/checkpoints/run_20260803_091247_full_wvote_artifact30_w0-5-10-10-0-15-30-30_strat_4err/fold_21_best.pth
2026-08-03 18:49:38,461 | [FULL    ] | INFO | full_experiments_using.model_trainers.mobile_vit_trainer | Ep [028/500] T-Acc:  58.3%  V-Acc:  60.2%  V-AUROC: 0.6495  LR: 1.00e-03
2026-08-03 18:49:38,677 | [FULL    ] | INFO | full_experiments_using.model_trainers.mobile_vit_trainer |   ↳ new best AUROC; saved checkpoint: /home/oem/choihyunsu/VOGBasedMCIDetection/outputs/checkpoints/run_20260803_091247_full_wvote_artifact30_w0-5-10-10-0-15-30-30_strat_4err/fold_21_best.pth
2026-08-03 18:50:07,150 | [FULL    ] | INFO | full_experiments_using.model_trainers.mobile_vit_trainer | Ep [029/500] T-Acc:  57.8%  V-Acc:  60.2%  V-AUROC: 0.6498  LR: 1.00e-03
2026-08-03 18:50:07,300 | [FULL    ] | INFO | full_experiments_using.model_trainers.mobile_vit_trainer |   ↳ new best AUROC; saved checkpoint: /home/oem/choihyunsu/VOGBasedMCIDetection/outputs/checkpoints/run_20260803_091247_full_wvote_artifact30_w0-5-10-10-0-15-30-30_strat_4err/fold_21_best.pth
2026-08-03 18:50:35,672 | [FULL    ] | INFO | full_experiments_using.model_trainers.mobile_vit_trainer | Ep [030/500] T-Acc:  59.7%  V-Acc:  61.1%  V-AUROC: 0.6512  LR: 1.00e-03
2026-08-03 18:50:35,803 | [FULL    ] | INFO | full_experiments_using.model_trainers.mobile_vit_trainer |   ↳ new best AUROC; saved checkpoint: /home/oem/choihyunsu/VOGBasedMCIDetection/outputs/checkpoints/run_20260803_091247_full_wvote_artifact30_w0-5-10-10-0-15-30-30_strat_4err/fold_21_best.pth
2026-08-03 18:51:04,235 | [FULL    ] | INFO | full_experiments_using.model_trainers.mobile_vit_trainer | Ep [031/500] T-Acc:  59.4%  V-Acc:  58.1%  V-AUROC: 0.6443  LR: 1.00e-03
2026-08-03 18:51:32,911 | [FULL    ] | INFO | full_experiments_using.model_trainers.mobile_vit_trainer | Ep [032/500] T-Acc:  58.9%  V-Acc:  59.6%  V-AUROC: 0.6498  LR: 1.00e-03
2026-08-03 18:52:01,153 | [FULL    ] | INFO | full_experiments_using.model_trainers.mobile_vit_trainer | Ep [033/500] T-Acc:  58.9%  V-Acc:  60.2%  V-AUROC: 0.6513  LR: 1.00e-03
2026-08-03 18:52:01,297 | [FULL    ] | INFO | full_experiments_using.model_trainers.mobile_vit_trainer |   ↳ new best AUROC; saved checkpoint: /home/oem/choihyunsu/VOGBasedMCIDetection/outputs/checkpoints/run_20260803_091247_full_wvote_artifact30_w0-5-10-10-0-15-30-30_strat_4err/fold_21_best.pth
2026-08-03 18:52:29,740 | [FULL    ] | INFO | full_experiments_using.model_trainers.mobile_vit_trainer | Ep [034/500] T-Acc:  59.6%  V-Acc:  59.7%  V-AUROC: 0.6495  LR: 1.00e-03
2026-08-03 18:52:58,264 | [FULL    ] | INFO | full_experiments_using.model_trainers.mobile_vit_trainer | Ep [035/500] T-Acc:  60.0%  V-Acc:  58.6%  V-AUROC: 0.6406  LR: 1.00e-03
2026-08-03 18:53:26,873 | [FULL    ] | INFO | full_experiments_using.model_trainers.mobile_vit_trainer | Ep [036/500] T-Acc:  59.9%  V-Acc:  60.1%  V-AUROC: 0.6527  LR: 1.00e-03
2026-08-03 18:53:26,993 | [FULL    ] | INFO | full_experiments_using.model_trainers.mobile_vit_trainer |   ↳ new best AUROC; saved checkpoint: /home/oem/choihyunsu/VOGBasedMCIDetection/outputs/checkpoints/run_20260803_091247_full_wvote_artifact30_w0-5-10-10-0-15-30-30_strat_4err/fold_21_best.pth
2026-08-03 18:53:55,444 | [FULL    ] | INFO | full_experiments_using.model_trainers.mobile_vit_trainer | Ep [037/500] T-Acc:  59.7%  V-Acc:  58.9%  V-AUROC: 0.6404  LR: 1.00e-03
2026-08-03 18:54:24,027 | [FULL    ] | INFO | full_experiments_using.model_trainers.mobile_vit_trainer | Ep [038/500] T-Acc:  59.8%  V-Acc:  61.7%  V-AUROC: 0.6551  LR: 1.00e-03
2026-08-03 18:54:24,209 | [FULL    ] | INFO | full_experiments_using.model_trainers.mobile_vit_trainer |   ↳ new best AUROC; saved checkpoint: /home/oem/choihyunsu/VOGBasedMCIDetection/outputs/checkpoints/run_20260803_091247_full_wvote_artifact30_w0-5-10-10-0-15-30-30_strat_4err/fold_21_best.pth
2026-08-03 18:54:52,456 | [FULL    ] | INFO | full_experiments_using.model_trainers.mobile_vit_trainer | Ep [039/500] T-Acc:  59.3%  V-Acc:  61.0%  V-AUROC: 0.6509  LR: 1.00e-03
2026-08-03 18:55:21,138 | [FULL    ] | INFO | full_experiments_using.model_trainers.mobile_vit_trainer | Ep [040/500] T-Acc:  59.5%  V-Acc:  60.1%  V-AUROC: 0.6480  LR: 1.00e-03
2026-08-03 18:55:49,689 | [FULL    ] | INFO | full_experiments_using.model_trainers.mobile_vit_trainer | Ep [041/500] T-Acc:  60.3%  V-Acc:  61.4%  V-AUROC: 0.6585  LR: 1.00e-03
2026-08-03 18:55:49,813 | [FULL    ] | INFO | full_experiments_using.model_trainers.mobile_vit_trainer |   ↳ new best AUROC; saved checkpoint: /home/oem/choihyunsu/VOGBasedMCIDetection/outputs/checkpoints/run_20260803_091247_full_wvote_artifact30_w0-5-10-10-0-15-30-30_strat_4err/fold_21_best.pth
2026-08-03 18:56:18,259 | [FULL    ] | INFO | full_experiments_using.model_trainers.mobile_vit_trainer | Ep [042/500] T-Acc:  60.0%  V-Acc:  59.3%  V-AUROC: 0.6372  LR: 1.00e-03
2026-08-03 18:56:46,632 | [FULL    ] | INFO | full_experiments_using.model_trainers.mobile_vit_trainer | Ep [043/500] T-Acc:  59.3%  V-Acc:  59.3%  V-AUROC: 0.6446  LR: 1.00e-03
2026-08-03 18:57:15,123 | [FULL    ] | INFO | full_experiments_using.model_trainers.mobile_vit_trainer | Ep [044/500] T-Acc:  59.2%  V-Acc:  59.6%  V-AUROC: 0.6538  LR: 1.00e-03
2026-08-03 18:57:43,751 | [FULL    ] | INFO | full_experiments_using.model_trainers.mobile_vit_trainer | Ep [045/500] T-Acc:  59.3%  V-Acc:  60.9%  V-AUROC: 0.6553  LR: 1.00e-03
2026-08-03 18:58:12,246 | [FULL    ] | INFO | full_experiments_using.model_trainers.mobile_vit_trainer | Ep [046/500] T-Acc:  60.9%  V-Acc:  60.1%  V-AUROC: 0.6511  LR: 1.00e-03
2026-08-03 18:58:40,655 | [FULL    ] | INFO | full_experiments_using.model_trainers.mobile_vit_trainer | Ep [047/500] T-Acc:  60.4%  V-Acc:  60.9%  V-AUROC: 0.6583  LR: 1.00e-03
2026-08-03 18:59:09,141 | [FULL    ] | INFO | full_experiments_using.model_trainers.mobile_vit_trainer | Ep [048/500] T-Acc:  60.6%  V-Acc:  60.1%  V-AUROC: 0.6450  LR: 1.00e-03
2026-08-03 18:59:37,763 | [FULL    ] | INFO | full_experiments_using.model_trainers.mobile_vit_trainer | Ep [049/500] T-Acc:  60.9%  V-Acc:  60.6%  V-AUROC: 0.6500  LR: 1.00e-03
2026-08-03 19:00:06,374 | [FULL    ] | INFO | full_experiments_using.model_trainers.mobile_vit_trainer | Ep [050/500] T-Acc:  60.5%  V-Acc:  61.2%  V-AUROC: 0.6481  LR: 1.00e-03
2026-08-03 19:00:34,936 | [FULL    ] | INFO | full_experiments_using.model_trainers.mobile_vit_trainer | Ep [051/500] T-Acc:  60.1%  V-Acc:  60.7%  V-AUROC: 0.6450  LR: 1.00e-03
2026-08-03 19:01:03,662 | [FULL    ] | INFO | full_experiments_using.model_trainers.mobile_vit_trainer | Ep [052/500] T-Acc:  60.6%  V-Acc:  59.0%  V-AUROC: 0.6482  LR: 1.00e-03
2026-08-03 19:01:32,306 | [FULL    ] | INFO | full_experiments_using.model_trainers.mobile_vit_trainer | Ep [053/500] T-Acc:  60.4%  V-Acc:  59.2%  V-AUROC: 0.6518  LR: 2.00e-04
2026-08-03 19:02:00,956 | [FULL    ] | INFO | full_experiments_using.model_trainers.mobile_vit_trainer | Ep [054/500] T-Acc:  61.2%  V-Acc:  60.4%  V-AUROC: 0.6516  LR: 2.00e-04
2026-08-03 19:02:29,286 | [FULL    ] | INFO | full_experiments_using.model_trainers.mobile_vit_trainer | Ep [055/500] T-Acc:  60.9%  V-Acc:  60.3%  V-AUROC: 0.6518  LR: 2.00e-04
2026-08-03 19:02:57,837 | [FULL    ] | INFO | full_experiments_using.model_trainers.mobile_vit_trainer | Ep [056/500] T-Acc:  60.7%  V-Acc:  60.0%  V-AUROC: 0.6547  LR: 2.00e-04
2026-08-03 19:03:26,404 | [FULL    ] | INFO | full_experiments_using.model_trainers.mobile_vit_trainer | Ep [057/500] T-Acc:  59.9%  V-Acc:  60.4%  V-AUROC: 0.6529  LR: 2.00e-04
2026-08-03 19:03:54,966 | [FULL    ] | INFO | full_experiments_using.model_trainers.mobile_vit_trainer | Ep [058/500] T-Acc:  60.7%  V-Acc:  60.2%  V-AUROC: 0.6549  LR: 2.00e-04
2026-08-03 19:04:23,636 | [FULL    ] | INFO | full_experiments_using.model_trainers.mobile_vit_trainer | Ep [059/500] T-Acc:  61.5%  V-Acc:  59.7%  V-AUROC: 0.6559  LR: 2.00e-04
2026-08-03 19:04:52,233 | [FULL    ] | INFO | full_experiments_using.model_trainers.mobile_vit_trainer | Ep [060/500] T-Acc:  60.9%  V-Acc:  60.1%  V-AUROC: 0.6532  LR: 2.00e-04
2026-08-03 19:05:20,871 | [FULL    ] | INFO | full_experiments_using.model_trainers.mobile_vit_trainer | Ep [061/500] T-Acc:  60.8%  V-Acc:  60.8%  V-AUROC: 0.6524  LR: 2.00e-04
2026-08-03 19:05:49,401 | [FULL    ] | INFO | full_experiments_using.model_trainers.mobile_vit_trainer | Ep [062/500] T-Acc:  61.9%  V-Acc:  60.1%  V-AUROC: 0.6543  LR: 2.00e-04
2026-08-03 19:06:17,871 | [FULL    ] | INFO | full_experiments_using.model_trainers.mobile_vit_trainer | Ep [063/500] T-Acc:  60.3%  V-Acc:  60.2%  V-AUROC: 0.6544  LR: 2.00e-04
2026-08-03 19:06:46,155 | [FULL    ] | INFO | full_experiments_using.model_trainers.mobile_vit_trainer | Ep [064/500] T-Acc:  61.2%  V-Acc:  59.6%  V-AUROC: 0.6557  LR: 4.00e-05
2026-08-03 19:07:14,704 | [FULL    ] | INFO | full_experiments_using.model_trainers.mobile_vit_trainer | Ep [065/500] T-Acc:  61.1%  V-Acc:  60.5%  V-AUROC: 0.6562  LR: 4.00e-05
2026-08-03 19:07:43,260 | [FULL    ] | INFO | full_experiments_using.model_trainers.mobile_vit_trainer | Ep [066/500] T-Acc:  61.6%  V-Acc:  60.4%  V-AUROC: 0.6538  LR: 4.00e-05
2026-08-03 19:08:11,884 | [FULL    ] | INFO | full_experiments_using.model_trainers.mobile_vit_trainer | Ep [067/500] T-Acc:  61.1%  V-Acc:  60.1%  V-AUROC: 0.6547  LR: 4.00e-05
2026-08-03 19:08:40,599 | [FULL    ] | INFO | full_experiments_using.model_trainers.mobile_vit_trainer | Ep [068/500] T-Acc:  61.0%  V-Acc:  60.8%  V-AUROC: 0.6547  LR: 4.00e-05
2026-08-03 19:09:07,096 | [FULL    ] | INFO | full_experiments_using.model_trainers.mobile_vit_trainer | Ep [069/500] T-Acc:  59.6%  V-Acc:  59.6%  V-AUROC: 0.6550  LR: 4.00e-05
2026-08-03 19:09:35,420 | [FULL    ] | INFO | full_experiments_using.model_trainers.mobile_vit_trainer | Ep [070/500] T-Acc:  61.3%  V-Acc:  59.4%  V-AUROC: 0.6566  LR: 4.00e-05
2026-08-03 19:10:02,548 | [FULL    ] | INFO | full_experiments_using.model_trainers.mobile_vit_trainer | Ep [071/500] T-Acc:  61.1%  V-Acc:  59.6%  V-AUROC: 0.6555  LR: 4.00e-05
2026-08-03 19:10:02,548 | [FULL    ] | INFO | full_experiments_using.model_trainers.mobile_vit_trainer | Early stop — best AUROC 0.6585 at epoch 41 (no improvement for 30 epochs)
2026-08-03 19:10:02,548 | [FULL    ] | INFO | full_experiments_using.model_trainers.mobile_vit_trainer | Done. Best AUROC: 0.6585 (epoch 41) → /home/oem/choihyunsu/VOGBasedMCIDetection/outputs/checkpoints/run_20260803_091247_full_wvote_artifact30_w0-5-10-10-0-15-30-30_strat_4err/fold_21_best.pth
2026-08-03 19:10:11,711 | [FULL    ] | INFO | full_experiments_using.evaluators.monte_carlo_evaluator | -> Fold 22 Result | Acc=1.000 Sens=1.000 Spec=1.000 AUROC=1.000
2026-08-03 19:10:11,718 | [FULL    ] | INFO | full_experiments_using.evaluators.monte_carlo_evaluator | === Fold 23/30 | train: 25 subj (HC=10 MCI=15) / 3955 win | test: 12 subj (HC=4 MCI=8) / 1760 win ===
2026-08-03 19:10:11,970 | [FULL    ] | INFO | httpx | HTTP Request: HEAD https://huggingface.co/apple/mobilevit-small/resolve/main/config.json "HTTP/1.1 307 Temporary Redirect"
2026-08-03 19:10:11,987 | [FULL    ] | INFO | httpx | HTTP Request: HEAD https://huggingface.co/api/resolve-cache/models/apple/mobilevit-small/6c8612545dc98676d27bc518fa521d9e9af23e34/config.json "HTTP/1.1 200 OK"
2026-08-03 19:10:12,231 | [FULL    ] | INFO | httpx | HTTP Request: HEAD https://huggingface.co/apple/mobilevit-small/resolve/main/model.safetensors "HTTP/1.1 404 Not Found"
2026-08-03 19:10:12,441 | [FULL    ] | INFO | httpx | HTTP Request: HEAD https://huggingface.co/apple/mobilevit-small/resolve/main/model.safetensors.index.json "HTTP/1.1 404 Not Found"
2026-08-03 19:10:12,657 | [FULL    ] | INFO | httpx | HTTP Request: HEAD https://huggingface.co/apple/mobilevit-small/resolve/main/pytorch_model.bin "HTTP/1.1 302 Found"
2026-08-03 19:10:12,870 | [FULL    ] | INFO | httpx | HTTP Request: HEAD https://huggingface.co/apple/mobilevit-small/resolve/main/model.safetensors "HTTP/1.1 404 Not Found"
2026-08-03 19:10:13,081 | [FULL    ] | INFO | httpx | HTTP Request: GET https://huggingface.co/api/models/apple/mobilevit-small "HTTP/1.1 200 OK"
2026-08-03 19:10:13,327 | [FULL    ] | INFO | httpx | HTTP Request: GET https://huggingface.co/api/models/apple/mobilevit-small/commits/main "HTTP/1.1 200 OK"
2026-08-03 19:10:13,551 | [FULL    ] | INFO | httpx | HTTP Request: GET https://huggingface.co/api/models/apple/mobilevit-small/discussions?p=0 "HTTP/1.1 200 OK"
2026-08-03 19:10:13,786 | [FULL    ] | INFO | httpx | HTTP Request: GET https://huggingface.co/api/models/apple/mobilevit-small/commits/refs%2Fpr%2F6 "HTTP/1.1 200 OK"
2026-08-03 19:10:14,007 | [FULL    ] | INFO | httpx | HTTP Request: HEAD https://huggingface.co/apple/mobilevit-small/resolve/refs%2Fpr%2F6/model.safetensors.index.json "HTTP/1.1 404 Not Found"
2026-08-03 19:10:14,228 | [FULL    ] | INFO | httpx | HTTP Request: HEAD https://huggingface.co/apple/mobilevit-small/resolve/refs%2Fpr%2F6/model.safetensors "HTTP/1.1 302 Found"
2026-08-03 19:10:15,084 | [FULL    ] | INFO | full_experiments_using.model_trainers.mobile_vit_trainer | Device: cuda | max_epochs=500 | batch=32 | eval_batch=256 | es_patience=30
2026-08-03 19:10:15,093 | [FULL    ] | INFO | full_experiments_using.model_trainers.mobile_vit_trainer | CE weights — HC: 1.096  MCI: 0.919
2026-08-03 19:11:01,877 | [FULL    ] | INFO | full_experiments_using.model_trainers.mobile_vit_trainer | Ep [001/500] T-Acc:  47.4%  V-Acc:  45.9%  V-AUROC: 0.4801  LR: 2.00e-04
2026-08-03 19:11:02,000 | [FULL    ] | INFO | full_experiments_using.model_trainers.mobile_vit_trainer |   ↳ new best AUROC; saved checkpoint: /home/oem/choihyunsu/VOGBasedMCIDetection/outputs/checkpoints/run_20260803_091247_full_wvote_artifact30_w0-5-10-10-0-15-30-30_strat_4err/fold_22_best.pth
2026-08-03 19:11:30,658 | [FULL    ] | INFO | full_experiments_using.model_trainers.mobile_vit_trainer | Ep [002/500] T-Acc:  47.3%  V-Acc:  44.4%  V-AUROC: 0.4865  LR: 4.00e-04
2026-08-03 19:11:30,809 | [FULL    ] | INFO | full_experiments_using.model_trainers.mobile_vit_trainer |   ↳ new best AUROC; saved checkpoint: /home/oem/choihyunsu/VOGBasedMCIDetection/outputs/checkpoints/run_20260803_091247_full_wvote_artifact30_w0-5-10-10-0-15-30-30_strat_4err/fold_22_best.pth
2026-08-03 19:11:59,131 | [FULL    ] | INFO | full_experiments_using.model_trainers.mobile_vit_trainer | Ep [003/500] T-Acc:  48.1%  V-Acc:  46.3%  V-AUROC: 0.4950  LR: 6.00e-04
2026-08-03 19:11:59,251 | [FULL    ] | INFO | full_experiments_using.model_trainers.mobile_vit_trainer |   ↳ new best AUROC; saved checkpoint: /home/oem/choihyunsu/VOGBasedMCIDetection/outputs/checkpoints/run_20260803_091247_full_wvote_artifact30_w0-5-10-10-0-15-30-30_strat_4err/fold_22_best.pth
2026-08-03 19:12:26,111 | [FULL    ] | INFO | full_experiments_using.model_trainers.mobile_vit_trainer | Ep [004/500] T-Acc:  50.7%  V-Acc:  48.5%  V-AUROC: 0.5096  LR: 8.00e-04
2026-08-03 19:12:26,232 | [FULL    ] | INFO | full_experiments_using.model_trainers.mobile_vit_trainer |   ↳ new best AUROC; saved checkpoint: /home/oem/choihyunsu/VOGBasedMCIDetection/outputs/checkpoints/run_20260803_091247_full_wvote_artifact30_w0-5-10-10-0-15-30-30_strat_4err/fold_22_best.pth
2026-08-03 19:12:53,084 | [FULL    ] | INFO | full_experiments_using.model_trainers.mobile_vit_trainer | Ep [005/500] T-Acc:  50.1%  V-Acc:  48.6%  V-AUROC: 0.5180  LR: 1.00e-03
2026-08-03 19:12:53,281 | [FULL    ] | INFO | full_experiments_using.model_trainers.mobile_vit_trainer |   ↳ new best AUROC; saved checkpoint: /home/oem/choihyunsu/VOGBasedMCIDetection/outputs/checkpoints/run_20260803_091247_full_wvote_artifact30_w0-5-10-10-0-15-30-30_strat_4err/fold_22_best.pth
2026-08-03 19:13:21,861 | [FULL    ] | INFO | full_experiments_using.model_trainers.mobile_vit_trainer | Ep [006/500] T-Acc:  50.9%  V-Acc:  52.7%  V-AUROC: 0.5502  LR: 1.00e-03
2026-08-03 19:13:21,997 | [FULL    ] | INFO | full_experiments_using.model_trainers.mobile_vit_trainer |   ↳ new best AUROC; saved checkpoint: /home/oem/choihyunsu/VOGBasedMCIDetection/outputs/checkpoints/run_20260803_091247_full_wvote_artifact30_w0-5-10-10-0-15-30-30_strat_4err/fold_22_best.pth
2026-08-03 19:13:50,651 | [FULL    ] | INFO | full_experiments_using.model_trainers.mobile_vit_trainer | Ep [007/500] T-Acc:  50.7%  V-Acc:  54.5%  V-AUROC: 0.5628  LR: 1.00e-03
2026-08-03 19:13:50,772 | [FULL    ] | INFO | full_experiments_using.model_trainers.mobile_vit_trainer |   ↳ new best AUROC; saved checkpoint: /home/oem/choihyunsu/VOGBasedMCIDetection/outputs/checkpoints/run_20260803_091247_full_wvote_artifact30_w0-5-10-10-0-15-30-30_strat_4err/fold_22_best.pth
2026-08-03 19:14:19,406 | [FULL    ] | INFO | full_experiments_using.model_trainers.mobile_vit_trainer | Ep [008/500] T-Acc:  52.9%  V-Acc:  53.4%  V-AUROC: 0.5501  LR: 1.00e-03
2026-08-03 19:14:47,887 | [FULL    ] | INFO | full_experiments_using.model_trainers.mobile_vit_trainer | Ep [009/500] T-Acc:  52.7%  V-Acc:  55.5%  V-AUROC: 0.5602  LR: 1.00e-03
2026-08-03 19:15:14,600 | [FULL    ] | INFO | full_experiments_using.model_trainers.mobile_vit_trainer | Ep [010/500] T-Acc:  53.0%  V-Acc:  56.2%  V-AUROC: 0.5841  LR: 1.00e-03
2026-08-03 19:15:14,728 | [FULL    ] | INFO | full_experiments_using.model_trainers.mobile_vit_trainer |   ↳ new best AUROC; saved checkpoint: /home/oem/choihyunsu/VOGBasedMCIDetection/outputs/checkpoints/run_20260803_091247_full_wvote_artifact30_w0-5-10-10-0-15-30-30_strat_4err/fold_22_best.pth
2026-08-03 19:15:41,840 | [FULL    ] | INFO | full_experiments_using.model_trainers.mobile_vit_trainer | Ep [011/500] T-Acc:  53.1%  V-Acc:  56.5%  V-AUROC: 0.5882  LR: 1.00e-03
2026-08-03 19:15:41,961 | [FULL    ] | INFO | full_experiments_using.model_trainers.mobile_vit_trainer |   ↳ new best AUROC; saved checkpoint: /home/oem/choihyunsu/VOGBasedMCIDetection/outputs/checkpoints/run_20260803_091247_full_wvote_artifact30_w0-5-10-10-0-15-30-30_strat_4err/fold_22_best.pth
2026-08-03 19:16:10,484 | [FULL    ] | INFO | full_experiments_using.model_trainers.mobile_vit_trainer | Ep [012/500] T-Acc:  52.6%  V-Acc:  57.6%  V-AUROC: 0.5908  LR: 1.00e-03
2026-08-03 19:16:10,605 | [FULL    ] | INFO | full_experiments_using.model_trainers.mobile_vit_trainer |   ↳ new best AUROC; saved checkpoint: /home/oem/choihyunsu/VOGBasedMCIDetection/outputs/checkpoints/run_20260803_091247_full_wvote_artifact30_w0-5-10-10-0-15-30-30_strat_4err/fold_22_best.pth
2026-08-03 19:16:38,647 | [FULL    ] | INFO | full_experiments_using.model_trainers.mobile_vit_trainer | Ep [013/500] T-Acc:  54.8%  V-Acc:  56.5%  V-AUROC: 0.5875  LR: 1.00e-03
2026-08-03 19:17:07,232 | [FULL    ] | INFO | full_experiments_using.model_trainers.mobile_vit_trainer | Ep [014/500] T-Acc:  56.1%  V-Acc:  56.8%  V-AUROC: 0.5997  LR: 1.00e-03
2026-08-03 19:17:07,363 | [FULL    ] | INFO | full_experiments_using.model_trainers.mobile_vit_trainer |   ↳ new best AUROC; saved checkpoint: /home/oem/choihyunsu/VOGBasedMCIDetection/outputs/checkpoints/run_20260803_091247_full_wvote_artifact30_w0-5-10-10-0-15-30-30_strat_4err/fold_22_best.pth
2026-08-03 19:17:35,781 | [FULL    ] | INFO | full_experiments_using.model_trainers.mobile_vit_trainer | Ep [015/500] T-Acc:  55.0%  V-Acc:  56.5%  V-AUROC: 0.6001  LR: 1.00e-03
2026-08-03 19:17:35,903 | [FULL    ] | INFO | full_experiments_using.model_trainers.mobile_vit_trainer |   ↳ new best AUROC; saved checkpoint: /home/oem/choihyunsu/VOGBasedMCIDetection/outputs/checkpoints/run_20260803_091247_full_wvote_artifact30_w0-5-10-10-0-15-30-30_strat_4err/fold_22_best.pth
2026-08-03 19:18:04,595 | [FULL    ] | INFO | full_experiments_using.model_trainers.mobile_vit_trainer | Ep [016/500] T-Acc:  55.1%  V-Acc:  56.9%  V-AUROC: 0.5910  LR: 1.00e-03
2026-08-03 19:18:33,098 | [FULL    ] | INFO | full_experiments_using.model_trainers.mobile_vit_trainer | Ep [017/500] T-Acc:  55.8%  V-Acc:  56.5%  V-AUROC: 0.5845  LR: 1.00e-03
2026-08-03 19:19:01,661 | [FULL    ] | INFO | full_experiments_using.model_trainers.mobile_vit_trainer | Ep [018/500] T-Acc:  55.3%  V-Acc:  57.4%  V-AUROC: 0.5950  LR: 1.00e-03
2026-08-03 19:19:30,204 | [FULL    ] | INFO | full_experiments_using.model_trainers.mobile_vit_trainer | Ep [019/500] T-Acc:  55.9%  V-Acc:  58.3%  V-AUROC: 0.5995  LR: 1.00e-03
2026-08-03 19:19:58,683 | [FULL    ] | INFO | full_experiments_using.model_trainers.mobile_vit_trainer | Ep [020/500] T-Acc:  57.2%  V-Acc:  56.8%  V-AUROC: 0.5880  LR: 1.00e-03
2026-08-03 19:20:27,144 | [FULL    ] | INFO | full_experiments_using.model_trainers.mobile_vit_trainer | Ep [021/500] T-Acc:  58.4%  V-Acc:  56.0%  V-AUROC: 0.5822  LR: 1.00e-03
2026-08-03 19:20:55,881 | [FULL    ] | INFO | full_experiments_using.model_trainers.mobile_vit_trainer | Ep [022/500] T-Acc:  57.7%  V-Acc:  57.0%  V-AUROC: 0.5891  LR: 1.00e-03
2026-08-03 19:21:24,428 | [FULL    ] | INFO | full_experiments_using.model_trainers.mobile_vit_trainer | Ep [023/500] T-Acc:  57.2%  V-Acc:  56.8%  V-AUROC: 0.5883  LR: 1.00e-03
2026-08-03 19:21:53,067 | [FULL    ] | INFO | full_experiments_using.model_trainers.mobile_vit_trainer | Ep [024/500] T-Acc:  58.4%  V-Acc:  58.5%  V-AUROC: 0.6106  LR: 1.00e-03
2026-08-03 19:21:53,208 | [FULL    ] | INFO | full_experiments_using.model_trainers.mobile_vit_trainer |   ↳ new best AUROC; saved checkpoint: /home/oem/choihyunsu/VOGBasedMCIDetection/outputs/checkpoints/run_20260803_091247_full_wvote_artifact30_w0-5-10-10-0-15-30-30_strat_4err/fold_22_best.pth
2026-08-03 19:22:21,874 | [FULL    ] | INFO | full_experiments_using.model_trainers.mobile_vit_trainer | Ep [025/500] T-Acc:  56.9%  V-Acc:  58.4%  V-AUROC: 0.5917  LR: 1.00e-03
2026-08-03 19:22:50,532 | [FULL    ] | INFO | full_experiments_using.model_trainers.mobile_vit_trainer | Ep [026/500] T-Acc:  58.2%  V-Acc:  58.5%  V-AUROC: 0.5957  LR: 1.00e-03
2026-08-03 19:23:19,088 | [FULL    ] | INFO | full_experiments_using.model_trainers.mobile_vit_trainer | Ep [027/500] T-Acc:  57.7%  V-Acc:  59.1%  V-AUROC: 0.5994  LR: 1.00e-03
2026-08-03 19:23:47,900 | [FULL    ] | INFO | full_experiments_using.model_trainers.mobile_vit_trainer | Ep [028/500] T-Acc:  59.7%  V-Acc:  59.3%  V-AUROC: 0.6024  LR: 1.00e-03
2026-08-03 19:24:16,210 | [FULL    ] | INFO | full_experiments_using.model_trainers.mobile_vit_trainer | Ep [029/500] T-Acc:  57.9%  V-Acc:  58.6%  V-AUROC: 0.6084  LR: 1.00e-03
2026-08-03 19:24:44,722 | [FULL    ] | INFO | full_experiments_using.model_trainers.mobile_vit_trainer | Ep [030/500] T-Acc:  59.3%  V-Acc:  57.6%  V-AUROC: 0.5993  LR: 1.00e-03
2026-08-03 19:25:13,292 | [FULL    ] | INFO | full_experiments_using.model_trainers.mobile_vit_trainer | Ep [031/500] T-Acc:  59.2%  V-Acc:  58.6%  V-AUROC: 0.6038  LR: 1.00e-03
2026-08-03 19:25:41,902 | [FULL    ] | INFO | full_experiments_using.model_trainers.mobile_vit_trainer | Ep [032/500] T-Acc:  59.2%  V-Acc:  58.8%  V-AUROC: 0.6025  LR: 1.00e-03
2026-08-03 19:26:10,714 | [FULL    ] | INFO | full_experiments_using.model_trainers.mobile_vit_trainer | Ep [033/500] T-Acc:  59.5%  V-Acc:  57.8%  V-AUROC: 0.6064  LR: 1.00e-03
2026-08-03 19:26:39,277 | [FULL    ] | INFO | full_experiments_using.model_trainers.mobile_vit_trainer | Ep [034/500] T-Acc:  59.9%  V-Acc:  58.5%  V-AUROC: 0.5977  LR: 1.00e-03
2026-08-03 19:27:07,574 | [FULL    ] | INFO | full_experiments_using.model_trainers.mobile_vit_trainer | Ep [035/500] T-Acc:  58.7%  V-Acc:  57.5%  V-AUROC: 0.5896  LR: 1.00e-03
2026-08-03 19:27:35,997 | [FULL    ] | INFO | full_experiments_using.model_trainers.mobile_vit_trainer | Ep [036/500] T-Acc:  59.4%  V-Acc:  57.6%  V-AUROC: 0.5911  LR: 2.00e-04
2026-08-03 19:28:04,729 | [FULL    ] | INFO | full_experiments_using.model_trainers.mobile_vit_trainer | Ep [037/500] T-Acc:  59.3%  V-Acc:  58.0%  V-AUROC: 0.5975  LR: 2.00e-04
2026-08-03 19:28:33,510 | [FULL    ] | INFO | full_experiments_using.model_trainers.mobile_vit_trainer | Ep [038/500] T-Acc:  60.4%  V-Acc:  57.6%  V-AUROC: 0.5952  LR: 2.00e-04
2026-08-03 19:29:02,020 | [FULL    ] | INFO | full_experiments_using.model_trainers.mobile_vit_trainer | Ep [039/500] T-Acc:  59.9%  V-Acc:  57.4%  V-AUROC: 0.5957  LR: 2.00e-04
2026-08-03 19:29:30,497 | [FULL    ] | INFO | full_experiments_using.model_trainers.mobile_vit_trainer | Ep [040/500] T-Acc:  59.3%  V-Acc:  58.2%  V-AUROC: 0.5996  LR: 2.00e-04
2026-08-03 19:29:59,328 | [FULL    ] | INFO | full_experiments_using.model_trainers.mobile_vit_trainer | Ep [041/500] T-Acc:  58.8%  V-Acc:  58.4%  V-AUROC: 0.5962  LR: 2.00e-04
2026-08-03 19:30:27,926 | [FULL    ] | INFO | full_experiments_using.model_trainers.mobile_vit_trainer | Ep [042/500] T-Acc:  59.0%  V-Acc:  58.2%  V-AUROC: 0.5989  LR: 2.00e-04
2026-08-03 19:30:56,600 | [FULL    ] | INFO | full_experiments_using.model_trainers.mobile_vit_trainer | Ep [043/500] T-Acc:  60.7%  V-Acc:  58.3%  V-AUROC: 0.6006  LR: 2.00e-04
2026-08-03 19:31:25,244 | [FULL    ] | INFO | full_experiments_using.model_trainers.mobile_vit_trainer | Ep [044/500] T-Acc:  60.6%  V-Acc:  58.5%  V-AUROC: 0.5978  LR: 2.00e-04
2026-08-03 19:31:53,757 | [FULL    ] | INFO | full_experiments_using.model_trainers.mobile_vit_trainer | Ep [045/500] T-Acc:  61.0%  V-Acc:  58.1%  V-AUROC: 0.5981  LR: 2.00e-04
2026-08-03 19:32:20,825 | [FULL    ] | INFO | full_experiments_using.model_trainers.mobile_vit_trainer | Ep [046/500] T-Acc:  60.1%  V-Acc:  58.5%  V-AUROC: 0.5996  LR: 2.00e-04
2026-08-03 19:32:48,860 | [FULL    ] | INFO | full_experiments_using.model_trainers.mobile_vit_trainer | Ep [047/500] T-Acc:  60.5%  V-Acc:  58.2%  V-AUROC: 0.5972  LR: 4.00e-05
2026-08-03 19:33:15,983 | [FULL    ] | INFO | full_experiments_using.model_trainers.mobile_vit_trainer | Ep [048/500] T-Acc:  61.2%  V-Acc:  58.2%  V-AUROC: 0.5998  LR: 4.00e-05
2026-08-03 19:33:44,515 | [FULL    ] | INFO | full_experiments_using.model_trainers.mobile_vit_trainer | Ep [049/500] T-Acc:  61.4%  V-Acc:  57.9%  V-AUROC: 0.5978  LR: 4.00e-05
2026-08-03 19:34:12,987 | [FULL    ] | INFO | full_experiments_using.model_trainers.mobile_vit_trainer | Ep [050/500] T-Acc:  60.9%  V-Acc:  57.7%  V-AUROC: 0.5992  LR: 4.00e-05
2026-08-03 19:34:41,599 | [FULL    ] | INFO | full_experiments_using.model_trainers.mobile_vit_trainer | Ep [051/500] T-Acc:  60.3%  V-Acc:  58.4%  V-AUROC: 0.5992  LR: 4.00e-05
2026-08-03 19:35:10,180 | [FULL    ] | INFO | full_experiments_using.model_trainers.mobile_vit_trainer | Ep [052/500] T-Acc:  60.9%  V-Acc:  58.0%  V-AUROC: 0.5998  LR: 4.00e-05
2026-08-03 19:35:38,556 | [FULL    ] | INFO | full_experiments_using.model_trainers.mobile_vit_trainer | Ep [053/500] T-Acc:  60.4%  V-Acc:  57.8%  V-AUROC: 0.6008  LR: 4.00e-05
2026-08-03 19:36:07,214 | [FULL    ] | INFO | full_experiments_using.model_trainers.mobile_vit_trainer | Ep [054/500] T-Acc:  60.4%  V-Acc:  58.5%  V-AUROC: 0.6030  LR: 4.00e-05
2026-08-03 19:36:07,214 | [FULL    ] | INFO | full_experiments_using.model_trainers.mobile_vit_trainer | Early stop — best AUROC 0.6106 at epoch 24 (no improvement for 30 epochs)
2026-08-03 19:36:07,214 | [FULL    ] | INFO | full_experiments_using.model_trainers.mobile_vit_trainer | Done. Best AUROC: 0.6106 (epoch 24) → /home/oem/choihyunsu/VOGBasedMCIDetection/outputs/checkpoints/run_20260803_091247_full_wvote_artifact30_w0-5-10-10-0-15-30-30_strat_4err/fold_22_best.pth
2026-08-03 19:36:17,503 | [FULL    ] | INFO | full_experiments_using.evaluators.monte_carlo_evaluator | -> Fold 23 Result | Acc=0.800 Sens=1.000 Spec=0.333 AUROC=0.857
2026-08-03 19:36:17,516 | [FULL    ] | INFO | full_experiments_using.evaluators.monte_carlo_evaluator | === Fold 24/30 | train: 25 subj (HC=10 MCI=15) / 3836 win | test: 12 subj (HC=4 MCI=8) / 1879 win ===
2026-08-03 19:36:17,757 | [FULL    ] | INFO | httpx | HTTP Request: HEAD https://huggingface.co/apple/mobilevit-small/resolve/main/config.json "HTTP/1.1 307 Temporary Redirect"
2026-08-03 19:36:17,773 | [FULL    ] | INFO | httpx | HTTP Request: HEAD https://huggingface.co/api/resolve-cache/models/apple/mobilevit-small/6c8612545dc98676d27bc518fa521d9e9af23e34/config.json "HTTP/1.1 200 OK"
2026-08-03 19:36:18,044 | [FULL    ] | INFO | httpx | HTTP Request: HEAD https://huggingface.co/apple/mobilevit-small/resolve/main/model.safetensors "HTTP/1.1 404 Not Found"
2026-08-03 19:36:18,250 | [FULL    ] | INFO | httpx | HTTP Request: HEAD https://huggingface.co/apple/mobilevit-small/resolve/main/model.safetensors.index.json "HTTP/1.1 404 Not Found"
2026-08-03 19:36:18,463 | [FULL    ] | INFO | httpx | HTTP Request: HEAD https://huggingface.co/apple/mobilevit-small/resolve/main/pytorch_model.bin "HTTP/1.1 302 Found"
2026-08-03 19:36:18,661 | [FULL    ] | INFO | httpx | HTTP Request: HEAD https://huggingface.co/apple/mobilevit-small/resolve/main/model.safetensors "HTTP/1.1 404 Not Found"
2026-08-03 19:36:18,865 | [FULL    ] | INFO | httpx | HTTP Request: GET https://huggingface.co/api/models/apple/mobilevit-small "HTTP/1.1 200 OK"
2026-08-03 19:36:19,088 | [FULL    ] | INFO | httpx | HTTP Request: GET https://huggingface.co/api/models/apple/mobilevit-small/commits/main "HTTP/1.1 200 OK"
2026-08-03 19:36:19,311 | [FULL    ] | INFO | httpx | HTTP Request: GET https://huggingface.co/api/models/apple/mobilevit-small/discussions?p=0 "HTTP/1.1 200 OK"
2026-08-03 19:36:19,532 | [FULL    ] | INFO | httpx | HTTP Request: GET https://huggingface.co/api/models/apple/mobilevit-small/commits/refs%2Fpr%2F6 "HTTP/1.1 200 OK"
2026-08-03 19:36:19,735 | [FULL    ] | INFO | httpx | HTTP Request: HEAD https://huggingface.co/apple/mobilevit-small/resolve/refs%2Fpr%2F6/model.safetensors.index.json "HTTP/1.1 404 Not Found"
2026-08-03 19:36:19,947 | [FULL    ] | INFO | httpx | HTTP Request: HEAD https://huggingface.co/apple/mobilevit-small/resolve/refs%2Fpr%2F6/model.safetensors "HTTP/1.1 302 Found"
2026-08-03 19:36:20,809 | [FULL    ] | INFO | full_experiments_using.model_trainers.mobile_vit_trainer | Device: cuda | max_epochs=500 | batch=32 | eval_batch=256 | es_patience=30
2026-08-03 19:36:20,824 | [FULL    ] | INFO | full_experiments_using.model_trainers.mobile_vit_trainer | CE weights — HC: 1.100  MCI: 0.916
2026-08-03 19:37:01,787 | [FULL    ] | INFO | full_experiments_using.model_trainers.mobile_vit_trainer | Ep [001/500] T-Acc:  52.9%  V-Acc:  60.3%  V-AUROC: 0.5398  LR: 2.00e-04
2026-08-03 19:37:01,850 | [FULL    ] | INFO | full_experiments_using.model_trainers.mobile_vit_trainer |   ↳ new best AUROC; saved checkpoint: /home/oem/choihyunsu/VOGBasedMCIDetection/outputs/checkpoints/run_20260803_091247_full_wvote_artifact30_w0-5-10-10-0-15-30-30_strat_4err/fold_23_best.pth
2026-08-03 19:37:29,926 | [FULL    ] | INFO | full_experiments_using.model_trainers.mobile_vit_trainer | Ep [002/500] T-Acc:  53.1%  V-Acc:  59.9%  V-AUROC: 0.5508  LR: 4.00e-04
2026-08-03 19:37:30,043 | [FULL    ] | INFO | full_experiments_using.model_trainers.mobile_vit_trainer |   ↳ new best AUROC; saved checkpoint: /home/oem/choihyunsu/VOGBasedMCIDetection/outputs/checkpoints/run_20260803_091247_full_wvote_artifact30_w0-5-10-10-0-15-30-30_strat_4err/fold_23_best.pth
2026-08-03 19:37:58,095 | [FULL    ] | INFO | full_experiments_using.model_trainers.mobile_vit_trainer | Ep [003/500] T-Acc:  53.6%  V-Acc:  59.6%  V-AUROC: 0.5572  LR: 6.00e-04
2026-08-03 19:37:58,210 | [FULL    ] | INFO | full_experiments_using.model_trainers.mobile_vit_trainer |   ↳ new best AUROC; saved checkpoint: /home/oem/choihyunsu/VOGBasedMCIDetection/outputs/checkpoints/run_20260803_091247_full_wvote_artifact30_w0-5-10-10-0-15-30-30_strat_4err/fold_23_best.pth
2026-08-03 19:38:26,441 | [FULL    ] | INFO | full_experiments_using.model_trainers.mobile_vit_trainer | Ep [004/500] T-Acc:  52.9%  V-Acc:  59.2%  V-AUROC: 0.5662  LR: 8.00e-04
2026-08-03 19:38:26,594 | [FULL    ] | INFO | full_experiments_using.model_trainers.mobile_vit_trainer |   ↳ new best AUROC; saved checkpoint: /home/oem/choihyunsu/VOGBasedMCIDetection/outputs/checkpoints/run_20260803_091247_full_wvote_artifact30_w0-5-10-10-0-15-30-30_strat_4err/fold_23_best.pth
2026-08-03 19:38:54,478 | [FULL    ] | INFO | full_experiments_using.model_trainers.mobile_vit_trainer | Ep [005/500] T-Acc:  53.4%  V-Acc:  58.5%  V-AUROC: 0.5693  LR: 1.00e-03
2026-08-03 19:38:54,606 | [FULL    ] | INFO | full_experiments_using.model_trainers.mobile_vit_trainer |   ↳ new best AUROC; saved checkpoint: /home/oem/choihyunsu/VOGBasedMCIDetection/outputs/checkpoints/run_20260803_091247_full_wvote_artifact30_w0-5-10-10-0-15-30-30_strat_4err/fold_23_best.pth
2026-08-03 19:39:22,611 | [FULL    ] | INFO | full_experiments_using.model_trainers.mobile_vit_trainer | Ep [006/500] T-Acc:  53.3%  V-Acc:  58.2%  V-AUROC: 0.5756  LR: 1.00e-03
2026-08-03 19:39:22,733 | [FULL    ] | INFO | full_experiments_using.model_trainers.mobile_vit_trainer |   ↳ new best AUROC; saved checkpoint: /home/oem/choihyunsu/VOGBasedMCIDetection/outputs/checkpoints/run_20260803_091247_full_wvote_artifact30_w0-5-10-10-0-15-30-30_strat_4err/fold_23_best.pth
2026-08-03 19:39:50,567 | [FULL    ] | INFO | full_experiments_using.model_trainers.mobile_vit_trainer | Ep [007/500] T-Acc:  53.9%  V-Acc:  59.6%  V-AUROC: 0.5858  LR: 1.00e-03
2026-08-03 19:39:50,650 | [FULL    ] | INFO | full_experiments_using.model_trainers.mobile_vit_trainer |   ↳ new best AUROC; saved checkpoint: /home/oem/choihyunsu/VOGBasedMCIDetection/outputs/checkpoints/run_20260803_091247_full_wvote_artifact30_w0-5-10-10-0-15-30-30_strat_4err/fold_23_best.pth
2026-08-03 19:40:18,535 | [FULL    ] | INFO | full_experiments_using.model_trainers.mobile_vit_trainer | Ep [008/500] T-Acc:  54.9%  V-Acc:  57.7%  V-AUROC: 0.5845  LR: 1.00e-03
2026-08-03 19:40:46,837 | [FULL    ] | INFO | full_experiments_using.model_trainers.mobile_vit_trainer | Ep [009/500] T-Acc:  54.9%  V-Acc:  57.6%  V-AUROC: 0.5822  LR: 1.00e-03
2026-08-03 19:41:14,695 | [FULL    ] | INFO | full_experiments_using.model_trainers.mobile_vit_trainer | Ep [010/500] T-Acc:  54.6%  V-Acc:  57.5%  V-AUROC: 0.5893  LR: 1.00e-03
2026-08-03 19:41:14,804 | [FULL    ] | INFO | full_experiments_using.model_trainers.mobile_vit_trainer |   ↳ new best AUROC; saved checkpoint: /home/oem/choihyunsu/VOGBasedMCIDetection/outputs/checkpoints/run_20260803_091247_full_wvote_artifact30_w0-5-10-10-0-15-30-30_strat_4err/fold_23_best.pth
2026-08-03 19:41:42,849 | [FULL    ] | INFO | full_experiments_using.model_trainers.mobile_vit_trainer | Ep [011/500] T-Acc:  54.6%  V-Acc:  58.2%  V-AUROC: 0.6014  LR: 1.00e-03
2026-08-03 19:41:42,990 | [FULL    ] | INFO | full_experiments_using.model_trainers.mobile_vit_trainer |   ↳ new best AUROC; saved checkpoint: /home/oem/choihyunsu/VOGBasedMCIDetection/outputs/checkpoints/run_20260803_091247_full_wvote_artifact30_w0-5-10-10-0-15-30-30_strat_4err/fold_23_best.pth
2026-08-03 19:42:10,930 | [FULL    ] | INFO | full_experiments_using.model_trainers.mobile_vit_trainer | Ep [012/500] T-Acc:  55.5%  V-Acc:  59.6%  V-AUROC: 0.6056  LR: 1.00e-03
2026-08-03 19:42:11,064 | [FULL    ] | INFO | full_experiments_using.model_trainers.mobile_vit_trainer |   ↳ new best AUROC; saved checkpoint: /home/oem/choihyunsu/VOGBasedMCIDetection/outputs/checkpoints/run_20260803_091247_full_wvote_artifact30_w0-5-10-10-0-15-30-30_strat_4err/fold_23_best.pth
2026-08-03 19:42:38,997 | [FULL    ] | INFO | full_experiments_using.model_trainers.mobile_vit_trainer | Ep [013/500] T-Acc:  57.2%  V-Acc:  58.0%  V-AUROC: 0.6116  LR: 1.00e-03
2026-08-03 19:42:39,116 | [FULL    ] | INFO | full_experiments_using.model_trainers.mobile_vit_trainer |   ↳ new best AUROC; saved checkpoint: /home/oem/choihyunsu/VOGBasedMCIDetection/outputs/checkpoints/run_20260803_091247_full_wvote_artifact30_w0-5-10-10-0-15-30-30_strat_4err/fold_23_best.pth
2026-08-03 19:43:07,124 | [FULL    ] | INFO | full_experiments_using.model_trainers.mobile_vit_trainer | Ep [014/500] T-Acc:  58.1%  V-Acc:  58.2%  V-AUROC: 0.6089  LR: 1.00e-03
2026-08-03 19:43:35,224 | [FULL    ] | INFO | full_experiments_using.model_trainers.mobile_vit_trainer | Ep [015/500] T-Acc:  57.2%  V-Acc:  58.5%  V-AUROC: 0.6097  LR: 1.00e-03
2026-08-03 19:43:59,845 | [FULL    ] | INFO | full_experiments_using.model_trainers.mobile_vit_trainer | Ep [016/500] T-Acc:  57.6%  V-Acc:  58.6%  V-AUROC: 0.6127  LR: 1.00e-03
2026-08-03 19:43:59,961 | [FULL    ] | INFO | full_experiments_using.model_trainers.mobile_vit_trainer |   ↳ new best AUROC; saved checkpoint: /home/oem/choihyunsu/VOGBasedMCIDetection/outputs/checkpoints/run_20260803_091247_full_wvote_artifact30_w0-5-10-10-0-15-30-30_strat_4err/fold_23_best.pth
2026-08-03 19:44:25,427 | [FULL    ] | INFO | full_experiments_using.model_trainers.mobile_vit_trainer | Ep [017/500] T-Acc:  57.8%  V-Acc:  58.8%  V-AUROC: 0.6204  LR: 1.00e-03
2026-08-03 19:44:25,568 | [FULL    ] | INFO | full_experiments_using.model_trainers.mobile_vit_trainer |   ↳ new best AUROC; saved checkpoint: /home/oem/choihyunsu/VOGBasedMCIDetection/outputs/checkpoints/run_20260803_091247_full_wvote_artifact30_w0-5-10-10-0-15-30-30_strat_4err/fold_23_best.pth
2026-08-03 19:44:52,186 | [FULL    ] | INFO | full_experiments_using.model_trainers.mobile_vit_trainer | Ep [018/500] T-Acc:  58.4%  V-Acc:  59.7%  V-AUROC: 0.6228  LR: 1.00e-03
2026-08-03 19:44:52,310 | [FULL    ] | INFO | full_experiments_using.model_trainers.mobile_vit_trainer |   ↳ new best AUROC; saved checkpoint: /home/oem/choihyunsu/VOGBasedMCIDetection/outputs/checkpoints/run_20260803_091247_full_wvote_artifact30_w0-5-10-10-0-15-30-30_strat_4err/fold_23_best.pth
2026-08-03 19:45:20,336 | [FULL    ] | INFO | full_experiments_using.model_trainers.mobile_vit_trainer | Ep [019/500] T-Acc:  58.6%  V-Acc:  58.8%  V-AUROC: 0.6119  LR: 1.00e-03
2026-08-03 19:45:48,455 | [FULL    ] | INFO | full_experiments_using.model_trainers.mobile_vit_trainer | Ep [020/500] T-Acc:  57.0%  V-Acc:  58.9%  V-AUROC: 0.6171  LR: 1.00e-03
2026-08-03 19:46:16,530 | [FULL    ] | INFO | full_experiments_using.model_trainers.mobile_vit_trainer | Ep [021/500] T-Acc:  56.9%  V-Acc:  59.8%  V-AUROC: 0.6206  LR: 1.00e-03
2026-08-03 19:46:44,559 | [FULL    ] | INFO | full_experiments_using.model_trainers.mobile_vit_trainer | Ep [022/500] T-Acc:  57.6%  V-Acc:  59.6%  V-AUROC: 0.6167  LR: 1.00e-03
2026-08-03 19:47:12,410 | [FULL    ] | INFO | full_experiments_using.model_trainers.mobile_vit_trainer | Ep [023/500] T-Acc:  58.0%  V-Acc:  58.5%  V-AUROC: 0.6277  LR: 1.00e-03
2026-08-03 19:47:12,558 | [FULL    ] | INFO | full_experiments_using.model_trainers.mobile_vit_trainer |   ↳ new best AUROC; saved checkpoint: /home/oem/choihyunsu/VOGBasedMCIDetection/outputs/checkpoints/run_20260803_091247_full_wvote_artifact30_w0-5-10-10-0-15-30-30_strat_4err/fold_23_best.pth
2026-08-03 19:47:40,310 | [FULL    ] | INFO | full_experiments_using.model_trainers.mobile_vit_trainer | Ep [024/500] T-Acc:  58.7%  V-Acc:  60.7%  V-AUROC: 0.6271  LR: 1.00e-03
2026-08-03 19:48:08,275 | [FULL    ] | INFO | full_experiments_using.model_trainers.mobile_vit_trainer | Ep [025/500] T-Acc:  60.0%  V-Acc:  58.8%  V-AUROC: 0.6323  LR: 1.00e-03
2026-08-03 19:48:08,397 | [FULL    ] | INFO | full_experiments_using.model_trainers.mobile_vit_trainer |   ↳ new best AUROC; saved checkpoint: /home/oem/choihyunsu/VOGBasedMCIDetection/outputs/checkpoints/run_20260803_091247_full_wvote_artifact30_w0-5-10-10-0-15-30-30_strat_4err/fold_23_best.pth
2026-08-03 19:48:36,537 | [FULL    ] | INFO | full_experiments_using.model_trainers.mobile_vit_trainer | Ep [026/500] T-Acc:  58.9%  V-Acc:  60.7%  V-AUROC: 0.6277  LR: 1.00e-03
2026-08-03 19:49:04,588 | [FULL    ] | INFO | full_experiments_using.model_trainers.mobile_vit_trainer | Ep [027/500] T-Acc:  58.1%  V-Acc:  59.1%  V-AUROC: 0.6338  LR: 1.00e-03
2026-08-03 19:49:04,709 | [FULL    ] | INFO | full_experiments_using.model_trainers.mobile_vit_trainer |   ↳ new best AUROC; saved checkpoint: /home/oem/choihyunsu/VOGBasedMCIDetection/outputs/checkpoints/run_20260803_091247_full_wvote_artifact30_w0-5-10-10-0-15-30-30_strat_4err/fold_23_best.pth
2026-08-03 19:49:32,877 | [FULL    ] | INFO | full_experiments_using.model_trainers.mobile_vit_trainer | Ep [028/500] T-Acc:  58.4%  V-Acc:  59.7%  V-AUROC: 0.6313  LR: 1.00e-03
2026-08-03 19:50:00,722 | [FULL    ] | INFO | full_experiments_using.model_trainers.mobile_vit_trainer | Ep [029/500] T-Acc:  58.9%  V-Acc:  59.5%  V-AUROC: 0.6335  LR: 1.00e-03
2026-08-03 19:50:28,727 | [FULL    ] | INFO | full_experiments_using.model_trainers.mobile_vit_trainer | Ep [030/500] T-Acc:  58.8%  V-Acc:  58.9%  V-AUROC: 0.6373  LR: 1.00e-03
2026-08-03 19:50:28,855 | [FULL    ] | INFO | full_experiments_using.model_trainers.mobile_vit_trainer |   ↳ new best AUROC; saved checkpoint: /home/oem/choihyunsu/VOGBasedMCIDetection/outputs/checkpoints/run_20260803_091247_full_wvote_artifact30_w0-5-10-10-0-15-30-30_strat_4err/fold_23_best.pth
2026-08-03 19:50:56,793 | [FULL    ] | INFO | full_experiments_using.model_trainers.mobile_vit_trainer | Ep [031/500] T-Acc:  59.0%  V-Acc:  59.9%  V-AUROC: 0.6352  LR: 1.00e-03
2026-08-03 19:51:24,843 | [FULL    ] | INFO | full_experiments_using.model_trainers.mobile_vit_trainer | Ep [032/500] T-Acc:  60.1%  V-Acc:  61.3%  V-AUROC: 0.6355  LR: 1.00e-03
2026-08-03 19:51:52,762 | [FULL    ] | INFO | full_experiments_using.model_trainers.mobile_vit_trainer | Ep [033/500] T-Acc:  59.8%  V-Acc:  60.6%  V-AUROC: 0.6360  LR: 1.00e-03
2026-08-03 19:52:20,737 | [FULL    ] | INFO | full_experiments_using.model_trainers.mobile_vit_trainer | Ep [034/500] T-Acc:  60.6%  V-Acc:  60.6%  V-AUROC: 0.6367  LR: 1.00e-03
2026-08-03 19:52:48,759 | [FULL    ] | INFO | full_experiments_using.model_trainers.mobile_vit_trainer | Ep [035/500] T-Acc:  61.0%  V-Acc:  60.7%  V-AUROC: 0.6415  LR: 1.00e-03
2026-08-03 19:52:48,905 | [FULL    ] | INFO | full_experiments_using.model_trainers.mobile_vit_trainer |   ↳ new best AUROC; saved checkpoint: /home/oem/choihyunsu/VOGBasedMCIDetection/outputs/checkpoints/run_20260803_091247_full_wvote_artifact30_w0-5-10-10-0-15-30-30_strat_4err/fold_23_best.pth
2026-08-03 19:53:17,032 | [FULL    ] | INFO | full_experiments_using.model_trainers.mobile_vit_trainer | Ep [036/500] T-Acc:  61.0%  V-Acc:  60.8%  V-AUROC: 0.6449  LR: 1.00e-03
2026-08-03 19:53:17,161 | [FULL    ] | INFO | full_experiments_using.model_trainers.mobile_vit_trainer |   ↳ new best AUROC; saved checkpoint: /home/oem/choihyunsu/VOGBasedMCIDetection/outputs/checkpoints/run_20260803_091247_full_wvote_artifact30_w0-5-10-10-0-15-30-30_strat_4err/fold_23_best.pth
2026-08-03 19:53:45,185 | [FULL    ] | INFO | full_experiments_using.model_trainers.mobile_vit_trainer | Ep [037/500] T-Acc:  59.3%  V-Acc:  61.3%  V-AUROC: 0.6444  LR: 1.00e-03
2026-08-03 19:54:13,207 | [FULL    ] | INFO | full_experiments_using.model_trainers.mobile_vit_trainer | Ep [038/500] T-Acc:  61.0%  V-Acc:  61.2%  V-AUROC: 0.6480  LR: 1.00e-03
2026-08-03 19:54:13,335 | [FULL    ] | INFO | full_experiments_using.model_trainers.mobile_vit_trainer |   ↳ new best AUROC; saved checkpoint: /home/oem/choihyunsu/VOGBasedMCIDetection/outputs/checkpoints/run_20260803_091247_full_wvote_artifact30_w0-5-10-10-0-15-30-30_strat_4err/fold_23_best.pth
2026-08-03 19:54:41,611 | [FULL    ] | INFO | full_experiments_using.model_trainers.mobile_vit_trainer | Ep [039/500] T-Acc:  59.6%  V-Acc:  59.7%  V-AUROC: 0.6462  LR: 1.00e-03
2026-08-03 19:55:09,645 | [FULL    ] | INFO | full_experiments_using.model_trainers.mobile_vit_trainer | Ep [040/500] T-Acc:  60.1%  V-Acc:  61.5%  V-AUROC: 0.6449  LR: 1.00e-03
2026-08-03 19:55:37,532 | [FULL    ] | INFO | full_experiments_using.model_trainers.mobile_vit_trainer | Ep [041/500] T-Acc:  60.8%  V-Acc:  61.1%  V-AUROC: 0.6427  LR: 1.00e-03
2026-08-03 19:56:05,402 | [FULL    ] | INFO | full_experiments_using.model_trainers.mobile_vit_trainer | Ep [042/500] T-Acc:  61.1%  V-Acc:  59.2%  V-AUROC: 0.6477  LR: 1.00e-03
2026-08-03 19:56:33,276 | [FULL    ] | INFO | full_experiments_using.model_trainers.mobile_vit_trainer | Ep [043/500] T-Acc:  60.8%  V-Acc:  62.5%  V-AUROC: 0.6507  LR: 1.00e-03
2026-08-03 19:56:33,463 | [FULL    ] | INFO | full_experiments_using.model_trainers.mobile_vit_trainer |   ↳ new best AUROC; saved checkpoint: /home/oem/choihyunsu/VOGBasedMCIDetection/outputs/checkpoints/run_20260803_091247_full_wvote_artifact30_w0-5-10-10-0-15-30-30_strat_4err/fold_23_best.pth
2026-08-03 19:57:01,434 | [FULL    ] | INFO | full_experiments_using.model_trainers.mobile_vit_trainer | Ep [044/500] T-Acc:  60.3%  V-Acc:  61.0%  V-AUROC: 0.6373  LR: 1.00e-03
2026-08-03 19:57:29,478 | [FULL    ] | INFO | full_experiments_using.model_trainers.mobile_vit_trainer | Ep [045/500] T-Acc:  60.5%  V-Acc:  60.5%  V-AUROC: 0.6325  LR: 1.00e-03
2026-08-03 19:57:57,504 | [FULL    ] | INFO | full_experiments_using.model_trainers.mobile_vit_trainer | Ep [046/500] T-Acc:  60.5%  V-Acc:  60.1%  V-AUROC: 0.6422  LR: 1.00e-03
2026-08-03 19:58:25,497 | [FULL    ] | INFO | full_experiments_using.model_trainers.mobile_vit_trainer | Ep [047/500] T-Acc:  61.7%  V-Acc:  61.3%  V-AUROC: 0.6440  LR: 1.00e-03
2026-08-03 19:58:53,496 | [FULL    ] | INFO | full_experiments_using.model_trainers.mobile_vit_trainer | Ep [048/500] T-Acc:  60.9%  V-Acc:  60.7%  V-AUROC: 0.6484  LR: 1.00e-03
2026-08-03 19:59:21,448 | [FULL    ] | INFO | full_experiments_using.model_trainers.mobile_vit_trainer | Ep [049/500] T-Acc:  61.4%  V-Acc:  60.8%  V-AUROC: 0.6458  LR: 1.00e-03
2026-08-03 19:59:49,517 | [FULL    ] | INFO | full_experiments_using.model_trainers.mobile_vit_trainer | Ep [050/500] T-Acc:  61.1%  V-Acc:  60.2%  V-AUROC: 0.6460  LR: 1.00e-03
2026-08-03 20:00:17,547 | [FULL    ] | INFO | full_experiments_using.model_trainers.mobile_vit_trainer | Ep [051/500] T-Acc:  61.2%  V-Acc:  60.8%  V-AUROC: 0.6462  LR: 1.00e-03
2026-08-03 20:00:45,735 | [FULL    ] | INFO | full_experiments_using.model_trainers.mobile_vit_trainer | Ep [052/500] T-Acc:  61.3%  V-Acc:  60.3%  V-AUROC: 0.6475  LR: 1.00e-03
2026-08-03 20:01:12,037 | [FULL    ] | INFO | full_experiments_using.model_trainers.mobile_vit_trainer | Ep [053/500] T-Acc:  62.1%  V-Acc:  60.9%  V-AUROC: 0.6477  LR: 1.00e-03
2026-08-03 20:01:36,174 | [FULL    ] | INFO | full_experiments_using.model_trainers.mobile_vit_trainer | Ep [054/500] T-Acc:  61.4%  V-Acc:  60.9%  V-AUROC: 0.6452  LR: 1.00e-03
2026-08-03 20:02:02,727 | [FULL    ] | INFO | full_experiments_using.model_trainers.mobile_vit_trainer | Ep [055/500] T-Acc:  61.3%  V-Acc:  61.0%  V-AUROC: 0.6466  LR: 2.00e-04
2026-08-03 20:02:30,537 | [FULL    ] | INFO | full_experiments_using.model_trainers.mobile_vit_trainer | Ep [056/500] T-Acc:  62.3%  V-Acc:  59.8%  V-AUROC: 0.6446  LR: 2.00e-04
2026-08-03 20:02:58,554 | [FULL    ] | INFO | full_experiments_using.model_trainers.mobile_vit_trainer | Ep [057/500] T-Acc:  62.2%  V-Acc:  61.0%  V-AUROC: 0.6422  LR: 2.00e-04
2026-08-03 20:03:26,061 | [FULL    ] | INFO | full_experiments_using.model_trainers.mobile_vit_trainer | Ep [058/500] T-Acc:  62.1%  V-Acc:  60.7%  V-AUROC: 0.6468  LR: 2.00e-04
2026-08-03 20:03:54,181 | [FULL    ] | INFO | full_experiments_using.model_trainers.mobile_vit_trainer | Ep [059/500] T-Acc:  60.5%  V-Acc:  61.1%  V-AUROC: 0.6484  LR: 2.00e-04
2026-08-03 20:04:22,280 | [FULL    ] | INFO | full_experiments_using.model_trainers.mobile_vit_trainer | Ep [060/500] T-Acc:  61.1%  V-Acc:  61.1%  V-AUROC: 0.6481  LR: 2.00e-04
2026-08-03 20:04:50,275 | [FULL    ] | INFO | full_experiments_using.model_trainers.mobile_vit_trainer | Ep [061/500] T-Acc:  62.4%  V-Acc:  61.2%  V-AUROC: 0.6461  LR: 2.00e-04
2026-08-03 20:05:18,010 | [FULL    ] | INFO | full_experiments_using.model_trainers.mobile_vit_trainer | Ep [062/500] T-Acc:  62.1%  V-Acc:  61.4%  V-AUROC: 0.6464  LR: 2.00e-04
2026-08-03 20:05:46,044 | [FULL    ] | INFO | full_experiments_using.model_trainers.mobile_vit_trainer | Ep [063/500] T-Acc:  61.8%  V-Acc:  61.5%  V-AUROC: 0.6483  LR: 2.00e-04
2026-08-03 20:06:14,140 | [FULL    ] | INFO | full_experiments_using.model_trainers.mobile_vit_trainer | Ep [064/500] T-Acc:  62.5%  V-Acc:  60.9%  V-AUROC: 0.6455  LR: 2.00e-04
2026-08-03 20:06:42,209 | [FULL    ] | INFO | full_experiments_using.model_trainers.mobile_vit_trainer | Ep [065/500] T-Acc:  61.8%  V-Acc:  60.8%  V-AUROC: 0.6464  LR: 2.00e-04
2026-08-03 20:07:10,482 | [FULL    ] | INFO | full_experiments_using.model_trainers.mobile_vit_trainer | Ep [066/500] T-Acc:  62.5%  V-Acc:  60.9%  V-AUROC: 0.6465  LR: 4.00e-05
2026-08-03 20:07:38,335 | [FULL    ] | INFO | full_experiments_using.model_trainers.mobile_vit_trainer | Ep [067/500] T-Acc:  62.6%  V-Acc:  61.5%  V-AUROC: 0.6471  LR: 4.00e-05
2026-08-03 20:08:06,316 | [FULL    ] | INFO | full_experiments_using.model_trainers.mobile_vit_trainer | Ep [068/500] T-Acc:  61.5%  V-Acc:  61.5%  V-AUROC: 0.6471  LR: 4.00e-05
2026-08-03 20:08:34,360 | [FULL    ] | INFO | full_experiments_using.model_trainers.mobile_vit_trainer | Ep [069/500] T-Acc:  60.8%  V-Acc:  61.0%  V-AUROC: 0.6480  LR: 4.00e-05
2026-08-03 20:09:02,207 | [FULL    ] | INFO | full_experiments_using.model_trainers.mobile_vit_trainer | Ep [070/500] T-Acc:  61.5%  V-Acc:  60.6%  V-AUROC: 0.6453  LR: 4.00e-05
2026-08-03 20:09:30,293 | [FULL    ] | INFO | full_experiments_using.model_trainers.mobile_vit_trainer | Ep [071/500] T-Acc:  61.6%  V-Acc:  60.7%  V-AUROC: 0.6462  LR: 4.00e-05
2026-08-03 20:09:58,438 | [FULL    ] | INFO | full_experiments_using.model_trainers.mobile_vit_trainer | Ep [072/500] T-Acc:  61.2%  V-Acc:  60.5%  V-AUROC: 0.6455  LR: 4.00e-05
2026-08-03 20:10:26,245 | [FULL    ] | INFO | full_experiments_using.model_trainers.mobile_vit_trainer | Ep [073/500] T-Acc:  61.3%  V-Acc:  60.8%  V-AUROC: 0.6466  LR: 4.00e-05
2026-08-03 20:10:26,246 | [FULL    ] | INFO | full_experiments_using.model_trainers.mobile_vit_trainer | Early stop — best AUROC 0.6507 at epoch 43 (no improvement for 30 epochs)
2026-08-03 20:10:26,246 | [FULL    ] | INFO | full_experiments_using.model_trainers.mobile_vit_trainer | Done. Best AUROC: 0.6507 (epoch 43) → /home/oem/choihyunsu/VOGBasedMCIDetection/outputs/checkpoints/run_20260803_091247_full_wvote_artifact30_w0-5-10-10-0-15-30-30_strat_4err/fold_23_best.pth
2026-08-03 20:10:35,741 | [FULL    ] | INFO | full_experiments_using.evaluators.monte_carlo_evaluator | -> Fold 24 Result | Acc=1.000 Sens=1.000 Spec=1.000 AUROC=1.000
2026-08-03 20:10:35,748 | [FULL    ] | INFO | full_experiments_using.evaluators.monte_carlo_evaluator | === Fold 25/30 | train: 25 subj (HC=10 MCI=15) / 3816 win | test: 12 subj (HC=4 MCI=8) / 1899 win ===
2026-08-03 20:10:35,978 | [FULL    ] | INFO | httpx | HTTP Request: HEAD https://huggingface.co/apple/mobilevit-small/resolve/main/config.json "HTTP/1.1 307 Temporary Redirect"
2026-08-03 20:10:35,991 | [FULL    ] | INFO | httpx | HTTP Request: HEAD https://huggingface.co/api/resolve-cache/models/apple/mobilevit-small/6c8612545dc98676d27bc518fa521d9e9af23e34/config.json "HTTP/1.1 200 OK"
2026-08-03 20:10:36,276 | [FULL    ] | INFO | httpx | HTTP Request: HEAD https://huggingface.co/apple/mobilevit-small/resolve/main/model.safetensors "HTTP/1.1 404 Not Found"
2026-08-03 20:10:36,480 | [FULL    ] | INFO | httpx | HTTP Request: HEAD https://huggingface.co/apple/mobilevit-small/resolve/main/model.safetensors.index.json "HTTP/1.1 404 Not Found"
2026-08-03 20:10:36,688 | [FULL    ] | INFO | httpx | HTTP Request: HEAD https://huggingface.co/apple/mobilevit-small/resolve/main/pytorch_model.bin "HTTP/1.1 302 Found"
2026-08-03 20:10:36,902 | [FULL    ] | INFO | httpx | HTTP Request: HEAD https://huggingface.co/apple/mobilevit-small/resolve/main/model.safetensors "HTTP/1.1 404 Not Found"
2026-08-03 20:10:37,114 | [FULL    ] | INFO | httpx | HTTP Request: GET https://huggingface.co/api/models/apple/mobilevit-small "HTTP/1.1 200 OK"
2026-08-03 20:10:37,340 | [FULL    ] | INFO | httpx | HTTP Request: GET https://huggingface.co/api/models/apple/mobilevit-small/commits/main "HTTP/1.1 200 OK"
2026-08-03 20:10:37,580 | [FULL    ] | INFO | httpx | HTTP Request: GET https://huggingface.co/api/models/apple/mobilevit-small/discussions?p=0 "HTTP/1.1 200 OK"
2026-08-03 20:10:37,801 | [FULL    ] | INFO | httpx | HTTP Request: GET https://huggingface.co/api/models/apple/mobilevit-small/commits/refs%2Fpr%2F6 "HTTP/1.1 200 OK"
2026-08-03 20:10:38,018 | [FULL    ] | INFO | httpx | HTTP Request: HEAD https://huggingface.co/apple/mobilevit-small/resolve/refs%2Fpr%2F6/model.safetensors.index.json "HTTP/1.1 404 Not Found"
2026-08-03 20:10:38,230 | [FULL    ] | INFO | httpx | HTTP Request: HEAD https://huggingface.co/apple/mobilevit-small/resolve/refs%2Fpr%2F6/model.safetensors "HTTP/1.1 302 Found"
2026-08-03 20:10:39,151 | [FULL    ] | INFO | full_experiments_using.model_trainers.mobile_vit_trainer | Device: cuda | max_epochs=500 | batch=32 | eval_batch=256 | es_patience=30
2026-08-03 20:10:39,162 | [FULL    ] | INFO | full_experiments_using.model_trainers.mobile_vit_trainer | CE weights — HC: 1.107  MCI: 0.912
2026-08-03 20:11:20,528 | [FULL    ] | INFO | full_experiments_using.model_trainers.mobile_vit_trainer | Ep [001/500] T-Acc:  53.7%  V-Acc:  57.6%  V-AUROC: 0.5018  LR: 2.00e-04
2026-08-03 20:11:20,609 | [FULL    ] | INFO | full_experiments_using.model_trainers.mobile_vit_trainer |   ↳ new best AUROC; saved checkpoint: /home/oem/choihyunsu/VOGBasedMCIDetection/outputs/checkpoints/run_20260803_091247_full_wvote_artifact30_w0-5-10-10-0-15-30-30_strat_4err/fold_24_best.pth
2026-08-03 20:11:48,927 | [FULL    ] | INFO | full_experiments_using.model_trainers.mobile_vit_trainer | Ep [002/500] T-Acc:  52.9%  V-Acc:  56.7%  V-AUROC: 0.5102  LR: 4.00e-04
2026-08-03 20:11:49,048 | [FULL    ] | INFO | full_experiments_using.model_trainers.mobile_vit_trainer |   ↳ new best AUROC; saved checkpoint: /home/oem/choihyunsu/VOGBasedMCIDetection/outputs/checkpoints/run_20260803_091247_full_wvote_artifact30_w0-5-10-10-0-15-30-30_strat_4err/fold_24_best.pth
2026-08-03 20:12:17,188 | [FULL    ] | INFO | full_experiments_using.model_trainers.mobile_vit_trainer | Ep [003/500] T-Acc:  53.2%  V-Acc:  57.5%  V-AUROC: 0.5164  LR: 6.00e-04
2026-08-03 20:12:17,303 | [FULL    ] | INFO | full_experiments_using.model_trainers.mobile_vit_trainer |   ↳ new best AUROC; saved checkpoint: /home/oem/choihyunsu/VOGBasedMCIDetection/outputs/checkpoints/run_20260803_091247_full_wvote_artifact30_w0-5-10-10-0-15-30-30_strat_4err/fold_24_best.pth
2026-08-03 20:12:45,292 | [FULL    ] | INFO | full_experiments_using.model_trainers.mobile_vit_trainer | Ep [004/500] T-Acc:  52.1%  V-Acc:  55.0%  V-AUROC: 0.5295  LR: 8.00e-04
2026-08-03 20:12:45,435 | [FULL    ] | INFO | full_experiments_using.model_trainers.mobile_vit_trainer |   ↳ new best AUROC; saved checkpoint: /home/oem/choihyunsu/VOGBasedMCIDetection/outputs/checkpoints/run_20260803_091247_full_wvote_artifact30_w0-5-10-10-0-15-30-30_strat_4err/fold_24_best.pth
2026-08-03 20:13:13,389 | [FULL    ] | INFO | full_experiments_using.model_trainers.mobile_vit_trainer | Ep [005/500] T-Acc:  53.3%  V-Acc:  56.1%  V-AUROC: 0.5486  LR: 1.00e-03
2026-08-03 20:13:13,507 | [FULL    ] | INFO | full_experiments_using.model_trainers.mobile_vit_trainer |   ↳ new best AUROC; saved checkpoint: /home/oem/choihyunsu/VOGBasedMCIDetection/outputs/checkpoints/run_20260803_091247_full_wvote_artifact30_w0-5-10-10-0-15-30-30_strat_4err/fold_24_best.pth
2026-08-03 20:13:41,608 | [FULL    ] | INFO | full_experiments_using.model_trainers.mobile_vit_trainer | Ep [006/500] T-Acc:  54.0%  V-Acc:  53.4%  V-AUROC: 0.5375  LR: 1.00e-03
2026-08-03 20:14:09,668 | [FULL    ] | INFO | full_experiments_using.model_trainers.mobile_vit_trainer | Ep [007/500] T-Acc:  54.6%  V-Acc:  55.2%  V-AUROC: 0.5531  LR: 1.00e-03
2026-08-03 20:14:09,804 | [FULL    ] | INFO | full_experiments_using.model_trainers.mobile_vit_trainer |   ↳ new best AUROC; saved checkpoint: /home/oem/choihyunsu/VOGBasedMCIDetection/outputs/checkpoints/run_20260803_091247_full_wvote_artifact30_w0-5-10-10-0-15-30-30_strat_4err/fold_24_best.pth
2026-08-03 20:14:37,849 | [FULL    ] | INFO | full_experiments_using.model_trainers.mobile_vit_trainer | Ep [008/500] T-Acc:  55.1%  V-Acc:  54.8%  V-AUROC: 0.5419  LR: 1.00e-03
2026-08-03 20:15:05,796 | [FULL    ] | INFO | full_experiments_using.model_trainers.mobile_vit_trainer | Ep [009/500] T-Acc:  54.4%  V-Acc:  55.9%  V-AUROC: 0.5545  LR: 1.00e-03
2026-08-03 20:15:05,913 | [FULL    ] | INFO | full_experiments_using.model_trainers.mobile_vit_trainer |   ↳ new best AUROC; saved checkpoint: /home/oem/choihyunsu/VOGBasedMCIDetection/outputs/checkpoints/run_20260803_091247_full_wvote_artifact30_w0-5-10-10-0-15-30-30_strat_4err/fold_24_best.pth
2026-08-03 20:15:34,000 | [FULL    ] | INFO | full_experiments_using.model_trainers.mobile_vit_trainer | Ep [010/500] T-Acc:  55.1%  V-Acc:  53.8%  V-AUROC: 0.5321  LR: 1.00e-03
2026-08-03 20:16:02,276 | [FULL    ] | INFO | full_experiments_using.model_trainers.mobile_vit_trainer | Ep [011/500] T-Acc:  55.8%  V-Acc:  54.9%  V-AUROC: 0.5517  LR: 1.00e-03
2026-08-03 20:16:30,285 | [FULL    ] | INFO | full_experiments_using.model_trainers.mobile_vit_trainer | Ep [012/500] T-Acc:  56.3%  V-Acc:  56.0%  V-AUROC: 0.5768  LR: 1.00e-03
2026-08-03 20:16:30,404 | [FULL    ] | INFO | full_experiments_using.model_trainers.mobile_vit_trainer |   ↳ new best AUROC; saved checkpoint: /home/oem/choihyunsu/VOGBasedMCIDetection/outputs/checkpoints/run_20260803_091247_full_wvote_artifact30_w0-5-10-10-0-15-30-30_strat_4err/fold_24_best.pth
2026-08-03 20:16:58,230 | [FULL    ] | INFO | full_experiments_using.model_trainers.mobile_vit_trainer | Ep [013/500] T-Acc:  57.2%  V-Acc:  54.2%  V-AUROC: 0.5504  LR: 1.00e-03
2026-08-03 20:17:26,041 | [FULL    ] | INFO | full_experiments_using.model_trainers.mobile_vit_trainer | Ep [014/500] T-Acc:  57.8%  V-Acc:  54.9%  V-AUROC: 0.5738  LR: 1.00e-03
2026-08-03 20:17:53,987 | [FULL    ] | INFO | full_experiments_using.model_trainers.mobile_vit_trainer | Ep [015/500] T-Acc:  57.2%  V-Acc:  56.2%  V-AUROC: 0.5830  LR: 1.00e-03
2026-08-03 20:17:54,097 | [FULL    ] | INFO | full_experiments_using.model_trainers.mobile_vit_trainer |   ↳ new best AUROC; saved checkpoint: /home/oem/choihyunsu/VOGBasedMCIDetection/outputs/checkpoints/run_20260803_091247_full_wvote_artifact30_w0-5-10-10-0-15-30-30_strat_4err/fold_24_best.pth
2026-08-03 20:18:22,056 | [FULL    ] | INFO | full_experiments_using.model_trainers.mobile_vit_trainer | Ep [016/500] T-Acc:  56.7%  V-Acc:  55.6%  V-AUROC: 0.5765  LR: 1.00e-03
2026-08-03 20:18:49,774 | [FULL    ] | INFO | full_experiments_using.model_trainers.mobile_vit_trainer | Ep [017/500] T-Acc:  58.1%  V-Acc:  55.0%  V-AUROC: 0.5591  LR: 1.00e-03
2026-08-03 20:19:17,129 | [FULL    ] | INFO | full_experiments_using.model_trainers.mobile_vit_trainer | Ep [018/500] T-Acc:  58.2%  V-Acc:  56.2%  V-AUROC: 0.5850  LR: 1.00e-03
2026-08-03 20:19:17,238 | [FULL    ] | INFO | full_experiments_using.model_trainers.mobile_vit_trainer |   ↳ new best AUROC; saved checkpoint: /home/oem/choihyunsu/VOGBasedMCIDetection/outputs/checkpoints/run_20260803_091247_full_wvote_artifact30_w0-5-10-10-0-15-30-30_strat_4err/fold_24_best.pth
2026-08-03 20:19:42,514 | [FULL    ] | INFO | full_experiments_using.model_trainers.mobile_vit_trainer | Ep [019/500] T-Acc:  58.4%  V-Acc:  54.3%  V-AUROC: 0.5732  LR: 1.00e-03
2026-08-03 20:20:07,836 | [FULL    ] | INFO | full_experiments_using.model_trainers.mobile_vit_trainer | Ep [020/500] T-Acc:  59.2%  V-Acc:  56.0%  V-AUROC: 0.5761  LR: 1.00e-03
2026-08-03 20:20:35,979 | [FULL    ] | INFO | full_experiments_using.model_trainers.mobile_vit_trainer | Ep [021/500] T-Acc:  58.0%  V-Acc:  54.1%  V-AUROC: 0.5673  LR: 1.00e-03
2026-08-03 20:21:04,053 | [FULL    ] | INFO | full_experiments_using.model_trainers.mobile_vit_trainer | Ep [022/500] T-Acc:  57.8%  V-Acc:  56.5%  V-AUROC: 0.5761  LR: 1.00e-03
2026-08-03 20:21:31,968 | [FULL    ] | INFO | full_experiments_using.model_trainers.mobile_vit_trainer | Ep [023/500] T-Acc:  59.2%  V-Acc:  55.5%  V-AUROC: 0.5652  LR: 1.00e-03
2026-08-03 20:22:00,515 | [FULL    ] | INFO | full_experiments_using.model_trainers.mobile_vit_trainer | Ep [024/500] T-Acc:  60.0%  V-Acc:  55.3%  V-AUROC: 0.5970  LR: 1.00e-03
2026-08-03 20:22:00,631 | [FULL    ] | INFO | full_experiments_using.model_trainers.mobile_vit_trainer |   ↳ new best AUROC; saved checkpoint: /home/oem/choihyunsu/VOGBasedMCIDetection/outputs/checkpoints/run_20260803_091247_full_wvote_artifact30_w0-5-10-10-0-15-30-30_strat_4err/fold_24_best.pth
2026-08-03 20:22:28,671 | [FULL    ] | INFO | full_experiments_using.model_trainers.mobile_vit_trainer | Ep [025/500] T-Acc:  60.3%  V-Acc:  55.3%  V-AUROC: 0.5773  LR: 1.00e-03
2026-08-03 20:22:56,752 | [FULL    ] | INFO | full_experiments_using.model_trainers.mobile_vit_trainer | Ep [026/500] T-Acc:  59.9%  V-Acc:  54.6%  V-AUROC: 0.5634  LR: 1.00e-03
2026-08-03 20:23:25,161 | [FULL    ] | INFO | full_experiments_using.model_trainers.mobile_vit_trainer | Ep [027/500] T-Acc:  59.8%  V-Acc:  55.2%  V-AUROC: 0.5631  LR: 1.00e-03
2026-08-03 20:23:53,217 | [FULL    ] | INFO | full_experiments_using.model_trainers.mobile_vit_trainer | Ep [028/500] T-Acc:  60.2%  V-Acc:  54.3%  V-AUROC: 0.5618  LR: 1.00e-03
2026-08-03 20:24:21,448 | [FULL    ] | INFO | full_experiments_using.model_trainers.mobile_vit_trainer | Ep [029/500] T-Acc:  60.7%  V-Acc:  53.4%  V-AUROC: 0.5813  LR: 1.00e-03
2026-08-03 20:24:49,314 | [FULL    ] | INFO | full_experiments_using.model_trainers.mobile_vit_trainer | Ep [030/500] T-Acc:  60.8%  V-Acc:  53.8%  V-AUROC: 0.5669  LR: 1.00e-03
2026-08-03 20:25:17,205 | [FULL    ] | INFO | full_experiments_using.model_trainers.mobile_vit_trainer | Ep [031/500] T-Acc:  60.1%  V-Acc:  55.8%  V-AUROC: 0.5710  LR: 1.00e-03
2026-08-03 20:25:45,136 | [FULL    ] | INFO | full_experiments_using.model_trainers.mobile_vit_trainer | Ep [032/500] T-Acc:  61.1%  V-Acc:  55.6%  V-AUROC: 0.5744  LR: 1.00e-03
2026-08-03 20:26:13,051 | [FULL    ] | INFO | full_experiments_using.model_trainers.mobile_vit_trainer | Ep [033/500] T-Acc:  61.0%  V-Acc:  55.2%  V-AUROC: 0.5719  LR: 1.00e-03
2026-08-03 20:26:41,167 | [FULL    ] | INFO | full_experiments_using.model_trainers.mobile_vit_trainer | Ep [034/500] T-Acc:  61.4%  V-Acc:  54.9%  V-AUROC: 0.5760  LR: 1.00e-03
2026-08-03 20:27:09,355 | [FULL    ] | INFO | full_experiments_using.model_trainers.mobile_vit_trainer | Ep [035/500] T-Acc:  61.0%  V-Acc:  54.3%  V-AUROC: 0.5693  LR: 1.00e-03
2026-08-03 20:27:37,309 | [FULL    ] | INFO | full_experiments_using.model_trainers.mobile_vit_trainer | Ep [036/500] T-Acc:  61.0%  V-Acc:  53.4%  V-AUROC: 0.5654  LR: 2.00e-04
2026-08-03 20:28:05,345 | [FULL    ] | INFO | full_experiments_using.model_trainers.mobile_vit_trainer | Ep [037/500] T-Acc:  62.1%  V-Acc:  54.5%  V-AUROC: 0.5695  LR: 2.00e-04
2026-08-03 20:28:33,191 | [FULL    ] | INFO | full_experiments_using.model_trainers.mobile_vit_trainer | Ep [038/500] T-Acc:  62.0%  V-Acc:  54.0%  V-AUROC: 0.5710  LR: 2.00e-04
2026-08-03 20:29:01,405 | [FULL    ] | INFO | full_experiments_using.model_trainers.mobile_vit_trainer | Ep [039/500] T-Acc:  60.5%  V-Acc:  54.0%  V-AUROC: 0.5683  LR: 2.00e-04
2026-08-03 20:29:29,265 | [FULL    ] | INFO | full_experiments_using.model_trainers.mobile_vit_trainer | Ep [040/500] T-Acc:  61.6%  V-Acc:  53.9%  V-AUROC: 0.5697  LR: 2.00e-04
2026-08-03 20:29:57,188 | [FULL    ] | INFO | full_experiments_using.model_trainers.mobile_vit_trainer | Ep [041/500] T-Acc:  62.2%  V-Acc:  55.1%  V-AUROC: 0.5677  LR: 2.00e-04
2026-08-03 20:30:25,029 | [FULL    ] | INFO | full_experiments_using.model_trainers.mobile_vit_trainer | Ep [042/500] T-Acc:  62.4%  V-Acc:  54.2%  V-AUROC: 0.5704  LR: 2.00e-04
2026-08-03 20:30:53,261 | [FULL    ] | INFO | full_experiments_using.model_trainers.mobile_vit_trainer | Ep [043/500] T-Acc:  61.8%  V-Acc:  54.5%  V-AUROC: 0.5700  LR: 2.00e-04
2026-08-03 20:31:21,083 | [FULL    ] | INFO | full_experiments_using.model_trainers.mobile_vit_trainer | Ep [044/500] T-Acc:  62.5%  V-Acc:  53.2%  V-AUROC: 0.5703  LR: 2.00e-04
2026-08-03 20:31:49,135 | [FULL    ] | INFO | full_experiments_using.model_trainers.mobile_vit_trainer | Ep [045/500] T-Acc:  62.1%  V-Acc:  53.1%  V-AUROC: 0.5715  LR: 2.00e-04
2026-08-03 20:32:17,173 | [FULL    ] | INFO | full_experiments_using.model_trainers.mobile_vit_trainer | Ep [046/500] T-Acc:  62.2%  V-Acc:  53.2%  V-AUROC: 0.5694  LR: 2.00e-04
2026-08-03 20:32:45,220 | [FULL    ] | INFO | full_experiments_using.model_trainers.mobile_vit_trainer | Ep [047/500] T-Acc:  62.2%  V-Acc:  54.8%  V-AUROC: 0.5687  LR: 4.00e-05
2026-08-03 20:33:11,561 | [FULL    ] | INFO | full_experiments_using.model_trainers.mobile_vit_trainer | Ep [048/500] T-Acc:  62.6%  V-Acc:  54.1%  V-AUROC: 0.5710  LR: 4.00e-05
2026-08-03 20:33:37,584 | [FULL    ] | INFO | full_experiments_using.model_trainers.mobile_vit_trainer | Ep [049/500] T-Acc:  62.3%  V-Acc:  54.6%  V-AUROC: 0.5700  LR: 4.00e-05
2026-08-03 20:34:05,642 | [FULL    ] | INFO | full_experiments_using.model_trainers.mobile_vit_trainer | Ep [050/500] T-Acc:  61.9%  V-Acc:  53.6%  V-AUROC: 0.5743  LR: 4.00e-05
2026-08-03 20:34:33,350 | [FULL    ] | INFO | full_experiments_using.model_trainers.mobile_vit_trainer | Ep [051/500] T-Acc:  62.1%  V-Acc:  53.8%  V-AUROC: 0.5709  LR: 4.00e-05
2026-08-03 20:35:01,163 | [FULL    ] | INFO | full_experiments_using.model_trainers.mobile_vit_trainer | Ep [052/500] T-Acc:  62.5%  V-Acc:  54.3%  V-AUROC: 0.5705  LR: 4.00e-05
2026-08-03 20:35:29,114 | [FULL    ] | INFO | full_experiments_using.model_trainers.mobile_vit_trainer | Ep [053/500] T-Acc:  61.9%  V-Acc:  54.7%  V-AUROC: 0.5726  LR: 4.00e-05
2026-08-03 20:35:57,401 | [FULL    ] | INFO | full_experiments_using.model_trainers.mobile_vit_trainer | Ep [054/500] T-Acc:  62.0%  V-Acc:  53.9%  V-AUROC: 0.5715  LR: 4.00e-05
2026-08-03 20:35:57,401 | [FULL    ] | INFO | full_experiments_using.model_trainers.mobile_vit_trainer | Early stop — best AUROC 0.5970 at epoch 24 (no improvement for 30 epochs)
2026-08-03 20:35:57,401 | [FULL    ] | INFO | full_experiments_using.model_trainers.mobile_vit_trainer | Done. Best AUROC: 0.5970 (epoch 24) → /home/oem/choihyunsu/VOGBasedMCIDetection/outputs/checkpoints/run_20260803_091247_full_wvote_artifact30_w0-5-10-10-0-15-30-30_strat_4err/fold_24_best.pth
2026-08-03 20:36:07,403 | [FULL    ] | INFO | full_experiments_using.evaluators.monte_carlo_evaluator | -> Fold 25 Result | Acc=0.818 Sens=0.714 Spec=1.000 AUROC=0.857
2026-08-03 20:36:07,417 | [FULL    ] | INFO | full_experiments_using.evaluators.monte_carlo_evaluator | === Fold 26/30 | train: 25 subj (HC=10 MCI=15) / 3904 win | test: 12 subj (HC=4 MCI=8) / 1811 win ===
2026-08-03 20:36:07,652 | [FULL    ] | INFO | httpx | HTTP Request: HEAD https://huggingface.co/apple/mobilevit-small/resolve/main/config.json "HTTP/1.1 307 Temporary Redirect"
2026-08-03 20:36:07,671 | [FULL    ] | INFO | httpx | HTTP Request: HEAD https://huggingface.co/api/resolve-cache/models/apple/mobilevit-small/6c8612545dc98676d27bc518fa521d9e9af23e34/config.json "HTTP/1.1 200 OK"
2026-08-03 20:36:07,945 | [FULL    ] | INFO | httpx | HTTP Request: HEAD https://huggingface.co/apple/mobilevit-small/resolve/main/model.safetensors "HTTP/1.1 404 Not Found"
2026-08-03 20:36:08,154 | [FULL    ] | INFO | httpx | HTTP Request: HEAD https://huggingface.co/apple/mobilevit-small/resolve/main/model.safetensors.index.json "HTTP/1.1 404 Not Found"
2026-08-03 20:36:08,367 | [FULL    ] | INFO | httpx | HTTP Request: HEAD https://huggingface.co/apple/mobilevit-small/resolve/main/pytorch_model.bin "HTTP/1.1 302 Found"
2026-08-03 20:36:08,578 | [FULL    ] | INFO | httpx | HTTP Request: HEAD https://huggingface.co/apple/mobilevit-small/resolve/main/model.safetensors "HTTP/1.1 404 Not Found"
2026-08-03 20:36:08,790 | [FULL    ] | INFO | httpx | HTTP Request: GET https://huggingface.co/api/models/apple/mobilevit-small "HTTP/1.1 200 OK"
2026-08-03 20:36:09,050 | [FULL    ] | INFO | httpx | HTTP Request: GET https://huggingface.co/api/models/apple/mobilevit-small/commits/main "HTTP/1.1 200 OK"
2026-08-03 20:36:09,272 | [FULL    ] | INFO | httpx | HTTP Request: GET https://huggingface.co/api/models/apple/mobilevit-small/discussions?p=0 "HTTP/1.1 200 OK"
2026-08-03 20:36:09,491 | [FULL    ] | INFO | httpx | HTTP Request: GET https://huggingface.co/api/models/apple/mobilevit-small/commits/refs%2Fpr%2F6 "HTTP/1.1 200 OK"
2026-08-03 20:36:09,695 | [FULL    ] | INFO | httpx | HTTP Request: HEAD https://huggingface.co/apple/mobilevit-small/resolve/refs%2Fpr%2F6/model.safetensors.index.json "HTTP/1.1 404 Not Found"
2026-08-03 20:36:09,899 | [FULL    ] | INFO | httpx | HTTP Request: HEAD https://huggingface.co/apple/mobilevit-small/resolve/refs%2Fpr%2F6/model.safetensors "HTTP/1.1 302 Found"
2026-08-03 20:36:10,809 | [FULL    ] | INFO | full_experiments_using.model_trainers.mobile_vit_trainer | Device: cuda | max_epochs=500 | batch=32 | eval_batch=256 | es_patience=30
2026-08-03 20:36:10,820 | [FULL    ] | INFO | full_experiments_using.model_trainers.mobile_vit_trainer | CE weights — HC: 1.090  MCI: 0.924
2026-08-03 20:36:47,788 | [FULL    ] | INFO | full_experiments_using.model_trainers.mobile_vit_trainer | Ep [001/500] T-Acc:  52.0%  V-Acc:  53.1%  V-AUROC: 0.5449  LR: 2.00e-04
2026-08-03 20:36:47,887 | [FULL    ] | INFO | full_experiments_using.model_trainers.mobile_vit_trainer |   ↳ new best AUROC; saved checkpoint: /home/oem/choihyunsu/VOGBasedMCIDetection/outputs/checkpoints/run_20260803_091247_full_wvote_artifact30_w0-5-10-10-0-15-30-30_strat_4err/fold_25_best.pth
2026-08-03 20:37:16,368 | [FULL    ] | INFO | full_experiments_using.model_trainers.mobile_vit_trainer | Ep [002/500] T-Acc:  51.6%  V-Acc:  53.5%  V-AUROC: 0.5358  LR: 4.00e-04
2026-08-03 20:37:45,024 | [FULL    ] | INFO | full_experiments_using.model_trainers.mobile_vit_trainer | Ep [003/500] T-Acc:  53.0%  V-Acc:  52.4%  V-AUROC: 0.5406  LR: 6.00e-04
2026-08-03 20:38:13,557 | [FULL    ] | INFO | full_experiments_using.model_trainers.mobile_vit_trainer | Ep [004/500] T-Acc:  52.3%  V-Acc:  53.8%  V-AUROC: 0.5627  LR: 8.00e-04
2026-08-03 20:38:13,734 | [FULL    ] | INFO | full_experiments_using.model_trainers.mobile_vit_trainer |   ↳ new best AUROC; saved checkpoint: /home/oem/choihyunsu/VOGBasedMCIDetection/outputs/checkpoints/run_20260803_091247_full_wvote_artifact30_w0-5-10-10-0-15-30-30_strat_4err/fold_25_best.pth
2026-08-03 20:38:42,213 | [FULL    ] | INFO | full_experiments_using.model_trainers.mobile_vit_trainer | Ep [005/500] T-Acc:  54.1%  V-Acc:  52.8%  V-AUROC: 0.5696  LR: 1.00e-03
2026-08-03 20:38:42,406 | [FULL    ] | INFO | full_experiments_using.model_trainers.mobile_vit_trainer |   ↳ new best AUROC; saved checkpoint: /home/oem/choihyunsu/VOGBasedMCIDetection/outputs/checkpoints/run_20260803_091247_full_wvote_artifact30_w0-5-10-10-0-15-30-30_strat_4err/fold_25_best.pth
2026-08-03 20:39:10,727 | [FULL    ] | INFO | full_experiments_using.model_trainers.mobile_vit_trainer | Ep [006/500] T-Acc:  54.0%  V-Acc:  55.9%  V-AUROC: 0.5705  LR: 1.00e-03
2026-08-03 20:39:10,915 | [FULL    ] | INFO | full_experiments_using.model_trainers.mobile_vit_trainer |   ↳ new best AUROC; saved checkpoint: /home/oem/choihyunsu/VOGBasedMCIDetection/outputs/checkpoints/run_20260803_091247_full_wvote_artifact30_w0-5-10-10-0-15-30-30_strat_4err/fold_25_best.pth
2026-08-03 20:39:39,550 | [FULL    ] | INFO | full_experiments_using.model_trainers.mobile_vit_trainer | Ep [007/500] T-Acc:  54.7%  V-Acc:  55.2%  V-AUROC: 0.5860  LR: 1.00e-03
2026-08-03 20:39:39,689 | [FULL    ] | INFO | full_experiments_using.model_trainers.mobile_vit_trainer |   ↳ new best AUROC; saved checkpoint: /home/oem/choihyunsu/VOGBasedMCIDetection/outputs/checkpoints/run_20260803_091247_full_wvote_artifact30_w0-5-10-10-0-15-30-30_strat_4err/fold_25_best.pth
2026-08-03 20:40:07,988 | [FULL    ] | INFO | full_experiments_using.model_trainers.mobile_vit_trainer | Ep [008/500] T-Acc:  56.0%  V-Acc:  56.3%  V-AUROC: 0.5967  LR: 1.00e-03
2026-08-03 20:40:08,187 | [FULL    ] | INFO | full_experiments_using.model_trainers.mobile_vit_trainer |   ↳ new best AUROC; saved checkpoint: /home/oem/choihyunsu/VOGBasedMCIDetection/outputs/checkpoints/run_20260803_091247_full_wvote_artifact30_w0-5-10-10-0-15-30-30_strat_4err/fold_25_best.pth
2026-08-03 20:40:36,418 | [FULL    ] | INFO | full_experiments_using.model_trainers.mobile_vit_trainer | Ep [009/500] T-Acc:  55.7%  V-Acc:  57.4%  V-AUROC: 0.6071  LR: 1.00e-03
2026-08-03 20:40:36,645 | [FULL    ] | INFO | full_experiments_using.model_trainers.mobile_vit_trainer |   ↳ new best AUROC; saved checkpoint: /home/oem/choihyunsu/VOGBasedMCIDetection/outputs/checkpoints/run_20260803_091247_full_wvote_artifact30_w0-5-10-10-0-15-30-30_strat_4err/fold_25_best.pth
2026-08-03 20:41:05,306 | [FULL    ] | INFO | full_experiments_using.model_trainers.mobile_vit_trainer | Ep [010/500] T-Acc:  56.4%  V-Acc:  55.3%  V-AUROC: 0.5683  LR: 1.00e-03
2026-08-03 20:41:31,850 | [FULL    ] | INFO | full_experiments_using.model_trainers.mobile_vit_trainer | Ep [011/500] T-Acc:  56.3%  V-Acc:  55.9%  V-AUROC: 0.5845  LR: 1.00e-03
2026-08-03 20:41:57,879 | [FULL    ] | INFO | full_experiments_using.model_trainers.mobile_vit_trainer | Ep [012/500] T-Acc:  55.4%  V-Acc:  54.8%  V-AUROC: 0.5716  LR: 1.00e-03
2026-08-03 20:42:26,548 | [FULL    ] | INFO | full_experiments_using.model_trainers.mobile_vit_trainer | Ep [013/500] T-Acc:  55.7%  V-Acc:  56.6%  V-AUROC: 0.5837  LR: 1.00e-03
2026-08-03 20:42:54,882 | [FULL    ] | INFO | full_experiments_using.model_trainers.mobile_vit_trainer | Ep [014/500] T-Acc:  56.2%  V-Acc:  56.2%  V-AUROC: 0.5841  LR: 1.00e-03
2026-08-03 20:43:23,283 | [FULL    ] | INFO | full_experiments_using.model_trainers.mobile_vit_trainer | Ep [015/500] T-Acc:  57.0%  V-Acc:  56.0%  V-AUROC: 0.5679  LR: 1.00e-03
2026-08-03 20:43:51,907 | [FULL    ] | INFO | full_experiments_using.model_trainers.mobile_vit_trainer | Ep [016/500] T-Acc:  56.5%  V-Acc:  55.8%  V-AUROC: 0.5864  LR: 1.00e-03
2026-08-03 20:44:20,247 | [FULL    ] | INFO | full_experiments_using.model_trainers.mobile_vit_trainer | Ep [017/500] T-Acc:  56.3%  V-Acc:  56.8%  V-AUROC: 0.5835  LR: 1.00e-03
2026-08-03 20:44:48,522 | [FULL    ] | INFO | full_experiments_using.model_trainers.mobile_vit_trainer | Ep [018/500] T-Acc:  57.3%  V-Acc:  56.4%  V-AUROC: 0.5840  LR: 1.00e-03
2026-08-03 20:45:16,986 | [FULL    ] | INFO | full_experiments_using.model_trainers.mobile_vit_trainer | Ep [019/500] T-Acc:  57.9%  V-Acc:  58.6%  V-AUROC: 0.5920  LR: 1.00e-03
2026-08-03 20:45:45,546 | [FULL    ] | INFO | full_experiments_using.model_trainers.mobile_vit_trainer | Ep [020/500] T-Acc:  57.2%  V-Acc:  57.1%  V-AUROC: 0.5855  LR: 1.00e-03
2026-08-03 20:46:13,990 | [FULL    ] | INFO | full_experiments_using.model_trainers.mobile_vit_trainer | Ep [021/500] T-Acc:  57.8%  V-Acc:  56.4%  V-AUROC: 0.5831  LR: 2.00e-04
2026-08-03 20:46:42,369 | [FULL    ] | INFO | full_experiments_using.model_trainers.mobile_vit_trainer | Ep [022/500] T-Acc:  59.7%  V-Acc:  58.1%  V-AUROC: 0.6010  LR: 2.00e-04
2026-08-03 20:47:10,783 | [FULL    ] | INFO | full_experiments_using.model_trainers.mobile_vit_trainer | Ep [023/500] T-Acc:  58.4%  V-Acc:  58.1%  V-AUROC: 0.5981  LR: 2.00e-04
2026-08-03 20:47:39,130 | [FULL    ] | INFO | full_experiments_using.model_trainers.mobile_vit_trainer | Ep [024/500] T-Acc:  58.8%  V-Acc:  58.1%  V-AUROC: 0.6074  LR: 2.00e-04
2026-08-03 20:47:39,263 | [FULL    ] | INFO | full_experiments_using.model_trainers.mobile_vit_trainer |   ↳ new best AUROC; saved checkpoint: /home/oem/choihyunsu/VOGBasedMCIDetection/outputs/checkpoints/run_20260803_091247_full_wvote_artifact30_w0-5-10-10-0-15-30-30_strat_4err/fold_25_best.pth
2026-08-03 20:48:07,855 | [FULL    ] | INFO | full_experiments_using.model_trainers.mobile_vit_trainer | Ep [025/500] T-Acc:  59.7%  V-Acc:  58.4%  V-AUROC: 0.6014  LR: 2.00e-04
2026-08-03 20:48:36,349 | [FULL    ] | INFO | full_experiments_using.model_trainers.mobile_vit_trainer | Ep [026/500] T-Acc:  57.8%  V-Acc:  58.0%  V-AUROC: 0.6019  LR: 2.00e-04
2026-08-03 20:49:04,894 | [FULL    ] | INFO | full_experiments_using.model_trainers.mobile_vit_trainer | Ep [027/500] T-Acc:  58.2%  V-Acc:  58.3%  V-AUROC: 0.6033  LR: 2.00e-04
2026-08-03 20:49:33,720 | [FULL    ] | INFO | full_experiments_using.model_trainers.mobile_vit_trainer | Ep [028/500] T-Acc:  58.1%  V-Acc:  57.5%  V-AUROC: 0.5978  LR: 2.00e-04
2026-08-03 20:50:02,322 | [FULL    ] | INFO | full_experiments_using.model_trainers.mobile_vit_trainer | Ep [029/500] T-Acc:  58.4%  V-Acc:  58.9%  V-AUROC: 0.6042  LR: 2.00e-04
2026-08-03 20:50:30,892 | [FULL    ] | INFO | full_experiments_using.model_trainers.mobile_vit_trainer | Ep [030/500] T-Acc:  57.5%  V-Acc:  58.0%  V-AUROC: 0.6028  LR: 2.00e-04
2026-08-03 20:50:59,420 | [FULL    ] | INFO | full_experiments_using.model_trainers.mobile_vit_trainer | Ep [031/500] T-Acc:  58.6%  V-Acc:  58.3%  V-AUROC: 0.6022  LR: 2.00e-04
2026-08-03 20:51:27,845 | [FULL    ] | INFO | full_experiments_using.model_trainers.mobile_vit_trainer | Ep [032/500] T-Acc:  58.2%  V-Acc:  58.4%  V-AUROC: 0.6041  LR: 2.00e-04
2026-08-03 20:51:56,433 | [FULL    ] | INFO | full_experiments_using.model_trainers.mobile_vit_trainer | Ep [033/500] T-Acc:  59.9%  V-Acc:  58.0%  V-AUROC: 0.6053  LR: 2.00e-04
2026-08-03 20:52:24,807 | [FULL    ] | INFO | full_experiments_using.model_trainers.mobile_vit_trainer | Ep [034/500] T-Acc:  59.9%  V-Acc:  57.8%  V-AUROC: 0.6046  LR: 2.00e-04
2026-08-03 20:52:53,226 | [FULL    ] | INFO | full_experiments_using.model_trainers.mobile_vit_trainer | Ep [035/500] T-Acc:  59.1%  V-Acc:  59.2%  V-AUROC: 0.6041  LR: 2.00e-04
2026-08-03 20:53:21,661 | [FULL    ] | INFO | full_experiments_using.model_trainers.mobile_vit_trainer | Ep [036/500] T-Acc:  58.9%  V-Acc:  58.8%  V-AUROC: 0.6034  LR: 4.00e-05
2026-08-03 20:53:50,032 | [FULL    ] | INFO | full_experiments_using.model_trainers.mobile_vit_trainer | Ep [037/500] T-Acc:  59.0%  V-Acc:  58.2%  V-AUROC: 0.6026  LR: 4.00e-05
2026-08-03 20:54:18,525 | [FULL    ] | INFO | full_experiments_using.model_trainers.mobile_vit_trainer | Ep [038/500] T-Acc:  60.5%  V-Acc:  58.6%  V-AUROC: 0.6021  LR: 4.00e-05
2026-08-03 20:54:47,077 | [FULL    ] | INFO | full_experiments_using.model_trainers.mobile_vit_trainer | Ep [039/500] T-Acc:  58.5%  V-Acc:  58.0%  V-AUROC: 0.6017  LR: 4.00e-05
2026-08-03 20:55:15,511 | [FULL    ] | INFO | full_experiments_using.model_trainers.mobile_vit_trainer | Ep [040/500] T-Acc:  59.3%  V-Acc:  57.9%  V-AUROC: 0.6031  LR: 4.00e-05
2026-08-03 20:55:43,949 | [FULL    ] | INFO | full_experiments_using.model_trainers.mobile_vit_trainer | Ep [041/500] T-Acc:  58.7%  V-Acc:  58.2%  V-AUROC: 0.6014  LR: 4.00e-05
2026-08-03 20:56:11,046 | [FULL    ] | INFO | full_experiments_using.model_trainers.mobile_vit_trainer | Ep [042/500] T-Acc:  60.0%  V-Acc:  58.9%  V-AUROC: 0.6028  LR: 4.00e-05
2026-08-03 20:56:39,580 | [FULL    ] | INFO | full_experiments_using.model_trainers.mobile_vit_trainer | Ep [043/500] T-Acc:  59.4%  V-Acc:  58.0%  V-AUROC: 0.6017  LR: 4.00e-05
2026-08-03 20:57:07,951 | [FULL    ] | INFO | full_experiments_using.model_trainers.mobile_vit_trainer | Ep [044/500] T-Acc:  59.2%  V-Acc:  57.7%  V-AUROC: 0.6019  LR: 4.00e-05
2026-08-03 20:57:36,327 | [FULL    ] | INFO | full_experiments_using.model_trainers.mobile_vit_trainer | Ep [045/500] T-Acc:  59.6%  V-Acc:  58.3%  V-AUROC: 0.6026  LR: 4.00e-05
2026-08-03 20:58:04,989 | [FULL    ] | INFO | full_experiments_using.model_trainers.mobile_vit_trainer | Ep [046/500] T-Acc:  60.2%  V-Acc:  58.1%  V-AUROC: 0.6007  LR: 4.00e-05
2026-08-03 20:58:33,671 | [FULL    ] | INFO | full_experiments_using.model_trainers.mobile_vit_trainer | Ep [047/500] T-Acc:  59.6%  V-Acc:  57.8%  V-AUROC: 0.6012  LR: 8.00e-06
2026-08-03 20:59:00,806 | [FULL    ] | INFO | full_experiments_using.model_trainers.mobile_vit_trainer | Ep [048/500] T-Acc:  59.3%  V-Acc:  58.8%  V-AUROC: 0.6006  LR: 8.00e-06
2026-08-03 20:59:26,779 | [FULL    ] | INFO | full_experiments_using.model_trainers.mobile_vit_trainer | Ep [049/500] T-Acc:  58.8%  V-Acc:  58.1%  V-AUROC: 0.6003  LR: 8.00e-06
2026-08-03 20:59:55,442 | [FULL    ] | INFO | full_experiments_using.model_trainers.mobile_vit_trainer | Ep [050/500] T-Acc:  58.4%  V-Acc:  58.1%  V-AUROC: 0.6015  LR: 8.00e-06
2026-08-03 21:00:23,928 | [FULL    ] | INFO | full_experiments_using.model_trainers.mobile_vit_trainer | Ep [051/500] T-Acc:  59.6%  V-Acc:  57.7%  V-AUROC: 0.6003  LR: 8.00e-06
2026-08-03 21:00:52,327 | [FULL    ] | INFO | full_experiments_using.model_trainers.mobile_vit_trainer | Ep [052/500] T-Acc:  59.8%  V-Acc:  57.9%  V-AUROC: 0.6010  LR: 8.00e-06
2026-08-03 21:01:20,741 | [FULL    ] | INFO | full_experiments_using.model_trainers.mobile_vit_trainer | Ep [053/500] T-Acc:  58.6%  V-Acc:  58.4%  V-AUROC: 0.6006  LR: 8.00e-06
2026-08-03 21:01:49,163 | [FULL    ] | INFO | full_experiments_using.model_trainers.mobile_vit_trainer | Ep [054/500] T-Acc:  58.5%  V-Acc:  58.6%  V-AUROC: 0.5995  LR: 8.00e-06
2026-08-03 21:01:49,164 | [FULL    ] | INFO | full_experiments_using.model_trainers.mobile_vit_trainer | Early stop — best AUROC 0.6074 at epoch 24 (no improvement for 30 epochs)
2026-08-03 21:01:49,164 | [FULL    ] | INFO | full_experiments_using.model_trainers.mobile_vit_trainer | Done. Best AUROC: 0.6074 (epoch 24) → /home/oem/choihyunsu/VOGBasedMCIDetection/outputs/checkpoints/run_20260803_091247_full_wvote_artifact30_w0-5-10-10-0-15-30-30_strat_4err/fold_25_best.pth
2026-08-03 21:01:57,633 | [FULL    ] | INFO | full_experiments_using.evaluators.monte_carlo_evaluator | -> Fold 26 Result | Acc=0.700 Sens=0.857 Spec=0.333 AUROC=0.905
2026-08-03 21:01:57,647 | [FULL    ] | INFO | full_experiments_using.evaluators.monte_carlo_evaluator | === Fold 27/30 | train: 25 subj (HC=10 MCI=15) / 3866 win | test: 12 subj (HC=4 MCI=8) / 1849 win ===
2026-08-03 21:01:57,887 | [FULL    ] | INFO | httpx | HTTP Request: HEAD https://huggingface.co/apple/mobilevit-small/resolve/main/config.json "HTTP/1.1 307 Temporary Redirect"
2026-08-03 21:01:57,902 | [FULL    ] | INFO | httpx | HTTP Request: HEAD https://huggingface.co/api/resolve-cache/models/apple/mobilevit-small/6c8612545dc98676d27bc518fa521d9e9af23e34/config.json "HTTP/1.1 200 OK"
2026-08-03 21:01:58,183 | [FULL    ] | INFO | httpx | HTTP Request: HEAD https://huggingface.co/apple/mobilevit-small/resolve/main/model.safetensors "HTTP/1.1 404 Not Found"
2026-08-03 21:01:58,383 | [FULL    ] | INFO | httpx | HTTP Request: HEAD https://huggingface.co/apple/mobilevit-small/resolve/main/model.safetensors.index.json "HTTP/1.1 404 Not Found"
2026-08-03 21:01:58,588 | [FULL    ] | INFO | httpx | HTTP Request: HEAD https://huggingface.co/apple/mobilevit-small/resolve/main/pytorch_model.bin "HTTP/1.1 302 Found"
2026-08-03 21:01:58,798 | [FULL    ] | INFO | httpx | HTTP Request: HEAD https://huggingface.co/apple/mobilevit-small/resolve/main/model.safetensors "HTTP/1.1 404 Not Found"
2026-08-03 21:01:59,001 | [FULL    ] | INFO | httpx | HTTP Request: GET https://huggingface.co/api/models/apple/mobilevit-small "HTTP/1.1 200 OK"
2026-08-03 21:01:59,293 | [FULL    ] | INFO | httpx | HTTP Request: GET https://huggingface.co/api/models/apple/mobilevit-small/commits/main "HTTP/1.1 200 OK"
2026-08-03 21:01:59,553 | [FULL    ] | INFO | httpx | HTTP Request: GET https://huggingface.co/api/models/apple/mobilevit-small/discussions?p=0 "HTTP/1.1 200 OK"
2026-08-03 21:01:59,792 | [FULL    ] | INFO | httpx | HTTP Request: GET https://huggingface.co/api/models/apple/mobilevit-small/commits/refs%2Fpr%2F6 "HTTP/1.1 200 OK"
2026-08-03 21:01:59,992 | [FULL    ] | INFO | httpx | HTTP Request: HEAD https://huggingface.co/apple/mobilevit-small/resolve/refs%2Fpr%2F6/model.safetensors.index.json "HTTP/1.1 404 Not Found"
2026-08-03 21:02:00,203 | [FULL    ] | INFO | httpx | HTTP Request: HEAD https://huggingface.co/apple/mobilevit-small/resolve/refs%2Fpr%2F6/model.safetensors "HTTP/1.1 302 Found"
2026-08-03 21:02:01,102 | [FULL    ] | INFO | full_experiments_using.model_trainers.mobile_vit_trainer | Device: cuda | max_epochs=500 | batch=32 | eval_batch=256 | es_patience=30
2026-08-03 21:02:01,109 | [FULL    ] | INFO | full_experiments_using.model_trainers.mobile_vit_trainer | CE weights — HC: 1.085  MCI: 0.927
2026-08-03 21:02:29,136 | [FULL    ] | INFO | full_experiments_using.model_trainers.mobile_vit_trainer | Ep [001/500] T-Acc:  49.5%  V-Acc:  49.1%  V-AUROC: 0.4617  LR: 2.00e-04
2026-08-03 21:02:29,217 | [FULL    ] | INFO | full_experiments_using.model_trainers.mobile_vit_trainer |   ↳ new best AUROC; saved checkpoint: /home/oem/choihyunsu/VOGBasedMCIDetection/outputs/checkpoints/run_20260803_091247_full_wvote_artifact30_w0-5-10-10-0-15-30-30_strat_4err/fold_26_best.pth
2026-08-03 21:02:57,412 | [FULL    ] | INFO | full_experiments_using.model_trainers.mobile_vit_trainer | Ep [002/500] T-Acc:  51.1%  V-Acc:  50.9%  V-AUROC: 0.4706  LR: 4.00e-04
2026-08-03 21:02:57,687 | [FULL    ] | INFO | full_experiments_using.model_trainers.mobile_vit_trainer |   ↳ new best AUROC; saved checkpoint: /home/oem/choihyunsu/VOGBasedMCIDetection/outputs/checkpoints/run_20260803_091247_full_wvote_artifact30_w0-5-10-10-0-15-30-30_strat_4err/fold_26_best.pth
2026-08-03 21:03:25,909 | [FULL    ] | INFO | full_experiments_using.model_trainers.mobile_vit_trainer | Ep [003/500] T-Acc:  50.2%  V-Acc:  53.9%  V-AUROC: 0.5015  LR: 6.00e-04
2026-08-03 21:03:26,090 | [FULL    ] | INFO | full_experiments_using.model_trainers.mobile_vit_trainer |   ↳ new best AUROC; saved checkpoint: /home/oem/choihyunsu/VOGBasedMCIDetection/outputs/checkpoints/run_20260803_091247_full_wvote_artifact30_w0-5-10-10-0-15-30-30_strat_4err/fold_26_best.pth
2026-08-03 21:03:54,083 | [FULL    ] | INFO | full_experiments_using.model_trainers.mobile_vit_trainer | Ep [004/500] T-Acc:  51.8%  V-Acc:  53.3%  V-AUROC: 0.5164  LR: 8.00e-04
2026-08-03 21:03:54,271 | [FULL    ] | INFO | full_experiments_using.model_trainers.mobile_vit_trainer |   ↳ new best AUROC; saved checkpoint: /home/oem/choihyunsu/VOGBasedMCIDetection/outputs/checkpoints/run_20260803_091247_full_wvote_artifact30_w0-5-10-10-0-15-30-30_strat_4err/fold_26_best.pth
2026-08-03 21:04:22,405 | [FULL    ] | INFO | full_experiments_using.model_trainers.mobile_vit_trainer | Ep [005/500] T-Acc:  52.0%  V-Acc:  55.0%  V-AUROC: 0.5357  LR: 1.00e-03
2026-08-03 21:04:22,644 | [FULL    ] | INFO | full_experiments_using.model_trainers.mobile_vit_trainer |   ↳ new best AUROC; saved checkpoint: /home/oem/choihyunsu/VOGBasedMCIDetection/outputs/checkpoints/run_20260803_091247_full_wvote_artifact30_w0-5-10-10-0-15-30-30_strat_4err/fold_26_best.pth
2026-08-03 21:04:50,583 | [FULL    ] | INFO | full_experiments_using.model_trainers.mobile_vit_trainer | Ep [006/500] T-Acc:  53.3%  V-Acc:  54.5%  V-AUROC: 0.5330  LR: 1.00e-03
2026-08-03 21:05:18,868 | [FULL    ] | INFO | full_experiments_using.model_trainers.mobile_vit_trainer | Ep [007/500] T-Acc:  53.9%  V-Acc:  55.1%  V-AUROC: 0.5472  LR: 1.00e-03
2026-08-03 21:05:18,987 | [FULL    ] | INFO | full_experiments_using.model_trainers.mobile_vit_trainer |   ↳ new best AUROC; saved checkpoint: /home/oem/choihyunsu/VOGBasedMCIDetection/outputs/checkpoints/run_20260803_091247_full_wvote_artifact30_w0-5-10-10-0-15-30-30_strat_4err/fold_26_best.pth
2026-08-03 21:05:47,136 | [FULL    ] | INFO | full_experiments_using.model_trainers.mobile_vit_trainer | Ep [008/500] T-Acc:  53.9%  V-Acc:  54.9%  V-AUROC: 0.5469  LR: 1.00e-03
2026-08-03 21:06:15,059 | [FULL    ] | INFO | full_experiments_using.model_trainers.mobile_vit_trainer | Ep [009/500] T-Acc:  52.8%  V-Acc:  55.8%  V-AUROC: 0.5637  LR: 1.00e-03
2026-08-03 21:06:15,242 | [FULL    ] | INFO | full_experiments_using.model_trainers.mobile_vit_trainer |   ↳ new best AUROC; saved checkpoint: /home/oem/choihyunsu/VOGBasedMCIDetection/outputs/checkpoints/run_20260803_091247_full_wvote_artifact30_w0-5-10-10-0-15-30-30_strat_4err/fold_26_best.pth
2026-08-03 21:06:43,561 | [FULL    ] | INFO | full_experiments_using.model_trainers.mobile_vit_trainer | Ep [010/500] T-Acc:  54.5%  V-Acc:  56.7%  V-AUROC: 0.5719  LR: 1.00e-03
2026-08-03 21:06:43,747 | [FULL    ] | INFO | full_experiments_using.model_trainers.mobile_vit_trainer |   ↳ new best AUROC; saved checkpoint: /home/oem/choihyunsu/VOGBasedMCIDetection/outputs/checkpoints/run_20260803_091247_full_wvote_artifact30_w0-5-10-10-0-15-30-30_strat_4err/fold_26_best.pth
2026-08-03 21:07:11,788 | [FULL    ] | INFO | full_experiments_using.model_trainers.mobile_vit_trainer | Ep [011/500] T-Acc:  54.2%  V-Acc:  55.1%  V-AUROC: 0.5650  LR: 1.00e-03
2026-08-03 21:07:40,068 | [FULL    ] | INFO | full_experiments_using.model_trainers.mobile_vit_trainer | Ep [012/500] T-Acc:  55.2%  V-Acc:  55.5%  V-AUROC: 0.5839  LR: 1.00e-03
2026-08-03 21:07:40,294 | [FULL    ] | INFO | full_experiments_using.model_trainers.mobile_vit_trainer |   ↳ new best AUROC; saved checkpoint: /home/oem/choihyunsu/VOGBasedMCIDetection/outputs/checkpoints/run_20260803_091247_full_wvote_artifact30_w0-5-10-10-0-15-30-30_strat_4err/fold_26_best.pth
2026-08-03 21:08:08,380 | [FULL    ] | INFO | full_experiments_using.model_trainers.mobile_vit_trainer | Ep [013/500] T-Acc:  55.0%  V-Acc:  56.3%  V-AUROC: 0.5905  LR: 1.00e-03
2026-08-03 21:08:08,503 | [FULL    ] | INFO | full_experiments_using.model_trainers.mobile_vit_trainer |   ↳ new best AUROC; saved checkpoint: /home/oem/choihyunsu/VOGBasedMCIDetection/outputs/checkpoints/run_20260803_091247_full_wvote_artifact30_w0-5-10-10-0-15-30-30_strat_4err/fold_26_best.pth
2026-08-03 21:08:36,497 | [FULL    ] | INFO | full_experiments_using.model_trainers.mobile_vit_trainer | Ep [014/500] T-Acc:  56.7%  V-Acc:  56.3%  V-AUROC: 0.5872  LR: 1.00e-03
2026-08-03 21:09:04,663 | [FULL    ] | INFO | full_experiments_using.model_trainers.mobile_vit_trainer | Ep [015/500] T-Acc:  55.7%  V-Acc:  57.4%  V-AUROC: 0.5917  LR: 1.00e-03
2026-08-03 21:09:04,871 | [FULL    ] | INFO | full_experiments_using.model_trainers.mobile_vit_trainer |   ↳ new best AUROC; saved checkpoint: /home/oem/choihyunsu/VOGBasedMCIDetection/outputs/checkpoints/run_20260803_091247_full_wvote_artifact30_w0-5-10-10-0-15-30-30_strat_4err/fold_26_best.pth
2026-08-03 21:09:32,922 | [FULL    ] | INFO | full_experiments_using.model_trainers.mobile_vit_trainer | Ep [016/500] T-Acc:  57.3%  V-Acc:  56.2%  V-AUROC: 0.5927  LR: 1.00e-03
2026-08-03 21:09:33,086 | [FULL    ] | INFO | full_experiments_using.model_trainers.mobile_vit_trainer |   ↳ new best AUROC; saved checkpoint: /home/oem/choihyunsu/VOGBasedMCIDetection/outputs/checkpoints/run_20260803_091247_full_wvote_artifact30_w0-5-10-10-0-15-30-30_strat_4err/fold_26_best.pth
2026-08-03 21:09:59,981 | [FULL    ] | INFO | full_experiments_using.model_trainers.mobile_vit_trainer | Ep [017/500] T-Acc:  56.2%  V-Acc:  57.0%  V-AUROC: 0.5907  LR: 1.00e-03
2026-08-03 21:10:27,436 | [FULL    ] | INFO | full_experiments_using.model_trainers.mobile_vit_trainer | Ep [018/500] T-Acc:  56.9%  V-Acc:  56.7%  V-AUROC: 0.5960  LR: 1.00e-03
2026-08-03 21:10:27,553 | [FULL    ] | INFO | full_experiments_using.model_trainers.mobile_vit_trainer |   ↳ new best AUROC; saved checkpoint: /home/oem/choihyunsu/VOGBasedMCIDetection/outputs/checkpoints/run_20260803_091247_full_wvote_artifact30_w0-5-10-10-0-15-30-30_strat_4err/fold_26_best.pth
2026-08-03 21:10:55,710 | [FULL    ] | INFO | full_experiments_using.model_trainers.mobile_vit_trainer | Ep [019/500] T-Acc:  58.0%  V-Acc:  56.4%  V-AUROC: 0.5890  LR: 1.00e-03
2026-08-03 21:11:23,905 | [FULL    ] | INFO | full_experiments_using.model_trainers.mobile_vit_trainer | Ep [020/500] T-Acc:  58.2%  V-Acc:  57.4%  V-AUROC: 0.5978  LR: 1.00e-03
2026-08-03 21:11:24,058 | [FULL    ] | INFO | full_experiments_using.model_trainers.mobile_vit_trainer |   ↳ new best AUROC; saved checkpoint: /home/oem/choihyunsu/VOGBasedMCIDetection/outputs/checkpoints/run_20260803_091247_full_wvote_artifact30_w0-5-10-10-0-15-30-30_strat_4err/fold_26_best.pth
2026-08-03 21:11:52,189 | [FULL    ] | INFO | full_experiments_using.model_trainers.mobile_vit_trainer | Ep [021/500] T-Acc:  57.1%  V-Acc:  56.3%  V-AUROC: 0.6012  LR: 1.00e-03
2026-08-03 21:11:52,309 | [FULL    ] | INFO | full_experiments_using.model_trainers.mobile_vit_trainer |   ↳ new best AUROC; saved checkpoint: /home/oem/choihyunsu/VOGBasedMCIDetection/outputs/checkpoints/run_20260803_091247_full_wvote_artifact30_w0-5-10-10-0-15-30-30_strat_4err/fold_26_best.pth
2026-08-03 21:12:20,334 | [FULL    ] | INFO | full_experiments_using.model_trainers.mobile_vit_trainer | Ep [022/500] T-Acc:  57.3%  V-Acc:  57.1%  V-AUROC: 0.5902  LR: 1.00e-03
2026-08-03 21:12:48,107 | [FULL    ] | INFO | full_experiments_using.model_trainers.mobile_vit_trainer | Ep [023/500] T-Acc:  58.3%  V-Acc:  58.1%  V-AUROC: 0.5898  LR: 1.00e-03
2026-08-03 21:13:16,398 | [FULL    ] | INFO | full_experiments_using.model_trainers.mobile_vit_trainer | Ep [024/500] T-Acc:  58.7%  V-Acc:  57.1%  V-AUROC: 0.5988  LR: 1.00e-03
2026-08-03 21:13:44,450 | [FULL    ] | INFO | full_experiments_using.model_trainers.mobile_vit_trainer | Ep [025/500] T-Acc:  58.6%  V-Acc:  57.5%  V-AUROC: 0.6076  LR: 1.00e-03
2026-08-03 21:13:44,604 | [FULL    ] | INFO | full_experiments_using.model_trainers.mobile_vit_trainer |   ↳ new best AUROC; saved checkpoint: /home/oem/choihyunsu/VOGBasedMCIDetection/outputs/checkpoints/run_20260803_091247_full_wvote_artifact30_w0-5-10-10-0-15-30-30_strat_4err/fold_26_best.pth
2026-08-03 21:14:12,977 | [FULL    ] | INFO | full_experiments_using.model_trainers.mobile_vit_trainer | Ep [026/500] T-Acc:  58.1%  V-Acc:  57.3%  V-AUROC: 0.6057  LR: 1.00e-03
2026-08-03 21:14:41,289 | [FULL    ] | INFO | full_experiments_using.model_trainers.mobile_vit_trainer | Ep [027/500] T-Acc:  59.5%  V-Acc:  58.0%  V-AUROC: 0.6017  LR: 1.00e-03
2026-08-03 21:15:09,778 | [FULL    ] | INFO | full_experiments_using.model_trainers.mobile_vit_trainer | Ep [028/500] T-Acc:  59.2%  V-Acc:  57.3%  V-AUROC: 0.5973  LR: 1.00e-03
2026-08-03 21:15:37,941 | [FULL    ] | INFO | full_experiments_using.model_trainers.mobile_vit_trainer | Ep [029/500] T-Acc:  58.7%  V-Acc:  57.2%  V-AUROC: 0.6035  LR: 1.00e-03
2026-08-03 21:16:06,142 | [FULL    ] | INFO | full_experiments_using.model_trainers.mobile_vit_trainer | Ep [030/500] T-Acc:  59.3%  V-Acc:  56.8%  V-AUROC: 0.6058  LR: 1.00e-03
2026-08-03 21:16:34,469 | [FULL    ] | INFO | full_experiments_using.model_trainers.mobile_vit_trainer | Ep [031/500] T-Acc:  59.7%  V-Acc:  57.1%  V-AUROC: 0.6048  LR: 1.00e-03
2026-08-03 21:17:02,606 | [FULL    ] | INFO | full_experiments_using.model_trainers.mobile_vit_trainer | Ep [032/500] T-Acc:  59.1%  V-Acc:  58.0%  V-AUROC: 0.6122  LR: 1.00e-03
2026-08-03 21:17:02,763 | [FULL    ] | INFO | full_experiments_using.model_trainers.mobile_vit_trainer |   ↳ new best AUROC; saved checkpoint: /home/oem/choihyunsu/VOGBasedMCIDetection/outputs/checkpoints/run_20260803_091247_full_wvote_artifact30_w0-5-10-10-0-15-30-30_strat_4err/fold_26_best.pth
2026-08-03 21:17:30,886 | [FULL    ] | INFO | full_experiments_using.model_trainers.mobile_vit_trainer | Ep [033/500] T-Acc:  57.7%  V-Acc:  57.4%  V-AUROC: 0.6142  LR: 1.00e-03
2026-08-03 21:17:31,015 | [FULL    ] | INFO | full_experiments_using.model_trainers.mobile_vit_trainer |   ↳ new best AUROC; saved checkpoint: /home/oem/choihyunsu/VOGBasedMCIDetection/outputs/checkpoints/run_20260803_091247_full_wvote_artifact30_w0-5-10-10-0-15-30-30_strat_4err/fold_26_best.pth
2026-08-03 21:17:59,088 | [FULL    ] | INFO | full_experiments_using.model_trainers.mobile_vit_trainer | Ep [034/500] T-Acc:  60.3%  V-Acc:  58.6%  V-AUROC: 0.6146  LR: 1.00e-03
2026-08-03 21:17:59,250 | [FULL    ] | INFO | full_experiments_using.model_trainers.mobile_vit_trainer |   ↳ new best AUROC; saved checkpoint: /home/oem/choihyunsu/VOGBasedMCIDetection/outputs/checkpoints/run_20260803_091247_full_wvote_artifact30_w0-5-10-10-0-15-30-30_strat_4err/fold_26_best.pth
2026-08-03 21:18:27,375 | [FULL    ] | INFO | full_experiments_using.model_trainers.mobile_vit_trainer | Ep [035/500] T-Acc:  59.5%  V-Acc:  57.1%  V-AUROC: 0.6125  LR: 1.00e-03
2026-08-03 21:18:55,734 | [FULL    ] | INFO | full_experiments_using.model_trainers.mobile_vit_trainer | Ep [036/500] T-Acc:  59.9%  V-Acc:  58.8%  V-AUROC: 0.6127  LR: 1.00e-03
2026-08-03 21:19:23,871 | [FULL    ] | INFO | full_experiments_using.model_trainers.mobile_vit_trainer | Ep [037/500] T-Acc:  60.4%  V-Acc:  58.0%  V-AUROC: 0.6117  LR: 1.00e-03
2026-08-03 21:19:52,103 | [FULL    ] | INFO | full_experiments_using.model_trainers.mobile_vit_trainer | Ep [038/500] T-Acc:  60.1%  V-Acc:  59.3%  V-AUROC: 0.6190  LR: 1.00e-03
2026-08-03 21:19:52,252 | [FULL    ] | INFO | full_experiments_using.model_trainers.mobile_vit_trainer |   ↳ new best AUROC; saved checkpoint: /home/oem/choihyunsu/VOGBasedMCIDetection/outputs/checkpoints/run_20260803_091247_full_wvote_artifact30_w0-5-10-10-0-15-30-30_strat_4err/fold_26_best.pth
2026-08-03 21:20:20,668 | [FULL    ] | INFO | full_experiments_using.model_trainers.mobile_vit_trainer | Ep [039/500] T-Acc:  59.5%  V-Acc:  58.3%  V-AUROC: 0.6156  LR: 1.00e-03
2026-08-03 21:20:48,776 | [FULL    ] | INFO | full_experiments_using.model_trainers.mobile_vit_trainer | Ep [040/500] T-Acc:  59.2%  V-Acc:  57.8%  V-AUROC: 0.6080  LR: 1.00e-03
2026-08-03 21:21:16,555 | [FULL    ] | INFO | full_experiments_using.model_trainers.mobile_vit_trainer | Ep [041/500] T-Acc:  61.4%  V-Acc:  58.8%  V-AUROC: 0.6080  LR: 1.00e-03
2026-08-03 21:21:44,726 | [FULL    ] | INFO | full_experiments_using.model_trainers.mobile_vit_trainer | Ep [042/500] T-Acc:  60.2%  V-Acc:  58.1%  V-AUROC: 0.6207  LR: 1.00e-03
2026-08-03 21:21:44,973 | [FULL    ] | INFO | full_experiments_using.model_trainers.mobile_vit_trainer |   ↳ new best AUROC; saved checkpoint: /home/oem/choihyunsu/VOGBasedMCIDetection/outputs/checkpoints/run_20260803_091247_full_wvote_artifact30_w0-5-10-10-0-15-30-30_strat_4err/fold_26_best.pth
2026-08-03 21:22:13,123 | [FULL    ] | INFO | full_experiments_using.model_trainers.mobile_vit_trainer | Ep [043/500] T-Acc:  61.7%  V-Acc:  58.7%  V-AUROC: 0.6183  LR: 1.00e-03
2026-08-03 21:22:41,298 | [FULL    ] | INFO | full_experiments_using.model_trainers.mobile_vit_trainer | Ep [044/500] T-Acc:  62.0%  V-Acc:  57.8%  V-AUROC: 0.6151  LR: 1.00e-03
2026-08-03 21:23:09,713 | [FULL    ] | INFO | full_experiments_using.model_trainers.mobile_vit_trainer | Ep [045/500] T-Acc:  60.8%  V-Acc:  57.8%  V-AUROC: 0.6170  LR: 1.00e-03
2026-08-03 21:23:37,808 | [FULL    ] | INFO | full_experiments_using.model_trainers.mobile_vit_trainer | Ep [046/500] T-Acc:  61.0%  V-Acc:  57.9%  V-AUROC: 0.6171  LR: 1.00e-03
2026-08-03 21:24:05,852 | [FULL    ] | INFO | full_experiments_using.model_trainers.mobile_vit_trainer | Ep [047/500] T-Acc:  60.4%  V-Acc:  57.9%  V-AUROC: 0.6161  LR: 1.00e-03
2026-08-03 21:24:34,170 | [FULL    ] | INFO | full_experiments_using.model_trainers.mobile_vit_trainer | Ep [048/500] T-Acc:  62.1%  V-Acc:  58.1%  V-AUROC: 0.6083  LR: 1.00e-03
2026-08-03 21:25:02,316 | [FULL    ] | INFO | full_experiments_using.model_trainers.mobile_vit_trainer | Ep [049/500] T-Acc:  61.4%  V-Acc:  57.3%  V-AUROC: 0.6163  LR: 1.00e-03
2026-08-03 21:25:30,326 | [FULL    ] | INFO | full_experiments_using.model_trainers.mobile_vit_trainer | Ep [050/500] T-Acc:  61.1%  V-Acc:  58.3%  V-AUROC: 0.6195  LR: 1.00e-03
2026-08-03 21:25:58,510 | [FULL    ] | INFO | full_experiments_using.model_trainers.mobile_vit_trainer | Ep [051/500] T-Acc:  61.9%  V-Acc:  57.9%  V-AUROC: 0.6212  LR: 1.00e-03
2026-08-03 21:25:58,673 | [FULL    ] | INFO | full_experiments_using.model_trainers.mobile_vit_trainer |   ↳ new best AUROC; saved checkpoint: /home/oem/choihyunsu/VOGBasedMCIDetection/outputs/checkpoints/run_20260803_091247_full_wvote_artifact30_w0-5-10-10-0-15-30-30_strat_4err/fold_26_best.pth
2026-08-03 21:26:26,758 | [FULL    ] | INFO | full_experiments_using.model_trainers.mobile_vit_trainer | Ep [052/500] T-Acc:  61.4%  V-Acc:  58.6%  V-AUROC: 0.6218  LR: 1.00e-03
2026-08-03 21:26:26,961 | [FULL    ] | INFO | full_experiments_using.model_trainers.mobile_vit_trainer |   ↳ new best AUROC; saved checkpoint: /home/oem/choihyunsu/VOGBasedMCIDetection/outputs/checkpoints/run_20260803_091247_full_wvote_artifact30_w0-5-10-10-0-15-30-30_strat_4err/fold_26_best.pth
2026-08-03 21:26:55,180 | [FULL    ] | INFO | full_experiments_using.model_trainers.mobile_vit_trainer | Ep [053/500] T-Acc:  61.0%  V-Acc:  57.1%  V-AUROC: 0.6125  LR: 1.00e-03
2026-08-03 21:27:23,206 | [FULL    ] | INFO | full_experiments_using.model_trainers.mobile_vit_trainer | Ep [054/500] T-Acc:  62.3%  V-Acc:  57.8%  V-AUROC: 0.6166  LR: 1.00e-03
2026-08-03 21:27:51,455 | [FULL    ] | INFO | full_experiments_using.model_trainers.mobile_vit_trainer | Ep [055/500] T-Acc:  62.2%  V-Acc:  58.2%  V-AUROC: 0.6147  LR: 1.00e-03
2026-08-03 21:28:19,433 | [FULL    ] | INFO | full_experiments_using.model_trainers.mobile_vit_trainer | Ep [056/500] T-Acc:  61.8%  V-Acc:  57.5%  V-AUROC: 0.6198  LR: 1.00e-03
2026-08-03 21:28:47,320 | [FULL    ] | INFO | full_experiments_using.model_trainers.mobile_vit_trainer | Ep [057/500] T-Acc:  61.5%  V-Acc:  58.2%  V-AUROC: 0.6241  LR: 1.00e-03
2026-08-03 21:28:47,517 | [FULL    ] | INFO | full_experiments_using.model_trainers.mobile_vit_trainer |   ↳ new best AUROC; saved checkpoint: /home/oem/choihyunsu/VOGBasedMCIDetection/outputs/checkpoints/run_20260803_091247_full_wvote_artifact30_w0-5-10-10-0-15-30-30_strat_4err/fold_26_best.pth
2026-08-03 21:29:15,556 | [FULL    ] | INFO | full_experiments_using.model_trainers.mobile_vit_trainer | Ep [058/500] T-Acc:  62.1%  V-Acc:  57.4%  V-AUROC: 0.6212  LR: 1.00e-03
2026-08-03 21:29:43,573 | [FULL    ] | INFO | full_experiments_using.model_trainers.mobile_vit_trainer | Ep [059/500] T-Acc:  60.9%  V-Acc:  58.5%  V-AUROC: 0.6222  LR: 1.00e-03
2026-08-03 21:30:10,087 | [FULL    ] | INFO | full_experiments_using.model_trainers.mobile_vit_trainer | Ep [060/500] T-Acc:  62.2%  V-Acc:  57.1%  V-AUROC: 0.6141  LR: 1.00e-03
2026-08-03 21:30:38,406 | [FULL    ] | INFO | full_experiments_using.model_trainers.mobile_vit_trainer | Ep [061/500] T-Acc:  61.9%  V-Acc:  57.3%  V-AUROC: 0.6248  LR: 1.00e-03
2026-08-03 21:30:38,488 | [FULL    ] | INFO | full_experiments_using.model_trainers.mobile_vit_trainer |   ↳ new best AUROC; saved checkpoint: /home/oem/choihyunsu/VOGBasedMCIDetection/outputs/checkpoints/run_20260803_091247_full_wvote_artifact30_w0-5-10-10-0-15-30-30_strat_4err/fold_26_best.pth
2026-08-03 21:31:04,476 | [FULL    ] | INFO | full_experiments_using.model_trainers.mobile_vit_trainer | Ep [062/500] T-Acc:  61.8%  V-Acc:  57.7%  V-AUROC: 0.6196  LR: 1.00e-03
2026-08-03 21:31:32,468 | [FULL    ] | INFO | full_experiments_using.model_trainers.mobile_vit_trainer | Ep [063/500] T-Acc:  62.0%  V-Acc:  57.9%  V-AUROC: 0.6139  LR: 1.00e-03
2026-08-03 21:32:00,934 | [FULL    ] | INFO | full_experiments_using.model_trainers.mobile_vit_trainer | Ep [064/500] T-Acc:  62.2%  V-Acc:  58.1%  V-AUROC: 0.6184  LR: 1.00e-03
2026-08-03 21:32:28,970 | [FULL    ] | INFO | full_experiments_using.model_trainers.mobile_vit_trainer | Ep [065/500] T-Acc:  61.5%  V-Acc:  57.4%  V-AUROC: 0.6111  LR: 1.00e-03
2026-08-03 21:32:57,012 | [FULL    ] | INFO | full_experiments_using.model_trainers.mobile_vit_trainer | Ep [066/500] T-Acc:  61.3%  V-Acc:  57.4%  V-AUROC: 0.6180  LR: 1.00e-03
2026-08-03 21:33:25,123 | [FULL    ] | INFO | full_experiments_using.model_trainers.mobile_vit_trainer | Ep [067/500] T-Acc:  61.7%  V-Acc:  58.0%  V-AUROC: 0.6145  LR: 1.00e-03
2026-08-03 21:33:53,207 | [FULL    ] | INFO | full_experiments_using.model_trainers.mobile_vit_trainer | Ep [068/500] T-Acc:  63.2%  V-Acc:  58.3%  V-AUROC: 0.6224  LR: 1.00e-03
2026-08-03 21:34:21,175 | [FULL    ] | INFO | full_experiments_using.model_trainers.mobile_vit_trainer | Ep [069/500] T-Acc:  62.4%  V-Acc:  59.1%  V-AUROC: 0.6217  LR: 1.00e-03
2026-08-03 21:34:49,497 | [FULL    ] | INFO | full_experiments_using.model_trainers.mobile_vit_trainer | Ep [070/500] T-Acc:  63.0%  V-Acc:  58.5%  V-AUROC: 0.6128  LR: 1.00e-03
2026-08-03 21:35:16,447 | [FULL    ] | INFO | full_experiments_using.model_trainers.mobile_vit_trainer | Ep [071/500] T-Acc:  63.4%  V-Acc:  57.9%  V-AUROC: 0.6210  LR: 1.00e-03
2026-08-03 21:35:42,372 | [FULL    ] | INFO | full_experiments_using.model_trainers.mobile_vit_trainer | Ep [072/500] T-Acc:  63.1%  V-Acc:  57.6%  V-AUROC: 0.6168  LR: 1.00e-03
2026-08-03 21:36:10,645 | [FULL    ] | INFO | full_experiments_using.model_trainers.mobile_vit_trainer | Ep [073/500] T-Acc:  62.1%  V-Acc:  58.4%  V-AUROC: 0.6174  LR: 2.00e-04
2026-08-03 21:36:38,856 | [FULL    ] | INFO | full_experiments_using.model_trainers.mobile_vit_trainer | Ep [074/500] T-Acc:  62.7%  V-Acc:  57.7%  V-AUROC: 0.6193  LR: 2.00e-04
2026-08-03 21:37:07,084 | [FULL    ] | INFO | full_experiments_using.model_trainers.mobile_vit_trainer | Ep [075/500] T-Acc:  63.6%  V-Acc:  58.2%  V-AUROC: 0.6198  LR: 2.00e-04
2026-08-03 21:37:35,503 | [FULL    ] | INFO | full_experiments_using.model_trainers.mobile_vit_trainer | Ep [076/500] T-Acc:  63.0%  V-Acc:  58.3%  V-AUROC: 0.6201  LR: 2.00e-04
2026-08-03 21:38:03,753 | [FULL    ] | INFO | full_experiments_using.model_trainers.mobile_vit_trainer | Ep [077/500] T-Acc:  62.2%  V-Acc:  58.0%  V-AUROC: 0.6177  LR: 2.00e-04
2026-08-03 21:38:30,947 | [FULL    ] | INFO | full_experiments_using.model_trainers.mobile_vit_trainer | Ep [078/500] T-Acc:  62.7%  V-Acc:  58.0%  V-AUROC: 0.6179  LR: 2.00e-04
2026-08-03 21:38:56,734 | [FULL    ] | INFO | full_experiments_using.model_trainers.mobile_vit_trainer | Ep [079/500] T-Acc:  63.6%  V-Acc:  57.8%  V-AUROC: 0.6177  LR: 2.00e-04
2026-08-03 21:39:24,619 | [FULL    ] | INFO | full_experiments_using.model_trainers.mobile_vit_trainer | Ep [080/500] T-Acc:  62.0%  V-Acc:  58.0%  V-AUROC: 0.6175  LR: 2.00e-04
2026-08-03 21:39:52,667 | [FULL    ] | INFO | full_experiments_using.model_trainers.mobile_vit_trainer | Ep [081/500] T-Acc:  64.2%  V-Acc:  58.5%  V-AUROC: 0.6188  LR: 2.00e-04
2026-08-03 21:40:20,752 | [FULL    ] | INFO | full_experiments_using.model_trainers.mobile_vit_trainer | Ep [082/500] T-Acc:  63.0%  V-Acc:  58.2%  V-AUROC: 0.6208  LR: 2.00e-04
2026-08-03 21:40:48,971 | [FULL    ] | INFO | full_experiments_using.model_trainers.mobile_vit_trainer | Ep [083/500] T-Acc:  63.7%  V-Acc:  58.0%  V-AUROC: 0.6180  LR: 2.00e-04
2026-08-03 21:41:16,957 | [FULL    ] | INFO | full_experiments_using.model_trainers.mobile_vit_trainer | Ep [084/500] T-Acc:  62.6%  V-Acc:  57.9%  V-AUROC: 0.6178  LR: 4.00e-05
2026-08-03 21:41:45,379 | [FULL    ] | INFO | full_experiments_using.model_trainers.mobile_vit_trainer | Ep [085/500] T-Acc:  63.5%  V-Acc:  58.6%  V-AUROC: 0.6187  LR: 4.00e-05
2026-08-03 21:42:14,013 | [FULL    ] | INFO | full_experiments_using.model_trainers.mobile_vit_trainer | Ep [086/500] T-Acc:  63.8%  V-Acc:  58.1%  V-AUROC: 0.6183  LR: 4.00e-05
2026-08-03 21:42:41,990 | [FULL    ] | INFO | full_experiments_using.model_trainers.mobile_vit_trainer | Ep [087/500] T-Acc:  63.1%  V-Acc:  58.2%  V-AUROC: 0.6178  LR: 4.00e-05
2026-08-03 21:43:09,890 | [FULL    ] | INFO | full_experiments_using.model_trainers.mobile_vit_trainer | Ep [088/500] T-Acc:  63.6%  V-Acc:  58.0%  V-AUROC: 0.6197  LR: 4.00e-05
2026-08-03 21:43:37,859 | [FULL    ] | INFO | full_experiments_using.model_trainers.mobile_vit_trainer | Ep [089/500] T-Acc:  62.9%  V-Acc:  58.5%  V-AUROC: 0.6200  LR: 4.00e-05
2026-08-03 21:44:06,001 | [FULL    ] | INFO | full_experiments_using.model_trainers.mobile_vit_trainer | Ep [090/500] T-Acc:  63.5%  V-Acc:  58.0%  V-AUROC: 0.6176  LR: 4.00e-05
2026-08-03 21:44:34,466 | [FULL    ] | INFO | full_experiments_using.model_trainers.mobile_vit_trainer | Ep [091/500] T-Acc:  63.5%  V-Acc:  58.5%  V-AUROC: 0.6197  LR: 4.00e-05
2026-08-03 21:44:34,467 | [FULL    ] | INFO | full_experiments_using.model_trainers.mobile_vit_trainer | Early stop — best AUROC 0.6248 at epoch 61 (no improvement for 30 epochs)
2026-08-03 21:44:34,467 | [FULL    ] | INFO | full_experiments_using.model_trainers.mobile_vit_trainer | Done. Best AUROC: 0.6248 (epoch 61) → /home/oem/choihyunsu/VOGBasedMCIDetection/outputs/checkpoints/run_20260803_091247_full_wvote_artifact30_w0-5-10-10-0-15-30-30_strat_4err/fold_26_best.pth
2026-08-03 21:44:40,159 | [FULL    ] | INFO | full_experiments_using.evaluators.monte_carlo_evaluator | -> Fold 27 Result | Acc=0.818 Sens=0.750 Spec=1.000 AUROC=1.000
2026-08-03 21:44:40,183 | [FULL    ] | INFO | full_experiments_using.evaluators.monte_carlo_evaluator | === Fold 28/30 | train: 25 subj (HC=10 MCI=15) / 3886 win | test: 12 subj (HC=4 MCI=8) / 1829 win ===
2026-08-03 21:44:40,425 | [FULL    ] | INFO | httpx | HTTP Request: HEAD https://huggingface.co/apple/mobilevit-small/resolve/main/config.json "HTTP/1.1 307 Temporary Redirect"
2026-08-03 21:44:40,442 | [FULL    ] | INFO | httpx | HTTP Request: HEAD https://huggingface.co/api/resolve-cache/models/apple/mobilevit-small/6c8612545dc98676d27bc518fa521d9e9af23e34/config.json "HTTP/1.1 200 OK"
2026-08-03 21:44:40,720 | [FULL    ] | INFO | httpx | HTTP Request: HEAD https://huggingface.co/apple/mobilevit-small/resolve/main/model.safetensors "HTTP/1.1 404 Not Found"
2026-08-03 21:44:40,924 | [FULL    ] | INFO | httpx | HTTP Request: HEAD https://huggingface.co/apple/mobilevit-small/resolve/main/model.safetensors.index.json "HTTP/1.1 404 Not Found"
2026-08-03 21:44:41,139 | [FULL    ] | INFO | httpx | HTTP Request: HEAD https://huggingface.co/apple/mobilevit-small/resolve/main/pytorch_model.bin "HTTP/1.1 302 Found"
2026-08-03 21:44:41,349 | [FULL    ] | INFO | httpx | HTTP Request: HEAD https://huggingface.co/apple/mobilevit-small/resolve/main/model.safetensors "HTTP/1.1 404 Not Found"
2026-08-03 21:44:41,570 | [FULL    ] | INFO | httpx | HTTP Request: GET https://huggingface.co/api/models/apple/mobilevit-small "HTTP/1.1 200 OK"
2026-08-03 21:44:41,843 | [FULL    ] | INFO | httpx | HTTP Request: GET https://huggingface.co/api/models/apple/mobilevit-small/commits/main "HTTP/1.1 200 OK"
2026-08-03 21:44:42,066 | [FULL    ] | INFO | httpx | HTTP Request: GET https://huggingface.co/api/models/apple/mobilevit-small/discussions?p=0 "HTTP/1.1 200 OK"
2026-08-03 21:44:42,285 | [FULL    ] | INFO | httpx | HTTP Request: GET https://huggingface.co/api/models/apple/mobilevit-small/commits/refs%2Fpr%2F6 "HTTP/1.1 200 OK"
2026-08-03 21:44:42,501 | [FULL    ] | INFO | httpx | HTTP Request: HEAD https://huggingface.co/apple/mobilevit-small/resolve/refs%2Fpr%2F6/model.safetensors.index.json "HTTP/1.1 404 Not Found"
2026-08-03 21:44:42,720 | [FULL    ] | INFO | httpx | HTTP Request: HEAD https://huggingface.co/apple/mobilevit-small/resolve/refs%2Fpr%2F6/model.safetensors "HTTP/1.1 302 Found"
2026-08-03 21:44:43,489 | [FULL    ] | INFO | full_experiments_using.model_trainers.mobile_vit_trainer | Device: cuda | max_epochs=500 | batch=32 | eval_batch=256 | es_patience=30
2026-08-03 21:44:43,549 | [FULL    ] | INFO | full_experiments_using.model_trainers.mobile_vit_trainer | CE weights — HC: 1.095  MCI: 0.920
2026-08-03 21:45:20,909 | [FULL    ] | INFO | full_experiments_using.model_trainers.mobile_vit_trainer | Ep [001/500] T-Acc:  51.4%  V-Acc:  53.4%  V-AUROC: 0.5230  LR: 2.00e-04
2026-08-03 21:45:21,029 | [FULL    ] | INFO | full_experiments_using.model_trainers.mobile_vit_trainer |   ↳ new best AUROC; saved checkpoint: /home/oem/choihyunsu/VOGBasedMCIDetection/outputs/checkpoints/run_20260803_091247_full_wvote_artifact30_w0-5-10-10-0-15-30-30_strat_4err/fold_27_best.pth
2026-08-03 21:45:49,407 | [FULL    ] | INFO | full_experiments_using.model_trainers.mobile_vit_trainer | Ep [002/500] T-Acc:  51.7%  V-Acc:  52.3%  V-AUROC: 0.5145  LR: 4.00e-04
2026-08-03 21:46:17,801 | [FULL    ] | INFO | full_experiments_using.model_trainers.mobile_vit_trainer | Ep [003/500] T-Acc:  51.9%  V-Acc:  53.7%  V-AUROC: 0.5361  LR: 6.00e-04
2026-08-03 21:46:17,952 | [FULL    ] | INFO | full_experiments_using.model_trainers.mobile_vit_trainer |   ↳ new best AUROC; saved checkpoint: /home/oem/choihyunsu/VOGBasedMCIDetection/outputs/checkpoints/run_20260803_091247_full_wvote_artifact30_w0-5-10-10-0-15-30-30_strat_4err/fold_27_best.pth
2026-08-03 21:46:46,155 | [FULL    ] | INFO | full_experiments_using.model_trainers.mobile_vit_trainer | Ep [004/500] T-Acc:  53.2%  V-Acc:  53.7%  V-AUROC: 0.5499  LR: 8.00e-04
2026-08-03 21:46:46,329 | [FULL    ] | INFO | full_experiments_using.model_trainers.mobile_vit_trainer |   ↳ new best AUROC; saved checkpoint: /home/oem/choihyunsu/VOGBasedMCIDetection/outputs/checkpoints/run_20260803_091247_full_wvote_artifact30_w0-5-10-10-0-15-30-30_strat_4err/fold_27_best.pth
2026-08-03 21:47:14,973 | [FULL    ] | INFO | full_experiments_using.model_trainers.mobile_vit_trainer | Ep [005/500] T-Acc:  51.7%  V-Acc:  51.4%  V-AUROC: 0.5622  LR: 1.00e-03
2026-08-03 21:47:15,129 | [FULL    ] | INFO | full_experiments_using.model_trainers.mobile_vit_trainer |   ↳ new best AUROC; saved checkpoint: /home/oem/choihyunsu/VOGBasedMCIDetection/outputs/checkpoints/run_20260803_091247_full_wvote_artifact30_w0-5-10-10-0-15-30-30_strat_4err/fold_27_best.pth
2026-08-03 21:47:43,731 | [FULL    ] | INFO | full_experiments_using.model_trainers.mobile_vit_trainer | Ep [006/500] T-Acc:  52.2%  V-Acc:  55.6%  V-AUROC: 0.5578  LR: 1.00e-03
2026-08-03 21:48:12,306 | [FULL    ] | INFO | full_experiments_using.model_trainers.mobile_vit_trainer | Ep [007/500] T-Acc:  53.6%  V-Acc:  54.1%  V-AUROC: 0.5700  LR: 1.00e-03
2026-08-03 21:48:12,451 | [FULL    ] | INFO | full_experiments_using.model_trainers.mobile_vit_trainer |   ↳ new best AUROC; saved checkpoint: /home/oem/choihyunsu/VOGBasedMCIDetection/outputs/checkpoints/run_20260803_091247_full_wvote_artifact30_w0-5-10-10-0-15-30-30_strat_4err/fold_27_best.pth
2026-08-03 21:48:40,750 | [FULL    ] | INFO | full_experiments_using.model_trainers.mobile_vit_trainer | Ep [008/500] T-Acc:  53.6%  V-Acc:  55.4%  V-AUROC: 0.5902  LR: 1.00e-03
2026-08-03 21:48:40,933 | [FULL    ] | INFO | full_experiments_using.model_trainers.mobile_vit_trainer |   ↳ new best AUROC; saved checkpoint: /home/oem/choihyunsu/VOGBasedMCIDetection/outputs/checkpoints/run_20260803_091247_full_wvote_artifact30_w0-5-10-10-0-15-30-30_strat_4err/fold_27_best.pth
2026-08-03 21:49:09,337 | [FULL    ] | INFO | full_experiments_using.model_trainers.mobile_vit_trainer | Ep [009/500] T-Acc:  53.4%  V-Acc:  56.1%  V-AUROC: 0.5966  LR: 1.00e-03
2026-08-03 21:49:09,456 | [FULL    ] | INFO | full_experiments_using.model_trainers.mobile_vit_trainer |   ↳ new best AUROC; saved checkpoint: /home/oem/choihyunsu/VOGBasedMCIDetection/outputs/checkpoints/run_20260803_091247_full_wvote_artifact30_w0-5-10-10-0-15-30-30_strat_4err/fold_27_best.pth
2026-08-03 21:49:37,789 | [FULL    ] | INFO | full_experiments_using.model_trainers.mobile_vit_trainer | Ep [010/500] T-Acc:  54.8%  V-Acc:  53.2%  V-AUROC: 0.6065  LR: 1.00e-03
2026-08-03 21:49:37,926 | [FULL    ] | INFO | full_experiments_using.model_trainers.mobile_vit_trainer |   ↳ new best AUROC; saved checkpoint: /home/oem/choihyunsu/VOGBasedMCIDetection/outputs/checkpoints/run_20260803_091247_full_wvote_artifact30_w0-5-10-10-0-15-30-30_strat_4err/fold_27_best.pth
2026-08-03 21:50:04,310 | [FULL    ] | INFO | full_experiments_using.model_trainers.mobile_vit_trainer | Ep [011/500] T-Acc:  54.7%  V-Acc:  56.9%  V-AUROC: 0.5991  LR: 1.00e-03
2026-08-03 21:50:31,358 | [FULL    ] | INFO | full_experiments_using.model_trainers.mobile_vit_trainer | Ep [012/500] T-Acc:  54.1%  V-Acc:  54.3%  V-AUROC: 0.5695  LR: 1.00e-03
2026-08-03 21:50:59,440 | [FULL    ] | INFO | full_experiments_using.model_trainers.mobile_vit_trainer | Ep [013/500] T-Acc:  53.3%  V-Acc:  55.4%  V-AUROC: 0.5940  LR: 1.00e-03
2026-08-03 21:51:27,711 | [FULL    ] | INFO | full_experiments_using.model_trainers.mobile_vit_trainer | Ep [014/500] T-Acc:  54.5%  V-Acc:  54.5%  V-AUROC: 0.5886  LR: 1.00e-03
2026-08-03 21:51:55,968 | [FULL    ] | INFO | full_experiments_using.model_trainers.mobile_vit_trainer | Ep [015/500] T-Acc:  55.7%  V-Acc:  55.6%  V-AUROC: 0.6018  LR: 1.00e-03
2026-08-03 21:52:24,286 | [FULL    ] | INFO | full_experiments_using.model_trainers.mobile_vit_trainer | Ep [016/500] T-Acc:  56.7%  V-Acc:  57.8%  V-AUROC: 0.6108  LR: 1.00e-03
2026-08-03 21:52:24,462 | [FULL    ] | INFO | full_experiments_using.model_trainers.mobile_vit_trainer |   ↳ new best AUROC; saved checkpoint: /home/oem/choihyunsu/VOGBasedMCIDetection/outputs/checkpoints/run_20260803_091247_full_wvote_artifact30_w0-5-10-10-0-15-30-30_strat_4err/fold_27_best.pth
2026-08-03 21:52:52,713 | [FULL    ] | INFO | full_experiments_using.model_trainers.mobile_vit_trainer | Ep [017/500] T-Acc:  54.7%  V-Acc:  59.3%  V-AUROC: 0.6145  LR: 1.00e-03
2026-08-03 21:52:52,969 | [FULL    ] | INFO | full_experiments_using.model_trainers.mobile_vit_trainer |   ↳ new best AUROC; saved checkpoint: /home/oem/choihyunsu/VOGBasedMCIDetection/outputs/checkpoints/run_20260803_091247_full_wvote_artifact30_w0-5-10-10-0-15-30-30_strat_4err/fold_27_best.pth
2026-08-03 21:53:21,065 | [FULL    ] | INFO | full_experiments_using.model_trainers.mobile_vit_trainer | Ep [018/500] T-Acc:  55.9%  V-Acc:  53.6%  V-AUROC: 0.5820  LR: 1.00e-03
2026-08-03 21:53:49,388 | [FULL    ] | INFO | full_experiments_using.model_trainers.mobile_vit_trainer | Ep [019/500] T-Acc:  56.3%  V-Acc:  59.3%  V-AUROC: 0.6321  LR: 1.00e-03
2026-08-03 21:53:49,565 | [FULL    ] | INFO | full_experiments_using.model_trainers.mobile_vit_trainer |   ↳ new best AUROC; saved checkpoint: /home/oem/choihyunsu/VOGBasedMCIDetection/outputs/checkpoints/run_20260803_091247_full_wvote_artifact30_w0-5-10-10-0-15-30-30_strat_4err/fold_27_best.pth
2026-08-03 21:54:17,827 | [FULL    ] | INFO | full_experiments_using.model_trainers.mobile_vit_trainer | Ep [020/500] T-Acc:  57.3%  V-Acc:  56.9%  V-AUROC: 0.6060  LR: 1.00e-03
2026-08-03 21:54:46,117 | [FULL    ] | INFO | full_experiments_using.model_trainers.mobile_vit_trainer | Ep [021/500] T-Acc:  56.9%  V-Acc:  59.0%  V-AUROC: 0.6273  LR: 1.00e-03
2026-08-03 21:55:14,415 | [FULL    ] | INFO | full_experiments_using.model_trainers.mobile_vit_trainer | Ep [022/500] T-Acc:  57.5%  V-Acc:  56.9%  V-AUROC: 0.6195  LR: 1.00e-03
2026-08-03 21:55:43,132 | [FULL    ] | INFO | full_experiments_using.model_trainers.mobile_vit_trainer | Ep [023/500] T-Acc:  57.1%  V-Acc:  55.2%  V-AUROC: 0.5951  LR: 1.00e-03
2026-08-03 21:56:11,536 | [FULL    ] | INFO | full_experiments_using.model_trainers.mobile_vit_trainer | Ep [024/500] T-Acc:  58.0%  V-Acc:  56.4%  V-AUROC: 0.6226  LR: 1.00e-03
2026-08-03 21:56:39,983 | [FULL    ] | INFO | full_experiments_using.model_trainers.mobile_vit_trainer | Ep [025/500] T-Acc:  56.7%  V-Acc:  58.7%  V-AUROC: 0.6282  LR: 1.00e-03
2026-08-03 21:57:08,335 | [FULL    ] | INFO | full_experiments_using.model_trainers.mobile_vit_trainer | Ep [026/500] T-Acc:  58.4%  V-Acc:  57.8%  V-AUROC: 0.6061  LR: 1.00e-03
2026-08-03 21:57:36,618 | [FULL    ] | INFO | full_experiments_using.model_trainers.mobile_vit_trainer | Ep [027/500] T-Acc:  58.7%  V-Acc:  59.1%  V-AUROC: 0.5864  LR: 1.00e-03
2026-08-03 21:58:05,100 | [FULL    ] | INFO | full_experiments_using.model_trainers.mobile_vit_trainer | Ep [028/500] T-Acc:  59.0%  V-Acc:  54.8%  V-AUROC: 0.6104  LR: 1.00e-03
2026-08-03 21:58:33,231 | [FULL    ] | INFO | full_experiments_using.model_trainers.mobile_vit_trainer | Ep [029/500] T-Acc:  58.4%  V-Acc:  58.7%  V-AUROC: 0.6269  LR: 1.00e-03
2026-08-03 21:59:01,775 | [FULL    ] | INFO | full_experiments_using.model_trainers.mobile_vit_trainer | Ep [030/500] T-Acc:  58.1%  V-Acc:  55.5%  V-AUROC: 0.6063  LR: 1.00e-03
2026-08-03 21:59:30,114 | [FULL    ] | INFO | full_experiments_using.model_trainers.mobile_vit_trainer | Ep [031/500] T-Acc:  58.7%  V-Acc:  56.5%  V-AUROC: 0.6132  LR: 2.00e-04
2026-08-03 21:59:58,486 | [FULL    ] | INFO | full_experiments_using.model_trainers.mobile_vit_trainer | Ep [032/500] T-Acc:  59.4%  V-Acc:  55.5%  V-AUROC: 0.6193  LR: 2.00e-04
2026-08-03 22:00:26,627 | [FULL    ] | INFO | full_experiments_using.model_trainers.mobile_vit_trainer | Ep [033/500] T-Acc:  59.2%  V-Acc:  57.8%  V-AUROC: 0.6221  LR: 2.00e-04
2026-08-03 22:00:55,008 | [FULL    ] | INFO | full_experiments_using.model_trainers.mobile_vit_trainer | Ep [034/500] T-Acc:  59.4%  V-Acc:  57.4%  V-AUROC: 0.6287  LR: 2.00e-04
2026-08-03 22:01:23,304 | [FULL    ] | INFO | full_experiments_using.model_trainers.mobile_vit_trainer | Ep [035/500] T-Acc:  59.0%  V-Acc:  57.2%  V-AUROC: 0.6151  LR: 2.00e-04
2026-08-03 22:01:51,797 | [FULL    ] | INFO | full_experiments_using.model_trainers.mobile_vit_trainer | Ep [036/500] T-Acc:  59.4%  V-Acc:  55.9%  V-AUROC: 0.6178  LR: 2.00e-04
2026-08-03 22:02:20,033 | [FULL    ] | INFO | full_experiments_using.model_trainers.mobile_vit_trainer | Ep [037/500] T-Acc:  60.0%  V-Acc:  57.8%  V-AUROC: 0.6213  LR: 2.00e-04
2026-08-03 22:02:48,114 | [FULL    ] | INFO | full_experiments_using.model_trainers.mobile_vit_trainer | Ep [038/500] T-Acc:  59.1%  V-Acc:  57.5%  V-AUROC: 0.6165  LR: 2.00e-04
2026-08-03 22:03:16,722 | [FULL    ] | INFO | full_experiments_using.model_trainers.mobile_vit_trainer | Ep [039/500] T-Acc:  60.1%  V-Acc:  57.1%  V-AUROC: 0.6179  LR: 2.00e-04
2026-08-03 22:03:44,933 | [FULL    ] | INFO | full_experiments_using.model_trainers.mobile_vit_trainer | Ep [040/500] T-Acc:  59.0%  V-Acc:  56.6%  V-AUROC: 0.6144  LR: 2.00e-04
2026-08-03 22:04:13,345 | [FULL    ] | INFO | full_experiments_using.model_trainers.mobile_vit_trainer | Ep [041/500] T-Acc:  59.6%  V-Acc:  55.9%  V-AUROC: 0.6163  LR: 2.00e-04
2026-08-03 22:04:41,660 | [FULL    ] | INFO | full_experiments_using.model_trainers.mobile_vit_trainer | Ep [042/500] T-Acc:  60.5%  V-Acc:  55.8%  V-AUROC: 0.6182  LR: 4.00e-05
2026-08-03 22:05:10,228 | [FULL    ] | INFO | full_experiments_using.model_trainers.mobile_vit_trainer | Ep [043/500] T-Acc:  60.1%  V-Acc:  55.5%  V-AUROC: 0.6176  LR: 4.00e-05
2026-08-03 22:05:38,569 | [FULL    ] | INFO | full_experiments_using.model_trainers.mobile_vit_trainer | Ep [044/500] T-Acc:  59.9%  V-Acc:  55.7%  V-AUROC: 0.6141  LR: 4.00e-05
2026-08-03 22:06:06,811 | [FULL    ] | INFO | full_experiments_using.model_trainers.mobile_vit_trainer | Ep [045/500] T-Acc:  60.0%  V-Acc:  56.5%  V-AUROC: 0.6129  LR: 4.00e-05
2026-08-03 22:06:35,093 | [FULL    ] | INFO | full_experiments_using.model_trainers.mobile_vit_trainer | Ep [046/500] T-Acc:  60.3%  V-Acc:  55.8%  V-AUROC: 0.6128  LR: 4.00e-05
2026-08-03 22:07:03,142 | [FULL    ] | INFO | full_experiments_using.model_trainers.mobile_vit_trainer | Ep [047/500] T-Acc:  60.3%  V-Acc:  57.0%  V-AUROC: 0.6140  LR: 4.00e-05
2026-08-03 22:07:31,367 | [FULL    ] | INFO | full_experiments_using.model_trainers.mobile_vit_trainer | Ep [048/500] T-Acc:  59.9%  V-Acc:  56.3%  V-AUROC: 0.6175  LR: 4.00e-05
2026-08-03 22:07:59,662 | [FULL    ] | INFO | full_experiments_using.model_trainers.mobile_vit_trainer | Ep [049/500] T-Acc:  59.7%  V-Acc:  56.6%  V-AUROC: 0.6172  LR: 4.00e-05
2026-08-03 22:07:59,662 | [FULL    ] | INFO | full_experiments_using.model_trainers.mobile_vit_trainer | Early stop — best AUROC 0.6321 at epoch 19 (no improvement for 30 epochs)
2026-08-03 22:07:59,662 | [FULL    ] | INFO | full_experiments_using.model_trainers.mobile_vit_trainer | Done. Best AUROC: 0.6321 (epoch 19) → /home/oem/choihyunsu/VOGBasedMCIDetection/outputs/checkpoints/run_20260803_091247_full_wvote_artifact30_w0-5-10-10-0-15-30-30_strat_4err/fold_27_best.pth
2026-08-03 22:08:08,823 | [FULL    ] | INFO | full_experiments_using.evaluators.monte_carlo_evaluator | -> Fold 28 Result | Acc=0.909 Sens=1.000 Spec=0.667 AUROC=0.958
2026-08-03 22:08:08,836 | [FULL    ] | INFO | full_experiments_using.evaluators.monte_carlo_evaluator | === Fold 29/30 | train: 25 subj (HC=10 MCI=15) / 3878 win | test: 12 subj (HC=4 MCI=8) / 1837 win ===
2026-08-03 22:08:09,084 | [FULL    ] | INFO | httpx | HTTP Request: HEAD https://huggingface.co/apple/mobilevit-small/resolve/main/config.json "HTTP/1.1 307 Temporary Redirect"
2026-08-03 22:08:09,142 | [FULL    ] | INFO | httpx | HTTP Request: HEAD https://huggingface.co/api/resolve-cache/models/apple/mobilevit-small/6c8612545dc98676d27bc518fa521d9e9af23e34/config.json "HTTP/1.1 200 OK"
2026-08-03 22:08:09,421 | [FULL    ] | INFO | httpx | HTTP Request: HEAD https://huggingface.co/apple/mobilevit-small/resolve/main/model.safetensors "HTTP/1.1 404 Not Found"
2026-08-03 22:08:09,643 | [FULL    ] | INFO | httpx | HTTP Request: HEAD https://huggingface.co/apple/mobilevit-small/resolve/main/model.safetensors.index.json "HTTP/1.1 404 Not Found"
2026-08-03 22:08:09,864 | [FULL    ] | INFO | httpx | HTTP Request: HEAD https://huggingface.co/apple/mobilevit-small/resolve/main/pytorch_model.bin "HTTP/1.1 302 Found"
2026-08-03 22:08:10,079 | [FULL    ] | INFO | httpx | HTTP Request: HEAD https://huggingface.co/apple/mobilevit-small/resolve/main/model.safetensors "HTTP/1.1 404 Not Found"
2026-08-03 22:08:10,438 | [FULL    ] | INFO | httpx | HTTP Request: GET https://huggingface.co/api/models/apple/mobilevit-small "HTTP/1.1 200 OK"
2026-08-03 22:08:10,710 | [FULL    ] | INFO | httpx | HTTP Request: GET https://huggingface.co/api/models/apple/mobilevit-small/commits/main "HTTP/1.1 200 OK"
2026-08-03 22:08:10,931 | [FULL    ] | INFO | httpx | HTTP Request: GET https://huggingface.co/api/models/apple/mobilevit-small/discussions?p=0 "HTTP/1.1 200 OK"
2026-08-03 22:08:11,159 | [FULL    ] | INFO | httpx | HTTP Request: GET https://huggingface.co/api/models/apple/mobilevit-small/commits/refs%2Fpr%2F6 "HTTP/1.1 200 OK"
2026-08-03 22:08:11,365 | [FULL    ] | INFO | httpx | HTTP Request: HEAD https://huggingface.co/apple/mobilevit-small/resolve/refs%2Fpr%2F6/model.safetensors.index.json "HTTP/1.1 404 Not Found"
2026-08-03 22:08:11,583 | [FULL    ] | INFO | httpx | HTTP Request: HEAD https://huggingface.co/apple/mobilevit-small/resolve/refs%2Fpr%2F6/model.safetensors "HTTP/1.1 302 Found"
2026-08-03 22:08:12,364 | [FULL    ] | INFO | full_experiments_using.model_trainers.mobile_vit_trainer | Device: cuda | max_epochs=500 | batch=32 | eval_batch=256 | es_patience=30
2026-08-03 22:08:12,376 | [FULL    ] | INFO | full_experiments_using.model_trainers.mobile_vit_trainer | CE weights — HC: 1.093  MCI: 0.922
2026-08-03 22:08:47,559 | [FULL    ] | INFO | full_experiments_using.model_trainers.mobile_vit_trainer | Ep [001/500] T-Acc:  51.7%  V-Acc:  51.5%  V-AUROC: 0.5414  LR: 2.00e-04
2026-08-03 22:08:47,620 | [FULL    ] | INFO | full_experiments_using.model_trainers.mobile_vit_trainer |   ↳ new best AUROC; saved checkpoint: /home/oem/choihyunsu/VOGBasedMCIDetection/outputs/checkpoints/run_20260803_091247_full_wvote_artifact30_w0-5-10-10-0-15-30-30_strat_4err/fold_28_best.pth
2026-08-03 22:09:08,837 | [FULL    ] | INFO | full_experiments_using.model_trainers.mobile_vit_trainer | Ep [002/500] T-Acc:  50.3%  V-Acc:  50.3%  V-AUROC: 0.5495  LR: 4.00e-04
2026-08-03 22:09:09,019 | [FULL    ] | INFO | full_experiments_using.model_trainers.mobile_vit_trainer |   ↳ new best AUROC; saved checkpoint: /home/oem/choihyunsu/VOGBasedMCIDetection/outputs/checkpoints/run_20260803_091247_full_wvote_artifact30_w0-5-10-10-0-15-30-30_strat_4err/fold_28_best.pth
2026-08-03 22:09:30,240 | [FULL    ] | INFO | full_experiments_using.model_trainers.mobile_vit_trainer | Ep [003/500] T-Acc:  52.8%  V-Acc:  50.9%  V-AUROC: 0.5632  LR: 6.00e-04
2026-08-03 22:09:30,358 | [FULL    ] | INFO | full_experiments_using.model_trainers.mobile_vit_trainer |   ↳ new best AUROC; saved checkpoint: /home/oem/choihyunsu/VOGBasedMCIDetection/outputs/checkpoints/run_20260803_091247_full_wvote_artifact30_w0-5-10-10-0-15-30-30_strat_4err/fold_28_best.pth
2026-08-03 22:09:51,534 | [FULL    ] | INFO | full_experiments_using.model_trainers.mobile_vit_trainer | Ep [004/500] T-Acc:  51.3%  V-Acc:  52.5%  V-AUROC: 0.5580  LR: 8.00e-04
2026-08-03 22:10:12,863 | [FULL    ] | INFO | full_experiments_using.model_trainers.mobile_vit_trainer | Ep [005/500] T-Acc:  51.8%  V-Acc:  52.6%  V-AUROC: 0.5727  LR: 1.00e-03
2026-08-03 22:10:13,045 | [FULL    ] | INFO | full_experiments_using.model_trainers.mobile_vit_trainer |   ↳ new best AUROC; saved checkpoint: /home/oem/choihyunsu/VOGBasedMCIDetection/outputs/checkpoints/run_20260803_091247_full_wvote_artifact30_w0-5-10-10-0-15-30-30_strat_4err/fold_28_best.pth
2026-08-03 22:10:34,263 | [FULL    ] | INFO | full_experiments_using.model_trainers.mobile_vit_trainer | Ep [006/500] T-Acc:  53.0%  V-Acc:  54.2%  V-AUROC: 0.5723  LR: 1.00e-03
2026-08-03 22:10:55,388 | [FULL    ] | INFO | full_experiments_using.model_trainers.mobile_vit_trainer | Ep [007/500] T-Acc:  54.6%  V-Acc:  54.2%  V-AUROC: 0.5696  LR: 1.00e-03
2026-08-03 22:11:16,493 | [FULL    ] | INFO | full_experiments_using.model_trainers.mobile_vit_trainer | Ep [008/500] T-Acc:  54.4%  V-Acc:  56.8%  V-AUROC: 0.5780  LR: 1.00e-03
2026-08-03 22:11:16,616 | [FULL    ] | INFO | full_experiments_using.model_trainers.mobile_vit_trainer |   ↳ new best AUROC; saved checkpoint: /home/oem/choihyunsu/VOGBasedMCIDetection/outputs/checkpoints/run_20260803_091247_full_wvote_artifact30_w0-5-10-10-0-15-30-30_strat_4err/fold_28_best.pth
2026-08-03 22:11:37,828 | [FULL    ] | INFO | full_experiments_using.model_trainers.mobile_vit_trainer | Ep [009/500] T-Acc:  55.4%  V-Acc:  54.4%  V-AUROC: 0.5770  LR: 1.00e-03
2026-08-03 22:11:59,211 | [FULL    ] | INFO | full_experiments_using.model_trainers.mobile_vit_trainer | Ep [010/500] T-Acc:  57.6%  V-Acc:  55.3%  V-AUROC: 0.5835  LR: 1.00e-03
2026-08-03 22:11:59,334 | [FULL    ] | INFO | full_experiments_using.model_trainers.mobile_vit_trainer |   ↳ new best AUROC; saved checkpoint: /home/oem/choihyunsu/VOGBasedMCIDetection/outputs/checkpoints/run_20260803_091247_full_wvote_artifact30_w0-5-10-10-0-15-30-30_strat_4err/fold_28_best.pth
2026-08-03 22:12:20,458 | [FULL    ] | INFO | full_experiments_using.model_trainers.mobile_vit_trainer | Ep [011/500] T-Acc:  56.8%  V-Acc:  55.0%  V-AUROC: 0.5822  LR: 1.00e-03
2026-08-03 22:12:41,763 | [FULL    ] | INFO | full_experiments_using.model_trainers.mobile_vit_trainer | Ep [012/500] T-Acc:  55.8%  V-Acc:  56.5%  V-AUROC: 0.6020  LR: 1.00e-03
2026-08-03 22:12:41,952 | [FULL    ] | INFO | full_experiments_using.model_trainers.mobile_vit_trainer |   ↳ new best AUROC; saved checkpoint: /home/oem/choihyunsu/VOGBasedMCIDetection/outputs/checkpoints/run_20260803_091247_full_wvote_artifact30_w0-5-10-10-0-15-30-30_strat_4err/fold_28_best.pth
2026-08-03 22:13:03,431 | [FULL    ] | INFO | full_experiments_using.model_trainers.mobile_vit_trainer | Ep [013/500] T-Acc:  56.4%  V-Acc:  55.6%  V-AUROC: 0.5927  LR: 1.00e-03
2026-08-03 22:13:24,700 | [FULL    ] | INFO | full_experiments_using.model_trainers.mobile_vit_trainer | Ep [014/500] T-Acc:  57.1%  V-Acc:  57.4%  V-AUROC: 0.6176  LR: 1.00e-03
2026-08-03 22:13:24,838 | [FULL    ] | INFO | full_experiments_using.model_trainers.mobile_vit_trainer |   ↳ new best AUROC; saved checkpoint: /home/oem/choihyunsu/VOGBasedMCIDetection/outputs/checkpoints/run_20260803_091247_full_wvote_artifact30_w0-5-10-10-0-15-30-30_strat_4err/fold_28_best.pth
2026-08-03 22:13:46,239 | [FULL    ] | INFO | full_experiments_using.model_trainers.mobile_vit_trainer | Ep [015/500] T-Acc:  58.2%  V-Acc:  56.6%  V-AUROC: 0.6058  LR: 1.00e-03
2026-08-03 22:14:05,265 | [FULL    ] | INFO | full_experiments_using.model_trainers.mobile_vit_trainer | Ep [016/500] T-Acc:  57.8%  V-Acc:  57.1%  V-AUROC: 0.6167  LR: 1.00e-03
2026-08-03 22:14:24,540 | [FULL    ] | INFO | full_experiments_using.model_trainers.mobile_vit_trainer | Ep [017/500] T-Acc:  60.5%  V-Acc:  58.0%  V-AUROC: 0.6091  LR: 1.00e-03
2026-08-03 22:14:45,644 | [FULL    ] | INFO | full_experiments_using.model_trainers.mobile_vit_trainer | Ep [018/500] T-Acc:  58.6%  V-Acc:  55.6%  V-AUROC: 0.5976  LR: 1.00e-03
2026-08-03 22:15:06,827 | [FULL    ] | INFO | full_experiments_using.model_trainers.mobile_vit_trainer | Ep [019/500] T-Acc:  58.9%  V-Acc:  55.4%  V-AUROC: 0.6015  LR: 1.00e-03
2026-08-03 22:15:28,027 | [FULL    ] | INFO | full_experiments_using.model_trainers.mobile_vit_trainer | Ep [020/500] T-Acc:  59.6%  V-Acc:  56.3%  V-AUROC: 0.6044  LR: 1.00e-03
2026-08-03 22:15:49,282 | [FULL    ] | INFO | full_experiments_using.model_trainers.mobile_vit_trainer | Ep [021/500] T-Acc:  59.9%  V-Acc:  56.6%  V-AUROC: 0.6103  LR: 1.00e-03
2026-08-03 22:16:10,535 | [FULL    ] | INFO | full_experiments_using.model_trainers.mobile_vit_trainer | Ep [022/500] T-Acc:  59.7%  V-Acc:  55.9%  V-AUROC: 0.6027  LR: 1.00e-03
2026-08-03 22:16:31,863 | [FULL    ] | INFO | full_experiments_using.model_trainers.mobile_vit_trainer | Ep [023/500] T-Acc:  60.3%  V-Acc:  56.1%  V-AUROC: 0.6105  LR: 1.00e-03
2026-08-03 22:16:52,938 | [FULL    ] | INFO | full_experiments_using.model_trainers.mobile_vit_trainer | Ep [024/500] T-Acc:  59.8%  V-Acc:  56.3%  V-AUROC: 0.6032  LR: 1.00e-03
2026-08-03 22:17:14,203 | [FULL    ] | INFO | full_experiments_using.model_trainers.mobile_vit_trainer | Ep [025/500] T-Acc:  58.6%  V-Acc:  56.8%  V-AUROC: 0.6024  LR: 1.00e-03
2026-08-03 22:17:34,097 | [FULL    ] | INFO | full_experiments_using.model_trainers.mobile_vit_trainer | Ep [026/500] T-Acc:  60.1%  V-Acc:  56.1%  V-AUROC: 0.6004  LR: 2.00e-04
2026-08-03 22:17:54,851 | [FULL    ] | INFO | full_experiments_using.model_trainers.mobile_vit_trainer | Ep [027/500] T-Acc:  59.7%  V-Acc:  55.7%  V-AUROC: 0.6014  LR: 2.00e-04
2026-08-03 22:18:13,563 | [FULL    ] | INFO | full_experiments_using.model_trainers.mobile_vit_trainer | Ep [028/500] T-Acc:  61.7%  V-Acc:  55.9%  V-AUROC: 0.6027  LR: 2.00e-04
2026-08-03 22:18:34,731 | [FULL    ] | INFO | full_experiments_using.model_trainers.mobile_vit_trainer | Ep [029/500] T-Acc:  60.0%  V-Acc:  56.6%  V-AUROC: 0.6011  LR: 2.00e-04
2026-08-03 22:18:55,936 | [FULL    ] | INFO | full_experiments_using.model_trainers.mobile_vit_trainer | Ep [030/500] T-Acc:  61.5%  V-Acc:  56.5%  V-AUROC: 0.6055  LR: 2.00e-04
2026-08-03 22:19:17,252 | [FULL    ] | INFO | full_experiments_using.model_trainers.mobile_vit_trainer | Ep [031/500] T-Acc:  60.8%  V-Acc:  56.9%  V-AUROC: 0.5975  LR: 2.00e-04
2026-08-03 22:19:38,147 | [FULL    ] | INFO | full_experiments_using.model_trainers.mobile_vit_trainer | Ep [032/500] T-Acc:  60.9%  V-Acc:  56.5%  V-AUROC: 0.5993  LR: 2.00e-04
2026-08-03 22:19:59,286 | [FULL    ] | INFO | full_experiments_using.model_trainers.mobile_vit_trainer | Ep [033/500] T-Acc:  61.1%  V-Acc:  55.8%  V-AUROC: 0.6009  LR: 2.00e-04
2026-08-03 22:20:20,342 | [FULL    ] | INFO | full_experiments_using.model_trainers.mobile_vit_trainer | Ep [034/500] T-Acc:  60.8%  V-Acc:  56.1%  V-AUROC: 0.6036  LR: 2.00e-04
2026-08-03 22:20:41,379 | [FULL    ] | INFO | full_experiments_using.model_trainers.mobile_vit_trainer | Ep [035/500] T-Acc:  61.4%  V-Acc:  57.0%  V-AUROC: 0.6047  LR: 2.00e-04
2026-08-03 22:21:02,517 | [FULL    ] | INFO | full_experiments_using.model_trainers.mobile_vit_trainer | Ep [036/500] T-Acc:  60.8%  V-Acc:  55.8%  V-AUROC: 0.6018  LR: 2.00e-04
2026-08-03 22:21:23,752 | [FULL    ] | INFO | full_experiments_using.model_trainers.mobile_vit_trainer | Ep [037/500] T-Acc:  60.0%  V-Acc:  56.2%  V-AUROC: 0.6012  LR: 4.00e-05
2026-08-03 22:21:45,008 | [FULL    ] | INFO | full_experiments_using.model_trainers.mobile_vit_trainer | Ep [038/500] T-Acc:  61.2%  V-Acc:  56.3%  V-AUROC: 0.6017  LR: 4.00e-05
2026-08-03 22:22:06,118 | [FULL    ] | INFO | full_experiments_using.model_trainers.mobile_vit_trainer | Ep [039/500] T-Acc:  61.6%  V-Acc:  55.7%  V-AUROC: 0.6020  LR: 4.00e-05
2026-08-03 22:22:27,453 | [FULL    ] | INFO | full_experiments_using.model_trainers.mobile_vit_trainer | Ep [040/500] T-Acc:  61.4%  V-Acc:  56.8%  V-AUROC: 0.6027  LR: 4.00e-05
2026-08-03 22:22:48,734 | [FULL    ] | INFO | full_experiments_using.model_trainers.mobile_vit_trainer | Ep [041/500] T-Acc:  61.6%  V-Acc:  56.8%  V-AUROC: 0.6005  LR: 4.00e-05
2026-08-03 22:23:09,997 | [FULL    ] | INFO | full_experiments_using.model_trainers.mobile_vit_trainer | Ep [042/500] T-Acc:  60.9%  V-Acc:  55.9%  V-AUROC: 0.6024  LR: 4.00e-05
2026-08-03 22:23:31,377 | [FULL    ] | INFO | full_experiments_using.model_trainers.mobile_vit_trainer | Ep [043/500] T-Acc:  62.2%  V-Acc:  56.2%  V-AUROC: 0.6014  LR: 4.00e-05
2026-08-03 22:23:52,563 | [FULL    ] | INFO | full_experiments_using.model_trainers.mobile_vit_trainer | Ep [044/500] T-Acc:  61.0%  V-Acc:  56.1%  V-AUROC: 0.5997  LR: 4.00e-05
2026-08-03 22:23:52,564 | [FULL    ] | INFO | full_experiments_using.model_trainers.mobile_vit_trainer | Early stop — best AUROC 0.6176 at epoch 14 (no improvement for 30 epochs)
2026-08-03 22:23:52,564 | [FULL    ] | INFO | full_experiments_using.model_trainers.mobile_vit_trainer | Done. Best AUROC: 0.6176 (epoch 14) → /home/oem/choihyunsu/VOGBasedMCIDetection/outputs/checkpoints/run_20260803_091247_full_wvote_artifact30_w0-5-10-10-0-15-30-30_strat_4err/fold_28_best.pth
2026-08-03 22:23:59,323 | [FULL    ] | INFO | full_experiments_using.evaluators.monte_carlo_evaluator | -> Fold 29 Result | Acc=0.727 Sens=0.625 Spec=1.000 AUROC=0.792
2026-08-03 22:23:59,330 | [FULL    ] | INFO | full_experiments_using.evaluators.monte_carlo_evaluator | === Fold 30/30 | train: 25 subj (HC=10 MCI=15) / 3928 win | test: 12 subj (HC=4 MCI=8) / 1787 win ===
2026-08-03 22:23:59,561 | [FULL    ] | INFO | httpx | HTTP Request: HEAD https://huggingface.co/apple/mobilevit-small/resolve/main/config.json "HTTP/1.1 307 Temporary Redirect"
2026-08-03 22:23:59,579 | [FULL    ] | INFO | httpx | HTTP Request: HEAD https://huggingface.co/api/resolve-cache/models/apple/mobilevit-small/6c8612545dc98676d27bc518fa521d9e9af23e34/config.json "HTTP/1.1 200 OK"
2026-08-03 22:23:59,854 | [FULL    ] | INFO | httpx | HTTP Request: HEAD https://huggingface.co/apple/mobilevit-small/resolve/main/model.safetensors "HTTP/1.1 404 Not Found"
2026-08-03 22:24:00,065 | [FULL    ] | INFO | httpx | HTTP Request: HEAD https://huggingface.co/apple/mobilevit-small/resolve/main/model.safetensors.index.json "HTTP/1.1 404 Not Found"
2026-08-03 22:24:00,278 | [FULL    ] | INFO | httpx | HTTP Request: HEAD https://huggingface.co/apple/mobilevit-small/resolve/main/pytorch_model.bin "HTTP/1.1 302 Found"
2026-08-03 22:24:00,490 | [FULL    ] | INFO | httpx | HTTP Request: HEAD https://huggingface.co/apple/mobilevit-small/resolve/main/model.safetensors "HTTP/1.1 404 Not Found"
2026-08-03 22:24:00,698 | [FULL    ] | INFO | httpx | HTTP Request: GET https://huggingface.co/api/models/apple/mobilevit-small "HTTP/1.1 200 OK"
2026-08-03 22:24:00,916 | [FULL    ] | INFO | httpx | HTTP Request: GET https://huggingface.co/api/models/apple/mobilevit-small/commits/main "HTTP/1.1 200 OK"
2026-08-03 22:24:01,129 | [FULL    ] | INFO | httpx | HTTP Request: GET https://huggingface.co/api/models/apple/mobilevit-small/discussions?p=0 "HTTP/1.1 200 OK"
2026-08-03 22:24:01,351 | [FULL    ] | INFO | httpx | HTTP Request: GET https://huggingface.co/api/models/apple/mobilevit-small/commits/refs%2Fpr%2F6 "HTTP/1.1 200 OK"
2026-08-03 22:24:01,557 | [FULL    ] | INFO | httpx | HTTP Request: HEAD https://huggingface.co/apple/mobilevit-small/resolve/refs%2Fpr%2F6/model.safetensors.index.json "HTTP/1.1 404 Not Found"
2026-08-03 22:24:01,776 | [FULL    ] | INFO | httpx | HTTP Request: HEAD https://huggingface.co/apple/mobilevit-small/resolve/refs%2Fpr%2F6/model.safetensors "HTTP/1.1 302 Found"
2026-08-03 22:24:02,106 | [FULL    ] | INFO | full_experiments_using.model_trainers.mobile_vit_trainer | Device: cuda | max_epochs=500 | batch=32 | eval_batch=256 | es_patience=30
2026-08-03 22:24:02,118 | [FULL    ] | INFO | full_experiments_using.model_trainers.mobile_vit_trainer | CE weights — HC: 1.089  MCI: 0.924
2026-08-03 22:24:38,213 | [FULL    ] | INFO | full_experiments_using.model_trainers.mobile_vit_trainer | Ep [001/500] T-Acc:  49.4%  V-Acc:  46.7%  V-AUROC: 0.5183  LR: 2.00e-04
2026-08-03 22:24:38,272 | [FULL    ] | INFO | full_experiments_using.model_trainers.mobile_vit_trainer |   ↳ new best AUROC; saved checkpoint: /home/oem/choihyunsu/VOGBasedMCIDetection/outputs/checkpoints/run_20260803_091247_full_wvote_artifact30_w0-5-10-10-0-15-30-30_strat_4err/fold_29_best.pth
2026-08-03 22:24:59,398 | [FULL    ] | INFO | full_experiments_using.model_trainers.mobile_vit_trainer | Ep [002/500] T-Acc:  51.2%  V-Acc:  48.3%  V-AUROC: 0.5204  LR: 4.00e-04
2026-08-03 22:24:59,516 | [FULL    ] | INFO | full_experiments_using.model_trainers.mobile_vit_trainer |   ↳ new best AUROC; saved checkpoint: /home/oem/choihyunsu/VOGBasedMCIDetection/outputs/checkpoints/run_20260803_091247_full_wvote_artifact30_w0-5-10-10-0-15-30-30_strat_4err/fold_29_best.pth
2026-08-03 22:25:20,870 | [FULL    ] | INFO | full_experiments_using.model_trainers.mobile_vit_trainer | Ep [003/500] T-Acc:  50.8%  V-Acc:  50.3%  V-AUROC: 0.5366  LR: 6.00e-04
2026-08-03 22:25:20,988 | [FULL    ] | INFO | full_experiments_using.model_trainers.mobile_vit_trainer |   ↳ new best AUROC; saved checkpoint: /home/oem/choihyunsu/VOGBasedMCIDetection/outputs/checkpoints/run_20260803_091247_full_wvote_artifact30_w0-5-10-10-0-15-30-30_strat_4err/fold_29_best.pth
2026-08-03 22:25:42,355 | [FULL    ] | INFO | full_experiments_using.model_trainers.mobile_vit_trainer | Ep [004/500] T-Acc:  52.2%  V-Acc:  53.4%  V-AUROC: 0.5531  LR: 8.00e-04
2026-08-03 22:25:42,602 | [FULL    ] | INFO | full_experiments_using.model_trainers.mobile_vit_trainer |   ↳ new best AUROC; saved checkpoint: /home/oem/choihyunsu/VOGBasedMCIDetection/outputs/checkpoints/run_20260803_091247_full_wvote_artifact30_w0-5-10-10-0-15-30-30_strat_4err/fold_29_best.pth
2026-08-03 22:26:04,117 | [FULL    ] | INFO | full_experiments_using.model_trainers.mobile_vit_trainer | Ep [005/500] T-Acc:  52.1%  V-Acc:  54.0%  V-AUROC: 0.5683  LR: 1.00e-03
2026-08-03 22:26:04,237 | [FULL    ] | INFO | full_experiments_using.model_trainers.mobile_vit_trainer |   ↳ new best AUROC; saved checkpoint: /home/oem/choihyunsu/VOGBasedMCIDetection/outputs/checkpoints/run_20260803_091247_full_wvote_artifact30_w0-5-10-10-0-15-30-30_strat_4err/fold_29_best.pth
2026-08-03 22:26:25,556 | [FULL    ] | INFO | full_experiments_using.model_trainers.mobile_vit_trainer | Ep [006/500] T-Acc:  53.8%  V-Acc:  54.2%  V-AUROC: 0.5653  LR: 1.00e-03
2026-08-03 22:26:46,835 | [FULL    ] | INFO | full_experiments_using.model_trainers.mobile_vit_trainer | Ep [007/500] T-Acc:  52.9%  V-Acc:  56.4%  V-AUROC: 0.5823  LR: 1.00e-03
2026-08-03 22:26:46,990 | [FULL    ] | INFO | full_experiments_using.model_trainers.mobile_vit_trainer |   ↳ new best AUROC; saved checkpoint: /home/oem/choihyunsu/VOGBasedMCIDetection/outputs/checkpoints/run_20260803_091247_full_wvote_artifact30_w0-5-10-10-0-15-30-30_strat_4err/fold_29_best.pth
2026-08-03 22:27:08,388 | [FULL    ] | INFO | full_experiments_using.model_trainers.mobile_vit_trainer | Ep [008/500] T-Acc:  54.3%  V-Acc:  56.2%  V-AUROC: 0.5762  LR: 1.00e-03
2026-08-03 22:27:29,814 | [FULL    ] | INFO | full_experiments_using.model_trainers.mobile_vit_trainer | Ep [009/500] T-Acc:  54.2%  V-Acc:  52.8%  V-AUROC: 0.5716  LR: 1.00e-03
2026-08-03 22:27:51,131 | [FULL    ] | INFO | full_experiments_using.model_trainers.mobile_vit_trainer | Ep [010/500] T-Acc:  55.0%  V-Acc:  54.5%  V-AUROC: 0.5834  LR: 1.00e-03
2026-08-03 22:27:51,251 | [FULL    ] | INFO | full_experiments_using.model_trainers.mobile_vit_trainer |   ↳ new best AUROC; saved checkpoint: /home/oem/choihyunsu/VOGBasedMCIDetection/outputs/checkpoints/run_20260803_091247_full_wvote_artifact30_w0-5-10-10-0-15-30-30_strat_4err/fold_29_best.pth
2026-08-03 22:28:12,686 | [FULL    ] | INFO | full_experiments_using.model_trainers.mobile_vit_trainer | Ep [011/500] T-Acc:  55.2%  V-Acc:  55.8%  V-AUROC: 0.5847  LR: 1.00e-03
2026-08-03 22:28:12,812 | [FULL    ] | INFO | full_experiments_using.model_trainers.mobile_vit_trainer |   ↳ new best AUROC; saved checkpoint: /home/oem/choihyunsu/VOGBasedMCIDetection/outputs/checkpoints/run_20260803_091247_full_wvote_artifact30_w0-5-10-10-0-15-30-30_strat_4err/fold_29_best.pth
2026-08-03 22:28:34,314 | [FULL    ] | INFO | full_experiments_using.model_trainers.mobile_vit_trainer | Ep [012/500] T-Acc:  56.2%  V-Acc:  56.4%  V-AUROC: 0.5838  LR: 1.00e-03
2026-08-03 22:28:55,572 | [FULL    ] | INFO | full_experiments_using.model_trainers.mobile_vit_trainer | Ep [013/500] T-Acc:  55.1%  V-Acc:  56.1%  V-AUROC: 0.5906  LR: 1.00e-03
2026-08-03 22:28:55,737 | [FULL    ] | INFO | full_experiments_using.model_trainers.mobile_vit_trainer |   ↳ new best AUROC; saved checkpoint: /home/oem/choihyunsu/VOGBasedMCIDetection/outputs/checkpoints/run_20260803_091247_full_wvote_artifact30_w0-5-10-10-0-15-30-30_strat_4err/fold_29_best.pth
2026-08-03 22:29:15,285 | [FULL    ] | INFO | full_experiments_using.model_trainers.mobile_vit_trainer | Ep [014/500] T-Acc:  57.1%  V-Acc:  54.7%  V-AUROC: 0.5796  LR: 1.00e-03
2026-08-03 22:29:36,502 | [FULL    ] | INFO | full_experiments_using.model_trainers.mobile_vit_trainer | Ep [015/500] T-Acc:  56.5%  V-Acc:  55.3%  V-AUROC: 0.5754  LR: 1.00e-03
2026-08-03 22:29:55,927 | [FULL    ] | INFO | full_experiments_using.model_trainers.mobile_vit_trainer | Ep [016/500] T-Acc:  56.5%  V-Acc:  55.8%  V-AUROC: 0.5924  LR: 1.00e-03
2026-08-03 22:29:56,049 | [FULL    ] | INFO | full_experiments_using.model_trainers.mobile_vit_trainer |   ↳ new best AUROC; saved checkpoint: /home/oem/choihyunsu/VOGBasedMCIDetection/outputs/checkpoints/run_20260803_091247_full_wvote_artifact30_w0-5-10-10-0-15-30-30_strat_4err/fold_29_best.pth
2026-08-03 22:30:17,317 | [FULL    ] | INFO | full_experiments_using.model_trainers.mobile_vit_trainer | Ep [017/500] T-Acc:  56.1%  V-Acc:  56.2%  V-AUROC: 0.5897  LR: 1.00e-03
2026-08-03 22:30:38,645 | [FULL    ] | INFO | full_experiments_using.model_trainers.mobile_vit_trainer | Ep [018/500] T-Acc:  57.5%  V-Acc:  56.1%  V-AUROC: 0.5887  LR: 1.00e-03
2026-08-03 22:30:59,925 | [FULL    ] | INFO | full_experiments_using.model_trainers.mobile_vit_trainer | Ep [019/500] T-Acc:  57.5%  V-Acc:  56.5%  V-AUROC: 0.5878  LR: 1.00e-03
2026-08-03 22:31:21,192 | [FULL    ] | INFO | full_experiments_using.model_trainers.mobile_vit_trainer | Ep [020/500] T-Acc:  58.6%  V-Acc:  56.7%  V-AUROC: 0.5981  LR: 1.00e-03
2026-08-03 22:31:21,312 | [FULL    ] | INFO | full_experiments_using.model_trainers.mobile_vit_trainer |   ↳ new best AUROC; saved checkpoint: /home/oem/choihyunsu/VOGBasedMCIDetection/outputs/checkpoints/run_20260803_091247_full_wvote_artifact30_w0-5-10-10-0-15-30-30_strat_4err/fold_29_best.pth
2026-08-03 22:31:42,612 | [FULL    ] | INFO | full_experiments_using.model_trainers.mobile_vit_trainer | Ep [021/500] T-Acc:  57.8%  V-Acc:  57.3%  V-AUROC: 0.6044  LR: 1.00e-03
2026-08-03 22:31:42,728 | [FULL    ] | INFO | full_experiments_using.model_trainers.mobile_vit_trainer |   ↳ new best AUROC; saved checkpoint: /home/oem/choihyunsu/VOGBasedMCIDetection/outputs/checkpoints/run_20260803_091247_full_wvote_artifact30_w0-5-10-10-0-15-30-30_strat_4err/fold_29_best.pth
2026-08-03 22:32:03,940 | [FULL    ] | INFO | full_experiments_using.model_trainers.mobile_vit_trainer | Ep [022/500] T-Acc:  57.7%  V-Acc:  58.8%  V-AUROC: 0.6053  LR: 1.00e-03
2026-08-03 22:32:04,062 | [FULL    ] | INFO | full_experiments_using.model_trainers.mobile_vit_trainer |   ↳ new best AUROC; saved checkpoint: /home/oem/choihyunsu/VOGBasedMCIDetection/outputs/checkpoints/run_20260803_091247_full_wvote_artifact30_w0-5-10-10-0-15-30-30_strat_4err/fold_29_best.pth
2026-08-03 22:32:25,304 | [FULL    ] | INFO | full_experiments_using.model_trainers.mobile_vit_trainer | Ep [023/500] T-Acc:  58.2%  V-Acc:  57.3%  V-AUROC: 0.6013  LR: 1.00e-03
2026-08-03 22:32:46,651 | [FULL    ] | INFO | full_experiments_using.model_trainers.mobile_vit_trainer | Ep [024/500] T-Acc:  58.3%  V-Acc:  56.2%  V-AUROC: 0.6041  LR: 1.00e-03
2026-08-03 22:33:08,122 | [FULL    ] | INFO | full_experiments_using.model_trainers.mobile_vit_trainer | Ep [025/500] T-Acc:  57.9%  V-Acc:  57.2%  V-AUROC: 0.6078  LR: 1.00e-03
2026-08-03 22:33:08,240 | [FULL    ] | INFO | full_experiments_using.model_trainers.mobile_vit_trainer |   ↳ new best AUROC; saved checkpoint: /home/oem/choihyunsu/VOGBasedMCIDetection/outputs/checkpoints/run_20260803_091247_full_wvote_artifact30_w0-5-10-10-0-15-30-30_strat_4err/fold_29_best.pth
2026-08-03 22:33:29,433 | [FULL    ] | INFO | full_experiments_using.model_trainers.mobile_vit_trainer | Ep [026/500] T-Acc:  58.9%  V-Acc:  57.6%  V-AUROC: 0.6043  LR: 1.00e-03
2026-08-03 22:33:48,827 | [FULL    ] | INFO | full_experiments_using.model_trainers.mobile_vit_trainer | Ep [027/500] T-Acc:  58.8%  V-Acc:  57.2%  V-AUROC: 0.6094  LR: 1.00e-03
2026-08-03 22:33:48,960 | [FULL    ] | INFO | full_experiments_using.model_trainers.mobile_vit_trainer |   ↳ new best AUROC; saved checkpoint: /home/oem/choihyunsu/VOGBasedMCIDetection/outputs/checkpoints/run_20260803_091247_full_wvote_artifact30_w0-5-10-10-0-15-30-30_strat_4err/fold_29_best.pth
2026-08-03 22:34:09,921 | [FULL    ] | INFO | full_experiments_using.model_trainers.mobile_vit_trainer | Ep [028/500] T-Acc:  58.8%  V-Acc:  55.7%  V-AUROC: 0.5899  LR: 1.00e-03
2026-08-03 22:34:29,429 | [FULL    ] | INFO | full_experiments_using.model_trainers.mobile_vit_trainer | Ep [029/500] T-Acc:  58.7%  V-Acc:  55.7%  V-AUROC: 0.5935  LR: 1.00e-03
2026-08-03 22:34:50,921 | [FULL    ] | INFO | full_experiments_using.model_trainers.mobile_vit_trainer | Ep [030/500] T-Acc:  57.9%  V-Acc:  55.6%  V-AUROC: 0.5964  LR: 1.00e-03
2026-08-03 22:35:11,954 | [FULL    ] | INFO | full_experiments_using.model_trainers.mobile_vit_trainer | Ep [031/500] T-Acc:  59.7%  V-Acc:  57.7%  V-AUROC: 0.5979  LR: 1.00e-03
2026-08-03 22:35:33,163 | [FULL    ] | INFO | full_experiments_using.model_trainers.mobile_vit_trainer | Ep [032/500] T-Acc:  59.7%  V-Acc:  55.8%  V-AUROC: 0.5939  LR: 1.00e-03
2026-08-03 22:35:54,480 | [FULL    ] | INFO | full_experiments_using.model_trainers.mobile_vit_trainer | Ep [033/500] T-Acc:  59.5%  V-Acc:  56.9%  V-AUROC: 0.5923  LR: 1.00e-03
2026-08-03 22:36:15,921 | [FULL    ] | INFO | full_experiments_using.model_trainers.mobile_vit_trainer | Ep [034/500] T-Acc:  60.5%  V-Acc:  56.7%  V-AUROC: 0.5941  LR: 1.00e-03
2026-08-03 22:36:36,947 | [FULL    ] | INFO | full_experiments_using.model_trainers.mobile_vit_trainer | Ep [035/500] T-Acc:  60.3%  V-Acc:  57.6%  V-AUROC: 0.5993  LR: 1.00e-03
2026-08-03 22:36:58,087 | [FULL    ] | INFO | full_experiments_using.model_trainers.mobile_vit_trainer | Ep [036/500] T-Acc:  58.9%  V-Acc:  56.2%  V-AUROC: 0.5908  LR: 1.00e-03
2026-08-03 22:37:19,447 | [FULL    ] | INFO | full_experiments_using.model_trainers.mobile_vit_trainer | Ep [037/500] T-Acc:  60.3%  V-Acc:  57.9%  V-AUROC: 0.5908  LR: 1.00e-03
2026-08-03 22:37:40,727 | [FULL    ] | INFO | full_experiments_using.model_trainers.mobile_vit_trainer | Ep [038/500] T-Acc:  58.8%  V-Acc:  56.2%  V-AUROC: 0.5872  LR: 1.00e-03
2026-08-03 22:38:02,147 | [FULL    ] | INFO | full_experiments_using.model_trainers.mobile_vit_trainer | Ep [039/500] T-Acc:  59.0%  V-Acc:  57.5%  V-AUROC: 0.5948  LR: 2.00e-04
2026-08-03 22:38:23,532 | [FULL    ] | INFO | full_experiments_using.model_trainers.mobile_vit_trainer | Ep [040/500] T-Acc:  59.7%  V-Acc:  56.7%  V-AUROC: 0.5932  LR: 2.00e-04
2026-08-03 22:38:45,022 | [FULL    ] | INFO | full_experiments_using.model_trainers.mobile_vit_trainer | Ep [041/500] T-Acc:  60.5%  V-Acc:  56.6%  V-AUROC: 0.5921  LR: 2.00e-04
2026-08-03 22:39:06,152 | [FULL    ] | INFO | full_experiments_using.model_trainers.mobile_vit_trainer | Ep [042/500] T-Acc:  61.1%  V-Acc:  56.5%  V-AUROC: 0.5931  LR: 2.00e-04
2026-08-03 22:39:27,414 | [FULL    ] | INFO | full_experiments_using.model_trainers.mobile_vit_trainer | Ep [043/500] T-Acc:  59.8%  V-Acc:  56.3%  V-AUROC: 0.5910  LR: 2.00e-04
2026-08-03 22:39:48,575 | [FULL    ] | INFO | full_experiments_using.model_trainers.mobile_vit_trainer | Ep [044/500] T-Acc:  60.1%  V-Acc:  56.4%  V-AUROC: 0.5884  LR: 2.00e-04
2026-08-03 22:40:09,824 | [FULL    ] | INFO | full_experiments_using.model_trainers.mobile_vit_trainer | Ep [045/500] T-Acc:  60.8%  V-Acc:  56.5%  V-AUROC: 0.5911  LR: 2.00e-04
2026-08-03 22:40:31,248 | [FULL    ] | INFO | full_experiments_using.model_trainers.mobile_vit_trainer | Ep [046/500] T-Acc:  60.3%  V-Acc:  55.6%  V-AUROC: 0.5848  LR: 2.00e-04
2026-08-03 22:40:52,602 | [FULL    ] | INFO | full_experiments_using.model_trainers.mobile_vit_trainer | Ep [047/500] T-Acc:  59.7%  V-Acc:  56.0%  V-AUROC: 0.5886  LR: 2.00e-04
2026-08-03 22:41:13,899 | [FULL    ] | INFO | full_experiments_using.model_trainers.mobile_vit_trainer | Ep [048/500] T-Acc:  60.2%  V-Acc:  55.4%  V-AUROC: 0.5908  LR: 2.00e-04
2026-08-03 22:41:35,462 | [FULL    ] | INFO | full_experiments_using.model_trainers.mobile_vit_trainer | Ep [049/500] T-Acc:  60.3%  V-Acc:  57.1%  V-AUROC: 0.5885  LR: 2.00e-04
2026-08-03 22:41:56,866 | [FULL    ] | INFO | full_experiments_using.model_trainers.mobile_vit_trainer | Ep [050/500] T-Acc:  60.5%  V-Acc:  55.8%  V-AUROC: 0.5886  LR: 4.00e-05
2026-08-03 22:42:18,365 | [FULL    ] | INFO | full_experiments_using.model_trainers.mobile_vit_trainer | Ep [051/500] T-Acc:  60.1%  V-Acc:  55.5%  V-AUROC: 0.5904  LR: 4.00e-05
2026-08-03 22:42:39,670 | [FULL    ] | INFO | full_experiments_using.model_trainers.mobile_vit_trainer | Ep [052/500] T-Acc:  60.9%  V-Acc:  55.8%  V-AUROC: 0.5916  LR: 4.00e-05
2026-08-03 22:43:01,197 | [FULL    ] | INFO | full_experiments_using.model_trainers.mobile_vit_trainer | Ep [053/500] T-Acc:  60.3%  V-Acc:  55.6%  V-AUROC: 0.5874  LR: 4.00e-05
2026-08-03 22:43:22,613 | [FULL    ] | INFO | full_experiments_using.model_trainers.mobile_vit_trainer | Ep [054/500] T-Acc:  60.8%  V-Acc:  56.7%  V-AUROC: 0.5901  LR: 4.00e-05
2026-08-03 22:43:43,987 | [FULL    ] | INFO | full_experiments_using.model_trainers.mobile_vit_trainer | Ep [055/500] T-Acc:  60.6%  V-Acc:  56.5%  V-AUROC: 0.5928  LR: 4.00e-05
2026-08-03 22:44:05,434 | [FULL    ] | INFO | full_experiments_using.model_trainers.mobile_vit_trainer | Ep [056/500] T-Acc:  60.3%  V-Acc:  57.1%  V-AUROC: 0.5922  LR: 4.00e-05
2026-08-03 22:44:26,660 | [FULL    ] | INFO | full_experiments_using.model_trainers.mobile_vit_trainer | Ep [057/500] T-Acc:  61.3%  V-Acc:  56.6%  V-AUROC: 0.5907  LR: 4.00e-05
2026-08-03 22:44:26,660 | [FULL    ] | INFO | full_experiments_using.model_trainers.mobile_vit_trainer | Early stop — best AUROC 0.6094 at epoch 27 (no improvement for 30 epochs)
2026-08-03 22:44:26,660 | [FULL    ] | INFO | full_experiments_using.model_trainers.mobile_vit_trainer | Done. Best AUROC: 0.6094 (epoch 27) → /home/oem/choihyunsu/VOGBasedMCIDetection/outputs/checkpoints/run_20260803_091247_full_wvote_artifact30_w0-5-10-10-0-15-30-30_strat_4err/fold_29_best.pth
2026-08-03 22:44:34,482 | [FULL    ] | INFO | full_experiments_using.evaluators.monte_carlo_evaluator | -> Fold 30 Result | Acc=0.800 Sens=1.000 Spec=0.333 AUROC=0.952
2026-08-03 22:44:34,518 | [FULL    ] | INFO | full_experiments_using.evaluators.monte_carlo_evaluator | ============================================================
2026-08-03 22:44:34,518 | [FULL    ] | INFO | full_experiments_using.evaluators.monte_carlo_evaluator |   MC-CV Results [stratified-group sampling] (30 folds)
2026-08-03 22:44:34,518 | [FULL    ] | INFO | full_experiments_using.evaluators.monte_carlo_evaluator |   Accuracy    : 0.770 ± 0.129
2026-08-03 22:44:34,519 | [FULL    ] | INFO | full_experiments_using.evaluators.monte_carlo_evaluator |   Sensitivity : 0.807 ± 0.205
2026-08-03 22:44:34,519 | [FULL    ] | INFO | full_experiments_using.evaluators.monte_carlo_evaluator |   Specificity : 0.697 ± 0.231
2026-08-03 22:44:34,519 | [FULL    ] | INFO | full_experiments_using.evaluators.monte_carlo_evaluator |   AUROC       : 0.876 ± 0.101
2026-08-03 22:44:34,519 | [FULL    ] | INFO | full_experiments_using.evaluators.monte_carlo_evaluator | ============================================================
2026-08-03 22:44:34,519 | [FULL    ] | INFO | full_experiments_using.evaluators.monte_carlo_evaluator | Evaluator lifecycle end: writing probe report...
2026-08-03 22:44:35,967 | [FULL    ] | INFO | probe_generators.probe_generator | Task-Contribution Probe report written: /home/oem/choihyunsu/VOGBasedMCIDetection/outputs/reports/run_20260803_091247_full_wvote_artifact30_w0-5-10-10-0-15-30-30_strat_4err_task_wise_probe.md
