2026-08-02 11:26:25,592 | [FULL    ] | INFO | __main__ | Run ID: 20260802_112625_full_wvote_artifact30_w0-5-10-10-0-15-30-30_4err | augment=False | dropout=0.50 | patience=30 | batch_size=32 | artifact=thr=30.0 | signal_mode=four_error (4ch) | stratified=False | weighted_vote={0: 0.0, 1: 0.5, 2: 1.0, 3: 1.0, 4: 0.0, 5: 1.5, 6: 3.0, 7: 3.0}
2026-08-02 11:26:25,592 | [FULL    ] | INFO | __main__ | Log file: /home/oem/choihyunsu/VOGBasedMCIDetection/outputs/logs/run_20260802_112625_full_wvote_artifact30_w0-5-10-10-0-15-30-30_4err.log
2026-08-02 11:26:25,592 | [FULL    ] | INFO | __main__ | Loading full 8-task VOG saccade tensors from: /home/oem/choihyunsu/VOGBasedMCIDetection/data
2026-08-02 11:26:25,699 | [FULL    ] | INFO | full_experiments_using.data_processor.data_engineering | Loaded preprocessed data_store from cache: /home/oem/choihyunsu/VOGBasedMCIDetection/outputs/cache/data_store_full_4err.pkl (5715 epochs)
2026-08-02 11:26:25,809 | [FULL    ] | INFO | __main__ | Total epoched samples: 5715
2026-08-02 11:26:25,829 | [FULL    ] | INFO | full_experiments_using.evaluators.monte_carlo_evaluator | MC Group CV [grouped (unstratified)] — 30 folds | device=cuda | num_tasks=8 | augment=False | dropout=0.50 | weighted_vote={0: 0.0, 1: 0.5, 2: 1.0, 3: 1.0, 4: 0.0, 5: 1.5, 6: 3.0, 7: 3.0}
2026-08-02 11:26:25,839 | [FULL    ] | INFO | full_experiments_using.evaluators.monte_carlo_evaluator | === Fold 01/30 | train: 25 subj (HC=10 MCI=15) / 3788 win | test: 12 subj (HC=4 MCI=8) / 1927 win ===
2026-08-02 11:26:26,072 | [FULL    ] | INFO | httpx | HTTP Request: HEAD https://huggingface.co/apple/mobilevit-small/resolve/main/config.json "HTTP/1.1 307 Temporary Redirect"
2026-08-02 11:26:26,073 | [FULL    ] | WARNING | huggingface_hub.utils._http | Warning: You are sending unauthenticated requests to the HF Hub. Please set a HF_TOKEN to enable higher rate limits and faster downloads.
2026-08-02 11:26:26,082 | [FULL    ] | INFO | httpx | HTTP Request: HEAD https://huggingface.co/api/resolve-cache/models/apple/mobilevit-small/6c8612545dc98676d27bc518fa521d9e9af23e34/config.json "HTTP/1.1 200 OK"
2026-08-02 11:26:26,335 | [FULL    ] | INFO | httpx | HTTP Request: HEAD https://huggingface.co/apple/mobilevit-small/resolve/main/model.safetensors "HTTP/1.1 404 Not Found"
2026-08-02 11:26:26,534 | [FULL    ] | INFO | httpx | HTTP Request: HEAD https://huggingface.co/apple/mobilevit-small/resolve/main/model.safetensors.index.json "HTTP/1.1 404 Not Found"
2026-08-02 11:26:26,742 | [FULL    ] | INFO | httpx | HTTP Request: HEAD https://huggingface.co/apple/mobilevit-small/resolve/main/pytorch_model.bin "HTTP/1.1 302 Found"
2026-08-02 11:26:27,022 | [FULL    ] | INFO | httpx | HTTP Request: HEAD https://huggingface.co/apple/mobilevit-small/resolve/main/model.safetensors "HTTP/1.1 404 Not Found"
2026-08-02 11:26:27,228 | [FULL    ] | INFO | httpx | HTTP Request: GET https://huggingface.co/api/models/apple/mobilevit-small "HTTP/1.1 200 OK"
2026-08-02 11:26:27,443 | [FULL    ] | INFO | httpx | HTTP Request: GET https://huggingface.co/api/models/apple/mobilevit-small/commits/main "HTTP/1.1 200 OK"
2026-08-02 11:26:27,668 | [FULL    ] | INFO | httpx | HTTP Request: GET https://huggingface.co/api/models/apple/mobilevit-small/discussions?p=0 "HTTP/1.1 200 OK"
2026-08-02 11:26:27,800 | [FULL    ] | INFO | full_experiments_using.model_trainers.mobile_vit_trainer | Device: cuda | max_epochs=500 | batch=32 | eval_batch=256 | es_patience=30
2026-08-02 11:26:27,804 | [FULL    ] | INFO | full_experiments_using.model_trainers.mobile_vit_trainer | CE weights — HC: 1.063  MCI: 0.944
2026-08-02 11:26:27,888 | [FULL    ] | INFO | httpx | HTTP Request: GET https://huggingface.co/api/models/apple/mobilevit-small/commits/refs%2Fpr%2F6 "HTTP/1.1 200 OK"
2026-08-02 11:26:28,084 | [FULL    ] | INFO | httpx | HTTP Request: HEAD https://huggingface.co/apple/mobilevit-small/resolve/refs%2Fpr%2F6/model.safetensors.index.json "HTTP/1.1 404 Not Found"
2026-08-02 11:26:28,298 | [FULL    ] | INFO | httpx | HTTP Request: HEAD https://huggingface.co/apple/mobilevit-small/resolve/refs%2Fpr%2F6/model.safetensors "HTTP/1.1 302 Found"
2026-08-02 11:27:12,755 | [FULL    ] | INFO | full_experiments_using.model_trainers.mobile_vit_trainer | Ep [001/500] T-Acc:  48.2%  V-Acc:  47.0%  V-AUROC: 0.4943  LR: 2.00e-04
2026-08-02 11:27:12,854 | [FULL    ] | INFO | full_experiments_using.model_trainers.mobile_vit_trainer |   ↳ new best AUROC; saved checkpoint: /home/oem/choihyunsu/VOGBasedMCIDetection/outputs/checkpoints/run_20260802_112625_full_wvote_artifact30_w0-5-10-10-0-15-30-30_4err/fold_00_best.pth
2026-08-02 11:27:30,864 | [FULL    ] | INFO | full_experiments_using.model_trainers.mobile_vit_trainer | Ep [002/500] T-Acc:  46.9%  V-Acc:  46.9%  V-AUROC: 0.4992  LR: 4.00e-04
2026-08-02 11:27:30,983 | [FULL    ] | INFO | full_experiments_using.model_trainers.mobile_vit_trainer |   ↳ new best AUROC; saved checkpoint: /home/oem/choihyunsu/VOGBasedMCIDetection/outputs/checkpoints/run_20260802_112625_full_wvote_artifact30_w0-5-10-10-0-15-30-30_4err/fold_00_best.pth
2026-08-02 11:27:51,798 | [FULL    ] | INFO | full_experiments_using.model_trainers.mobile_vit_trainer | Ep [003/500] T-Acc:  48.7%  V-Acc:  47.4%  V-AUROC: 0.5023  LR: 6.00e-04
2026-08-02 11:27:51,916 | [FULL    ] | INFO | full_experiments_using.model_trainers.mobile_vit_trainer |   ↳ new best AUROC; saved checkpoint: /home/oem/choihyunsu/VOGBasedMCIDetection/outputs/checkpoints/run_20260802_112625_full_wvote_artifact30_w0-5-10-10-0-15-30-30_4err/fold_00_best.pth
2026-08-02 11:28:12,653 | [FULL    ] | INFO | full_experiments_using.model_trainers.mobile_vit_trainer | Ep [004/500] T-Acc:  50.2%  V-Acc:  49.4%  V-AUROC: 0.5082  LR: 8.00e-04
2026-08-02 11:28:12,768 | [FULL    ] | INFO | full_experiments_using.model_trainers.mobile_vit_trainer |   ↳ new best AUROC; saved checkpoint: /home/oem/choihyunsu/VOGBasedMCIDetection/outputs/checkpoints/run_20260802_112625_full_wvote_artifact30_w0-5-10-10-0-15-30-30_4err/fold_00_best.pth
2026-08-02 11:28:33,616 | [FULL    ] | INFO | full_experiments_using.model_trainers.mobile_vit_trainer | Ep [005/500] T-Acc:  50.2%  V-Acc:  51.7%  V-AUROC: 0.5359  LR: 1.00e-03
2026-08-02 11:28:33,774 | [FULL    ] | INFO | full_experiments_using.model_trainers.mobile_vit_trainer |   ↳ new best AUROC; saved checkpoint: /home/oem/choihyunsu/VOGBasedMCIDetection/outputs/checkpoints/run_20260802_112625_full_wvote_artifact30_w0-5-10-10-0-15-30-30_4err/fold_00_best.pth
2026-08-02 11:28:54,791 | [FULL    ] | INFO | full_experiments_using.model_trainers.mobile_vit_trainer | Ep [006/500] T-Acc:  52.4%  V-Acc:  54.0%  V-AUROC: 0.5526  LR: 1.00e-03
2026-08-02 11:28:54,933 | [FULL    ] | INFO | full_experiments_using.model_trainers.mobile_vit_trainer |   ↳ new best AUROC; saved checkpoint: /home/oem/choihyunsu/VOGBasedMCIDetection/outputs/checkpoints/run_20260802_112625_full_wvote_artifact30_w0-5-10-10-0-15-30-30_4err/fold_00_best.pth
2026-08-02 11:29:15,926 | [FULL    ] | INFO | full_experiments_using.model_trainers.mobile_vit_trainer | Ep [007/500] T-Acc:  54.2%  V-Acc:  54.1%  V-AUROC: 0.5567  LR: 1.00e-03
2026-08-02 11:29:16,045 | [FULL    ] | INFO | full_experiments_using.model_trainers.mobile_vit_trainer |   ↳ new best AUROC; saved checkpoint: /home/oem/choihyunsu/VOGBasedMCIDetection/outputs/checkpoints/run_20260802_112625_full_wvote_artifact30_w0-5-10-10-0-15-30-30_4err/fold_00_best.pth
2026-08-02 11:29:37,047 | [FULL    ] | INFO | full_experiments_using.model_trainers.mobile_vit_trainer | Ep [008/500] T-Acc:  54.7%  V-Acc:  54.1%  V-AUROC: 0.5657  LR: 1.00e-03
2026-08-02 11:29:37,161 | [FULL    ] | INFO | full_experiments_using.model_trainers.mobile_vit_trainer |   ↳ new best AUROC; saved checkpoint: /home/oem/choihyunsu/VOGBasedMCIDetection/outputs/checkpoints/run_20260802_112625_full_wvote_artifact30_w0-5-10-10-0-15-30-30_4err/fold_00_best.pth
2026-08-02 11:29:57,949 | [FULL    ] | INFO | full_experiments_using.model_trainers.mobile_vit_trainer | Ep [009/500] T-Acc:  55.2%  V-Acc:  54.9%  V-AUROC: 0.5685  LR: 1.00e-03
2026-08-02 11:29:58,071 | [FULL    ] | INFO | full_experiments_using.model_trainers.mobile_vit_trainer |   ↳ new best AUROC; saved checkpoint: /home/oem/choihyunsu/VOGBasedMCIDetection/outputs/checkpoints/run_20260802_112625_full_wvote_artifact30_w0-5-10-10-0-15-30-30_4err/fold_00_best.pth
2026-08-02 11:30:18,991 | [FULL    ] | INFO | full_experiments_using.model_trainers.mobile_vit_trainer | Ep [010/500] T-Acc:  54.9%  V-Acc:  55.1%  V-AUROC: 0.5804  LR: 1.00e-03
2026-08-02 11:30:19,121 | [FULL    ] | INFO | full_experiments_using.model_trainers.mobile_vit_trainer |   ↳ new best AUROC; saved checkpoint: /home/oem/choihyunsu/VOGBasedMCIDetection/outputs/checkpoints/run_20260802_112625_full_wvote_artifact30_w0-5-10-10-0-15-30-30_4err/fold_00_best.pth
2026-08-02 11:30:40,032 | [FULL    ] | INFO | full_experiments_using.model_trainers.mobile_vit_trainer | Ep [011/500] T-Acc:  53.7%  V-Acc:  58.1%  V-AUROC: 0.5914  LR: 1.00e-03
2026-08-02 11:30:40,151 | [FULL    ] | INFO | full_experiments_using.model_trainers.mobile_vit_trainer |   ↳ new best AUROC; saved checkpoint: /home/oem/choihyunsu/VOGBasedMCIDetection/outputs/checkpoints/run_20260802_112625_full_wvote_artifact30_w0-5-10-10-0-15-30-30_4err/fold_00_best.pth
2026-08-02 11:31:01,045 | [FULL    ] | INFO | full_experiments_using.model_trainers.mobile_vit_trainer | Ep [012/500] T-Acc:  56.0%  V-Acc:  56.7%  V-AUROC: 0.5741  LR: 1.00e-03
2026-08-02 11:31:22,135 | [FULL    ] | INFO | full_experiments_using.model_trainers.mobile_vit_trainer | Ep [013/500] T-Acc:  55.7%  V-Acc:  56.5%  V-AUROC: 0.5812  LR: 1.00e-03
2026-08-02 11:31:43,012 | [FULL    ] | INFO | full_experiments_using.model_trainers.mobile_vit_trainer | Ep [014/500] T-Acc:  56.6%  V-Acc:  59.8%  V-AUROC: 0.6014  LR: 1.00e-03
2026-08-02 11:31:43,152 | [FULL    ] | INFO | full_experiments_using.model_trainers.mobile_vit_trainer |   ↳ new best AUROC; saved checkpoint: /home/oem/choihyunsu/VOGBasedMCIDetection/outputs/checkpoints/run_20260802_112625_full_wvote_artifact30_w0-5-10-10-0-15-30-30_4err/fold_00_best.pth
2026-08-02 11:32:04,017 | [FULL    ] | INFO | full_experiments_using.model_trainers.mobile_vit_trainer | Ep [015/500] T-Acc:  55.6%  V-Acc:  59.7%  V-AUROC: 0.6086  LR: 1.00e-03
2026-08-02 11:32:04,168 | [FULL    ] | INFO | full_experiments_using.model_trainers.mobile_vit_trainer |   ↳ new best AUROC; saved checkpoint: /home/oem/choihyunsu/VOGBasedMCIDetection/outputs/checkpoints/run_20260802_112625_full_wvote_artifact30_w0-5-10-10-0-15-30-30_4err/fold_00_best.pth
2026-08-02 11:32:25,078 | [FULL    ] | INFO | full_experiments_using.model_trainers.mobile_vit_trainer | Ep [016/500] T-Acc:  56.7%  V-Acc:  59.7%  V-AUROC: 0.6044  LR: 1.00e-03
2026-08-02 11:32:46,070 | [FULL    ] | INFO | full_experiments_using.model_trainers.mobile_vit_trainer | Ep [017/500] T-Acc:  57.4%  V-Acc:  58.3%  V-AUROC: 0.6001  LR: 1.00e-03
2026-08-02 11:33:06,967 | [FULL    ] | INFO | full_experiments_using.model_trainers.mobile_vit_trainer | Ep [018/500] T-Acc:  57.9%  V-Acc:  58.6%  V-AUROC: 0.6038  LR: 1.00e-03
2026-08-02 11:33:27,877 | [FULL    ] | INFO | full_experiments_using.model_trainers.mobile_vit_trainer | Ep [019/500] T-Acc:  57.1%  V-Acc:  58.0%  V-AUROC: 0.6019  LR: 1.00e-03
2026-08-02 11:33:48,958 | [FULL    ] | INFO | full_experiments_using.model_trainers.mobile_vit_trainer | Ep [020/500] T-Acc:  57.4%  V-Acc:  57.8%  V-AUROC: 0.5945  LR: 1.00e-03
2026-08-02 11:34:10,104 | [FULL    ] | INFO | full_experiments_using.model_trainers.mobile_vit_trainer | Ep [021/500] T-Acc:  58.5%  V-Acc:  56.5%  V-AUROC: 0.5967  LR: 1.00e-03
2026-08-02 11:34:31,120 | [FULL    ] | INFO | full_experiments_using.model_trainers.mobile_vit_trainer | Ep [022/500] T-Acc:  57.9%  V-Acc:  57.8%  V-AUROC: 0.6038  LR: 1.00e-03
2026-08-02 11:34:51,890 | [FULL    ] | INFO | full_experiments_using.model_trainers.mobile_vit_trainer | Ep [023/500] T-Acc:  57.9%  V-Acc:  58.6%  V-AUROC: 0.6118  LR: 1.00e-03
2026-08-02 11:34:52,010 | [FULL    ] | INFO | full_experiments_using.model_trainers.mobile_vit_trainer |   ↳ new best AUROC; saved checkpoint: /home/oem/choihyunsu/VOGBasedMCIDetection/outputs/checkpoints/run_20260802_112625_full_wvote_artifact30_w0-5-10-10-0-15-30-30_4err/fold_00_best.pth
2026-08-02 11:35:12,937 | [FULL    ] | INFO | full_experiments_using.model_trainers.mobile_vit_trainer | Ep [024/500] T-Acc:  57.9%  V-Acc:  59.8%  V-AUROC: 0.6089  LR: 1.00e-03
2026-08-02 11:35:33,878 | [FULL    ] | INFO | full_experiments_using.model_trainers.mobile_vit_trainer | Ep [025/500] T-Acc:  59.2%  V-Acc:  57.6%  V-AUROC: 0.6062  LR: 1.00e-03
2026-08-02 11:35:54,925 | [FULL    ] | INFO | full_experiments_using.model_trainers.mobile_vit_trainer | Ep [026/500] T-Acc:  59.4%  V-Acc:  58.7%  V-AUROC: 0.6084  LR: 1.00e-03
2026-08-02 11:36:15,901 | [FULL    ] | INFO | full_experiments_using.model_trainers.mobile_vit_trainer | Ep [027/500] T-Acc:  57.4%  V-Acc:  58.3%  V-AUROC: 0.5961  LR: 1.00e-03
2026-08-02 11:36:36,747 | [FULL    ] | INFO | full_experiments_using.model_trainers.mobile_vit_trainer | Ep [028/500] T-Acc:  58.3%  V-Acc:  58.7%  V-AUROC: 0.6093  LR: 1.00e-03
2026-08-02 11:36:57,639 | [FULL    ] | INFO | full_experiments_using.model_trainers.mobile_vit_trainer | Ep [029/500] T-Acc:  58.9%  V-Acc:  58.5%  V-AUROC: 0.6162  LR: 1.00e-03
2026-08-02 11:36:57,776 | [FULL    ] | INFO | full_experiments_using.model_trainers.mobile_vit_trainer |   ↳ new best AUROC; saved checkpoint: /home/oem/choihyunsu/VOGBasedMCIDetection/outputs/checkpoints/run_20260802_112625_full_wvote_artifact30_w0-5-10-10-0-15-30-30_4err/fold_00_best.pth
2026-08-02 11:37:18,901 | [FULL    ] | INFO | full_experiments_using.model_trainers.mobile_vit_trainer | Ep [030/500] T-Acc:  57.7%  V-Acc:  58.1%  V-AUROC: 0.6055  LR: 1.00e-03
2026-08-02 11:37:39,958 | [FULL    ] | INFO | full_experiments_using.model_trainers.mobile_vit_trainer | Ep [031/500] T-Acc:  59.1%  V-Acc:  58.3%  V-AUROC: 0.6098  LR: 1.00e-03
2026-08-02 11:38:00,859 | [FULL    ] | INFO | full_experiments_using.model_trainers.mobile_vit_trainer | Ep [032/500] T-Acc:  58.9%  V-Acc:  58.6%  V-AUROC: 0.6133  LR: 1.00e-03
2026-08-02 11:38:21,932 | [FULL    ] | INFO | full_experiments_using.model_trainers.mobile_vit_trainer | Ep [033/500] T-Acc:  59.8%  V-Acc:  59.1%  V-AUROC: 0.6111  LR: 1.00e-03
2026-08-02 11:38:42,808 | [FULL    ] | INFO | full_experiments_using.model_trainers.mobile_vit_trainer | Ep [034/500] T-Acc:  59.4%  V-Acc:  57.6%  V-AUROC: 0.6154  LR: 1.00e-03
2026-08-02 11:39:03,743 | [FULL    ] | INFO | full_experiments_using.model_trainers.mobile_vit_trainer | Ep [035/500] T-Acc:  59.5%  V-Acc:  58.4%  V-AUROC: 0.6159  LR: 1.00e-03
2026-08-02 11:39:24,699 | [FULL    ] | INFO | full_experiments_using.model_trainers.mobile_vit_trainer | Ep [036/500] T-Acc:  58.9%  V-Acc:  59.7%  V-AUROC: 0.6177  LR: 1.00e-03
2026-08-02 11:39:24,818 | [FULL    ] | INFO | full_experiments_using.model_trainers.mobile_vit_trainer |   ↳ new best AUROC; saved checkpoint: /home/oem/choihyunsu/VOGBasedMCIDetection/outputs/checkpoints/run_20260802_112625_full_wvote_artifact30_w0-5-10-10-0-15-30-30_4err/fold_00_best.pth
2026-08-02 11:39:45,840 | [FULL    ] | INFO | full_experiments_using.model_trainers.mobile_vit_trainer | Ep [037/500] T-Acc:  60.4%  V-Acc:  60.6%  V-AUROC: 0.6234  LR: 1.00e-03
2026-08-02 11:39:45,974 | [FULL    ] | INFO | full_experiments_using.model_trainers.mobile_vit_trainer |   ↳ new best AUROC; saved checkpoint: /home/oem/choihyunsu/VOGBasedMCIDetection/outputs/checkpoints/run_20260802_112625_full_wvote_artifact30_w0-5-10-10-0-15-30-30_4err/fold_00_best.pth
2026-08-02 11:40:06,908 | [FULL    ] | INFO | full_experiments_using.model_trainers.mobile_vit_trainer | Ep [038/500] T-Acc:  60.2%  V-Acc:  58.9%  V-AUROC: 0.6135  LR: 1.00e-03
2026-08-02 11:40:27,507 | [FULL    ] | INFO | full_experiments_using.model_trainers.mobile_vit_trainer | Ep [039/500] T-Acc:  60.0%  V-Acc:  57.4%  V-AUROC: 0.6078  LR: 1.00e-03
2026-08-02 11:40:48,581 | [FULL    ] | INFO | full_experiments_using.model_trainers.mobile_vit_trainer | Ep [040/500] T-Acc:  61.2%  V-Acc:  59.1%  V-AUROC: 0.6142  LR: 1.00e-03
2026-08-02 11:41:09,563 | [FULL    ] | INFO | full_experiments_using.model_trainers.mobile_vit_trainer | Ep [041/500] T-Acc:  60.5%  V-Acc:  59.1%  V-AUROC: 0.6088  LR: 1.00e-03
2026-08-02 11:41:30,307 | [FULL    ] | INFO | full_experiments_using.model_trainers.mobile_vit_trainer | Ep [042/500] T-Acc:  60.4%  V-Acc:  59.1%  V-AUROC: 0.6042  LR: 1.00e-03
2026-08-02 11:41:51,169 | [FULL    ] | INFO | full_experiments_using.model_trainers.mobile_vit_trainer | Ep [043/500] T-Acc:  62.0%  V-Acc:  58.1%  V-AUROC: 0.6122  LR: 1.00e-03
2026-08-02 11:42:12,006 | [FULL    ] | INFO | full_experiments_using.model_trainers.mobile_vit_trainer | Ep [044/500] T-Acc:  60.0%  V-Acc:  57.7%  V-AUROC: 0.6047  LR: 1.00e-03
2026-08-02 11:42:32,845 | [FULL    ] | INFO | full_experiments_using.model_trainers.mobile_vit_trainer | Ep [045/500] T-Acc:  61.7%  V-Acc:  59.2%  V-AUROC: 0.6140  LR: 1.00e-03
2026-08-02 11:42:53,614 | [FULL    ] | INFO | full_experiments_using.model_trainers.mobile_vit_trainer | Ep [046/500] T-Acc:  60.8%  V-Acc:  59.2%  V-AUROC: 0.6198  LR: 1.00e-03
2026-08-02 11:43:14,392 | [FULL    ] | INFO | full_experiments_using.model_trainers.mobile_vit_trainer | Ep [047/500] T-Acc:  60.6%  V-Acc:  57.8%  V-AUROC: 0.6056  LR: 1.00e-03
2026-08-02 11:43:35,326 | [FULL    ] | INFO | full_experiments_using.model_trainers.mobile_vit_trainer | Ep [048/500] T-Acc:  60.4%  V-Acc:  57.9%  V-AUROC: 0.6058  LR: 1.00e-03
2026-08-02 11:43:56,107 | [FULL    ] | INFO | full_experiments_using.model_trainers.mobile_vit_trainer | Ep [049/500] T-Acc:  60.6%  V-Acc:  58.3%  V-AUROC: 0.6080  LR: 2.00e-04
2026-08-02 11:44:17,162 | [FULL    ] | INFO | full_experiments_using.model_trainers.mobile_vit_trainer | Ep [050/500] T-Acc:  61.1%  V-Acc:  57.6%  V-AUROC: 0.6045  LR: 2.00e-04
2026-08-02 11:44:38,199 | [FULL    ] | INFO | full_experiments_using.model_trainers.mobile_vit_trainer | Ep [051/500] T-Acc:  61.1%  V-Acc:  57.4%  V-AUROC: 0.6054  LR: 2.00e-04
2026-08-02 11:44:59,168 | [FULL    ] | INFO | full_experiments_using.model_trainers.mobile_vit_trainer | Ep [052/500] T-Acc:  61.5%  V-Acc:  57.8%  V-AUROC: 0.6048  LR: 2.00e-04
2026-08-02 11:45:20,105 | [FULL    ] | INFO | full_experiments_using.model_trainers.mobile_vit_trainer | Ep [053/500] T-Acc:  60.2%  V-Acc:  59.1%  V-AUROC: 0.6093  LR: 2.00e-04
2026-08-02 11:45:41,110 | [FULL    ] | INFO | full_experiments_using.model_trainers.mobile_vit_trainer | Ep [054/500] T-Acc:  61.5%  V-Acc:  58.6%  V-AUROC: 0.6084  LR: 2.00e-04
2026-08-02 11:46:02,043 | [FULL    ] | INFO | full_experiments_using.model_trainers.mobile_vit_trainer | Ep [055/500] T-Acc:  60.5%  V-Acc:  59.4%  V-AUROC: 0.6072  LR: 2.00e-04
2026-08-02 11:46:22,953 | [FULL    ] | INFO | full_experiments_using.model_trainers.mobile_vit_trainer | Ep [056/500] T-Acc:  62.0%  V-Acc:  58.6%  V-AUROC: 0.6076  LR: 2.00e-04
2026-08-02 11:46:43,987 | [FULL    ] | INFO | full_experiments_using.model_trainers.mobile_vit_trainer | Ep [057/500] T-Acc:  60.6%  V-Acc:  58.4%  V-AUROC: 0.6086  LR: 2.00e-04
2026-08-02 11:47:05,000 | [FULL    ] | INFO | full_experiments_using.model_trainers.mobile_vit_trainer | Ep [058/500] T-Acc:  61.5%  V-Acc:  58.7%  V-AUROC: 0.6103  LR: 2.00e-04
2026-08-02 11:47:25,891 | [FULL    ] | INFO | full_experiments_using.model_trainers.mobile_vit_trainer | Ep [059/500] T-Acc:  61.1%  V-Acc:  58.0%  V-AUROC: 0.6050  LR: 2.00e-04
2026-08-02 11:47:46,813 | [FULL    ] | INFO | full_experiments_using.model_trainers.mobile_vit_trainer | Ep [060/500] T-Acc:  60.7%  V-Acc:  58.3%  V-AUROC: 0.6056  LR: 4.00e-05
2026-08-02 11:48:07,834 | [FULL    ] | INFO | full_experiments_using.model_trainers.mobile_vit_trainer | Ep [061/500] T-Acc:  60.8%  V-Acc:  58.6%  V-AUROC: 0.6055  LR: 4.00e-05
2026-08-02 11:48:28,716 | [FULL    ] | INFO | full_experiments_using.model_trainers.mobile_vit_trainer | Ep [062/500] T-Acc:  61.4%  V-Acc:  57.9%  V-AUROC: 0.6083  LR: 4.00e-05
2026-08-02 11:48:49,736 | [FULL    ] | INFO | full_experiments_using.model_trainers.mobile_vit_trainer | Ep [063/500] T-Acc:  61.7%  V-Acc:  58.7%  V-AUROC: 0.6077  LR: 4.00e-05
2026-08-02 11:49:10,772 | [FULL    ] | INFO | full_experiments_using.model_trainers.mobile_vit_trainer | Ep [064/500] T-Acc:  60.5%  V-Acc:  58.9%  V-AUROC: 0.6102  LR: 4.00e-05
2026-08-02 11:49:31,729 | [FULL    ] | INFO | full_experiments_using.model_trainers.mobile_vit_trainer | Ep [065/500] T-Acc:  61.4%  V-Acc:  58.8%  V-AUROC: 0.6094  LR: 4.00e-05
2026-08-02 11:49:52,938 | [FULL    ] | INFO | full_experiments_using.model_trainers.mobile_vit_trainer | Ep [066/500] T-Acc:  60.8%  V-Acc:  57.7%  V-AUROC: 0.6068  LR: 4.00e-05
2026-08-02 11:50:13,981 | [FULL    ] | INFO | full_experiments_using.model_trainers.mobile_vit_trainer | Ep [067/500] T-Acc:  61.3%  V-Acc:  58.4%  V-AUROC: 0.6056  LR: 4.00e-05
2026-08-02 11:50:13,981 | [FULL    ] | INFO | full_experiments_using.model_trainers.mobile_vit_trainer | Early stop — best AUROC 0.6234 at epoch 37 (no improvement for 30 epochs)
2026-08-02 11:50:13,981 | [FULL    ] | INFO | full_experiments_using.model_trainers.mobile_vit_trainer | Done. Best AUROC: 0.6234 (epoch 37) → /home/oem/choihyunsu/VOGBasedMCIDetection/outputs/checkpoints/run_20260802_112625_full_wvote_artifact30_w0-5-10-10-0-15-30-30_4err/fold_00_best.pth
2026-08-02 11:50:24,886 | [FULL    ] | INFO | full_experiments_using.evaluators.monte_carlo_evaluator | -> Fold 01 Result | Acc=0.636 Sens=0.750 Spec=0.333 AUROC=0.833
2026-08-02 11:50:24,892 | [FULL    ] | INFO | full_experiments_using.evaluators.monte_carlo_evaluator | === Fold 02/30 | train: 25 subj (HC=9 MCI=16) / 3890 win | test: 12 subj (HC=5 MCI=7) / 1825 win ===
2026-08-02 11:50:25,121 | [FULL    ] | INFO | httpx | HTTP Request: HEAD https://huggingface.co/apple/mobilevit-small/resolve/main/config.json "HTTP/1.1 307 Temporary Redirect"
2026-08-02 11:50:25,133 | [FULL    ] | INFO | httpx | HTTP Request: HEAD https://huggingface.co/api/resolve-cache/models/apple/mobilevit-small/6c8612545dc98676d27bc518fa521d9e9af23e34/config.json "HTTP/1.1 200 OK"
2026-08-02 11:50:25,405 | [FULL    ] | INFO | httpx | HTTP Request: HEAD https://huggingface.co/apple/mobilevit-small/resolve/main/model.safetensors "HTTP/1.1 404 Not Found"
2026-08-02 11:50:25,611 | [FULL    ] | INFO | httpx | HTTP Request: HEAD https://huggingface.co/apple/mobilevit-small/resolve/main/model.safetensors.index.json "HTTP/1.1 404 Not Found"
2026-08-02 11:50:25,841 | [FULL    ] | INFO | httpx | HTTP Request: HEAD https://huggingface.co/apple/mobilevit-small/resolve/main/pytorch_model.bin "HTTP/1.1 302 Found"
2026-08-02 11:50:26,046 | [FULL    ] | INFO | httpx | HTTP Request: HEAD https://huggingface.co/apple/mobilevit-small/resolve/main/model.safetensors "HTTP/1.1 404 Not Found"
2026-08-02 11:50:26,253 | [FULL    ] | INFO | httpx | HTTP Request: GET https://huggingface.co/api/models/apple/mobilevit-small "HTTP/1.1 200 OK"
2026-08-02 11:50:26,498 | [FULL    ] | INFO | httpx | HTTP Request: GET https://huggingface.co/api/models/apple/mobilevit-small/commits/main "HTTP/1.1 200 OK"
2026-08-02 11:50:26,711 | [FULL    ] | INFO | httpx | HTTP Request: GET https://huggingface.co/api/models/apple/mobilevit-small/discussions?p=0 "HTTP/1.1 200 OK"
2026-08-02 11:50:26,929 | [FULL    ] | INFO | httpx | HTTP Request: GET https://huggingface.co/api/models/apple/mobilevit-small/commits/refs%2Fpr%2F6 "HTTP/1.1 200 OK"
2026-08-02 11:50:27,133 | [FULL    ] | INFO | httpx | HTTP Request: HEAD https://huggingface.co/apple/mobilevit-small/resolve/refs%2Fpr%2F6/model.safetensors.index.json "HTTP/1.1 404 Not Found"
2026-08-02 11:50:27,342 | [FULL    ] | INFO | httpx | HTTP Request: HEAD https://huggingface.co/apple/mobilevit-small/resolve/refs%2Fpr%2F6/model.safetensors "HTTP/1.1 302 Found"
2026-08-02 11:50:27,550 | [FULL    ] | INFO | full_experiments_using.model_trainers.mobile_vit_trainer | Device: cuda | max_epochs=500 | batch=32 | eval_batch=256 | es_patience=30
2026-08-02 11:50:27,558 | [FULL    ] | INFO | full_experiments_using.model_trainers.mobile_vit_trainer | CE weights — HC: 1.220  MCI: 0.847
2026-08-02 11:50:54,854 | [FULL    ] | INFO | full_experiments_using.model_trainers.mobile_vit_trainer | Ep [001/500] T-Acc:  51.7%  V-Acc:  50.7%  V-AUROC: 0.5083  LR: 2.00e-04
2026-08-02 11:50:54,913 | [FULL    ] | INFO | full_experiments_using.model_trainers.mobile_vit_trainer |   ↳ new best AUROC; saved checkpoint: /home/oem/choihyunsu/VOGBasedMCIDetection/outputs/checkpoints/run_20260802_112625_full_wvote_artifact30_w0-5-10-10-0-15-30-30_4err/fold_01_best.pth
2026-08-02 11:51:16,168 | [FULL    ] | INFO | full_experiments_using.model_trainers.mobile_vit_trainer | Ep [002/500] T-Acc:  50.2%  V-Acc:  51.7%  V-AUROC: 0.5114  LR: 4.00e-04
2026-08-02 11:51:16,353 | [FULL    ] | INFO | full_experiments_using.model_trainers.mobile_vit_trainer |   ↳ new best AUROC; saved checkpoint: /home/oem/choihyunsu/VOGBasedMCIDetection/outputs/checkpoints/run_20260802_112625_full_wvote_artifact30_w0-5-10-10-0-15-30-30_4err/fold_01_best.pth
2026-08-02 11:51:37,763 | [FULL    ] | INFO | full_experiments_using.model_trainers.mobile_vit_trainer | Ep [003/500] T-Acc:  51.4%  V-Acc:  51.3%  V-AUROC: 0.5173  LR: 6.00e-04
2026-08-02 11:51:37,947 | [FULL    ] | INFO | full_experiments_using.model_trainers.mobile_vit_trainer |   ↳ new best AUROC; saved checkpoint: /home/oem/choihyunsu/VOGBasedMCIDetection/outputs/checkpoints/run_20260802_112625_full_wvote_artifact30_w0-5-10-10-0-15-30-30_4err/fold_01_best.pth
2026-08-02 11:51:59,245 | [FULL    ] | INFO | full_experiments_using.model_trainers.mobile_vit_trainer | Ep [004/500] T-Acc:  51.3%  V-Acc:  52.9%  V-AUROC: 0.5340  LR: 8.00e-04
2026-08-02 11:51:59,402 | [FULL    ] | INFO | full_experiments_using.model_trainers.mobile_vit_trainer |   ↳ new best AUROC; saved checkpoint: /home/oem/choihyunsu/VOGBasedMCIDetection/outputs/checkpoints/run_20260802_112625_full_wvote_artifact30_w0-5-10-10-0-15-30-30_4err/fold_01_best.pth
2026-08-02 11:52:20,634 | [FULL    ] | INFO | full_experiments_using.model_trainers.mobile_vit_trainer | Ep [005/500] T-Acc:  51.5%  V-Acc:  53.3%  V-AUROC: 0.5300  LR: 1.00e-03
2026-08-02 11:52:41,776 | [FULL    ] | INFO | full_experiments_using.model_trainers.mobile_vit_trainer | Ep [006/500] T-Acc:  52.2%  V-Acc:  54.5%  V-AUROC: 0.5615  LR: 1.00e-03
2026-08-02 11:52:41,911 | [FULL    ] | INFO | full_experiments_using.model_trainers.mobile_vit_trainer |   ↳ new best AUROC; saved checkpoint: /home/oem/choihyunsu/VOGBasedMCIDetection/outputs/checkpoints/run_20260802_112625_full_wvote_artifact30_w0-5-10-10-0-15-30-30_4err/fold_01_best.pth
2026-08-02 11:53:03,214 | [FULL    ] | INFO | full_experiments_using.model_trainers.mobile_vit_trainer | Ep [007/500] T-Acc:  52.5%  V-Acc:  55.1%  V-AUROC: 0.5642  LR: 1.00e-03
2026-08-02 11:53:03,331 | [FULL    ] | INFO | full_experiments_using.model_trainers.mobile_vit_trainer |   ↳ new best AUROC; saved checkpoint: /home/oem/choihyunsu/VOGBasedMCIDetection/outputs/checkpoints/run_20260802_112625_full_wvote_artifact30_w0-5-10-10-0-15-30-30_4err/fold_01_best.pth
2026-08-02 11:53:24,635 | [FULL    ] | INFO | full_experiments_using.model_trainers.mobile_vit_trainer | Ep [008/500] T-Acc:  53.1%  V-Acc:  55.0%  V-AUROC: 0.5592  LR: 1.00e-03
2026-08-02 11:53:45,952 | [FULL    ] | INFO | full_experiments_using.model_trainers.mobile_vit_trainer | Ep [009/500] T-Acc:  53.5%  V-Acc:  55.3%  V-AUROC: 0.5668  LR: 1.00e-03
2026-08-02 11:53:46,070 | [FULL    ] | INFO | full_experiments_using.model_trainers.mobile_vit_trainer |   ↳ new best AUROC; saved checkpoint: /home/oem/choihyunsu/VOGBasedMCIDetection/outputs/checkpoints/run_20260802_112625_full_wvote_artifact30_w0-5-10-10-0-15-30-30_4err/fold_01_best.pth
2026-08-02 11:54:07,379 | [FULL    ] | INFO | full_experiments_using.model_trainers.mobile_vit_trainer | Ep [010/500] T-Acc:  54.1%  V-Acc:  55.1%  V-AUROC: 0.5743  LR: 1.00e-03
2026-08-02 11:54:07,624 | [FULL    ] | INFO | full_experiments_using.model_trainers.mobile_vit_trainer |   ↳ new best AUROC; saved checkpoint: /home/oem/choihyunsu/VOGBasedMCIDetection/outputs/checkpoints/run_20260802_112625_full_wvote_artifact30_w0-5-10-10-0-15-30-30_4err/fold_01_best.pth
2026-08-02 11:54:27,495 | [FULL    ] | INFO | full_experiments_using.model_trainers.mobile_vit_trainer | Ep [011/500] T-Acc:  54.5%  V-Acc:  55.9%  V-AUROC: 0.5676  LR: 1.00e-03
2026-08-02 11:54:47,399 | [FULL    ] | INFO | full_experiments_using.model_trainers.mobile_vit_trainer | Ep [012/500] T-Acc:  55.1%  V-Acc:  56.5%  V-AUROC: 0.5875  LR: 1.00e-03
2026-08-02 11:54:47,522 | [FULL    ] | INFO | full_experiments_using.model_trainers.mobile_vit_trainer |   ↳ new best AUROC; saved checkpoint: /home/oem/choihyunsu/VOGBasedMCIDetection/outputs/checkpoints/run_20260802_112625_full_wvote_artifact30_w0-5-10-10-0-15-30-30_4err/fold_01_best.pth
2026-08-02 11:55:06,092 | [FULL    ] | INFO | full_experiments_using.model_trainers.mobile_vit_trainer | Ep [013/500] T-Acc:  55.4%  V-Acc:  55.2%  V-AUROC: 0.5742  LR: 1.00e-03
2026-08-02 11:55:27,395 | [FULL    ] | INFO | full_experiments_using.model_trainers.mobile_vit_trainer | Ep [014/500] T-Acc:  56.7%  V-Acc:  54.4%  V-AUROC: 0.5755  LR: 1.00e-03
2026-08-02 11:55:48,593 | [FULL    ] | INFO | full_experiments_using.model_trainers.mobile_vit_trainer | Ep [015/500] T-Acc:  56.5%  V-Acc:  56.0%  V-AUROC: 0.5897  LR: 1.00e-03
2026-08-02 11:55:48,755 | [FULL    ] | INFO | full_experiments_using.model_trainers.mobile_vit_trainer |   ↳ new best AUROC; saved checkpoint: /home/oem/choihyunsu/VOGBasedMCIDetection/outputs/checkpoints/run_20260802_112625_full_wvote_artifact30_w0-5-10-10-0-15-30-30_4err/fold_01_best.pth
2026-08-02 11:56:10,116 | [FULL    ] | INFO | full_experiments_using.model_trainers.mobile_vit_trainer | Ep [016/500] T-Acc:  56.8%  V-Acc:  56.5%  V-AUROC: 0.5916  LR: 1.00e-03
2026-08-02 11:56:10,301 | [FULL    ] | INFO | full_experiments_using.model_trainers.mobile_vit_trainer |   ↳ new best AUROC; saved checkpoint: /home/oem/choihyunsu/VOGBasedMCIDetection/outputs/checkpoints/run_20260802_112625_full_wvote_artifact30_w0-5-10-10-0-15-30-30_4err/fold_01_best.pth
2026-08-02 11:56:31,483 | [FULL    ] | INFO | full_experiments_using.model_trainers.mobile_vit_trainer | Ep [017/500] T-Acc:  56.9%  V-Acc:  55.9%  V-AUROC: 0.5789  LR: 1.00e-03
2026-08-02 11:56:50,939 | [FULL    ] | INFO | full_experiments_using.model_trainers.mobile_vit_trainer | Ep [018/500] T-Acc:  55.8%  V-Acc:  55.9%  V-AUROC: 0.5849  LR: 1.00e-03
2026-08-02 11:57:11,480 | [FULL    ] | INFO | full_experiments_using.model_trainers.mobile_vit_trainer | Ep [019/500] T-Acc:  57.9%  V-Acc:  55.6%  V-AUROC: 0.5820  LR: 1.00e-03
2026-08-02 11:57:30,080 | [FULL    ] | INFO | full_experiments_using.model_trainers.mobile_vit_trainer | Ep [020/500] T-Acc:  58.3%  V-Acc:  56.1%  V-AUROC: 0.5852  LR: 1.00e-03
2026-08-02 11:57:51,179 | [FULL    ] | INFO | full_experiments_using.model_trainers.mobile_vit_trainer | Ep [021/500] T-Acc:  56.7%  V-Acc:  56.2%  V-AUROC: 0.5771  LR: 1.00e-03
2026-08-02 11:58:12,521 | [FULL    ] | INFO | full_experiments_using.model_trainers.mobile_vit_trainer | Ep [022/500] T-Acc:  57.7%  V-Acc:  55.5%  V-AUROC: 0.5834  LR: 1.00e-03
2026-08-02 11:58:33,660 | [FULL    ] | INFO | full_experiments_using.model_trainers.mobile_vit_trainer | Ep [023/500] T-Acc:  58.0%  V-Acc:  55.7%  V-AUROC: 0.5836  LR: 1.00e-03
2026-08-02 11:58:54,828 | [FULL    ] | INFO | full_experiments_using.model_trainers.mobile_vit_trainer | Ep [024/500] T-Acc:  59.0%  V-Acc:  55.7%  V-AUROC: 0.5847  LR: 1.00e-03
2026-08-02 11:59:16,166 | [FULL    ] | INFO | full_experiments_using.model_trainers.mobile_vit_trainer | Ep [025/500] T-Acc:  59.4%  V-Acc:  56.1%  V-AUROC: 0.5845  LR: 1.00e-03
2026-08-02 11:59:37,299 | [FULL    ] | INFO | full_experiments_using.model_trainers.mobile_vit_trainer | Ep [026/500] T-Acc:  59.2%  V-Acc:  55.8%  V-AUROC: 0.5869  LR: 1.00e-03
2026-08-02 11:59:58,552 | [FULL    ] | INFO | full_experiments_using.model_trainers.mobile_vit_trainer | Ep [027/500] T-Acc:  58.5%  V-Acc:  57.2%  V-AUROC: 0.5901  LR: 1.00e-03
2026-08-02 12:00:19,715 | [FULL    ] | INFO | full_experiments_using.model_trainers.mobile_vit_trainer | Ep [028/500] T-Acc:  58.9%  V-Acc:  56.6%  V-AUROC: 0.5867  LR: 2.00e-04
2026-08-02 12:00:40,849 | [FULL    ] | INFO | full_experiments_using.model_trainers.mobile_vit_trainer | Ep [029/500] T-Acc:  59.6%  V-Acc:  55.8%  V-AUROC: 0.5893  LR: 2.00e-04
2026-08-02 12:01:01,999 | [FULL    ] | INFO | full_experiments_using.model_trainers.mobile_vit_trainer | Ep [030/500] T-Acc:  59.6%  V-Acc:  56.2%  V-AUROC: 0.5888  LR: 2.00e-04
2026-08-02 12:01:23,008 | [FULL    ] | INFO | full_experiments_using.model_trainers.mobile_vit_trainer | Ep [031/500] T-Acc:  59.7%  V-Acc:  56.8%  V-AUROC: 0.5912  LR: 2.00e-04
2026-08-02 12:01:44,237 | [FULL    ] | INFO | full_experiments_using.model_trainers.mobile_vit_trainer | Ep [032/500] T-Acc:  60.0%  V-Acc:  56.8%  V-AUROC: 0.5864  LR: 2.00e-04
2026-08-02 12:02:05,590 | [FULL    ] | INFO | full_experiments_using.model_trainers.mobile_vit_trainer | Ep [033/500] T-Acc:  58.3%  V-Acc:  55.9%  V-AUROC: 0.5869  LR: 2.00e-04
2026-08-02 12:02:26,852 | [FULL    ] | INFO | full_experiments_using.model_trainers.mobile_vit_trainer | Ep [034/500] T-Acc:  59.3%  V-Acc:  56.4%  V-AUROC: 0.5927  LR: 2.00e-04
2026-08-02 12:02:26,991 | [FULL    ] | INFO | full_experiments_using.model_trainers.mobile_vit_trainer |   ↳ new best AUROC; saved checkpoint: /home/oem/choihyunsu/VOGBasedMCIDetection/outputs/checkpoints/run_20260802_112625_full_wvote_artifact30_w0-5-10-10-0-15-30-30_4err/fold_01_best.pth
2026-08-02 12:02:48,253 | [FULL    ] | INFO | full_experiments_using.model_trainers.mobile_vit_trainer | Ep [035/500] T-Acc:  59.7%  V-Acc:  56.9%  V-AUROC: 0.5902  LR: 2.00e-04
2026-08-02 12:03:09,412 | [FULL    ] | INFO | full_experiments_using.model_trainers.mobile_vit_trainer | Ep [036/500] T-Acc:  59.5%  V-Acc:  56.5%  V-AUROC: 0.5881  LR: 2.00e-04
2026-08-02 12:03:30,632 | [FULL    ] | INFO | full_experiments_using.model_trainers.mobile_vit_trainer | Ep [037/500] T-Acc:  59.2%  V-Acc:  56.9%  V-AUROC: 0.5917  LR: 2.00e-04
2026-08-02 12:03:51,734 | [FULL    ] | INFO | full_experiments_using.model_trainers.mobile_vit_trainer | Ep [038/500] T-Acc:  60.1%  V-Acc:  56.7%  V-AUROC: 0.5899  LR: 2.00e-04
2026-08-02 12:04:12,943 | [FULL    ] | INFO | full_experiments_using.model_trainers.mobile_vit_trainer | Ep [039/500] T-Acc:  59.5%  V-Acc:  57.0%  V-AUROC: 0.5889  LR: 2.00e-04
2026-08-02 12:04:34,305 | [FULL    ] | INFO | full_experiments_using.model_trainers.mobile_vit_trainer | Ep [040/500] T-Acc:  60.0%  V-Acc:  56.9%  V-AUROC: 0.5872  LR: 2.00e-04
2026-08-02 12:04:55,564 | [FULL    ] | INFO | full_experiments_using.model_trainers.mobile_vit_trainer | Ep [041/500] T-Acc:  59.1%  V-Acc:  56.6%  V-AUROC: 0.5917  LR: 2.00e-04
2026-08-02 12:05:16,946 | [FULL    ] | INFO | full_experiments_using.model_trainers.mobile_vit_trainer | Ep [042/500] T-Acc:  59.4%  V-Acc:  56.7%  V-AUROC: 0.5908  LR: 2.00e-04
2026-08-02 12:05:38,242 | [FULL    ] | INFO | full_experiments_using.model_trainers.mobile_vit_trainer | Ep [043/500] T-Acc:  61.2%  V-Acc:  56.7%  V-AUROC: 0.5906  LR: 2.00e-04
2026-08-02 12:05:59,611 | [FULL    ] | INFO | full_experiments_using.model_trainers.mobile_vit_trainer | Ep [044/500] T-Acc:  59.8%  V-Acc:  56.9%  V-AUROC: 0.5946  LR: 2.00e-04
2026-08-02 12:05:59,781 | [FULL    ] | INFO | full_experiments_using.model_trainers.mobile_vit_trainer |   ↳ new best AUROC; saved checkpoint: /home/oem/choihyunsu/VOGBasedMCIDetection/outputs/checkpoints/run_20260802_112625_full_wvote_artifact30_w0-5-10-10-0-15-30-30_4err/fold_01_best.pth
2026-08-02 12:06:21,019 | [FULL    ] | INFO | full_experiments_using.model_trainers.mobile_vit_trainer | Ep [045/500] T-Acc:  60.0%  V-Acc:  56.2%  V-AUROC: 0.5929  LR: 2.00e-04
2026-08-02 12:06:42,210 | [FULL    ] | INFO | full_experiments_using.model_trainers.mobile_vit_trainer | Ep [046/500] T-Acc:  59.3%  V-Acc:  56.5%  V-AUROC: 0.5939  LR: 2.00e-04
2026-08-02 12:07:03,337 | [FULL    ] | INFO | full_experiments_using.model_trainers.mobile_vit_trainer | Ep [047/500] T-Acc:  60.8%  V-Acc:  56.5%  V-AUROC: 0.5929  LR: 2.00e-04
2026-08-02 12:07:24,549 | [FULL    ] | INFO | full_experiments_using.model_trainers.mobile_vit_trainer | Ep [048/500] T-Acc:  60.4%  V-Acc:  56.8%  V-AUROC: 0.5907  LR: 2.00e-04
2026-08-02 12:07:45,775 | [FULL    ] | INFO | full_experiments_using.model_trainers.mobile_vit_trainer | Ep [049/500] T-Acc:  60.6%  V-Acc:  56.9%  V-AUROC: 0.5924  LR: 2.00e-04
2026-08-02 12:08:07,112 | [FULL    ] | INFO | full_experiments_using.model_trainers.mobile_vit_trainer | Ep [050/500] T-Acc:  59.3%  V-Acc:  56.2%  V-AUROC: 0.5938  LR: 2.00e-04
2026-08-02 12:08:28,364 | [FULL    ] | INFO | full_experiments_using.model_trainers.mobile_vit_trainer | Ep [051/500] T-Acc:  60.9%  V-Acc:  56.6%  V-AUROC: 0.5924  LR: 2.00e-04
2026-08-02 12:08:49,633 | [FULL    ] | INFO | full_experiments_using.model_trainers.mobile_vit_trainer | Ep [052/500] T-Acc:  59.6%  V-Acc:  56.7%  V-AUROC: 0.5947  LR: 2.00e-04
2026-08-02 12:08:49,802 | [FULL    ] | INFO | full_experiments_using.model_trainers.mobile_vit_trainer |   ↳ new best AUROC; saved checkpoint: /home/oem/choihyunsu/VOGBasedMCIDetection/outputs/checkpoints/run_20260802_112625_full_wvote_artifact30_w0-5-10-10-0-15-30-30_4err/fold_01_best.pth
2026-08-02 12:09:11,204 | [FULL    ] | INFO | full_experiments_using.model_trainers.mobile_vit_trainer | Ep [053/500] T-Acc:  60.0%  V-Acc:  56.4%  V-AUROC: 0.5937  LR: 2.00e-04
2026-08-02 12:09:32,520 | [FULL    ] | INFO | full_experiments_using.model_trainers.mobile_vit_trainer | Ep [054/500] T-Acc:  60.7%  V-Acc:  56.4%  V-AUROC: 0.5951  LR: 2.00e-04
2026-08-02 12:09:32,644 | [FULL    ] | INFO | full_experiments_using.model_trainers.mobile_vit_trainer |   ↳ new best AUROC; saved checkpoint: /home/oem/choihyunsu/VOGBasedMCIDetection/outputs/checkpoints/run_20260802_112625_full_wvote_artifact30_w0-5-10-10-0-15-30-30_4err/fold_01_best.pth
2026-08-02 12:09:53,934 | [FULL    ] | INFO | full_experiments_using.model_trainers.mobile_vit_trainer | Ep [055/500] T-Acc:  61.2%  V-Acc:  56.3%  V-AUROC: 0.5966  LR: 2.00e-04
2026-08-02 12:09:54,099 | [FULL    ] | INFO | full_experiments_using.model_trainers.mobile_vit_trainer |   ↳ new best AUROC; saved checkpoint: /home/oem/choihyunsu/VOGBasedMCIDetection/outputs/checkpoints/run_20260802_112625_full_wvote_artifact30_w0-5-10-10-0-15-30-30_4err/fold_01_best.pth
2026-08-02 12:10:15,502 | [FULL    ] | INFO | full_experiments_using.model_trainers.mobile_vit_trainer | Ep [056/500] T-Acc:  60.3%  V-Acc:  56.4%  V-AUROC: 0.5964  LR: 2.00e-04
2026-08-02 12:10:36,853 | [FULL    ] | INFO | full_experiments_using.model_trainers.mobile_vit_trainer | Ep [057/500] T-Acc:  60.6%  V-Acc:  56.7%  V-AUROC: 0.5983  LR: 2.00e-04
2026-08-02 12:10:37,023 | [FULL    ] | INFO | full_experiments_using.model_trainers.mobile_vit_trainer |   ↳ new best AUROC; saved checkpoint: /home/oem/choihyunsu/VOGBasedMCIDetection/outputs/checkpoints/run_20260802_112625_full_wvote_artifact30_w0-5-10-10-0-15-30-30_4err/fold_01_best.pth
2026-08-02 12:10:58,234 | [FULL    ] | INFO | full_experiments_using.model_trainers.mobile_vit_trainer | Ep [058/500] T-Acc:  61.7%  V-Acc:  56.6%  V-AUROC: 0.5987  LR: 2.00e-04
2026-08-02 12:10:58,377 | [FULL    ] | INFO | full_experiments_using.model_trainers.mobile_vit_trainer |   ↳ new best AUROC; saved checkpoint: /home/oem/choihyunsu/VOGBasedMCIDetection/outputs/checkpoints/run_20260802_112625_full_wvote_artifact30_w0-5-10-10-0-15-30-30_4err/fold_01_best.pth
2026-08-02 12:11:19,645 | [FULL    ] | INFO | full_experiments_using.model_trainers.mobile_vit_trainer | Ep [059/500] T-Acc:  60.8%  V-Acc:  56.6%  V-AUROC: 0.5976  LR: 2.00e-04
2026-08-02 12:11:40,911 | [FULL    ] | INFO | full_experiments_using.model_trainers.mobile_vit_trainer | Ep [060/500] T-Acc:  61.1%  V-Acc:  56.4%  V-AUROC: 0.5964  LR: 2.00e-04
2026-08-02 12:12:02,163 | [FULL    ] | INFO | full_experiments_using.model_trainers.mobile_vit_trainer | Ep [061/500] T-Acc:  60.0%  V-Acc:  56.7%  V-AUROC: 0.5945  LR: 2.00e-04
2026-08-02 12:12:21,865 | [FULL    ] | INFO | full_experiments_using.model_trainers.mobile_vit_trainer | Ep [062/500] T-Acc:  60.3%  V-Acc:  56.5%  V-AUROC: 0.5959  LR: 2.00e-04
2026-08-02 12:12:42,366 | [FULL    ] | INFO | full_experiments_using.model_trainers.mobile_vit_trainer | Ep [063/500] T-Acc:  60.5%  V-Acc:  56.1%  V-AUROC: 0.5952  LR: 2.00e-04
2026-08-02 12:13:00,995 | [FULL    ] | INFO | full_experiments_using.model_trainers.mobile_vit_trainer | Ep [064/500] T-Acc:  60.7%  V-Acc:  56.4%  V-AUROC: 0.5960  LR: 2.00e-04
2026-08-02 12:13:21,183 | [FULL    ] | INFO | full_experiments_using.model_trainers.mobile_vit_trainer | Ep [065/500] T-Acc:  60.3%  V-Acc:  55.9%  V-AUROC: 0.5962  LR: 2.00e-04
2026-08-02 12:13:40,473 | [FULL    ] | INFO | full_experiments_using.model_trainers.mobile_vit_trainer | Ep [066/500] T-Acc:  61.2%  V-Acc:  55.8%  V-AUROC: 0.5974  LR: 2.00e-04
2026-08-02 12:14:01,723 | [FULL    ] | INFO | full_experiments_using.model_trainers.mobile_vit_trainer | Ep [067/500] T-Acc:  61.0%  V-Acc:  56.0%  V-AUROC: 0.5956  LR: 2.00e-04
2026-08-02 12:14:22,756 | [FULL    ] | INFO | full_experiments_using.model_trainers.mobile_vit_trainer | Ep [068/500] T-Acc:  60.5%  V-Acc:  56.2%  V-AUROC: 0.5965  LR: 2.00e-04
2026-08-02 12:14:43,916 | [FULL    ] | INFO | full_experiments_using.model_trainers.mobile_vit_trainer | Ep [069/500] T-Acc:  60.5%  V-Acc:  56.0%  V-AUROC: 0.5961  LR: 2.00e-04
2026-08-02 12:15:05,079 | [FULL    ] | INFO | full_experiments_using.model_trainers.mobile_vit_trainer | Ep [070/500] T-Acc:  60.7%  V-Acc:  56.3%  V-AUROC: 0.5977  LR: 4.00e-05
2026-08-02 12:15:26,252 | [FULL    ] | INFO | full_experiments_using.model_trainers.mobile_vit_trainer | Ep [071/500] T-Acc:  61.4%  V-Acc:  55.9%  V-AUROC: 0.5967  LR: 4.00e-05
2026-08-02 12:15:47,248 | [FULL    ] | INFO | full_experiments_using.model_trainers.mobile_vit_trainer | Ep [072/500] T-Acc:  61.2%  V-Acc:  56.3%  V-AUROC: 0.5989  LR: 4.00e-05
2026-08-02 12:15:47,446 | [FULL    ] | INFO | full_experiments_using.model_trainers.mobile_vit_trainer |   ↳ new best AUROC; saved checkpoint: /home/oem/choihyunsu/VOGBasedMCIDetection/outputs/checkpoints/run_20260802_112625_full_wvote_artifact30_w0-5-10-10-0-15-30-30_4err/fold_01_best.pth
2026-08-02 12:16:08,765 | [FULL    ] | INFO | full_experiments_using.model_trainers.mobile_vit_trainer | Ep [073/500] T-Acc:  60.5%  V-Acc:  56.3%  V-AUROC: 0.5977  LR: 4.00e-05
2026-08-02 12:16:30,002 | [FULL    ] | INFO | full_experiments_using.model_trainers.mobile_vit_trainer | Ep [074/500] T-Acc:  60.7%  V-Acc:  56.1%  V-AUROC: 0.5955  LR: 4.00e-05
2026-08-02 12:16:50,934 | [FULL    ] | INFO | full_experiments_using.model_trainers.mobile_vit_trainer | Ep [075/500] T-Acc:  61.0%  V-Acc:  56.1%  V-AUROC: 0.5967  LR: 4.00e-05
2026-08-02 12:17:12,057 | [FULL    ] | INFO | full_experiments_using.model_trainers.mobile_vit_trainer | Ep [076/500] T-Acc:  61.7%  V-Acc:  56.4%  V-AUROC: 0.5975  LR: 4.00e-05
2026-08-02 12:17:33,179 | [FULL    ] | INFO | full_experiments_using.model_trainers.mobile_vit_trainer | Ep [077/500] T-Acc:  60.5%  V-Acc:  56.5%  V-AUROC: 0.5974  LR: 4.00e-05
2026-08-02 12:17:54,428 | [FULL    ] | INFO | full_experiments_using.model_trainers.mobile_vit_trainer | Ep [078/500] T-Acc:  61.3%  V-Acc:  56.7%  V-AUROC: 0.5979  LR: 4.00e-05
2026-08-02 12:18:15,750 | [FULL    ] | INFO | full_experiments_using.model_trainers.mobile_vit_trainer | Ep [079/500] T-Acc:  60.6%  V-Acc:  56.9%  V-AUROC: 0.5976  LR: 4.00e-05
2026-08-02 12:18:36,949 | [FULL    ] | INFO | full_experiments_using.model_trainers.mobile_vit_trainer | Ep [080/500] T-Acc:  61.8%  V-Acc:  56.5%  V-AUROC: 0.5966  LR: 4.00e-05
2026-08-02 12:18:58,234 | [FULL    ] | INFO | full_experiments_using.model_trainers.mobile_vit_trainer | Ep [081/500] T-Acc:  61.0%  V-Acc:  56.7%  V-AUROC: 0.5981  LR: 4.00e-05
2026-08-02 12:19:19,470 | [FULL    ] | INFO | full_experiments_using.model_trainers.mobile_vit_trainer | Ep [082/500] T-Acc:  61.4%  V-Acc:  56.5%  V-AUROC: 0.5963  LR: 4.00e-05
2026-08-02 12:19:40,780 | [FULL    ] | INFO | full_experiments_using.model_trainers.mobile_vit_trainer | Ep [083/500] T-Acc:  61.4%  V-Acc:  57.1%  V-AUROC: 0.5962  LR: 4.00e-05
2026-08-02 12:20:02,005 | [FULL    ] | INFO | full_experiments_using.model_trainers.mobile_vit_trainer | Ep [084/500] T-Acc:  61.6%  V-Acc:  57.0%  V-AUROC: 0.5960  LR: 8.00e-06
2026-08-02 12:20:23,164 | [FULL    ] | INFO | full_experiments_using.model_trainers.mobile_vit_trainer | Ep [085/500] T-Acc:  61.2%  V-Acc:  56.9%  V-AUROC: 0.5971  LR: 8.00e-06
2026-08-02 12:20:44,369 | [FULL    ] | INFO | full_experiments_using.model_trainers.mobile_vit_trainer | Ep [086/500] T-Acc:  61.1%  V-Acc:  56.6%  V-AUROC: 0.5969  LR: 8.00e-06
2026-08-02 12:21:05,694 | [FULL    ] | INFO | full_experiments_using.model_trainers.mobile_vit_trainer | Ep [087/500] T-Acc:  61.4%  V-Acc:  57.1%  V-AUROC: 0.5965  LR: 8.00e-06
2026-08-02 12:21:26,899 | [FULL    ] | INFO | full_experiments_using.model_trainers.mobile_vit_trainer | Ep [088/500] T-Acc:  61.3%  V-Acc:  56.7%  V-AUROC: 0.5959  LR: 8.00e-06
2026-08-02 12:21:48,009 | [FULL    ] | INFO | full_experiments_using.model_trainers.mobile_vit_trainer | Ep [089/500] T-Acc:  60.6%  V-Acc:  57.2%  V-AUROC: 0.5962  LR: 8.00e-06
2026-08-02 12:22:09,328 | [FULL    ] | INFO | full_experiments_using.model_trainers.mobile_vit_trainer | Ep [090/500] T-Acc:  60.9%  V-Acc:  56.5%  V-AUROC: 0.5961  LR: 8.00e-06
2026-08-02 12:22:30,475 | [FULL    ] | INFO | full_experiments_using.model_trainers.mobile_vit_trainer | Ep [091/500] T-Acc:  61.5%  V-Acc:  56.4%  V-AUROC: 0.5964  LR: 8.00e-06
2026-08-02 12:22:51,780 | [FULL    ] | INFO | full_experiments_using.model_trainers.mobile_vit_trainer | Ep [092/500] T-Acc:  61.7%  V-Acc:  56.7%  V-AUROC: 0.5970  LR: 8.00e-06
2026-08-02 12:23:13,058 | [FULL    ] | INFO | full_experiments_using.model_trainers.mobile_vit_trainer | Ep [093/500] T-Acc:  62.3%  V-Acc:  56.9%  V-AUROC: 0.5970  LR: 8.00e-06
2026-08-02 12:23:34,387 | [FULL    ] | INFO | full_experiments_using.model_trainers.mobile_vit_trainer | Ep [094/500] T-Acc:  60.3%  V-Acc:  56.3%  V-AUROC: 0.5951  LR: 8.00e-06
2026-08-02 12:23:55,650 | [FULL    ] | INFO | full_experiments_using.model_trainers.mobile_vit_trainer | Ep [095/500] T-Acc:  60.0%  V-Acc:  56.6%  V-AUROC: 0.5959  LR: 1.60e-06
2026-08-02 12:24:17,030 | [FULL    ] | INFO | full_experiments_using.model_trainers.mobile_vit_trainer | Ep [096/500] T-Acc:  61.0%  V-Acc:  56.4%  V-AUROC: 0.5953  LR: 1.60e-06
2026-08-02 12:24:38,198 | [FULL    ] | INFO | full_experiments_using.model_trainers.mobile_vit_trainer | Ep [097/500] T-Acc:  61.3%  V-Acc:  56.7%  V-AUROC: 0.5957  LR: 1.60e-06
2026-08-02 12:24:59,549 | [FULL    ] | INFO | full_experiments_using.model_trainers.mobile_vit_trainer | Ep [098/500] T-Acc:  61.6%  V-Acc:  56.8%  V-AUROC: 0.5966  LR: 1.60e-06
2026-08-02 12:25:21,056 | [FULL    ] | INFO | full_experiments_using.model_trainers.mobile_vit_trainer | Ep [099/500] T-Acc:  61.6%  V-Acc:  56.6%  V-AUROC: 0.5971  LR: 1.60e-06
2026-08-02 12:25:42,179 | [FULL    ] | INFO | full_experiments_using.model_trainers.mobile_vit_trainer | Ep [100/500] T-Acc:  62.0%  V-Acc:  56.3%  V-AUROC: 0.5961  LR: 1.60e-06
2026-08-02 12:26:03,393 | [FULL    ] | INFO | full_experiments_using.model_trainers.mobile_vit_trainer | Ep [101/500] T-Acc:  60.9%  V-Acc:  56.7%  V-AUROC: 0.5966  LR: 1.60e-06
2026-08-02 12:26:24,569 | [FULL    ] | INFO | full_experiments_using.model_trainers.mobile_vit_trainer | Ep [102/500] T-Acc:  61.8%  V-Acc:  56.8%  V-AUROC: 0.5968  LR: 1.60e-06
2026-08-02 12:26:24,569 | [FULL    ] | INFO | full_experiments_using.model_trainers.mobile_vit_trainer | Early stop — best AUROC 0.5989 at epoch 72 (no improvement for 30 epochs)
2026-08-02 12:26:24,569 | [FULL    ] | INFO | full_experiments_using.model_trainers.mobile_vit_trainer | Done. Best AUROC: 0.5989 (epoch 72) → /home/oem/choihyunsu/VOGBasedMCIDetection/outputs/checkpoints/run_20260802_112625_full_wvote_artifact30_w0-5-10-10-0-15-30-30_4err/fold_01_best.pth
2026-08-02 12:26:31,130 | [FULL    ] | INFO | full_experiments_using.evaluators.monte_carlo_evaluator | -> Fold 02 Result | Acc=0.818 Sens=1.000 Spec=0.500 AUROC=0.821
2026-08-02 12:26:31,136 | [FULL    ] | INFO | full_experiments_using.evaluators.monte_carlo_evaluator | === Fold 03/30 | train: 25 subj (HC=7 MCI=18) / 3757 win | test: 12 subj (HC=7 MCI=5) / 1958 win ===
2026-08-02 12:26:31,364 | [FULL    ] | INFO | httpx | HTTP Request: HEAD https://huggingface.co/apple/mobilevit-small/resolve/main/config.json "HTTP/1.1 307 Temporary Redirect"
2026-08-02 12:26:31,376 | [FULL    ] | INFO | httpx | HTTP Request: HEAD https://huggingface.co/api/resolve-cache/models/apple/mobilevit-small/6c8612545dc98676d27bc518fa521d9e9af23e34/config.json "HTTP/1.1 200 OK"
2026-08-02 12:26:31,657 | [FULL    ] | INFO | httpx | HTTP Request: HEAD https://huggingface.co/apple/mobilevit-small/resolve/main/model.safetensors "HTTP/1.1 404 Not Found"
2026-08-02 12:26:31,912 | [FULL    ] | INFO | httpx | HTTP Request: HEAD https://huggingface.co/apple/mobilevit-small/resolve/main/model.safetensors.index.json "HTTP/1.1 404 Not Found"
2026-08-02 12:26:32,120 | [FULL    ] | INFO | httpx | HTTP Request: HEAD https://huggingface.co/apple/mobilevit-small/resolve/main/pytorch_model.bin "HTTP/1.1 302 Found"
2026-08-02 12:26:32,321 | [FULL    ] | INFO | httpx | HTTP Request: HEAD https://huggingface.co/apple/mobilevit-small/resolve/main/model.safetensors "HTTP/1.1 404 Not Found"
2026-08-02 12:26:32,534 | [FULL    ] | INFO | httpx | HTTP Request: GET https://huggingface.co/api/models/apple/mobilevit-small "HTTP/1.1 200 OK"
2026-08-02 12:26:32,818 | [FULL    ] | INFO | httpx | HTTP Request: GET https://huggingface.co/api/models/apple/mobilevit-small/commits/main "HTTP/1.1 200 OK"
2026-08-02 12:26:33,041 | [FULL    ] | INFO | httpx | HTTP Request: GET https://huggingface.co/api/models/apple/mobilevit-small/discussions?p=0 "HTTP/1.1 200 OK"
2026-08-02 12:26:33,258 | [FULL    ] | INFO | httpx | HTTP Request: GET https://huggingface.co/api/models/apple/mobilevit-small/commits/refs%2Fpr%2F6 "HTTP/1.1 200 OK"
2026-08-02 12:26:33,420 | [FULL    ] | INFO | full_experiments_using.model_trainers.mobile_vit_trainer | Device: cuda | max_epochs=500 | batch=32 | eval_batch=256 | es_patience=30
2026-08-02 12:26:33,432 | [FULL    ] | INFO | full_experiments_using.model_trainers.mobile_vit_trainer | CE weights — HC: 1.545  MCI: 0.739
2026-08-02 12:26:33,462 | [FULL    ] | INFO | httpx | HTTP Request: HEAD https://huggingface.co/apple/mobilevit-small/resolve/refs%2Fpr%2F6/model.safetensors.index.json "HTTP/1.1 404 Not Found"
2026-08-02 12:26:33,679 | [FULL    ] | INFO | httpx | HTTP Request: HEAD https://huggingface.co/apple/mobilevit-small/resolve/refs%2Fpr%2F6/model.safetensors "HTTP/1.1 302 Found"
2026-08-02 12:27:06,232 | [FULL    ] | INFO | full_experiments_using.model_trainers.mobile_vit_trainer | Ep [001/500] T-Acc:  42.1%  V-Acc:  55.1%  V-AUROC: 0.4970  LR: 2.00e-04
2026-08-02 12:27:06,292 | [FULL    ] | INFO | full_experiments_using.model_trainers.mobile_vit_trainer |   ↳ new best AUROC; saved checkpoint: /home/oem/choihyunsu/VOGBasedMCIDetection/outputs/checkpoints/run_20260802_112625_full_wvote_artifact30_w0-5-10-10-0-15-30-30_4err/fold_02_best.pth
2026-08-02 12:27:27,163 | [FULL    ] | INFO | full_experiments_using.model_trainers.mobile_vit_trainer | Ep [002/500] T-Acc:  43.5%  V-Acc:  54.4%  V-AUROC: 0.5011  LR: 4.00e-04
2026-08-02 12:27:27,276 | [FULL    ] | INFO | full_experiments_using.model_trainers.mobile_vit_trainer |   ↳ new best AUROC; saved checkpoint: /home/oem/choihyunsu/VOGBasedMCIDetection/outputs/checkpoints/run_20260802_112625_full_wvote_artifact30_w0-5-10-10-0-15-30-30_4err/fold_02_best.pth
2026-08-02 12:27:48,199 | [FULL    ] | INFO | full_experiments_using.model_trainers.mobile_vit_trainer | Ep [003/500] T-Acc:  45.7%  V-Acc:  53.4%  V-AUROC: 0.5068  LR: 6.00e-04
2026-08-02 12:27:48,316 | [FULL    ] | INFO | full_experiments_using.model_trainers.mobile_vit_trainer |   ↳ new best AUROC; saved checkpoint: /home/oem/choihyunsu/VOGBasedMCIDetection/outputs/checkpoints/run_20260802_112625_full_wvote_artifact30_w0-5-10-10-0-15-30-30_4err/fold_02_best.pth
2026-08-02 12:28:09,135 | [FULL    ] | INFO | full_experiments_using.model_trainers.mobile_vit_trainer | Ep [004/500] T-Acc:  47.8%  V-Acc:  53.6%  V-AUROC: 0.5385  LR: 8.00e-04
2026-08-02 12:28:09,251 | [FULL    ] | INFO | full_experiments_using.model_trainers.mobile_vit_trainer |   ↳ new best AUROC; saved checkpoint: /home/oem/choihyunsu/VOGBasedMCIDetection/outputs/checkpoints/run_20260802_112625_full_wvote_artifact30_w0-5-10-10-0-15-30-30_4err/fold_02_best.pth
2026-08-02 12:28:30,136 | [FULL    ] | INFO | full_experiments_using.model_trainers.mobile_vit_trainer | Ep [005/500] T-Acc:  49.1%  V-Acc:  49.9%  V-AUROC: 0.4931  LR: 1.00e-03
2026-08-02 12:28:51,113 | [FULL    ] | INFO | full_experiments_using.model_trainers.mobile_vit_trainer | Ep [006/500] T-Acc:  50.5%  V-Acc:  54.4%  V-AUROC: 0.5577  LR: 1.00e-03
2026-08-02 12:28:51,231 | [FULL    ] | INFO | full_experiments_using.model_trainers.mobile_vit_trainer |   ↳ new best AUROC; saved checkpoint: /home/oem/choihyunsu/VOGBasedMCIDetection/outputs/checkpoints/run_20260802_112625_full_wvote_artifact30_w0-5-10-10-0-15-30-30_4err/fold_02_best.pth
2026-08-02 12:29:12,077 | [FULL    ] | INFO | full_experiments_using.model_trainers.mobile_vit_trainer | Ep [007/500] T-Acc:  50.0%  V-Acc:  54.3%  V-AUROC: 0.5737  LR: 1.00e-03
2026-08-02 12:29:12,195 | [FULL    ] | INFO | full_experiments_using.model_trainers.mobile_vit_trainer |   ↳ new best AUROC; saved checkpoint: /home/oem/choihyunsu/VOGBasedMCIDetection/outputs/checkpoints/run_20260802_112625_full_wvote_artifact30_w0-5-10-10-0-15-30-30_4err/fold_02_best.pth
2026-08-02 12:29:33,082 | [FULL    ] | INFO | full_experiments_using.model_trainers.mobile_vit_trainer | Ep [008/500] T-Acc:  54.1%  V-Acc:  55.4%  V-AUROC: 0.5887  LR: 1.00e-03
2026-08-02 12:29:33,183 | [FULL    ] | INFO | full_experiments_using.model_trainers.mobile_vit_trainer |   ↳ new best AUROC; saved checkpoint: /home/oem/choihyunsu/VOGBasedMCIDetection/outputs/checkpoints/run_20260802_112625_full_wvote_artifact30_w0-5-10-10-0-15-30-30_4err/fold_02_best.pth
2026-08-02 12:29:54,110 | [FULL    ] | INFO | full_experiments_using.model_trainers.mobile_vit_trainer | Ep [009/500] T-Acc:  56.4%  V-Acc:  52.6%  V-AUROC: 0.5722  LR: 1.00e-03
2026-08-02 12:30:14,890 | [FULL    ] | INFO | full_experiments_using.model_trainers.mobile_vit_trainer | Ep [010/500] T-Acc:  55.1%  V-Acc:  55.4%  V-AUROC: 0.5833  LR: 1.00e-03
2026-08-02 12:30:35,745 | [FULL    ] | INFO | full_experiments_using.model_trainers.mobile_vit_trainer | Ep [011/500] T-Acc:  55.7%  V-Acc:  54.6%  V-AUROC: 0.5805  LR: 1.00e-03
2026-08-02 12:30:56,605 | [FULL    ] | INFO | full_experiments_using.model_trainers.mobile_vit_trainer | Ep [012/500] T-Acc:  56.5%  V-Acc:  55.8%  V-AUROC: 0.5959  LR: 1.00e-03
2026-08-02 12:30:56,705 | [FULL    ] | INFO | full_experiments_using.model_trainers.mobile_vit_trainer |   ↳ new best AUROC; saved checkpoint: /home/oem/choihyunsu/VOGBasedMCIDetection/outputs/checkpoints/run_20260802_112625_full_wvote_artifact30_w0-5-10-10-0-15-30-30_4err/fold_02_best.pth
2026-08-02 12:31:17,445 | [FULL    ] | INFO | full_experiments_using.model_trainers.mobile_vit_trainer | Ep [013/500] T-Acc:  57.2%  V-Acc:  55.7%  V-AUROC: 0.5956  LR: 1.00e-03
2026-08-02 12:31:38,246 | [FULL    ] | INFO | full_experiments_using.model_trainers.mobile_vit_trainer | Ep [014/500] T-Acc:  57.9%  V-Acc:  57.6%  V-AUROC: 0.6025  LR: 1.00e-03
2026-08-02 12:31:38,367 | [FULL    ] | INFO | full_experiments_using.model_trainers.mobile_vit_trainer |   ↳ new best AUROC; saved checkpoint: /home/oem/choihyunsu/VOGBasedMCIDetection/outputs/checkpoints/run_20260802_112625_full_wvote_artifact30_w0-5-10-10-0-15-30-30_4err/fold_02_best.pth
2026-08-02 12:31:59,021 | [FULL    ] | INFO | full_experiments_using.model_trainers.mobile_vit_trainer | Ep [015/500] T-Acc:  57.2%  V-Acc:  56.0%  V-AUROC: 0.6053  LR: 1.00e-03
2026-08-02 12:31:59,120 | [FULL    ] | INFO | full_experiments_using.model_trainers.mobile_vit_trainer |   ↳ new best AUROC; saved checkpoint: /home/oem/choihyunsu/VOGBasedMCIDetection/outputs/checkpoints/run_20260802_112625_full_wvote_artifact30_w0-5-10-10-0-15-30-30_4err/fold_02_best.pth
2026-08-02 12:32:18,126 | [FULL    ] | INFO | full_experiments_using.model_trainers.mobile_vit_trainer | Ep [016/500] T-Acc:  57.9%  V-Acc:  56.5%  V-AUROC: 0.6082  LR: 1.00e-03
2026-08-02 12:32:18,244 | [FULL    ] | INFO | full_experiments_using.model_trainers.mobile_vit_trainer |   ↳ new best AUROC; saved checkpoint: /home/oem/choihyunsu/VOGBasedMCIDetection/outputs/checkpoints/run_20260802_112625_full_wvote_artifact30_w0-5-10-10-0-15-30-30_4err/fold_02_best.pth
2026-08-02 12:32:36,966 | [FULL    ] | INFO | full_experiments_using.model_trainers.mobile_vit_trainer | Ep [017/500] T-Acc:  58.6%  V-Acc:  55.4%  V-AUROC: 0.5978  LR: 1.00e-03
2026-08-02 12:32:57,695 | [FULL    ] | INFO | full_experiments_using.model_trainers.mobile_vit_trainer | Ep [018/500] T-Acc:  58.5%  V-Acc:  57.2%  V-AUROC: 0.5990  LR: 1.00e-03
2026-08-02 12:33:18,580 | [FULL    ] | INFO | full_experiments_using.model_trainers.mobile_vit_trainer | Ep [019/500] T-Acc:  57.5%  V-Acc:  56.2%  V-AUROC: 0.6128  LR: 1.00e-03
2026-08-02 12:33:18,698 | [FULL    ] | INFO | full_experiments_using.model_trainers.mobile_vit_trainer |   ↳ new best AUROC; saved checkpoint: /home/oem/choihyunsu/VOGBasedMCIDetection/outputs/checkpoints/run_20260802_112625_full_wvote_artifact30_w0-5-10-10-0-15-30-30_4err/fold_02_best.pth
2026-08-02 12:33:39,565 | [FULL    ] | INFO | full_experiments_using.model_trainers.mobile_vit_trainer | Ep [020/500] T-Acc:  59.3%  V-Acc:  54.6%  V-AUROC: 0.5954  LR: 1.00e-03
2026-08-02 12:34:00,462 | [FULL    ] | INFO | full_experiments_using.model_trainers.mobile_vit_trainer | Ep [021/500] T-Acc:  59.5%  V-Acc:  58.3%  V-AUROC: 0.6101  LR: 1.00e-03
2026-08-02 12:34:21,312 | [FULL    ] | INFO | full_experiments_using.model_trainers.mobile_vit_trainer | Ep [022/500] T-Acc:  59.1%  V-Acc:  55.1%  V-AUROC: 0.5886  LR: 1.00e-03
2026-08-02 12:34:42,118 | [FULL    ] | INFO | full_experiments_using.model_trainers.mobile_vit_trainer | Ep [023/500] T-Acc:  58.5%  V-Acc:  55.1%  V-AUROC: 0.5934  LR: 1.00e-03
2026-08-02 12:35:00,770 | [FULL    ] | INFO | full_experiments_using.model_trainers.mobile_vit_trainer | Ep [024/500] T-Acc:  60.1%  V-Acc:  55.9%  V-AUROC: 0.6002  LR: 1.00e-03
2026-08-02 12:35:19,135 | [FULL    ] | INFO | full_experiments_using.model_trainers.mobile_vit_trainer | Ep [025/500] T-Acc:  59.5%  V-Acc:  58.3%  V-AUROC: 0.6008  LR: 1.00e-03
2026-08-02 12:35:40,184 | [FULL    ] | INFO | full_experiments_using.model_trainers.mobile_vit_trainer | Ep [026/500] T-Acc:  59.4%  V-Acc:  57.0%  V-AUROC: 0.6018  LR: 1.00e-03
2026-08-02 12:36:00,977 | [FULL    ] | INFO | full_experiments_using.model_trainers.mobile_vit_trainer | Ep [027/500] T-Acc:  60.0%  V-Acc:  56.8%  V-AUROC: 0.6051  LR: 1.00e-03
2026-08-02 12:36:21,737 | [FULL    ] | INFO | full_experiments_using.model_trainers.mobile_vit_trainer | Ep [028/500] T-Acc:  60.8%  V-Acc:  55.2%  V-AUROC: 0.6039  LR: 1.00e-03
2026-08-02 12:36:42,509 | [FULL    ] | INFO | full_experiments_using.model_trainers.mobile_vit_trainer | Ep [029/500] T-Acc:  59.7%  V-Acc:  58.0%  V-AUROC: 0.6067  LR: 1.00e-03
2026-08-02 12:37:03,116 | [FULL    ] | INFO | full_experiments_using.model_trainers.mobile_vit_trainer | Ep [030/500] T-Acc:  60.7%  V-Acc:  60.0%  V-AUROC: 0.6114  LR: 1.00e-03
2026-08-02 12:37:23,557 | [FULL    ] | INFO | full_experiments_using.model_trainers.mobile_vit_trainer | Ep [031/500] T-Acc:  61.4%  V-Acc:  57.6%  V-AUROC: 0.6096  LR: 2.00e-04
2026-08-02 12:37:44,355 | [FULL    ] | INFO | full_experiments_using.model_trainers.mobile_vit_trainer | Ep [032/500] T-Acc:  59.9%  V-Acc:  58.1%  V-AUROC: 0.6124  LR: 2.00e-04
2026-08-02 12:38:05,053 | [FULL    ] | INFO | full_experiments_using.model_trainers.mobile_vit_trainer | Ep [033/500] T-Acc:  60.8%  V-Acc:  58.6%  V-AUROC: 0.6131  LR: 2.00e-04
2026-08-02 12:38:05,170 | [FULL    ] | INFO | full_experiments_using.model_trainers.mobile_vit_trainer |   ↳ new best AUROC; saved checkpoint: /home/oem/choihyunsu/VOGBasedMCIDetection/outputs/checkpoints/run_20260802_112625_full_wvote_artifact30_w0-5-10-10-0-15-30-30_4err/fold_02_best.pth
2026-08-02 12:38:25,911 | [FULL    ] | INFO | full_experiments_using.model_trainers.mobile_vit_trainer | Ep [034/500] T-Acc:  61.1%  V-Acc:  57.9%  V-AUROC: 0.6101  LR: 2.00e-04
2026-08-02 12:38:46,714 | [FULL    ] | INFO | full_experiments_using.model_trainers.mobile_vit_trainer | Ep [035/500] T-Acc:  61.6%  V-Acc:  58.5%  V-AUROC: 0.6126  LR: 2.00e-04
2026-08-02 12:39:07,382 | [FULL    ] | INFO | full_experiments_using.model_trainers.mobile_vit_trainer | Ep [036/500] T-Acc:  60.5%  V-Acc:  57.4%  V-AUROC: 0.6118  LR: 2.00e-04
2026-08-02 12:39:28,108 | [FULL    ] | INFO | full_experiments_using.model_trainers.mobile_vit_trainer | Ep [037/500] T-Acc:  60.7%  V-Acc:  56.7%  V-AUROC: 0.6050  LR: 2.00e-04
2026-08-02 12:39:48,856 | [FULL    ] | INFO | full_experiments_using.model_trainers.mobile_vit_trainer | Ep [038/500] T-Acc:  60.3%  V-Acc:  57.7%  V-AUROC: 0.6052  LR: 2.00e-04
2026-08-02 12:40:09,623 | [FULL    ] | INFO | full_experiments_using.model_trainers.mobile_vit_trainer | Ep [039/500] T-Acc:  60.6%  V-Acc:  57.6%  V-AUROC: 0.6073  LR: 2.00e-04
2026-08-02 12:40:30,475 | [FULL    ] | INFO | full_experiments_using.model_trainers.mobile_vit_trainer | Ep [040/500] T-Acc:  61.0%  V-Acc:  58.0%  V-AUROC: 0.6104  LR: 2.00e-04
2026-08-02 12:40:51,139 | [FULL    ] | INFO | full_experiments_using.model_trainers.mobile_vit_trainer | Ep [041/500] T-Acc:  59.8%  V-Acc:  57.4%  V-AUROC: 0.6100  LR: 2.00e-04
2026-08-02 12:41:11,960 | [FULL    ] | INFO | full_experiments_using.model_trainers.mobile_vit_trainer | Ep [042/500] T-Acc:  61.9%  V-Acc:  57.6%  V-AUROC: 0.6093  LR: 2.00e-04
2026-08-02 12:41:32,740 | [FULL    ] | INFO | full_experiments_using.model_trainers.mobile_vit_trainer | Ep [043/500] T-Acc:  60.7%  V-Acc:  57.9%  V-AUROC: 0.6073  LR: 2.00e-04
2026-08-02 12:41:53,801 | [FULL    ] | INFO | full_experiments_using.model_trainers.mobile_vit_trainer | Ep [044/500] T-Acc:  61.5%  V-Acc:  57.8%  V-AUROC: 0.6065  LR: 2.00e-04
2026-08-02 12:42:14,536 | [FULL    ] | INFO | full_experiments_using.model_trainers.mobile_vit_trainer | Ep [045/500] T-Acc:  60.9%  V-Acc:  57.8%  V-AUROC: 0.6087  LR: 4.00e-05
2026-08-02 12:42:35,193 | [FULL    ] | INFO | full_experiments_using.model_trainers.mobile_vit_trainer | Ep [046/500] T-Acc:  61.4%  V-Acc:  58.1%  V-AUROC: 0.6061  LR: 4.00e-05
2026-08-02 12:42:55,964 | [FULL    ] | INFO | full_experiments_using.model_trainers.mobile_vit_trainer | Ep [047/500] T-Acc:  61.5%  V-Acc:  57.9%  V-AUROC: 0.6071  LR: 4.00e-05
2026-08-02 12:43:16,891 | [FULL    ] | INFO | full_experiments_using.model_trainers.mobile_vit_trainer | Ep [048/500] T-Acc:  61.6%  V-Acc:  57.7%  V-AUROC: 0.6064  LR: 4.00e-05
2026-08-02 12:43:37,615 | [FULL    ] | INFO | full_experiments_using.model_trainers.mobile_vit_trainer | Ep [049/500] T-Acc:  60.9%  V-Acc:  57.6%  V-AUROC: 0.6059  LR: 4.00e-05
2026-08-02 12:43:58,504 | [FULL    ] | INFO | full_experiments_using.model_trainers.mobile_vit_trainer | Ep [050/500] T-Acc:  61.7%  V-Acc:  57.7%  V-AUROC: 0.6079  LR: 4.00e-05
2026-08-02 12:44:19,206 | [FULL    ] | INFO | full_experiments_using.model_trainers.mobile_vit_trainer | Ep [051/500] T-Acc:  61.1%  V-Acc:  57.5%  V-AUROC: 0.6074  LR: 4.00e-05
2026-08-02 12:44:40,113 | [FULL    ] | INFO | full_experiments_using.model_trainers.mobile_vit_trainer | Ep [052/500] T-Acc:  60.5%  V-Acc:  58.0%  V-AUROC: 0.6087  LR: 4.00e-05
2026-08-02 12:45:00,999 | [FULL    ] | INFO | full_experiments_using.model_trainers.mobile_vit_trainer | Ep [053/500] T-Acc:  61.6%  V-Acc:  57.4%  V-AUROC: 0.6090  LR: 4.00e-05
2026-08-02 12:45:21,861 | [FULL    ] | INFO | full_experiments_using.model_trainers.mobile_vit_trainer | Ep [054/500] T-Acc:  61.8%  V-Acc:  57.7%  V-AUROC: 0.6076  LR: 4.00e-05
2026-08-02 12:45:42,705 | [FULL    ] | INFO | full_experiments_using.model_trainers.mobile_vit_trainer | Ep [055/500] T-Acc:  61.9%  V-Acc:  58.2%  V-AUROC: 0.6092  LR: 4.00e-05
2026-08-02 12:46:03,323 | [FULL    ] | INFO | full_experiments_using.model_trainers.mobile_vit_trainer | Ep [056/500] T-Acc:  61.6%  V-Acc:  57.6%  V-AUROC: 0.6081  LR: 8.00e-06
2026-08-02 12:46:24,067 | [FULL    ] | INFO | full_experiments_using.model_trainers.mobile_vit_trainer | Ep [057/500] T-Acc:  61.1%  V-Acc:  56.9%  V-AUROC: 0.6063  LR: 8.00e-06
2026-08-02 12:46:44,887 | [FULL    ] | INFO | full_experiments_using.model_trainers.mobile_vit_trainer | Ep [058/500] T-Acc:  61.2%  V-Acc:  57.6%  V-AUROC: 0.6085  LR: 8.00e-06
2026-08-02 12:47:05,619 | [FULL    ] | INFO | full_experiments_using.model_trainers.mobile_vit_trainer | Ep [059/500] T-Acc:  60.6%  V-Acc:  57.5%  V-AUROC: 0.6077  LR: 8.00e-06
2026-08-02 12:47:26,454 | [FULL    ] | INFO | full_experiments_using.model_trainers.mobile_vit_trainer | Ep [060/500] T-Acc:  61.0%  V-Acc:  58.1%  V-AUROC: 0.6056  LR: 8.00e-06
2026-08-02 12:47:47,306 | [FULL    ] | INFO | full_experiments_using.model_trainers.mobile_vit_trainer | Ep [061/500] T-Acc:  60.8%  V-Acc:  57.5%  V-AUROC: 0.6091  LR: 8.00e-06
2026-08-02 12:48:07,993 | [FULL    ] | INFO | full_experiments_using.model_trainers.mobile_vit_trainer | Ep [062/500] T-Acc:  62.0%  V-Acc:  57.5%  V-AUROC: 0.6073  LR: 8.00e-06
2026-08-02 12:48:28,976 | [FULL    ] | INFO | full_experiments_using.model_trainers.mobile_vit_trainer | Ep [063/500] T-Acc:  61.8%  V-Acc:  58.4%  V-AUROC: 0.6089  LR: 8.00e-06
2026-08-02 12:48:28,976 | [FULL    ] | INFO | full_experiments_using.model_trainers.mobile_vit_trainer | Early stop — best AUROC 0.6131 at epoch 33 (no improvement for 30 epochs)
2026-08-02 12:48:28,976 | [FULL    ] | INFO | full_experiments_using.model_trainers.mobile_vit_trainer | Done. Best AUROC: 0.6131 (epoch 33) → /home/oem/choihyunsu/VOGBasedMCIDetection/outputs/checkpoints/run_20260802_112625_full_wvote_artifact30_w0-5-10-10-0-15-30-30_4err/fold_02_best.pth
2026-08-02 12:48:36,667 | [FULL    ] | INFO | full_experiments_using.evaluators.monte_carlo_evaluator | -> Fold 03 Result | Acc=0.818 Sens=1.000 Spec=0.714 AUROC=0.857
2026-08-02 12:48:36,674 | [FULL    ] | INFO | full_experiments_using.evaluators.monte_carlo_evaluator | === Fold 04/30 | train: 25 subj (HC=9 MCI=16) / 3896 win | test: 12 subj (HC=5 MCI=7) / 1819 win ===
2026-08-02 12:48:36,917 | [FULL    ] | INFO | httpx | HTTP Request: HEAD https://huggingface.co/apple/mobilevit-small/resolve/main/config.json "HTTP/1.1 307 Temporary Redirect"
2026-08-02 12:48:36,933 | [FULL    ] | INFO | httpx | HTTP Request: HEAD https://huggingface.co/api/resolve-cache/models/apple/mobilevit-small/6c8612545dc98676d27bc518fa521d9e9af23e34/config.json "HTTP/1.1 200 OK"
2026-08-02 12:48:37,214 | [FULL    ] | INFO | httpx | HTTP Request: HEAD https://huggingface.co/apple/mobilevit-small/resolve/main/model.safetensors "HTTP/1.1 404 Not Found"
2026-08-02 12:48:37,425 | [FULL    ] | INFO | httpx | HTTP Request: HEAD https://huggingface.co/apple/mobilevit-small/resolve/main/model.safetensors.index.json "HTTP/1.1 404 Not Found"
2026-08-02 12:48:37,637 | [FULL    ] | INFO | httpx | HTTP Request: HEAD https://huggingface.co/apple/mobilevit-small/resolve/main/pytorch_model.bin "HTTP/1.1 302 Found"
2026-08-02 12:48:37,842 | [FULL    ] | INFO | httpx | HTTP Request: HEAD https://huggingface.co/apple/mobilevit-small/resolve/main/model.safetensors "HTTP/1.1 404 Not Found"
2026-08-02 12:48:38,053 | [FULL    ] | INFO | httpx | HTTP Request: GET https://huggingface.co/api/models/apple/mobilevit-small "HTTP/1.1 200 OK"
2026-08-02 12:48:38,356 | [FULL    ] | INFO | httpx | HTTP Request: GET https://huggingface.co/api/models/apple/mobilevit-small/commits/main "HTTP/1.1 200 OK"
2026-08-02 12:48:38,580 | [FULL    ] | INFO | httpx | HTTP Request: GET https://huggingface.co/api/models/apple/mobilevit-small/discussions?p=0 "HTTP/1.1 200 OK"
2026-08-02 12:48:38,804 | [FULL    ] | INFO | httpx | HTTP Request: GET https://huggingface.co/api/models/apple/mobilevit-small/commits/refs%2Fpr%2F6 "HTTP/1.1 200 OK"
2026-08-02 12:48:39,010 | [FULL    ] | INFO | httpx | HTTP Request: HEAD https://huggingface.co/apple/mobilevit-small/resolve/refs%2Fpr%2F6/model.safetensors.index.json "HTTP/1.1 404 Not Found"
2026-08-02 12:48:39,114 | [FULL    ] | INFO | full_experiments_using.model_trainers.mobile_vit_trainer | Device: cuda | max_epochs=500 | batch=32 | eval_batch=256 | es_patience=30
2026-08-02 12:48:39,122 | [FULL    ] | INFO | full_experiments_using.model_trainers.mobile_vit_trainer | CE weights — HC: 1.213  MCI: 0.851
2026-08-02 12:48:39,226 | [FULL    ] | INFO | httpx | HTTP Request: HEAD https://huggingface.co/apple/mobilevit-small/resolve/refs%2Fpr%2F6/model.safetensors "HTTP/1.1 302 Found"
2026-08-02 12:49:06,044 | [FULL    ] | INFO | full_experiments_using.model_trainers.mobile_vit_trainer | Ep [001/500] T-Acc:  51.1%  V-Acc:  52.2%  V-AUROC: 0.5259  LR: 2.00e-04
2026-08-02 12:49:06,103 | [FULL    ] | INFO | full_experiments_using.model_trainers.mobile_vit_trainer |   ↳ new best AUROC; saved checkpoint: /home/oem/choihyunsu/VOGBasedMCIDetection/outputs/checkpoints/run_20260802_112625_full_wvote_artifact30_w0-5-10-10-0-15-30-30_4err/fold_03_best.pth
2026-08-02 12:49:27,373 | [FULL    ] | INFO | full_experiments_using.model_trainers.mobile_vit_trainer | Ep [002/500] T-Acc:  52.7%  V-Acc:  51.6%  V-AUROC: 0.5193  LR: 4.00e-04
2026-08-02 12:49:48,641 | [FULL    ] | INFO | full_experiments_using.model_trainers.mobile_vit_trainer | Ep [003/500] T-Acc:  51.9%  V-Acc:  51.5%  V-AUROC: 0.5226  LR: 6.00e-04
2026-08-02 12:50:10,010 | [FULL    ] | INFO | full_experiments_using.model_trainers.mobile_vit_trainer | Ep [004/500] T-Acc:  51.9%  V-Acc:  50.9%  V-AUROC: 0.5185  LR: 8.00e-04
2026-08-02 12:50:31,198 | [FULL    ] | INFO | full_experiments_using.model_trainers.mobile_vit_trainer | Ep [005/500] T-Acc:  54.1%  V-Acc:  49.9%  V-AUROC: 0.5203  LR: 1.00e-03
2026-08-02 12:50:52,518 | [FULL    ] | INFO | full_experiments_using.model_trainers.mobile_vit_trainer | Ep [006/500] T-Acc:  53.6%  V-Acc:  52.8%  V-AUROC: 0.5369  LR: 1.00e-03
2026-08-02 12:50:52,714 | [FULL    ] | INFO | full_experiments_using.model_trainers.mobile_vit_trainer |   ↳ new best AUROC; saved checkpoint: /home/oem/choihyunsu/VOGBasedMCIDetection/outputs/checkpoints/run_20260802_112625_full_wvote_artifact30_w0-5-10-10-0-15-30-30_4err/fold_03_best.pth
2026-08-02 12:51:14,100 | [FULL    ] | INFO | full_experiments_using.model_trainers.mobile_vit_trainer | Ep [007/500] T-Acc:  54.2%  V-Acc:  52.7%  V-AUROC: 0.5381  LR: 1.00e-03
2026-08-02 12:51:14,228 | [FULL    ] | INFO | full_experiments_using.model_trainers.mobile_vit_trainer |   ↳ new best AUROC; saved checkpoint: /home/oem/choihyunsu/VOGBasedMCIDetection/outputs/checkpoints/run_20260802_112625_full_wvote_artifact30_w0-5-10-10-0-15-30-30_4err/fold_03_best.pth
2026-08-02 12:51:35,654 | [FULL    ] | INFO | full_experiments_using.model_trainers.mobile_vit_trainer | Ep [008/500] T-Acc:  53.3%  V-Acc:  51.8%  V-AUROC: 0.5371  LR: 1.00e-03
2026-08-02 12:51:57,016 | [FULL    ] | INFO | full_experiments_using.model_trainers.mobile_vit_trainer | Ep [009/500] T-Acc:  55.1%  V-Acc:  53.3%  V-AUROC: 0.5383  LR: 1.00e-03
2026-08-02 12:51:57,132 | [FULL    ] | INFO | full_experiments_using.model_trainers.mobile_vit_trainer |   ↳ new best AUROC; saved checkpoint: /home/oem/choihyunsu/VOGBasedMCIDetection/outputs/checkpoints/run_20260802_112625_full_wvote_artifact30_w0-5-10-10-0-15-30-30_4err/fold_03_best.pth
2026-08-02 12:52:18,361 | [FULL    ] | INFO | full_experiments_using.model_trainers.mobile_vit_trainer | Ep [010/500] T-Acc:  55.4%  V-Acc:  53.5%  V-AUROC: 0.5405  LR: 1.00e-03
2026-08-02 12:52:18,517 | [FULL    ] | INFO | full_experiments_using.model_trainers.mobile_vit_trainer |   ↳ new best AUROC; saved checkpoint: /home/oem/choihyunsu/VOGBasedMCIDetection/outputs/checkpoints/run_20260802_112625_full_wvote_artifact30_w0-5-10-10-0-15-30-30_4err/fold_03_best.pth
2026-08-02 12:52:39,835 | [FULL    ] | INFO | full_experiments_using.model_trainers.mobile_vit_trainer | Ep [011/500] T-Acc:  56.1%  V-Acc:  54.2%  V-AUROC: 0.5522  LR: 1.00e-03
2026-08-02 12:52:39,956 | [FULL    ] | INFO | full_experiments_using.model_trainers.mobile_vit_trainer |   ↳ new best AUROC; saved checkpoint: /home/oem/choihyunsu/VOGBasedMCIDetection/outputs/checkpoints/run_20260802_112625_full_wvote_artifact30_w0-5-10-10-0-15-30-30_4err/fold_03_best.pth
2026-08-02 12:53:01,237 | [FULL    ] | INFO | full_experiments_using.model_trainers.mobile_vit_trainer | Ep [012/500] T-Acc:  57.2%  V-Acc:  53.1%  V-AUROC: 0.5536  LR: 1.00e-03
2026-08-02 12:53:01,355 | [FULL    ] | INFO | full_experiments_using.model_trainers.mobile_vit_trainer |   ↳ new best AUROC; saved checkpoint: /home/oem/choihyunsu/VOGBasedMCIDetection/outputs/checkpoints/run_20260802_112625_full_wvote_artifact30_w0-5-10-10-0-15-30-30_4err/fold_03_best.pth
2026-08-02 12:53:22,521 | [FULL    ] | INFO | full_experiments_using.model_trainers.mobile_vit_trainer | Ep [013/500] T-Acc:  56.7%  V-Acc:  53.7%  V-AUROC: 0.5623  LR: 1.00e-03
2026-08-02 12:53:22,705 | [FULL    ] | INFO | full_experiments_using.model_trainers.mobile_vit_trainer |   ↳ new best AUROC; saved checkpoint: /home/oem/choihyunsu/VOGBasedMCIDetection/outputs/checkpoints/run_20260802_112625_full_wvote_artifact30_w0-5-10-10-0-15-30-30_4err/fold_03_best.pth
2026-08-02 12:53:43,971 | [FULL    ] | INFO | full_experiments_using.model_trainers.mobile_vit_trainer | Ep [014/500] T-Acc:  57.9%  V-Acc:  53.6%  V-AUROC: 0.5472  LR: 1.00e-03
2026-08-02 12:54:05,324 | [FULL    ] | INFO | full_experiments_using.model_trainers.mobile_vit_trainer | Ep [015/500] T-Acc:  56.2%  V-Acc:  53.5%  V-AUROC: 0.5584  LR: 1.00e-03
2026-08-02 12:54:24,368 | [FULL    ] | INFO | full_experiments_using.model_trainers.mobile_vit_trainer | Ep [016/500] T-Acc:  58.3%  V-Acc:  54.4%  V-AUROC: 0.5600  LR: 1.00e-03
2026-08-02 12:54:43,699 | [FULL    ] | INFO | full_experiments_using.model_trainers.mobile_vit_trainer | Ep [017/500] T-Acc:  57.8%  V-Acc:  54.8%  V-AUROC: 0.5584  LR: 1.00e-03
2026-08-02 12:55:04,854 | [FULL    ] | INFO | full_experiments_using.model_trainers.mobile_vit_trainer | Ep [018/500] T-Acc:  58.2%  V-Acc:  54.5%  V-AUROC: 0.5639  LR: 1.00e-03
2026-08-02 12:55:05,026 | [FULL    ] | INFO | full_experiments_using.model_trainers.mobile_vit_trainer |   ↳ new best AUROC; saved checkpoint: /home/oem/choihyunsu/VOGBasedMCIDetection/outputs/checkpoints/run_20260802_112625_full_wvote_artifact30_w0-5-10-10-0-15-30-30_4err/fold_03_best.pth
2026-08-02 12:55:26,260 | [FULL    ] | INFO | full_experiments_using.model_trainers.mobile_vit_trainer | Ep [019/500] T-Acc:  59.2%  V-Acc:  54.1%  V-AUROC: 0.5549  LR: 1.00e-03
2026-08-02 12:55:47,602 | [FULL    ] | INFO | full_experiments_using.model_trainers.mobile_vit_trainer | Ep [020/500] T-Acc:  58.3%  V-Acc:  54.3%  V-AUROC: 0.5591  LR: 1.00e-03
2026-08-02 12:56:08,770 | [FULL    ] | INFO | full_experiments_using.model_trainers.mobile_vit_trainer | Ep [021/500] T-Acc:  59.1%  V-Acc:  53.5%  V-AUROC: 0.5582  LR: 1.00e-03
2026-08-02 12:56:29,920 | [FULL    ] | INFO | full_experiments_using.model_trainers.mobile_vit_trainer | Ep [022/500] T-Acc:  57.2%  V-Acc:  54.4%  V-AUROC: 0.5675  LR: 1.00e-03
2026-08-02 12:56:30,035 | [FULL    ] | INFO | full_experiments_using.model_trainers.mobile_vit_trainer |   ↳ new best AUROC; saved checkpoint: /home/oem/choihyunsu/VOGBasedMCIDetection/outputs/checkpoints/run_20260802_112625_full_wvote_artifact30_w0-5-10-10-0-15-30-30_4err/fold_03_best.pth
2026-08-02 12:56:51,165 | [FULL    ] | INFO | full_experiments_using.model_trainers.mobile_vit_trainer | Ep [023/500] T-Acc:  59.2%  V-Acc:  54.7%  V-AUROC: 0.5616  LR: 1.00e-03
2026-08-02 12:57:12,349 | [FULL    ] | INFO | full_experiments_using.model_trainers.mobile_vit_trainer | Ep [024/500] T-Acc:  59.8%  V-Acc:  53.9%  V-AUROC: 0.5639  LR: 1.00e-03
2026-08-02 12:57:33,537 | [FULL    ] | INFO | full_experiments_using.model_trainers.mobile_vit_trainer | Ep [025/500] T-Acc:  60.9%  V-Acc:  53.1%  V-AUROC: 0.5570  LR: 1.00e-03
2026-08-02 12:57:54,723 | [FULL    ] | INFO | full_experiments_using.model_trainers.mobile_vit_trainer | Ep [026/500] T-Acc:  60.3%  V-Acc:  54.2%  V-AUROC: 0.5653  LR: 1.00e-03
2026-08-02 12:58:16,071 | [FULL    ] | INFO | full_experiments_using.model_trainers.mobile_vit_trainer | Ep [027/500] T-Acc:  59.3%  V-Acc:  53.8%  V-AUROC: 0.5657  LR: 1.00e-03
2026-08-02 12:58:37,427 | [FULL    ] | INFO | full_experiments_using.model_trainers.mobile_vit_trainer | Ep [028/500] T-Acc:  60.3%  V-Acc:  52.8%  V-AUROC: 0.5465  LR: 1.00e-03
2026-08-02 12:58:58,705 | [FULL    ] | INFO | full_experiments_using.model_trainers.mobile_vit_trainer | Ep [029/500] T-Acc:  60.5%  V-Acc:  53.2%  V-AUROC: 0.5573  LR: 1.00e-03
2026-08-02 12:59:19,970 | [FULL    ] | INFO | full_experiments_using.model_trainers.mobile_vit_trainer | Ep [030/500] T-Acc:  60.7%  V-Acc:  54.0%  V-AUROC: 0.5626  LR: 1.00e-03
2026-08-02 12:59:38,804 | [FULL    ] | INFO | full_experiments_using.model_trainers.mobile_vit_trainer | Ep [031/500] T-Acc:  60.2%  V-Acc:  52.6%  V-AUROC: 0.5557  LR: 1.00e-03
2026-08-02 12:59:58,166 | [FULL    ] | INFO | full_experiments_using.model_trainers.mobile_vit_trainer | Ep [032/500] T-Acc:  60.3%  V-Acc:  52.8%  V-AUROC: 0.5542  LR: 1.00e-03
2026-08-02 13:00:19,373 | [FULL    ] | INFO | full_experiments_using.model_trainers.mobile_vit_trainer | Ep [033/500] T-Acc:  60.5%  V-Acc:  53.8%  V-AUROC: 0.5610  LR: 1.00e-03
2026-08-02 13:00:40,563 | [FULL    ] | INFO | full_experiments_using.model_trainers.mobile_vit_trainer | Ep [034/500] T-Acc:  60.8%  V-Acc:  54.1%  V-AUROC: 0.5642  LR: 2.00e-04
2026-08-02 13:01:01,810 | [FULL    ] | INFO | full_experiments_using.model_trainers.mobile_vit_trainer | Ep [035/500] T-Acc:  61.4%  V-Acc:  53.9%  V-AUROC: 0.5648  LR: 2.00e-04
2026-08-02 13:01:23,112 | [FULL    ] | INFO | full_experiments_using.model_trainers.mobile_vit_trainer | Ep [036/500] T-Acc:  61.1%  V-Acc:  53.7%  V-AUROC: 0.5625  LR: 2.00e-04
2026-08-02 13:01:44,424 | [FULL    ] | INFO | full_experiments_using.model_trainers.mobile_vit_trainer | Ep [037/500] T-Acc:  61.8%  V-Acc:  54.3%  V-AUROC: 0.5639  LR: 2.00e-04
2026-08-02 13:02:05,613 | [FULL    ] | INFO | full_experiments_using.model_trainers.mobile_vit_trainer | Ep [038/500] T-Acc:  61.3%  V-Acc:  53.4%  V-AUROC: 0.5621  LR: 2.00e-04
2026-08-02 13:02:26,784 | [FULL    ] | INFO | full_experiments_using.model_trainers.mobile_vit_trainer | Ep [039/500] T-Acc:  61.4%  V-Acc:  53.5%  V-AUROC: 0.5637  LR: 2.00e-04
2026-08-02 13:02:48,217 | [FULL    ] | INFO | full_experiments_using.model_trainers.mobile_vit_trainer | Ep [040/500] T-Acc:  62.1%  V-Acc:  54.0%  V-AUROC: 0.5666  LR: 2.00e-04
2026-08-02 13:03:09,554 | [FULL    ] | INFO | full_experiments_using.model_trainers.mobile_vit_trainer | Ep [041/500] T-Acc:  62.4%  V-Acc:  53.4%  V-AUROC: 0.5648  LR: 2.00e-04
2026-08-02 13:03:30,649 | [FULL    ] | INFO | full_experiments_using.model_trainers.mobile_vit_trainer | Ep [042/500] T-Acc:  61.4%  V-Acc:  53.8%  V-AUROC: 0.5614  LR: 2.00e-04
2026-08-02 13:03:51,871 | [FULL    ] | INFO | full_experiments_using.model_trainers.mobile_vit_trainer | Ep [043/500] T-Acc:  62.3%  V-Acc:  53.8%  V-AUROC: 0.5610  LR: 2.00e-04
2026-08-02 13:04:12,775 | [FULL    ] | INFO | full_experiments_using.model_trainers.mobile_vit_trainer | Ep [044/500] T-Acc:  61.5%  V-Acc:  53.2%  V-AUROC: 0.5608  LR: 2.00e-04
2026-08-02 13:04:34,181 | [FULL    ] | INFO | full_experiments_using.model_trainers.mobile_vit_trainer | Ep [045/500] T-Acc:  62.3%  V-Acc:  53.4%  V-AUROC: 0.5630  LR: 4.00e-05
2026-08-02 13:04:55,279 | [FULL    ] | INFO | full_experiments_using.model_trainers.mobile_vit_trainer | Ep [046/500] T-Acc:  62.1%  V-Acc:  53.8%  V-AUROC: 0.5641  LR: 4.00e-05
2026-08-02 13:05:16,794 | [FULL    ] | INFO | full_experiments_using.model_trainers.mobile_vit_trainer | Ep [047/500] T-Acc:  62.2%  V-Acc:  53.7%  V-AUROC: 0.5630  LR: 4.00e-05
2026-08-02 13:05:38,139 | [FULL    ] | INFO | full_experiments_using.model_trainers.mobile_vit_trainer | Ep [048/500] T-Acc:  61.2%  V-Acc:  53.6%  V-AUROC: 0.5615  LR: 4.00e-05
2026-08-02 13:05:59,371 | [FULL    ] | INFO | full_experiments_using.model_trainers.mobile_vit_trainer | Ep [049/500] T-Acc:  62.4%  V-Acc:  53.7%  V-AUROC: 0.5624  LR: 4.00e-05
2026-08-02 13:06:20,681 | [FULL    ] | INFO | full_experiments_using.model_trainers.mobile_vit_trainer | Ep [050/500] T-Acc:  61.8%  V-Acc:  53.2%  V-AUROC: 0.5636  LR: 4.00e-05
2026-08-02 13:06:41,831 | [FULL    ] | INFO | full_experiments_using.model_trainers.mobile_vit_trainer | Ep [051/500] T-Acc:  61.6%  V-Acc:  53.6%  V-AUROC: 0.5632  LR: 4.00e-05
2026-08-02 13:07:03,311 | [FULL    ] | INFO | full_experiments_using.model_trainers.mobile_vit_trainer | Ep [052/500] T-Acc:  62.0%  V-Acc:  53.4%  V-AUROC: 0.5636  LR: 4.00e-05
2026-08-02 13:07:03,311 | [FULL    ] | INFO | full_experiments_using.model_trainers.mobile_vit_trainer | Early stop — best AUROC 0.5675 at epoch 22 (no improvement for 30 epochs)
2026-08-02 13:07:03,311 | [FULL    ] | INFO | full_experiments_using.model_trainers.mobile_vit_trainer | Done. Best AUROC: 0.5675 (epoch 22) → /home/oem/choihyunsu/VOGBasedMCIDetection/outputs/checkpoints/run_20260802_112625_full_wvote_artifact30_w0-5-10-10-0-15-30-30_4err/fold_03_best.pth
2026-08-02 13:07:09,658 | [FULL    ] | INFO | full_experiments_using.evaluators.monte_carlo_evaluator | -> Fold 04 Result | Acc=0.600 Sens=0.667 Spec=0.500 AUROC=0.625
2026-08-02 13:07:09,665 | [FULL    ] | INFO | full_experiments_using.evaluators.monte_carlo_evaluator | === Fold 05/30 | train: 25 subj (HC=8 MCI=17) / 3784 win | test: 12 subj (HC=6 MCI=6) / 1931 win ===
2026-08-02 13:07:09,891 | [FULL    ] | INFO | httpx | HTTP Request: HEAD https://huggingface.co/apple/mobilevit-small/resolve/main/config.json "HTTP/1.1 307 Temporary Redirect"
2026-08-02 13:07:09,904 | [FULL    ] | INFO | httpx | HTTP Request: HEAD https://huggingface.co/api/resolve-cache/models/apple/mobilevit-small/6c8612545dc98676d27bc518fa521d9e9af23e34/config.json "HTTP/1.1 200 OK"
2026-08-02 13:07:10,178 | [FULL    ] | INFO | httpx | HTTP Request: HEAD https://huggingface.co/apple/mobilevit-small/resolve/main/model.safetensors "HTTP/1.1 404 Not Found"
2026-08-02 13:07:10,389 | [FULL    ] | INFO | httpx | HTTP Request: HEAD https://huggingface.co/apple/mobilevit-small/resolve/main/model.safetensors.index.json "HTTP/1.1 404 Not Found"
2026-08-02 13:07:10,593 | [FULL    ] | INFO | httpx | HTTP Request: HEAD https://huggingface.co/apple/mobilevit-small/resolve/main/pytorch_model.bin "HTTP/1.1 302 Found"
2026-08-02 13:07:10,791 | [FULL    ] | INFO | httpx | HTTP Request: HEAD https://huggingface.co/apple/mobilevit-small/resolve/main/model.safetensors "HTTP/1.1 404 Not Found"
2026-08-02 13:07:10,994 | [FULL    ] | INFO | httpx | HTTP Request: GET https://huggingface.co/api/models/apple/mobilevit-small "HTTP/1.1 200 OK"
2026-08-02 13:07:11,224 | [FULL    ] | INFO | httpx | HTTP Request: GET https://huggingface.co/api/models/apple/mobilevit-small/commits/main "HTTP/1.1 200 OK"
2026-08-02 13:07:11,461 | [FULL    ] | INFO | httpx | HTTP Request: GET https://huggingface.co/api/models/apple/mobilevit-small/discussions?p=0 "HTTP/1.1 200 OK"
2026-08-02 13:07:11,681 | [FULL    ] | INFO | httpx | HTTP Request: GET https://huggingface.co/api/models/apple/mobilevit-small/commits/refs%2Fpr%2F6 "HTTP/1.1 200 OK"
2026-08-02 13:07:11,884 | [FULL    ] | INFO | httpx | HTTP Request: HEAD https://huggingface.co/apple/mobilevit-small/resolve/refs%2Fpr%2F6/model.safetensors.index.json "HTTP/1.1 404 Not Found"
2026-08-02 13:07:12,095 | [FULL    ] | INFO | httpx | HTTP Request: HEAD https://huggingface.co/apple/mobilevit-small/resolve/refs%2Fpr%2F6/model.safetensors "HTTP/1.1 302 Found"
2026-08-02 13:07:12,228 | [FULL    ] | INFO | full_experiments_using.model_trainers.mobile_vit_trainer | Device: cuda | max_epochs=500 | batch=32 | eval_batch=256 | es_patience=30
2026-08-02 13:07:12,236 | [FULL    ] | INFO | full_experiments_using.model_trainers.mobile_vit_trainer | CE weights — HC: 1.334  MCI: 0.800
2026-08-02 13:07:44,304 | [FULL    ] | INFO | full_experiments_using.model_trainers.mobile_vit_trainer | Ep [001/500] T-Acc:  53.2%  V-Acc:  50.1%  V-AUROC: 0.4975  LR: 2.00e-04
2026-08-02 13:07:44,364 | [FULL    ] | INFO | full_experiments_using.model_trainers.mobile_vit_trainer |   ↳ new best AUROC; saved checkpoint: /home/oem/choihyunsu/VOGBasedMCIDetection/outputs/checkpoints/run_20260802_112625_full_wvote_artifact30_w0-5-10-10-0-15-30-30_4err/fold_04_best.pth
2026-08-02 13:08:05,095 | [FULL    ] | INFO | full_experiments_using.model_trainers.mobile_vit_trainer | Ep [002/500] T-Acc:  52.7%  V-Acc:  49.8%  V-AUROC: 0.5073  LR: 4.00e-04
2026-08-02 13:08:05,241 | [FULL    ] | INFO | full_experiments_using.model_trainers.mobile_vit_trainer |   ↳ new best AUROC; saved checkpoint: /home/oem/choihyunsu/VOGBasedMCIDetection/outputs/checkpoints/run_20260802_112625_full_wvote_artifact30_w0-5-10-10-0-15-30-30_4err/fold_04_best.pth
2026-08-02 13:08:26,124 | [FULL    ] | INFO | full_experiments_using.model_trainers.mobile_vit_trainer | Ep [003/500] T-Acc:  52.9%  V-Acc:  50.3%  V-AUROC: 0.5179  LR: 6.00e-04
2026-08-02 13:08:26,243 | [FULL    ] | INFO | full_experiments_using.model_trainers.mobile_vit_trainer |   ↳ new best AUROC; saved checkpoint: /home/oem/choihyunsu/VOGBasedMCIDetection/outputs/checkpoints/run_20260802_112625_full_wvote_artifact30_w0-5-10-10-0-15-30-30_4err/fold_04_best.pth
2026-08-02 13:08:47,226 | [FULL    ] | INFO | full_experiments_using.model_trainers.mobile_vit_trainer | Ep [004/500] T-Acc:  53.4%  V-Acc:  52.1%  V-AUROC: 0.5461  LR: 8.00e-04
2026-08-02 13:08:47,341 | [FULL    ] | INFO | full_experiments_using.model_trainers.mobile_vit_trainer |   ↳ new best AUROC; saved checkpoint: /home/oem/choihyunsu/VOGBasedMCIDetection/outputs/checkpoints/run_20260802_112625_full_wvote_artifact30_w0-5-10-10-0-15-30-30_4err/fold_04_best.pth
2026-08-02 13:09:08,205 | [FULL    ] | INFO | full_experiments_using.model_trainers.mobile_vit_trainer | Ep [005/500] T-Acc:  52.5%  V-Acc:  51.7%  V-AUROC: 0.5456  LR: 1.00e-03
2026-08-02 13:09:29,129 | [FULL    ] | INFO | full_experiments_using.model_trainers.mobile_vit_trainer | Ep [006/500] T-Acc:  53.1%  V-Acc:  54.1%  V-AUROC: 0.5797  LR: 1.00e-03
2026-08-02 13:09:29,282 | [FULL    ] | INFO | full_experiments_using.model_trainers.mobile_vit_trainer |   ↳ new best AUROC; saved checkpoint: /home/oem/choihyunsu/VOGBasedMCIDetection/outputs/checkpoints/run_20260802_112625_full_wvote_artifact30_w0-5-10-10-0-15-30-30_4err/fold_04_best.pth
2026-08-02 13:09:50,256 | [FULL    ] | INFO | full_experiments_using.model_trainers.mobile_vit_trainer | Ep [007/500] T-Acc:  53.0%  V-Acc:  54.9%  V-AUROC: 0.5831  LR: 1.00e-03
2026-08-02 13:09:50,376 | [FULL    ] | INFO | full_experiments_using.model_trainers.mobile_vit_trainer |   ↳ new best AUROC; saved checkpoint: /home/oem/choihyunsu/VOGBasedMCIDetection/outputs/checkpoints/run_20260802_112625_full_wvote_artifact30_w0-5-10-10-0-15-30-30_4err/fold_04_best.pth
2026-08-02 13:10:11,408 | [FULL    ] | INFO | full_experiments_using.model_trainers.mobile_vit_trainer | Ep [008/500] T-Acc:  52.2%  V-Acc:  53.9%  V-AUROC: 0.5818  LR: 1.00e-03
2026-08-02 13:10:32,319 | [FULL    ] | INFO | full_experiments_using.model_trainers.mobile_vit_trainer | Ep [009/500] T-Acc:  54.8%  V-Acc:  55.8%  V-AUROC: 0.5865  LR: 1.00e-03
2026-08-02 13:10:32,436 | [FULL    ] | INFO | full_experiments_using.model_trainers.mobile_vit_trainer |   ↳ new best AUROC; saved checkpoint: /home/oem/choihyunsu/VOGBasedMCIDetection/outputs/checkpoints/run_20260802_112625_full_wvote_artifact30_w0-5-10-10-0-15-30-30_4err/fold_04_best.pth
2026-08-02 13:10:53,382 | [FULL    ] | INFO | full_experiments_using.model_trainers.mobile_vit_trainer | Ep [010/500] T-Acc:  54.8%  V-Acc:  53.8%  V-AUROC: 0.5778  LR: 1.00e-03
2026-08-02 13:11:14,295 | [FULL    ] | INFO | full_experiments_using.model_trainers.mobile_vit_trainer | Ep [011/500] T-Acc:  54.3%  V-Acc:  55.5%  V-AUROC: 0.5844  LR: 1.00e-03
2026-08-02 13:11:35,206 | [FULL    ] | INFO | full_experiments_using.model_trainers.mobile_vit_trainer | Ep [012/500] T-Acc:  54.3%  V-Acc:  54.3%  V-AUROC: 0.5749  LR: 1.00e-03
2026-08-02 13:11:56,245 | [FULL    ] | INFO | full_experiments_using.model_trainers.mobile_vit_trainer | Ep [013/500] T-Acc:  54.8%  V-Acc:  55.5%  V-AUROC: 0.5927  LR: 1.00e-03
2026-08-02 13:11:56,379 | [FULL    ] | INFO | full_experiments_using.model_trainers.mobile_vit_trainer |   ↳ new best AUROC; saved checkpoint: /home/oem/choihyunsu/VOGBasedMCIDetection/outputs/checkpoints/run_20260802_112625_full_wvote_artifact30_w0-5-10-10-0-15-30-30_4err/fold_04_best.pth
2026-08-02 13:12:17,359 | [FULL    ] | INFO | full_experiments_using.model_trainers.mobile_vit_trainer | Ep [014/500] T-Acc:  54.8%  V-Acc:  57.2%  V-AUROC: 0.6042  LR: 1.00e-03
2026-08-02 13:12:17,487 | [FULL    ] | INFO | full_experiments_using.model_trainers.mobile_vit_trainer |   ↳ new best AUROC; saved checkpoint: /home/oem/choihyunsu/VOGBasedMCIDetection/outputs/checkpoints/run_20260802_112625_full_wvote_artifact30_w0-5-10-10-0-15-30-30_4err/fold_04_best.pth
2026-08-02 13:12:38,491 | [FULL    ] | INFO | full_experiments_using.model_trainers.mobile_vit_trainer | Ep [015/500] T-Acc:  56.0%  V-Acc:  54.7%  V-AUROC: 0.5822  LR: 1.00e-03
2026-08-02 13:12:59,273 | [FULL    ] | INFO | full_experiments_using.model_trainers.mobile_vit_trainer | Ep [016/500] T-Acc:  56.1%  V-Acc:  55.4%  V-AUROC: 0.6035  LR: 1.00e-03
2026-08-02 13:13:20,153 | [FULL    ] | INFO | full_experiments_using.model_trainers.mobile_vit_trainer | Ep [017/500] T-Acc:  56.7%  V-Acc:  57.0%  V-AUROC: 0.6072  LR: 1.00e-03
2026-08-02 13:13:20,294 | [FULL    ] | INFO | full_experiments_using.model_trainers.mobile_vit_trainer |   ↳ new best AUROC; saved checkpoint: /home/oem/choihyunsu/VOGBasedMCIDetection/outputs/checkpoints/run_20260802_112625_full_wvote_artifact30_w0-5-10-10-0-15-30-30_4err/fold_04_best.pth
2026-08-02 13:13:41,219 | [FULL    ] | INFO | full_experiments_using.model_trainers.mobile_vit_trainer | Ep [018/500] T-Acc:  56.8%  V-Acc:  59.3%  V-AUROC: 0.6153  LR: 1.00e-03
2026-08-02 13:13:41,338 | [FULL    ] | INFO | full_experiments_using.model_trainers.mobile_vit_trainer |   ↳ new best AUROC; saved checkpoint: /home/oem/choihyunsu/VOGBasedMCIDetection/outputs/checkpoints/run_20260802_112625_full_wvote_artifact30_w0-5-10-10-0-15-30-30_4err/fold_04_best.pth
2026-08-02 13:14:02,287 | [FULL    ] | INFO | full_experiments_using.model_trainers.mobile_vit_trainer | Ep [019/500] T-Acc:  58.0%  V-Acc:  56.6%  V-AUROC: 0.6098  LR: 1.00e-03
2026-08-02 13:14:23,393 | [FULL    ] | INFO | full_experiments_using.model_trainers.mobile_vit_trainer | Ep [020/500] T-Acc:  57.4%  V-Acc:  59.0%  V-AUROC: 0.6182  LR: 1.00e-03
2026-08-02 13:14:23,510 | [FULL    ] | INFO | full_experiments_using.model_trainers.mobile_vit_trainer |   ↳ new best AUROC; saved checkpoint: /home/oem/choihyunsu/VOGBasedMCIDetection/outputs/checkpoints/run_20260802_112625_full_wvote_artifact30_w0-5-10-10-0-15-30-30_4err/fold_04_best.pth
2026-08-02 13:14:44,580 | [FULL    ] | INFO | full_experiments_using.model_trainers.mobile_vit_trainer | Ep [021/500] T-Acc:  56.6%  V-Acc:  57.2%  V-AUROC: 0.6097  LR: 1.00e-03
2026-08-02 13:15:05,544 | [FULL    ] | INFO | full_experiments_using.model_trainers.mobile_vit_trainer | Ep [022/500] T-Acc:  58.6%  V-Acc:  58.6%  V-AUROC: 0.6095  LR: 1.00e-03
2026-08-02 13:15:26,543 | [FULL    ] | INFO | full_experiments_using.model_trainers.mobile_vit_trainer | Ep [023/500] T-Acc:  59.1%  V-Acc:  57.8%  V-AUROC: 0.6102  LR: 1.00e-03
2026-08-02 13:15:47,479 | [FULL    ] | INFO | full_experiments_using.model_trainers.mobile_vit_trainer | Ep [024/500] T-Acc:  57.2%  V-Acc:  56.3%  V-AUROC: 0.5859  LR: 1.00e-03
2026-08-02 13:16:08,540 | [FULL    ] | INFO | full_experiments_using.model_trainers.mobile_vit_trainer | Ep [025/500] T-Acc:  58.3%  V-Acc:  57.1%  V-AUROC: 0.6002  LR: 1.00e-03
2026-08-02 13:16:29,366 | [FULL    ] | INFO | full_experiments_using.model_trainers.mobile_vit_trainer | Ep [026/500] T-Acc:  57.8%  V-Acc:  56.0%  V-AUROC: 0.5853  LR: 1.00e-03
2026-08-02 13:16:50,313 | [FULL    ] | INFO | full_experiments_using.model_trainers.mobile_vit_trainer | Ep [027/500] T-Acc:  57.9%  V-Acc:  56.3%  V-AUROC: 0.5922  LR: 1.00e-03
2026-08-02 13:17:11,185 | [FULL    ] | INFO | full_experiments_using.model_trainers.mobile_vit_trainer | Ep [028/500] T-Acc:  59.1%  V-Acc:  56.6%  V-AUROC: 0.6041  LR: 1.00e-03
2026-08-02 13:17:31,798 | [FULL    ] | INFO | full_experiments_using.model_trainers.mobile_vit_trainer | Ep [029/500] T-Acc:  58.1%  V-Acc:  59.0%  V-AUROC: 0.6142  LR: 1.00e-03
2026-08-02 13:17:52,545 | [FULL    ] | INFO | full_experiments_using.model_trainers.mobile_vit_trainer | Ep [030/500] T-Acc:  58.9%  V-Acc:  56.3%  V-AUROC: 0.6012  LR: 1.00e-03
2026-08-02 13:18:13,549 | [FULL    ] | INFO | full_experiments_using.model_trainers.mobile_vit_trainer | Ep [031/500] T-Acc:  58.6%  V-Acc:  56.5%  V-AUROC: 0.6019  LR: 1.00e-03
2026-08-02 13:18:34,563 | [FULL    ] | INFO | full_experiments_using.model_trainers.mobile_vit_trainer | Ep [032/500] T-Acc:  58.8%  V-Acc:  58.2%  V-AUROC: 0.6079  LR: 2.00e-04
2026-08-02 13:18:53,563 | [FULL    ] | INFO | full_experiments_using.model_trainers.mobile_vit_trainer | Ep [033/500] T-Acc:  59.1%  V-Acc:  58.2%  V-AUROC: 0.6080  LR: 2.00e-04
2026-08-02 13:19:14,258 | [FULL    ] | INFO | full_experiments_using.model_trainers.mobile_vit_trainer | Ep [034/500] T-Acc:  59.9%  V-Acc:  57.5%  V-AUROC: 0.6095  LR: 2.00e-04
2026-08-02 13:19:33,594 | [FULL    ] | INFO | full_experiments_using.model_trainers.mobile_vit_trainer | Ep [035/500] T-Acc:  58.4%  V-Acc:  58.1%  V-AUROC: 0.6091  LR: 2.00e-04
2026-08-02 13:19:54,497 | [FULL    ] | INFO | full_experiments_using.model_trainers.mobile_vit_trainer | Ep [036/500] T-Acc:  59.6%  V-Acc:  58.1%  V-AUROC: 0.6071  LR: 2.00e-04
2026-08-02 13:20:15,303 | [FULL    ] | INFO | full_experiments_using.model_trainers.mobile_vit_trainer | Ep [037/500] T-Acc:  59.0%  V-Acc:  58.2%  V-AUROC: 0.6160  LR: 2.00e-04
2026-08-02 13:20:36,165 | [FULL    ] | INFO | full_experiments_using.model_trainers.mobile_vit_trainer | Ep [038/500] T-Acc:  59.6%  V-Acc:  58.9%  V-AUROC: 0.6109  LR: 2.00e-04
2026-08-02 13:20:57,099 | [FULL    ] | INFO | full_experiments_using.model_trainers.mobile_vit_trainer | Ep [039/500] T-Acc:  59.0%  V-Acc:  57.9%  V-AUROC: 0.6143  LR: 2.00e-04
2026-08-02 13:21:18,006 | [FULL    ] | INFO | full_experiments_using.model_trainers.mobile_vit_trainer | Ep [040/500] T-Acc:  58.8%  V-Acc:  58.7%  V-AUROC: 0.6167  LR: 2.00e-04
2026-08-02 13:21:38,942 | [FULL    ] | INFO | full_experiments_using.model_trainers.mobile_vit_trainer | Ep [041/500] T-Acc:  58.3%  V-Acc:  57.9%  V-AUROC: 0.6128  LR: 2.00e-04
2026-08-02 13:21:59,943 | [FULL    ] | INFO | full_experiments_using.model_trainers.mobile_vit_trainer | Ep [042/500] T-Acc:  59.0%  V-Acc:  58.1%  V-AUROC: 0.6127  LR: 2.00e-04
2026-08-02 13:22:20,840 | [FULL    ] | INFO | full_experiments_using.model_trainers.mobile_vit_trainer | Ep [043/500] T-Acc:  59.1%  V-Acc:  58.3%  V-AUROC: 0.6139  LR: 4.00e-05
2026-08-02 13:22:41,794 | [FULL    ] | INFO | full_experiments_using.model_trainers.mobile_vit_trainer | Ep [044/500] T-Acc:  59.5%  V-Acc:  58.4%  V-AUROC: 0.6120  LR: 4.00e-05
2026-08-02 13:23:02,784 | [FULL    ] | INFO | full_experiments_using.model_trainers.mobile_vit_trainer | Ep [045/500] T-Acc:  59.8%  V-Acc:  57.5%  V-AUROC: 0.6112  LR: 4.00e-05
2026-08-02 13:23:23,785 | [FULL    ] | INFO | full_experiments_using.model_trainers.mobile_vit_trainer | Ep [046/500] T-Acc:  59.4%  V-Acc:  58.3%  V-AUROC: 0.6122  LR: 4.00e-05
2026-08-02 13:23:44,776 | [FULL    ] | INFO | full_experiments_using.model_trainers.mobile_vit_trainer | Ep [047/500] T-Acc:  58.8%  V-Acc:  58.1%  V-AUROC: 0.6121  LR: 4.00e-05
2026-08-02 13:24:05,588 | [FULL    ] | INFO | full_experiments_using.model_trainers.mobile_vit_trainer | Ep [048/500] T-Acc:  59.2%  V-Acc:  58.3%  V-AUROC: 0.6119  LR: 4.00e-05
2026-08-02 13:24:26,628 | [FULL    ] | INFO | full_experiments_using.model_trainers.mobile_vit_trainer | Ep [049/500] T-Acc:  60.6%  V-Acc:  58.0%  V-AUROC: 0.6104  LR: 4.00e-05
2026-08-02 13:24:47,578 | [FULL    ] | INFO | full_experiments_using.model_trainers.mobile_vit_trainer | Ep [050/500] T-Acc:  60.1%  V-Acc:  58.0%  V-AUROC: 0.6122  LR: 4.00e-05
2026-08-02 13:24:47,578 | [FULL    ] | INFO | full_experiments_using.model_trainers.mobile_vit_trainer | Early stop — best AUROC 0.6182 at epoch 20 (no improvement for 30 epochs)
2026-08-02 13:24:47,578 | [FULL    ] | INFO | full_experiments_using.model_trainers.mobile_vit_trainer | Done. Best AUROC: 0.6182 (epoch 20) → /home/oem/choihyunsu/VOGBasedMCIDetection/outputs/checkpoints/run_20260802_112625_full_wvote_artifact30_w0-5-10-10-0-15-30-30_4err/fold_04_best.pth
2026-08-02 13:24:54,954 | [FULL    ] | INFO | full_experiments_using.evaluators.monte_carlo_evaluator | -> Fold 05 Result | Acc=0.727 Sens=1.000 Spec=0.400 AUROC=0.933
2026-08-02 13:24:54,960 | [FULL    ] | INFO | full_experiments_using.evaluators.monte_carlo_evaluator | === Fold 06/30 | train: 25 subj (HC=10 MCI=15) / 3940 win | test: 12 subj (HC=4 MCI=8) / 1775 win ===
2026-08-02 13:24:55,193 | [FULL    ] | INFO | httpx | HTTP Request: HEAD https://huggingface.co/apple/mobilevit-small/resolve/main/config.json "HTTP/1.1 307 Temporary Redirect"
2026-08-02 13:24:55,205 | [FULL    ] | INFO | httpx | HTTP Request: HEAD https://huggingface.co/api/resolve-cache/models/apple/mobilevit-small/6c8612545dc98676d27bc518fa521d9e9af23e34/config.json "HTTP/1.1 200 OK"
2026-08-02 13:24:55,539 | [FULL    ] | INFO | httpx | HTTP Request: HEAD https://huggingface.co/apple/mobilevit-small/resolve/main/model.safetensors "HTTP/1.1 404 Not Found"
2026-08-02 13:24:55,755 | [FULL    ] | INFO | httpx | HTTP Request: HEAD https://huggingface.co/apple/mobilevit-small/resolve/main/model.safetensors.index.json "HTTP/1.1 404 Not Found"
2026-08-02 13:24:55,964 | [FULL    ] | INFO | httpx | HTTP Request: HEAD https://huggingface.co/apple/mobilevit-small/resolve/main/pytorch_model.bin "HTTP/1.1 302 Found"
2026-08-02 13:24:56,173 | [FULL    ] | INFO | httpx | HTTP Request: HEAD https://huggingface.co/apple/mobilevit-small/resolve/main/model.safetensors "HTTP/1.1 404 Not Found"
2026-08-02 13:24:56,378 | [FULL    ] | INFO | httpx | HTTP Request: GET https://huggingface.co/api/models/apple/mobilevit-small "HTTP/1.1 200 OK"
2026-08-02 13:24:56,667 | [FULL    ] | INFO | httpx | HTTP Request: GET https://huggingface.co/api/models/apple/mobilevit-small/commits/main "HTTP/1.1 200 OK"
2026-08-02 13:24:56,895 | [FULL    ] | INFO | httpx | HTTP Request: GET https://huggingface.co/api/models/apple/mobilevit-small/discussions?p=0 "HTTP/1.1 200 OK"
2026-08-02 13:24:57,104 | [FULL    ] | INFO | httpx | HTTP Request: GET https://huggingface.co/api/models/apple/mobilevit-small/commits/refs%2Fpr%2F6 "HTTP/1.1 200 OK"
2026-08-02 13:24:57,315 | [FULL    ] | INFO | httpx | HTTP Request: HEAD https://huggingface.co/apple/mobilevit-small/resolve/refs%2Fpr%2F6/model.safetensors.index.json "HTTP/1.1 404 Not Found"
2026-08-02 13:24:57,532 | [FULL    ] | INFO | httpx | HTTP Request: HEAD https://huggingface.co/apple/mobilevit-small/resolve/refs%2Fpr%2F6/model.safetensors "HTTP/1.1 302 Found"
2026-08-02 13:24:57,733 | [FULL    ] | INFO | full_experiments_using.model_trainers.mobile_vit_trainer | Device: cuda | max_epochs=500 | batch=32 | eval_batch=256 | es_patience=30
2026-08-02 13:24:57,741 | [FULL    ] | INFO | full_experiments_using.model_trainers.mobile_vit_trainer | CE weights — HC: 1.072  MCI: 0.937
2026-08-02 13:25:33,451 | [FULL    ] | INFO | full_experiments_using.model_trainers.mobile_vit_trainer | Ep [001/500] T-Acc:  48.4%  V-Acc:  50.0%  V-AUROC: 0.4807  LR: 2.00e-04
2026-08-02 13:25:33,511 | [FULL    ] | INFO | full_experiments_using.model_trainers.mobile_vit_trainer |   ↳ new best AUROC; saved checkpoint: /home/oem/choihyunsu/VOGBasedMCIDetection/outputs/checkpoints/run_20260802_112625_full_wvote_artifact30_w0-5-10-10-0-15-30-30_4err/fold_05_best.pth
2026-08-02 13:25:54,949 | [FULL    ] | INFO | full_experiments_using.model_trainers.mobile_vit_trainer | Ep [002/500] T-Acc:  49.5%  V-Acc:  50.5%  V-AUROC: 0.4841  LR: 4.00e-04
2026-08-02 13:25:55,069 | [FULL    ] | INFO | full_experiments_using.model_trainers.mobile_vit_trainer |   ↳ new best AUROC; saved checkpoint: /home/oem/choihyunsu/VOGBasedMCIDetection/outputs/checkpoints/run_20260802_112625_full_wvote_artifact30_w0-5-10-10-0-15-30-30_4err/fold_05_best.pth
2026-08-02 13:26:16,719 | [FULL    ] | INFO | full_experiments_using.model_trainers.mobile_vit_trainer | Ep [003/500] T-Acc:  50.2%  V-Acc:  51.7%  V-AUROC: 0.4946  LR: 6.00e-04
2026-08-02 13:26:16,836 | [FULL    ] | INFO | full_experiments_using.model_trainers.mobile_vit_trainer |   ↳ new best AUROC; saved checkpoint: /home/oem/choihyunsu/VOGBasedMCIDetection/outputs/checkpoints/run_20260802_112625_full_wvote_artifact30_w0-5-10-10-0-15-30-30_4err/fold_05_best.pth
2026-08-02 13:26:38,494 | [FULL    ] | INFO | full_experiments_using.model_trainers.mobile_vit_trainer | Ep [004/500] T-Acc:  52.0%  V-Acc:  49.7%  V-AUROC: 0.4834  LR: 8.00e-04
2026-08-02 13:27:00,419 | [FULL    ] | INFO | full_experiments_using.model_trainers.mobile_vit_trainer | Ep [005/500] T-Acc:  52.9%  V-Acc:  54.8%  V-AUROC: 0.5417  LR: 1.00e-03
2026-08-02 13:27:00,540 | [FULL    ] | INFO | full_experiments_using.model_trainers.mobile_vit_trainer |   ↳ new best AUROC; saved checkpoint: /home/oem/choihyunsu/VOGBasedMCIDetection/outputs/checkpoints/run_20260802_112625_full_wvote_artifact30_w0-5-10-10-0-15-30-30_4err/fold_05_best.pth
2026-08-02 13:27:21,839 | [FULL    ] | INFO | full_experiments_using.model_trainers.mobile_vit_trainer | Ep [006/500] T-Acc:  52.6%  V-Acc:  57.1%  V-AUROC: 0.5597  LR: 1.00e-03
2026-08-02 13:27:22,003 | [FULL    ] | INFO | full_experiments_using.model_trainers.mobile_vit_trainer |   ↳ new best AUROC; saved checkpoint: /home/oem/choihyunsu/VOGBasedMCIDetection/outputs/checkpoints/run_20260802_112625_full_wvote_artifact30_w0-5-10-10-0-15-30-30_4err/fold_05_best.pth
2026-08-02 13:27:43,499 | [FULL    ] | INFO | full_experiments_using.model_trainers.mobile_vit_trainer | Ep [007/500] T-Acc:  55.4%  V-Acc:  56.3%  V-AUROC: 0.5539  LR: 1.00e-03
2026-08-02 13:28:05,136 | [FULL    ] | INFO | full_experiments_using.model_trainers.mobile_vit_trainer | Ep [008/500] T-Acc:  55.0%  V-Acc:  54.5%  V-AUROC: 0.5655  LR: 1.00e-03
2026-08-02 13:28:05,248 | [FULL    ] | INFO | full_experiments_using.model_trainers.mobile_vit_trainer |   ↳ new best AUROC; saved checkpoint: /home/oem/choihyunsu/VOGBasedMCIDetection/outputs/checkpoints/run_20260802_112625_full_wvote_artifact30_w0-5-10-10-0-15-30-30_4err/fold_05_best.pth
2026-08-02 13:28:26,809 | [FULL    ] | INFO | full_experiments_using.model_trainers.mobile_vit_trainer | Ep [009/500] T-Acc:  54.6%  V-Acc:  57.7%  V-AUROC: 0.5840  LR: 1.00e-03
2026-08-02 13:28:26,926 | [FULL    ] | INFO | full_experiments_using.model_trainers.mobile_vit_trainer |   ↳ new best AUROC; saved checkpoint: /home/oem/choihyunsu/VOGBasedMCIDetection/outputs/checkpoints/run_20260802_112625_full_wvote_artifact30_w0-5-10-10-0-15-30-30_4err/fold_05_best.pth
2026-08-02 13:28:48,454 | [FULL    ] | INFO | full_experiments_using.model_trainers.mobile_vit_trainer | Ep [010/500] T-Acc:  55.5%  V-Acc:  60.2%  V-AUROC: 0.5967  LR: 1.00e-03
2026-08-02 13:28:48,574 | [FULL    ] | INFO | full_experiments_using.model_trainers.mobile_vit_trainer |   ↳ new best AUROC; saved checkpoint: /home/oem/choihyunsu/VOGBasedMCIDetection/outputs/checkpoints/run_20260802_112625_full_wvote_artifact30_w0-5-10-10-0-15-30-30_4err/fold_05_best.pth
2026-08-02 13:29:10,020 | [FULL    ] | INFO | full_experiments_using.model_trainers.mobile_vit_trainer | Ep [011/500] T-Acc:  56.2%  V-Acc:  58.9%  V-AUROC: 0.5841  LR: 1.00e-03
2026-08-02 13:29:31,694 | [FULL    ] | INFO | full_experiments_using.model_trainers.mobile_vit_trainer | Ep [012/500] T-Acc:  57.5%  V-Acc:  60.0%  V-AUROC: 0.5972  LR: 1.00e-03
2026-08-02 13:29:31,813 | [FULL    ] | INFO | full_experiments_using.model_trainers.mobile_vit_trainer |   ↳ new best AUROC; saved checkpoint: /home/oem/choihyunsu/VOGBasedMCIDetection/outputs/checkpoints/run_20260802_112625_full_wvote_artifact30_w0-5-10-10-0-15-30-30_4err/fold_05_best.pth
2026-08-02 13:29:53,381 | [FULL    ] | INFO | full_experiments_using.model_trainers.mobile_vit_trainer | Ep [013/500] T-Acc:  56.2%  V-Acc:  58.4%  V-AUROC: 0.5914  LR: 1.00e-03
2026-08-02 13:30:14,850 | [FULL    ] | INFO | full_experiments_using.model_trainers.mobile_vit_trainer | Ep [014/500] T-Acc:  57.7%  V-Acc:  58.5%  V-AUROC: 0.5907  LR: 1.00e-03
2026-08-02 13:30:36,443 | [FULL    ] | INFO | full_experiments_using.model_trainers.mobile_vit_trainer | Ep [015/500] T-Acc:  57.6%  V-Acc:  56.9%  V-AUROC: 0.5918  LR: 1.00e-03
2026-08-02 13:30:56,164 | [FULL    ] | INFO | full_experiments_using.model_trainers.mobile_vit_trainer | Ep [016/500] T-Acc:  58.2%  V-Acc:  57.3%  V-AUROC: 0.5938  LR: 1.00e-03
2026-08-02 13:31:16,652 | [FULL    ] | INFO | full_experiments_using.model_trainers.mobile_vit_trainer | Ep [017/500] T-Acc:  60.4%  V-Acc:  58.6%  V-AUROC: 0.5783  LR: 1.00e-03
2026-08-02 13:31:37,193 | [FULL    ] | INFO | full_experiments_using.model_trainers.mobile_vit_trainer | Ep [018/500] T-Acc:  59.0%  V-Acc:  59.1%  V-AUROC: 0.5831  LR: 1.00e-03
2026-08-02 13:31:58,698 | [FULL    ] | INFO | full_experiments_using.model_trainers.mobile_vit_trainer | Ep [019/500] T-Acc:  57.2%  V-Acc:  57.3%  V-AUROC: 0.5889  LR: 1.00e-03
2026-08-02 13:32:20,156 | [FULL    ] | INFO | full_experiments_using.model_trainers.mobile_vit_trainer | Ep [020/500] T-Acc:  59.5%  V-Acc:  58.3%  V-AUROC: 0.5950  LR: 1.00e-03
2026-08-02 13:32:41,613 | [FULL    ] | INFO | full_experiments_using.model_trainers.mobile_vit_trainer | Ep [021/500] T-Acc:  58.5%  V-Acc:  58.7%  V-AUROC: 0.5650  LR: 1.00e-03
2026-08-02 13:33:02,981 | [FULL    ] | INFO | full_experiments_using.model_trainers.mobile_vit_trainer | Ep [022/500] T-Acc:  58.4%  V-Acc:  56.9%  V-AUROC: 0.5970  LR: 1.00e-03
2026-08-02 13:33:24,407 | [FULL    ] | INFO | full_experiments_using.model_trainers.mobile_vit_trainer | Ep [023/500] T-Acc:  59.2%  V-Acc:  57.1%  V-AUROC: 0.5920  LR: 1.00e-03
2026-08-02 13:33:45,842 | [FULL    ] | INFO | full_experiments_using.model_trainers.mobile_vit_trainer | Ep [024/500] T-Acc:  60.3%  V-Acc:  57.7%  V-AUROC: 0.5912  LR: 2.00e-04
2026-08-02 13:34:07,413 | [FULL    ] | INFO | full_experiments_using.model_trainers.mobile_vit_trainer | Ep [025/500] T-Acc:  60.3%  V-Acc:  57.7%  V-AUROC: 0.5934  LR: 2.00e-04
2026-08-02 13:34:28,911 | [FULL    ] | INFO | full_experiments_using.model_trainers.mobile_vit_trainer | Ep [026/500] T-Acc:  61.0%  V-Acc:  59.0%  V-AUROC: 0.5939  LR: 2.00e-04
2026-08-02 13:34:50,335 | [FULL    ] | INFO | full_experiments_using.model_trainers.mobile_vit_trainer | Ep [027/500] T-Acc:  60.0%  V-Acc:  58.8%  V-AUROC: 0.5902  LR: 2.00e-04
2026-08-02 13:35:11,756 | [FULL    ] | INFO | full_experiments_using.model_trainers.mobile_vit_trainer | Ep [028/500] T-Acc:  61.3%  V-Acc:  59.2%  V-AUROC: 0.5878  LR: 2.00e-04
2026-08-02 13:35:33,319 | [FULL    ] | INFO | full_experiments_using.model_trainers.mobile_vit_trainer | Ep [029/500] T-Acc:  59.5%  V-Acc:  57.1%  V-AUROC: 0.5853  LR: 2.00e-04
2026-08-02 13:35:54,776 | [FULL    ] | INFO | full_experiments_using.model_trainers.mobile_vit_trainer | Ep [030/500] T-Acc:  60.2%  V-Acc:  58.5%  V-AUROC: 0.5876  LR: 2.00e-04
2026-08-02 13:36:16,064 | [FULL    ] | INFO | full_experiments_using.model_trainers.mobile_vit_trainer | Ep [031/500] T-Acc:  59.9%  V-Acc:  58.8%  V-AUROC: 0.5908  LR: 2.00e-04
2026-08-02 13:36:35,376 | [FULL    ] | INFO | full_experiments_using.model_trainers.mobile_vit_trainer | Ep [032/500] T-Acc:  60.0%  V-Acc:  57.4%  V-AUROC: 0.5899  LR: 2.00e-04
2026-08-02 13:36:55,611 | [FULL    ] | INFO | full_experiments_using.model_trainers.mobile_vit_trainer | Ep [033/500] T-Acc:  60.3%  V-Acc:  56.6%  V-AUROC: 0.5901  LR: 2.00e-04
2026-08-02 13:37:16,421 | [FULL    ] | INFO | full_experiments_using.model_trainers.mobile_vit_trainer | Ep [034/500] T-Acc:  60.4%  V-Acc:  56.5%  V-AUROC: 0.5924  LR: 2.00e-04
2026-08-02 13:37:37,812 | [FULL    ] | INFO | full_experiments_using.model_trainers.mobile_vit_trainer | Ep [035/500] T-Acc:  59.7%  V-Acc:  57.9%  V-AUROC: 0.5916  LR: 4.00e-05
2026-08-02 13:37:59,292 | [FULL    ] | INFO | full_experiments_using.model_trainers.mobile_vit_trainer | Ep [036/500] T-Acc:  61.9%  V-Acc:  58.0%  V-AUROC: 0.5904  LR: 4.00e-05
2026-08-02 13:38:20,806 | [FULL    ] | INFO | full_experiments_using.model_trainers.mobile_vit_trainer | Ep [037/500] T-Acc:  61.3%  V-Acc:  58.4%  V-AUROC: 0.5917  LR: 4.00e-05
2026-08-02 13:38:42,428 | [FULL    ] | INFO | full_experiments_using.model_trainers.mobile_vit_trainer | Ep [038/500] T-Acc:  60.2%  V-Acc:  57.4%  V-AUROC: 0.5900  LR: 4.00e-05
2026-08-02 13:39:03,916 | [FULL    ] | INFO | full_experiments_using.model_trainers.mobile_vit_trainer | Ep [039/500] T-Acc:  61.1%  V-Acc:  57.1%  V-AUROC: 0.5901  LR: 4.00e-05
2026-08-02 13:39:25,442 | [FULL    ] | INFO | full_experiments_using.model_trainers.mobile_vit_trainer | Ep [040/500] T-Acc:  61.4%  V-Acc:  57.3%  V-AUROC: 0.5883  LR: 4.00e-05
2026-08-02 13:39:46,891 | [FULL    ] | INFO | full_experiments_using.model_trainers.mobile_vit_trainer | Ep [041/500] T-Acc:  60.2%  V-Acc:  57.2%  V-AUROC: 0.5900  LR: 4.00e-05
2026-08-02 13:40:08,421 | [FULL    ] | INFO | full_experiments_using.model_trainers.mobile_vit_trainer | Ep [042/500] T-Acc:  61.8%  V-Acc:  57.6%  V-AUROC: 0.5909  LR: 4.00e-05
2026-08-02 13:40:08,421 | [FULL    ] | INFO | full_experiments_using.model_trainers.mobile_vit_trainer | Early stop — best AUROC 0.5972 at epoch 12 (no improvement for 30 epochs)
2026-08-02 13:40:08,421 | [FULL    ] | INFO | full_experiments_using.model_trainers.mobile_vit_trainer | Done. Best AUROC: 0.5972 (epoch 12) → /home/oem/choihyunsu/VOGBasedMCIDetection/outputs/checkpoints/run_20260802_112625_full_wvote_artifact30_w0-5-10-10-0-15-30-30_4err/fold_05_best.pth
2026-08-02 13:40:16,303 | [FULL    ] | INFO | full_experiments_using.evaluators.monte_carlo_evaluator | -> Fold 06 Result | Acc=0.900 Sens=1.000 Spec=0.667 AUROC=0.952
2026-08-02 13:40:16,310 | [FULL    ] | INFO | full_experiments_using.evaluators.monte_carlo_evaluator | === Fold 07/30 | train: 25 subj (HC=8 MCI=17) / 3947 win | test: 12 subj (HC=6 MCI=6) / 1768 win ===
2026-08-02 13:40:16,556 | [FULL    ] | INFO | httpx | HTTP Request: HEAD https://huggingface.co/apple/mobilevit-small/resolve/main/config.json "HTTP/1.1 307 Temporary Redirect"
2026-08-02 13:40:16,573 | [FULL    ] | INFO | httpx | HTTP Request: HEAD https://huggingface.co/api/resolve-cache/models/apple/mobilevit-small/6c8612545dc98676d27bc518fa521d9e9af23e34/config.json "HTTP/1.1 200 OK"
2026-08-02 13:40:16,847 | [FULL    ] | INFO | httpx | HTTP Request: HEAD https://huggingface.co/apple/mobilevit-small/resolve/main/model.safetensors "HTTP/1.1 404 Not Found"
2026-08-02 13:40:17,060 | [FULL    ] | INFO | httpx | HTTP Request: HEAD https://huggingface.co/apple/mobilevit-small/resolve/main/model.safetensors.index.json "HTTP/1.1 404 Not Found"
2026-08-02 13:40:17,279 | [FULL    ] | INFO | httpx | HTTP Request: HEAD https://huggingface.co/apple/mobilevit-small/resolve/main/pytorch_model.bin "HTTP/1.1 302 Found"
2026-08-02 13:40:17,493 | [FULL    ] | INFO | httpx | HTTP Request: HEAD https://huggingface.co/apple/mobilevit-small/resolve/main/model.safetensors "HTTP/1.1 404 Not Found"
2026-08-02 13:40:17,704 | [FULL    ] | INFO | httpx | HTTP Request: GET https://huggingface.co/api/models/apple/mobilevit-small "HTTP/1.1 200 OK"
2026-08-02 13:40:18,001 | [FULL    ] | INFO | httpx | HTTP Request: GET https://huggingface.co/api/models/apple/mobilevit-small/commits/main "HTTP/1.1 200 OK"
2026-08-02 13:40:18,231 | [FULL    ] | INFO | httpx | HTTP Request: GET https://huggingface.co/api/models/apple/mobilevit-small/discussions?p=0 "HTTP/1.1 200 OK"
2026-08-02 13:40:18,452 | [FULL    ] | INFO | httpx | HTTP Request: GET https://huggingface.co/api/models/apple/mobilevit-small/commits/refs%2Fpr%2F6 "HTTP/1.1 200 OK"
2026-08-02 13:40:18,644 | [FULL    ] | INFO | full_experiments_using.model_trainers.mobile_vit_trainer | Device: cuda | max_epochs=500 | batch=32 | eval_batch=256 | es_patience=30
2026-08-02 13:40:18,658 | [FULL    ] | INFO | full_experiments_using.model_trainers.mobile_vit_trainer | CE weights — HC: 1.327  MCI: 0.802
2026-08-02 13:40:18,665 | [FULL    ] | INFO | httpx | HTTP Request: HEAD https://huggingface.co/apple/mobilevit-small/resolve/refs%2Fpr%2F6/model.safetensors.index.json "HTTP/1.1 404 Not Found"
2026-08-02 13:40:18,877 | [FULL    ] | INFO | httpx | HTTP Request: HEAD https://huggingface.co/apple/mobilevit-small/resolve/refs%2Fpr%2F6/model.safetensors "HTTP/1.1 302 Found"
2026-08-02 13:40:54,036 | [FULL    ] | INFO | full_experiments_using.model_trainers.mobile_vit_trainer | Ep [001/500] T-Acc:  48.8%  V-Acc:  49.7%  V-AUROC: 0.4921  LR: 2.00e-04
2026-08-02 13:40:54,095 | [FULL    ] | INFO | full_experiments_using.model_trainers.mobile_vit_trainer |   ↳ new best AUROC; saved checkpoint: /home/oem/choihyunsu/VOGBasedMCIDetection/outputs/checkpoints/run_20260802_112625_full_wvote_artifact30_w0-5-10-10-0-15-30-30_4err/fold_06_best.pth
2026-08-02 13:41:15,603 | [FULL    ] | INFO | full_experiments_using.model_trainers.mobile_vit_trainer | Ep [002/500] T-Acc:  50.5%  V-Acc:  50.1%  V-AUROC: 0.4878  LR: 4.00e-04
2026-08-02 13:41:37,127 | [FULL    ] | INFO | full_experiments_using.model_trainers.mobile_vit_trainer | Ep [003/500] T-Acc:  49.7%  V-Acc:  49.2%  V-AUROC: 0.4770  LR: 6.00e-04
2026-08-02 13:41:58,628 | [FULL    ] | INFO | full_experiments_using.model_trainers.mobile_vit_trainer | Ep [004/500] T-Acc:  51.0%  V-Acc:  49.7%  V-AUROC: 0.4885  LR: 8.00e-04
2026-08-02 13:42:20,299 | [FULL    ] | INFO | full_experiments_using.model_trainers.mobile_vit_trainer | Ep [005/500] T-Acc:  53.0%  V-Acc:  48.8%  V-AUROC: 0.4813  LR: 1.00e-03
2026-08-02 13:42:41,823 | [FULL    ] | INFO | full_experiments_using.model_trainers.mobile_vit_trainer | Ep [006/500] T-Acc:  52.2%  V-Acc:  50.3%  V-AUROC: 0.5039  LR: 1.00e-03
2026-08-02 13:42:41,940 | [FULL    ] | INFO | full_experiments_using.model_trainers.mobile_vit_trainer |   ↳ new best AUROC; saved checkpoint: /home/oem/choihyunsu/VOGBasedMCIDetection/outputs/checkpoints/run_20260802_112625_full_wvote_artifact30_w0-5-10-10-0-15-30-30_4err/fold_06_best.pth
2026-08-02 13:43:03,453 | [FULL    ] | INFO | full_experiments_using.model_trainers.mobile_vit_trainer | Ep [007/500] T-Acc:  54.1%  V-Acc:  50.2%  V-AUROC: 0.5035  LR: 1.00e-03
2026-08-02 13:43:25,063 | [FULL    ] | INFO | full_experiments_using.model_trainers.mobile_vit_trainer | Ep [008/500] T-Acc:  54.4%  V-Acc:  51.4%  V-AUROC: 0.5155  LR: 1.00e-03
2026-08-02 13:43:25,177 | [FULL    ] | INFO | full_experiments_using.model_trainers.mobile_vit_trainer |   ↳ new best AUROC; saved checkpoint: /home/oem/choihyunsu/VOGBasedMCIDetection/outputs/checkpoints/run_20260802_112625_full_wvote_artifact30_w0-5-10-10-0-15-30-30_4err/fold_06_best.pth
2026-08-02 13:43:46,509 | [FULL    ] | INFO | full_experiments_using.model_trainers.mobile_vit_trainer | Ep [009/500] T-Acc:  57.2%  V-Acc:  51.3%  V-AUROC: 0.5165  LR: 1.00e-03
2026-08-02 13:43:46,625 | [FULL    ] | INFO | full_experiments_using.model_trainers.mobile_vit_trainer |   ↳ new best AUROC; saved checkpoint: /home/oem/choihyunsu/VOGBasedMCIDetection/outputs/checkpoints/run_20260802_112625_full_wvote_artifact30_w0-5-10-10-0-15-30-30_4err/fold_06_best.pth
2026-08-02 13:44:08,048 | [FULL    ] | INFO | full_experiments_using.model_trainers.mobile_vit_trainer | Ep [010/500] T-Acc:  56.7%  V-Acc:  50.7%  V-AUROC: 0.5199  LR: 1.00e-03
2026-08-02 13:44:08,166 | [FULL    ] | INFO | full_experiments_using.model_trainers.mobile_vit_trainer |   ↳ new best AUROC; saved checkpoint: /home/oem/choihyunsu/VOGBasedMCIDetection/outputs/checkpoints/run_20260802_112625_full_wvote_artifact30_w0-5-10-10-0-15-30-30_4err/fold_06_best.pth
2026-08-02 13:44:29,768 | [FULL    ] | INFO | full_experiments_using.model_trainers.mobile_vit_trainer | Ep [011/500] T-Acc:  56.0%  V-Acc:  51.3%  V-AUROC: 0.5264  LR: 1.00e-03
2026-08-02 13:44:29,885 | [FULL    ] | INFO | full_experiments_using.model_trainers.mobile_vit_trainer |   ↳ new best AUROC; saved checkpoint: /home/oem/choihyunsu/VOGBasedMCIDetection/outputs/checkpoints/run_20260802_112625_full_wvote_artifact30_w0-5-10-10-0-15-30-30_4err/fold_06_best.pth
2026-08-02 13:44:51,355 | [FULL    ] | INFO | full_experiments_using.model_trainers.mobile_vit_trainer | Ep [012/500] T-Acc:  57.5%  V-Acc:  51.4%  V-AUROC: 0.5314  LR: 1.00e-03
2026-08-02 13:44:51,475 | [FULL    ] | INFO | full_experiments_using.model_trainers.mobile_vit_trainer |   ↳ new best AUROC; saved checkpoint: /home/oem/choihyunsu/VOGBasedMCIDetection/outputs/checkpoints/run_20260802_112625_full_wvote_artifact30_w0-5-10-10-0-15-30-30_4err/fold_06_best.pth
2026-08-02 13:45:12,778 | [FULL    ] | INFO | full_experiments_using.model_trainers.mobile_vit_trainer | Ep [013/500] T-Acc:  57.5%  V-Acc:  52.1%  V-AUROC: 0.5303  LR: 1.00e-03
2026-08-02 13:45:34,277 | [FULL    ] | INFO | full_experiments_using.model_trainers.mobile_vit_trainer | Ep [014/500] T-Acc:  58.5%  V-Acc:  51.4%  V-AUROC: 0.5213  LR: 1.00e-03
2026-08-02 13:45:55,709 | [FULL    ] | INFO | full_experiments_using.model_trainers.mobile_vit_trainer | Ep [015/500] T-Acc:  59.3%  V-Acc:  53.6%  V-AUROC: 0.5360  LR: 1.00e-03
2026-08-02 13:45:55,825 | [FULL    ] | INFO | full_experiments_using.model_trainers.mobile_vit_trainer |   ↳ new best AUROC; saved checkpoint: /home/oem/choihyunsu/VOGBasedMCIDetection/outputs/checkpoints/run_20260802_112625_full_wvote_artifact30_w0-5-10-10-0-15-30-30_4err/fold_06_best.pth
2026-08-02 13:46:17,201 | [FULL    ] | INFO | full_experiments_using.model_trainers.mobile_vit_trainer | Ep [016/500] T-Acc:  58.3%  V-Acc:  51.5%  V-AUROC: 0.5219  LR: 1.00e-03
2026-08-02 13:46:38,640 | [FULL    ] | INFO | full_experiments_using.model_trainers.mobile_vit_trainer | Ep [017/500] T-Acc:  58.6%  V-Acc:  52.8%  V-AUROC: 0.5315  LR: 1.00e-03
2026-08-02 13:47:00,103 | [FULL    ] | INFO | full_experiments_using.model_trainers.mobile_vit_trainer | Ep [018/500] T-Acc:  59.4%  V-Acc:  52.4%  V-AUROC: 0.5254  LR: 1.00e-03
2026-08-02 13:47:21,725 | [FULL    ] | INFO | full_experiments_using.model_trainers.mobile_vit_trainer | Ep [019/500] T-Acc:  59.0%  V-Acc:  52.4%  V-AUROC: 0.5336  LR: 1.00e-03
2026-08-02 13:47:43,427 | [FULL    ] | INFO | full_experiments_using.model_trainers.mobile_vit_trainer | Ep [020/500] T-Acc:  60.4%  V-Acc:  52.9%  V-AUROC: 0.5282  LR: 1.00e-03
2026-08-02 13:48:04,802 | [FULL    ] | INFO | full_experiments_using.model_trainers.mobile_vit_trainer | Ep [021/500] T-Acc:  59.5%  V-Acc:  54.0%  V-AUROC: 0.5335  LR: 1.00e-03
2026-08-02 13:48:26,444 | [FULL    ] | INFO | full_experiments_using.model_trainers.mobile_vit_trainer | Ep [022/500] T-Acc:  61.2%  V-Acc:  53.6%  V-AUROC: 0.5276  LR: 1.00e-03
2026-08-02 13:48:48,067 | [FULL    ] | INFO | full_experiments_using.model_trainers.mobile_vit_trainer | Ep [023/500] T-Acc:  60.2%  V-Acc:  53.3%  V-AUROC: 0.5275  LR: 1.00e-03
2026-08-02 13:49:09,505 | [FULL    ] | INFO | full_experiments_using.model_trainers.mobile_vit_trainer | Ep [024/500] T-Acc:  59.7%  V-Acc:  53.5%  V-AUROC: 0.5296  LR: 1.00e-03
2026-08-02 13:49:30,898 | [FULL    ] | INFO | full_experiments_using.model_trainers.mobile_vit_trainer | Ep [025/500] T-Acc:  60.5%  V-Acc:  52.6%  V-AUROC: 0.5301  LR: 1.00e-03
2026-08-02 13:49:52,308 | [FULL    ] | INFO | full_experiments_using.model_trainers.mobile_vit_trainer | Ep [026/500] T-Acc:  59.3%  V-Acc:  53.8%  V-AUROC: 0.5301  LR: 1.00e-03
2026-08-02 13:50:13,798 | [FULL    ] | INFO | full_experiments_using.model_trainers.mobile_vit_trainer | Ep [027/500] T-Acc:  60.0%  V-Acc:  53.8%  V-AUROC: 0.5263  LR: 2.00e-04
2026-08-02 13:50:35,317 | [FULL    ] | INFO | full_experiments_using.model_trainers.mobile_vit_trainer | Ep [028/500] T-Acc:  59.9%  V-Acc:  53.8%  V-AUROC: 0.5258  LR: 2.00e-04
2026-08-02 13:50:56,733 | [FULL    ] | INFO | full_experiments_using.model_trainers.mobile_vit_trainer | Ep [029/500] T-Acc:  61.5%  V-Acc:  53.6%  V-AUROC: 0.5263  LR: 2.00e-04
2026-08-02 13:51:18,203 | [FULL    ] | INFO | full_experiments_using.model_trainers.mobile_vit_trainer | Ep [030/500] T-Acc:  60.1%  V-Acc:  53.4%  V-AUROC: 0.5248  LR: 2.00e-04
2026-08-02 13:51:39,678 | [FULL    ] | INFO | full_experiments_using.model_trainers.mobile_vit_trainer | Ep [031/500] T-Acc:  62.1%  V-Acc:  53.6%  V-AUROC: 0.5267  LR: 2.00e-04
2026-08-02 13:52:00,983 | [FULL    ] | INFO | full_experiments_using.model_trainers.mobile_vit_trainer | Ep [032/500] T-Acc:  62.1%  V-Acc:  53.1%  V-AUROC: 0.5252  LR: 2.00e-04
2026-08-02 13:52:22,369 | [FULL    ] | INFO | full_experiments_using.model_trainers.mobile_vit_trainer | Ep [033/500] T-Acc:  61.7%  V-Acc:  53.6%  V-AUROC: 0.5271  LR: 2.00e-04
2026-08-02 13:52:43,777 | [FULL    ] | INFO | full_experiments_using.model_trainers.mobile_vit_trainer | Ep [034/500] T-Acc:  61.7%  V-Acc:  52.7%  V-AUROC: 0.5240  LR: 2.00e-04
2026-08-02 13:53:05,317 | [FULL    ] | INFO | full_experiments_using.model_trainers.mobile_vit_trainer | Ep [035/500] T-Acc:  60.7%  V-Acc:  53.7%  V-AUROC: 0.5262  LR: 2.00e-04
2026-08-02 13:53:26,960 | [FULL    ] | INFO | full_experiments_using.model_trainers.mobile_vit_trainer | Ep [036/500] T-Acc:  61.5%  V-Acc:  53.6%  V-AUROC: 0.5296  LR: 2.00e-04
2026-08-02 13:53:48,361 | [FULL    ] | INFO | full_experiments_using.model_trainers.mobile_vit_trainer | Ep [037/500] T-Acc:  62.0%  V-Acc:  53.0%  V-AUROC: 0.5282  LR: 2.00e-04
2026-08-02 13:54:09,823 | [FULL    ] | INFO | full_experiments_using.model_trainers.mobile_vit_trainer | Ep [038/500] T-Acc:  62.1%  V-Acc:  53.8%  V-AUROC: 0.5273  LR: 4.00e-05
2026-08-02 13:54:31,036 | [FULL    ] | INFO | full_experiments_using.model_trainers.mobile_vit_trainer | Ep [039/500] T-Acc:  61.7%  V-Acc:  53.3%  V-AUROC: 0.5256  LR: 4.00e-05
2026-08-02 13:54:50,426 | [FULL    ] | INFO | full_experiments_using.model_trainers.mobile_vit_trainer | Ep [040/500] T-Acc:  61.4%  V-Acc:  53.2%  V-AUROC: 0.5268  LR: 4.00e-05
2026-08-02 13:55:11,429 | [FULL    ] | INFO | full_experiments_using.model_trainers.mobile_vit_trainer | Ep [041/500] T-Acc:  61.8%  V-Acc:  53.5%  V-AUROC: 0.5279  LR: 4.00e-05
2026-08-02 13:55:31,232 | [FULL    ] | INFO | full_experiments_using.model_trainers.mobile_vit_trainer | Ep [042/500] T-Acc:  61.7%  V-Acc:  53.3%  V-AUROC: 0.5280  LR: 4.00e-05
2026-08-02 13:55:52,750 | [FULL    ] | INFO | full_experiments_using.model_trainers.mobile_vit_trainer | Ep [043/500] T-Acc:  61.5%  V-Acc:  53.5%  V-AUROC: 0.5261  LR: 4.00e-05
2026-08-02 13:56:14,128 | [FULL    ] | INFO | full_experiments_using.model_trainers.mobile_vit_trainer | Ep [044/500] T-Acc:  61.6%  V-Acc:  53.5%  V-AUROC: 0.5267  LR: 4.00e-05
2026-08-02 13:56:35,511 | [FULL    ] | INFO | full_experiments_using.model_trainers.mobile_vit_trainer | Ep [045/500] T-Acc:  61.6%  V-Acc:  53.7%  V-AUROC: 0.5269  LR: 4.00e-05
2026-08-02 13:56:35,511 | [FULL    ] | INFO | full_experiments_using.model_trainers.mobile_vit_trainer | Early stop — best AUROC 0.5360 at epoch 15 (no improvement for 30 epochs)
2026-08-02 13:56:35,511 | [FULL    ] | INFO | full_experiments_using.model_trainers.mobile_vit_trainer | Done. Best AUROC: 0.5360 (epoch 15) → /home/oem/choihyunsu/VOGBasedMCIDetection/outputs/checkpoints/run_20260802_112625_full_wvote_artifact30_w0-5-10-10-0-15-30-30_4err/fold_06_best.pth
2026-08-02 13:56:43,210 | [FULL    ] | INFO | full_experiments_using.evaluators.monte_carlo_evaluator | -> Fold 07 Result | Acc=0.700 Sens=1.000 Spec=0.400 AUROC=0.800
2026-08-02 13:56:43,217 | [FULL    ] | INFO | full_experiments_using.evaluators.monte_carlo_evaluator | === Fold 08/30 | train: 25 subj (HC=9 MCI=16) / 3993 win | test: 12 subj (HC=5 MCI=7) / 1722 win ===
2026-08-02 13:56:43,444 | [FULL    ] | INFO | httpx | HTTP Request: HEAD https://huggingface.co/apple/mobilevit-small/resolve/main/config.json "HTTP/1.1 307 Temporary Redirect"
2026-08-02 13:56:43,457 | [FULL    ] | INFO | httpx | HTTP Request: HEAD https://huggingface.co/api/resolve-cache/models/apple/mobilevit-small/6c8612545dc98676d27bc518fa521d9e9af23e34/config.json "HTTP/1.1 200 OK"
2026-08-02 13:56:43,736 | [FULL    ] | INFO | httpx | HTTP Request: HEAD https://huggingface.co/apple/mobilevit-small/resolve/main/model.safetensors "HTTP/1.1 404 Not Found"
2026-08-02 13:56:43,954 | [FULL    ] | INFO | httpx | HTTP Request: HEAD https://huggingface.co/apple/mobilevit-small/resolve/main/model.safetensors.index.json "HTTP/1.1 404 Not Found"
2026-08-02 13:56:44,160 | [FULL    ] | INFO | httpx | HTTP Request: HEAD https://huggingface.co/apple/mobilevit-small/resolve/main/pytorch_model.bin "HTTP/1.1 302 Found"
2026-08-02 13:56:44,371 | [FULL    ] | INFO | httpx | HTTP Request: HEAD https://huggingface.co/apple/mobilevit-small/resolve/main/model.safetensors "HTTP/1.1 404 Not Found"
2026-08-02 13:56:44,575 | [FULL    ] | INFO | httpx | HTTP Request: GET https://huggingface.co/api/models/apple/mobilevit-small "HTTP/1.1 200 OK"
2026-08-02 13:56:44,818 | [FULL    ] | INFO | httpx | HTTP Request: GET https://huggingface.co/api/models/apple/mobilevit-small/commits/main "HTTP/1.1 200 OK"
2026-08-02 13:56:45,038 | [FULL    ] | INFO | httpx | HTTP Request: GET https://huggingface.co/api/models/apple/mobilevit-small/discussions?p=0 "HTTP/1.1 200 OK"
2026-08-02 13:56:45,261 | [FULL    ] | INFO | httpx | HTTP Request: GET https://huggingface.co/api/models/apple/mobilevit-small/commits/refs%2Fpr%2F6 "HTTP/1.1 200 OK"
2026-08-02 13:56:45,465 | [FULL    ] | INFO | httpx | HTTP Request: HEAD https://huggingface.co/apple/mobilevit-small/resolve/refs%2Fpr%2F6/model.safetensors.index.json "HTTP/1.1 404 Not Found"
2026-08-02 13:56:45,676 | [FULL    ] | INFO | httpx | HTTP Request: HEAD https://huggingface.co/apple/mobilevit-small/resolve/refs%2Fpr%2F6/model.safetensors "HTTP/1.1 302 Found"
2026-08-02 13:56:45,972 | [FULL    ] | INFO | full_experiments_using.model_trainers.mobile_vit_trainer | Device: cuda | max_epochs=500 | batch=32 | eval_batch=256 | es_patience=30
2026-08-02 13:56:45,980 | [FULL    ] | INFO | full_experiments_using.model_trainers.mobile_vit_trainer | CE weights — HC: 1.213  MCI: 0.851
2026-08-02 13:57:19,562 | [FULL    ] | INFO | full_experiments_using.model_trainers.mobile_vit_trainer | Ep [001/500] T-Acc:  50.5%  V-Acc:  48.5%  V-AUROC: 0.4745  LR: 2.00e-04
2026-08-02 13:57:19,759 | [FULL    ] | INFO | full_experiments_using.model_trainers.mobile_vit_trainer |   ↳ new best AUROC; saved checkpoint: /home/oem/choihyunsu/VOGBasedMCIDetection/outputs/checkpoints/run_20260802_112625_full_wvote_artifact30_w0-5-10-10-0-15-30-30_4err/fold_07_best.pth
2026-08-02 13:57:41,186 | [FULL    ] | INFO | full_experiments_using.model_trainers.mobile_vit_trainer | Ep [002/500] T-Acc:  51.9%  V-Acc:  51.1%  V-AUROC: 0.4864  LR: 4.00e-04
2026-08-02 13:57:41,312 | [FULL    ] | INFO | full_experiments_using.model_trainers.mobile_vit_trainer |   ↳ new best AUROC; saved checkpoint: /home/oem/choihyunsu/VOGBasedMCIDetection/outputs/checkpoints/run_20260802_112625_full_wvote_artifact30_w0-5-10-10-0-15-30-30_4err/fold_07_best.pth
2026-08-02 13:58:02,641 | [FULL    ] | INFO | full_experiments_using.model_trainers.mobile_vit_trainer | Ep [003/500] T-Acc:  52.3%  V-Acc:  50.8%  V-AUROC: 0.4896  LR: 6.00e-04
2026-08-02 13:58:02,793 | [FULL    ] | INFO | full_experiments_using.model_trainers.mobile_vit_trainer |   ↳ new best AUROC; saved checkpoint: /home/oem/choihyunsu/VOGBasedMCIDetection/outputs/checkpoints/run_20260802_112625_full_wvote_artifact30_w0-5-10-10-0-15-30-30_4err/fold_07_best.pth
2026-08-02 13:58:24,393 | [FULL    ] | INFO | full_experiments_using.model_trainers.mobile_vit_trainer | Ep [004/500] T-Acc:  53.8%  V-Acc:  51.4%  V-AUROC: 0.5065  LR: 8.00e-04
2026-08-02 13:58:24,510 | [FULL    ] | INFO | full_experiments_using.model_trainers.mobile_vit_trainer |   ↳ new best AUROC; saved checkpoint: /home/oem/choihyunsu/VOGBasedMCIDetection/outputs/checkpoints/run_20260802_112625_full_wvote_artifact30_w0-5-10-10-0-15-30-30_4err/fold_07_best.pth
2026-08-02 13:58:46,241 | [FULL    ] | INFO | full_experiments_using.model_trainers.mobile_vit_trainer | Ep [005/500] T-Acc:  54.9%  V-Acc:  52.2%  V-AUROC: 0.5173  LR: 1.00e-03
2026-08-02 13:58:46,358 | [FULL    ] | INFO | full_experiments_using.model_trainers.mobile_vit_trainer |   ↳ new best AUROC; saved checkpoint: /home/oem/choihyunsu/VOGBasedMCIDetection/outputs/checkpoints/run_20260802_112625_full_wvote_artifact30_w0-5-10-10-0-15-30-30_4err/fold_07_best.pth
2026-08-02 13:59:07,861 | [FULL    ] | INFO | full_experiments_using.model_trainers.mobile_vit_trainer | Ep [006/500] T-Acc:  54.4%  V-Acc:  51.7%  V-AUROC: 0.5174  LR: 1.00e-03
2026-08-02 13:59:07,975 | [FULL    ] | INFO | full_experiments_using.model_trainers.mobile_vit_trainer |   ↳ new best AUROC; saved checkpoint: /home/oem/choihyunsu/VOGBasedMCIDetection/outputs/checkpoints/run_20260802_112625_full_wvote_artifact30_w0-5-10-10-0-15-30-30_4err/fold_07_best.pth
2026-08-02 13:59:29,517 | [FULL    ] | INFO | full_experiments_using.model_trainers.mobile_vit_trainer | Ep [007/500] T-Acc:  54.4%  V-Acc:  52.6%  V-AUROC: 0.5228  LR: 1.00e-03
2026-08-02 13:59:29,621 | [FULL    ] | INFO | full_experiments_using.model_trainers.mobile_vit_trainer |   ↳ new best AUROC; saved checkpoint: /home/oem/choihyunsu/VOGBasedMCIDetection/outputs/checkpoints/run_20260802_112625_full_wvote_artifact30_w0-5-10-10-0-15-30-30_4err/fold_07_best.pth
2026-08-02 13:59:51,169 | [FULL    ] | INFO | full_experiments_using.model_trainers.mobile_vit_trainer | Ep [008/500] T-Acc:  57.2%  V-Acc:  52.7%  V-AUROC: 0.5281  LR: 1.00e-03
2026-08-02 13:59:51,288 | [FULL    ] | INFO | full_experiments_using.model_trainers.mobile_vit_trainer |   ↳ new best AUROC; saved checkpoint: /home/oem/choihyunsu/VOGBasedMCIDetection/outputs/checkpoints/run_20260802_112625_full_wvote_artifact30_w0-5-10-10-0-15-30-30_4err/fold_07_best.pth
2026-08-02 14:00:12,834 | [FULL    ] | INFO | full_experiments_using.model_trainers.mobile_vit_trainer | Ep [009/500] T-Acc:  59.0%  V-Acc:  52.0%  V-AUROC: 0.5240  LR: 1.00e-03
2026-08-02 14:00:34,476 | [FULL    ] | INFO | full_experiments_using.model_trainers.mobile_vit_trainer | Ep [010/500] T-Acc:  58.3%  V-Acc:  52.7%  V-AUROC: 0.5263  LR: 1.00e-03
2026-08-02 14:00:56,015 | [FULL    ] | INFO | full_experiments_using.model_trainers.mobile_vit_trainer | Ep [011/500] T-Acc:  59.2%  V-Acc:  52.1%  V-AUROC: 0.5287  LR: 1.00e-03
2026-08-02 14:00:56,134 | [FULL    ] | INFO | full_experiments_using.model_trainers.mobile_vit_trainer |   ↳ new best AUROC; saved checkpoint: /home/oem/choihyunsu/VOGBasedMCIDetection/outputs/checkpoints/run_20260802_112625_full_wvote_artifact30_w0-5-10-10-0-15-30-30_4err/fold_07_best.pth
2026-08-02 14:01:17,564 | [FULL    ] | INFO | full_experiments_using.model_trainers.mobile_vit_trainer | Ep [012/500] T-Acc:  60.1%  V-Acc:  52.6%  V-AUROC: 0.5282  LR: 1.00e-03
2026-08-02 14:01:39,111 | [FULL    ] | INFO | full_experiments_using.model_trainers.mobile_vit_trainer | Ep [013/500] T-Acc:  60.4%  V-Acc:  52.8%  V-AUROC: 0.5308  LR: 1.00e-03
2026-08-02 14:01:39,216 | [FULL    ] | INFO | full_experiments_using.model_trainers.mobile_vit_trainer |   ↳ new best AUROC; saved checkpoint: /home/oem/choihyunsu/VOGBasedMCIDetection/outputs/checkpoints/run_20260802_112625_full_wvote_artifact30_w0-5-10-10-0-15-30-30_4err/fold_07_best.pth
2026-08-02 14:02:00,724 | [FULL    ] | INFO | full_experiments_using.model_trainers.mobile_vit_trainer | Ep [014/500] T-Acc:  61.0%  V-Acc:  53.5%  V-AUROC: 0.5321  LR: 1.00e-03
2026-08-02 14:02:00,841 | [FULL    ] | INFO | full_experiments_using.model_trainers.mobile_vit_trainer |   ↳ new best AUROC; saved checkpoint: /home/oem/choihyunsu/VOGBasedMCIDetection/outputs/checkpoints/run_20260802_112625_full_wvote_artifact30_w0-5-10-10-0-15-30-30_4err/fold_07_best.pth
2026-08-02 14:02:22,305 | [FULL    ] | INFO | full_experiments_using.model_trainers.mobile_vit_trainer | Ep [015/500] T-Acc:  61.9%  V-Acc:  52.3%  V-AUROC: 0.5281  LR: 1.00e-03
2026-08-02 14:02:43,967 | [FULL    ] | INFO | full_experiments_using.model_trainers.mobile_vit_trainer | Ep [016/500] T-Acc:  61.2%  V-Acc:  52.8%  V-AUROC: 0.5303  LR: 1.00e-03
2026-08-02 14:03:05,542 | [FULL    ] | INFO | full_experiments_using.model_trainers.mobile_vit_trainer | Ep [017/500] T-Acc:  61.8%  V-Acc:  52.8%  V-AUROC: 0.5305  LR: 1.00e-03
2026-08-02 14:03:25,468 | [FULL    ] | INFO | full_experiments_using.model_trainers.mobile_vit_trainer | Ep [018/500] T-Acc:  61.7%  V-Acc:  53.3%  V-AUROC: 0.5301  LR: 1.00e-03
2026-08-02 14:03:46,826 | [FULL    ] | INFO | full_experiments_using.model_trainers.mobile_vit_trainer | Ep [019/500] T-Acc:  62.7%  V-Acc:  52.3%  V-AUROC: 0.5235  LR: 1.00e-03
2026-08-02 14:04:05,004 | [FULL    ] | INFO | full_experiments_using.model_trainers.mobile_vit_trainer | Ep [020/500] T-Acc:  62.8%  V-Acc:  51.8%  V-AUROC: 0.5285  LR: 1.00e-03
2026-08-02 14:04:26,678 | [FULL    ] | INFO | full_experiments_using.model_trainers.mobile_vit_trainer | Ep [021/500] T-Acc:  62.7%  V-Acc:  51.9%  V-AUROC: 0.5249  LR: 1.00e-03
2026-08-02 14:04:48,017 | [FULL    ] | INFO | full_experiments_using.model_trainers.mobile_vit_trainer | Ep [022/500] T-Acc:  64.4%  V-Acc:  52.0%  V-AUROC: 0.5249  LR: 1.00e-03
2026-08-02 14:05:09,514 | [FULL    ] | INFO | full_experiments_using.model_trainers.mobile_vit_trainer | Ep [023/500] T-Acc:  63.4%  V-Acc:  52.0%  V-AUROC: 0.5273  LR: 1.00e-03
2026-08-02 14:05:30,987 | [FULL    ] | INFO | full_experiments_using.model_trainers.mobile_vit_trainer | Ep [024/500] T-Acc:  63.9%  V-Acc:  51.8%  V-AUROC: 0.5293  LR: 1.00e-03
2026-08-02 14:05:52,623 | [FULL    ] | INFO | full_experiments_using.model_trainers.mobile_vit_trainer | Ep [025/500] T-Acc:  62.5%  V-Acc:  52.2%  V-AUROC: 0.5315  LR: 1.00e-03
2026-08-02 14:06:14,120 | [FULL    ] | INFO | full_experiments_using.model_trainers.mobile_vit_trainer | Ep [026/500] T-Acc:  63.3%  V-Acc:  51.5%  V-AUROC: 0.5282  LR: 2.00e-04
2026-08-02 14:06:35,673 | [FULL    ] | INFO | full_experiments_using.model_trainers.mobile_vit_trainer | Ep [027/500] T-Acc:  64.6%  V-Acc:  51.8%  V-AUROC: 0.5267  LR: 2.00e-04
2026-08-02 14:06:57,159 | [FULL    ] | INFO | full_experiments_using.model_trainers.mobile_vit_trainer | Ep [028/500] T-Acc:  64.5%  V-Acc:  51.7%  V-AUROC: 0.5251  LR: 2.00e-04
2026-08-02 14:07:18,479 | [FULL    ] | INFO | full_experiments_using.model_trainers.mobile_vit_trainer | Ep [029/500] T-Acc:  63.6%  V-Acc:  51.6%  V-AUROC: 0.5231  LR: 2.00e-04
2026-08-02 14:07:40,026 | [FULL    ] | INFO | full_experiments_using.model_trainers.mobile_vit_trainer | Ep [030/500] T-Acc:  64.7%  V-Acc:  51.9%  V-AUROC: 0.5254  LR: 2.00e-04
2026-08-02 14:08:01,682 | [FULL    ] | INFO | full_experiments_using.model_trainers.mobile_vit_trainer | Ep [031/500] T-Acc:  64.8%  V-Acc:  51.5%  V-AUROC: 0.5234  LR: 2.00e-04
2026-08-02 14:08:23,320 | [FULL    ] | INFO | full_experiments_using.model_trainers.mobile_vit_trainer | Ep [032/500] T-Acc:  64.4%  V-Acc:  51.4%  V-AUROC: 0.5248  LR: 2.00e-04
2026-08-02 14:08:44,996 | [FULL    ] | INFO | full_experiments_using.model_trainers.mobile_vit_trainer | Ep [033/500] T-Acc:  64.8%  V-Acc:  51.0%  V-AUROC: 0.5243  LR: 2.00e-04
2026-08-02 14:09:06,464 | [FULL    ] | INFO | full_experiments_using.model_trainers.mobile_vit_trainer | Ep [034/500] T-Acc:  64.5%  V-Acc:  51.7%  V-AUROC: 0.5247  LR: 2.00e-04
2026-08-02 14:09:27,911 | [FULL    ] | INFO | full_experiments_using.model_trainers.mobile_vit_trainer | Ep [035/500] T-Acc:  64.8%  V-Acc:  51.3%  V-AUROC: 0.5241  LR: 2.00e-04
2026-08-02 14:09:49,608 | [FULL    ] | INFO | full_experiments_using.model_trainers.mobile_vit_trainer | Ep [036/500] T-Acc:  64.5%  V-Acc:  51.8%  V-AUROC: 0.5242  LR: 2.00e-04
2026-08-02 14:10:11,173 | [FULL    ] | INFO | full_experiments_using.model_trainers.mobile_vit_trainer | Ep [037/500] T-Acc:  65.1%  V-Acc:  51.9%  V-AUROC: 0.5239  LR: 4.00e-05
2026-08-02 14:10:32,621 | [FULL    ] | INFO | full_experiments_using.model_trainers.mobile_vit_trainer | Ep [038/500] T-Acc:  64.0%  V-Acc:  52.0%  V-AUROC: 0.5249  LR: 4.00e-05
2026-08-02 14:10:54,042 | [FULL    ] | INFO | full_experiments_using.model_trainers.mobile_vit_trainer | Ep [039/500] T-Acc:  64.4%  V-Acc:  51.5%  V-AUROC: 0.5237  LR: 4.00e-05
2026-08-02 14:11:15,641 | [FULL    ] | INFO | full_experiments_using.model_trainers.mobile_vit_trainer | Ep [040/500] T-Acc:  64.8%  V-Acc:  51.9%  V-AUROC: 0.5235  LR: 4.00e-05
2026-08-02 14:11:37,143 | [FULL    ] | INFO | full_experiments_using.model_trainers.mobile_vit_trainer | Ep [041/500] T-Acc:  65.0%  V-Acc:  51.7%  V-AUROC: 0.5246  LR: 4.00e-05
2026-08-02 14:11:56,691 | [FULL    ] | INFO | full_experiments_using.model_trainers.mobile_vit_trainer | Ep [042/500] T-Acc:  63.7%  V-Acc:  51.5%  V-AUROC: 0.5239  LR: 4.00e-05
2026-08-02 14:12:17,776 | [FULL    ] | INFO | full_experiments_using.model_trainers.mobile_vit_trainer | Ep [043/500] T-Acc:  63.9%  V-Acc:  51.6%  V-AUROC: 0.5231  LR: 4.00e-05
2026-08-02 14:12:37,635 | [FULL    ] | INFO | full_experiments_using.model_trainers.mobile_vit_trainer | Ep [044/500] T-Acc:  64.1%  V-Acc:  51.6%  V-AUROC: 0.5233  LR: 4.00e-05
2026-08-02 14:12:37,635 | [FULL    ] | INFO | full_experiments_using.model_trainers.mobile_vit_trainer | Early stop — best AUROC 0.5321 at epoch 14 (no improvement for 30 epochs)
2026-08-02 14:12:37,636 | [FULL    ] | INFO | full_experiments_using.model_trainers.mobile_vit_trainer | Done. Best AUROC: 0.5321 (epoch 14) → /home/oem/choihyunsu/VOGBasedMCIDetection/outputs/checkpoints/run_20260802_112625_full_wvote_artifact30_w0-5-10-10-0-15-30-30_4err/fold_07_best.pth
2026-08-02 14:12:44,877 | [FULL    ] | INFO | full_experiments_using.evaluators.monte_carlo_evaluator | -> Fold 08 Result | Acc=0.700 Sens=1.000 Spec=0.250 AUROC=0.708
2026-08-02 14:12:44,884 | [FULL    ] | INFO | full_experiments_using.evaluators.monte_carlo_evaluator | === Fold 09/30 | train: 25 subj (HC=8 MCI=17) / 3792 win | test: 12 subj (HC=6 MCI=6) / 1923 win ===
2026-08-02 14:12:45,096 | [FULL    ] | INFO | httpx | HTTP Request: HEAD https://huggingface.co/apple/mobilevit-small/resolve/main/config.json "HTTP/1.1 307 Temporary Redirect"
2026-08-02 14:12:45,108 | [FULL    ] | INFO | httpx | HTTP Request: HEAD https://huggingface.co/api/resolve-cache/models/apple/mobilevit-small/6c8612545dc98676d27bc518fa521d9e9af23e34/config.json "HTTP/1.1 200 OK"
2026-08-02 14:12:45,378 | [FULL    ] | INFO | httpx | HTTP Request: HEAD https://huggingface.co/apple/mobilevit-small/resolve/main/model.safetensors "HTTP/1.1 404 Not Found"
2026-08-02 14:12:45,581 | [FULL    ] | INFO | httpx | HTTP Request: HEAD https://huggingface.co/apple/mobilevit-small/resolve/main/model.safetensors.index.json "HTTP/1.1 404 Not Found"
2026-08-02 14:12:45,790 | [FULL    ] | INFO | httpx | HTTP Request: HEAD https://huggingface.co/apple/mobilevit-small/resolve/main/pytorch_model.bin "HTTP/1.1 302 Found"
2026-08-02 14:12:45,992 | [FULL    ] | INFO | httpx | HTTP Request: HEAD https://huggingface.co/apple/mobilevit-small/resolve/main/model.safetensors "HTTP/1.1 404 Not Found"
2026-08-02 14:12:46,203 | [FULL    ] | INFO | httpx | HTTP Request: GET https://huggingface.co/api/models/apple/mobilevit-small "HTTP/1.1 200 OK"
2026-08-02 14:12:46,492 | [FULL    ] | INFO | httpx | HTTP Request: GET https://huggingface.co/api/models/apple/mobilevit-small/commits/main "HTTP/1.1 200 OK"
2026-08-02 14:12:46,739 | [FULL    ] | INFO | httpx | HTTP Request: GET https://huggingface.co/api/models/apple/mobilevit-small/discussions?p=0 "HTTP/1.1 200 OK"
2026-08-02 14:12:46,952 | [FULL    ] | INFO | httpx | HTTP Request: GET https://huggingface.co/api/models/apple/mobilevit-small/commits/refs%2Fpr%2F6 "HTTP/1.1 200 OK"
2026-08-02 14:12:47,157 | [FULL    ] | INFO | httpx | HTTP Request: HEAD https://huggingface.co/apple/mobilevit-small/resolve/refs%2Fpr%2F6/model.safetensors.index.json "HTTP/1.1 404 Not Found"
2026-08-02 14:12:47,379 | [FULL    ] | INFO | httpx | HTTP Request: HEAD https://huggingface.co/apple/mobilevit-small/resolve/refs%2Fpr%2F6/model.safetensors "HTTP/1.1 302 Found"
2026-08-02 14:12:47,618 | [FULL    ] | INFO | full_experiments_using.model_trainers.mobile_vit_trainer | Device: cuda | max_epochs=500 | batch=32 | eval_batch=256 | es_patience=30
2026-08-02 14:12:47,626 | [FULL    ] | INFO | full_experiments_using.model_trainers.mobile_vit_trainer | CE weights — HC: 1.331  MCI: 0.801
2026-08-02 14:13:19,094 | [FULL    ] | INFO | full_experiments_using.model_trainers.mobile_vit_trainer | Ep [001/500] T-Acc:  56.1%  V-Acc:  45.2%  V-AUROC: 0.4947  LR: 2.00e-04
2026-08-02 14:13:19,153 | [FULL    ] | INFO | full_experiments_using.model_trainers.mobile_vit_trainer |   ↳ new best AUROC; saved checkpoint: /home/oem/choihyunsu/VOGBasedMCIDetection/outputs/checkpoints/run_20260802_112625_full_wvote_artifact30_w0-5-10-10-0-15-30-30_4err/fold_08_best.pth
2026-08-02 14:13:40,052 | [FULL    ] | INFO | full_experiments_using.model_trainers.mobile_vit_trainer | Ep [002/500] T-Acc:  56.6%  V-Acc:  45.6%  V-AUROC: 0.4965  LR: 4.00e-04
2026-08-02 14:13:40,172 | [FULL    ] | INFO | full_experiments_using.model_trainers.mobile_vit_trainer |   ↳ new best AUROC; saved checkpoint: /home/oem/choihyunsu/VOGBasedMCIDetection/outputs/checkpoints/run_20260802_112625_full_wvote_artifact30_w0-5-10-10-0-15-30-30_4err/fold_08_best.pth
2026-08-02 14:14:01,280 | [FULL    ] | INFO | full_experiments_using.model_trainers.mobile_vit_trainer | Ep [003/500] T-Acc:  56.4%  V-Acc:  46.4%  V-AUROC: 0.5037  LR: 6.00e-04
2026-08-02 14:14:01,397 | [FULL    ] | INFO | full_experiments_using.model_trainers.mobile_vit_trainer |   ↳ new best AUROC; saved checkpoint: /home/oem/choihyunsu/VOGBasedMCIDetection/outputs/checkpoints/run_20260802_112625_full_wvote_artifact30_w0-5-10-10-0-15-30-30_4err/fold_08_best.pth
2026-08-02 14:14:22,213 | [FULL    ] | INFO | full_experiments_using.model_trainers.mobile_vit_trainer | Ep [004/500] T-Acc:  56.6%  V-Acc:  47.0%  V-AUROC: 0.5160  LR: 8.00e-04
2026-08-02 14:14:22,337 | [FULL    ] | INFO | full_experiments_using.model_trainers.mobile_vit_trainer |   ↳ new best AUROC; saved checkpoint: /home/oem/choihyunsu/VOGBasedMCIDetection/outputs/checkpoints/run_20260802_112625_full_wvote_artifact30_w0-5-10-10-0-15-30-30_4err/fold_08_best.pth
2026-08-02 14:14:43,301 | [FULL    ] | INFO | full_experiments_using.model_trainers.mobile_vit_trainer | Ep [005/500] T-Acc:  55.4%  V-Acc:  49.7%  V-AUROC: 0.5363  LR: 1.00e-03
2026-08-02 14:14:43,420 | [FULL    ] | INFO | full_experiments_using.model_trainers.mobile_vit_trainer |   ↳ new best AUROC; saved checkpoint: /home/oem/choihyunsu/VOGBasedMCIDetection/outputs/checkpoints/run_20260802_112625_full_wvote_artifact30_w0-5-10-10-0-15-30-30_4err/fold_08_best.pth
2026-08-02 14:15:04,459 | [FULL    ] | INFO | full_experiments_using.model_trainers.mobile_vit_trainer | Ep [006/500] T-Acc:  56.6%  V-Acc:  50.8%  V-AUROC: 0.5457  LR: 1.00e-03
2026-08-02 14:15:04,595 | [FULL    ] | INFO | full_experiments_using.model_trainers.mobile_vit_trainer |   ↳ new best AUROC; saved checkpoint: /home/oem/choihyunsu/VOGBasedMCIDetection/outputs/checkpoints/run_20260802_112625_full_wvote_artifact30_w0-5-10-10-0-15-30-30_4err/fold_08_best.pth
2026-08-02 14:15:25,582 | [FULL    ] | INFO | full_experiments_using.model_trainers.mobile_vit_trainer | Ep [007/500] T-Acc:  57.5%  V-Acc:  51.1%  V-AUROC: 0.5482  LR: 1.00e-03
2026-08-02 14:15:25,703 | [FULL    ] | INFO | full_experiments_using.model_trainers.mobile_vit_trainer |   ↳ new best AUROC; saved checkpoint: /home/oem/choihyunsu/VOGBasedMCIDetection/outputs/checkpoints/run_20260802_112625_full_wvote_artifact30_w0-5-10-10-0-15-30-30_4err/fold_08_best.pth
2026-08-02 14:15:46,646 | [FULL    ] | INFO | full_experiments_using.model_trainers.mobile_vit_trainer | Ep [008/500] T-Acc:  57.7%  V-Acc:  51.8%  V-AUROC: 0.5492  LR: 1.00e-03
2026-08-02 14:15:46,764 | [FULL    ] | INFO | full_experiments_using.model_trainers.mobile_vit_trainer |   ↳ new best AUROC; saved checkpoint: /home/oem/choihyunsu/VOGBasedMCIDetection/outputs/checkpoints/run_20260802_112625_full_wvote_artifact30_w0-5-10-10-0-15-30-30_4err/fold_08_best.pth
2026-08-02 14:16:07,704 | [FULL    ] | INFO | full_experiments_using.model_trainers.mobile_vit_trainer | Ep [009/500] T-Acc:  57.6%  V-Acc:  52.1%  V-AUROC: 0.5576  LR: 1.00e-03
2026-08-02 14:16:07,837 | [FULL    ] | INFO | full_experiments_using.model_trainers.mobile_vit_trainer |   ↳ new best AUROC; saved checkpoint: /home/oem/choihyunsu/VOGBasedMCIDetection/outputs/checkpoints/run_20260802_112625_full_wvote_artifact30_w0-5-10-10-0-15-30-30_4err/fold_08_best.pth
2026-08-02 14:16:28,645 | [FULL    ] | INFO | full_experiments_using.model_trainers.mobile_vit_trainer | Ep [010/500] T-Acc:  58.2%  V-Acc:  50.8%  V-AUROC: 0.5537  LR: 1.00e-03
2026-08-02 14:16:49,569 | [FULL    ] | INFO | full_experiments_using.model_trainers.mobile_vit_trainer | Ep [011/500] T-Acc:  58.9%  V-Acc:  52.1%  V-AUROC: 0.5575  LR: 1.00e-03
2026-08-02 14:17:10,400 | [FULL    ] | INFO | full_experiments_using.model_trainers.mobile_vit_trainer | Ep [012/500] T-Acc:  58.0%  V-Acc:  52.0%  V-AUROC: 0.5595  LR: 1.00e-03
2026-08-02 14:17:10,499 | [FULL    ] | INFO | full_experiments_using.model_trainers.mobile_vit_trainer |   ↳ new best AUROC; saved checkpoint: /home/oem/choihyunsu/VOGBasedMCIDetection/outputs/checkpoints/run_20260802_112625_full_wvote_artifact30_w0-5-10-10-0-15-30-30_4err/fold_08_best.pth
2026-08-02 14:17:31,365 | [FULL    ] | INFO | full_experiments_using.model_trainers.mobile_vit_trainer | Ep [013/500] T-Acc:  59.4%  V-Acc:  52.7%  V-AUROC: 0.5646  LR: 1.00e-03
2026-08-02 14:17:31,483 | [FULL    ] | INFO | full_experiments_using.model_trainers.mobile_vit_trainer |   ↳ new best AUROC; saved checkpoint: /home/oem/choihyunsu/VOGBasedMCIDetection/outputs/checkpoints/run_20260802_112625_full_wvote_artifact30_w0-5-10-10-0-15-30-30_4err/fold_08_best.pth
2026-08-02 14:17:52,457 | [FULL    ] | INFO | full_experiments_using.model_trainers.mobile_vit_trainer | Ep [014/500] T-Acc:  59.8%  V-Acc:  52.3%  V-AUROC: 0.5578  LR: 1.00e-03
2026-08-02 14:18:13,374 | [FULL    ] | INFO | full_experiments_using.model_trainers.mobile_vit_trainer | Ep [015/500] T-Acc:  59.5%  V-Acc:  52.5%  V-AUROC: 0.5669  LR: 1.00e-03
2026-08-02 14:18:13,497 | [FULL    ] | INFO | full_experiments_using.model_trainers.mobile_vit_trainer |   ↳ new best AUROC; saved checkpoint: /home/oem/choihyunsu/VOGBasedMCIDetection/outputs/checkpoints/run_20260802_112625_full_wvote_artifact30_w0-5-10-10-0-15-30-30_4err/fold_08_best.pth
2026-08-02 14:18:34,476 | [FULL    ] | INFO | full_experiments_using.model_trainers.mobile_vit_trainer | Ep [016/500] T-Acc:  59.8%  V-Acc:  52.8%  V-AUROC: 0.5735  LR: 1.00e-03
2026-08-02 14:18:34,592 | [FULL    ] | INFO | full_experiments_using.model_trainers.mobile_vit_trainer |   ↳ new best AUROC; saved checkpoint: /home/oem/choihyunsu/VOGBasedMCIDetection/outputs/checkpoints/run_20260802_112625_full_wvote_artifact30_w0-5-10-10-0-15-30-30_4err/fold_08_best.pth
2026-08-02 14:18:55,459 | [FULL    ] | INFO | full_experiments_using.model_trainers.mobile_vit_trainer | Ep [017/500] T-Acc:  60.0%  V-Acc:  52.7%  V-AUROC: 0.5704  LR: 1.00e-03
2026-08-02 14:19:16,414 | [FULL    ] | INFO | full_experiments_using.model_trainers.mobile_vit_trainer | Ep [018/500] T-Acc:  61.5%  V-Acc:  54.6%  V-AUROC: 0.5710  LR: 1.00e-03
2026-08-02 14:19:37,326 | [FULL    ] | INFO | full_experiments_using.model_trainers.mobile_vit_trainer | Ep [019/500] T-Acc:  59.3%  V-Acc:  55.2%  V-AUROC: 0.5767  LR: 1.00e-03
2026-08-02 14:19:37,443 | [FULL    ] | INFO | full_experiments_using.model_trainers.mobile_vit_trainer |   ↳ new best AUROC; saved checkpoint: /home/oem/choihyunsu/VOGBasedMCIDetection/outputs/checkpoints/run_20260802_112625_full_wvote_artifact30_w0-5-10-10-0-15-30-30_4err/fold_08_best.pth
2026-08-02 14:19:58,338 | [FULL    ] | INFO | full_experiments_using.model_trainers.mobile_vit_trainer | Ep [020/500] T-Acc:  60.3%  V-Acc:  54.8%  V-AUROC: 0.5813  LR: 1.00e-03
2026-08-02 14:19:58,494 | [FULL    ] | INFO | full_experiments_using.model_trainers.mobile_vit_trainer |   ↳ new best AUROC; saved checkpoint: /home/oem/choihyunsu/VOGBasedMCIDetection/outputs/checkpoints/run_20260802_112625_full_wvote_artifact30_w0-5-10-10-0-15-30-30_4err/fold_08_best.pth
2026-08-02 14:20:19,479 | [FULL    ] | INFO | full_experiments_using.model_trainers.mobile_vit_trainer | Ep [021/500] T-Acc:  62.1%  V-Acc:  54.3%  V-AUROC: 0.5819  LR: 1.00e-03
2026-08-02 14:20:19,597 | [FULL    ] | INFO | full_experiments_using.model_trainers.mobile_vit_trainer |   ↳ new best AUROC; saved checkpoint: /home/oem/choihyunsu/VOGBasedMCIDetection/outputs/checkpoints/run_20260802_112625_full_wvote_artifact30_w0-5-10-10-0-15-30-30_4err/fold_08_best.pth
2026-08-02 14:20:40,535 | [FULL    ] | INFO | full_experiments_using.model_trainers.mobile_vit_trainer | Ep [022/500] T-Acc:  61.4%  V-Acc:  54.3%  V-AUROC: 0.5711  LR: 1.00e-03
2026-08-02 14:21:01,396 | [FULL    ] | INFO | full_experiments_using.model_trainers.mobile_vit_trainer | Ep [023/500] T-Acc:  60.9%  V-Acc:  54.5%  V-AUROC: 0.5749  LR: 1.00e-03
2026-08-02 14:21:20,641 | [FULL    ] | INFO | full_experiments_using.model_trainers.mobile_vit_trainer | Ep [024/500] T-Acc:  61.5%  V-Acc:  54.8%  V-AUROC: 0.5772  LR: 1.00e-03
2026-08-02 14:21:41,198 | [FULL    ] | INFO | full_experiments_using.model_trainers.mobile_vit_trainer | Ep [025/500] T-Acc:  60.6%  V-Acc:  55.1%  V-AUROC: 0.5824  LR: 1.00e-03
2026-08-02 14:21:41,299 | [FULL    ] | INFO | full_experiments_using.model_trainers.mobile_vit_trainer |   ↳ new best AUROC; saved checkpoint: /home/oem/choihyunsu/VOGBasedMCIDetection/outputs/checkpoints/run_20260802_112625_full_wvote_artifact30_w0-5-10-10-0-15-30-30_4err/fold_08_best.pth
2026-08-02 14:22:00,426 | [FULL    ] | INFO | full_experiments_using.model_trainers.mobile_vit_trainer | Ep [026/500] T-Acc:  61.4%  V-Acc:  55.0%  V-AUROC: 0.5813  LR: 1.00e-03
2026-08-02 14:22:21,355 | [FULL    ] | INFO | full_experiments_using.model_trainers.mobile_vit_trainer | Ep [027/500] T-Acc:  60.0%  V-Acc:  54.7%  V-AUROC: 0.5796  LR: 1.00e-03
2026-08-02 14:22:42,250 | [FULL    ] | INFO | full_experiments_using.model_trainers.mobile_vit_trainer | Ep [028/500] T-Acc:  60.2%  V-Acc:  54.9%  V-AUROC: 0.5767  LR: 1.00e-03
2026-08-02 14:23:03,146 | [FULL    ] | INFO | full_experiments_using.model_trainers.mobile_vit_trainer | Ep [029/500] T-Acc:  60.9%  V-Acc:  54.8%  V-AUROC: 0.5790  LR: 1.00e-03
2026-08-02 14:23:24,022 | [FULL    ] | INFO | full_experiments_using.model_trainers.mobile_vit_trainer | Ep [030/500] T-Acc:  62.6%  V-Acc:  55.1%  V-AUROC: 0.5854  LR: 1.00e-03
2026-08-02 14:23:24,140 | [FULL    ] | INFO | full_experiments_using.model_trainers.mobile_vit_trainer |   ↳ new best AUROC; saved checkpoint: /home/oem/choihyunsu/VOGBasedMCIDetection/outputs/checkpoints/run_20260802_112625_full_wvote_artifact30_w0-5-10-10-0-15-30-30_4err/fold_08_best.pth
2026-08-02 14:23:45,047 | [FULL    ] | INFO | full_experiments_using.model_trainers.mobile_vit_trainer | Ep [031/500] T-Acc:  62.3%  V-Acc:  55.2%  V-AUROC: 0.5843  LR: 1.00e-03
2026-08-02 14:24:05,835 | [FULL    ] | INFO | full_experiments_using.model_trainers.mobile_vit_trainer | Ep [032/500] T-Acc:  62.3%  V-Acc:  53.7%  V-AUROC: 0.5817  LR: 1.00e-03
2026-08-02 14:24:26,725 | [FULL    ] | INFO | full_experiments_using.model_trainers.mobile_vit_trainer | Ep [033/500] T-Acc:  62.0%  V-Acc:  54.6%  V-AUROC: 0.5757  LR: 1.00e-03
2026-08-02 14:24:46,188 | [FULL    ] | INFO | full_experiments_using.model_trainers.mobile_vit_trainer | Ep [034/500] T-Acc:  61.9%  V-Acc:  55.7%  V-AUROC: 0.5780  LR: 1.00e-03
2026-08-02 14:25:06,405 | [FULL    ] | INFO | full_experiments_using.model_trainers.mobile_vit_trainer | Ep [035/500] T-Acc:  62.8%  V-Acc:  56.1%  V-AUROC: 0.5787  LR: 1.00e-03
2026-08-02 14:25:25,960 | [FULL    ] | INFO | full_experiments_using.model_trainers.mobile_vit_trainer | Ep [036/500] T-Acc:  62.6%  V-Acc:  54.4%  V-AUROC: 0.5799  LR: 1.00e-03
2026-08-02 14:25:46,823 | [FULL    ] | INFO | full_experiments_using.model_trainers.mobile_vit_trainer | Ep [037/500] T-Acc:  62.7%  V-Acc:  54.9%  V-AUROC: 0.5742  LR: 1.00e-03
2026-08-02 14:26:07,726 | [FULL    ] | INFO | full_experiments_using.model_trainers.mobile_vit_trainer | Ep [038/500] T-Acc:  62.1%  V-Acc:  54.7%  V-AUROC: 0.5754  LR: 1.00e-03
2026-08-02 14:26:28,706 | [FULL    ] | INFO | full_experiments_using.model_trainers.mobile_vit_trainer | Ep [039/500] T-Acc:  62.2%  V-Acc:  53.6%  V-AUROC: 0.5713  LR: 1.00e-03
2026-08-02 14:26:49,572 | [FULL    ] | INFO | full_experiments_using.model_trainers.mobile_vit_trainer | Ep [040/500] T-Acc:  62.7%  V-Acc:  55.5%  V-AUROC: 0.5734  LR: 1.00e-03
2026-08-02 14:27:10,561 | [FULL    ] | INFO | full_experiments_using.model_trainers.mobile_vit_trainer | Ep [041/500] T-Acc:  62.2%  V-Acc:  55.3%  V-AUROC: 0.5717  LR: 1.00e-03
2026-08-02 14:27:31,527 | [FULL    ] | INFO | full_experiments_using.model_trainers.mobile_vit_trainer | Ep [042/500] T-Acc:  63.3%  V-Acc:  55.0%  V-AUROC: 0.5726  LR: 2.00e-04
2026-08-02 14:27:52,481 | [FULL    ] | INFO | full_experiments_using.model_trainers.mobile_vit_trainer | Ep [043/500] T-Acc:  63.4%  V-Acc:  55.7%  V-AUROC: 0.5756  LR: 2.00e-04
2026-08-02 14:28:13,379 | [FULL    ] | INFO | full_experiments_using.model_trainers.mobile_vit_trainer | Ep [044/500] T-Acc:  63.1%  V-Acc:  56.1%  V-AUROC: 0.5761  LR: 2.00e-04
2026-08-02 14:28:34,422 | [FULL    ] | INFO | full_experiments_using.model_trainers.mobile_vit_trainer | Ep [045/500] T-Acc:  62.7%  V-Acc:  55.7%  V-AUROC: 0.5780  LR: 2.00e-04
2026-08-02 14:28:55,573 | [FULL    ] | INFO | full_experiments_using.model_trainers.mobile_vit_trainer | Ep [046/500] T-Acc:  63.4%  V-Acc:  55.3%  V-AUROC: 0.5727  LR: 2.00e-04
2026-08-02 14:29:16,528 | [FULL    ] | INFO | full_experiments_using.model_trainers.mobile_vit_trainer | Ep [047/500] T-Acc:  63.4%  V-Acc:  54.7%  V-AUROC: 0.5746  LR: 2.00e-04
2026-08-02 14:29:37,529 | [FULL    ] | INFO | full_experiments_using.model_trainers.mobile_vit_trainer | Ep [048/500] T-Acc:  63.7%  V-Acc:  55.2%  V-AUROC: 0.5766  LR: 2.00e-04
2026-08-02 14:29:58,492 | [FULL    ] | INFO | full_experiments_using.model_trainers.mobile_vit_trainer | Ep [049/500] T-Acc:  62.5%  V-Acc:  55.3%  V-AUROC: 0.5762  LR: 2.00e-04
2026-08-02 14:30:19,395 | [FULL    ] | INFO | full_experiments_using.model_trainers.mobile_vit_trainer | Ep [050/500] T-Acc:  63.5%  V-Acc:  55.3%  V-AUROC: 0.5764  LR: 2.00e-04
2026-08-02 14:30:40,255 | [FULL    ] | INFO | full_experiments_using.model_trainers.mobile_vit_trainer | Ep [051/500] T-Acc:  62.8%  V-Acc:  55.7%  V-AUROC: 0.5792  LR: 2.00e-04
2026-08-02 14:31:01,186 | [FULL    ] | INFO | full_experiments_using.model_trainers.mobile_vit_trainer | Ep [052/500] T-Acc:  61.9%  V-Acc:  54.9%  V-AUROC: 0.5763  LR: 2.00e-04
2026-08-02 14:31:22,133 | [FULL    ] | INFO | full_experiments_using.model_trainers.mobile_vit_trainer | Ep [053/500] T-Acc:  63.7%  V-Acc:  55.7%  V-AUROC: 0.5760  LR: 4.00e-05
2026-08-02 14:31:43,228 | [FULL    ] | INFO | full_experiments_using.model_trainers.mobile_vit_trainer | Ep [054/500] T-Acc:  63.0%  V-Acc:  55.6%  V-AUROC: 0.5780  LR: 4.00e-05
2026-08-02 14:32:04,207 | [FULL    ] | INFO | full_experiments_using.model_trainers.mobile_vit_trainer | Ep [055/500] T-Acc:  62.6%  V-Acc:  55.5%  V-AUROC: 0.5771  LR: 4.00e-05
2026-08-02 14:32:25,202 | [FULL    ] | INFO | full_experiments_using.model_trainers.mobile_vit_trainer | Ep [056/500] T-Acc:  62.6%  V-Acc:  55.4%  V-AUROC: 0.5758  LR: 4.00e-05
2026-08-02 14:32:46,116 | [FULL    ] | INFO | full_experiments_using.model_trainers.mobile_vit_trainer | Ep [057/500] T-Acc:  62.0%  V-Acc:  55.3%  V-AUROC: 0.5776  LR: 4.00e-05
2026-08-02 14:33:07,082 | [FULL    ] | INFO | full_experiments_using.model_trainers.mobile_vit_trainer | Ep [058/500] T-Acc:  63.4%  V-Acc:  55.7%  V-AUROC: 0.5770  LR: 4.00e-05
2026-08-02 14:33:28,135 | [FULL    ] | INFO | full_experiments_using.model_trainers.mobile_vit_trainer | Ep [059/500] T-Acc:  63.1%  V-Acc:  55.6%  V-AUROC: 0.5784  LR: 4.00e-05
2026-08-02 14:33:49,053 | [FULL    ] | INFO | full_experiments_using.model_trainers.mobile_vit_trainer | Ep [060/500] T-Acc:  63.4%  V-Acc:  55.7%  V-AUROC: 0.5765  LR: 4.00e-05
2026-08-02 14:33:49,053 | [FULL    ] | INFO | full_experiments_using.model_trainers.mobile_vit_trainer | Early stop — best AUROC 0.5854 at epoch 30 (no improvement for 30 epochs)
2026-08-02 14:33:49,053 | [FULL    ] | INFO | full_experiments_using.model_trainers.mobile_vit_trainer | Done. Best AUROC: 0.5854 (epoch 30) → /home/oem/choihyunsu/VOGBasedMCIDetection/outputs/checkpoints/run_20260802_112625_full_wvote_artifact30_w0-5-10-10-0-15-30-30_4err/fold_08_best.pth
2026-08-02 14:33:56,324 | [FULL    ] | INFO | full_experiments_using.evaluators.monte_carlo_evaluator | -> Fold 09 Result | Acc=0.455 Sens=0.500 Spec=0.400 AUROC=0.633
2026-08-02 14:33:56,331 | [FULL    ] | INFO | full_experiments_using.evaluators.monte_carlo_evaluator | === Fold 10/30 | train: 25 subj (HC=10 MCI=15) / 3814 win | test: 12 subj (HC=4 MCI=8) / 1901 win ===
2026-08-02 14:33:56,571 | [FULL    ] | INFO | httpx | HTTP Request: HEAD https://huggingface.co/apple/mobilevit-small/resolve/main/config.json "HTTP/1.1 307 Temporary Redirect"
2026-08-02 14:33:56,587 | [FULL    ] | INFO | httpx | HTTP Request: HEAD https://huggingface.co/api/resolve-cache/models/apple/mobilevit-small/6c8612545dc98676d27bc518fa521d9e9af23e34/config.json "HTTP/1.1 200 OK"
2026-08-02 14:33:56,874 | [FULL    ] | INFO | httpx | HTTP Request: HEAD https://huggingface.co/apple/mobilevit-small/resolve/main/model.safetensors "HTTP/1.1 404 Not Found"
2026-08-02 14:33:57,080 | [FULL    ] | INFO | httpx | HTTP Request: HEAD https://huggingface.co/apple/mobilevit-small/resolve/main/model.safetensors.index.json "HTTP/1.1 404 Not Found"
2026-08-02 14:33:57,301 | [FULL    ] | INFO | httpx | HTTP Request: HEAD https://huggingface.co/apple/mobilevit-small/resolve/main/pytorch_model.bin "HTTP/1.1 302 Found"
2026-08-02 14:33:57,518 | [FULL    ] | INFO | httpx | HTTP Request: HEAD https://huggingface.co/apple/mobilevit-small/resolve/main/model.safetensors "HTTP/1.1 404 Not Found"
2026-08-02 14:33:57,727 | [FULL    ] | INFO | httpx | HTTP Request: GET https://huggingface.co/api/models/apple/mobilevit-small "HTTP/1.1 200 OK"
2026-08-02 14:33:57,981 | [FULL    ] | INFO | httpx | HTTP Request: GET https://huggingface.co/api/models/apple/mobilevit-small/commits/main "HTTP/1.1 200 OK"
2026-08-02 14:33:58,204 | [FULL    ] | INFO | httpx | HTTP Request: GET https://huggingface.co/api/models/apple/mobilevit-small/discussions?p=0 "HTTP/1.1 200 OK"
2026-08-02 14:33:58,431 | [FULL    ] | INFO | httpx | HTTP Request: GET https://huggingface.co/api/models/apple/mobilevit-small/commits/refs%2Fpr%2F6 "HTTP/1.1 200 OK"
2026-08-02 14:33:58,646 | [FULL    ] | INFO | httpx | HTTP Request: HEAD https://huggingface.co/apple/mobilevit-small/resolve/refs%2Fpr%2F6/model.safetensors.index.json "HTTP/1.1 404 Not Found"
2026-08-02 14:33:58,733 | [FULL    ] | INFO | full_experiments_using.model_trainers.mobile_vit_trainer | Device: cuda | max_epochs=500 | batch=32 | eval_batch=256 | es_patience=30
2026-08-02 14:33:58,746 | [FULL    ] | INFO | full_experiments_using.model_trainers.mobile_vit_trainer | CE weights — HC: 1.077  MCI: 0.933
2026-08-02 14:33:58,856 | [FULL    ] | INFO | httpx | HTTP Request: HEAD https://huggingface.co/apple/mobilevit-small/resolve/refs%2Fpr%2F6/model.safetensors "HTTP/1.1 302 Found"
2026-08-02 14:34:29,353 | [FULL    ] | INFO | full_experiments_using.model_trainers.mobile_vit_trainer | Ep [001/500] T-Acc:  48.1%  V-Acc:  49.8%  V-AUROC: 0.4837  LR: 2.00e-04
2026-08-02 14:34:29,412 | [FULL    ] | INFO | full_experiments_using.model_trainers.mobile_vit_trainer |   ↳ new best AUROC; saved checkpoint: /home/oem/choihyunsu/VOGBasedMCIDetection/outputs/checkpoints/run_20260802_112625_full_wvote_artifact30_w0-5-10-10-0-15-30-30_4err/fold_09_best.pth
2026-08-02 14:34:50,502 | [FULL    ] | INFO | full_experiments_using.model_trainers.mobile_vit_trainer | Ep [002/500] T-Acc:  49.0%  V-Acc:  49.2%  V-AUROC: 0.4868  LR: 4.00e-04
2026-08-02 14:34:50,642 | [FULL    ] | INFO | full_experiments_using.model_trainers.mobile_vit_trainer |   ↳ new best AUROC; saved checkpoint: /home/oem/choihyunsu/VOGBasedMCIDetection/outputs/checkpoints/run_20260802_112625_full_wvote_artifact30_w0-5-10-10-0-15-30-30_4err/fold_09_best.pth
2026-08-02 14:35:11,918 | [FULL    ] | INFO | full_experiments_using.model_trainers.mobile_vit_trainer | Ep [003/500] T-Acc:  48.9%  V-Acc:  49.5%  V-AUROC: 0.4965  LR: 6.00e-04
2026-08-02 14:35:12,044 | [FULL    ] | INFO | full_experiments_using.model_trainers.mobile_vit_trainer |   ↳ new best AUROC; saved checkpoint: /home/oem/choihyunsu/VOGBasedMCIDetection/outputs/checkpoints/run_20260802_112625_full_wvote_artifact30_w0-5-10-10-0-15-30-30_4err/fold_09_best.pth
2026-08-02 14:35:33,016 | [FULL    ] | INFO | full_experiments_using.model_trainers.mobile_vit_trainer | Ep [004/500] T-Acc:  49.9%  V-Acc:  49.1%  V-AUROC: 0.5134  LR: 8.00e-04
2026-08-02 14:35:33,147 | [FULL    ] | INFO | full_experiments_using.model_trainers.mobile_vit_trainer |   ↳ new best AUROC; saved checkpoint: /home/oem/choihyunsu/VOGBasedMCIDetection/outputs/checkpoints/run_20260802_112625_full_wvote_artifact30_w0-5-10-10-0-15-30-30_4err/fold_09_best.pth
2026-08-02 14:35:54,216 | [FULL    ] | INFO | full_experiments_using.model_trainers.mobile_vit_trainer | Ep [005/500] T-Acc:  51.2%  V-Acc:  51.1%  V-AUROC: 0.5401  LR: 1.00e-03
2026-08-02 14:35:54,334 | [FULL    ] | INFO | full_experiments_using.model_trainers.mobile_vit_trainer |   ↳ new best AUROC; saved checkpoint: /home/oem/choihyunsu/VOGBasedMCIDetection/outputs/checkpoints/run_20260802_112625_full_wvote_artifact30_w0-5-10-10-0-15-30-30_4err/fold_09_best.pth
2026-08-02 14:36:15,313 | [FULL    ] | INFO | full_experiments_using.model_trainers.mobile_vit_trainer | Ep [006/500] T-Acc:  52.8%  V-Acc:  52.7%  V-AUROC: 0.5407  LR: 1.00e-03
2026-08-02 14:36:15,431 | [FULL    ] | INFO | full_experiments_using.model_trainers.mobile_vit_trainer |   ↳ new best AUROC; saved checkpoint: /home/oem/choihyunsu/VOGBasedMCIDetection/outputs/checkpoints/run_20260802_112625_full_wvote_artifact30_w0-5-10-10-0-15-30-30_4err/fold_09_best.pth
2026-08-02 14:36:36,585 | [FULL    ] | INFO | full_experiments_using.model_trainers.mobile_vit_trainer | Ep [007/500] T-Acc:  52.3%  V-Acc:  54.4%  V-AUROC: 0.5534  LR: 1.00e-03
2026-08-02 14:36:36,717 | [FULL    ] | INFO | full_experiments_using.model_trainers.mobile_vit_trainer |   ↳ new best AUROC; saved checkpoint: /home/oem/choihyunsu/VOGBasedMCIDetection/outputs/checkpoints/run_20260802_112625_full_wvote_artifact30_w0-5-10-10-0-15-30-30_4err/fold_09_best.pth
2026-08-02 14:36:57,757 | [FULL    ] | INFO | full_experiments_using.model_trainers.mobile_vit_trainer | Ep [008/500] T-Acc:  53.8%  V-Acc:  54.7%  V-AUROC: 0.5665  LR: 1.00e-03
2026-08-02 14:36:57,875 | [FULL    ] | INFO | full_experiments_using.model_trainers.mobile_vit_trainer |   ↳ new best AUROC; saved checkpoint: /home/oem/choihyunsu/VOGBasedMCIDetection/outputs/checkpoints/run_20260802_112625_full_wvote_artifact30_w0-5-10-10-0-15-30-30_4err/fold_09_best.pth
2026-08-02 14:37:18,941 | [FULL    ] | INFO | full_experiments_using.model_trainers.mobile_vit_trainer | Ep [009/500] T-Acc:  53.7%  V-Acc:  56.2%  V-AUROC: 0.5916  LR: 1.00e-03
2026-08-02 14:37:19,059 | [FULL    ] | INFO | full_experiments_using.model_trainers.mobile_vit_trainer |   ↳ new best AUROC; saved checkpoint: /home/oem/choihyunsu/VOGBasedMCIDetection/outputs/checkpoints/run_20260802_112625_full_wvote_artifact30_w0-5-10-10-0-15-30-30_4err/fold_09_best.pth
2026-08-02 14:37:38,437 | [FULL    ] | INFO | full_experiments_using.model_trainers.mobile_vit_trainer | Ep [010/500] T-Acc:  56.0%  V-Acc:  55.3%  V-AUROC: 0.5909  LR: 1.00e-03
2026-08-02 14:37:59,324 | [FULL    ] | INFO | full_experiments_using.model_trainers.mobile_vit_trainer | Ep [011/500] T-Acc:  57.3%  V-Acc:  55.0%  V-AUROC: 0.5836  LR: 1.00e-03
2026-08-02 14:38:18,801 | [FULL    ] | INFO | full_experiments_using.model_trainers.mobile_vit_trainer | Ep [012/500] T-Acc:  56.3%  V-Acc:  53.7%  V-AUROC: 0.5733  LR: 1.00e-03
2026-08-02 14:38:39,969 | [FULL    ] | INFO | full_experiments_using.model_trainers.mobile_vit_trainer | Ep [013/500] T-Acc:  57.8%  V-Acc:  54.2%  V-AUROC: 0.5725  LR: 1.00e-03
2026-08-02 14:39:01,053 | [FULL    ] | INFO | full_experiments_using.model_trainers.mobile_vit_trainer | Ep [014/500] T-Acc:  56.9%  V-Acc:  55.0%  V-AUROC: 0.5843  LR: 1.00e-03
2026-08-02 14:39:22,115 | [FULL    ] | INFO | full_experiments_using.model_trainers.mobile_vit_trainer | Ep [015/500] T-Acc:  57.9%  V-Acc:  54.1%  V-AUROC: 0.5776  LR: 1.00e-03
2026-08-02 14:39:43,369 | [FULL    ] | INFO | full_experiments_using.model_trainers.mobile_vit_trainer | Ep [016/500] T-Acc:  57.4%  V-Acc:  54.4%  V-AUROC: 0.5785  LR: 1.00e-03
2026-08-02 14:40:04,413 | [FULL    ] | INFO | full_experiments_using.model_trainers.mobile_vit_trainer | Ep [017/500] T-Acc:  58.4%  V-Acc:  54.8%  V-AUROC: 0.5877  LR: 1.00e-03
2026-08-02 14:40:25,379 | [FULL    ] | INFO | full_experiments_using.model_trainers.mobile_vit_trainer | Ep [018/500] T-Acc:  60.0%  V-Acc:  54.7%  V-AUROC: 0.5923  LR: 1.00e-03
2026-08-02 14:40:25,496 | [FULL    ] | INFO | full_experiments_using.model_trainers.mobile_vit_trainer |   ↳ new best AUROC; saved checkpoint: /home/oem/choihyunsu/VOGBasedMCIDetection/outputs/checkpoints/run_20260802_112625_full_wvote_artifact30_w0-5-10-10-0-15-30-30_4err/fold_09_best.pth
2026-08-02 14:40:46,560 | [FULL    ] | INFO | full_experiments_using.model_trainers.mobile_vit_trainer | Ep [019/500] T-Acc:  59.2%  V-Acc:  54.3%  V-AUROC: 0.5779  LR: 1.00e-03
2026-08-02 14:41:07,590 | [FULL    ] | INFO | full_experiments_using.model_trainers.mobile_vit_trainer | Ep [020/500] T-Acc:  58.6%  V-Acc:  54.4%  V-AUROC: 0.5811  LR: 1.00e-03
2026-08-02 14:41:28,542 | [FULL    ] | INFO | full_experiments_using.model_trainers.mobile_vit_trainer | Ep [021/500] T-Acc:  59.0%  V-Acc:  55.0%  V-AUROC: 0.5845  LR: 1.00e-03
2026-08-02 14:41:49,447 | [FULL    ] | INFO | full_experiments_using.model_trainers.mobile_vit_trainer | Ep [022/500] T-Acc:  58.7%  V-Acc:  54.3%  V-AUROC: 0.5806  LR: 1.00e-03
2026-08-02 14:42:10,576 | [FULL    ] | INFO | full_experiments_using.model_trainers.mobile_vit_trainer | Ep [023/500] T-Acc:  60.1%  V-Acc:  54.3%  V-AUROC: 0.5856  LR: 1.00e-03
2026-08-02 14:42:31,732 | [FULL    ] | INFO | full_experiments_using.model_trainers.mobile_vit_trainer | Ep [024/500] T-Acc:  59.6%  V-Acc:  54.3%  V-AUROC: 0.5824  LR: 1.00e-03
2026-08-02 14:42:52,765 | [FULL    ] | INFO | full_experiments_using.model_trainers.mobile_vit_trainer | Ep [025/500] T-Acc:  59.0%  V-Acc:  54.4%  V-AUROC: 0.5850  LR: 1.00e-03
2026-08-02 14:43:13,953 | [FULL    ] | INFO | full_experiments_using.model_trainers.mobile_vit_trainer | Ep [026/500] T-Acc:  60.1%  V-Acc:  54.1%  V-AUROC: 0.5756  LR: 1.00e-03
2026-08-02 14:43:35,133 | [FULL    ] | INFO | full_experiments_using.model_trainers.mobile_vit_trainer | Ep [027/500] T-Acc:  59.3%  V-Acc:  54.1%  V-AUROC: 0.5763  LR: 1.00e-03
2026-08-02 14:43:56,245 | [FULL    ] | INFO | full_experiments_using.model_trainers.mobile_vit_trainer | Ep [028/500] T-Acc:  60.4%  V-Acc:  54.3%  V-AUROC: 0.5742  LR: 1.00e-03
2026-08-02 14:44:17,342 | [FULL    ] | INFO | full_experiments_using.model_trainers.mobile_vit_trainer | Ep [029/500] T-Acc:  61.5%  V-Acc:  54.7%  V-AUROC: 0.5746  LR: 1.00e-03
2026-08-02 14:44:38,365 | [FULL    ] | INFO | full_experiments_using.model_trainers.mobile_vit_trainer | Ep [030/500] T-Acc:  61.0%  V-Acc:  54.0%  V-AUROC: 0.5755  LR: 2.00e-04
2026-08-02 14:44:59,524 | [FULL    ] | INFO | full_experiments_using.model_trainers.mobile_vit_trainer | Ep [031/500] T-Acc:  61.2%  V-Acc:  54.7%  V-AUROC: 0.5764  LR: 2.00e-04
2026-08-02 14:45:20,478 | [FULL    ] | INFO | full_experiments_using.model_trainers.mobile_vit_trainer | Ep [032/500] T-Acc:  61.0%  V-Acc:  54.2%  V-AUROC: 0.5774  LR: 2.00e-04
2026-08-02 14:45:41,599 | [FULL    ] | INFO | full_experiments_using.model_trainers.mobile_vit_trainer | Ep [033/500] T-Acc:  62.6%  V-Acc:  54.0%  V-AUROC: 0.5777  LR: 2.00e-04
2026-08-02 14:46:02,781 | [FULL    ] | INFO | full_experiments_using.model_trainers.mobile_vit_trainer | Ep [034/500] T-Acc:  61.8%  V-Acc:  54.6%  V-AUROC: 0.5777  LR: 2.00e-04
2026-08-02 14:46:23,966 | [FULL    ] | INFO | full_experiments_using.model_trainers.mobile_vit_trainer | Ep [035/500] T-Acc:  61.2%  V-Acc:  54.8%  V-AUROC: 0.5772  LR: 2.00e-04
2026-08-02 14:46:44,871 | [FULL    ] | INFO | full_experiments_using.model_trainers.mobile_vit_trainer | Ep [036/500] T-Acc:  62.3%  V-Acc:  55.0%  V-AUROC: 0.5790  LR: 2.00e-04
2026-08-02 14:47:05,801 | [FULL    ] | INFO | full_experiments_using.model_trainers.mobile_vit_trainer | Ep [037/500] T-Acc:  61.7%  V-Acc:  55.0%  V-AUROC: 0.5772  LR: 2.00e-04
2026-08-02 14:47:26,708 | [FULL    ] | INFO | full_experiments_using.model_trainers.mobile_vit_trainer | Ep [038/500] T-Acc:  61.6%  V-Acc:  54.7%  V-AUROC: 0.5794  LR: 2.00e-04
2026-08-02 14:47:47,854 | [FULL    ] | INFO | full_experiments_using.model_trainers.mobile_vit_trainer | Ep [039/500] T-Acc:  61.0%  V-Acc:  54.7%  V-AUROC: 0.5787  LR: 2.00e-04
2026-08-02 14:48:08,902 | [FULL    ] | INFO | full_experiments_using.model_trainers.mobile_vit_trainer | Ep [040/500] T-Acc:  62.2%  V-Acc:  54.5%  V-AUROC: 0.5793  LR: 2.00e-04
2026-08-02 14:48:29,872 | [FULL    ] | INFO | full_experiments_using.model_trainers.mobile_vit_trainer | Ep [041/500] T-Acc:  62.6%  V-Acc:  54.6%  V-AUROC: 0.5785  LR: 4.00e-05
2026-08-02 14:48:50,763 | [FULL    ] | INFO | full_experiments_using.model_trainers.mobile_vit_trainer | Ep [042/500] T-Acc:  61.1%  V-Acc:  54.6%  V-AUROC: 0.5782  LR: 4.00e-05
2026-08-02 14:49:11,787 | [FULL    ] | INFO | full_experiments_using.model_trainers.mobile_vit_trainer | Ep [043/500] T-Acc:  61.4%  V-Acc:  54.1%  V-AUROC: 0.5775  LR: 4.00e-05
2026-08-02 14:49:32,884 | [FULL    ] | INFO | full_experiments_using.model_trainers.mobile_vit_trainer | Ep [044/500] T-Acc:  62.0%  V-Acc:  55.2%  V-AUROC: 0.5787  LR: 4.00e-05
2026-08-02 14:49:54,002 | [FULL    ] | INFO | full_experiments_using.model_trainers.mobile_vit_trainer | Ep [045/500] T-Acc:  61.1%  V-Acc:  55.2%  V-AUROC: 0.5795  LR: 4.00e-05
2026-08-02 14:50:14,753 | [FULL    ] | INFO | full_experiments_using.model_trainers.mobile_vit_trainer | Ep [046/500] T-Acc:  62.6%  V-Acc:  54.0%  V-AUROC: 0.5785  LR: 4.00e-05
2026-08-02 14:50:35,622 | [FULL    ] | INFO | full_experiments_using.model_trainers.mobile_vit_trainer | Ep [047/500] T-Acc:  61.4%  V-Acc:  54.4%  V-AUROC: 0.5753  LR: 4.00e-05
2026-08-02 14:50:56,531 | [FULL    ] | INFO | full_experiments_using.model_trainers.mobile_vit_trainer | Ep [048/500] T-Acc:  61.7%  V-Acc:  54.6%  V-AUROC: 0.5781  LR: 4.00e-05
2026-08-02 14:50:56,535 | [FULL    ] | INFO | full_experiments_using.model_trainers.mobile_vit_trainer | Early stop — best AUROC 0.5923 at epoch 18 (no improvement for 30 epochs)
2026-08-02 14:50:56,535 | [FULL    ] | INFO | full_experiments_using.model_trainers.mobile_vit_trainer | Done. Best AUROC: 0.5923 (epoch 18) → /home/oem/choihyunsu/VOGBasedMCIDetection/outputs/checkpoints/run_20260802_112625_full_wvote_artifact30_w0-5-10-10-0-15-30-30_4err/fold_09_best.pth
2026-08-02 14:51:03,411 | [FULL    ] | INFO | full_experiments_using.evaluators.monte_carlo_evaluator | -> Fold 10 Result | Acc=0.636 Sens=0.500 Spec=1.000 AUROC=0.708
2026-08-02 14:51:03,418 | [FULL    ] | INFO | full_experiments_using.evaluators.monte_carlo_evaluator | === Fold 11/30 | train: 25 subj (HC=8 MCI=17) / 3933 win | test: 12 subj (HC=6 MCI=6) / 1782 win ===
2026-08-02 14:51:03,648 | [FULL    ] | INFO | httpx | HTTP Request: HEAD https://huggingface.co/apple/mobilevit-small/resolve/main/config.json "HTTP/1.1 307 Temporary Redirect"
2026-08-02 14:51:03,660 | [FULL    ] | INFO | httpx | HTTP Request: HEAD https://huggingface.co/api/resolve-cache/models/apple/mobilevit-small/6c8612545dc98676d27bc518fa521d9e9af23e34/config.json "HTTP/1.1 200 OK"
2026-08-02 14:51:03,938 | [FULL    ] | INFO | httpx | HTTP Request: HEAD https://huggingface.co/apple/mobilevit-small/resolve/main/model.safetensors "HTTP/1.1 404 Not Found"
2026-08-02 14:51:04,142 | [FULL    ] | INFO | httpx | HTTP Request: HEAD https://huggingface.co/apple/mobilevit-small/resolve/main/model.safetensors.index.json "HTTP/1.1 404 Not Found"
2026-08-02 14:51:04,353 | [FULL    ] | INFO | httpx | HTTP Request: HEAD https://huggingface.co/apple/mobilevit-small/resolve/main/pytorch_model.bin "HTTP/1.1 302 Found"
2026-08-02 14:51:04,556 | [FULL    ] | INFO | httpx | HTTP Request: HEAD https://huggingface.co/apple/mobilevit-small/resolve/main/model.safetensors "HTTP/1.1 404 Not Found"
2026-08-02 14:51:04,759 | [FULL    ] | INFO | httpx | HTTP Request: GET https://huggingface.co/api/models/apple/mobilevit-small "HTTP/1.1 200 OK"
2026-08-02 14:51:04,977 | [FULL    ] | INFO | httpx | HTTP Request: GET https://huggingface.co/api/models/apple/mobilevit-small/commits/main "HTTP/1.1 200 OK"
2026-08-02 14:51:05,198 | [FULL    ] | INFO | httpx | HTTP Request: GET https://huggingface.co/api/models/apple/mobilevit-small/discussions?p=0 "HTTP/1.1 200 OK"
2026-08-02 14:51:05,436 | [FULL    ] | INFO | httpx | HTTP Request: GET https://huggingface.co/api/models/apple/mobilevit-small/commits/refs%2Fpr%2F6 "HTTP/1.1 200 OK"
2026-08-02 14:51:05,645 | [FULL    ] | INFO | httpx | HTTP Request: HEAD https://huggingface.co/apple/mobilevit-small/resolve/refs%2Fpr%2F6/model.safetensors.index.json "HTTP/1.1 404 Not Found"
2026-08-02 14:51:05,845 | [FULL    ] | INFO | httpx | HTTP Request: HEAD https://huggingface.co/apple/mobilevit-small/resolve/refs%2Fpr%2F6/model.safetensors "HTTP/1.1 302 Found"
2026-08-02 14:51:06,088 | [FULL    ] | INFO | full_experiments_using.model_trainers.mobile_vit_trainer | Device: cuda | max_epochs=500 | batch=32 | eval_batch=256 | es_patience=30
2026-08-02 14:51:06,096 | [FULL    ] | INFO | full_experiments_using.model_trainers.mobile_vit_trainer | CE weights — HC: 1.344  MCI: 0.796
2026-08-02 14:51:41,640 | [FULL    ] | INFO | full_experiments_using.model_trainers.mobile_vit_trainer | Ep [001/500] T-Acc:  43.6%  V-Acc:  52.9%  V-AUROC: 0.4996  LR: 2.00e-04
2026-08-02 14:51:41,700 | [FULL    ] | INFO | full_experiments_using.model_trainers.mobile_vit_trainer |   ↳ new best AUROC; saved checkpoint: /home/oem/choihyunsu/VOGBasedMCIDetection/outputs/checkpoints/run_20260802_112625_full_wvote_artifact30_w0-5-10-10-0-15-30-30_4err/fold_10_best.pth
2026-08-02 14:52:03,162 | [FULL    ] | INFO | full_experiments_using.model_trainers.mobile_vit_trainer | Ep [002/500] T-Acc:  46.2%  V-Acc:  52.6%  V-AUROC: 0.4924  LR: 4.00e-04
2026-08-02 14:52:24,306 | [FULL    ] | INFO | full_experiments_using.model_trainers.mobile_vit_trainer | Ep [003/500] T-Acc:  47.7%  V-Acc:  52.5%  V-AUROC: 0.4957  LR: 6.00e-04
2026-08-02 14:52:45,777 | [FULL    ] | INFO | full_experiments_using.model_trainers.mobile_vit_trainer | Ep [004/500] T-Acc:  47.8%  V-Acc:  53.1%  V-AUROC: 0.5032  LR: 8.00e-04
2026-08-02 14:52:45,913 | [FULL    ] | INFO | full_experiments_using.model_trainers.mobile_vit_trainer |   ↳ new best AUROC; saved checkpoint: /home/oem/choihyunsu/VOGBasedMCIDetection/outputs/checkpoints/run_20260802_112625_full_wvote_artifact30_w0-5-10-10-0-15-30-30_4err/fold_10_best.pth
2026-08-02 14:53:07,241 | [FULL    ] | INFO | full_experiments_using.model_trainers.mobile_vit_trainer | Ep [005/500] T-Acc:  50.7%  V-Acc:  49.9%  V-AUROC: 0.4873  LR: 1.00e-03
2026-08-02 14:53:28,683 | [FULL    ] | INFO | full_experiments_using.model_trainers.mobile_vit_trainer | Ep [006/500] T-Acc:  52.8%  V-Acc:  49.6%  V-AUROC: 0.4809  LR: 1.00e-03
2026-08-02 14:53:49,955 | [FULL    ] | INFO | full_experiments_using.model_trainers.mobile_vit_trainer | Ep [007/500] T-Acc:  55.9%  V-Acc:  50.3%  V-AUROC: 0.4785  LR: 1.00e-03
2026-08-02 14:54:11,112 | [FULL    ] | INFO | full_experiments_using.model_trainers.mobile_vit_trainer | Ep [008/500] T-Acc:  56.7%  V-Acc:  48.1%  V-AUROC: 0.4826  LR: 1.00e-03
2026-08-02 14:54:32,597 | [FULL    ] | INFO | full_experiments_using.model_trainers.mobile_vit_trainer | Ep [009/500] T-Acc:  56.9%  V-Acc:  49.4%  V-AUROC: 0.4818  LR: 1.00e-03
2026-08-02 14:54:53,821 | [FULL    ] | INFO | full_experiments_using.model_trainers.mobile_vit_trainer | Ep [010/500] T-Acc:  58.2%  V-Acc:  50.3%  V-AUROC: 0.4866  LR: 1.00e-03
2026-08-02 14:55:15,092 | [FULL    ] | INFO | full_experiments_using.model_trainers.mobile_vit_trainer | Ep [011/500] T-Acc:  60.5%  V-Acc:  49.4%  V-AUROC: 0.4949  LR: 1.00e-03
2026-08-02 14:55:36,562 | [FULL    ] | INFO | full_experiments_using.model_trainers.mobile_vit_trainer | Ep [012/500] T-Acc:  59.9%  V-Acc:  50.1%  V-AUROC: 0.5018  LR: 1.00e-03
2026-08-02 14:55:57,671 | [FULL    ] | INFO | full_experiments_using.model_trainers.mobile_vit_trainer | Ep [013/500] T-Acc:  60.4%  V-Acc:  50.6%  V-AUROC: 0.5041  LR: 1.00e-03
2026-08-02 14:55:57,783 | [FULL    ] | INFO | full_experiments_using.model_trainers.mobile_vit_trainer |   ↳ new best AUROC; saved checkpoint: /home/oem/choihyunsu/VOGBasedMCIDetection/outputs/checkpoints/run_20260802_112625_full_wvote_artifact30_w0-5-10-10-0-15-30-30_4err/fold_10_best.pth
2026-08-02 14:56:19,336 | [FULL    ] | INFO | full_experiments_using.model_trainers.mobile_vit_trainer | Ep [014/500] T-Acc:  62.0%  V-Acc:  49.4%  V-AUROC: 0.4913  LR: 1.00e-03
2026-08-02 14:56:40,716 | [FULL    ] | INFO | full_experiments_using.model_trainers.mobile_vit_trainer | Ep [015/500] T-Acc:  62.0%  V-Acc:  50.7%  V-AUROC: 0.4906  LR: 1.00e-03
2026-08-02 14:57:02,147 | [FULL    ] | INFO | full_experiments_using.model_trainers.mobile_vit_trainer | Ep [016/500] T-Acc:  60.3%  V-Acc:  51.0%  V-AUROC: 0.4892  LR: 1.00e-03
2026-08-02 14:57:23,503 | [FULL    ] | INFO | full_experiments_using.model_trainers.mobile_vit_trainer | Ep [017/500] T-Acc:  61.3%  V-Acc:  50.1%  V-AUROC: 0.4903  LR: 1.00e-03
2026-08-02 14:57:44,883 | [FULL    ] | INFO | full_experiments_using.model_trainers.mobile_vit_trainer | Ep [018/500] T-Acc:  61.9%  V-Acc:  49.4%  V-AUROC: 0.4962  LR: 1.00e-03
2026-08-02 14:58:06,205 | [FULL    ] | INFO | full_experiments_using.model_trainers.mobile_vit_trainer | Ep [019/500] T-Acc:  62.3%  V-Acc:  49.0%  V-AUROC: 0.4966  LR: 1.00e-03
2026-08-02 14:58:27,607 | [FULL    ] | INFO | full_experiments_using.model_trainers.mobile_vit_trainer | Ep [020/500] T-Acc:  61.4%  V-Acc:  51.6%  V-AUROC: 0.5105  LR: 1.00e-03
2026-08-02 14:58:27,726 | [FULL    ] | INFO | full_experiments_using.model_trainers.mobile_vit_trainer |   ↳ new best AUROC; saved checkpoint: /home/oem/choihyunsu/VOGBasedMCIDetection/outputs/checkpoints/run_20260802_112625_full_wvote_artifact30_w0-5-10-10-0-15-30-30_4err/fold_10_best.pth
2026-08-02 14:58:48,995 | [FULL    ] | INFO | full_experiments_using.model_trainers.mobile_vit_trainer | Ep [021/500] T-Acc:  62.9%  V-Acc:  49.7%  V-AUROC: 0.4955  LR: 1.00e-03
2026-08-02 14:59:10,296 | [FULL    ] | INFO | full_experiments_using.model_trainers.mobile_vit_trainer | Ep [022/500] T-Acc:  62.7%  V-Acc:  51.6%  V-AUROC: 0.5107  LR: 1.00e-03
2026-08-02 14:59:10,414 | [FULL    ] | INFO | full_experiments_using.model_trainers.mobile_vit_trainer |   ↳ new best AUROC; saved checkpoint: /home/oem/choihyunsu/VOGBasedMCIDetection/outputs/checkpoints/run_20260802_112625_full_wvote_artifact30_w0-5-10-10-0-15-30-30_4err/fold_10_best.pth
2026-08-02 14:59:31,735 | [FULL    ] | INFO | full_experiments_using.model_trainers.mobile_vit_trainer | Ep [023/500] T-Acc:  62.4%  V-Acc:  50.4%  V-AUROC: 0.5029  LR: 1.00e-03
2026-08-02 14:59:52,828 | [FULL    ] | INFO | full_experiments_using.model_trainers.mobile_vit_trainer | Ep [024/500] T-Acc:  64.3%  V-Acc:  51.2%  V-AUROC: 0.5127  LR: 1.00e-03
2026-08-02 14:59:52,944 | [FULL    ] | INFO | full_experiments_using.model_trainers.mobile_vit_trainer |   ↳ new best AUROC; saved checkpoint: /home/oem/choihyunsu/VOGBasedMCIDetection/outputs/checkpoints/run_20260802_112625_full_wvote_artifact30_w0-5-10-10-0-15-30-30_4err/fold_10_best.pth
2026-08-02 15:00:14,139 | [FULL    ] | INFO | full_experiments_using.model_trainers.mobile_vit_trainer | Ep [025/500] T-Acc:  63.8%  V-Acc:  51.3%  V-AUROC: 0.5099  LR: 1.00e-03
2026-08-02 15:00:35,543 | [FULL    ] | INFO | full_experiments_using.model_trainers.mobile_vit_trainer | Ep [026/500] T-Acc:  63.5%  V-Acc:  49.9%  V-AUROC: 0.5055  LR: 1.00e-03
2026-08-02 15:00:56,738 | [FULL    ] | INFO | full_experiments_using.model_trainers.mobile_vit_trainer | Ep [027/500] T-Acc:  63.7%  V-Acc:  51.7%  V-AUROC: 0.5136  LR: 1.00e-03
2026-08-02 15:00:56,861 | [FULL    ] | INFO | full_experiments_using.model_trainers.mobile_vit_trainer |   ↳ new best AUROC; saved checkpoint: /home/oem/choihyunsu/VOGBasedMCIDetection/outputs/checkpoints/run_20260802_112625_full_wvote_artifact30_w0-5-10-10-0-15-30-30_4err/fold_10_best.pth
2026-08-02 15:01:18,296 | [FULL    ] | INFO | full_experiments_using.model_trainers.mobile_vit_trainer | Ep [028/500] T-Acc:  63.9%  V-Acc:  49.4%  V-AUROC: 0.4917  LR: 1.00e-03
2026-08-02 15:01:39,759 | [FULL    ] | INFO | full_experiments_using.model_trainers.mobile_vit_trainer | Ep [029/500] T-Acc:  64.3%  V-Acc:  52.1%  V-AUROC: 0.5063  LR: 1.00e-03
2026-08-02 15:02:01,061 | [FULL    ] | INFO | full_experiments_using.model_trainers.mobile_vit_trainer | Ep [030/500] T-Acc:  64.7%  V-Acc:  49.9%  V-AUROC: 0.5062  LR: 1.00e-03
2026-08-02 15:02:22,385 | [FULL    ] | INFO | full_experiments_using.model_trainers.mobile_vit_trainer | Ep [031/500] T-Acc:  64.2%  V-Acc:  49.5%  V-AUROC: 0.4917  LR: 1.00e-03
2026-08-02 15:02:43,616 | [FULL    ] | INFO | full_experiments_using.model_trainers.mobile_vit_trainer | Ep [032/500] T-Acc:  65.1%  V-Acc:  51.6%  V-AUROC: 0.5094  LR: 1.00e-03
2026-08-02 15:03:05,019 | [FULL    ] | INFO | full_experiments_using.model_trainers.mobile_vit_trainer | Ep [033/500] T-Acc:  65.5%  V-Acc:  52.2%  V-AUROC: 0.5145  LR: 1.00e-03
2026-08-02 15:03:05,139 | [FULL    ] | INFO | full_experiments_using.model_trainers.mobile_vit_trainer |   ↳ new best AUROC; saved checkpoint: /home/oem/choihyunsu/VOGBasedMCIDetection/outputs/checkpoints/run_20260802_112625_full_wvote_artifact30_w0-5-10-10-0-15-30-30_4err/fold_10_best.pth
2026-08-02 15:03:26,322 | [FULL    ] | INFO | full_experiments_using.model_trainers.mobile_vit_trainer | Ep [034/500] T-Acc:  65.2%  V-Acc:  51.3%  V-AUROC: 0.5020  LR: 1.00e-03
2026-08-02 15:03:47,567 | [FULL    ] | INFO | full_experiments_using.model_trainers.mobile_vit_trainer | Ep [035/500] T-Acc:  64.7%  V-Acc:  50.4%  V-AUROC: 0.4877  LR: 1.00e-03
2026-08-02 15:04:08,879 | [FULL    ] | INFO | full_experiments_using.model_trainers.mobile_vit_trainer | Ep [036/500] T-Acc:  65.4%  V-Acc:  49.0%  V-AUROC: 0.4883  LR: 1.00e-03
2026-08-02 15:04:30,072 | [FULL    ] | INFO | full_experiments_using.model_trainers.mobile_vit_trainer | Ep [037/500] T-Acc:  65.4%  V-Acc:  50.3%  V-AUROC: 0.4913  LR: 1.00e-03
2026-08-02 15:04:51,294 | [FULL    ] | INFO | full_experiments_using.model_trainers.mobile_vit_trainer | Ep [038/500] T-Acc:  64.4%  V-Acc:  50.6%  V-AUROC: 0.4892  LR: 1.00e-03
2026-08-02 15:05:12,741 | [FULL    ] | INFO | full_experiments_using.model_trainers.mobile_vit_trainer | Ep [039/500] T-Acc:  65.4%  V-Acc:  49.7%  V-AUROC: 0.4988  LR: 1.00e-03
2026-08-02 15:05:34,058 | [FULL    ] | INFO | full_experiments_using.model_trainers.mobile_vit_trainer | Ep [040/500] T-Acc:  65.6%  V-Acc:  49.9%  V-AUROC: 0.4961  LR: 1.00e-03
2026-08-02 15:05:55,452 | [FULL    ] | INFO | full_experiments_using.model_trainers.mobile_vit_trainer | Ep [041/500] T-Acc:  65.6%  V-Acc:  49.9%  V-AUROC: 0.4938  LR: 1.00e-03
2026-08-02 15:06:16,745 | [FULL    ] | INFO | full_experiments_using.model_trainers.mobile_vit_trainer | Ep [042/500] T-Acc:  66.1%  V-Acc:  51.1%  V-AUROC: 0.5079  LR: 1.00e-03
2026-08-02 15:06:38,058 | [FULL    ] | INFO | full_experiments_using.model_trainers.mobile_vit_trainer | Ep [043/500] T-Acc:  65.7%  V-Acc:  50.4%  V-AUROC: 0.4868  LR: 1.00e-03
2026-08-02 15:06:59,420 | [FULL    ] | INFO | full_experiments_using.model_trainers.mobile_vit_trainer | Ep [044/500] T-Acc:  66.5%  V-Acc:  50.6%  V-AUROC: 0.4895  LR: 1.00e-03
2026-08-02 15:07:20,808 | [FULL    ] | INFO | full_experiments_using.model_trainers.mobile_vit_trainer | Ep [045/500] T-Acc:  66.9%  V-Acc:  51.0%  V-AUROC: 0.4947  LR: 2.00e-04
2026-08-02 15:07:42,045 | [FULL    ] | INFO | full_experiments_using.model_trainers.mobile_vit_trainer | Ep [046/500] T-Acc:  66.5%  V-Acc:  50.3%  V-AUROC: 0.4911  LR: 2.00e-04
2026-08-02 15:08:03,354 | [FULL    ] | INFO | full_experiments_using.model_trainers.mobile_vit_trainer | Ep [047/500] T-Acc:  66.0%  V-Acc:  49.7%  V-AUROC: 0.4909  LR: 2.00e-04
2026-08-02 15:08:24,635 | [FULL    ] | INFO | full_experiments_using.model_trainers.mobile_vit_trainer | Ep [048/500] T-Acc:  66.5%  V-Acc:  50.2%  V-AUROC: 0.4953  LR: 2.00e-04
2026-08-02 15:08:45,938 | [FULL    ] | INFO | full_experiments_using.model_trainers.mobile_vit_trainer | Ep [049/500] T-Acc:  66.8%  V-Acc:  50.3%  V-AUROC: 0.4962  LR: 2.00e-04
2026-08-02 15:09:06,648 | [FULL    ] | INFO | full_experiments_using.model_trainers.mobile_vit_trainer | Ep [050/500] T-Acc:  66.1%  V-Acc:  50.7%  V-AUROC: 0.4944  LR: 2.00e-04
2026-08-02 15:09:26,541 | [FULL    ] | INFO | full_experiments_using.model_trainers.mobile_vit_trainer | Ep [051/500] T-Acc:  66.2%  V-Acc:  50.2%  V-AUROC: 0.4949  LR: 2.00e-04
2026-08-02 15:09:46,156 | [FULL    ] | INFO | full_experiments_using.model_trainers.mobile_vit_trainer | Ep [052/500] T-Acc:  66.1%  V-Acc:  50.6%  V-AUROC: 0.4955  LR: 2.00e-04
2026-08-02 15:10:05,701 | [FULL    ] | INFO | full_experiments_using.model_trainers.mobile_vit_trainer | Ep [053/500] T-Acc:  65.4%  V-Acc:  50.3%  V-AUROC: 0.4943  LR: 2.00e-04
2026-08-02 15:10:24,814 | [FULL    ] | INFO | full_experiments_using.model_trainers.mobile_vit_trainer | Ep [054/500] T-Acc:  65.7%  V-Acc:  50.6%  V-AUROC: 0.4934  LR: 2.00e-04
2026-08-02 15:10:46,062 | [FULL    ] | INFO | full_experiments_using.model_trainers.mobile_vit_trainer | Ep [055/500] T-Acc:  65.6%  V-Acc:  50.7%  V-AUROC: 0.4937  LR: 2.00e-04
2026-08-02 15:11:07,277 | [FULL    ] | INFO | full_experiments_using.model_trainers.mobile_vit_trainer | Ep [056/500] T-Acc:  66.2%  V-Acc:  49.9%  V-AUROC: 0.4948  LR: 4.00e-05
2026-08-02 15:11:28,753 | [FULL    ] | INFO | full_experiments_using.model_trainers.mobile_vit_trainer | Ep [057/500] T-Acc:  66.4%  V-Acc:  50.4%  V-AUROC: 0.4919  LR: 4.00e-05
2026-08-02 15:11:49,986 | [FULL    ] | INFO | full_experiments_using.model_trainers.mobile_vit_trainer | Ep [058/500] T-Acc:  66.2%  V-Acc:  50.1%  V-AUROC: 0.4918  LR: 4.00e-05
2026-08-02 15:12:11,148 | [FULL    ] | INFO | full_experiments_using.model_trainers.mobile_vit_trainer | Ep [059/500] T-Acc:  66.5%  V-Acc:  50.3%  V-AUROC: 0.4925  LR: 4.00e-05
2026-08-02 15:12:32,492 | [FULL    ] | INFO | full_experiments_using.model_trainers.mobile_vit_trainer | Ep [060/500] T-Acc:  66.7%  V-Acc:  50.3%  V-AUROC: 0.4929  LR: 4.00e-05
2026-08-02 15:12:53,756 | [FULL    ] | INFO | full_experiments_using.model_trainers.mobile_vit_trainer | Ep [061/500] T-Acc:  66.6%  V-Acc:  50.2%  V-AUROC: 0.4925  LR: 4.00e-05
2026-08-02 15:13:15,018 | [FULL    ] | INFO | full_experiments_using.model_trainers.mobile_vit_trainer | Ep [062/500] T-Acc:  65.4%  V-Acc:  50.4%  V-AUROC: 0.4913  LR: 4.00e-05
2026-08-02 15:13:36,567 | [FULL    ] | INFO | full_experiments_using.model_trainers.mobile_vit_trainer | Ep [063/500] T-Acc:  66.4%  V-Acc:  50.0%  V-AUROC: 0.4925  LR: 4.00e-05
2026-08-02 15:13:36,567 | [FULL    ] | INFO | full_experiments_using.model_trainers.mobile_vit_trainer | Early stop — best AUROC 0.5145 at epoch 33 (no improvement for 30 epochs)
2026-08-02 15:13:36,567 | [FULL    ] | INFO | full_experiments_using.model_trainers.mobile_vit_trainer | Done. Best AUROC: 0.5145 (epoch 33) → /home/oem/choihyunsu/VOGBasedMCIDetection/outputs/checkpoints/run_20260802_112625_full_wvote_artifact30_w0-5-10-10-0-15-30-30_4err/fold_10_best.pth
2026-08-02 15:13:44,351 | [FULL    ] | INFO | full_experiments_using.evaluators.monte_carlo_evaluator | -> Fold 11 Result | Acc=0.400 Sens=0.400 Spec=0.400 AUROC=0.600
2026-08-02 15:13:44,358 | [FULL    ] | INFO | full_experiments_using.evaluators.monte_carlo_evaluator | === Fold 12/30 | train: 25 subj (HC=9 MCI=16) / 3830 win | test: 12 subj (HC=5 MCI=7) / 1885 win ===
2026-08-02 15:13:44,629 | [FULL    ] | INFO | httpx | HTTP Request: HEAD https://huggingface.co/apple/mobilevit-small/resolve/main/config.json "HTTP/1.1 307 Temporary Redirect"
2026-08-02 15:13:44,641 | [FULL    ] | INFO | httpx | HTTP Request: HEAD https://huggingface.co/api/resolve-cache/models/apple/mobilevit-small/6c8612545dc98676d27bc518fa521d9e9af23e34/config.json "HTTP/1.1 200 OK"
2026-08-02 15:13:44,907 | [FULL    ] | INFO | httpx | HTTP Request: HEAD https://huggingface.co/apple/mobilevit-small/resolve/main/model.safetensors "HTTP/1.1 404 Not Found"
2026-08-02 15:13:45,112 | [FULL    ] | INFO | httpx | HTTP Request: HEAD https://huggingface.co/apple/mobilevit-small/resolve/main/model.safetensors.index.json "HTTP/1.1 404 Not Found"
2026-08-02 15:13:45,321 | [FULL    ] | INFO | httpx | HTTP Request: HEAD https://huggingface.co/apple/mobilevit-small/resolve/main/pytorch_model.bin "HTTP/1.1 302 Found"
2026-08-02 15:13:45,531 | [FULL    ] | INFO | httpx | HTTP Request: HEAD https://huggingface.co/apple/mobilevit-small/resolve/main/model.safetensors "HTTP/1.1 404 Not Found"
2026-08-02 15:13:45,741 | [FULL    ] | INFO | httpx | HTTP Request: GET https://huggingface.co/api/models/apple/mobilevit-small "HTTP/1.1 200 OK"
2026-08-02 15:13:46,008 | [FULL    ] | INFO | httpx | HTTP Request: GET https://huggingface.co/api/models/apple/mobilevit-small/commits/main "HTTP/1.1 200 OK"
2026-08-02 15:13:46,224 | [FULL    ] | INFO | httpx | HTTP Request: GET https://huggingface.co/api/models/apple/mobilevit-small/discussions?p=0 "HTTP/1.1 200 OK"
2026-08-02 15:13:46,449 | [FULL    ] | INFO | httpx | HTTP Request: GET https://huggingface.co/api/models/apple/mobilevit-small/commits/refs%2Fpr%2F6 "HTTP/1.1 200 OK"
2026-08-02 15:13:46,649 | [FULL    ] | INFO | full_experiments_using.model_trainers.mobile_vit_trainer | Device: cuda | max_epochs=500 | batch=32 | eval_batch=256 | es_patience=30
2026-08-02 15:13:46,653 | [FULL    ] | INFO | httpx | HTTP Request: HEAD https://huggingface.co/apple/mobilevit-small/resolve/refs%2Fpr%2F6/model.safetensors.index.json "HTTP/1.1 404 Not Found"
2026-08-02 15:13:46,657 | [FULL    ] | INFO | full_experiments_using.model_trainers.mobile_vit_trainer | CE weights — HC: 1.206  MCI: 0.854
2026-08-02 15:13:46,856 | [FULL    ] | INFO | httpx | HTTP Request: HEAD https://huggingface.co/apple/mobilevit-small/resolve/refs%2Fpr%2F6/model.safetensors "HTTP/1.1 302 Found"
2026-08-02 15:14:16,877 | [FULL    ] | INFO | full_experiments_using.model_trainers.mobile_vit_trainer | Ep [001/500] T-Acc:  45.4%  V-Acc:  45.8%  V-AUROC: 0.4430  LR: 2.00e-04
2026-08-02 15:14:16,936 | [FULL    ] | INFO | full_experiments_using.model_trainers.mobile_vit_trainer |   ↳ new best AUROC; saved checkpoint: /home/oem/choihyunsu/VOGBasedMCIDetection/outputs/checkpoints/run_20260802_112625_full_wvote_artifact30_w0-5-10-10-0-15-30-30_4err/fold_11_best.pth
2026-08-02 15:14:37,961 | [FULL    ] | INFO | full_experiments_using.model_trainers.mobile_vit_trainer | Ep [002/500] T-Acc:  45.0%  V-Acc:  46.6%  V-AUROC: 0.4426  LR: 4.00e-04
2026-08-02 15:14:59,020 | [FULL    ] | INFO | full_experiments_using.model_trainers.mobile_vit_trainer | Ep [003/500] T-Acc:  46.1%  V-Acc:  46.7%  V-AUROC: 0.4483  LR: 6.00e-04
2026-08-02 15:14:59,163 | [FULL    ] | INFO | full_experiments_using.model_trainers.mobile_vit_trainer |   ↳ new best AUROC; saved checkpoint: /home/oem/choihyunsu/VOGBasedMCIDetection/outputs/checkpoints/run_20260802_112625_full_wvote_artifact30_w0-5-10-10-0-15-30-30_4err/fold_11_best.pth
2026-08-02 15:15:20,382 | [FULL    ] | INFO | full_experiments_using.model_trainers.mobile_vit_trainer | Ep [004/500] T-Acc:  46.6%  V-Acc:  48.0%  V-AUROC: 0.4619  LR: 8.00e-04
2026-08-02 15:15:20,502 | [FULL    ] | INFO | full_experiments_using.model_trainers.mobile_vit_trainer |   ↳ new best AUROC; saved checkpoint: /home/oem/choihyunsu/VOGBasedMCIDetection/outputs/checkpoints/run_20260802_112625_full_wvote_artifact30_w0-5-10-10-0-15-30-30_4err/fold_11_best.pth
2026-08-02 15:15:41,699 | [FULL    ] | INFO | full_experiments_using.model_trainers.mobile_vit_trainer | Ep [005/500] T-Acc:  49.8%  V-Acc:  48.3%  V-AUROC: 0.4796  LR: 1.00e-03
2026-08-02 15:15:41,819 | [FULL    ] | INFO | full_experiments_using.model_trainers.mobile_vit_trainer |   ↳ new best AUROC; saved checkpoint: /home/oem/choihyunsu/VOGBasedMCIDetection/outputs/checkpoints/run_20260802_112625_full_wvote_artifact30_w0-5-10-10-0-15-30-30_4err/fold_11_best.pth
2026-08-02 15:16:02,842 | [FULL    ] | INFO | full_experiments_using.model_trainers.mobile_vit_trainer | Ep [006/500] T-Acc:  50.4%  V-Acc:  51.7%  V-AUROC: 0.5252  LR: 1.00e-03
2026-08-02 15:16:02,960 | [FULL    ] | INFO | full_experiments_using.model_trainers.mobile_vit_trainer |   ↳ new best AUROC; saved checkpoint: /home/oem/choihyunsu/VOGBasedMCIDetection/outputs/checkpoints/run_20260802_112625_full_wvote_artifact30_w0-5-10-10-0-15-30-30_4err/fold_11_best.pth
2026-08-02 15:16:24,021 | [FULL    ] | INFO | full_experiments_using.model_trainers.mobile_vit_trainer | Ep [007/500] T-Acc:  51.8%  V-Acc:  53.4%  V-AUROC: 0.5518  LR: 1.00e-03
2026-08-02 15:16:24,179 | [FULL    ] | INFO | full_experiments_using.model_trainers.mobile_vit_trainer |   ↳ new best AUROC; saved checkpoint: /home/oem/choihyunsu/VOGBasedMCIDetection/outputs/checkpoints/run_20260802_112625_full_wvote_artifact30_w0-5-10-10-0-15-30-30_4err/fold_11_best.pth
2026-08-02 15:16:45,254 | [FULL    ] | INFO | full_experiments_using.model_trainers.mobile_vit_trainer | Ep [008/500] T-Acc:  53.4%  V-Acc:  52.3%  V-AUROC: 0.5451  LR: 1.00e-03
2026-08-02 15:17:06,387 | [FULL    ] | INFO | full_experiments_using.model_trainers.mobile_vit_trainer | Ep [009/500] T-Acc:  53.2%  V-Acc:  54.9%  V-AUROC: 0.5753  LR: 1.00e-03
2026-08-02 15:17:06,511 | [FULL    ] | INFO | full_experiments_using.model_trainers.mobile_vit_trainer |   ↳ new best AUROC; saved checkpoint: /home/oem/choihyunsu/VOGBasedMCIDetection/outputs/checkpoints/run_20260802_112625_full_wvote_artifact30_w0-5-10-10-0-15-30-30_4err/fold_11_best.pth
2026-08-02 15:17:27,506 | [FULL    ] | INFO | full_experiments_using.model_trainers.mobile_vit_trainer | Ep [010/500] T-Acc:  55.3%  V-Acc:  56.9%  V-AUROC: 0.5871  LR: 1.00e-03
2026-08-02 15:17:27,628 | [FULL    ] | INFO | full_experiments_using.model_trainers.mobile_vit_trainer |   ↳ new best AUROC; saved checkpoint: /home/oem/choihyunsu/VOGBasedMCIDetection/outputs/checkpoints/run_20260802_112625_full_wvote_artifact30_w0-5-10-10-0-15-30-30_4err/fold_11_best.pth
2026-08-02 15:17:48,634 | [FULL    ] | INFO | full_experiments_using.model_trainers.mobile_vit_trainer | Ep [011/500] T-Acc:  54.7%  V-Acc:  55.6%  V-AUROC: 0.5844  LR: 1.00e-03
2026-08-02 15:18:09,556 | [FULL    ] | INFO | full_experiments_using.model_trainers.mobile_vit_trainer | Ep [012/500] T-Acc:  55.6%  V-Acc:  57.0%  V-AUROC: 0.5900  LR: 1.00e-03
2026-08-02 15:18:09,702 | [FULL    ] | INFO | full_experiments_using.model_trainers.mobile_vit_trainer |   ↳ new best AUROC; saved checkpoint: /home/oem/choihyunsu/VOGBasedMCIDetection/outputs/checkpoints/run_20260802_112625_full_wvote_artifact30_w0-5-10-10-0-15-30-30_4err/fold_11_best.pth
2026-08-02 15:18:30,896 | [FULL    ] | INFO | full_experiments_using.model_trainers.mobile_vit_trainer | Ep [013/500] T-Acc:  55.9%  V-Acc:  56.7%  V-AUROC: 0.6009  LR: 1.00e-03
2026-08-02 15:18:31,019 | [FULL    ] | INFO | full_experiments_using.model_trainers.mobile_vit_trainer |   ↳ new best AUROC; saved checkpoint: /home/oem/choihyunsu/VOGBasedMCIDetection/outputs/checkpoints/run_20260802_112625_full_wvote_artifact30_w0-5-10-10-0-15-30-30_4err/fold_11_best.pth
2026-08-02 15:18:52,001 | [FULL    ] | INFO | full_experiments_using.model_trainers.mobile_vit_trainer | Ep [014/500] T-Acc:  56.1%  V-Acc:  58.4%  V-AUROC: 0.6031  LR: 1.00e-03
2026-08-02 15:18:52,144 | [FULL    ] | INFO | full_experiments_using.model_trainers.mobile_vit_trainer |   ↳ new best AUROC; saved checkpoint: /home/oem/choihyunsu/VOGBasedMCIDetection/outputs/checkpoints/run_20260802_112625_full_wvote_artifact30_w0-5-10-10-0-15-30-30_4err/fold_11_best.pth
2026-08-02 15:19:13,319 | [FULL    ] | INFO | full_experiments_using.model_trainers.mobile_vit_trainer | Ep [015/500] T-Acc:  55.8%  V-Acc:  57.5%  V-AUROC: 0.6127  LR: 1.00e-03
2026-08-02 15:19:13,437 | [FULL    ] | INFO | full_experiments_using.model_trainers.mobile_vit_trainer |   ↳ new best AUROC; saved checkpoint: /home/oem/choihyunsu/VOGBasedMCIDetection/outputs/checkpoints/run_20260802_112625_full_wvote_artifact30_w0-5-10-10-0-15-30-30_4err/fold_11_best.pth
2026-08-02 15:19:34,543 | [FULL    ] | INFO | full_experiments_using.model_trainers.mobile_vit_trainer | Ep [016/500] T-Acc:  55.3%  V-Acc:  56.0%  V-AUROC: 0.5909  LR: 1.00e-03
2026-08-02 15:19:55,696 | [FULL    ] | INFO | full_experiments_using.model_trainers.mobile_vit_trainer | Ep [017/500] T-Acc:  57.4%  V-Acc:  57.7%  V-AUROC: 0.5993  LR: 1.00e-03
2026-08-02 15:20:16,719 | [FULL    ] | INFO | full_experiments_using.model_trainers.mobile_vit_trainer | Ep [018/500] T-Acc:  56.8%  V-Acc:  58.1%  V-AUROC: 0.6143  LR: 1.00e-03
2026-08-02 15:20:16,833 | [FULL    ] | INFO | full_experiments_using.model_trainers.mobile_vit_trainer |   ↳ new best AUROC; saved checkpoint: /home/oem/choihyunsu/VOGBasedMCIDetection/outputs/checkpoints/run_20260802_112625_full_wvote_artifact30_w0-5-10-10-0-15-30-30_4err/fold_11_best.pth
2026-08-02 15:20:36,209 | [FULL    ] | INFO | full_experiments_using.model_trainers.mobile_vit_trainer | Ep [019/500] T-Acc:  56.8%  V-Acc:  58.2%  V-AUROC: 0.6000  LR: 1.00e-03
2026-08-02 15:20:55,830 | [FULL    ] | INFO | full_experiments_using.model_trainers.mobile_vit_trainer | Ep [020/500] T-Acc:  57.6%  V-Acc:  58.6%  V-AUROC: 0.6085  LR: 1.00e-03
2026-08-02 15:21:16,793 | [FULL    ] | INFO | full_experiments_using.model_trainers.mobile_vit_trainer | Ep [021/500] T-Acc:  56.7%  V-Acc:  58.1%  V-AUROC: 0.6112  LR: 1.00e-03
2026-08-02 15:21:37,848 | [FULL    ] | INFO | full_experiments_using.model_trainers.mobile_vit_trainer | Ep [022/500] T-Acc:  59.5%  V-Acc:  58.1%  V-AUROC: 0.6159  LR: 1.00e-03
2026-08-02 15:21:37,965 | [FULL    ] | INFO | full_experiments_using.model_trainers.mobile_vit_trainer |   ↳ new best AUROC; saved checkpoint: /home/oem/choihyunsu/VOGBasedMCIDetection/outputs/checkpoints/run_20260802_112625_full_wvote_artifact30_w0-5-10-10-0-15-30-30_4err/fold_11_best.pth
2026-08-02 15:21:59,096 | [FULL    ] | INFO | full_experiments_using.model_trainers.mobile_vit_trainer | Ep [023/500] T-Acc:  58.0%  V-Acc:  58.6%  V-AUROC: 0.6152  LR: 1.00e-03
2026-08-02 15:22:20,097 | [FULL    ] | INFO | full_experiments_using.model_trainers.mobile_vit_trainer | Ep [024/500] T-Acc:  57.9%  V-Acc:  58.8%  V-AUROC: 0.6180  LR: 1.00e-03
2026-08-02 15:22:20,215 | [FULL    ] | INFO | full_experiments_using.model_trainers.mobile_vit_trainer |   ↳ new best AUROC; saved checkpoint: /home/oem/choihyunsu/VOGBasedMCIDetection/outputs/checkpoints/run_20260802_112625_full_wvote_artifact30_w0-5-10-10-0-15-30-30_4err/fold_11_best.pth
2026-08-02 15:22:41,211 | [FULL    ] | INFO | full_experiments_using.model_trainers.mobile_vit_trainer | Ep [025/500] T-Acc:  59.0%  V-Acc:  59.7%  V-AUROC: 0.6250  LR: 1.00e-03
2026-08-02 15:22:41,331 | [FULL    ] | INFO | full_experiments_using.model_trainers.mobile_vit_trainer |   ↳ new best AUROC; saved checkpoint: /home/oem/choihyunsu/VOGBasedMCIDetection/outputs/checkpoints/run_20260802_112625_full_wvote_artifact30_w0-5-10-10-0-15-30-30_4err/fold_11_best.pth
2026-08-02 15:23:02,276 | [FULL    ] | INFO | full_experiments_using.model_trainers.mobile_vit_trainer | Ep [026/500] T-Acc:  58.2%  V-Acc:  58.7%  V-AUROC: 0.6211  LR: 1.00e-03
2026-08-02 15:23:23,408 | [FULL    ] | INFO | full_experiments_using.model_trainers.mobile_vit_trainer | Ep [027/500] T-Acc:  58.5%  V-Acc:  59.4%  V-AUROC: 0.6236  LR: 1.00e-03
2026-08-02 15:23:44,397 | [FULL    ] | INFO | full_experiments_using.model_trainers.mobile_vit_trainer | Ep [028/500] T-Acc:  58.9%  V-Acc:  58.6%  V-AUROC: 0.6189  LR: 1.00e-03
2026-08-02 15:24:05,143 | [FULL    ] | INFO | full_experiments_using.model_trainers.mobile_vit_trainer | Ep [029/500] T-Acc:  59.1%  V-Acc:  58.4%  V-AUROC: 0.6197  LR: 1.00e-03
2026-08-02 15:24:26,114 | [FULL    ] | INFO | full_experiments_using.model_trainers.mobile_vit_trainer | Ep [030/500] T-Acc:  58.3%  V-Acc:  58.9%  V-AUROC: 0.6272  LR: 1.00e-03
2026-08-02 15:24:26,228 | [FULL    ] | INFO | full_experiments_using.model_trainers.mobile_vit_trainer |   ↳ new best AUROC; saved checkpoint: /home/oem/choihyunsu/VOGBasedMCIDetection/outputs/checkpoints/run_20260802_112625_full_wvote_artifact30_w0-5-10-10-0-15-30-30_4err/fold_11_best.pth
2026-08-02 15:24:47,289 | [FULL    ] | INFO | full_experiments_using.model_trainers.mobile_vit_trainer | Ep [031/500] T-Acc:  58.3%  V-Acc:  59.4%  V-AUROC: 0.6276  LR: 1.00e-03
2026-08-02 15:24:47,408 | [FULL    ] | INFO | full_experiments_using.model_trainers.mobile_vit_trainer |   ↳ new best AUROC; saved checkpoint: /home/oem/choihyunsu/VOGBasedMCIDetection/outputs/checkpoints/run_20260802_112625_full_wvote_artifact30_w0-5-10-10-0-15-30-30_4err/fold_11_best.pth
2026-08-02 15:25:08,418 | [FULL    ] | INFO | full_experiments_using.model_trainers.mobile_vit_trainer | Ep [032/500] T-Acc:  60.2%  V-Acc:  59.2%  V-AUROC: 0.6259  LR: 1.00e-03
2026-08-02 15:25:29,532 | [FULL    ] | INFO | full_experiments_using.model_trainers.mobile_vit_trainer | Ep [033/500] T-Acc:  59.2%  V-Acc:  60.3%  V-AUROC: 0.6342  LR: 1.00e-03
2026-08-02 15:25:29,650 | [FULL    ] | INFO | full_experiments_using.model_trainers.mobile_vit_trainer |   ↳ new best AUROC; saved checkpoint: /home/oem/choihyunsu/VOGBasedMCIDetection/outputs/checkpoints/run_20260802_112625_full_wvote_artifact30_w0-5-10-10-0-15-30-30_4err/fold_11_best.pth
2026-08-02 15:25:50,674 | [FULL    ] | INFO | full_experiments_using.model_trainers.mobile_vit_trainer | Ep [034/500] T-Acc:  60.5%  V-Acc:  59.5%  V-AUROC: 0.6250  LR: 1.00e-03
2026-08-02 15:26:11,670 | [FULL    ] | INFO | full_experiments_using.model_trainers.mobile_vit_trainer | Ep [035/500] T-Acc:  59.1%  V-Acc:  60.4%  V-AUROC: 0.6354  LR: 1.00e-03
2026-08-02 15:26:11,813 | [FULL    ] | INFO | full_experiments_using.model_trainers.mobile_vit_trainer |   ↳ new best AUROC; saved checkpoint: /home/oem/choihyunsu/VOGBasedMCIDetection/outputs/checkpoints/run_20260802_112625_full_wvote_artifact30_w0-5-10-10-0-15-30-30_4err/fold_11_best.pth
2026-08-02 15:26:32,935 | [FULL    ] | INFO | full_experiments_using.model_trainers.mobile_vit_trainer | Ep [036/500] T-Acc:  59.4%  V-Acc:  60.5%  V-AUROC: 0.6297  LR: 1.00e-03
2026-08-02 15:26:54,001 | [FULL    ] | INFO | full_experiments_using.model_trainers.mobile_vit_trainer | Ep [037/500] T-Acc:  60.6%  V-Acc:  60.7%  V-AUROC: 0.6304  LR: 1.00e-03
2026-08-02 15:27:14,996 | [FULL    ] | INFO | full_experiments_using.model_trainers.mobile_vit_trainer | Ep [038/500] T-Acc:  59.6%  V-Acc:  59.7%  V-AUROC: 0.6310  LR: 1.00e-03
2026-08-02 15:27:36,228 | [FULL    ] | INFO | full_experiments_using.model_trainers.mobile_vit_trainer | Ep [039/500] T-Acc:  60.8%  V-Acc:  59.4%  V-AUROC: 0.6313  LR: 1.00e-03
2026-08-02 15:27:57,268 | [FULL    ] | INFO | full_experiments_using.model_trainers.mobile_vit_trainer | Ep [040/500] T-Acc:  60.5%  V-Acc:  59.0%  V-AUROC: 0.6293  LR: 1.00e-03
2026-08-02 15:28:18,366 | [FULL    ] | INFO | full_experiments_using.model_trainers.mobile_vit_trainer | Ep [041/500] T-Acc:  59.8%  V-Acc:  59.6%  V-AUROC: 0.6312  LR: 1.00e-03
2026-08-02 15:28:39,538 | [FULL    ] | INFO | full_experiments_using.model_trainers.mobile_vit_trainer | Ep [042/500] T-Acc:  59.7%  V-Acc:  59.7%  V-AUROC: 0.6312  LR: 1.00e-03
2026-08-02 15:29:00,408 | [FULL    ] | INFO | full_experiments_using.model_trainers.mobile_vit_trainer | Ep [043/500] T-Acc:  59.9%  V-Acc:  59.8%  V-AUROC: 0.6230  LR: 1.00e-03
2026-08-02 15:29:21,066 | [FULL    ] | INFO | full_experiments_using.model_trainers.mobile_vit_trainer | Ep [044/500] T-Acc:  61.1%  V-Acc:  60.0%  V-AUROC: 0.6356  LR: 1.00e-03
2026-08-02 15:29:21,173 | [FULL    ] | INFO | full_experiments_using.model_trainers.mobile_vit_trainer |   ↳ new best AUROC; saved checkpoint: /home/oem/choihyunsu/VOGBasedMCIDetection/outputs/checkpoints/run_20260802_112625_full_wvote_artifact30_w0-5-10-10-0-15-30-30_4err/fold_11_best.pth
2026-08-02 15:29:40,811 | [FULL    ] | INFO | full_experiments_using.model_trainers.mobile_vit_trainer | Ep [045/500] T-Acc:  60.7%  V-Acc:  59.0%  V-AUROC: 0.6220  LR: 1.00e-03
2026-08-02 15:30:00,067 | [FULL    ] | INFO | full_experiments_using.model_trainers.mobile_vit_trainer | Ep [046/500] T-Acc:  61.2%  V-Acc:  60.3%  V-AUROC: 0.6266  LR: 1.00e-03
2026-08-02 15:30:21,081 | [FULL    ] | INFO | full_experiments_using.model_trainers.mobile_vit_trainer | Ep [047/500] T-Acc:  60.5%  V-Acc:  59.5%  V-AUROC: 0.6290  LR: 1.00e-03
2026-08-02 15:30:41,997 | [FULL    ] | INFO | full_experiments_using.model_trainers.mobile_vit_trainer | Ep [048/500] T-Acc:  60.9%  V-Acc:  59.3%  V-AUROC: 0.6217  LR: 1.00e-03
2026-08-02 15:31:03,021 | [FULL    ] | INFO | full_experiments_using.model_trainers.mobile_vit_trainer | Ep [049/500] T-Acc:  60.3%  V-Acc:  58.3%  V-AUROC: 0.6195  LR: 1.00e-03
2026-08-02 15:31:24,044 | [FULL    ] | INFO | full_experiments_using.model_trainers.mobile_vit_trainer | Ep [050/500] T-Acc:  61.3%  V-Acc:  59.8%  V-AUROC: 0.6240  LR: 1.00e-03
2026-08-02 15:31:45,213 | [FULL    ] | INFO | full_experiments_using.model_trainers.mobile_vit_trainer | Ep [051/500] T-Acc:  60.6%  V-Acc:  59.6%  V-AUROC: 0.6254  LR: 1.00e-03
2026-08-02 15:32:06,278 | [FULL    ] | INFO | full_experiments_using.model_trainers.mobile_vit_trainer | Ep [052/500] T-Acc:  61.0%  V-Acc:  58.3%  V-AUROC: 0.6208  LR: 1.00e-03
2026-08-02 15:32:27,497 | [FULL    ] | INFO | full_experiments_using.model_trainers.mobile_vit_trainer | Ep [053/500] T-Acc:  61.6%  V-Acc:  59.7%  V-AUROC: 0.6290  LR: 1.00e-03
2026-08-02 15:32:48,506 | [FULL    ] | INFO | full_experiments_using.model_trainers.mobile_vit_trainer | Ep [054/500] T-Acc:  62.2%  V-Acc:  58.1%  V-AUROC: 0.6182  LR: 1.00e-03
2026-08-02 15:33:09,399 | [FULL    ] | INFO | full_experiments_using.model_trainers.mobile_vit_trainer | Ep [055/500] T-Acc:  61.6%  V-Acc:  59.8%  V-AUROC: 0.6260  LR: 1.00e-03
2026-08-02 15:33:30,484 | [FULL    ] | INFO | full_experiments_using.model_trainers.mobile_vit_trainer | Ep [056/500] T-Acc:  61.2%  V-Acc:  60.1%  V-AUROC: 0.6289  LR: 2.00e-04
2026-08-02 15:33:51,607 | [FULL    ] | INFO | full_experiments_using.model_trainers.mobile_vit_trainer | Ep [057/500] T-Acc:  61.6%  V-Acc:  59.6%  V-AUROC: 0.6268  LR: 2.00e-04
2026-08-02 15:34:12,617 | [FULL    ] | INFO | full_experiments_using.model_trainers.mobile_vit_trainer | Ep [058/500] T-Acc:  61.4%  V-Acc:  59.4%  V-AUROC: 0.6264  LR: 2.00e-04
2026-08-02 15:34:33,744 | [FULL    ] | INFO | full_experiments_using.model_trainers.mobile_vit_trainer | Ep [059/500] T-Acc:  62.8%  V-Acc:  59.0%  V-AUROC: 0.6250  LR: 2.00e-04
2026-08-02 15:34:54,855 | [FULL    ] | INFO | full_experiments_using.model_trainers.mobile_vit_trainer | Ep [060/500] T-Acc:  60.9%  V-Acc:  59.7%  V-AUROC: 0.6266  LR: 2.00e-04
2026-08-02 15:35:15,916 | [FULL    ] | INFO | full_experiments_using.model_trainers.mobile_vit_trainer | Ep [061/500] T-Acc:  62.9%  V-Acc:  59.5%  V-AUROC: 0.6260  LR: 2.00e-04
2026-08-02 15:35:36,970 | [FULL    ] | INFO | full_experiments_using.model_trainers.mobile_vit_trainer | Ep [062/500] T-Acc:  61.6%  V-Acc:  59.6%  V-AUROC: 0.6236  LR: 2.00e-04
2026-08-02 15:35:57,771 | [FULL    ] | INFO | full_experiments_using.model_trainers.mobile_vit_trainer | Ep [063/500] T-Acc:  61.6%  V-Acc:  59.2%  V-AUROC: 0.6242  LR: 2.00e-04
2026-08-02 15:36:18,749 | [FULL    ] | INFO | full_experiments_using.model_trainers.mobile_vit_trainer | Ep [064/500] T-Acc:  61.3%  V-Acc:  59.0%  V-AUROC: 0.6236  LR: 2.00e-04
2026-08-02 15:36:39,874 | [FULL    ] | INFO | full_experiments_using.model_trainers.mobile_vit_trainer | Ep [065/500] T-Acc:  63.1%  V-Acc:  59.7%  V-AUROC: 0.6217  LR: 2.00e-04
2026-08-02 15:37:01,025 | [FULL    ] | INFO | full_experiments_using.model_trainers.mobile_vit_trainer | Ep [066/500] T-Acc:  60.9%  V-Acc:  59.3%  V-AUROC: 0.6200  LR: 2.00e-04
2026-08-02 15:37:22,119 | [FULL    ] | INFO | full_experiments_using.model_trainers.mobile_vit_trainer | Ep [067/500] T-Acc:  62.7%  V-Acc:  59.3%  V-AUROC: 0.6231  LR: 4.00e-05
2026-08-02 15:37:43,210 | [FULL    ] | INFO | full_experiments_using.model_trainers.mobile_vit_trainer | Ep [068/500] T-Acc:  62.0%  V-Acc:  59.0%  V-AUROC: 0.6219  LR: 4.00e-05
2026-08-02 15:38:04,258 | [FULL    ] | INFO | full_experiments_using.model_trainers.mobile_vit_trainer | Ep [069/500] T-Acc:  61.4%  V-Acc:  59.3%  V-AUROC: 0.6222  LR: 4.00e-05
2026-08-02 15:38:25,308 | [FULL    ] | INFO | full_experiments_using.model_trainers.mobile_vit_trainer | Ep [070/500] T-Acc:  61.4%  V-Acc:  58.8%  V-AUROC: 0.6222  LR: 4.00e-05
2026-08-02 15:38:46,318 | [FULL    ] | INFO | full_experiments_using.model_trainers.mobile_vit_trainer | Ep [071/500] T-Acc:  61.3%  V-Acc:  59.7%  V-AUROC: 0.6220  LR: 4.00e-05
2026-08-02 15:39:07,310 | [FULL    ] | INFO | full_experiments_using.model_trainers.mobile_vit_trainer | Ep [072/500] T-Acc:  61.6%  V-Acc:  59.3%  V-AUROC: 0.6267  LR: 4.00e-05
2026-08-02 15:39:28,462 | [FULL    ] | INFO | full_experiments_using.model_trainers.mobile_vit_trainer | Ep [073/500] T-Acc:  61.3%  V-Acc:  59.7%  V-AUROC: 0.6286  LR: 4.00e-05
2026-08-02 15:39:49,451 | [FULL    ] | INFO | full_experiments_using.model_trainers.mobile_vit_trainer | Ep [074/500] T-Acc:  60.9%  V-Acc:  59.4%  V-AUROC: 0.6236  LR: 4.00e-05
2026-08-02 15:39:49,452 | [FULL    ] | INFO | full_experiments_using.model_trainers.mobile_vit_trainer | Early stop — best AUROC 0.6356 at epoch 44 (no improvement for 30 epochs)
2026-08-02 15:39:49,452 | [FULL    ] | INFO | full_experiments_using.model_trainers.mobile_vit_trainer | Done. Best AUROC: 0.6356 (epoch 44) → /home/oem/choihyunsu/VOGBasedMCIDetection/outputs/checkpoints/run_20260802_112625_full_wvote_artifact30_w0-5-10-10-0-15-30-30_4err/fold_11_best.pth
2026-08-02 15:39:56,569 | [FULL    ] | INFO | full_experiments_using.evaluators.monte_carlo_evaluator | -> Fold 12 Result | Acc=0.818 Sens=0.857 Spec=0.750 AUROC=0.857
2026-08-02 15:39:56,575 | [FULL    ] | INFO | full_experiments_using.evaluators.monte_carlo_evaluator | === Fold 13/30 | train: 25 subj (HC=7 MCI=18) / 3777 win | test: 12 subj (HC=7 MCI=5) / 1938 win ===
2026-08-02 15:39:56,798 | [FULL    ] | INFO | httpx | HTTP Request: HEAD https://huggingface.co/apple/mobilevit-small/resolve/main/config.json "HTTP/1.1 307 Temporary Redirect"
2026-08-02 15:39:56,809 | [FULL    ] | INFO | httpx | HTTP Request: HEAD https://huggingface.co/api/resolve-cache/models/apple/mobilevit-small/6c8612545dc98676d27bc518fa521d9e9af23e34/config.json "HTTP/1.1 200 OK"
2026-08-02 15:39:57,066 | [FULL    ] | INFO | httpx | HTTP Request: HEAD https://huggingface.co/apple/mobilevit-small/resolve/main/model.safetensors "HTTP/1.1 404 Not Found"
2026-08-02 15:39:57,274 | [FULL    ] | INFO | httpx | HTTP Request: HEAD https://huggingface.co/apple/mobilevit-small/resolve/main/model.safetensors.index.json "HTTP/1.1 404 Not Found"
2026-08-02 15:39:57,484 | [FULL    ] | INFO | httpx | HTTP Request: HEAD https://huggingface.co/apple/mobilevit-small/resolve/main/pytorch_model.bin "HTTP/1.1 302 Found"
2026-08-02 15:39:57,689 | [FULL    ] | INFO | httpx | HTTP Request: HEAD https://huggingface.co/apple/mobilevit-small/resolve/main/model.safetensors "HTTP/1.1 404 Not Found"
2026-08-02 15:39:57,902 | [FULL    ] | INFO | httpx | HTTP Request: GET https://huggingface.co/api/models/apple/mobilevit-small "HTTP/1.1 200 OK"
2026-08-02 15:39:58,132 | [FULL    ] | INFO | httpx | HTTP Request: GET https://huggingface.co/api/models/apple/mobilevit-small/commits/main "HTTP/1.1 200 OK"
2026-08-02 15:39:58,365 | [FULL    ] | INFO | httpx | HTTP Request: GET https://huggingface.co/api/models/apple/mobilevit-small/discussions?p=0 "HTTP/1.1 200 OK"
2026-08-02 15:39:58,592 | [FULL    ] | INFO | httpx | HTTP Request: GET https://huggingface.co/api/models/apple/mobilevit-small/commits/refs%2Fpr%2F6 "HTTP/1.1 200 OK"
2026-08-02 15:39:58,776 | [FULL    ] | INFO | full_experiments_using.model_trainers.mobile_vit_trainer | Device: cuda | max_epochs=500 | batch=32 | eval_batch=256 | es_patience=30
2026-08-02 15:39:58,781 | [FULL    ] | INFO | full_experiments_using.model_trainers.mobile_vit_trainer | CE weights — HC: 1.488  MCI: 0.753
2026-08-02 15:39:58,794 | [FULL    ] | INFO | httpx | HTTP Request: HEAD https://huggingface.co/apple/mobilevit-small/resolve/refs%2Fpr%2F6/model.safetensors.index.json "HTTP/1.1 404 Not Found"
2026-08-02 15:39:59,001 | [FULL    ] | INFO | httpx | HTTP Request: HEAD https://huggingface.co/apple/mobilevit-small/resolve/refs%2Fpr%2F6/model.safetensors "HTTP/1.1 302 Found"
2026-08-02 15:40:31,365 | [FULL    ] | INFO | full_experiments_using.model_trainers.mobile_vit_trainer | Ep [001/500] T-Acc:  47.6%  V-Acc:  52.6%  V-AUROC: 0.4742  LR: 2.00e-04
2026-08-02 15:40:31,425 | [FULL    ] | INFO | full_experiments_using.model_trainers.mobile_vit_trainer |   ↳ new best AUROC; saved checkpoint: /home/oem/choihyunsu/VOGBasedMCIDetection/outputs/checkpoints/run_20260802_112625_full_wvote_artifact30_w0-5-10-10-0-15-30-30_4err/fold_12_best.pth
2026-08-02 15:40:52,445 | [FULL    ] | INFO | full_experiments_using.model_trainers.mobile_vit_trainer | Ep [002/500] T-Acc:  48.5%  V-Acc:  50.9%  V-AUROC: 0.4728  LR: 4.00e-04
2026-08-02 15:41:13,356 | [FULL    ] | INFO | full_experiments_using.model_trainers.mobile_vit_trainer | Ep [003/500] T-Acc:  49.3%  V-Acc:  52.7%  V-AUROC: 0.4704  LR: 6.00e-04
2026-08-02 15:41:34,244 | [FULL    ] | INFO | full_experiments_using.model_trainers.mobile_vit_trainer | Ep [004/500] T-Acc:  50.7%  V-Acc:  49.1%  V-AUROC: 0.4464  LR: 8.00e-04
2026-08-02 15:41:55,175 | [FULL    ] | INFO | full_experiments_using.model_trainers.mobile_vit_trainer | Ep [005/500] T-Acc:  52.5%  V-Acc:  50.8%  V-AUROC: 0.4691  LR: 1.00e-03
2026-08-02 15:42:16,285 | [FULL    ] | INFO | full_experiments_using.model_trainers.mobile_vit_trainer | Ep [006/500] T-Acc:  53.3%  V-Acc:  51.2%  V-AUROC: 0.4575  LR: 1.00e-03
2026-08-02 15:42:37,404 | [FULL    ] | INFO | full_experiments_using.model_trainers.mobile_vit_trainer | Ep [007/500] T-Acc:  55.8%  V-Acc:  47.8%  V-AUROC: 0.4466  LR: 1.00e-03
2026-08-02 15:42:58,346 | [FULL    ] | INFO | full_experiments_using.model_trainers.mobile_vit_trainer | Ep [008/500] T-Acc:  55.3%  V-Acc:  50.3%  V-AUROC: 0.4578  LR: 1.00e-03
2026-08-02 15:43:19,295 | [FULL    ] | INFO | full_experiments_using.model_trainers.mobile_vit_trainer | Ep [009/500] T-Acc:  57.8%  V-Acc:  49.8%  V-AUROC: 0.4770  LR: 1.00e-03
2026-08-02 15:43:19,444 | [FULL    ] | INFO | full_experiments_using.model_trainers.mobile_vit_trainer |   ↳ new best AUROC; saved checkpoint: /home/oem/choihyunsu/VOGBasedMCIDetection/outputs/checkpoints/run_20260802_112625_full_wvote_artifact30_w0-5-10-10-0-15-30-30_4err/fold_12_best.pth
2026-08-02 15:43:40,466 | [FULL    ] | INFO | full_experiments_using.model_trainers.mobile_vit_trainer | Ep [010/500] T-Acc:  58.1%  V-Acc:  49.6%  V-AUROC: 0.4599  LR: 1.00e-03
2026-08-02 15:44:01,511 | [FULL    ] | INFO | full_experiments_using.model_trainers.mobile_vit_trainer | Ep [011/500] T-Acc:  57.8%  V-Acc:  49.3%  V-AUROC: 0.4630  LR: 1.00e-03
2026-08-02 15:44:22,590 | [FULL    ] | INFO | full_experiments_using.model_trainers.mobile_vit_trainer | Ep [012/500] T-Acc:  59.6%  V-Acc:  50.8%  V-AUROC: 0.4726  LR: 1.00e-03
2026-08-02 15:44:43,614 | [FULL    ] | INFO | full_experiments_using.model_trainers.mobile_vit_trainer | Ep [013/500] T-Acc:  59.1%  V-Acc:  51.5%  V-AUROC: 0.4847  LR: 1.00e-03
2026-08-02 15:44:43,736 | [FULL    ] | INFO | full_experiments_using.model_trainers.mobile_vit_trainer |   ↳ new best AUROC; saved checkpoint: /home/oem/choihyunsu/VOGBasedMCIDetection/outputs/checkpoints/run_20260802_112625_full_wvote_artifact30_w0-5-10-10-0-15-30-30_4err/fold_12_best.pth
2026-08-02 15:45:04,754 | [FULL    ] | INFO | full_experiments_using.model_trainers.mobile_vit_trainer | Ep [014/500] T-Acc:  58.8%  V-Acc:  51.5%  V-AUROC: 0.4870  LR: 1.00e-03
2026-08-02 15:45:04,870 | [FULL    ] | INFO | full_experiments_using.model_trainers.mobile_vit_trainer |   ↳ new best AUROC; saved checkpoint: /home/oem/choihyunsu/VOGBasedMCIDetection/outputs/checkpoints/run_20260802_112625_full_wvote_artifact30_w0-5-10-10-0-15-30-30_4err/fold_12_best.pth
2026-08-02 15:45:24,393 | [FULL    ] | INFO | full_experiments_using.model_trainers.mobile_vit_trainer | Ep [015/500] T-Acc:  60.0%  V-Acc:  51.9%  V-AUROC: 0.4820  LR: 1.00e-03
2026-08-02 15:45:45,333 | [FULL    ] | INFO | full_experiments_using.model_trainers.mobile_vit_trainer | Ep [016/500] T-Acc:  59.8%  V-Acc:  52.9%  V-AUROC: 0.4838  LR: 1.00e-03
2026-08-02 15:46:04,210 | [FULL    ] | INFO | full_experiments_using.model_trainers.mobile_vit_trainer | Ep [017/500] T-Acc:  59.9%  V-Acc:  51.8%  V-AUROC: 0.4808  LR: 1.00e-03
2026-08-02 15:46:25,089 | [FULL    ] | INFO | full_experiments_using.model_trainers.mobile_vit_trainer | Ep [018/500] T-Acc:  59.1%  V-Acc:  52.5%  V-AUROC: 0.4814  LR: 1.00e-03
2026-08-02 15:46:45,989 | [FULL    ] | INFO | full_experiments_using.model_trainers.mobile_vit_trainer | Ep [019/500] T-Acc:  60.4%  V-Acc:  52.1%  V-AUROC: 0.4807  LR: 1.00e-03
2026-08-02 15:47:06,810 | [FULL    ] | INFO | full_experiments_using.model_trainers.mobile_vit_trainer | Ep [020/500] T-Acc:  60.1%  V-Acc:  52.6%  V-AUROC: 0.4856  LR: 1.00e-03
2026-08-02 15:47:27,552 | [FULL    ] | INFO | full_experiments_using.model_trainers.mobile_vit_trainer | Ep [021/500] T-Acc:  60.7%  V-Acc:  51.1%  V-AUROC: 0.4826  LR: 1.00e-03
2026-08-02 15:47:48,479 | [FULL    ] | INFO | full_experiments_using.model_trainers.mobile_vit_trainer | Ep [022/500] T-Acc:  62.2%  V-Acc:  50.6%  V-AUROC: 0.4730  LR: 1.00e-03
2026-08-02 15:48:09,492 | [FULL    ] | INFO | full_experiments_using.model_trainers.mobile_vit_trainer | Ep [023/500] T-Acc:  61.4%  V-Acc:  52.5%  V-AUROC: 0.4873  LR: 1.00e-03
2026-08-02 15:48:09,609 | [FULL    ] | INFO | full_experiments_using.model_trainers.mobile_vit_trainer |   ↳ new best AUROC; saved checkpoint: /home/oem/choihyunsu/VOGBasedMCIDetection/outputs/checkpoints/run_20260802_112625_full_wvote_artifact30_w0-5-10-10-0-15-30-30_4err/fold_12_best.pth
2026-08-02 15:48:30,501 | [FULL    ] | INFO | full_experiments_using.model_trainers.mobile_vit_trainer | Ep [024/500] T-Acc:  61.5%  V-Acc:  52.6%  V-AUROC: 0.4810  LR: 1.00e-03
2026-08-02 15:48:51,294 | [FULL    ] | INFO | full_experiments_using.model_trainers.mobile_vit_trainer | Ep [025/500] T-Acc:  61.2%  V-Acc:  53.3%  V-AUROC: 0.4878  LR: 1.00e-03
2026-08-02 15:48:51,410 | [FULL    ] | INFO | full_experiments_using.model_trainers.mobile_vit_trainer |   ↳ new best AUROC; saved checkpoint: /home/oem/choihyunsu/VOGBasedMCIDetection/outputs/checkpoints/run_20260802_112625_full_wvote_artifact30_w0-5-10-10-0-15-30-30_4err/fold_12_best.pth
2026-08-02 15:49:12,234 | [FULL    ] | INFO | full_experiments_using.model_trainers.mobile_vit_trainer | Ep [026/500] T-Acc:  61.8%  V-Acc:  52.8%  V-AUROC: 0.4866  LR: 1.00e-03
2026-08-02 15:49:33,174 | [FULL    ] | INFO | full_experiments_using.model_trainers.mobile_vit_trainer | Ep [027/500] T-Acc:  62.5%  V-Acc:  51.9%  V-AUROC: 0.4864  LR: 1.00e-03
2026-08-02 15:49:54,275 | [FULL    ] | INFO | full_experiments_using.model_trainers.mobile_vit_trainer | Ep [028/500] T-Acc:  61.6%  V-Acc:  51.0%  V-AUROC: 0.4876  LR: 1.00e-03
2026-08-02 15:50:15,249 | [FULL    ] | INFO | full_experiments_using.model_trainers.mobile_vit_trainer | Ep [029/500] T-Acc:  62.4%  V-Acc:  51.8%  V-AUROC: 0.4856  LR: 1.00e-03
2026-08-02 15:50:36,312 | [FULL    ] | INFO | full_experiments_using.model_trainers.mobile_vit_trainer | Ep [030/500] T-Acc:  63.3%  V-Acc:  52.7%  V-AUROC: 0.4865  LR: 1.00e-03
2026-08-02 15:50:57,305 | [FULL    ] | INFO | full_experiments_using.model_trainers.mobile_vit_trainer | Ep [031/500] T-Acc:  62.8%  V-Acc:  52.4%  V-AUROC: 0.4873  LR: 1.00e-03
2026-08-02 15:51:15,852 | [FULL    ] | INFO | full_experiments_using.model_trainers.mobile_vit_trainer | Ep [032/500] T-Acc:  63.1%  V-Acc:  51.2%  V-AUROC: 0.4871  LR: 1.00e-03
2026-08-02 15:51:35,959 | [FULL    ] | INFO | full_experiments_using.model_trainers.mobile_vit_trainer | Ep [033/500] T-Acc:  63.3%  V-Acc:  51.2%  V-AUROC: 0.4818  LR: 1.00e-03
2026-08-02 15:51:55,620 | [FULL    ] | INFO | full_experiments_using.model_trainers.mobile_vit_trainer | Ep [034/500] T-Acc:  63.3%  V-Acc:  51.4%  V-AUROC: 0.4858  LR: 1.00e-03
2026-08-02 15:52:16,513 | [FULL    ] | INFO | full_experiments_using.model_trainers.mobile_vit_trainer | Ep [035/500] T-Acc:  63.1%  V-Acc:  52.1%  V-AUROC: 0.4798  LR: 1.00e-03
2026-08-02 15:52:37,595 | [FULL    ] | INFO | full_experiments_using.model_trainers.mobile_vit_trainer | Ep [036/500] T-Acc:  62.3%  V-Acc:  53.6%  V-AUROC: 0.4961  LR: 1.00e-03
2026-08-02 15:52:37,712 | [FULL    ] | INFO | full_experiments_using.model_trainers.mobile_vit_trainer |   ↳ new best AUROC; saved checkpoint: /home/oem/choihyunsu/VOGBasedMCIDetection/outputs/checkpoints/run_20260802_112625_full_wvote_artifact30_w0-5-10-10-0-15-30-30_4err/fold_12_best.pth
2026-08-02 15:52:58,735 | [FULL    ] | INFO | full_experiments_using.model_trainers.mobile_vit_trainer | Ep [037/500] T-Acc:  63.3%  V-Acc:  51.2%  V-AUROC: 0.4739  LR: 1.00e-03
2026-08-02 15:53:19,614 | [FULL    ] | INFO | full_experiments_using.model_trainers.mobile_vit_trainer | Ep [038/500] T-Acc:  63.0%  V-Acc:  51.8%  V-AUROC: 0.4809  LR: 1.00e-03
2026-08-02 15:53:40,594 | [FULL    ] | INFO | full_experiments_using.model_trainers.mobile_vit_trainer | Ep [039/500] T-Acc:  62.2%  V-Acc:  51.8%  V-AUROC: 0.4799  LR: 1.00e-03
2026-08-02 15:54:01,468 | [FULL    ] | INFO | full_experiments_using.model_trainers.mobile_vit_trainer | Ep [040/500] T-Acc:  64.5%  V-Acc:  51.4%  V-AUROC: 0.4799  LR: 1.00e-03
2026-08-02 15:54:22,485 | [FULL    ] | INFO | full_experiments_using.model_trainers.mobile_vit_trainer | Ep [041/500] T-Acc:  64.0%  V-Acc:  52.3%  V-AUROC: 0.4797  LR: 1.00e-03
2026-08-02 15:54:43,247 | [FULL    ] | INFO | full_experiments_using.model_trainers.mobile_vit_trainer | Ep [042/500] T-Acc:  62.9%  V-Acc:  52.2%  V-AUROC: 0.4771  LR: 1.00e-03
2026-08-02 15:55:04,123 | [FULL    ] | INFO | full_experiments_using.model_trainers.mobile_vit_trainer | Ep [043/500] T-Acc:  64.6%  V-Acc:  51.9%  V-AUROC: 0.4827  LR: 1.00e-03
2026-08-02 15:55:25,100 | [FULL    ] | INFO | full_experiments_using.model_trainers.mobile_vit_trainer | Ep [044/500] T-Acc:  63.2%  V-Acc:  53.1%  V-AUROC: 0.4858  LR: 1.00e-03
2026-08-02 15:55:45,901 | [FULL    ] | INFO | full_experiments_using.model_trainers.mobile_vit_trainer | Ep [045/500] T-Acc:  63.9%  V-Acc:  52.7%  V-AUROC: 0.4823  LR: 1.00e-03
2026-08-02 15:56:06,920 | [FULL    ] | INFO | full_experiments_using.model_trainers.mobile_vit_trainer | Ep [046/500] T-Acc:  64.1%  V-Acc:  50.7%  V-AUROC: 0.4771  LR: 1.00e-03
2026-08-02 15:56:27,986 | [FULL    ] | INFO | full_experiments_using.model_trainers.mobile_vit_trainer | Ep [047/500] T-Acc:  64.7%  V-Acc:  52.7%  V-AUROC: 0.4805  LR: 1.00e-03
2026-08-02 15:56:48,965 | [FULL    ] | INFO | full_experiments_using.model_trainers.mobile_vit_trainer | Ep [048/500] T-Acc:  63.9%  V-Acc:  52.1%  V-AUROC: 0.4826  LR: 2.00e-04
2026-08-02 15:57:09,831 | [FULL    ] | INFO | full_experiments_using.model_trainers.mobile_vit_trainer | Ep [049/500] T-Acc:  64.3%  V-Acc:  52.0%  V-AUROC: 0.4876  LR: 2.00e-04
2026-08-02 15:57:30,679 | [FULL    ] | INFO | full_experiments_using.model_trainers.mobile_vit_trainer | Ep [050/500] T-Acc:  63.7%  V-Acc:  52.8%  V-AUROC: 0.4851  LR: 2.00e-04
2026-08-02 15:57:51,713 | [FULL    ] | INFO | full_experiments_using.model_trainers.mobile_vit_trainer | Ep [051/500] T-Acc:  65.3%  V-Acc:  52.7%  V-AUROC: 0.4828  LR: 2.00e-04
2026-08-02 15:58:12,754 | [FULL    ] | INFO | full_experiments_using.model_trainers.mobile_vit_trainer | Ep [052/500] T-Acc:  63.4%  V-Acc:  52.5%  V-AUROC: 0.4817  LR: 2.00e-04
2026-08-02 15:58:33,765 | [FULL    ] | INFO | full_experiments_using.model_trainers.mobile_vit_trainer | Ep [053/500] T-Acc:  65.7%  V-Acc:  52.2%  V-AUROC: 0.4870  LR: 2.00e-04
2026-08-02 15:58:54,709 | [FULL    ] | INFO | full_experiments_using.model_trainers.mobile_vit_trainer | Ep [054/500] T-Acc:  65.7%  V-Acc:  52.7%  V-AUROC: 0.4870  LR: 2.00e-04
2026-08-02 15:59:15,615 | [FULL    ] | INFO | full_experiments_using.model_trainers.mobile_vit_trainer | Ep [055/500] T-Acc:  65.1%  V-Acc:  52.4%  V-AUROC: 0.4847  LR: 2.00e-04
2026-08-02 15:59:36,657 | [FULL    ] | INFO | full_experiments_using.model_trainers.mobile_vit_trainer | Ep [056/500] T-Acc:  64.8%  V-Acc:  52.7%  V-AUROC: 0.4858  LR: 2.00e-04
2026-08-02 15:59:57,645 | [FULL    ] | INFO | full_experiments_using.model_trainers.mobile_vit_trainer | Ep [057/500] T-Acc:  65.0%  V-Acc:  52.1%  V-AUROC: 0.4832  LR: 2.00e-04
2026-08-02 16:00:18,596 | [FULL    ] | INFO | full_experiments_using.model_trainers.mobile_vit_trainer | Ep [058/500] T-Acc:  65.6%  V-Acc:  52.0%  V-AUROC: 0.4862  LR: 2.00e-04
2026-08-02 16:00:39,397 | [FULL    ] | INFO | full_experiments_using.model_trainers.mobile_vit_trainer | Ep [059/500] T-Acc:  64.0%  V-Acc:  52.1%  V-AUROC: 0.4852  LR: 4.00e-05
2026-08-02 16:01:00,441 | [FULL    ] | INFO | full_experiments_using.model_trainers.mobile_vit_trainer | Ep [060/500] T-Acc:  66.3%  V-Acc:  52.7%  V-AUROC: 0.4848  LR: 4.00e-05
2026-08-02 16:01:21,223 | [FULL    ] | INFO | full_experiments_using.model_trainers.mobile_vit_trainer | Ep [061/500] T-Acc:  65.1%  V-Acc:  52.0%  V-AUROC: 0.4843  LR: 4.00e-05
2026-08-02 16:01:42,202 | [FULL    ] | INFO | full_experiments_using.model_trainers.mobile_vit_trainer | Ep [062/500] T-Acc:  65.4%  V-Acc:  52.6%  V-AUROC: 0.4834  LR: 4.00e-05
2026-08-02 16:02:02,957 | [FULL    ] | INFO | full_experiments_using.model_trainers.mobile_vit_trainer | Ep [063/500] T-Acc:  66.6%  V-Acc:  52.1%  V-AUROC: 0.4837  LR: 4.00e-05
2026-08-02 16:02:23,909 | [FULL    ] | INFO | full_experiments_using.model_trainers.mobile_vit_trainer | Ep [064/500] T-Acc:  64.8%  V-Acc:  52.4%  V-AUROC: 0.4852  LR: 4.00e-05
2026-08-02 16:02:44,684 | [FULL    ] | INFO | full_experiments_using.model_trainers.mobile_vit_trainer | Ep [065/500] T-Acc:  64.5%  V-Acc:  51.8%  V-AUROC: 0.4853  LR: 4.00e-05
2026-08-02 16:03:05,575 | [FULL    ] | INFO | full_experiments_using.model_trainers.mobile_vit_trainer | Ep [066/500] T-Acc:  65.5%  V-Acc:  52.6%  V-AUROC: 0.4828  LR: 4.00e-05
2026-08-02 16:03:05,575 | [FULL    ] | INFO | full_experiments_using.model_trainers.mobile_vit_trainer | Early stop — best AUROC 0.4961 at epoch 36 (no improvement for 30 epochs)
2026-08-02 16:03:05,575 | [FULL    ] | INFO | full_experiments_using.model_trainers.mobile_vit_trainer | Done. Best AUROC: 0.4961 (epoch 36) → /home/oem/choihyunsu/VOGBasedMCIDetection/outputs/checkpoints/run_20260802_112625_full_wvote_artifact30_w0-5-10-10-0-15-30-30_4err/fold_12_best.pth
2026-08-02 16:03:13,002 | [FULL    ] | INFO | full_experiments_using.evaluators.monte_carlo_evaluator | -> Fold 13 Result | Acc=0.818 Sens=0.800 Spec=0.833 AUROC=0.767
2026-08-02 16:03:13,009 | [FULL    ] | INFO | full_experiments_using.evaluators.monte_carlo_evaluator | === Fold 14/30 | train: 25 subj (HC=8 MCI=17) / 3763 win | test: 12 subj (HC=6 MCI=6) / 1952 win ===
2026-08-02 16:03:13,261 | [FULL    ] | INFO | httpx | HTTP Request: HEAD https://huggingface.co/apple/mobilevit-small/resolve/main/config.json "HTTP/1.1 307 Temporary Redirect"
2026-08-02 16:03:13,278 | [FULL    ] | INFO | httpx | HTTP Request: HEAD https://huggingface.co/api/resolve-cache/models/apple/mobilevit-small/6c8612545dc98676d27bc518fa521d9e9af23e34/config.json "HTTP/1.1 200 OK"
2026-08-02 16:03:13,553 | [FULL    ] | INFO | httpx | HTTP Request: HEAD https://huggingface.co/apple/mobilevit-small/resolve/main/model.safetensors "HTTP/1.1 404 Not Found"
2026-08-02 16:03:13,762 | [FULL    ] | INFO | httpx | HTTP Request: HEAD https://huggingface.co/apple/mobilevit-small/resolve/main/model.safetensors.index.json "HTTP/1.1 404 Not Found"
2026-08-02 16:03:13,977 | [FULL    ] | INFO | httpx | HTTP Request: HEAD https://huggingface.co/apple/mobilevit-small/resolve/main/pytorch_model.bin "HTTP/1.1 302 Found"
2026-08-02 16:03:14,183 | [FULL    ] | INFO | httpx | HTTP Request: HEAD https://huggingface.co/apple/mobilevit-small/resolve/main/model.safetensors "HTTP/1.1 404 Not Found"
2026-08-02 16:03:14,401 | [FULL    ] | INFO | httpx | HTTP Request: GET https://huggingface.co/api/models/apple/mobilevit-small "HTTP/1.1 200 OK"
2026-08-02 16:03:14,637 | [FULL    ] | INFO | httpx | HTTP Request: GET https://huggingface.co/api/models/apple/mobilevit-small/commits/main "HTTP/1.1 200 OK"
2026-08-02 16:03:14,858 | [FULL    ] | INFO | httpx | HTTP Request: GET https://huggingface.co/api/models/apple/mobilevit-small/discussions?p=0 "HTTP/1.1 200 OK"
2026-08-02 16:03:15,089 | [FULL    ] | INFO | httpx | HTTP Request: GET https://huggingface.co/api/models/apple/mobilevit-small/commits/refs%2Fpr%2F6 "HTTP/1.1 200 OK"
2026-08-02 16:03:15,305 | [FULL    ] | INFO | httpx | HTTP Request: HEAD https://huggingface.co/apple/mobilevit-small/resolve/refs%2Fpr%2F6/model.safetensors.index.json "HTTP/1.1 404 Not Found"
2026-08-02 16:03:15,366 | [FULL    ] | INFO | full_experiments_using.model_trainers.mobile_vit_trainer | Device: cuda | max_epochs=500 | batch=32 | eval_batch=256 | es_patience=30
2026-08-02 16:03:15,372 | [FULL    ] | INFO | full_experiments_using.model_trainers.mobile_vit_trainer | CE weights — HC: 1.341  MCI: 0.797
2026-08-02 16:03:15,516 | [FULL    ] | INFO | httpx | HTTP Request: HEAD https://huggingface.co/apple/mobilevit-small/resolve/refs%2Fpr%2F6/model.safetensors "HTTP/1.1 302 Found"
2026-08-02 16:03:47,729 | [FULL    ] | INFO | full_experiments_using.model_trainers.mobile_vit_trainer | Ep [001/500] T-Acc:  55.4%  V-Acc:  46.3%  V-AUROC: 0.5066  LR: 2.00e-04
2026-08-02 16:03:47,788 | [FULL    ] | INFO | full_experiments_using.model_trainers.mobile_vit_trainer |   ↳ new best AUROC; saved checkpoint: /home/oem/choihyunsu/VOGBasedMCIDetection/outputs/checkpoints/run_20260802_112625_full_wvote_artifact30_w0-5-10-10-0-15-30-30_4err/fold_13_best.pth
2026-08-02 16:04:06,869 | [FULL    ] | INFO | full_experiments_using.model_trainers.mobile_vit_trainer | Ep [002/500] T-Acc:  55.8%  V-Acc:  46.9%  V-AUROC: 0.5170  LR: 4.00e-04
2026-08-02 16:04:06,987 | [FULL    ] | INFO | full_experiments_using.model_trainers.mobile_vit_trainer |   ↳ new best AUROC; saved checkpoint: /home/oem/choihyunsu/VOGBasedMCIDetection/outputs/checkpoints/run_20260802_112625_full_wvote_artifact30_w0-5-10-10-0-15-30-30_4err/fold_13_best.pth
2026-08-02 16:04:27,359 | [FULL    ] | INFO | full_experiments_using.model_trainers.mobile_vit_trainer | Ep [003/500] T-Acc:  56.2%  V-Acc:  46.8%  V-AUROC: 0.5156  LR: 6.00e-04
2026-08-02 16:04:47,365 | [FULL    ] | INFO | full_experiments_using.model_trainers.mobile_vit_trainer | Ep [004/500] T-Acc:  55.9%  V-Acc:  48.7%  V-AUROC: 0.5353  LR: 8.00e-04
2026-08-02 16:04:47,486 | [FULL    ] | INFO | full_experiments_using.model_trainers.mobile_vit_trainer |   ↳ new best AUROC; saved checkpoint: /home/oem/choihyunsu/VOGBasedMCIDetection/outputs/checkpoints/run_20260802_112625_full_wvote_artifact30_w0-5-10-10-0-15-30-30_4err/fold_13_best.pth
2026-08-02 16:05:08,234 | [FULL    ] | INFO | full_experiments_using.model_trainers.mobile_vit_trainer | Ep [005/500] T-Acc:  54.8%  V-Acc:  48.9%  V-AUROC: 0.5208  LR: 1.00e-03
2026-08-02 16:05:29,029 | [FULL    ] | INFO | full_experiments_using.model_trainers.mobile_vit_trainer | Ep [006/500] T-Acc:  56.4%  V-Acc:  47.8%  V-AUROC: 0.5081  LR: 1.00e-03
2026-08-02 16:05:49,940 | [FULL    ] | INFO | full_experiments_using.model_trainers.mobile_vit_trainer | Ep [007/500] T-Acc:  55.4%  V-Acc:  48.2%  V-AUROC: 0.5117  LR: 1.00e-03
2026-08-02 16:06:10,753 | [FULL    ] | INFO | full_experiments_using.model_trainers.mobile_vit_trainer | Ep [008/500] T-Acc:  55.8%  V-Acc:  49.5%  V-AUROC: 0.5210  LR: 1.00e-03
2026-08-02 16:06:31,493 | [FULL    ] | INFO | full_experiments_using.model_trainers.mobile_vit_trainer | Ep [009/500] T-Acc:  56.8%  V-Acc:  51.7%  V-AUROC: 0.5340  LR: 1.00e-03
2026-08-02 16:06:52,297 | [FULL    ] | INFO | full_experiments_using.model_trainers.mobile_vit_trainer | Ep [010/500] T-Acc:  58.0%  V-Acc:  51.8%  V-AUROC: 0.5425  LR: 1.00e-03
2026-08-02 16:06:52,414 | [FULL    ] | INFO | full_experiments_using.model_trainers.mobile_vit_trainer |   ↳ new best AUROC; saved checkpoint: /home/oem/choihyunsu/VOGBasedMCIDetection/outputs/checkpoints/run_20260802_112625_full_wvote_artifact30_w0-5-10-10-0-15-30-30_4err/fold_13_best.pth
2026-08-02 16:07:13,284 | [FULL    ] | INFO | full_experiments_using.model_trainers.mobile_vit_trainer | Ep [011/500] T-Acc:  57.1%  V-Acc:  51.8%  V-AUROC: 0.5381  LR: 1.00e-03
2026-08-02 16:07:34,023 | [FULL    ] | INFO | full_experiments_using.model_trainers.mobile_vit_trainer | Ep [012/500] T-Acc:  57.9%  V-Acc:  51.0%  V-AUROC: 0.5264  LR: 1.00e-03
2026-08-02 16:07:54,996 | [FULL    ] | INFO | full_experiments_using.model_trainers.mobile_vit_trainer | Ep [013/500] T-Acc:  59.4%  V-Acc:  51.1%  V-AUROC: 0.5322  LR: 1.00e-03
2026-08-02 16:08:13,888 | [FULL    ] | INFO | full_experiments_using.model_trainers.mobile_vit_trainer | Ep [014/500] T-Acc:  58.7%  V-Acc:  52.4%  V-AUROC: 0.5348  LR: 1.00e-03
2026-08-02 16:08:33,604 | [FULL    ] | INFO | full_experiments_using.model_trainers.mobile_vit_trainer | Ep [015/500] T-Acc:  57.7%  V-Acc:  51.4%  V-AUROC: 0.5360  LR: 1.00e-03
2026-08-02 16:08:53,483 | [FULL    ] | INFO | full_experiments_using.model_trainers.mobile_vit_trainer | Ep [016/500] T-Acc:  57.9%  V-Acc:  52.1%  V-AUROC: 0.5386  LR: 1.00e-03
2026-08-02 16:09:14,528 | [FULL    ] | INFO | full_experiments_using.model_trainers.mobile_vit_trainer | Ep [017/500] T-Acc:  58.6%  V-Acc:  53.3%  V-AUROC: 0.5432  LR: 1.00e-03
2026-08-02 16:09:14,663 | [FULL    ] | INFO | full_experiments_using.model_trainers.mobile_vit_trainer |   ↳ new best AUROC; saved checkpoint: /home/oem/choihyunsu/VOGBasedMCIDetection/outputs/checkpoints/run_20260802_112625_full_wvote_artifact30_w0-5-10-10-0-15-30-30_4err/fold_13_best.pth
2026-08-02 16:09:35,325 | [FULL    ] | INFO | full_experiments_using.model_trainers.mobile_vit_trainer | Ep [018/500] T-Acc:  60.3%  V-Acc:  51.3%  V-AUROC: 0.5347  LR: 1.00e-03
2026-08-02 16:09:56,266 | [FULL    ] | INFO | full_experiments_using.model_trainers.mobile_vit_trainer | Ep [019/500] T-Acc:  58.4%  V-Acc:  51.9%  V-AUROC: 0.5421  LR: 1.00e-03
2026-08-02 16:10:17,089 | [FULL    ] | INFO | full_experiments_using.model_trainers.mobile_vit_trainer | Ep [020/500] T-Acc:  59.6%  V-Acc:  52.6%  V-AUROC: 0.5339  LR: 1.00e-03
2026-08-02 16:10:37,736 | [FULL    ] | INFO | full_experiments_using.model_trainers.mobile_vit_trainer | Ep [021/500] T-Acc:  59.3%  V-Acc:  51.7%  V-AUROC: 0.5450  LR: 1.00e-03
2026-08-02 16:10:37,853 | [FULL    ] | INFO | full_experiments_using.model_trainers.mobile_vit_trainer |   ↳ new best AUROC; saved checkpoint: /home/oem/choihyunsu/VOGBasedMCIDetection/outputs/checkpoints/run_20260802_112625_full_wvote_artifact30_w0-5-10-10-0-15-30-30_4err/fold_13_best.pth
2026-08-02 16:10:58,551 | [FULL    ] | INFO | full_experiments_using.model_trainers.mobile_vit_trainer | Ep [022/500] T-Acc:  59.5%  V-Acc:  51.9%  V-AUROC: 0.5429  LR: 1.00e-03
2026-08-02 16:11:19,495 | [FULL    ] | INFO | full_experiments_using.model_trainers.mobile_vit_trainer | Ep [023/500] T-Acc:  60.0%  V-Acc:  53.4%  V-AUROC: 0.5456  LR: 1.00e-03
2026-08-02 16:11:19,612 | [FULL    ] | INFO | full_experiments_using.model_trainers.mobile_vit_trainer |   ↳ new best AUROC; saved checkpoint: /home/oem/choihyunsu/VOGBasedMCIDetection/outputs/checkpoints/run_20260802_112625_full_wvote_artifact30_w0-5-10-10-0-15-30-30_4err/fold_13_best.pth
2026-08-02 16:11:40,427 | [FULL    ] | INFO | full_experiments_using.model_trainers.mobile_vit_trainer | Ep [024/500] T-Acc:  59.3%  V-Acc:  51.1%  V-AUROC: 0.5309  LR: 1.00e-03
2026-08-02 16:12:01,236 | [FULL    ] | INFO | full_experiments_using.model_trainers.mobile_vit_trainer | Ep [025/500] T-Acc:  60.0%  V-Acc:  51.5%  V-AUROC: 0.5382  LR: 1.00e-03
2026-08-02 16:12:22,035 | [FULL    ] | INFO | full_experiments_using.model_trainers.mobile_vit_trainer | Ep [026/500] T-Acc:  61.5%  V-Acc:  52.6%  V-AUROC: 0.5387  LR: 1.00e-03
2026-08-02 16:12:42,912 | [FULL    ] | INFO | full_experiments_using.model_trainers.mobile_vit_trainer | Ep [027/500] T-Acc:  61.0%  V-Acc:  52.2%  V-AUROC: 0.5230  LR: 1.00e-03
2026-08-02 16:13:03,795 | [FULL    ] | INFO | full_experiments_using.model_trainers.mobile_vit_trainer | Ep [028/500] T-Acc:  60.4%  V-Acc:  52.8%  V-AUROC: 0.5357  LR: 1.00e-03
2026-08-02 16:13:24,718 | [FULL    ] | INFO | full_experiments_using.model_trainers.mobile_vit_trainer | Ep [029/500] T-Acc:  61.0%  V-Acc:  52.6%  V-AUROC: 0.5315  LR: 1.00e-03
2026-08-02 16:13:45,479 | [FULL    ] | INFO | full_experiments_using.model_trainers.mobile_vit_trainer | Ep [030/500] T-Acc:  61.9%  V-Acc:  53.1%  V-AUROC: 0.5373  LR: 1.00e-03
2026-08-02 16:14:06,273 | [FULL    ] | INFO | full_experiments_using.model_trainers.mobile_vit_trainer | Ep [031/500] T-Acc:  60.6%  V-Acc:  52.7%  V-AUROC: 0.5381  LR: 1.00e-03
2026-08-02 16:14:26,987 | [FULL    ] | INFO | full_experiments_using.model_trainers.mobile_vit_trainer | Ep [032/500] T-Acc:  60.7%  V-Acc:  51.2%  V-AUROC: 0.5372  LR: 1.00e-03
2026-08-02 16:14:47,879 | [FULL    ] | INFO | full_experiments_using.model_trainers.mobile_vit_trainer | Ep [033/500] T-Acc:  62.2%  V-Acc:  51.7%  V-AUROC: 0.5284  LR: 1.00e-03
2026-08-02 16:15:08,715 | [FULL    ] | INFO | full_experiments_using.model_trainers.mobile_vit_trainer | Ep [034/500] T-Acc:  61.9%  V-Acc:  50.1%  V-AUROC: 0.5011  LR: 1.00e-03
2026-08-02 16:15:29,608 | [FULL    ] | INFO | full_experiments_using.model_trainers.mobile_vit_trainer | Ep [035/500] T-Acc:  62.0%  V-Acc:  51.9%  V-AUROC: 0.5315  LR: 2.00e-04
2026-08-02 16:15:50,429 | [FULL    ] | INFO | full_experiments_using.model_trainers.mobile_vit_trainer | Ep [036/500] T-Acc:  61.3%  V-Acc:  53.5%  V-AUROC: 0.5429  LR: 2.00e-04
2026-08-02 16:16:11,212 | [FULL    ] | INFO | full_experiments_using.model_trainers.mobile_vit_trainer | Ep [037/500] T-Acc:  62.7%  V-Acc:  53.5%  V-AUROC: 0.5434  LR: 2.00e-04
2026-08-02 16:16:32,009 | [FULL    ] | INFO | full_experiments_using.model_trainers.mobile_vit_trainer | Ep [038/500] T-Acc:  61.7%  V-Acc:  53.4%  V-AUROC: 0.5451  LR: 2.00e-04
2026-08-02 16:16:52,741 | [FULL    ] | INFO | full_experiments_using.model_trainers.mobile_vit_trainer | Ep [039/500] T-Acc:  62.9%  V-Acc:  53.1%  V-AUROC: 0.5448  LR: 2.00e-04
2026-08-02 16:17:13,473 | [FULL    ] | INFO | full_experiments_using.model_trainers.mobile_vit_trainer | Ep [040/500] T-Acc:  63.1%  V-Acc:  52.9%  V-AUROC: 0.5437  LR: 2.00e-04
2026-08-02 16:17:34,328 | [FULL    ] | INFO | full_experiments_using.model_trainers.mobile_vit_trainer | Ep [041/500] T-Acc:  62.2%  V-Acc:  52.4%  V-AUROC: 0.5420  LR: 2.00e-04
2026-08-02 16:17:55,131 | [FULL    ] | INFO | full_experiments_using.model_trainers.mobile_vit_trainer | Ep [042/500] T-Acc:  62.7%  V-Acc:  52.1%  V-AUROC: 0.5422  LR: 2.00e-04
2026-08-02 16:18:15,989 | [FULL    ] | INFO | full_experiments_using.model_trainers.mobile_vit_trainer | Ep [043/500] T-Acc:  63.8%  V-Acc:  52.5%  V-AUROC: 0.5402  LR: 2.00e-04
2026-08-02 16:18:36,873 | [FULL    ] | INFO | full_experiments_using.model_trainers.mobile_vit_trainer | Ep [044/500] T-Acc:  63.0%  V-Acc:  52.6%  V-AUROC: 0.5419  LR: 2.00e-04
2026-08-02 16:18:57,818 | [FULL    ] | INFO | full_experiments_using.model_trainers.mobile_vit_trainer | Ep [045/500] T-Acc:  63.1%  V-Acc:  52.4%  V-AUROC: 0.5409  LR: 2.00e-04
2026-08-02 16:19:18,627 | [FULL    ] | INFO | full_experiments_using.model_trainers.mobile_vit_trainer | Ep [046/500] T-Acc:  62.3%  V-Acc:  52.6%  V-AUROC: 0.5395  LR: 4.00e-05
2026-08-02 16:19:39,563 | [FULL    ] | INFO | full_experiments_using.model_trainers.mobile_vit_trainer | Ep [047/500] T-Acc:  62.8%  V-Acc:  52.9%  V-AUROC: 0.5416  LR: 4.00e-05
2026-08-02 16:19:58,427 | [FULL    ] | INFO | full_experiments_using.model_trainers.mobile_vit_trainer | Ep [048/500] T-Acc:  62.9%  V-Acc:  52.3%  V-AUROC: 0.5412  LR: 4.00e-05
2026-08-02 16:20:18,912 | [FULL    ] | INFO | full_experiments_using.model_trainers.mobile_vit_trainer | Ep [049/500] T-Acc:  62.4%  V-Acc:  52.6%  V-AUROC: 0.5428  LR: 4.00e-05
2026-08-02 16:20:37,644 | [FULL    ] | INFO | full_experiments_using.model_trainers.mobile_vit_trainer | Ep [050/500] T-Acc:  63.2%  V-Acc:  52.6%  V-AUROC: 0.5421  LR: 4.00e-05
2026-08-02 16:20:58,373 | [FULL    ] | INFO | full_experiments_using.model_trainers.mobile_vit_trainer | Ep [051/500] T-Acc:  63.6%  V-Acc:  52.5%  V-AUROC: 0.5418  LR: 4.00e-05
2026-08-02 16:21:19,256 | [FULL    ] | INFO | full_experiments_using.model_trainers.mobile_vit_trainer | Ep [052/500] T-Acc:  62.4%  V-Acc:  52.9%  V-AUROC: 0.5414  LR: 4.00e-05
2026-08-02 16:21:40,024 | [FULL    ] | INFO | full_experiments_using.model_trainers.mobile_vit_trainer | Ep [053/500] T-Acc:  62.5%  V-Acc:  53.0%  V-AUROC: 0.5419  LR: 4.00e-05
2026-08-02 16:21:40,024 | [FULL    ] | INFO | full_experiments_using.model_trainers.mobile_vit_trainer | Early stop — best AUROC 0.5456 at epoch 23 (no improvement for 30 epochs)
2026-08-02 16:21:40,024 | [FULL    ] | INFO | full_experiments_using.model_trainers.mobile_vit_trainer | Done. Best AUROC: 0.5456 (epoch 23) → /home/oem/choihyunsu/VOGBasedMCIDetection/outputs/checkpoints/run_20260802_112625_full_wvote_artifact30_w0-5-10-10-0-15-30-30_4err/fold_13_best.pth
2026-08-02 16:21:47,508 | [FULL    ] | INFO | full_experiments_using.evaluators.monte_carlo_evaluator | -> Fold 14 Result | Acc=0.818 Sens=1.000 Spec=0.600 AUROC=0.833
2026-08-02 16:21:47,515 | [FULL    ] | INFO | full_experiments_using.evaluators.monte_carlo_evaluator | === Fold 15/30 | train: 25 subj (HC=10 MCI=15) / 3805 win | test: 12 subj (HC=4 MCI=8) / 1910 win ===
2026-08-02 16:21:47,747 | [FULL    ] | INFO | httpx | HTTP Request: HEAD https://huggingface.co/apple/mobilevit-small/resolve/main/config.json "HTTP/1.1 307 Temporary Redirect"
2026-08-02 16:21:47,761 | [FULL    ] | INFO | httpx | HTTP Request: HEAD https://huggingface.co/api/resolve-cache/models/apple/mobilevit-small/6c8612545dc98676d27bc518fa521d9e9af23e34/config.json "HTTP/1.1 200 OK"
2026-08-02 16:21:47,998 | [FULL    ] | INFO | httpx | HTTP Request: HEAD https://huggingface.co/apple/mobilevit-small/resolve/main/model.safetensors "HTTP/1.1 404 Not Found"
2026-08-02 16:21:48,210 | [FULL    ] | INFO | httpx | HTTP Request: HEAD https://huggingface.co/apple/mobilevit-small/resolve/main/model.safetensors.index.json "HTTP/1.1 404 Not Found"
2026-08-02 16:21:48,420 | [FULL    ] | INFO | httpx | HTTP Request: HEAD https://huggingface.co/apple/mobilevit-small/resolve/main/pytorch_model.bin "HTTP/1.1 302 Found"
2026-08-02 16:21:48,625 | [FULL    ] | INFO | httpx | HTTP Request: HEAD https://huggingface.co/apple/mobilevit-small/resolve/main/model.safetensors "HTTP/1.1 404 Not Found"
2026-08-02 16:21:48,844 | [FULL    ] | INFO | httpx | HTTP Request: GET https://huggingface.co/api/models/apple/mobilevit-small "HTTP/1.1 200 OK"
2026-08-02 16:21:49,074 | [FULL    ] | INFO | httpx | HTTP Request: GET https://huggingface.co/api/models/apple/mobilevit-small/commits/main "HTTP/1.1 200 OK"
2026-08-02 16:21:49,287 | [FULL    ] | INFO | httpx | HTTP Request: GET https://huggingface.co/api/models/apple/mobilevit-small/discussions?p=0 "HTTP/1.1 200 OK"
2026-08-02 16:21:49,514 | [FULL    ] | INFO | httpx | HTTP Request: GET https://huggingface.co/api/models/apple/mobilevit-small/commits/refs%2Fpr%2F6 "HTTP/1.1 200 OK"
2026-08-02 16:21:49,727 | [FULL    ] | INFO | httpx | HTTP Request: HEAD https://huggingface.co/apple/mobilevit-small/resolve/refs%2Fpr%2F6/model.safetensors.index.json "HTTP/1.1 404 Not Found"
2026-08-02 16:21:49,934 | [FULL    ] | INFO | httpx | HTTP Request: HEAD https://huggingface.co/apple/mobilevit-small/resolve/refs%2Fpr%2F6/model.safetensors "HTTP/1.1 302 Found"
2026-08-02 16:21:50,083 | [FULL    ] | INFO | full_experiments_using.model_trainers.mobile_vit_trainer | Device: cuda | max_epochs=500 | batch=32 | eval_batch=256 | es_patience=30
2026-08-02 16:21:50,090 | [FULL    ] | INFO | full_experiments_using.model_trainers.mobile_vit_trainer | CE weights — HC: 1.100  MCI: 0.916
2026-08-02 16:22:21,527 | [FULL    ] | INFO | full_experiments_using.model_trainers.mobile_vit_trainer | Ep [001/500] T-Acc:  49.7%  V-Acc:  50.2%  V-AUROC: 0.5010  LR: 2.00e-04
2026-08-02 16:22:21,587 | [FULL    ] | INFO | full_experiments_using.model_trainers.mobile_vit_trainer |   ↳ new best AUROC; saved checkpoint: /home/oem/choihyunsu/VOGBasedMCIDetection/outputs/checkpoints/run_20260802_112625_full_wvote_artifact30_w0-5-10-10-0-15-30-30_4err/fold_14_best.pth
2026-08-02 16:22:42,385 | [FULL    ] | INFO | full_experiments_using.model_trainers.mobile_vit_trainer | Ep [002/500] T-Acc:  50.0%  V-Acc:  51.6%  V-AUROC: 0.5201  LR: 4.00e-04
2026-08-02 16:22:42,513 | [FULL    ] | INFO | full_experiments_using.model_trainers.mobile_vit_trainer |   ↳ new best AUROC; saved checkpoint: /home/oem/choihyunsu/VOGBasedMCIDetection/outputs/checkpoints/run_20260802_112625_full_wvote_artifact30_w0-5-10-10-0-15-30-30_4err/fold_14_best.pth
2026-08-02 16:23:02,021 | [FULL    ] | INFO | full_experiments_using.model_trainers.mobile_vit_trainer | Ep [003/500] T-Acc:  51.8%  V-Acc:  52.7%  V-AUROC: 0.5297  LR: 6.00e-04
2026-08-02 16:23:02,138 | [FULL    ] | INFO | full_experiments_using.model_trainers.mobile_vit_trainer |   ↳ new best AUROC; saved checkpoint: /home/oem/choihyunsu/VOGBasedMCIDetection/outputs/checkpoints/run_20260802_112625_full_wvote_artifact30_w0-5-10-10-0-15-30-30_4err/fold_14_best.pth
2026-08-02 16:23:22,624 | [FULL    ] | INFO | full_experiments_using.model_trainers.mobile_vit_trainer | Ep [004/500] T-Acc:  50.3%  V-Acc:  52.0%  V-AUROC: 0.5304  LR: 8.00e-04
2026-08-02 16:23:22,732 | [FULL    ] | INFO | full_experiments_using.model_trainers.mobile_vit_trainer |   ↳ new best AUROC; saved checkpoint: /home/oem/choihyunsu/VOGBasedMCIDetection/outputs/checkpoints/run_20260802_112625_full_wvote_artifact30_w0-5-10-10-0-15-30-30_4err/fold_14_best.pth
2026-08-02 16:23:41,544 | [FULL    ] | INFO | full_experiments_using.model_trainers.mobile_vit_trainer | Ep [005/500] T-Acc:  52.7%  V-Acc:  55.0%  V-AUROC: 0.5566  LR: 1.00e-03
2026-08-02 16:23:41,690 | [FULL    ] | INFO | full_experiments_using.model_trainers.mobile_vit_trainer |   ↳ new best AUROC; saved checkpoint: /home/oem/choihyunsu/VOGBasedMCIDetection/outputs/checkpoints/run_20260802_112625_full_wvote_artifact30_w0-5-10-10-0-15-30-30_4err/fold_14_best.pth
2026-08-02 16:24:02,545 | [FULL    ] | INFO | full_experiments_using.model_trainers.mobile_vit_trainer | Ep [006/500] T-Acc:  52.7%  V-Acc:  55.3%  V-AUROC: 0.5668  LR: 1.00e-03
2026-08-02 16:24:02,667 | [FULL    ] | INFO | full_experiments_using.model_trainers.mobile_vit_trainer |   ↳ new best AUROC; saved checkpoint: /home/oem/choihyunsu/VOGBasedMCIDetection/outputs/checkpoints/run_20260802_112625_full_wvote_artifact30_w0-5-10-10-0-15-30-30_4err/fold_14_best.pth
2026-08-02 16:24:23,680 | [FULL    ] | INFO | full_experiments_using.model_trainers.mobile_vit_trainer | Ep [007/500] T-Acc:  52.5%  V-Acc:  53.5%  V-AUROC: 0.5628  LR: 1.00e-03
2026-08-02 16:24:44,421 | [FULL    ] | INFO | full_experiments_using.model_trainers.mobile_vit_trainer | Ep [008/500] T-Acc:  53.4%  V-Acc:  55.0%  V-AUROC: 0.5701  LR: 1.00e-03
2026-08-02 16:24:44,549 | [FULL    ] | INFO | full_experiments_using.model_trainers.mobile_vit_trainer |   ↳ new best AUROC; saved checkpoint: /home/oem/choihyunsu/VOGBasedMCIDetection/outputs/checkpoints/run_20260802_112625_full_wvote_artifact30_w0-5-10-10-0-15-30-30_4err/fold_14_best.pth
2026-08-02 16:25:05,374 | [FULL    ] | INFO | full_experiments_using.model_trainers.mobile_vit_trainer | Ep [009/500] T-Acc:  54.6%  V-Acc:  55.9%  V-AUROC: 0.5848  LR: 1.00e-03
2026-08-02 16:25:05,495 | [FULL    ] | INFO | full_experiments_using.model_trainers.mobile_vit_trainer |   ↳ new best AUROC; saved checkpoint: /home/oem/choihyunsu/VOGBasedMCIDetection/outputs/checkpoints/run_20260802_112625_full_wvote_artifact30_w0-5-10-10-0-15-30-30_4err/fold_14_best.pth
2026-08-02 16:25:26,419 | [FULL    ] | INFO | full_experiments_using.model_trainers.mobile_vit_trainer | Ep [010/500] T-Acc:  56.4%  V-Acc:  56.3%  V-AUROC: 0.5864  LR: 1.00e-03
2026-08-02 16:25:26,541 | [FULL    ] | INFO | full_experiments_using.model_trainers.mobile_vit_trainer |   ↳ new best AUROC; saved checkpoint: /home/oem/choihyunsu/VOGBasedMCIDetection/outputs/checkpoints/run_20260802_112625_full_wvote_artifact30_w0-5-10-10-0-15-30-30_4err/fold_14_best.pth
2026-08-02 16:25:47,261 | [FULL    ] | INFO | full_experiments_using.model_trainers.mobile_vit_trainer | Ep [011/500] T-Acc:  56.2%  V-Acc:  56.3%  V-AUROC: 0.5850  LR: 1.00e-03
2026-08-02 16:26:08,151 | [FULL    ] | INFO | full_experiments_using.model_trainers.mobile_vit_trainer | Ep [012/500] T-Acc:  56.5%  V-Acc:  55.1%  V-AUROC: 0.5796  LR: 1.00e-03
2026-08-02 16:26:28,965 | [FULL    ] | INFO | full_experiments_using.model_trainers.mobile_vit_trainer | Ep [013/500] T-Acc:  56.8%  V-Acc:  58.0%  V-AUROC: 0.5945  LR: 1.00e-03
2026-08-02 16:26:29,094 | [FULL    ] | INFO | full_experiments_using.model_trainers.mobile_vit_trainer |   ↳ new best AUROC; saved checkpoint: /home/oem/choihyunsu/VOGBasedMCIDetection/outputs/checkpoints/run_20260802_112625_full_wvote_artifact30_w0-5-10-10-0-15-30-30_4err/fold_14_best.pth
2026-08-02 16:26:50,031 | [FULL    ] | INFO | full_experiments_using.model_trainers.mobile_vit_trainer | Ep [014/500] T-Acc:  56.7%  V-Acc:  57.3%  V-AUROC: 0.6026  LR: 1.00e-03
2026-08-02 16:26:50,149 | [FULL    ] | INFO | full_experiments_using.model_trainers.mobile_vit_trainer |   ↳ new best AUROC; saved checkpoint: /home/oem/choihyunsu/VOGBasedMCIDetection/outputs/checkpoints/run_20260802_112625_full_wvote_artifact30_w0-5-10-10-0-15-30-30_4err/fold_14_best.pth
2026-08-02 16:27:11,025 | [FULL    ] | INFO | full_experiments_using.model_trainers.mobile_vit_trainer | Ep [015/500] T-Acc:  57.0%  V-Acc:  56.5%  V-AUROC: 0.5927  LR: 1.00e-03
2026-08-02 16:27:31,993 | [FULL    ] | INFO | full_experiments_using.model_trainers.mobile_vit_trainer | Ep [016/500] T-Acc:  57.0%  V-Acc:  57.0%  V-AUROC: 0.5989  LR: 1.00e-03
2026-08-02 16:27:53,046 | [FULL    ] | INFO | full_experiments_using.model_trainers.mobile_vit_trainer | Ep [017/500] T-Acc:  56.6%  V-Acc:  57.6%  V-AUROC: 0.6014  LR: 1.00e-03
2026-08-02 16:28:13,786 | [FULL    ] | INFO | full_experiments_using.model_trainers.mobile_vit_trainer | Ep [018/500] T-Acc:  57.8%  V-Acc:  57.9%  V-AUROC: 0.5996  LR: 1.00e-03
2026-08-02 16:28:34,710 | [FULL    ] | INFO | full_experiments_using.model_trainers.mobile_vit_trainer | Ep [019/500] T-Acc:  58.4%  V-Acc:  58.2%  V-AUROC: 0.6045  LR: 1.00e-03
2026-08-02 16:28:34,835 | [FULL    ] | INFO | full_experiments_using.model_trainers.mobile_vit_trainer |   ↳ new best AUROC; saved checkpoint: /home/oem/choihyunsu/VOGBasedMCIDetection/outputs/checkpoints/run_20260802_112625_full_wvote_artifact30_w0-5-10-10-0-15-30-30_4err/fold_14_best.pth
2026-08-02 16:28:55,780 | [FULL    ] | INFO | full_experiments_using.model_trainers.mobile_vit_trainer | Ep [020/500] T-Acc:  57.6%  V-Acc:  57.6%  V-AUROC: 0.6051  LR: 1.00e-03
2026-08-02 16:28:55,911 | [FULL    ] | INFO | full_experiments_using.model_trainers.mobile_vit_trainer |   ↳ new best AUROC; saved checkpoint: /home/oem/choihyunsu/VOGBasedMCIDetection/outputs/checkpoints/run_20260802_112625_full_wvote_artifact30_w0-5-10-10-0-15-30-30_4err/fold_14_best.pth
2026-08-02 16:29:16,646 | [FULL    ] | INFO | full_experiments_using.model_trainers.mobile_vit_trainer | Ep [021/500] T-Acc:  57.4%  V-Acc:  57.6%  V-AUROC: 0.6048  LR: 1.00e-03
2026-08-02 16:29:37,585 | [FULL    ] | INFO | full_experiments_using.model_trainers.mobile_vit_trainer | Ep [022/500] T-Acc:  58.5%  V-Acc:  57.2%  V-AUROC: 0.5963  LR: 1.00e-03
2026-08-02 16:29:58,375 | [FULL    ] | INFO | full_experiments_using.model_trainers.mobile_vit_trainer | Ep [023/500] T-Acc:  59.0%  V-Acc:  56.9%  V-AUROC: 0.6072  LR: 1.00e-03
2026-08-02 16:29:58,499 | [FULL    ] | INFO | full_experiments_using.model_trainers.mobile_vit_trainer |   ↳ new best AUROC; saved checkpoint: /home/oem/choihyunsu/VOGBasedMCIDetection/outputs/checkpoints/run_20260802_112625_full_wvote_artifact30_w0-5-10-10-0-15-30-30_4err/fold_14_best.pth
2026-08-02 16:30:19,523 | [FULL    ] | INFO | full_experiments_using.model_trainers.mobile_vit_trainer | Ep [024/500] T-Acc:  59.0%  V-Acc:  58.1%  V-AUROC: 0.6035  LR: 1.00e-03
2026-08-02 16:30:40,593 | [FULL    ] | INFO | full_experiments_using.model_trainers.mobile_vit_trainer | Ep [025/500] T-Acc:  58.5%  V-Acc:  57.2%  V-AUROC: 0.5950  LR: 1.00e-03
2026-08-02 16:31:01,650 | [FULL    ] | INFO | full_experiments_using.model_trainers.mobile_vit_trainer | Ep [026/500] T-Acc:  59.3%  V-Acc:  57.7%  V-AUROC: 0.5946  LR: 1.00e-03
2026-08-02 16:31:22,502 | [FULL    ] | INFO | full_experiments_using.model_trainers.mobile_vit_trainer | Ep [027/500] T-Acc:  58.7%  V-Acc:  57.0%  V-AUROC: 0.5972  LR: 1.00e-03
2026-08-02 16:31:43,368 | [FULL    ] | INFO | full_experiments_using.model_trainers.mobile_vit_trainer | Ep [028/500] T-Acc:  59.7%  V-Acc:  57.5%  V-AUROC: 0.6020  LR: 1.00e-03
2026-08-02 16:32:04,355 | [FULL    ] | INFO | full_experiments_using.model_trainers.mobile_vit_trainer | Ep [029/500] T-Acc:  58.6%  V-Acc:  56.9%  V-AUROC: 0.5972  LR: 1.00e-03
2026-08-02 16:32:25,315 | [FULL    ] | INFO | full_experiments_using.model_trainers.mobile_vit_trainer | Ep [030/500] T-Acc:  59.4%  V-Acc:  58.4%  V-AUROC: 0.6045  LR: 1.00e-03
2026-08-02 16:32:46,366 | [FULL    ] | INFO | full_experiments_using.model_trainers.mobile_vit_trainer | Ep [031/500] T-Acc:  58.7%  V-Acc:  57.8%  V-AUROC: 0.6059  LR: 1.00e-03
2026-08-02 16:33:07,106 | [FULL    ] | INFO | full_experiments_using.model_trainers.mobile_vit_trainer | Ep [032/500] T-Acc:  59.1%  V-Acc:  58.1%  V-AUROC: 0.6067  LR: 1.00e-03
2026-08-02 16:33:28,122 | [FULL    ] | INFO | full_experiments_using.model_trainers.mobile_vit_trainer | Ep [033/500] T-Acc:  59.9%  V-Acc:  58.3%  V-AUROC: 0.6090  LR: 1.00e-03
2026-08-02 16:33:28,253 | [FULL    ] | INFO | full_experiments_using.model_trainers.mobile_vit_trainer |   ↳ new best AUROC; saved checkpoint: /home/oem/choihyunsu/VOGBasedMCIDetection/outputs/checkpoints/run_20260802_112625_full_wvote_artifact30_w0-5-10-10-0-15-30-30_4err/fold_14_best.pth
2026-08-02 16:33:49,024 | [FULL    ] | INFO | full_experiments_using.model_trainers.mobile_vit_trainer | Ep [034/500] T-Acc:  60.0%  V-Acc:  58.8%  V-AUROC: 0.6063  LR: 1.00e-03
2026-08-02 16:34:09,937 | [FULL    ] | INFO | full_experiments_using.model_trainers.mobile_vit_trainer | Ep [035/500] T-Acc:  60.4%  V-Acc:  56.8%  V-AUROC: 0.6076  LR: 1.00e-03
2026-08-02 16:34:30,862 | [FULL    ] | INFO | full_experiments_using.model_trainers.mobile_vit_trainer | Ep [036/500] T-Acc:  59.1%  V-Acc:  58.7%  V-AUROC: 0.5991  LR: 1.00e-03
2026-08-02 16:34:51,706 | [FULL    ] | INFO | full_experiments_using.model_trainers.mobile_vit_trainer | Ep [037/500] T-Acc:  61.0%  V-Acc:  58.5%  V-AUROC: 0.6121  LR: 1.00e-03
2026-08-02 16:34:51,834 | [FULL    ] | INFO | full_experiments_using.model_trainers.mobile_vit_trainer |   ↳ new best AUROC; saved checkpoint: /home/oem/choihyunsu/VOGBasedMCIDetection/outputs/checkpoints/run_20260802_112625_full_wvote_artifact30_w0-5-10-10-0-15-30-30_4err/fold_14_best.pth
2026-08-02 16:35:12,728 | [FULL    ] | INFO | full_experiments_using.model_trainers.mobile_vit_trainer | Ep [038/500] T-Acc:  60.3%  V-Acc:  58.1%  V-AUROC: 0.6116  LR: 1.00e-03
2026-08-02 16:35:33,640 | [FULL    ] | INFO | full_experiments_using.model_trainers.mobile_vit_trainer | Ep [039/500] T-Acc:  60.9%  V-Acc:  57.7%  V-AUROC: 0.6069  LR: 1.00e-03
2026-08-02 16:35:54,603 | [FULL    ] | INFO | full_experiments_using.model_trainers.mobile_vit_trainer | Ep [040/500] T-Acc:  61.1%  V-Acc:  58.5%  V-AUROC: 0.6152  LR: 1.00e-03
2026-08-02 16:35:54,730 | [FULL    ] | INFO | full_experiments_using.model_trainers.mobile_vit_trainer |   ↳ new best AUROC; saved checkpoint: /home/oem/choihyunsu/VOGBasedMCIDetection/outputs/checkpoints/run_20260802_112625_full_wvote_artifact30_w0-5-10-10-0-15-30-30_4err/fold_14_best.pth
2026-08-02 16:36:13,390 | [FULL    ] | INFO | full_experiments_using.model_trainers.mobile_vit_trainer | Ep [041/500] T-Acc:  60.1%  V-Acc:  57.8%  V-AUROC: 0.6179  LR: 1.00e-03
2026-08-02 16:36:13,528 | [FULL    ] | INFO | full_experiments_using.model_trainers.mobile_vit_trainer |   ↳ new best AUROC; saved checkpoint: /home/oem/choihyunsu/VOGBasedMCIDetection/outputs/checkpoints/run_20260802_112625_full_wvote_artifact30_w0-5-10-10-0-15-30-30_4err/fold_14_best.pth
2026-08-02 16:36:34,127 | [FULL    ] | INFO | full_experiments_using.model_trainers.mobile_vit_trainer | Ep [042/500] T-Acc:  61.3%  V-Acc:  59.1%  V-AUROC: 0.6254  LR: 1.00e-03
2026-08-02 16:36:34,229 | [FULL    ] | INFO | full_experiments_using.model_trainers.mobile_vit_trainer |   ↳ new best AUROC; saved checkpoint: /home/oem/choihyunsu/VOGBasedMCIDetection/outputs/checkpoints/run_20260802_112625_full_wvote_artifact30_w0-5-10-10-0-15-30-30_4err/fold_14_best.pth
2026-08-02 16:36:53,044 | [FULL    ] | INFO | full_experiments_using.model_trainers.mobile_vit_trainer | Ep [043/500] T-Acc:  61.1%  V-Acc:  57.6%  V-AUROC: 0.6102  LR: 1.00e-03
2026-08-02 16:37:13,889 | [FULL    ] | INFO | full_experiments_using.model_trainers.mobile_vit_trainer | Ep [044/500] T-Acc:  60.5%  V-Acc:  58.6%  V-AUROC: 0.6099  LR: 1.00e-03
2026-08-02 16:37:34,673 | [FULL    ] | INFO | full_experiments_using.model_trainers.mobile_vit_trainer | Ep [045/500] T-Acc:  61.3%  V-Acc:  59.5%  V-AUROC: 0.6165  LR: 1.00e-03
2026-08-02 16:37:55,619 | [FULL    ] | INFO | full_experiments_using.model_trainers.mobile_vit_trainer | Ep [046/500] T-Acc:  62.1%  V-Acc:  57.7%  V-AUROC: 0.6204  LR: 1.00e-03
2026-08-02 16:38:16,608 | [FULL    ] | INFO | full_experiments_using.model_trainers.mobile_vit_trainer | Ep [047/500] T-Acc:  61.6%  V-Acc:  58.3%  V-AUROC: 0.6152  LR: 1.00e-03
2026-08-02 16:38:37,645 | [FULL    ] | INFO | full_experiments_using.model_trainers.mobile_vit_trainer | Ep [048/500] T-Acc:  60.7%  V-Acc:  58.8%  V-AUROC: 0.6130  LR: 1.00e-03
2026-08-02 16:38:58,601 | [FULL    ] | INFO | full_experiments_using.model_trainers.mobile_vit_trainer | Ep [049/500] T-Acc:  61.4%  V-Acc:  57.0%  V-AUROC: 0.5974  LR: 1.00e-03
2026-08-02 16:39:19,446 | [FULL    ] | INFO | full_experiments_using.model_trainers.mobile_vit_trainer | Ep [050/500] T-Acc:  60.8%  V-Acc:  58.7%  V-AUROC: 0.6164  LR: 1.00e-03
2026-08-02 16:39:40,405 | [FULL    ] | INFO | full_experiments_using.model_trainers.mobile_vit_trainer | Ep [051/500] T-Acc:  62.1%  V-Acc:  57.4%  V-AUROC: 0.6052  LR: 1.00e-03
2026-08-02 16:40:01,281 | [FULL    ] | INFO | full_experiments_using.model_trainers.mobile_vit_trainer | Ep [052/500] T-Acc:  62.3%  V-Acc:  58.2%  V-AUROC: 0.6145  LR: 1.00e-03
2026-08-02 16:40:22,060 | [FULL    ] | INFO | full_experiments_using.model_trainers.mobile_vit_trainer | Ep [053/500] T-Acc:  62.2%  V-Acc:  58.3%  V-AUROC: 0.6043  LR: 1.00e-03
2026-08-02 16:40:42,787 | [FULL    ] | INFO | full_experiments_using.model_trainers.mobile_vit_trainer | Ep [054/500] T-Acc:  61.6%  V-Acc:  57.6%  V-AUROC: 0.6080  LR: 2.00e-04
2026-08-02 16:41:03,753 | [FULL    ] | INFO | full_experiments_using.model_trainers.mobile_vit_trainer | Ep [055/500] T-Acc:  62.7%  V-Acc:  58.6%  V-AUROC: 0.6063  LR: 2.00e-04
2026-08-02 16:41:24,728 | [FULL    ] | INFO | full_experiments_using.model_trainers.mobile_vit_trainer | Ep [056/500] T-Acc:  62.2%  V-Acc:  58.3%  V-AUROC: 0.6108  LR: 2.00e-04
2026-08-02 16:41:45,758 | [FULL    ] | INFO | full_experiments_using.model_trainers.mobile_vit_trainer | Ep [057/500] T-Acc:  62.2%  V-Acc:  58.8%  V-AUROC: 0.6099  LR: 2.00e-04
2026-08-02 16:42:06,489 | [FULL    ] | INFO | full_experiments_using.model_trainers.mobile_vit_trainer | Ep [058/500] T-Acc:  62.4%  V-Acc:  57.8%  V-AUROC: 0.6124  LR: 2.00e-04
2026-08-02 16:42:27,439 | [FULL    ] | INFO | full_experiments_using.model_trainers.mobile_vit_trainer | Ep [059/500] T-Acc:  63.2%  V-Acc:  58.5%  V-AUROC: 0.6055  LR: 2.00e-04
2026-08-02 16:42:48,422 | [FULL    ] | INFO | full_experiments_using.model_trainers.mobile_vit_trainer | Ep [060/500] T-Acc:  61.8%  V-Acc:  57.8%  V-AUROC: 0.6039  LR: 2.00e-04
2026-08-02 16:43:09,468 | [FULL    ] | INFO | full_experiments_using.model_trainers.mobile_vit_trainer | Ep [061/500] T-Acc:  61.5%  V-Acc:  58.4%  V-AUROC: 0.6106  LR: 2.00e-04
2026-08-02 16:43:30,419 | [FULL    ] | INFO | full_experiments_using.model_trainers.mobile_vit_trainer | Ep [062/500] T-Acc:  62.1%  V-Acc:  58.1%  V-AUROC: 0.6089  LR: 2.00e-04
2026-08-02 16:43:51,528 | [FULL    ] | INFO | full_experiments_using.model_trainers.mobile_vit_trainer | Ep [063/500] T-Acc:  62.2%  V-Acc:  57.9%  V-AUROC: 0.6095  LR: 2.00e-04
2026-08-02 16:44:12,591 | [FULL    ] | INFO | full_experiments_using.model_trainers.mobile_vit_trainer | Ep [064/500] T-Acc:  62.0%  V-Acc:  57.5%  V-AUROC: 0.6042  LR: 2.00e-04
2026-08-02 16:44:33,524 | [FULL    ] | INFO | full_experiments_using.model_trainers.mobile_vit_trainer | Ep [065/500] T-Acc:  62.5%  V-Acc:  57.4%  V-AUROC: 0.6029  LR: 4.00e-05
2026-08-02 16:44:54,390 | [FULL    ] | INFO | full_experiments_using.model_trainers.mobile_vit_trainer | Ep [066/500] T-Acc:  62.6%  V-Acc:  57.8%  V-AUROC: 0.6080  LR: 4.00e-05
2026-08-02 16:45:15,450 | [FULL    ] | INFO | full_experiments_using.model_trainers.mobile_vit_trainer | Ep [067/500] T-Acc:  61.5%  V-Acc:  58.3%  V-AUROC: 0.6064  LR: 4.00e-05
2026-08-02 16:45:36,396 | [FULL    ] | INFO | full_experiments_using.model_trainers.mobile_vit_trainer | Ep [068/500] T-Acc:  63.1%  V-Acc:  58.0%  V-AUROC: 0.6057  LR: 4.00e-05
2026-08-02 16:45:57,210 | [FULL    ] | INFO | full_experiments_using.model_trainers.mobile_vit_trainer | Ep [069/500] T-Acc:  62.2%  V-Acc:  58.7%  V-AUROC: 0.6078  LR: 4.00e-05
2026-08-02 16:46:18,072 | [FULL    ] | INFO | full_experiments_using.model_trainers.mobile_vit_trainer | Ep [070/500] T-Acc:  61.0%  V-Acc:  57.6%  V-AUROC: 0.6076  LR: 4.00e-05
2026-08-02 16:46:37,272 | [FULL    ] | INFO | full_experiments_using.model_trainers.mobile_vit_trainer | Ep [071/500] T-Acc:  61.9%  V-Acc:  58.1%  V-AUROC: 0.6093  LR: 4.00e-05
2026-08-02 16:46:58,130 | [FULL    ] | INFO | full_experiments_using.model_trainers.mobile_vit_trainer | Ep [072/500] T-Acc:  62.0%  V-Acc:  57.6%  V-AUROC: 0.6089  LR: 4.00e-05
2026-08-02 16:46:58,130 | [FULL    ] | INFO | full_experiments_using.model_trainers.mobile_vit_trainer | Early stop — best AUROC 0.6254 at epoch 42 (no improvement for 30 epochs)
2026-08-02 16:46:58,130 | [FULL    ] | INFO | full_experiments_using.model_trainers.mobile_vit_trainer | Done. Best AUROC: 0.6254 (epoch 42) → /home/oem/choihyunsu/VOGBasedMCIDetection/outputs/checkpoints/run_20260802_112625_full_wvote_artifact30_w0-5-10-10-0-15-30-30_4err/fold_14_best.pth
2026-08-02 16:47:05,125 | [FULL    ] | INFO | full_experiments_using.evaluators.monte_carlo_evaluator | -> Fold 15 Result | Acc=0.727 Sens=0.714 Spec=0.750 AUROC=0.929
2026-08-02 16:47:05,132 | [FULL    ] | INFO | full_experiments_using.evaluators.monte_carlo_evaluator | === Fold 16/30 | train: 25 subj (HC=8 MCI=17) / 3830 win | test: 12 subj (HC=6 MCI=6) / 1885 win ===
2026-08-02 16:47:05,372 | [FULL    ] | INFO | httpx | HTTP Request: HEAD https://huggingface.co/apple/mobilevit-small/resolve/main/config.json "HTTP/1.1 307 Temporary Redirect"
2026-08-02 16:47:05,389 | [FULL    ] | INFO | httpx | HTTP Request: HEAD https://huggingface.co/api/resolve-cache/models/apple/mobilevit-small/6c8612545dc98676d27bc518fa521d9e9af23e34/config.json "HTTP/1.1 200 OK"
2026-08-02 16:47:05,663 | [FULL    ] | INFO | httpx | HTTP Request: HEAD https://huggingface.co/apple/mobilevit-small/resolve/main/model.safetensors "HTTP/1.1 404 Not Found"
2026-08-02 16:47:05,883 | [FULL    ] | INFO | httpx | HTTP Request: HEAD https://huggingface.co/apple/mobilevit-small/resolve/main/model.safetensors.index.json "HTTP/1.1 404 Not Found"
2026-08-02 16:47:06,100 | [FULL    ] | INFO | httpx | HTTP Request: HEAD https://huggingface.co/apple/mobilevit-small/resolve/main/pytorch_model.bin "HTTP/1.1 302 Found"
2026-08-02 16:47:06,310 | [FULL    ] | INFO | httpx | HTTP Request: HEAD https://huggingface.co/apple/mobilevit-small/resolve/main/model.safetensors "HTTP/1.1 404 Not Found"
2026-08-02 16:47:06,535 | [FULL    ] | INFO | httpx | HTTP Request: GET https://huggingface.co/api/models/apple/mobilevit-small "HTTP/1.1 200 OK"
2026-08-02 16:47:06,763 | [FULL    ] | INFO | httpx | HTTP Request: GET https://huggingface.co/api/models/apple/mobilevit-small/commits/main "HTTP/1.1 200 OK"
2026-08-02 16:47:07,003 | [FULL    ] | INFO | httpx | HTTP Request: GET https://huggingface.co/api/models/apple/mobilevit-small/discussions?p=0 "HTTP/1.1 200 OK"
2026-08-02 16:47:07,228 | [FULL    ] | INFO | httpx | HTTP Request: GET https://huggingface.co/api/models/apple/mobilevit-small/commits/refs%2Fpr%2F6 "HTTP/1.1 200 OK"
2026-08-02 16:47:07,435 | [FULL    ] | INFO | httpx | HTTP Request: HEAD https://huggingface.co/apple/mobilevit-small/resolve/refs%2Fpr%2F6/model.safetensors.index.json "HTTP/1.1 404 Not Found"
2026-08-02 16:47:07,518 | [FULL    ] | INFO | full_experiments_using.model_trainers.mobile_vit_trainer | Device: cuda | max_epochs=500 | batch=32 | eval_batch=256 | es_patience=30
2026-08-02 16:47:07,524 | [FULL    ] | INFO | full_experiments_using.model_trainers.mobile_vit_trainer | CE weights — HC: 1.315  MCI: 0.807
2026-08-02 16:47:07,648 | [FULL    ] | INFO | httpx | HTTP Request: HEAD https://huggingface.co/apple/mobilevit-small/resolve/refs%2Fpr%2F6/model.safetensors "HTTP/1.1 302 Found"
2026-08-02 16:47:28,703 | [FULL    ] | INFO | full_experiments_using.model_trainers.mobile_vit_trainer | Ep [001/500] T-Acc:  57.3%  V-Acc:  44.8%  V-AUROC: 0.4451  LR: 2.00e-04
2026-08-02 16:47:28,800 | [FULL    ] | INFO | full_experiments_using.model_trainers.mobile_vit_trainer |   ↳ new best AUROC; saved checkpoint: /home/oem/choihyunsu/VOGBasedMCIDetection/outputs/checkpoints/run_20260802_112625_full_wvote_artifact30_w0-5-10-10-0-15-30-30_4err/fold_15_best.pth
2026-08-02 16:47:49,749 | [FULL    ] | INFO | full_experiments_using.model_trainers.mobile_vit_trainer | Ep [002/500] T-Acc:  57.2%  V-Acc:  44.8%  V-AUROC: 0.4467  LR: 4.00e-04
2026-08-02 16:47:49,811 | [FULL    ] | INFO | full_experiments_using.model_trainers.mobile_vit_trainer |   ↳ new best AUROC; saved checkpoint: /home/oem/choihyunsu/VOGBasedMCIDetection/outputs/checkpoints/run_20260802_112625_full_wvote_artifact30_w0-5-10-10-0-15-30-30_4err/fold_15_best.pth
2026-08-02 16:48:10,768 | [FULL    ] | INFO | full_experiments_using.model_trainers.mobile_vit_trainer | Ep [003/500] T-Acc:  57.4%  V-Acc:  43.7%  V-AUROC: 0.4434  LR: 6.00e-04
2026-08-02 16:48:31,786 | [FULL    ] | INFO | full_experiments_using.model_trainers.mobile_vit_trainer | Ep [004/500] T-Acc:  57.5%  V-Acc:  45.5%  V-AUROC: 0.4515  LR: 8.00e-04
2026-08-02 16:48:31,931 | [FULL    ] | INFO | full_experiments_using.model_trainers.mobile_vit_trainer |   ↳ new best AUROC; saved checkpoint: /home/oem/choihyunsu/VOGBasedMCIDetection/outputs/checkpoints/run_20260802_112625_full_wvote_artifact30_w0-5-10-10-0-15-30-30_4err/fold_15_best.pth
2026-08-02 16:48:53,021 | [FULL    ] | INFO | full_experiments_using.model_trainers.mobile_vit_trainer | Ep [005/500] T-Acc:  57.0%  V-Acc:  46.6%  V-AUROC: 0.4773  LR: 1.00e-03
2026-08-02 16:48:53,265 | [FULL    ] | INFO | full_experiments_using.model_trainers.mobile_vit_trainer |   ↳ new best AUROC; saved checkpoint: /home/oem/choihyunsu/VOGBasedMCIDetection/outputs/checkpoints/run_20260802_112625_full_wvote_artifact30_w0-5-10-10-0-15-30-30_4err/fold_15_best.pth
2026-08-02 16:49:14,297 | [FULL    ] | INFO | full_experiments_using.model_trainers.mobile_vit_trainer | Ep [006/500] T-Acc:  58.8%  V-Acc:  46.1%  V-AUROC: 0.4633  LR: 1.00e-03
2026-08-02 16:49:35,354 | [FULL    ] | INFO | full_experiments_using.model_trainers.mobile_vit_trainer | Ep [007/500] T-Acc:  58.2%  V-Acc:  46.6%  V-AUROC: 0.4757  LR: 1.00e-03
2026-08-02 16:49:56,532 | [FULL    ] | INFO | full_experiments_using.model_trainers.mobile_vit_trainer | Ep [008/500] T-Acc:  60.0%  V-Acc:  47.4%  V-AUROC: 0.4700  LR: 1.00e-03
2026-08-02 16:50:17,701 | [FULL    ] | INFO | full_experiments_using.model_trainers.mobile_vit_trainer | Ep [009/500] T-Acc:  59.0%  V-Acc:  47.0%  V-AUROC: 0.4728  LR: 1.00e-03
2026-08-02 16:50:38,736 | [FULL    ] | INFO | full_experiments_using.model_trainers.mobile_vit_trainer | Ep [010/500] T-Acc:  59.6%  V-Acc:  48.2%  V-AUROC: 0.4695  LR: 1.00e-03
2026-08-02 16:50:59,895 | [FULL    ] | INFO | full_experiments_using.model_trainers.mobile_vit_trainer | Ep [011/500] T-Acc:  61.1%  V-Acc:  47.7%  V-AUROC: 0.4602  LR: 1.00e-03
2026-08-02 16:51:20,984 | [FULL    ] | INFO | full_experiments_using.model_trainers.mobile_vit_trainer | Ep [012/500] T-Acc:  61.1%  V-Acc:  48.6%  V-AUROC: 0.4705  LR: 1.00e-03
2026-08-02 16:51:42,174 | [FULL    ] | INFO | full_experiments_using.model_trainers.mobile_vit_trainer | Ep [013/500] T-Acc:  61.5%  V-Acc:  49.0%  V-AUROC: 0.4760  LR: 1.00e-03
2026-08-02 16:52:03,400 | [FULL    ] | INFO | full_experiments_using.model_trainers.mobile_vit_trainer | Ep [014/500] T-Acc:  62.2%  V-Acc:  47.9%  V-AUROC: 0.4678  LR: 1.00e-03
2026-08-02 16:52:24,583 | [FULL    ] | INFO | full_experiments_using.model_trainers.mobile_vit_trainer | Ep [015/500] T-Acc:  63.2%  V-Acc:  46.6%  V-AUROC: 0.4590  LR: 1.00e-03
2026-08-02 16:52:45,680 | [FULL    ] | INFO | full_experiments_using.model_trainers.mobile_vit_trainer | Ep [016/500] T-Acc:  63.2%  V-Acc:  47.4%  V-AUROC: 0.4643  LR: 1.00e-03
2026-08-02 16:53:06,677 | [FULL    ] | INFO | full_experiments_using.model_trainers.mobile_vit_trainer | Ep [017/500] T-Acc:  63.1%  V-Acc:  47.5%  V-AUROC: 0.4659  LR: 1.00e-03
2026-08-02 16:53:27,665 | [FULL    ] | INFO | full_experiments_using.model_trainers.mobile_vit_trainer | Ep [018/500] T-Acc:  63.3%  V-Acc:  48.2%  V-AUROC: 0.4709  LR: 1.00e-03
2026-08-02 16:53:48,668 | [FULL    ] | INFO | full_experiments_using.model_trainers.mobile_vit_trainer | Ep [019/500] T-Acc:  64.5%  V-Acc:  48.1%  V-AUROC: 0.4679  LR: 1.00e-03
2026-08-02 16:54:09,727 | [FULL    ] | INFO | full_experiments_using.model_trainers.mobile_vit_trainer | Ep [020/500] T-Acc:  66.0%  V-Acc:  47.6%  V-AUROC: 0.4595  LR: 1.00e-03
2026-08-02 16:54:30,781 | [FULL    ] | INFO | full_experiments_using.model_trainers.mobile_vit_trainer | Ep [021/500] T-Acc:  64.2%  V-Acc:  46.9%  V-AUROC: 0.4590  LR: 1.00e-03
2026-08-02 16:54:51,822 | [FULL    ] | INFO | full_experiments_using.model_trainers.mobile_vit_trainer | Ep [022/500] T-Acc:  64.8%  V-Acc:  46.9%  V-AUROC: 0.4614  LR: 1.00e-03
2026-08-02 16:55:12,794 | [FULL    ] | INFO | full_experiments_using.model_trainers.mobile_vit_trainer | Ep [023/500] T-Acc:  64.2%  V-Acc:  48.0%  V-AUROC: 0.4642  LR: 1.00e-03
2026-08-02 16:55:33,831 | [FULL    ] | INFO | full_experiments_using.model_trainers.mobile_vit_trainer | Ep [024/500] T-Acc:  65.3%  V-Acc:  47.0%  V-AUROC: 0.4602  LR: 1.00e-03
2026-08-02 16:55:54,888 | [FULL    ] | INFO | full_experiments_using.model_trainers.mobile_vit_trainer | Ep [025/500] T-Acc:  65.8%  V-Acc:  47.1%  V-AUROC: 0.4624  LR: 2.00e-04
2026-08-02 16:56:15,983 | [FULL    ] | INFO | full_experiments_using.model_trainers.mobile_vit_trainer | Ep [026/500] T-Acc:  66.1%  V-Acc:  47.4%  V-AUROC: 0.4617  LR: 2.00e-04
2026-08-02 16:56:37,038 | [FULL    ] | INFO | full_experiments_using.model_trainers.mobile_vit_trainer | Ep [027/500] T-Acc:  65.9%  V-Acc:  47.6%  V-AUROC: 0.4608  LR: 2.00e-04
2026-08-02 16:56:58,053 | [FULL    ] | INFO | full_experiments_using.model_trainers.mobile_vit_trainer | Ep [028/500] T-Acc:  66.2%  V-Acc:  48.1%  V-AUROC: 0.4627  LR: 2.00e-04
2026-08-02 16:57:19,131 | [FULL    ] | INFO | full_experiments_using.model_trainers.mobile_vit_trainer | Ep [029/500] T-Acc:  66.1%  V-Acc:  47.9%  V-AUROC: 0.4649  LR: 2.00e-04
2026-08-02 16:57:39,065 | [FULL    ] | INFO | full_experiments_using.model_trainers.mobile_vit_trainer | Ep [030/500] T-Acc:  65.9%  V-Acc:  47.1%  V-AUROC: 0.4612  LR: 2.00e-04
2026-08-02 16:57:59,898 | [FULL    ] | INFO | full_experiments_using.model_trainers.mobile_vit_trainer | Ep [031/500] T-Acc:  66.2%  V-Acc:  48.0%  V-AUROC: 0.4595  LR: 2.00e-04
2026-08-02 16:58:18,970 | [FULL    ] | INFO | full_experiments_using.model_trainers.mobile_vit_trainer | Ep [032/500] T-Acc:  65.9%  V-Acc:  47.8%  V-AUROC: 0.4607  LR: 2.00e-04
2026-08-02 16:58:39,980 | [FULL    ] | INFO | full_experiments_using.model_trainers.mobile_vit_trainer | Ep [033/500] T-Acc:  65.7%  V-Acc:  47.4%  V-AUROC: 0.4616  LR: 2.00e-04
2026-08-02 16:59:00,989 | [FULL    ] | INFO | full_experiments_using.model_trainers.mobile_vit_trainer | Ep [034/500] T-Acc:  66.8%  V-Acc:  47.4%  V-AUROC: 0.4639  LR: 2.00e-04
2026-08-02 16:59:21,830 | [FULL    ] | INFO | full_experiments_using.model_trainers.mobile_vit_trainer | Ep [035/500] T-Acc:  66.9%  V-Acc:  48.1%  V-AUROC: 0.4653  LR: 2.00e-04
2026-08-02 16:59:21,830 | [FULL    ] | INFO | full_experiments_using.model_trainers.mobile_vit_trainer | Early stop — best AUROC 0.4773 at epoch 5 (no improvement for 30 epochs)
2026-08-02 16:59:21,830 | [FULL    ] | INFO | full_experiments_using.model_trainers.mobile_vit_trainer | Done. Best AUROC: 0.4773 (epoch 5) → /home/oem/choihyunsu/VOGBasedMCIDetection/outputs/checkpoints/run_20260802_112625_full_wvote_artifact30_w0-5-10-10-0-15-30-30_4err/fold_15_best.pth
2026-08-02 16:59:26,254 | [FULL    ] | INFO | full_experiments_using.evaluators.monte_carlo_evaluator | -> Fold 16 Result | Acc=0.455 Sens=0.500 Spec=0.400 AUROC=0.533
2026-08-02 16:59:26,260 | [FULL    ] | INFO | full_experiments_using.evaluators.monte_carlo_evaluator | === Fold 17/30 | train: 25 subj (HC=8 MCI=17) / 3716 win | test: 12 subj (HC=6 MCI=6) / 1999 win ===
2026-08-02 16:59:26,494 | [FULL    ] | INFO | httpx | HTTP Request: HEAD https://huggingface.co/apple/mobilevit-small/resolve/main/config.json "HTTP/1.1 307 Temporary Redirect"
2026-08-02 16:59:26,506 | [FULL    ] | INFO | httpx | HTTP Request: HEAD https://huggingface.co/api/resolve-cache/models/apple/mobilevit-small/6c8612545dc98676d27bc518fa521d9e9af23e34/config.json "HTTP/1.1 200 OK"
2026-08-02 16:59:26,773 | [FULL    ] | INFO | httpx | HTTP Request: HEAD https://huggingface.co/apple/mobilevit-small/resolve/main/model.safetensors "HTTP/1.1 404 Not Found"
2026-08-02 16:59:26,989 | [FULL    ] | INFO | httpx | HTTP Request: HEAD https://huggingface.co/apple/mobilevit-small/resolve/main/model.safetensors.index.json "HTTP/1.1 404 Not Found"
2026-08-02 16:59:27,196 | [FULL    ] | INFO | httpx | HTTP Request: HEAD https://huggingface.co/apple/mobilevit-small/resolve/main/pytorch_model.bin "HTTP/1.1 302 Found"
2026-08-02 16:59:27,400 | [FULL    ] | INFO | httpx | HTTP Request: HEAD https://huggingface.co/apple/mobilevit-small/resolve/main/model.safetensors "HTTP/1.1 404 Not Found"
2026-08-02 16:59:27,613 | [FULL    ] | INFO | httpx | HTTP Request: GET https://huggingface.co/api/models/apple/mobilevit-small "HTTP/1.1 200 OK"
2026-08-02 16:59:27,853 | [FULL    ] | INFO | httpx | HTTP Request: GET https://huggingface.co/api/models/apple/mobilevit-small/commits/main "HTTP/1.1 200 OK"
2026-08-02 16:59:28,070 | [FULL    ] | INFO | httpx | HTTP Request: GET https://huggingface.co/api/models/apple/mobilevit-small/discussions?p=0 "HTTP/1.1 200 OK"
2026-08-02 16:59:28,289 | [FULL    ] | INFO | httpx | HTTP Request: GET https://huggingface.co/api/models/apple/mobilevit-small/commits/refs%2Fpr%2F6 "HTTP/1.1 200 OK"
2026-08-02 16:59:28,498 | [FULL    ] | INFO | httpx | HTTP Request: HEAD https://huggingface.co/apple/mobilevit-small/resolve/refs%2Fpr%2F6/model.safetensors.index.json "HTTP/1.1 404 Not Found"
2026-08-02 16:59:28,715 | [FULL    ] | INFO | httpx | HTTP Request: HEAD https://huggingface.co/apple/mobilevit-small/resolve/refs%2Fpr%2F6/model.safetensors "HTTP/1.1 302 Found"
2026-08-02 16:59:28,894 | [FULL    ] | INFO | full_experiments_using.model_trainers.mobile_vit_trainer | Device: cuda | max_epochs=500 | batch=32 | eval_batch=256 | es_patience=30
2026-08-02 16:59:28,902 | [FULL    ] | INFO | full_experiments_using.model_trainers.mobile_vit_trainer | CE weights — HC: 1.337  MCI: 0.799
2026-08-02 17:00:00,856 | [FULL    ] | INFO | full_experiments_using.model_trainers.mobile_vit_trainer | Ep [001/500] T-Acc:  55.5%  V-Acc:  44.4%  V-AUROC: 0.4630  LR: 2.00e-04
2026-08-02 17:00:00,916 | [FULL    ] | INFO | full_experiments_using.model_trainers.mobile_vit_trainer |   ↳ new best AUROC; saved checkpoint: /home/oem/choihyunsu/VOGBasedMCIDetection/outputs/checkpoints/run_20260802_112625_full_wvote_artifact30_w0-5-10-10-0-15-30-30_4err/fold_16_best.pth
2026-08-02 17:00:21,542 | [FULL    ] | INFO | full_experiments_using.model_trainers.mobile_vit_trainer | Ep [002/500] T-Acc:  54.1%  V-Acc:  45.9%  V-AUROC: 0.4724  LR: 4.00e-04
2026-08-02 17:00:21,662 | [FULL    ] | INFO | full_experiments_using.model_trainers.mobile_vit_trainer |   ↳ new best AUROC; saved checkpoint: /home/oem/choihyunsu/VOGBasedMCIDetection/outputs/checkpoints/run_20260802_112625_full_wvote_artifact30_w0-5-10-10-0-15-30-30_4err/fold_16_best.pth
2026-08-02 17:00:42,559 | [FULL    ] | INFO | full_experiments_using.model_trainers.mobile_vit_trainer | Ep [003/500] T-Acc:  54.6%  V-Acc:  47.2%  V-AUROC: 0.4862  LR: 6.00e-04
2026-08-02 17:00:42,722 | [FULL    ] | INFO | full_experiments_using.model_trainers.mobile_vit_trainer |   ↳ new best AUROC; saved checkpoint: /home/oem/choihyunsu/VOGBasedMCIDetection/outputs/checkpoints/run_20260802_112625_full_wvote_artifact30_w0-5-10-10-0-15-30-30_4err/fold_16_best.pth
2026-08-02 17:01:03,626 | [FULL    ] | INFO | full_experiments_using.model_trainers.mobile_vit_trainer | Ep [004/500] T-Acc:  55.1%  V-Acc:  48.0%  V-AUROC: 0.4918  LR: 8.00e-04
2026-08-02 17:01:03,747 | [FULL    ] | INFO | full_experiments_using.model_trainers.mobile_vit_trainer |   ↳ new best AUROC; saved checkpoint: /home/oem/choihyunsu/VOGBasedMCIDetection/outputs/checkpoints/run_20260802_112625_full_wvote_artifact30_w0-5-10-10-0-15-30-30_4err/fold_16_best.pth
2026-08-02 17:01:24,291 | [FULL    ] | INFO | full_experiments_using.model_trainers.mobile_vit_trainer | Ep [005/500] T-Acc:  54.5%  V-Acc:  49.5%  V-AUROC: 0.5217  LR: 1.00e-03
2026-08-02 17:01:24,411 | [FULL    ] | INFO | full_experiments_using.model_trainers.mobile_vit_trainer |   ↳ new best AUROC; saved checkpoint: /home/oem/choihyunsu/VOGBasedMCIDetection/outputs/checkpoints/run_20260802_112625_full_wvote_artifact30_w0-5-10-10-0-15-30-30_4err/fold_16_best.pth
2026-08-02 17:01:45,165 | [FULL    ] | INFO | full_experiments_using.model_trainers.mobile_vit_trainer | Ep [006/500] T-Acc:  54.3%  V-Acc:  51.3%  V-AUROC: 0.5381  LR: 1.00e-03
2026-08-02 17:01:45,283 | [FULL    ] | INFO | full_experiments_using.model_trainers.mobile_vit_trainer |   ↳ new best AUROC; saved checkpoint: /home/oem/choihyunsu/VOGBasedMCIDetection/outputs/checkpoints/run_20260802_112625_full_wvote_artifact30_w0-5-10-10-0-15-30-30_4err/fold_16_best.pth
2026-08-02 17:02:06,104 | [FULL    ] | INFO | full_experiments_using.model_trainers.mobile_vit_trainer | Ep [007/500] T-Acc:  54.8%  V-Acc:  50.2%  V-AUROC: 0.5283  LR: 1.00e-03
2026-08-02 17:02:26,893 | [FULL    ] | INFO | full_experiments_using.model_trainers.mobile_vit_trainer | Ep [008/500] T-Acc:  55.1%  V-Acc:  51.4%  V-AUROC: 0.5452  LR: 1.00e-03
2026-08-02 17:02:27,011 | [FULL    ] | INFO | full_experiments_using.model_trainers.mobile_vit_trainer |   ↳ new best AUROC; saved checkpoint: /home/oem/choihyunsu/VOGBasedMCIDetection/outputs/checkpoints/run_20260802_112625_full_wvote_artifact30_w0-5-10-10-0-15-30-30_4err/fold_16_best.pth
2026-08-02 17:02:47,757 | [FULL    ] | INFO | full_experiments_using.model_trainers.mobile_vit_trainer | Ep [009/500] T-Acc:  54.2%  V-Acc:  52.8%  V-AUROC: 0.5564  LR: 1.00e-03
2026-08-02 17:02:47,893 | [FULL    ] | INFO | full_experiments_using.model_trainers.mobile_vit_trainer |   ↳ new best AUROC; saved checkpoint: /home/oem/choihyunsu/VOGBasedMCIDetection/outputs/checkpoints/run_20260802_112625_full_wvote_artifact30_w0-5-10-10-0-15-30-30_4err/fold_16_best.pth
2026-08-02 17:03:08,661 | [FULL    ] | INFO | full_experiments_using.model_trainers.mobile_vit_trainer | Ep [010/500] T-Acc:  56.3%  V-Acc:  52.7%  V-AUROC: 0.5636  LR: 1.00e-03
2026-08-02 17:03:08,780 | [FULL    ] | INFO | full_experiments_using.model_trainers.mobile_vit_trainer |   ↳ new best AUROC; saved checkpoint: /home/oem/choihyunsu/VOGBasedMCIDetection/outputs/checkpoints/run_20260802_112625_full_wvote_artifact30_w0-5-10-10-0-15-30-30_4err/fold_16_best.pth
2026-08-02 17:03:29,528 | [FULL    ] | INFO | full_experiments_using.model_trainers.mobile_vit_trainer | Ep [011/500] T-Acc:  56.7%  V-Acc:  54.9%  V-AUROC: 0.5713  LR: 1.00e-03
2026-08-02 17:03:29,649 | [FULL    ] | INFO | full_experiments_using.model_trainers.mobile_vit_trainer |   ↳ new best AUROC; saved checkpoint: /home/oem/choihyunsu/VOGBasedMCIDetection/outputs/checkpoints/run_20260802_112625_full_wvote_artifact30_w0-5-10-10-0-15-30-30_4err/fold_16_best.pth
2026-08-02 17:03:50,262 | [FULL    ] | INFO | full_experiments_using.model_trainers.mobile_vit_trainer | Ep [012/500] T-Acc:  57.9%  V-Acc:  54.0%  V-AUROC: 0.5853  LR: 1.00e-03
2026-08-02 17:03:50,379 | [FULL    ] | INFO | full_experiments_using.model_trainers.mobile_vit_trainer |   ↳ new best AUROC; saved checkpoint: /home/oem/choihyunsu/VOGBasedMCIDetection/outputs/checkpoints/run_20260802_112625_full_wvote_artifact30_w0-5-10-10-0-15-30-30_4err/fold_16_best.pth
2026-08-02 17:04:11,020 | [FULL    ] | INFO | full_experiments_using.model_trainers.mobile_vit_trainer | Ep [013/500] T-Acc:  55.6%  V-Acc:  55.7%  V-AUROC: 0.5893  LR: 1.00e-03
2026-08-02 17:04:11,143 | [FULL    ] | INFO | full_experiments_using.model_trainers.mobile_vit_trainer |   ↳ new best AUROC; saved checkpoint: /home/oem/choihyunsu/VOGBasedMCIDetection/outputs/checkpoints/run_20260802_112625_full_wvote_artifact30_w0-5-10-10-0-15-30-30_4err/fold_16_best.pth
2026-08-02 17:04:31,901 | [FULL    ] | INFO | full_experiments_using.model_trainers.mobile_vit_trainer | Ep [014/500] T-Acc:  57.2%  V-Acc:  54.5%  V-AUROC: 0.5729  LR: 1.00e-03
2026-08-02 17:04:52,715 | [FULL    ] | INFO | full_experiments_using.model_trainers.mobile_vit_trainer | Ep [015/500] T-Acc:  56.8%  V-Acc:  54.8%  V-AUROC: 0.5678  LR: 1.00e-03
2026-08-02 17:05:13,565 | [FULL    ] | INFO | full_experiments_using.model_trainers.mobile_vit_trainer | Ep [016/500] T-Acc:  57.9%  V-Acc:  55.4%  V-AUROC: 0.5876  LR: 1.00e-03
2026-08-02 17:05:34,316 | [FULL    ] | INFO | full_experiments_using.model_trainers.mobile_vit_trainer | Ep [017/500] T-Acc:  56.9%  V-Acc:  56.0%  V-AUROC: 0.5879  LR: 1.00e-03
2026-08-02 17:05:54,900 | [FULL    ] | INFO | full_experiments_using.model_trainers.mobile_vit_trainer | Ep [018/500] T-Acc:  58.1%  V-Acc:  55.9%  V-AUROC: 0.5868  LR: 1.00e-03
2026-08-02 17:06:15,558 | [FULL    ] | INFO | full_experiments_using.model_trainers.mobile_vit_trainer | Ep [019/500] T-Acc:  58.7%  V-Acc:  54.4%  V-AUROC: 0.5807  LR: 1.00e-03
2026-08-02 17:06:36,337 | [FULL    ] | INFO | full_experiments_using.model_trainers.mobile_vit_trainer | Ep [020/500] T-Acc:  58.2%  V-Acc:  53.9%  V-AUROC: 0.5728  LR: 1.00e-03
2026-08-02 17:06:57,140 | [FULL    ] | INFO | full_experiments_using.model_trainers.mobile_vit_trainer | Ep [021/500] T-Acc:  57.9%  V-Acc:  54.8%  V-AUROC: 0.5825  LR: 1.00e-03
2026-08-02 17:07:17,902 | [FULL    ] | INFO | full_experiments_using.model_trainers.mobile_vit_trainer | Ep [022/500] T-Acc:  57.6%  V-Acc:  55.3%  V-AUROC: 0.5791  LR: 1.00e-03
2026-08-02 17:07:38,562 | [FULL    ] | INFO | full_experiments_using.model_trainers.mobile_vit_trainer | Ep [023/500] T-Acc:  57.7%  V-Acc:  55.7%  V-AUROC: 0.5800  LR: 1.00e-03
2026-08-02 17:07:59,245 | [FULL    ] | INFO | full_experiments_using.model_trainers.mobile_vit_trainer | Ep [024/500] T-Acc:  57.6%  V-Acc:  56.2%  V-AUROC: 0.5921  LR: 1.00e-03
2026-08-02 17:07:59,363 | [FULL    ] | INFO | full_experiments_using.model_trainers.mobile_vit_trainer |   ↳ new best AUROC; saved checkpoint: /home/oem/choihyunsu/VOGBasedMCIDetection/outputs/checkpoints/run_20260802_112625_full_wvote_artifact30_w0-5-10-10-0-15-30-30_4err/fold_16_best.pth
2026-08-02 17:08:20,251 | [FULL    ] | INFO | full_experiments_using.model_trainers.mobile_vit_trainer | Ep [025/500] T-Acc:  59.2%  V-Acc:  56.3%  V-AUROC: 0.5991  LR: 1.00e-03
2026-08-02 17:08:20,373 | [FULL    ] | INFO | full_experiments_using.model_trainers.mobile_vit_trainer |   ↳ new best AUROC; saved checkpoint: /home/oem/choihyunsu/VOGBasedMCIDetection/outputs/checkpoints/run_20260802_112625_full_wvote_artifact30_w0-5-10-10-0-15-30-30_4err/fold_16_best.pth
2026-08-02 17:08:41,275 | [FULL    ] | INFO | full_experiments_using.model_trainers.mobile_vit_trainer | Ep [026/500] T-Acc:  57.9%  V-Acc:  55.7%  V-AUROC: 0.5881  LR: 1.00e-03
2026-08-02 17:09:01,991 | [FULL    ] | INFO | full_experiments_using.model_trainers.mobile_vit_trainer | Ep [027/500] T-Acc:  59.8%  V-Acc:  56.4%  V-AUROC: 0.5812  LR: 1.00e-03
2026-08-02 17:09:22,620 | [FULL    ] | INFO | full_experiments_using.model_trainers.mobile_vit_trainer | Ep [028/500] T-Acc:  58.8%  V-Acc:  57.0%  V-AUROC: 0.5957  LR: 1.00e-03
2026-08-02 17:09:43,442 | [FULL    ] | INFO | full_experiments_using.model_trainers.mobile_vit_trainer | Ep [029/500] T-Acc:  58.8%  V-Acc:  55.7%  V-AUROC: 0.5854  LR: 1.00e-03
2026-08-02 17:10:04,277 | [FULL    ] | INFO | full_experiments_using.model_trainers.mobile_vit_trainer | Ep [030/500] T-Acc:  59.1%  V-Acc:  55.5%  V-AUROC: 0.5831  LR: 1.00e-03
2026-08-02 17:10:25,055 | [FULL    ] | INFO | full_experiments_using.model_trainers.mobile_vit_trainer | Ep [031/500] T-Acc:  60.3%  V-Acc:  55.2%  V-AUROC: 0.5823  LR: 1.00e-03
2026-08-02 17:10:45,740 | [FULL    ] | INFO | full_experiments_using.model_trainers.mobile_vit_trainer | Ep [032/500] T-Acc:  59.9%  V-Acc:  55.8%  V-AUROC: 0.5836  LR: 1.00e-03
2026-08-02 17:11:06,469 | [FULL    ] | INFO | full_experiments_using.model_trainers.mobile_vit_trainer | Ep [033/500] T-Acc:  59.6%  V-Acc:  55.4%  V-AUROC: 0.5877  LR: 1.00e-03
2026-08-02 17:11:27,322 | [FULL    ] | INFO | full_experiments_using.model_trainers.mobile_vit_trainer | Ep [034/500] T-Acc:  60.8%  V-Acc:  56.1%  V-AUROC: 0.5867  LR: 1.00e-03
2026-08-02 17:11:48,099 | [FULL    ] | INFO | full_experiments_using.model_trainers.mobile_vit_trainer | Ep [035/500] T-Acc:  61.0%  V-Acc:  56.1%  V-AUROC: 0.5894  LR: 1.00e-03
2026-08-02 17:12:08,739 | [FULL    ] | INFO | full_experiments_using.model_trainers.mobile_vit_trainer | Ep [036/500] T-Acc:  60.4%  V-Acc:  55.6%  V-AUROC: 0.5848  LR: 1.00e-03
2026-08-02 17:12:28,825 | [FULL    ] | INFO | full_experiments_using.model_trainers.mobile_vit_trainer | Ep [037/500] T-Acc:  60.2%  V-Acc:  55.6%  V-AUROC: 0.5838  LR: 2.00e-04
2026-08-02 17:12:47,621 | [FULL    ] | INFO | full_experiments_using.model_trainers.mobile_vit_trainer | Ep [038/500] T-Acc:  60.7%  V-Acc:  55.6%  V-AUROC: 0.5845  LR: 2.00e-04
2026-08-02 17:13:08,516 | [FULL    ] | INFO | full_experiments_using.model_trainers.mobile_vit_trainer | Ep [039/500] T-Acc:  60.9%  V-Acc:  55.8%  V-AUROC: 0.5871  LR: 2.00e-04
2026-08-02 17:13:29,000 | [FULL    ] | INFO | full_experiments_using.model_trainers.mobile_vit_trainer | Ep [040/500] T-Acc:  60.9%  V-Acc:  55.9%  V-AUROC: 0.5875  LR: 2.00e-04
2026-08-02 17:13:49,657 | [FULL    ] | INFO | full_experiments_using.model_trainers.mobile_vit_trainer | Ep [041/500] T-Acc:  61.4%  V-Acc:  56.3%  V-AUROC: 0.5904  LR: 2.00e-04
2026-08-02 17:14:10,402 | [FULL    ] | INFO | full_experiments_using.model_trainers.mobile_vit_trainer | Ep [042/500] T-Acc:  59.8%  V-Acc:  56.1%  V-AUROC: 0.5886  LR: 2.00e-04
2026-08-02 17:14:31,204 | [FULL    ] | INFO | full_experiments_using.model_trainers.mobile_vit_trainer | Ep [043/500] T-Acc:  62.3%  V-Acc:  55.6%  V-AUROC: 0.5878  LR: 2.00e-04
2026-08-02 17:14:51,981 | [FULL    ] | INFO | full_experiments_using.model_trainers.mobile_vit_trainer | Ep [044/500] T-Acc:  61.7%  V-Acc:  55.8%  V-AUROC: 0.5866  LR: 2.00e-04
2026-08-02 17:15:12,957 | [FULL    ] | INFO | full_experiments_using.model_trainers.mobile_vit_trainer | Ep [045/500] T-Acc:  62.3%  V-Acc:  55.8%  V-AUROC: 0.5878  LR: 2.00e-04
2026-08-02 17:15:33,865 | [FULL    ] | INFO | full_experiments_using.model_trainers.mobile_vit_trainer | Ep [046/500] T-Acc:  61.8%  V-Acc:  55.7%  V-AUROC: 0.5882  LR: 2.00e-04
2026-08-02 17:15:54,609 | [FULL    ] | INFO | full_experiments_using.model_trainers.mobile_vit_trainer | Ep [047/500] T-Acc:  62.5%  V-Acc:  55.6%  V-AUROC: 0.5871  LR: 2.00e-04
2026-08-02 17:16:15,446 | [FULL    ] | INFO | full_experiments_using.model_trainers.mobile_vit_trainer | Ep [048/500] T-Acc:  61.7%  V-Acc:  55.4%  V-AUROC: 0.5875  LR: 4.00e-05
2026-08-02 17:16:36,114 | [FULL    ] | INFO | full_experiments_using.model_trainers.mobile_vit_trainer | Ep [049/500] T-Acc:  60.9%  V-Acc:  55.2%  V-AUROC: 0.5888  LR: 4.00e-05
2026-08-02 17:16:56,858 | [FULL    ] | INFO | full_experiments_using.model_trainers.mobile_vit_trainer | Ep [050/500] T-Acc:  61.0%  V-Acc:  55.2%  V-AUROC: 0.5872  LR: 4.00e-05
2026-08-02 17:17:17,545 | [FULL    ] | INFO | full_experiments_using.model_trainers.mobile_vit_trainer | Ep [051/500] T-Acc:  61.4%  V-Acc:  55.7%  V-AUROC: 0.5872  LR: 4.00e-05
2026-08-02 17:17:38,285 | [FULL    ] | INFO | full_experiments_using.model_trainers.mobile_vit_trainer | Ep [052/500] T-Acc:  62.9%  V-Acc:  55.4%  V-AUROC: 0.5873  LR: 4.00e-05
2026-08-02 17:17:58,950 | [FULL    ] | INFO | full_experiments_using.model_trainers.mobile_vit_trainer | Ep [053/500] T-Acc:  61.4%  V-Acc:  55.4%  V-AUROC: 0.5853  LR: 4.00e-05
2026-08-02 17:18:19,619 | [FULL    ] | INFO | full_experiments_using.model_trainers.mobile_vit_trainer | Ep [054/500] T-Acc:  62.6%  V-Acc:  55.7%  V-AUROC: 0.5887  LR: 4.00e-05
2026-08-02 17:18:40,257 | [FULL    ] | INFO | full_experiments_using.model_trainers.mobile_vit_trainer | Ep [055/500] T-Acc:  62.4%  V-Acc:  55.7%  V-AUROC: 0.5901  LR: 4.00e-05
2026-08-02 17:18:40,257 | [FULL    ] | INFO | full_experiments_using.model_trainers.mobile_vit_trainer | Early stop — best AUROC 0.5991 at epoch 25 (no improvement for 30 epochs)
2026-08-02 17:18:40,258 | [FULL    ] | INFO | full_experiments_using.model_trainers.mobile_vit_trainer | Done. Best AUROC: 0.5991 (epoch 25) → /home/oem/choihyunsu/VOGBasedMCIDetection/outputs/checkpoints/run_20260802_112625_full_wvote_artifact30_w0-5-10-10-0-15-30-30_4err/fold_16_best.pth
2026-08-02 17:18:48,317 | [FULL    ] | INFO | full_experiments_using.evaluators.monte_carlo_evaluator | -> Fold 17 Result | Acc=0.750 Sens=1.000 Spec=0.500 AUROC=0.944
2026-08-02 17:18:48,324 | [FULL    ] | INFO | full_experiments_using.evaluators.monte_carlo_evaluator | === Fold 18/30 | train: 25 subj (HC=13 MCI=12) / 3993 win | test: 12 subj (HC=1 MCI=11) / 1722 win ===
2026-08-02 17:18:48,568 | [FULL    ] | INFO | httpx | HTTP Request: HEAD https://huggingface.co/apple/mobilevit-small/resolve/main/config.json "HTTP/1.1 307 Temporary Redirect"
2026-08-02 17:18:48,584 | [FULL    ] | INFO | httpx | HTTP Request: HEAD https://huggingface.co/api/resolve-cache/models/apple/mobilevit-small/6c8612545dc98676d27bc518fa521d9e9af23e34/config.json "HTTP/1.1 200 OK"
2026-08-02 17:18:48,854 | [FULL    ] | INFO | httpx | HTTP Request: HEAD https://huggingface.co/apple/mobilevit-small/resolve/main/model.safetensors "HTTP/1.1 404 Not Found"
2026-08-02 17:18:49,146 | [FULL    ] | INFO | httpx | HTTP Request: HEAD https://huggingface.co/apple/mobilevit-small/resolve/main/model.safetensors.index.json "HTTP/1.1 404 Not Found"
2026-08-02 17:18:49,365 | [FULL    ] | INFO | httpx | HTTP Request: HEAD https://huggingface.co/apple/mobilevit-small/resolve/main/pytorch_model.bin "HTTP/1.1 302 Found"
2026-08-02 17:18:49,571 | [FULL    ] | INFO | httpx | HTTP Request: HEAD https://huggingface.co/apple/mobilevit-small/resolve/main/model.safetensors "HTTP/1.1 404 Not Found"
2026-08-02 17:18:49,791 | [FULL    ] | INFO | httpx | HTTP Request: GET https://huggingface.co/api/models/apple/mobilevit-small "HTTP/1.1 200 OK"
2026-08-02 17:18:50,057 | [FULL    ] | INFO | httpx | HTTP Request: GET https://huggingface.co/api/models/apple/mobilevit-small/commits/main "HTTP/1.1 200 OK"
2026-08-02 17:18:50,294 | [FULL    ] | INFO | httpx | HTTP Request: GET https://huggingface.co/api/models/apple/mobilevit-small/discussions?p=0 "HTTP/1.1 200 OK"
2026-08-02 17:18:50,514 | [FULL    ] | INFO | httpx | HTTP Request: GET https://huggingface.co/api/models/apple/mobilevit-small/commits/refs%2Fpr%2F6 "HTTP/1.1 200 OK"
2026-08-02 17:18:50,727 | [FULL    ] | INFO | httpx | HTTP Request: HEAD https://huggingface.co/apple/mobilevit-small/resolve/refs%2Fpr%2F6/model.safetensors.index.json "HTTP/1.1 404 Not Found"
2026-08-02 17:18:50,941 | [FULL    ] | INFO | httpx | HTTP Request: HEAD https://huggingface.co/apple/mobilevit-small/resolve/refs%2Fpr%2F6/model.safetensors "HTTP/1.1 302 Found"
2026-08-02 17:18:51,218 | [FULL    ] | INFO | full_experiments_using.model_trainers.mobile_vit_trainer | Device: cuda | max_epochs=500 | batch=32 | eval_batch=256 | es_patience=30
2026-08-02 17:18:51,226 | [FULL    ] | INFO | full_experiments_using.model_trainers.mobile_vit_trainer | CE weights — HC: 0.865  MCI: 1.185
2026-08-02 17:19:12,799 | [FULL    ] | INFO | full_experiments_using.model_trainers.mobile_vit_trainer | Ep [001/500] T-Acc:  47.1%  V-Acc:  64.1%  V-AUROC: 0.5142  LR: 2.00e-04
2026-08-02 17:19:12,859 | [FULL    ] | INFO | full_experiments_using.model_trainers.mobile_vit_trainer |   ↳ new best AUROC; saved checkpoint: /home/oem/choihyunsu/VOGBasedMCIDetection/outputs/checkpoints/run_20260802_112625_full_wvote_artifact30_w0-5-10-10-0-15-30-30_4err/fold_17_best.pth
2026-08-02 17:19:34,324 | [FULL    ] | INFO | full_experiments_using.model_trainers.mobile_vit_trainer | Ep [002/500] T-Acc:  48.0%  V-Acc:  62.6%  V-AUROC: 0.5206  LR: 4.00e-04
2026-08-02 17:19:34,440 | [FULL    ] | INFO | full_experiments_using.model_trainers.mobile_vit_trainer |   ↳ new best AUROC; saved checkpoint: /home/oem/choihyunsu/VOGBasedMCIDetection/outputs/checkpoints/run_20260802_112625_full_wvote_artifact30_w0-5-10-10-0-15-30-30_4err/fold_17_best.pth
2026-08-02 17:19:56,040 | [FULL    ] | INFO | full_experiments_using.model_trainers.mobile_vit_trainer | Ep [003/500] T-Acc:  48.4%  V-Acc:  60.3%  V-AUROC: 0.5343  LR: 6.00e-04
2026-08-02 17:19:56,159 | [FULL    ] | INFO | full_experiments_using.model_trainers.mobile_vit_trainer |   ↳ new best AUROC; saved checkpoint: /home/oem/choihyunsu/VOGBasedMCIDetection/outputs/checkpoints/run_20260802_112625_full_wvote_artifact30_w0-5-10-10-0-15-30-30_4err/fold_17_best.pth
2026-08-02 17:20:17,775 | [FULL    ] | INFO | full_experiments_using.model_trainers.mobile_vit_trainer | Ep [004/500] T-Acc:  51.6%  V-Acc:  59.1%  V-AUROC: 0.5584  LR: 8.00e-04
2026-08-02 17:20:17,895 | [FULL    ] | INFO | full_experiments_using.model_trainers.mobile_vit_trainer |   ↳ new best AUROC; saved checkpoint: /home/oem/choihyunsu/VOGBasedMCIDetection/outputs/checkpoints/run_20260802_112625_full_wvote_artifact30_w0-5-10-10-0-15-30-30_4err/fold_17_best.pth
2026-08-02 17:20:39,496 | [FULL    ] | INFO | full_experiments_using.model_trainers.mobile_vit_trainer | Ep [005/500] T-Acc:  52.9%  V-Acc:  58.2%  V-AUROC: 0.5700  LR: 1.00e-03
2026-08-02 17:20:39,614 | [FULL    ] | INFO | full_experiments_using.model_trainers.mobile_vit_trainer |   ↳ new best AUROC; saved checkpoint: /home/oem/choihyunsu/VOGBasedMCIDetection/outputs/checkpoints/run_20260802_112625_full_wvote_artifact30_w0-5-10-10-0-15-30-30_4err/fold_17_best.pth
2026-08-02 17:21:01,094 | [FULL    ] | INFO | full_experiments_using.model_trainers.mobile_vit_trainer | Ep [006/500] T-Acc:  54.2%  V-Acc:  53.4%  V-AUROC: 0.6011  LR: 1.00e-03
2026-08-02 17:21:01,209 | [FULL    ] | INFO | full_experiments_using.model_trainers.mobile_vit_trainer |   ↳ new best AUROC; saved checkpoint: /home/oem/choihyunsu/VOGBasedMCIDetection/outputs/checkpoints/run_20260802_112625_full_wvote_artifact30_w0-5-10-10-0-15-30-30_4err/fold_17_best.pth
2026-08-02 17:21:22,792 | [FULL    ] | INFO | full_experiments_using.model_trainers.mobile_vit_trainer | Ep [007/500] T-Acc:  54.0%  V-Acc:  52.7%  V-AUROC: 0.6031  LR: 1.00e-03
2026-08-02 17:21:22,897 | [FULL    ] | INFO | full_experiments_using.model_trainers.mobile_vit_trainer |   ↳ new best AUROC; saved checkpoint: /home/oem/choihyunsu/VOGBasedMCIDetection/outputs/checkpoints/run_20260802_112625_full_wvote_artifact30_w0-5-10-10-0-15-30-30_4err/fold_17_best.pth
2026-08-02 17:21:44,404 | [FULL    ] | INFO | full_experiments_using.model_trainers.mobile_vit_trainer | Ep [008/500] T-Acc:  55.5%  V-Acc:  51.7%  V-AUROC: 0.6108  LR: 1.00e-03
2026-08-02 17:21:44,521 | [FULL    ] | INFO | full_experiments_using.model_trainers.mobile_vit_trainer |   ↳ new best AUROC; saved checkpoint: /home/oem/choihyunsu/VOGBasedMCIDetection/outputs/checkpoints/run_20260802_112625_full_wvote_artifact30_w0-5-10-10-0-15-30-30_4err/fold_17_best.pth
2026-08-02 17:22:05,950 | [FULL    ] | INFO | full_experiments_using.model_trainers.mobile_vit_trainer | Ep [009/500] T-Acc:  55.2%  V-Acc:  52.4%  V-AUROC: 0.6208  LR: 1.00e-03
2026-08-02 17:22:06,066 | [FULL    ] | INFO | full_experiments_using.model_trainers.mobile_vit_trainer |   ↳ new best AUROC; saved checkpoint: /home/oem/choihyunsu/VOGBasedMCIDetection/outputs/checkpoints/run_20260802_112625_full_wvote_artifact30_w0-5-10-10-0-15-30-30_4err/fold_17_best.pth
2026-08-02 17:22:27,528 | [FULL    ] | INFO | full_experiments_using.model_trainers.mobile_vit_trainer | Ep [010/500] T-Acc:  56.6%  V-Acc:  52.6%  V-AUROC: 0.6171  LR: 1.00e-03
2026-08-02 17:22:49,163 | [FULL    ] | INFO | full_experiments_using.model_trainers.mobile_vit_trainer | Ep [011/500] T-Acc:  55.9%  V-Acc:  50.4%  V-AUROC: 0.6161  LR: 1.00e-03
2026-08-02 17:23:10,621 | [FULL    ] | INFO | full_experiments_using.model_trainers.mobile_vit_trainer | Ep [012/500] T-Acc:  56.9%  V-Acc:  54.8%  V-AUROC: 0.6399  LR: 1.00e-03
2026-08-02 17:23:10,740 | [FULL    ] | INFO | full_experiments_using.model_trainers.mobile_vit_trainer |   ↳ new best AUROC; saved checkpoint: /home/oem/choihyunsu/VOGBasedMCIDetection/outputs/checkpoints/run_20260802_112625_full_wvote_artifact30_w0-5-10-10-0-15-30-30_4err/fold_17_best.pth
2026-08-02 17:23:32,462 | [FULL    ] | INFO | full_experiments_using.model_trainers.mobile_vit_trainer | Ep [013/500] T-Acc:  57.8%  V-Acc:  50.6%  V-AUROC: 0.6261  LR: 1.00e-03
2026-08-02 17:23:53,815 | [FULL    ] | INFO | full_experiments_using.model_trainers.mobile_vit_trainer | Ep [014/500] T-Acc:  58.4%  V-Acc:  52.6%  V-AUROC: 0.6385  LR: 1.00e-03
2026-08-02 17:24:15,350 | [FULL    ] | INFO | full_experiments_using.model_trainers.mobile_vit_trainer | Ep [015/500] T-Acc:  58.5%  V-Acc:  50.9%  V-AUROC: 0.6288  LR: 1.00e-03
2026-08-02 17:24:36,929 | [FULL    ] | INFO | full_experiments_using.model_trainers.mobile_vit_trainer | Ep [016/500] T-Acc:  58.4%  V-Acc:  54.1%  V-AUROC: 0.6473  LR: 1.00e-03
2026-08-02 17:24:37,079 | [FULL    ] | INFO | full_experiments_using.model_trainers.mobile_vit_trainer |   ↳ new best AUROC; saved checkpoint: /home/oem/choihyunsu/VOGBasedMCIDetection/outputs/checkpoints/run_20260802_112625_full_wvote_artifact30_w0-5-10-10-0-15-30-30_4err/fold_17_best.pth
2026-08-02 17:24:58,651 | [FULL    ] | INFO | full_experiments_using.model_trainers.mobile_vit_trainer | Ep [017/500] T-Acc:  58.0%  V-Acc:  52.0%  V-AUROC: 0.6300  LR: 1.00e-03
2026-08-02 17:25:20,228 | [FULL    ] | INFO | full_experiments_using.model_trainers.mobile_vit_trainer | Ep [018/500] T-Acc:  58.8%  V-Acc:  50.8%  V-AUROC: 0.6355  LR: 1.00e-03
2026-08-02 17:25:41,806 | [FULL    ] | INFO | full_experiments_using.model_trainers.mobile_vit_trainer | Ep [019/500] T-Acc:  59.9%  V-Acc:  52.4%  V-AUROC: 0.6435  LR: 1.00e-03
2026-08-02 17:26:03,367 | [FULL    ] | INFO | full_experiments_using.model_trainers.mobile_vit_trainer | Ep [020/500] T-Acc:  60.2%  V-Acc:  50.7%  V-AUROC: 0.6290  LR: 1.00e-03
2026-08-02 17:26:25,069 | [FULL    ] | INFO | full_experiments_using.model_trainers.mobile_vit_trainer | Ep [021/500] T-Acc:  60.2%  V-Acc:  51.6%  V-AUROC: 0.6359  LR: 1.00e-03
2026-08-02 17:26:46,597 | [FULL    ] | INFO | full_experiments_using.model_trainers.mobile_vit_trainer | Ep [022/500] T-Acc:  60.9%  V-Acc:  49.6%  V-AUROC: 0.6281  LR: 1.00e-03
2026-08-02 17:27:06,428 | [FULL    ] | INFO | full_experiments_using.model_trainers.mobile_vit_trainer | Ep [023/500] T-Acc:  59.7%  V-Acc:  53.1%  V-AUROC: 0.6244  LR: 1.00e-03
2026-08-02 17:27:28,058 | [FULL    ] | INFO | full_experiments_using.model_trainers.mobile_vit_trainer | Ep [024/500] T-Acc:  61.4%  V-Acc:  49.3%  V-AUROC: 0.6267  LR: 1.00e-03
2026-08-02 17:27:49,703 | [FULL    ] | INFO | full_experiments_using.model_trainers.mobile_vit_trainer | Ep [025/500] T-Acc:  62.1%  V-Acc:  49.1%  V-AUROC: 0.6303  LR: 1.00e-03
2026-08-02 17:28:11,264 | [FULL    ] | INFO | full_experiments_using.model_trainers.mobile_vit_trainer | Ep [026/500] T-Acc:  61.3%  V-Acc:  46.1%  V-AUROC: 0.6298  LR: 1.00e-03
2026-08-02 17:28:32,909 | [FULL    ] | INFO | full_experiments_using.model_trainers.mobile_vit_trainer | Ep [027/500] T-Acc:  61.9%  V-Acc:  50.6%  V-AUROC: 0.6222  LR: 1.00e-03
2026-08-02 17:28:54,429 | [FULL    ] | INFO | full_experiments_using.model_trainers.mobile_vit_trainer | Ep [028/500] T-Acc:  63.0%  V-Acc:  47.3%  V-AUROC: 0.6281  LR: 2.00e-04
2026-08-02 17:29:15,975 | [FULL    ] | INFO | full_experiments_using.model_trainers.mobile_vit_trainer | Ep [029/500] T-Acc:  63.4%  V-Acc:  50.8%  V-AUROC: 0.6309  LR: 2.00e-04
2026-08-02 17:29:37,445 | [FULL    ] | INFO | full_experiments_using.model_trainers.mobile_vit_trainer | Ep [030/500] T-Acc:  61.7%  V-Acc:  49.5%  V-AUROC: 0.6281  LR: 2.00e-04
2026-08-02 17:29:58,941 | [FULL    ] | INFO | full_experiments_using.model_trainers.mobile_vit_trainer | Ep [031/500] T-Acc:  62.2%  V-Acc:  51.9%  V-AUROC: 0.6309  LR: 2.00e-04
2026-08-02 17:30:20,421 | [FULL    ] | INFO | full_experiments_using.model_trainers.mobile_vit_trainer | Ep [032/500] T-Acc:  62.4%  V-Acc:  49.8%  V-AUROC: 0.6261  LR: 2.00e-04
2026-08-02 17:30:41,834 | [FULL    ] | INFO | full_experiments_using.model_trainers.mobile_vit_trainer | Ep [033/500] T-Acc:  62.6%  V-Acc:  49.4%  V-AUROC: 0.6305  LR: 2.00e-04
2026-08-02 17:31:03,342 | [FULL    ] | INFO | full_experiments_using.model_trainers.mobile_vit_trainer | Ep [034/500] T-Acc:  62.2%  V-Acc:  50.0%  V-AUROC: 0.6287  LR: 2.00e-04
2026-08-02 17:31:24,828 | [FULL    ] | INFO | full_experiments_using.model_trainers.mobile_vit_trainer | Ep [035/500] T-Acc:  64.0%  V-Acc:  49.7%  V-AUROC: 0.6285  LR: 2.00e-04
2026-08-02 17:31:46,329 | [FULL    ] | INFO | full_experiments_using.model_trainers.mobile_vit_trainer | Ep [036/500] T-Acc:  62.3%  V-Acc:  49.7%  V-AUROC: 0.6336  LR: 2.00e-04
2026-08-02 17:32:07,936 | [FULL    ] | INFO | full_experiments_using.model_trainers.mobile_vit_trainer | Ep [037/500] T-Acc:  63.1%  V-Acc:  50.8%  V-AUROC: 0.6307  LR: 2.00e-04
2026-08-02 17:32:29,441 | [FULL    ] | INFO | full_experiments_using.model_trainers.mobile_vit_trainer | Ep [038/500] T-Acc:  63.1%  V-Acc:  48.8%  V-AUROC: 0.6317  LR: 2.00e-04
2026-08-02 17:32:50,870 | [FULL    ] | INFO | full_experiments_using.model_trainers.mobile_vit_trainer | Ep [039/500] T-Acc:  63.1%  V-Acc:  49.2%  V-AUROC: 0.6335  LR: 4.00e-05
2026-08-02 17:33:10,943 | [FULL    ] | INFO | full_experiments_using.model_trainers.mobile_vit_trainer | Ep [040/500] T-Acc:  62.7%  V-Acc:  51.4%  V-AUROC: 0.6299  LR: 4.00e-05
2026-08-02 17:33:32,710 | [FULL    ] | INFO | full_experiments_using.model_trainers.mobile_vit_trainer | Ep [041/500] T-Acc:  63.2%  V-Acc:  51.0%  V-AUROC: 0.6283  LR: 4.00e-05
2026-08-02 17:33:54,004 | [FULL    ] | INFO | full_experiments_using.model_trainers.mobile_vit_trainer | Ep [042/500] T-Acc:  62.2%  V-Acc:  48.8%  V-AUROC: 0.6278  LR: 4.00e-05
2026-08-02 17:34:15,432 | [FULL    ] | INFO | full_experiments_using.model_trainers.mobile_vit_trainer | Ep [043/500] T-Acc:  62.6%  V-Acc:  51.7%  V-AUROC: 0.6293  LR: 4.00e-05
2026-08-02 17:34:36,804 | [FULL    ] | INFO | full_experiments_using.model_trainers.mobile_vit_trainer | Ep [044/500] T-Acc:  62.0%  V-Acc:  50.5%  V-AUROC: 0.6278  LR: 4.00e-05
2026-08-02 17:34:58,373 | [FULL    ] | INFO | full_experiments_using.model_trainers.mobile_vit_trainer | Ep [045/500] T-Acc:  62.5%  V-Acc:  49.7%  V-AUROC: 0.6294  LR: 4.00e-05
2026-08-02 17:35:19,871 | [FULL    ] | INFO | full_experiments_using.model_trainers.mobile_vit_trainer | Ep [046/500] T-Acc:  62.9%  V-Acc:  50.8%  V-AUROC: 0.6324  LR: 4.00e-05
2026-08-02 17:35:19,871 | [FULL    ] | INFO | full_experiments_using.model_trainers.mobile_vit_trainer | Early stop — best AUROC 0.6473 at epoch 16 (no improvement for 30 epochs)
2026-08-02 17:35:19,871 | [FULL    ] | INFO | full_experiments_using.model_trainers.mobile_vit_trainer | Done. Best AUROC: 0.6473 (epoch 16) → /home/oem/choihyunsu/VOGBasedMCIDetection/outputs/checkpoints/run_20260802_112625_full_wvote_artifact30_w0-5-10-10-0-15-30-30_4err/fold_17_best.pth
2026-08-02 17:35:23,841 | [FULL    ] | INFO | full_experiments_using.evaluators.monte_carlo_evaluator | -> Fold 18 Result | Acc=0.800 Sens=0.778 Spec=1.000 AUROC=1.000
2026-08-02 17:35:23,848 | [FULL    ] | INFO | full_experiments_using.evaluators.monte_carlo_evaluator | === Fold 19/30 | train: 25 subj (HC=10 MCI=15) / 3885 win | test: 12 subj (HC=4 MCI=8) / 1830 win ===
2026-08-02 17:35:24,073 | [FULL    ] | INFO | httpx | HTTP Request: HEAD https://huggingface.co/apple/mobilevit-small/resolve/main/config.json "HTTP/1.1 307 Temporary Redirect"
2026-08-02 17:35:24,085 | [FULL    ] | INFO | httpx | HTTP Request: HEAD https://huggingface.co/api/resolve-cache/models/apple/mobilevit-small/6c8612545dc98676d27bc518fa521d9e9af23e34/config.json "HTTP/1.1 200 OK"
2026-08-02 17:35:24,338 | [FULL    ] | INFO | httpx | HTTP Request: HEAD https://huggingface.co/apple/mobilevit-small/resolve/main/model.safetensors "HTTP/1.1 404 Not Found"
2026-08-02 17:35:24,555 | [FULL    ] | INFO | httpx | HTTP Request: HEAD https://huggingface.co/apple/mobilevit-small/resolve/main/model.safetensors.index.json "HTTP/1.1 404 Not Found"
2026-08-02 17:35:24,766 | [FULL    ] | INFO | httpx | HTTP Request: HEAD https://huggingface.co/apple/mobilevit-small/resolve/main/pytorch_model.bin "HTTP/1.1 302 Found"
2026-08-02 17:35:24,973 | [FULL    ] | INFO | httpx | HTTP Request: HEAD https://huggingface.co/apple/mobilevit-small/resolve/main/model.safetensors "HTTP/1.1 404 Not Found"
2026-08-02 17:35:25,189 | [FULL    ] | INFO | httpx | HTTP Request: GET https://huggingface.co/api/models/apple/mobilevit-small "HTTP/1.1 200 OK"
2026-08-02 17:35:25,442 | [FULL    ] | INFO | httpx | HTTP Request: GET https://huggingface.co/api/models/apple/mobilevit-small/commits/main "HTTP/1.1 200 OK"
2026-08-02 17:35:25,667 | [FULL    ] | INFO | httpx | HTTP Request: GET https://huggingface.co/api/models/apple/mobilevit-small/discussions?p=0 "HTTP/1.1 200 OK"
2026-08-02 17:35:25,888 | [FULL    ] | INFO | httpx | HTTP Request: GET https://huggingface.co/api/models/apple/mobilevit-small/commits/refs%2Fpr%2F6 "HTTP/1.1 200 OK"
2026-08-02 17:35:26,088 | [FULL    ] | INFO | httpx | HTTP Request: HEAD https://huggingface.co/apple/mobilevit-small/resolve/refs%2Fpr%2F6/model.safetensors.index.json "HTTP/1.1 404 Not Found"
2026-08-02 17:35:26,298 | [FULL    ] | INFO | httpx | HTTP Request: HEAD https://huggingface.co/apple/mobilevit-small/resolve/refs%2Fpr%2F6/model.safetensors "HTTP/1.1 302 Found"
2026-08-02 17:35:26,529 | [FULL    ] | INFO | full_experiments_using.model_trainers.mobile_vit_trainer | Device: cuda | max_epochs=500 | batch=32 | eval_batch=256 | es_patience=30
2026-08-02 17:35:26,534 | [FULL    ] | INFO | full_experiments_using.model_trainers.mobile_vit_trainer | CE weights — HC: 1.106  MCI: 0.913
2026-08-02 17:35:54,075 | [FULL    ] | INFO | full_experiments_using.model_trainers.mobile_vit_trainer | Ep [001/500] T-Acc:  48.0%  V-Acc:  44.5%  V-AUROC: 0.4715  LR: 2.00e-04
2026-08-02 17:35:54,135 | [FULL    ] | INFO | full_experiments_using.model_trainers.mobile_vit_trainer |   ↳ new best AUROC; saved checkpoint: /home/oem/choihyunsu/VOGBasedMCIDetection/outputs/checkpoints/run_20260802_112625_full_wvote_artifact30_w0-5-10-10-0-15-30-30_4err/fold_18_best.pth
2026-08-02 17:36:15,201 | [FULL    ] | INFO | full_experiments_using.model_trainers.mobile_vit_trainer | Ep [002/500] T-Acc:  48.3%  V-Acc:  44.4%  V-AUROC: 0.4714  LR: 4.00e-04
2026-08-02 17:36:36,574 | [FULL    ] | INFO | full_experiments_using.model_trainers.mobile_vit_trainer | Ep [003/500] T-Acc:  48.7%  V-Acc:  44.4%  V-AUROC: 0.4822  LR: 6.00e-04
2026-08-02 17:36:36,697 | [FULL    ] | INFO | full_experiments_using.model_trainers.mobile_vit_trainer |   ↳ new best AUROC; saved checkpoint: /home/oem/choihyunsu/VOGBasedMCIDetection/outputs/checkpoints/run_20260802_112625_full_wvote_artifact30_w0-5-10-10-0-15-30-30_4err/fold_18_best.pth
2026-08-02 17:36:57,776 | [FULL    ] | INFO | full_experiments_using.model_trainers.mobile_vit_trainer | Ep [004/500] T-Acc:  49.5%  V-Acc:  45.6%  V-AUROC: 0.4770  LR: 8.00e-04
2026-08-02 17:37:19,127 | [FULL    ] | INFO | full_experiments_using.model_trainers.mobile_vit_trainer | Ep [005/500] T-Acc:  50.9%  V-Acc:  48.5%  V-AUROC: 0.4987  LR: 1.00e-03
2026-08-02 17:37:19,294 | [FULL    ] | INFO | full_experiments_using.model_trainers.mobile_vit_trainer |   ↳ new best AUROC; saved checkpoint: /home/oem/choihyunsu/VOGBasedMCIDetection/outputs/checkpoints/run_20260802_112625_full_wvote_artifact30_w0-5-10-10-0-15-30-30_4err/fold_18_best.pth
2026-08-02 17:37:40,367 | [FULL    ] | INFO | full_experiments_using.model_trainers.mobile_vit_trainer | Ep [006/500] T-Acc:  51.3%  V-Acc:  49.7%  V-AUROC: 0.5118  LR: 1.00e-03
2026-08-02 17:37:40,508 | [FULL    ] | INFO | full_experiments_using.model_trainers.mobile_vit_trainer |   ↳ new best AUROC; saved checkpoint: /home/oem/choihyunsu/VOGBasedMCIDetection/outputs/checkpoints/run_20260802_112625_full_wvote_artifact30_w0-5-10-10-0-15-30-30_4err/fold_18_best.pth
2026-08-02 17:38:01,987 | [FULL    ] | INFO | full_experiments_using.model_trainers.mobile_vit_trainer | Ep [007/500] T-Acc:  52.5%  V-Acc:  51.1%  V-AUROC: 0.5187  LR: 1.00e-03
2026-08-02 17:38:02,107 | [FULL    ] | INFO | full_experiments_using.model_trainers.mobile_vit_trainer |   ↳ new best AUROC; saved checkpoint: /home/oem/choihyunsu/VOGBasedMCIDetection/outputs/checkpoints/run_20260802_112625_full_wvote_artifact30_w0-5-10-10-0-15-30-30_4err/fold_18_best.pth
2026-08-02 17:38:23,372 | [FULL    ] | INFO | full_experiments_using.model_trainers.mobile_vit_trainer | Ep [008/500] T-Acc:  52.0%  V-Acc:  50.1%  V-AUROC: 0.5303  LR: 1.00e-03
2026-08-02 17:38:23,556 | [FULL    ] | INFO | full_experiments_using.model_trainers.mobile_vit_trainer |   ↳ new best AUROC; saved checkpoint: /home/oem/choihyunsu/VOGBasedMCIDetection/outputs/checkpoints/run_20260802_112625_full_wvote_artifact30_w0-5-10-10-0-15-30-30_4err/fold_18_best.pth
2026-08-02 17:38:44,763 | [FULL    ] | INFO | full_experiments_using.model_trainers.mobile_vit_trainer | Ep [009/500] T-Acc:  55.3%  V-Acc:  51.7%  V-AUROC: 0.5373  LR: 1.00e-03
2026-08-02 17:38:44,880 | [FULL    ] | INFO | full_experiments_using.model_trainers.mobile_vit_trainer |   ↳ new best AUROC; saved checkpoint: /home/oem/choihyunsu/VOGBasedMCIDetection/outputs/checkpoints/run_20260802_112625_full_wvote_artifact30_w0-5-10-10-0-15-30-30_4err/fold_18_best.pth
2026-08-02 17:39:06,202 | [FULL    ] | INFO | full_experiments_using.model_trainers.mobile_vit_trainer | Ep [010/500] T-Acc:  55.4%  V-Acc:  52.3%  V-AUROC: 0.5479  LR: 1.00e-03
2026-08-02 17:39:06,343 | [FULL    ] | INFO | full_experiments_using.model_trainers.mobile_vit_trainer |   ↳ new best AUROC; saved checkpoint: /home/oem/choihyunsu/VOGBasedMCIDetection/outputs/checkpoints/run_20260802_112625_full_wvote_artifact30_w0-5-10-10-0-15-30-30_4err/fold_18_best.pth
2026-08-02 17:39:27,596 | [FULL    ] | INFO | full_experiments_using.model_trainers.mobile_vit_trainer | Ep [011/500] T-Acc:  55.0%  V-Acc:  53.7%  V-AUROC: 0.5464  LR: 1.00e-03
2026-08-02 17:39:48,939 | [FULL    ] | INFO | full_experiments_using.model_trainers.mobile_vit_trainer | Ep [012/500] T-Acc:  56.2%  V-Acc:  54.3%  V-AUROC: 0.5518  LR: 1.00e-03
2026-08-02 17:39:49,130 | [FULL    ] | INFO | full_experiments_using.model_trainers.mobile_vit_trainer |   ↳ new best AUROC; saved checkpoint: /home/oem/choihyunsu/VOGBasedMCIDetection/outputs/checkpoints/run_20260802_112625_full_wvote_artifact30_w0-5-10-10-0-15-30-30_4err/fold_18_best.pth
2026-08-02 17:40:10,319 | [FULL    ] | INFO | full_experiments_using.model_trainers.mobile_vit_trainer | Ep [013/500] T-Acc:  58.3%  V-Acc:  54.1%  V-AUROC: 0.5614  LR: 1.00e-03
2026-08-02 17:40:10,438 | [FULL    ] | INFO | full_experiments_using.model_trainers.mobile_vit_trainer |   ↳ new best AUROC; saved checkpoint: /home/oem/choihyunsu/VOGBasedMCIDetection/outputs/checkpoints/run_20260802_112625_full_wvote_artifact30_w0-5-10-10-0-15-30-30_4err/fold_18_best.pth
2026-08-02 17:40:31,758 | [FULL    ] | INFO | full_experiments_using.model_trainers.mobile_vit_trainer | Ep [014/500] T-Acc:  57.3%  V-Acc:  53.1%  V-AUROC: 0.5515  LR: 1.00e-03
2026-08-02 17:40:53,063 | [FULL    ] | INFO | full_experiments_using.model_trainers.mobile_vit_trainer | Ep [015/500] T-Acc:  56.7%  V-Acc:  53.6%  V-AUROC: 0.5483  LR: 1.00e-03
2026-08-02 17:41:14,410 | [FULL    ] | INFO | full_experiments_using.model_trainers.mobile_vit_trainer | Ep [016/500] T-Acc:  57.2%  V-Acc:  54.7%  V-AUROC: 0.5643  LR: 1.00e-03
2026-08-02 17:41:14,591 | [FULL    ] | INFO | full_experiments_using.model_trainers.mobile_vit_trainer |   ↳ new best AUROC; saved checkpoint: /home/oem/choihyunsu/VOGBasedMCIDetection/outputs/checkpoints/run_20260802_112625_full_wvote_artifact30_w0-5-10-10-0-15-30-30_4err/fold_18_best.pth
2026-08-02 17:41:36,006 | [FULL    ] | INFO | full_experiments_using.model_trainers.mobile_vit_trainer | Ep [017/500] T-Acc:  58.3%  V-Acc:  54.4%  V-AUROC: 0.5749  LR: 1.00e-03
2026-08-02 17:41:36,143 | [FULL    ] | INFO | full_experiments_using.model_trainers.mobile_vit_trainer |   ↳ new best AUROC; saved checkpoint: /home/oem/choihyunsu/VOGBasedMCIDetection/outputs/checkpoints/run_20260802_112625_full_wvote_artifact30_w0-5-10-10-0-15-30-30_4err/fold_18_best.pth
2026-08-02 17:41:57,416 | [FULL    ] | INFO | full_experiments_using.model_trainers.mobile_vit_trainer | Ep [018/500] T-Acc:  57.7%  V-Acc:  54.4%  V-AUROC: 0.5725  LR: 1.00e-03
2026-08-02 17:42:18,662 | [FULL    ] | INFO | full_experiments_using.model_trainers.mobile_vit_trainer | Ep [019/500] T-Acc:  58.3%  V-Acc:  53.1%  V-AUROC: 0.5724  LR: 1.00e-03
2026-08-02 17:42:39,841 | [FULL    ] | INFO | full_experiments_using.model_trainers.mobile_vit_trainer | Ep [020/500] T-Acc:  60.4%  V-Acc:  53.7%  V-AUROC: 0.5686  LR: 1.00e-03
2026-08-02 17:43:01,223 | [FULL    ] | INFO | full_experiments_using.model_trainers.mobile_vit_trainer | Ep [021/500] T-Acc:  59.8%  V-Acc:  54.2%  V-AUROC: 0.5694  LR: 1.00e-03
2026-08-02 17:43:22,438 | [FULL    ] | INFO | full_experiments_using.model_trainers.mobile_vit_trainer | Ep [022/500] T-Acc:  59.3%  V-Acc:  54.3%  V-AUROC: 0.5635  LR: 1.00e-03
2026-08-02 17:43:43,748 | [FULL    ] | INFO | full_experiments_using.model_trainers.mobile_vit_trainer | Ep [023/500] T-Acc:  59.4%  V-Acc:  54.2%  V-AUROC: 0.5671  LR: 1.00e-03
2026-08-02 17:44:05,028 | [FULL    ] | INFO | full_experiments_using.model_trainers.mobile_vit_trainer | Ep [024/500] T-Acc:  60.5%  V-Acc:  54.8%  V-AUROC: 0.5662  LR: 1.00e-03
2026-08-02 17:44:26,383 | [FULL    ] | INFO | full_experiments_using.model_trainers.mobile_vit_trainer | Ep [025/500] T-Acc:  60.7%  V-Acc:  53.7%  V-AUROC: 0.5729  LR: 1.00e-03
2026-08-02 17:44:47,616 | [FULL    ] | INFO | full_experiments_using.model_trainers.mobile_vit_trainer | Ep [026/500] T-Acc:  60.7%  V-Acc:  53.9%  V-AUROC: 0.5667  LR: 1.00e-03
2026-08-02 17:45:08,803 | [FULL    ] | INFO | full_experiments_using.model_trainers.mobile_vit_trainer | Ep [027/500] T-Acc:  61.0%  V-Acc:  53.8%  V-AUROC: 0.5588  LR: 1.00e-03
2026-08-02 17:45:30,158 | [FULL    ] | INFO | full_experiments_using.model_trainers.mobile_vit_trainer | Ep [028/500] T-Acc:  60.2%  V-Acc:  54.2%  V-AUROC: 0.5581  LR: 1.00e-03
2026-08-02 17:45:51,356 | [FULL    ] | INFO | full_experiments_using.model_trainers.mobile_vit_trainer | Ep [029/500] T-Acc:  60.3%  V-Acc:  53.2%  V-AUROC: 0.5647  LR: 2.00e-04
2026-08-02 17:46:12,387 | [FULL    ] | INFO | full_experiments_using.model_trainers.mobile_vit_trainer | Ep [030/500] T-Acc:  60.6%  V-Acc:  53.5%  V-AUROC: 0.5609  LR: 2.00e-04
2026-08-02 17:46:33,677 | [FULL    ] | INFO | full_experiments_using.model_trainers.mobile_vit_trainer | Ep [031/500] T-Acc:  61.1%  V-Acc:  53.6%  V-AUROC: 0.5600  LR: 2.00e-04
2026-08-02 17:46:54,912 | [FULL    ] | INFO | full_experiments_using.model_trainers.mobile_vit_trainer | Ep [032/500] T-Acc:  61.5%  V-Acc:  52.9%  V-AUROC: 0.5621  LR: 2.00e-04
2026-08-02 17:47:16,026 | [FULL    ] | INFO | full_experiments_using.model_trainers.mobile_vit_trainer | Ep [033/500] T-Acc:  61.7%  V-Acc:  53.1%  V-AUROC: 0.5613  LR: 2.00e-04
2026-08-02 17:47:37,506 | [FULL    ] | INFO | full_experiments_using.model_trainers.mobile_vit_trainer | Ep [034/500] T-Acc:  61.6%  V-Acc:  52.7%  V-AUROC: 0.5600  LR: 2.00e-04
2026-08-02 17:47:58,885 | [FULL    ] | INFO | full_experiments_using.model_trainers.mobile_vit_trainer | Ep [035/500] T-Acc:  61.5%  V-Acc:  53.6%  V-AUROC: 0.5616  LR: 2.00e-04
2026-08-02 17:48:20,361 | [FULL    ] | INFO | full_experiments_using.model_trainers.mobile_vit_trainer | Ep [036/500] T-Acc:  62.1%  V-Acc:  54.5%  V-AUROC: 0.5669  LR: 2.00e-04
2026-08-02 17:48:39,029 | [FULL    ] | INFO | full_experiments_using.model_trainers.mobile_vit_trainer | Ep [037/500] T-Acc:  61.9%  V-Acc:  53.8%  V-AUROC: 0.5649  LR: 2.00e-04
2026-08-02 17:48:56,371 | [FULL    ] | INFO | full_experiments_using.model_trainers.mobile_vit_trainer | Ep [038/500] T-Acc:  61.5%  V-Acc:  53.3%  V-AUROC: 0.5651  LR: 2.00e-04
2026-08-02 17:49:17,498 | [FULL    ] | INFO | full_experiments_using.model_trainers.mobile_vit_trainer | Ep [039/500] T-Acc:  61.5%  V-Acc:  54.4%  V-AUROC: 0.5658  LR: 2.00e-04
2026-08-02 17:49:38,562 | [FULL    ] | INFO | full_experiments_using.model_trainers.mobile_vit_trainer | Ep [040/500] T-Acc:  61.0%  V-Acc:  54.8%  V-AUROC: 0.5648  LR: 4.00e-05
2026-08-02 17:49:59,960 | [FULL    ] | INFO | full_experiments_using.model_trainers.mobile_vit_trainer | Ep [041/500] T-Acc:  62.2%  V-Acc:  53.9%  V-AUROC: 0.5670  LR: 4.00e-05
2026-08-02 17:50:21,365 | [FULL    ] | INFO | full_experiments_using.model_trainers.mobile_vit_trainer | Ep [042/500] T-Acc:  60.7%  V-Acc:  53.6%  V-AUROC: 0.5668  LR: 4.00e-05
2026-08-02 17:50:42,635 | [FULL    ] | INFO | full_experiments_using.model_trainers.mobile_vit_trainer | Ep [043/500] T-Acc:  61.7%  V-Acc:  53.7%  V-AUROC: 0.5655  LR: 4.00e-05
2026-08-02 17:51:03,930 | [FULL    ] | INFO | full_experiments_using.model_trainers.mobile_vit_trainer | Ep [044/500] T-Acc:  61.5%  V-Acc:  54.3%  V-AUROC: 0.5653  LR: 4.00e-05
2026-08-02 17:51:24,987 | [FULL    ] | INFO | full_experiments_using.model_trainers.mobile_vit_trainer | Ep [045/500] T-Acc:  60.8%  V-Acc:  54.3%  V-AUROC: 0.5652  LR: 4.00e-05
2026-08-02 17:51:46,152 | [FULL    ] | INFO | full_experiments_using.model_trainers.mobile_vit_trainer | Ep [046/500] T-Acc:  61.1%  V-Acc:  54.0%  V-AUROC: 0.5629  LR: 4.00e-05
2026-08-02 17:52:07,123 | [FULL    ] | INFO | full_experiments_using.model_trainers.mobile_vit_trainer | Ep [047/500] T-Acc:  60.6%  V-Acc:  53.4%  V-AUROC: 0.5646  LR: 4.00e-05
2026-08-02 17:52:07,127 | [FULL    ] | INFO | full_experiments_using.model_trainers.mobile_vit_trainer | Early stop — best AUROC 0.5749 at epoch 17 (no improvement for 30 epochs)
2026-08-02 17:52:07,127 | [FULL    ] | INFO | full_experiments_using.model_trainers.mobile_vit_trainer | Done. Best AUROC: 0.5749 (epoch 17) → /home/oem/choihyunsu/VOGBasedMCIDetection/outputs/checkpoints/run_20260802_112625_full_wvote_artifact30_w0-5-10-10-0-15-30-30_4err/fold_18_best.pth
2026-08-02 17:52:13,583 | [FULL    ] | INFO | full_experiments_using.evaluators.monte_carlo_evaluator | -> Fold 19 Result | Acc=0.545 Sens=0.286 Spec=1.000 AUROC=0.929
2026-08-02 17:52:13,589 | [FULL    ] | INFO | full_experiments_using.evaluators.monte_carlo_evaluator | === Fold 20/30 | train: 25 subj (HC=11 MCI=14) / 3959 win | test: 12 subj (HC=3 MCI=9) / 1756 win ===
2026-08-02 17:52:13,820 | [FULL    ] | INFO | httpx | HTTP Request: HEAD https://huggingface.co/apple/mobilevit-small/resolve/main/config.json "HTTP/1.1 307 Temporary Redirect"
2026-08-02 17:52:13,832 | [FULL    ] | INFO | httpx | HTTP Request: HEAD https://huggingface.co/api/resolve-cache/models/apple/mobilevit-small/6c8612545dc98676d27bc518fa521d9e9af23e34/config.json "HTTP/1.1 200 OK"
2026-08-02 17:52:14,116 | [FULL    ] | INFO | httpx | HTTP Request: HEAD https://huggingface.co/apple/mobilevit-small/resolve/main/model.safetensors "HTTP/1.1 404 Not Found"
2026-08-02 17:52:14,316 | [FULL    ] | INFO | httpx | HTTP Request: HEAD https://huggingface.co/apple/mobilevit-small/resolve/main/model.safetensors.index.json "HTTP/1.1 404 Not Found"
2026-08-02 17:52:14,532 | [FULL    ] | INFO | httpx | HTTP Request: HEAD https://huggingface.co/apple/mobilevit-small/resolve/main/pytorch_model.bin "HTTP/1.1 302 Found"
2026-08-02 17:52:14,731 | [FULL    ] | INFO | httpx | HTTP Request: HEAD https://huggingface.co/apple/mobilevit-small/resolve/main/model.safetensors "HTTP/1.1 404 Not Found"
2026-08-02 17:52:14,945 | [FULL    ] | INFO | httpx | HTTP Request: GET https://huggingface.co/api/models/apple/mobilevit-small "HTTP/1.1 200 OK"
2026-08-02 17:52:15,398 | [FULL    ] | INFO | httpx | HTTP Request: GET https://huggingface.co/api/models/apple/mobilevit-small/commits/main "HTTP/1.1 200 OK"
2026-08-02 17:52:15,615 | [FULL    ] | INFO | httpx | HTTP Request: GET https://huggingface.co/api/models/apple/mobilevit-small/discussions?p=0 "HTTP/1.1 200 OK"
2026-08-02 17:52:15,836 | [FULL    ] | INFO | httpx | HTTP Request: GET https://huggingface.co/api/models/apple/mobilevit-small/commits/refs%2Fpr%2F6 "HTTP/1.1 200 OK"
2026-08-02 17:52:16,076 | [FULL    ] | INFO | httpx | HTTP Request: HEAD https://huggingface.co/apple/mobilevit-small/resolve/refs%2Fpr%2F6/model.safetensors.index.json "HTTP/1.1 404 Not Found"
2026-08-02 17:52:16,160 | [FULL    ] | INFO | full_experiments_using.model_trainers.mobile_vit_trainer | Device: cuda | max_epochs=500 | batch=32 | eval_batch=256 | es_patience=30
2026-08-02 17:52:16,168 | [FULL    ] | INFO | full_experiments_using.model_trainers.mobile_vit_trainer | CE weights — HC: 1.010  MCI: 0.990
2026-08-02 17:52:16,283 | [FULL    ] | INFO | httpx | HTTP Request: HEAD https://huggingface.co/apple/mobilevit-small/resolve/refs%2Fpr%2F6/model.safetensors "HTTP/1.1 302 Found"
2026-08-02 17:52:51,329 | [FULL    ] | INFO | full_experiments_using.model_trainers.mobile_vit_trainer | Ep [001/500] T-Acc:  52.1%  V-Acc:  63.4%  V-AUROC: 0.5707  LR: 2.00e-04
2026-08-02 17:52:51,389 | [FULL    ] | INFO | full_experiments_using.model_trainers.mobile_vit_trainer |   ↳ new best AUROC; saved checkpoint: /home/oem/choihyunsu/VOGBasedMCIDetection/outputs/checkpoints/run_20260802_112625_full_wvote_artifact30_w0-5-10-10-0-15-30-30_4err/fold_19_best.pth
2026-08-02 17:53:12,814 | [FULL    ] | INFO | full_experiments_using.model_trainers.mobile_vit_trainer | Ep [002/500] T-Acc:  52.8%  V-Acc:  61.9%  V-AUROC: 0.5763  LR: 4.00e-04
2026-08-02 17:53:12,932 | [FULL    ] | INFO | full_experiments_using.model_trainers.mobile_vit_trainer |   ↳ new best AUROC; saved checkpoint: /home/oem/choihyunsu/VOGBasedMCIDetection/outputs/checkpoints/run_20260802_112625_full_wvote_artifact30_w0-5-10-10-0-15-30-30_4err/fold_19_best.pth
2026-08-02 17:53:34,282 | [FULL    ] | INFO | full_experiments_using.model_trainers.mobile_vit_trainer | Ep [003/500] T-Acc:  53.4%  V-Acc:  63.3%  V-AUROC: 0.5685  LR: 6.00e-04
2026-08-02 17:53:55,674 | [FULL    ] | INFO | full_experiments_using.model_trainers.mobile_vit_trainer | Ep [004/500] T-Acc:  53.4%  V-Acc:  60.4%  V-AUROC: 0.5828  LR: 8.00e-04
2026-08-02 17:53:55,794 | [FULL    ] | INFO | full_experiments_using.model_trainers.mobile_vit_trainer |   ↳ new best AUROC; saved checkpoint: /home/oem/choihyunsu/VOGBasedMCIDetection/outputs/checkpoints/run_20260802_112625_full_wvote_artifact30_w0-5-10-10-0-15-30-30_4err/fold_19_best.pth
2026-08-02 17:54:17,097 | [FULL    ] | INFO | full_experiments_using.model_trainers.mobile_vit_trainer | Ep [005/500] T-Acc:  54.2%  V-Acc:  62.2%  V-AUROC: 0.6041  LR: 1.00e-03
2026-08-02 17:54:17,216 | [FULL    ] | INFO | full_experiments_using.model_trainers.mobile_vit_trainer |   ↳ new best AUROC; saved checkpoint: /home/oem/choihyunsu/VOGBasedMCIDetection/outputs/checkpoints/run_20260802_112625_full_wvote_artifact30_w0-5-10-10-0-15-30-30_4err/fold_19_best.pth
2026-08-02 17:54:38,823 | [FULL    ] | INFO | full_experiments_using.model_trainers.mobile_vit_trainer | Ep [006/500] T-Acc:  54.3%  V-Acc:  61.4%  V-AUROC: 0.6057  LR: 1.00e-03
2026-08-02 17:54:38,939 | [FULL    ] | INFO | full_experiments_using.model_trainers.mobile_vit_trainer |   ↳ new best AUROC; saved checkpoint: /home/oem/choihyunsu/VOGBasedMCIDetection/outputs/checkpoints/run_20260802_112625_full_wvote_artifact30_w0-5-10-10-0-15-30-30_4err/fold_19_best.pth
2026-08-02 17:55:00,285 | [FULL    ] | INFO | full_experiments_using.model_trainers.mobile_vit_trainer | Ep [007/500] T-Acc:  55.4%  V-Acc:  60.0%  V-AUROC: 0.5985  LR: 1.00e-03
2026-08-02 17:55:21,865 | [FULL    ] | INFO | full_experiments_using.model_trainers.mobile_vit_trainer | Ep [008/500] T-Acc:  55.4%  V-Acc:  58.0%  V-AUROC: 0.5842  LR: 1.00e-03
2026-08-02 17:55:43,308 | [FULL    ] | INFO | full_experiments_using.model_trainers.mobile_vit_trainer | Ep [009/500] T-Acc:  54.5%  V-Acc:  57.8%  V-AUROC: 0.5946  LR: 1.00e-03
2026-08-02 17:56:04,842 | [FULL    ] | INFO | full_experiments_using.model_trainers.mobile_vit_trainer | Ep [010/500] T-Acc:  56.9%  V-Acc:  59.2%  V-AUROC: 0.6027  LR: 1.00e-03
2026-08-02 17:56:26,243 | [FULL    ] | INFO | full_experiments_using.model_trainers.mobile_vit_trainer | Ep [011/500] T-Acc:  56.8%  V-Acc:  60.6%  V-AUROC: 0.6019  LR: 1.00e-03
2026-08-02 17:56:47,668 | [FULL    ] | INFO | full_experiments_using.model_trainers.mobile_vit_trainer | Ep [012/500] T-Acc:  55.1%  V-Acc:  58.7%  V-AUROC: 0.6095  LR: 1.00e-03
2026-08-02 17:56:47,785 | [FULL    ] | INFO | full_experiments_using.model_trainers.mobile_vit_trainer |   ↳ new best AUROC; saved checkpoint: /home/oem/choihyunsu/VOGBasedMCIDetection/outputs/checkpoints/run_20260802_112625_full_wvote_artifact30_w0-5-10-10-0-15-30-30_4err/fold_19_best.pth
2026-08-02 17:57:09,135 | [FULL    ] | INFO | full_experiments_using.model_trainers.mobile_vit_trainer | Ep [013/500] T-Acc:  57.1%  V-Acc:  58.6%  V-AUROC: 0.6117  LR: 1.00e-03
2026-08-02 17:57:09,252 | [FULL    ] | INFO | full_experiments_using.model_trainers.mobile_vit_trainer |   ↳ new best AUROC; saved checkpoint: /home/oem/choihyunsu/VOGBasedMCIDetection/outputs/checkpoints/run_20260802_112625_full_wvote_artifact30_w0-5-10-10-0-15-30-30_4err/fold_19_best.pth
2026-08-02 17:57:30,706 | [FULL    ] | INFO | full_experiments_using.model_trainers.mobile_vit_trainer | Ep [014/500] T-Acc:  56.3%  V-Acc:  58.1%  V-AUROC: 0.6140  LR: 1.00e-03
2026-08-02 17:57:30,785 | [FULL    ] | INFO | full_experiments_using.model_trainers.mobile_vit_trainer |   ↳ new best AUROC; saved checkpoint: /home/oem/choihyunsu/VOGBasedMCIDetection/outputs/checkpoints/run_20260802_112625_full_wvote_artifact30_w0-5-10-10-0-15-30-30_4err/fold_19_best.pth
2026-08-02 17:57:52,277 | [FULL    ] | INFO | full_experiments_using.model_trainers.mobile_vit_trainer | Ep [015/500] T-Acc:  56.8%  V-Acc:  58.8%  V-AUROC: 0.6293  LR: 1.00e-03
2026-08-02 17:57:52,396 | [FULL    ] | INFO | full_experiments_using.model_trainers.mobile_vit_trainer |   ↳ new best AUROC; saved checkpoint: /home/oem/choihyunsu/VOGBasedMCIDetection/outputs/checkpoints/run_20260802_112625_full_wvote_artifact30_w0-5-10-10-0-15-30-30_4err/fold_19_best.pth
2026-08-02 17:58:13,733 | [FULL    ] | INFO | full_experiments_using.model_trainers.mobile_vit_trainer | Ep [016/500] T-Acc:  57.7%  V-Acc:  57.2%  V-AUROC: 0.6186  LR: 1.00e-03
2026-08-02 17:58:35,095 | [FULL    ] | INFO | full_experiments_using.model_trainers.mobile_vit_trainer | Ep [017/500] T-Acc:  57.1%  V-Acc:  58.3%  V-AUROC: 0.6227  LR: 1.00e-03
2026-08-02 17:58:56,645 | [FULL    ] | INFO | full_experiments_using.model_trainers.mobile_vit_trainer | Ep [018/500] T-Acc:  57.9%  V-Acc:  59.2%  V-AUROC: 0.6135  LR: 1.00e-03
2026-08-02 17:59:17,939 | [FULL    ] | INFO | full_experiments_using.model_trainers.mobile_vit_trainer | Ep [019/500] T-Acc:  58.8%  V-Acc:  58.4%  V-AUROC: 0.6118  LR: 1.00e-03
2026-08-02 17:59:39,269 | [FULL    ] | INFO | full_experiments_using.model_trainers.mobile_vit_trainer | Ep [020/500] T-Acc:  58.6%  V-Acc:  57.3%  V-AUROC: 0.6136  LR: 1.00e-03
2026-08-02 18:00:00,436 | [FULL    ] | INFO | full_experiments_using.model_trainers.mobile_vit_trainer | Ep [021/500] T-Acc:  58.6%  V-Acc:  57.7%  V-AUROC: 0.6105  LR: 1.00e-03
2026-08-02 18:00:21,693 | [FULL    ] | INFO | full_experiments_using.model_trainers.mobile_vit_trainer | Ep [022/500] T-Acc:  59.2%  V-Acc:  56.9%  V-AUROC: 0.6052  LR: 1.00e-03
2026-08-02 18:00:43,206 | [FULL    ] | INFO | full_experiments_using.model_trainers.mobile_vit_trainer | Ep [023/500] T-Acc:  59.5%  V-Acc:  58.7%  V-AUROC: 0.6089  LR: 1.00e-03
2026-08-02 18:01:02,962 | [FULL    ] | INFO | full_experiments_using.model_trainers.mobile_vit_trainer | Ep [024/500] T-Acc:  59.7%  V-Acc:  57.9%  V-AUROC: 0.6079  LR: 1.00e-03
2026-08-02 18:01:23,785 | [FULL    ] | INFO | full_experiments_using.model_trainers.mobile_vit_trainer | Ep [025/500] T-Acc:  60.3%  V-Acc:  58.2%  V-AUROC: 0.5992  LR: 1.00e-03
2026-08-02 18:01:43,983 | [FULL    ] | INFO | full_experiments_using.model_trainers.mobile_vit_trainer | Ep [026/500] T-Acc:  60.5%  V-Acc:  60.0%  V-AUROC: 0.6115  LR: 1.00e-03
2026-08-02 18:02:05,401 | [FULL    ] | INFO | full_experiments_using.model_trainers.mobile_vit_trainer | Ep [027/500] T-Acc:  59.6%  V-Acc:  58.4%  V-AUROC: 0.6141  LR: 2.00e-04
2026-08-02 18:02:26,874 | [FULL    ] | INFO | full_experiments_using.model_trainers.mobile_vit_trainer | Ep [028/500] T-Acc:  60.6%  V-Acc:  57.9%  V-AUROC: 0.6079  LR: 2.00e-04
2026-08-02 18:02:48,163 | [FULL    ] | INFO | full_experiments_using.model_trainers.mobile_vit_trainer | Ep [029/500] T-Acc:  60.8%  V-Acc:  58.3%  V-AUROC: 0.6047  LR: 2.00e-04
2026-08-02 18:03:09,669 | [FULL    ] | INFO | full_experiments_using.model_trainers.mobile_vit_trainer | Ep [030/500] T-Acc:  61.3%  V-Acc:  57.1%  V-AUROC: 0.6025  LR: 2.00e-04
2026-08-02 18:03:31,138 | [FULL    ] | INFO | full_experiments_using.model_trainers.mobile_vit_trainer | Ep [031/500] T-Acc:  61.7%  V-Acc:  58.1%  V-AUROC: 0.6045  LR: 2.00e-04
2026-08-02 18:03:52,377 | [FULL    ] | INFO | full_experiments_using.model_trainers.mobile_vit_trainer | Ep [032/500] T-Acc:  60.7%  V-Acc:  56.6%  V-AUROC: 0.6083  LR: 2.00e-04
2026-08-02 18:04:13,652 | [FULL    ] | INFO | full_experiments_using.model_trainers.mobile_vit_trainer | Ep [033/500] T-Acc:  60.8%  V-Acc:  57.1%  V-AUROC: 0.6024  LR: 2.00e-04
2026-08-02 18:04:35,099 | [FULL    ] | INFO | full_experiments_using.model_trainers.mobile_vit_trainer | Ep [034/500] T-Acc:  61.4%  V-Acc:  56.2%  V-AUROC: 0.6050  LR: 2.00e-04
2026-08-02 18:04:56,456 | [FULL    ] | INFO | full_experiments_using.model_trainers.mobile_vit_trainer | Ep [035/500] T-Acc:  60.7%  V-Acc:  57.5%  V-AUROC: 0.6055  LR: 2.00e-04
2026-08-02 18:05:17,795 | [FULL    ] | INFO | full_experiments_using.model_trainers.mobile_vit_trainer | Ep [036/500] T-Acc:  60.1%  V-Acc:  57.7%  V-AUROC: 0.6025  LR: 2.00e-04
2026-08-02 18:05:39,187 | [FULL    ] | INFO | full_experiments_using.model_trainers.mobile_vit_trainer | Ep [037/500] T-Acc:  60.2%  V-Acc:  56.7%  V-AUROC: 0.5999  LR: 2.00e-04
2026-08-02 18:06:00,774 | [FULL    ] | INFO | full_experiments_using.model_trainers.mobile_vit_trainer | Ep [038/500] T-Acc:  61.1%  V-Acc:  56.8%  V-AUROC: 0.6007  LR: 4.00e-05
2026-08-02 18:06:22,303 | [FULL    ] | INFO | full_experiments_using.model_trainers.mobile_vit_trainer | Ep [039/500] T-Acc:  60.6%  V-Acc:  55.7%  V-AUROC: 0.6005  LR: 4.00e-05
2026-08-02 18:06:43,802 | [FULL    ] | INFO | full_experiments_using.model_trainers.mobile_vit_trainer | Ep [040/500] T-Acc:  61.1%  V-Acc:  56.5%  V-AUROC: 0.5983  LR: 4.00e-05
2026-08-02 18:07:05,199 | [FULL    ] | INFO | full_experiments_using.model_trainers.mobile_vit_trainer | Ep [041/500] T-Acc:  60.5%  V-Acc:  56.5%  V-AUROC: 0.5976  LR: 4.00e-05
2026-08-02 18:07:26,598 | [FULL    ] | INFO | full_experiments_using.model_trainers.mobile_vit_trainer | Ep [042/500] T-Acc:  60.8%  V-Acc:  56.7%  V-AUROC: 0.6006  LR: 4.00e-05
2026-08-02 18:07:48,145 | [FULL    ] | INFO | full_experiments_using.model_trainers.mobile_vit_trainer | Ep [043/500] T-Acc:  60.6%  V-Acc:  56.8%  V-AUROC: 0.5958  LR: 4.00e-05
2026-08-02 18:08:09,781 | [FULL    ] | INFO | full_experiments_using.model_trainers.mobile_vit_trainer | Ep [044/500] T-Acc:  61.3%  V-Acc:  56.5%  V-AUROC: 0.5995  LR: 4.00e-05
2026-08-02 18:08:31,235 | [FULL    ] | INFO | full_experiments_using.model_trainers.mobile_vit_trainer | Ep [045/500] T-Acc:  61.3%  V-Acc:  57.2%  V-AUROC: 0.5984  LR: 4.00e-05
2026-08-02 18:08:31,235 | [FULL    ] | INFO | full_experiments_using.model_trainers.mobile_vit_trainer | Early stop — best AUROC 0.6293 at epoch 15 (no improvement for 30 epochs)
2026-08-02 18:08:31,235 | [FULL    ] | INFO | full_experiments_using.model_trainers.mobile_vit_trainer | Done. Best AUROC: 0.6293 (epoch 15) → /home/oem/choihyunsu/VOGBasedMCIDetection/outputs/checkpoints/run_20260802_112625_full_wvote_artifact30_w0-5-10-10-0-15-30-30_4err/fold_19_best.pth
2026-08-02 18:08:38,711 | [FULL    ] | INFO | full_experiments_using.evaluators.monte_carlo_evaluator | -> Fold 20 Result | Acc=0.900 Sens=1.000 Spec=0.667 AUROC=0.952
2026-08-02 18:08:38,717 | [FULL    ] | INFO | full_experiments_using.evaluators.monte_carlo_evaluator | === Fold 21/30 | train: 25 subj (HC=8 MCI=17) / 3872 win | test: 12 subj (HC=6 MCI=6) / 1843 win ===
2026-08-02 18:08:38,944 | [FULL    ] | INFO | httpx | HTTP Request: HEAD https://huggingface.co/apple/mobilevit-small/resolve/main/config.json "HTTP/1.1 307 Temporary Redirect"
2026-08-02 18:08:38,955 | [FULL    ] | INFO | httpx | HTTP Request: HEAD https://huggingface.co/api/resolve-cache/models/apple/mobilevit-small/6c8612545dc98676d27bc518fa521d9e9af23e34/config.json "HTTP/1.1 200 OK"
2026-08-02 18:08:39,276 | [FULL    ] | INFO | httpx | HTTP Request: HEAD https://huggingface.co/apple/mobilevit-small/resolve/main/model.safetensors "HTTP/1.1 404 Not Found"
2026-08-02 18:08:39,512 | [FULL    ] | INFO | httpx | HTTP Request: HEAD https://huggingface.co/apple/mobilevit-small/resolve/main/model.safetensors.index.json "HTTP/1.1 404 Not Found"
2026-08-02 18:08:39,769 | [FULL    ] | INFO | httpx | HTTP Request: HEAD https://huggingface.co/apple/mobilevit-small/resolve/main/pytorch_model.bin "HTTP/1.1 302 Found"
2026-08-02 18:08:39,968 | [FULL    ] | INFO | httpx | HTTP Request: HEAD https://huggingface.co/apple/mobilevit-small/resolve/main/model.safetensors "HTTP/1.1 404 Not Found"
2026-08-02 18:08:40,169 | [FULL    ] | INFO | httpx | HTTP Request: GET https://huggingface.co/api/models/apple/mobilevit-small "HTTP/1.1 200 OK"
2026-08-02 18:08:40,397 | [FULL    ] | INFO | httpx | HTTP Request: GET https://huggingface.co/api/models/apple/mobilevit-small/commits/main "HTTP/1.1 200 OK"
2026-08-02 18:08:40,609 | [FULL    ] | INFO | httpx | HTTP Request: GET https://huggingface.co/api/models/apple/mobilevit-small/discussions?p=0 "HTTP/1.1 200 OK"
2026-08-02 18:08:40,829 | [FULL    ] | INFO | httpx | HTTP Request: GET https://huggingface.co/api/models/apple/mobilevit-small/commits/refs%2Fpr%2F6 "HTTP/1.1 200 OK"
2026-08-02 18:08:41,023 | [FULL    ] | INFO | httpx | HTTP Request: HEAD https://huggingface.co/apple/mobilevit-small/resolve/refs%2Fpr%2F6/model.safetensors.index.json "HTTP/1.1 404 Not Found"
2026-08-02 18:08:41,049 | [FULL    ] | INFO | full_experiments_using.model_trainers.mobile_vit_trainer | Device: cuda | max_epochs=500 | batch=32 | eval_batch=256 | es_patience=30
2026-08-02 18:08:41,057 | [FULL    ] | INFO | full_experiments_using.model_trainers.mobile_vit_trainer | CE weights — HC: 1.321  MCI: 0.805
2026-08-02 18:08:41,226 | [FULL    ] | INFO | httpx | HTTP Request: HEAD https://huggingface.co/apple/mobilevit-small/resolve/refs%2Fpr%2F6/model.safetensors "HTTP/1.1 302 Found"
2026-08-02 18:09:08,830 | [FULL    ] | INFO | full_experiments_using.model_trainers.mobile_vit_trainer | Ep [001/500] T-Acc:  46.8%  V-Acc:  54.5%  V-AUROC: 0.5149  LR: 2.00e-04
2026-08-02 18:09:08,890 | [FULL    ] | INFO | full_experiments_using.model_trainers.mobile_vit_trainer |   ↳ new best AUROC; saved checkpoint: /home/oem/choihyunsu/VOGBasedMCIDetection/outputs/checkpoints/run_20260802_112625_full_wvote_artifact30_w0-5-10-10-0-15-30-30_4err/fold_20_best.pth
2026-08-02 18:09:30,290 | [FULL    ] | INFO | full_experiments_using.model_trainers.mobile_vit_trainer | Ep [002/500] T-Acc:  47.3%  V-Acc:  54.3%  V-AUROC: 0.5151  LR: 4.00e-04
2026-08-02 18:09:30,482 | [FULL    ] | INFO | full_experiments_using.model_trainers.mobile_vit_trainer |   ↳ new best AUROC; saved checkpoint: /home/oem/choihyunsu/VOGBasedMCIDetection/outputs/checkpoints/run_20260802_112625_full_wvote_artifact30_w0-5-10-10-0-15-30-30_4err/fold_20_best.pth
2026-08-02 18:09:52,018 | [FULL    ] | INFO | full_experiments_using.model_trainers.mobile_vit_trainer | Ep [003/500] T-Acc:  48.6%  V-Acc:  54.8%  V-AUROC: 0.5342  LR: 6.00e-04
2026-08-02 18:09:52,191 | [FULL    ] | INFO | full_experiments_using.model_trainers.mobile_vit_trainer |   ↳ new best AUROC; saved checkpoint: /home/oem/choihyunsu/VOGBasedMCIDetection/outputs/checkpoints/run_20260802_112625_full_wvote_artifact30_w0-5-10-10-0-15-30-30_4err/fold_20_best.pth
2026-08-02 18:10:13,718 | [FULL    ] | INFO | full_experiments_using.model_trainers.mobile_vit_trainer | Ep [004/500] T-Acc:  49.1%  V-Acc:  53.7%  V-AUROC: 0.5243  LR: 8.00e-04
2026-08-02 18:10:35,195 | [FULL    ] | INFO | full_experiments_using.model_trainers.mobile_vit_trainer | Ep [005/500] T-Acc:  51.5%  V-Acc:  51.8%  V-AUROC: 0.5369  LR: 1.00e-03
2026-08-02 18:10:35,332 | [FULL    ] | INFO | full_experiments_using.model_trainers.mobile_vit_trainer |   ↳ new best AUROC; saved checkpoint: /home/oem/choihyunsu/VOGBasedMCIDetection/outputs/checkpoints/run_20260802_112625_full_wvote_artifact30_w0-5-10-10-0-15-30-30_4err/fold_20_best.pth
2026-08-02 18:10:56,597 | [FULL    ] | INFO | full_experiments_using.model_trainers.mobile_vit_trainer | Ep [006/500] T-Acc:  53.9%  V-Acc:  53.7%  V-AUROC: 0.5591  LR: 1.00e-03
2026-08-02 18:10:56,811 | [FULL    ] | INFO | full_experiments_using.model_trainers.mobile_vit_trainer |   ↳ new best AUROC; saved checkpoint: /home/oem/choihyunsu/VOGBasedMCIDetection/outputs/checkpoints/run_20260802_112625_full_wvote_artifact30_w0-5-10-10-0-15-30-30_4err/fold_20_best.pth
2026-08-02 18:11:18,040 | [FULL    ] | INFO | full_experiments_using.model_trainers.mobile_vit_trainer | Ep [007/500] T-Acc:  54.3%  V-Acc:  55.2%  V-AUROC: 0.5692  LR: 1.00e-03
2026-08-02 18:11:18,212 | [FULL    ] | INFO | full_experiments_using.model_trainers.mobile_vit_trainer |   ↳ new best AUROC; saved checkpoint: /home/oem/choihyunsu/VOGBasedMCIDetection/outputs/checkpoints/run_20260802_112625_full_wvote_artifact30_w0-5-10-10-0-15-30-30_4err/fold_20_best.pth
2026-08-02 18:11:39,425 | [FULL    ] | INFO | full_experiments_using.model_trainers.mobile_vit_trainer | Ep [008/500] T-Acc:  54.7%  V-Acc:  54.4%  V-AUROC: 0.5597  LR: 1.00e-03
2026-08-02 18:11:58,690 | [FULL    ] | INFO | full_experiments_using.model_trainers.mobile_vit_trainer | Ep [009/500] T-Acc:  56.6%  V-Acc:  53.9%  V-AUROC: 0.5656  LR: 1.00e-03
2026-08-02 18:12:19,305 | [FULL    ] | INFO | full_experiments_using.model_trainers.mobile_vit_trainer | Ep [010/500] T-Acc:  55.6%  V-Acc:  54.5%  V-AUROC: 0.5605  LR: 1.00e-03
2026-08-02 18:12:39,705 | [FULL    ] | INFO | full_experiments_using.model_trainers.mobile_vit_trainer | Ep [011/500] T-Acc:  56.4%  V-Acc:  54.6%  V-AUROC: 0.5694  LR: 1.00e-03
2026-08-02 18:12:39,897 | [FULL    ] | INFO | full_experiments_using.model_trainers.mobile_vit_trainer |   ↳ new best AUROC; saved checkpoint: /home/oem/choihyunsu/VOGBasedMCIDetection/outputs/checkpoints/run_20260802_112625_full_wvote_artifact30_w0-5-10-10-0-15-30-30_4err/fold_20_best.pth
2026-08-02 18:13:01,124 | [FULL    ] | INFO | full_experiments_using.model_trainers.mobile_vit_trainer | Ep [012/500] T-Acc:  58.4%  V-Acc:  53.6%  V-AUROC: 0.5548  LR: 1.00e-03
2026-08-02 18:13:22,278 | [FULL    ] | INFO | full_experiments_using.model_trainers.mobile_vit_trainer | Ep [013/500] T-Acc:  56.2%  V-Acc:  53.0%  V-AUROC: 0.5638  LR: 1.00e-03
2026-08-02 18:13:43,639 | [FULL    ] | INFO | full_experiments_using.model_trainers.mobile_vit_trainer | Ep [014/500] T-Acc:  57.3%  V-Acc:  54.7%  V-AUROC: 0.5611  LR: 1.00e-03
2026-08-02 18:14:04,922 | [FULL    ] | INFO | full_experiments_using.model_trainers.mobile_vit_trainer | Ep [015/500] T-Acc:  57.2%  V-Acc:  54.2%  V-AUROC: 0.5605  LR: 1.00e-03
2026-08-02 18:14:26,295 | [FULL    ] | INFO | full_experiments_using.model_trainers.mobile_vit_trainer | Ep [016/500] T-Acc:  58.9%  V-Acc:  53.9%  V-AUROC: 0.5790  LR: 1.00e-03
2026-08-02 18:14:26,445 | [FULL    ] | INFO | full_experiments_using.model_trainers.mobile_vit_trainer |   ↳ new best AUROC; saved checkpoint: /home/oem/choihyunsu/VOGBasedMCIDetection/outputs/checkpoints/run_20260802_112625_full_wvote_artifact30_w0-5-10-10-0-15-30-30_4err/fold_20_best.pth
2026-08-02 18:14:47,718 | [FULL    ] | INFO | full_experiments_using.model_trainers.mobile_vit_trainer | Ep [017/500] T-Acc:  58.0%  V-Acc:  55.7%  V-AUROC: 0.5620  LR: 1.00e-03
2026-08-02 18:15:08,990 | [FULL    ] | INFO | full_experiments_using.model_trainers.mobile_vit_trainer | Ep [018/500] T-Acc:  59.7%  V-Acc:  54.9%  V-AUROC: 0.5700  LR: 1.00e-03
2026-08-02 18:15:30,290 | [FULL    ] | INFO | full_experiments_using.model_trainers.mobile_vit_trainer | Ep [019/500] T-Acc:  59.6%  V-Acc:  53.6%  V-AUROC: 0.5664  LR: 1.00e-03
2026-08-02 18:15:51,551 | [FULL    ] | INFO | full_experiments_using.model_trainers.mobile_vit_trainer | Ep [020/500] T-Acc:  60.1%  V-Acc:  54.5%  V-AUROC: 0.5593  LR: 1.00e-03
2026-08-02 18:16:12,765 | [FULL    ] | INFO | full_experiments_using.model_trainers.mobile_vit_trainer | Ep [021/500] T-Acc:  58.9%  V-Acc:  54.6%  V-AUROC: 0.5662  LR: 1.00e-03
2026-08-02 18:16:32,210 | [FULL    ] | INFO | full_experiments_using.model_trainers.mobile_vit_trainer | Ep [022/500] T-Acc:  59.2%  V-Acc:  54.2%  V-AUROC: 0.5618  LR: 1.00e-03
2026-08-02 18:16:50,673 | [FULL    ] | INFO | full_experiments_using.model_trainers.mobile_vit_trainer | Ep [023/500] T-Acc:  60.5%  V-Acc:  53.9%  V-AUROC: 0.5579  LR: 1.00e-03
2026-08-02 18:17:11,979 | [FULL    ] | INFO | full_experiments_using.model_trainers.mobile_vit_trainer | Ep [024/500] T-Acc:  59.2%  V-Acc:  55.7%  V-AUROC: 0.5661  LR: 1.00e-03
2026-08-02 18:17:33,136 | [FULL    ] | INFO | full_experiments_using.model_trainers.mobile_vit_trainer | Ep [025/500] T-Acc:  61.5%  V-Acc:  54.9%  V-AUROC: 0.5641  LR: 1.00e-03
2026-08-02 18:17:54,268 | [FULL    ] | INFO | full_experiments_using.model_trainers.mobile_vit_trainer | Ep [026/500] T-Acc:  59.9%  V-Acc:  54.7%  V-AUROC: 0.5633  LR: 1.00e-03
2026-08-02 18:18:15,524 | [FULL    ] | INFO | full_experiments_using.model_trainers.mobile_vit_trainer | Ep [027/500] T-Acc:  60.0%  V-Acc:  54.7%  V-AUROC: 0.5673  LR: 1.00e-03
2026-08-02 18:18:36,916 | [FULL    ] | INFO | full_experiments_using.model_trainers.mobile_vit_trainer | Ep [028/500] T-Acc:  61.7%  V-Acc:  54.7%  V-AUROC: 0.5631  LR: 2.00e-04
2026-08-02 18:18:58,275 | [FULL    ] | INFO | full_experiments_using.model_trainers.mobile_vit_trainer | Ep [029/500] T-Acc:  59.9%  V-Acc:  54.9%  V-AUROC: 0.5666  LR: 2.00e-04
2026-08-02 18:19:19,477 | [FULL    ] | INFO | full_experiments_using.model_trainers.mobile_vit_trainer | Ep [030/500] T-Acc:  62.5%  V-Acc:  53.9%  V-AUROC: 0.5644  LR: 2.00e-04
2026-08-02 18:19:40,552 | [FULL    ] | INFO | full_experiments_using.model_trainers.mobile_vit_trainer | Ep [031/500] T-Acc:  60.9%  V-Acc:  54.1%  V-AUROC: 0.5655  LR: 2.00e-04
2026-08-02 18:20:02,086 | [FULL    ] | INFO | full_experiments_using.model_trainers.mobile_vit_trainer | Ep [032/500] T-Acc:  61.0%  V-Acc:  53.8%  V-AUROC: 0.5622  LR: 2.00e-04
2026-08-02 18:20:23,273 | [FULL    ] | INFO | full_experiments_using.model_trainers.mobile_vit_trainer | Ep [033/500] T-Acc:  61.2%  V-Acc:  53.6%  V-AUROC: 0.5626  LR: 2.00e-04
2026-08-02 18:20:44,517 | [FULL    ] | INFO | full_experiments_using.model_trainers.mobile_vit_trainer | Ep [034/500] T-Acc:  61.0%  V-Acc:  54.5%  V-AUROC: 0.5645  LR: 2.00e-04
2026-08-02 18:21:05,762 | [FULL    ] | INFO | full_experiments_using.model_trainers.mobile_vit_trainer | Ep [035/500] T-Acc:  61.6%  V-Acc:  55.0%  V-AUROC: 0.5719  LR: 2.00e-04
2026-08-02 18:21:26,955 | [FULL    ] | INFO | full_experiments_using.model_trainers.mobile_vit_trainer | Ep [036/500] T-Acc:  61.5%  V-Acc:  54.6%  V-AUROC: 0.5669  LR: 2.00e-04
2026-08-02 18:21:48,121 | [FULL    ] | INFO | full_experiments_using.model_trainers.mobile_vit_trainer | Ep [037/500] T-Acc:  60.6%  V-Acc:  54.9%  V-AUROC: 0.5673  LR: 2.00e-04
2026-08-02 18:22:09,539 | [FULL    ] | INFO | full_experiments_using.model_trainers.mobile_vit_trainer | Ep [038/500] T-Acc:  61.9%  V-Acc:  54.6%  V-AUROC: 0.5654  LR: 2.00e-04
2026-08-02 18:22:30,868 | [FULL    ] | INFO | full_experiments_using.model_trainers.mobile_vit_trainer | Ep [039/500] T-Acc:  62.6%  V-Acc:  55.1%  V-AUROC: 0.5656  LR: 4.00e-05
2026-08-02 18:22:52,073 | [FULL    ] | INFO | full_experiments_using.model_trainers.mobile_vit_trainer | Ep [040/500] T-Acc:  61.9%  V-Acc:  54.8%  V-AUROC: 0.5673  LR: 4.00e-05
2026-08-02 18:23:13,279 | [FULL    ] | INFO | full_experiments_using.model_trainers.mobile_vit_trainer | Ep [041/500] T-Acc:  61.6%  V-Acc:  54.4%  V-AUROC: 0.5682  LR: 4.00e-05
2026-08-02 18:23:34,478 | [FULL    ] | INFO | full_experiments_using.model_trainers.mobile_vit_trainer | Ep [042/500] T-Acc:  61.6%  V-Acc:  54.7%  V-AUROC: 0.5668  LR: 4.00e-05
2026-08-02 18:23:55,794 | [FULL    ] | INFO | full_experiments_using.model_trainers.mobile_vit_trainer | Ep [043/500] T-Acc:  61.0%  V-Acc:  55.1%  V-AUROC: 0.5670  LR: 4.00e-05
2026-08-02 18:24:16,891 | [FULL    ] | INFO | full_experiments_using.model_trainers.mobile_vit_trainer | Ep [044/500] T-Acc:  61.0%  V-Acc:  55.5%  V-AUROC: 0.5672  LR: 4.00e-05
2026-08-02 18:24:38,307 | [FULL    ] | INFO | full_experiments_using.model_trainers.mobile_vit_trainer | Ep [045/500] T-Acc:  61.0%  V-Acc:  54.5%  V-AUROC: 0.5659  LR: 4.00e-05
2026-08-02 18:24:59,574 | [FULL    ] | INFO | full_experiments_using.model_trainers.mobile_vit_trainer | Ep [046/500] T-Acc:  61.0%  V-Acc:  54.6%  V-AUROC: 0.5656  LR: 4.00e-05
2026-08-02 18:24:59,575 | [FULL    ] | INFO | full_experiments_using.model_trainers.mobile_vit_trainer | Early stop — best AUROC 0.5790 at epoch 16 (no improvement for 30 epochs)
2026-08-02 18:24:59,575 | [FULL    ] | INFO | full_experiments_using.model_trainers.mobile_vit_trainer | Done. Best AUROC: 0.5790 (epoch 16) → /home/oem/choihyunsu/VOGBasedMCIDetection/outputs/checkpoints/run_20260802_112625_full_wvote_artifact30_w0-5-10-10-0-15-30-30_4err/fold_20_best.pth
2026-08-02 18:25:05,986 | [FULL    ] | INFO | full_experiments_using.evaluators.monte_carlo_evaluator | -> Fold 21 Result | Acc=0.545 Sens=0.833 Spec=0.200 AUROC=0.700
2026-08-02 18:25:05,998 | [FULL    ] | INFO | full_experiments_using.evaluators.monte_carlo_evaluator | === Fold 22/30 | train: 25 subj (HC=9 MCI=16) / 3837 win | test: 12 subj (HC=5 MCI=7) / 1878 win ===
2026-08-02 18:25:06,229 | [FULL    ] | INFO | httpx | HTTP Request: HEAD https://huggingface.co/apple/mobilevit-small/resolve/main/config.json "HTTP/1.1 307 Temporary Redirect"
2026-08-02 18:25:06,241 | [FULL    ] | INFO | httpx | HTTP Request: HEAD https://huggingface.co/api/resolve-cache/models/apple/mobilevit-small/6c8612545dc98676d27bc518fa521d9e9af23e34/config.json "HTTP/1.1 200 OK"
2026-08-02 18:25:06,528 | [FULL    ] | INFO | httpx | HTTP Request: HEAD https://huggingface.co/apple/mobilevit-small/resolve/main/model.safetensors "HTTP/1.1 404 Not Found"
2026-08-02 18:25:06,723 | [FULL    ] | INFO | httpx | HTTP Request: HEAD https://huggingface.co/apple/mobilevit-small/resolve/main/model.safetensors.index.json "HTTP/1.1 404 Not Found"
2026-08-02 18:25:06,934 | [FULL    ] | INFO | httpx | HTTP Request: HEAD https://huggingface.co/apple/mobilevit-small/resolve/main/pytorch_model.bin "HTTP/1.1 302 Found"
2026-08-02 18:25:07,138 | [FULL    ] | INFO | httpx | HTTP Request: HEAD https://huggingface.co/apple/mobilevit-small/resolve/main/model.safetensors "HTTP/1.1 404 Not Found"
2026-08-02 18:25:07,348 | [FULL    ] | INFO | httpx | HTTP Request: GET https://huggingface.co/api/models/apple/mobilevit-small "HTTP/1.1 200 OK"
2026-08-02 18:25:07,579 | [FULL    ] | INFO | httpx | HTTP Request: GET https://huggingface.co/api/models/apple/mobilevit-small/commits/main "HTTP/1.1 200 OK"
2026-08-02 18:25:07,799 | [FULL    ] | INFO | httpx | HTTP Request: GET https://huggingface.co/api/models/apple/mobilevit-small/discussions?p=0 "HTTP/1.1 200 OK"
2026-08-02 18:25:08,017 | [FULL    ] | INFO | httpx | HTTP Request: GET https://huggingface.co/api/models/apple/mobilevit-small/commits/refs%2Fpr%2F6 "HTTP/1.1 200 OK"
2026-08-02 18:25:08,237 | [FULL    ] | INFO | httpx | HTTP Request: HEAD https://huggingface.co/apple/mobilevit-small/resolve/refs%2Fpr%2F6/model.safetensors.index.json "HTTP/1.1 404 Not Found"
2026-08-02 18:25:08,451 | [FULL    ] | INFO | httpx | HTTP Request: HEAD https://huggingface.co/apple/mobilevit-small/resolve/refs%2Fpr%2F6/model.safetensors "HTTP/1.1 302 Found"
2026-08-02 18:25:08,777 | [FULL    ] | INFO | full_experiments_using.model_trainers.mobile_vit_trainer | Device: cuda | max_epochs=500 | batch=32 | eval_batch=256 | es_patience=30
2026-08-02 18:25:08,785 | [FULL    ] | INFO | full_experiments_using.model_trainers.mobile_vit_trainer | CE weights — HC: 1.204  MCI: 0.855
2026-08-02 18:25:38,971 | [FULL    ] | INFO | full_experiments_using.model_trainers.mobile_vit_trainer | Ep [001/500] T-Acc:  47.6%  V-Acc:  47.9%  V-AUROC: 0.5049  LR: 2.00e-04
2026-08-02 18:25:39,030 | [FULL    ] | INFO | full_experiments_using.model_trainers.mobile_vit_trainer |   ↳ new best AUROC; saved checkpoint: /home/oem/choihyunsu/VOGBasedMCIDetection/outputs/checkpoints/run_20260802_112625_full_wvote_artifact30_w0-5-10-10-0-15-30-30_4err/fold_21_best.pth
2026-08-02 18:26:00,163 | [FULL    ] | INFO | full_experiments_using.model_trainers.mobile_vit_trainer | Ep [002/500] T-Acc:  48.4%  V-Acc:  48.8%  V-AUROC: 0.5097  LR: 4.00e-04
2026-08-02 18:26:00,284 | [FULL    ] | INFO | full_experiments_using.model_trainers.mobile_vit_trainer |   ↳ new best AUROC; saved checkpoint: /home/oem/choihyunsu/VOGBasedMCIDetection/outputs/checkpoints/run_20260802_112625_full_wvote_artifact30_w0-5-10-10-0-15-30-30_4err/fold_21_best.pth
2026-08-02 18:26:21,174 | [FULL    ] | INFO | full_experiments_using.model_trainers.mobile_vit_trainer | Ep [003/500] T-Acc:  48.9%  V-Acc:  49.5%  V-AUROC: 0.5222  LR: 6.00e-04
2026-08-02 18:26:21,294 | [FULL    ] | INFO | full_experiments_using.model_trainers.mobile_vit_trainer |   ↳ new best AUROC; saved checkpoint: /home/oem/choihyunsu/VOGBasedMCIDetection/outputs/checkpoints/run_20260802_112625_full_wvote_artifact30_w0-5-10-10-0-15-30-30_4err/fold_21_best.pth
2026-08-02 18:26:42,551 | [FULL    ] | INFO | full_experiments_using.model_trainers.mobile_vit_trainer | Ep [004/500] T-Acc:  50.3%  V-Acc:  51.2%  V-AUROC: 0.5375  LR: 8.00e-04
2026-08-02 18:26:42,632 | [FULL    ] | INFO | full_experiments_using.model_trainers.mobile_vit_trainer |   ↳ new best AUROC; saved checkpoint: /home/oem/choihyunsu/VOGBasedMCIDetection/outputs/checkpoints/run_20260802_112625_full_wvote_artifact30_w0-5-10-10-0-15-30-30_4err/fold_21_best.pth
2026-08-02 18:27:03,619 | [FULL    ] | INFO | full_experiments_using.model_trainers.mobile_vit_trainer | Ep [005/500] T-Acc:  50.8%  V-Acc:  54.2%  V-AUROC: 0.5546  LR: 1.00e-03
2026-08-02 18:27:03,744 | [FULL    ] | INFO | full_experiments_using.model_trainers.mobile_vit_trainer |   ↳ new best AUROC; saved checkpoint: /home/oem/choihyunsu/VOGBasedMCIDetection/outputs/checkpoints/run_20260802_112625_full_wvote_artifact30_w0-5-10-10-0-15-30-30_4err/fold_21_best.pth
2026-08-02 18:27:24,766 | [FULL    ] | INFO | full_experiments_using.model_trainers.mobile_vit_trainer | Ep [006/500] T-Acc:  52.8%  V-Acc:  53.6%  V-AUROC: 0.5511  LR: 1.00e-03
2026-08-02 18:27:45,520 | [FULL    ] | INFO | full_experiments_using.model_trainers.mobile_vit_trainer | Ep [007/500] T-Acc:  53.2%  V-Acc:  56.0%  V-AUROC: 0.5824  LR: 1.00e-03
2026-08-02 18:27:45,638 | [FULL    ] | INFO | full_experiments_using.model_trainers.mobile_vit_trainer |   ↳ new best AUROC; saved checkpoint: /home/oem/choihyunsu/VOGBasedMCIDetection/outputs/checkpoints/run_20260802_112625_full_wvote_artifact30_w0-5-10-10-0-15-30-30_4err/fold_21_best.pth
2026-08-02 18:28:06,528 | [FULL    ] | INFO | full_experiments_using.model_trainers.mobile_vit_trainer | Ep [008/500] T-Acc:  53.8%  V-Acc:  56.1%  V-AUROC: 0.5801  LR: 1.00e-03
2026-08-02 18:28:27,586 | [FULL    ] | INFO | full_experiments_using.model_trainers.mobile_vit_trainer | Ep [009/500] T-Acc:  54.5%  V-Acc:  54.8%  V-AUROC: 0.5814  LR: 1.00e-03
2026-08-02 18:28:48,649 | [FULL    ] | INFO | full_experiments_using.model_trainers.mobile_vit_trainer | Ep [010/500] T-Acc:  54.7%  V-Acc:  57.8%  V-AUROC: 0.6056  LR: 1.00e-03
2026-08-02 18:28:48,772 | [FULL    ] | INFO | full_experiments_using.model_trainers.mobile_vit_trainer |   ↳ new best AUROC; saved checkpoint: /home/oem/choihyunsu/VOGBasedMCIDetection/outputs/checkpoints/run_20260802_112625_full_wvote_artifact30_w0-5-10-10-0-15-30-30_4err/fold_21_best.pth
2026-08-02 18:29:09,940 | [FULL    ] | INFO | full_experiments_using.model_trainers.mobile_vit_trainer | Ep [011/500] T-Acc:  55.5%  V-Acc:  57.0%  V-AUROC: 0.5939  LR: 1.00e-03
2026-08-02 18:29:31,093 | [FULL    ] | INFO | full_experiments_using.model_trainers.mobile_vit_trainer | Ep [012/500] T-Acc:  54.9%  V-Acc:  57.2%  V-AUROC: 0.6053  LR: 1.00e-03
2026-08-02 18:29:52,066 | [FULL    ] | INFO | full_experiments_using.model_trainers.mobile_vit_trainer | Ep [013/500] T-Acc:  56.6%  V-Acc:  56.0%  V-AUROC: 0.6083  LR: 1.00e-03
2026-08-02 18:29:52,176 | [FULL    ] | INFO | full_experiments_using.model_trainers.mobile_vit_trainer |   ↳ new best AUROC; saved checkpoint: /home/oem/choihyunsu/VOGBasedMCIDetection/outputs/checkpoints/run_20260802_112625_full_wvote_artifact30_w0-5-10-10-0-15-30-30_4err/fold_21_best.pth
2026-08-02 18:30:13,153 | [FULL    ] | INFO | full_experiments_using.model_trainers.mobile_vit_trainer | Ep [014/500] T-Acc:  56.9%  V-Acc:  57.4%  V-AUROC: 0.6066  LR: 1.00e-03
2026-08-02 18:30:34,226 | [FULL    ] | INFO | full_experiments_using.model_trainers.mobile_vit_trainer | Ep [015/500] T-Acc:  59.7%  V-Acc:  56.9%  V-AUROC: 0.6001  LR: 1.00e-03
2026-08-02 18:30:55,258 | [FULL    ] | INFO | full_experiments_using.model_trainers.mobile_vit_trainer | Ep [016/500] T-Acc:  57.4%  V-Acc:  56.7%  V-AUROC: 0.5943  LR: 1.00e-03
2026-08-02 18:31:16,413 | [FULL    ] | INFO | full_experiments_using.model_trainers.mobile_vit_trainer | Ep [017/500] T-Acc:  58.6%  V-Acc:  57.3%  V-AUROC: 0.5995  LR: 1.00e-03
2026-08-02 18:31:37,452 | [FULL    ] | INFO | full_experiments_using.model_trainers.mobile_vit_trainer | Ep [018/500] T-Acc:  56.8%  V-Acc:  56.7%  V-AUROC: 0.5956  LR: 1.00e-03
2026-08-02 18:31:58,383 | [FULL    ] | INFO | full_experiments_using.model_trainers.mobile_vit_trainer | Ep [019/500] T-Acc:  58.7%  V-Acc:  55.4%  V-AUROC: 0.5922  LR: 1.00e-03
2026-08-02 18:32:19,525 | [FULL    ] | INFO | full_experiments_using.model_trainers.mobile_vit_trainer | Ep [020/500] T-Acc:  57.7%  V-Acc:  56.7%  V-AUROC: 0.5971  LR: 1.00e-03
2026-08-02 18:32:40,647 | [FULL    ] | INFO | full_experiments_using.model_trainers.mobile_vit_trainer | Ep [021/500] T-Acc:  59.2%  V-Acc:  57.3%  V-AUROC: 0.6063  LR: 1.00e-03
2026-08-02 18:33:01,706 | [FULL    ] | INFO | full_experiments_using.model_trainers.mobile_vit_trainer | Ep [022/500] T-Acc:  59.8%  V-Acc:  57.3%  V-AUROC: 0.5967  LR: 1.00e-03
2026-08-02 18:33:22,772 | [FULL    ] | INFO | full_experiments_using.model_trainers.mobile_vit_trainer | Ep [023/500] T-Acc:  58.2%  V-Acc:  56.7%  V-AUROC: 0.5919  LR: 1.00e-03
2026-08-02 18:33:43,779 | [FULL    ] | INFO | full_experiments_using.model_trainers.mobile_vit_trainer | Ep [024/500] T-Acc:  58.2%  V-Acc:  57.1%  V-AUROC: 0.5945  LR: 1.00e-03
2026-08-02 18:34:04,891 | [FULL    ] | INFO | full_experiments_using.model_trainers.mobile_vit_trainer | Ep [025/500] T-Acc:  59.4%  V-Acc:  57.8%  V-AUROC: 0.6004  LR: 2.00e-04
2026-08-02 18:34:26,112 | [FULL    ] | INFO | full_experiments_using.model_trainers.mobile_vit_trainer | Ep [026/500] T-Acc:  60.4%  V-Acc:  56.7%  V-AUROC: 0.5948  LR: 2.00e-04
2026-08-02 18:34:47,156 | [FULL    ] | INFO | full_experiments_using.model_trainers.mobile_vit_trainer | Ep [027/500] T-Acc:  59.6%  V-Acc:  57.2%  V-AUROC: 0.5984  LR: 2.00e-04
2026-08-02 18:35:06,675 | [FULL    ] | INFO | full_experiments_using.model_trainers.mobile_vit_trainer | Ep [028/500] T-Acc:  60.0%  V-Acc:  56.9%  V-AUROC: 0.5957  LR: 2.00e-04
2026-08-02 18:35:26,211 | [FULL    ] | INFO | full_experiments_using.model_trainers.mobile_vit_trainer | Ep [029/500] T-Acc:  60.6%  V-Acc:  57.1%  V-AUROC: 0.5964  LR: 2.00e-04
2026-08-02 18:35:46,241 | [FULL    ] | INFO | full_experiments_using.model_trainers.mobile_vit_trainer | Ep [030/500] T-Acc:  60.2%  V-Acc:  56.9%  V-AUROC: 0.5954  LR: 2.00e-04
2026-08-02 18:36:07,400 | [FULL    ] | INFO | full_experiments_using.model_trainers.mobile_vit_trainer | Ep [031/500] T-Acc:  60.2%  V-Acc:  57.4%  V-AUROC: 0.5976  LR: 2.00e-04
2026-08-02 18:36:28,527 | [FULL    ] | INFO | full_experiments_using.model_trainers.mobile_vit_trainer | Ep [032/500] T-Acc:  59.3%  V-Acc:  56.5%  V-AUROC: 0.5976  LR: 2.00e-04
2026-08-02 18:36:49,361 | [FULL    ] | INFO | full_experiments_using.model_trainers.mobile_vit_trainer | Ep [033/500] T-Acc:  60.6%  V-Acc:  56.8%  V-AUROC: 0.5983  LR: 2.00e-04
2026-08-02 18:37:10,418 | [FULL    ] | INFO | full_experiments_using.model_trainers.mobile_vit_trainer | Ep [034/500] T-Acc:  58.5%  V-Acc:  56.4%  V-AUROC: 0.5922  LR: 2.00e-04
2026-08-02 18:37:29,779 | [FULL    ] | INFO | full_experiments_using.model_trainers.mobile_vit_trainer | Ep [035/500] T-Acc:  60.0%  V-Acc:  57.0%  V-AUROC: 0.5958  LR: 2.00e-04
2026-08-02 18:37:49,981 | [FULL    ] | INFO | full_experiments_using.model_trainers.mobile_vit_trainer | Ep [036/500] T-Acc:  59.6%  V-Acc:  57.0%  V-AUROC: 0.5946  LR: 4.00e-05
2026-08-02 18:38:08,773 | [FULL    ] | INFO | full_experiments_using.model_trainers.mobile_vit_trainer | Ep [037/500] T-Acc:  60.9%  V-Acc:  56.5%  V-AUROC: 0.5963  LR: 4.00e-05
2026-08-02 18:38:29,777 | [FULL    ] | INFO | full_experiments_using.model_trainers.mobile_vit_trainer | Ep [038/500] T-Acc:  60.8%  V-Acc:  56.8%  V-AUROC: 0.5952  LR: 4.00e-05
2026-08-02 18:38:50,671 | [FULL    ] | INFO | full_experiments_using.model_trainers.mobile_vit_trainer | Ep [039/500] T-Acc:  59.8%  V-Acc:  57.0%  V-AUROC: 0.5942  LR: 4.00e-05
2026-08-02 18:39:11,602 | [FULL    ] | INFO | full_experiments_using.model_trainers.mobile_vit_trainer | Ep [040/500] T-Acc:  59.3%  V-Acc:  56.7%  V-AUROC: 0.5955  LR: 4.00e-05
2026-08-02 18:39:32,579 | [FULL    ] | INFO | full_experiments_using.model_trainers.mobile_vit_trainer | Ep [041/500] T-Acc:  60.8%  V-Acc:  56.5%  V-AUROC: 0.5952  LR: 4.00e-05
2026-08-02 18:39:53,565 | [FULL    ] | INFO | full_experiments_using.model_trainers.mobile_vit_trainer | Ep [042/500] T-Acc:  61.3%  V-Acc:  55.5%  V-AUROC: 0.5909  LR: 4.00e-05
2026-08-02 18:40:14,574 | [FULL    ] | INFO | full_experiments_using.model_trainers.mobile_vit_trainer | Ep [043/500] T-Acc:  60.2%  V-Acc:  56.8%  V-AUROC: 0.5933  LR: 4.00e-05
2026-08-02 18:40:14,574 | [FULL    ] | INFO | full_experiments_using.model_trainers.mobile_vit_trainer | Early stop — best AUROC 0.6083 at epoch 13 (no improvement for 30 epochs)
2026-08-02 18:40:14,574 | [FULL    ] | INFO | full_experiments_using.model_trainers.mobile_vit_trainer | Done. Best AUROC: 0.6083 (epoch 13) → /home/oem/choihyunsu/VOGBasedMCIDetection/outputs/checkpoints/run_20260802_112625_full_wvote_artifact30_w0-5-10-10-0-15-30-30_4err/fold_21_best.pth
2026-08-02 18:40:21,515 | [FULL    ] | INFO | full_experiments_using.evaluators.monte_carlo_evaluator | -> Fold 22 Result | Acc=0.727 Sens=0.714 Spec=0.750 AUROC=0.821
2026-08-02 18:40:21,522 | [FULL    ] | INFO | full_experiments_using.evaluators.monte_carlo_evaluator | === Fold 23/30 | train: 25 subj (HC=9 MCI=16) / 3847 win | test: 12 subj (HC=5 MCI=7) / 1868 win ===
2026-08-02 18:40:21,750 | [FULL    ] | INFO | httpx | HTTP Request: HEAD https://huggingface.co/apple/mobilevit-small/resolve/main/config.json "HTTP/1.1 307 Temporary Redirect"
2026-08-02 18:40:21,761 | [FULL    ] | INFO | httpx | HTTP Request: HEAD https://huggingface.co/api/resolve-cache/models/apple/mobilevit-small/6c8612545dc98676d27bc518fa521d9e9af23e34/config.json "HTTP/1.1 200 OK"
2026-08-02 18:40:21,992 | [FULL    ] | INFO | httpx | HTTP Request: HEAD https://huggingface.co/apple/mobilevit-small/resolve/main/model.safetensors "HTTP/1.1 404 Not Found"
2026-08-02 18:40:22,196 | [FULL    ] | INFO | httpx | HTTP Request: HEAD https://huggingface.co/apple/mobilevit-small/resolve/main/model.safetensors.index.json "HTTP/1.1 404 Not Found"
2026-08-02 18:40:22,405 | [FULL    ] | INFO | httpx | HTTP Request: HEAD https://huggingface.co/apple/mobilevit-small/resolve/main/pytorch_model.bin "HTTP/1.1 302 Found"
2026-08-02 18:40:22,607 | [FULL    ] | INFO | httpx | HTTP Request: HEAD https://huggingface.co/apple/mobilevit-small/resolve/main/model.safetensors "HTTP/1.1 404 Not Found"
2026-08-02 18:40:22,806 | [FULL    ] | INFO | httpx | HTTP Request: GET https://huggingface.co/api/models/apple/mobilevit-small "HTTP/1.1 200 OK"
2026-08-02 18:40:23,129 | [FULL    ] | INFO | httpx | HTTP Request: GET https://huggingface.co/api/models/apple/mobilevit-small/commits/main "HTTP/1.1 200 OK"
2026-08-02 18:40:23,344 | [FULL    ] | INFO | httpx | HTTP Request: GET https://huggingface.co/api/models/apple/mobilevit-small/discussions?p=0 "HTTP/1.1 200 OK"
2026-08-02 18:40:23,558 | [FULL    ] | INFO | httpx | HTTP Request: GET https://huggingface.co/api/models/apple/mobilevit-small/commits/refs%2Fpr%2F6 "HTTP/1.1 200 OK"
2026-08-02 18:40:23,658 | [FULL    ] | INFO | full_experiments_using.model_trainers.mobile_vit_trainer | Device: cuda | max_epochs=500 | batch=32 | eval_batch=256 | es_patience=30
2026-08-02 18:40:23,666 | [FULL    ] | INFO | full_experiments_using.model_trainers.mobile_vit_trainer | CE weights — HC: 1.196  MCI: 0.859
2026-08-02 18:40:23,769 | [FULL    ] | INFO | httpx | HTTP Request: HEAD https://huggingface.co/apple/mobilevit-small/resolve/refs%2Fpr%2F6/model.safetensors.index.json "HTTP/1.1 404 Not Found"
2026-08-02 18:40:23,987 | [FULL    ] | INFO | httpx | HTTP Request: HEAD https://huggingface.co/apple/mobilevit-small/resolve/refs%2Fpr%2F6/model.safetensors "HTTP/1.1 302 Found"
2026-08-02 18:40:53,253 | [FULL    ] | INFO | full_experiments_using.model_trainers.mobile_vit_trainer | Ep [001/500] T-Acc:  49.9%  V-Acc:  51.1%  V-AUROC: 0.5014  LR: 2.00e-04
2026-08-02 18:40:53,315 | [FULL    ] | INFO | full_experiments_using.model_trainers.mobile_vit_trainer |   ↳ new best AUROC; saved checkpoint: /home/oem/choihyunsu/VOGBasedMCIDetection/outputs/checkpoints/run_20260802_112625_full_wvote_artifact30_w0-5-10-10-0-15-30-30_4err/fold_22_best.pth
2026-08-02 18:41:14,434 | [FULL    ] | INFO | full_experiments_using.model_trainers.mobile_vit_trainer | Ep [002/500] T-Acc:  50.0%  V-Acc:  51.9%  V-AUROC: 0.5105  LR: 4.00e-04
2026-08-02 18:41:14,593 | [FULL    ] | INFO | full_experiments_using.model_trainers.mobile_vit_trainer |   ↳ new best AUROC; saved checkpoint: /home/oem/choihyunsu/VOGBasedMCIDetection/outputs/checkpoints/run_20260802_112625_full_wvote_artifact30_w0-5-10-10-0-15-30-30_4err/fold_22_best.pth
2026-08-02 18:41:35,602 | [FULL    ] | INFO | full_experiments_using.model_trainers.mobile_vit_trainer | Ep [003/500] T-Acc:  49.4%  V-Acc:  51.4%  V-AUROC: 0.5214  LR: 6.00e-04
2026-08-02 18:41:35,754 | [FULL    ] | INFO | full_experiments_using.model_trainers.mobile_vit_trainer |   ↳ new best AUROC; saved checkpoint: /home/oem/choihyunsu/VOGBasedMCIDetection/outputs/checkpoints/run_20260802_112625_full_wvote_artifact30_w0-5-10-10-0-15-30-30_4err/fold_22_best.pth
2026-08-02 18:41:57,063 | [FULL    ] | INFO | full_experiments_using.model_trainers.mobile_vit_trainer | Ep [004/500] T-Acc:  51.3%  V-Acc:  52.0%  V-AUROC: 0.5162  LR: 8.00e-04
2026-08-02 18:42:18,029 | [FULL    ] | INFO | full_experiments_using.model_trainers.mobile_vit_trainer | Ep [005/500] T-Acc:  51.7%  V-Acc:  54.2%  V-AUROC: 0.5436  LR: 1.00e-03
2026-08-02 18:42:18,163 | [FULL    ] | INFO | full_experiments_using.model_trainers.mobile_vit_trainer |   ↳ new best AUROC; saved checkpoint: /home/oem/choihyunsu/VOGBasedMCIDetection/outputs/checkpoints/run_20260802_112625_full_wvote_artifact30_w0-5-10-10-0-15-30-30_4err/fold_22_best.pth
2026-08-02 18:42:39,244 | [FULL    ] | INFO | full_experiments_using.model_trainers.mobile_vit_trainer | Ep [006/500] T-Acc:  53.4%  V-Acc:  51.9%  V-AUROC: 0.5394  LR: 1.00e-03
2026-08-02 18:43:00,360 | [FULL    ] | INFO | full_experiments_using.model_trainers.mobile_vit_trainer | Ep [007/500] T-Acc:  54.1%  V-Acc:  53.6%  V-AUROC: 0.5505  LR: 1.00e-03
2026-08-02 18:43:00,506 | [FULL    ] | INFO | full_experiments_using.model_trainers.mobile_vit_trainer |   ↳ new best AUROC; saved checkpoint: /home/oem/choihyunsu/VOGBasedMCIDetection/outputs/checkpoints/run_20260802_112625_full_wvote_artifact30_w0-5-10-10-0-15-30-30_4err/fold_22_best.pth
2026-08-02 18:43:21,719 | [FULL    ] | INFO | full_experiments_using.model_trainers.mobile_vit_trainer | Ep [008/500] T-Acc:  56.0%  V-Acc:  55.0%  V-AUROC: 0.5617  LR: 1.00e-03
2026-08-02 18:43:21,836 | [FULL    ] | INFO | full_experiments_using.model_trainers.mobile_vit_trainer |   ↳ new best AUROC; saved checkpoint: /home/oem/choihyunsu/VOGBasedMCIDetection/outputs/checkpoints/run_20260802_112625_full_wvote_artifact30_w0-5-10-10-0-15-30-30_4err/fold_22_best.pth
2026-08-02 18:43:43,012 | [FULL    ] | INFO | full_experiments_using.model_trainers.mobile_vit_trainer | Ep [009/500] T-Acc:  56.4%  V-Acc:  55.3%  V-AUROC: 0.5670  LR: 1.00e-03
2026-08-02 18:43:43,167 | [FULL    ] | INFO | full_experiments_using.model_trainers.mobile_vit_trainer |   ↳ new best AUROC; saved checkpoint: /home/oem/choihyunsu/VOGBasedMCIDetection/outputs/checkpoints/run_20260802_112625_full_wvote_artifact30_w0-5-10-10-0-15-30-30_4err/fold_22_best.pth
2026-08-02 18:44:04,291 | [FULL    ] | INFO | full_experiments_using.model_trainers.mobile_vit_trainer | Ep [010/500] T-Acc:  56.4%  V-Acc:  53.0%  V-AUROC: 0.5556  LR: 1.00e-03
2026-08-02 18:44:25,559 | [FULL    ] | INFO | full_experiments_using.model_trainers.mobile_vit_trainer | Ep [011/500] T-Acc:  56.6%  V-Acc:  53.5%  V-AUROC: 0.5493  LR: 1.00e-03
2026-08-02 18:44:46,670 | [FULL    ] | INFO | full_experiments_using.model_trainers.mobile_vit_trainer | Ep [012/500] T-Acc:  57.4%  V-Acc:  53.7%  V-AUROC: 0.5604  LR: 1.00e-03
2026-08-02 18:45:07,774 | [FULL    ] | INFO | full_experiments_using.model_trainers.mobile_vit_trainer | Ep [013/500] T-Acc:  57.0%  V-Acc:  54.8%  V-AUROC: 0.5654  LR: 1.00e-03
2026-08-02 18:45:28,910 | [FULL    ] | INFO | full_experiments_using.model_trainers.mobile_vit_trainer | Ep [014/500] T-Acc:  58.4%  V-Acc:  53.3%  V-AUROC: 0.5674  LR: 1.00e-03
2026-08-02 18:45:29,029 | [FULL    ] | INFO | full_experiments_using.model_trainers.mobile_vit_trainer |   ↳ new best AUROC; saved checkpoint: /home/oem/choihyunsu/VOGBasedMCIDetection/outputs/checkpoints/run_20260802_112625_full_wvote_artifact30_w0-5-10-10-0-15-30-30_4err/fold_22_best.pth
2026-08-02 18:45:50,089 | [FULL    ] | INFO | full_experiments_using.model_trainers.mobile_vit_trainer | Ep [015/500] T-Acc:  58.0%  V-Acc:  54.1%  V-AUROC: 0.5668  LR: 1.00e-03
2026-08-02 18:46:11,226 | [FULL    ] | INFO | full_experiments_using.model_trainers.mobile_vit_trainer | Ep [016/500] T-Acc:  59.3%  V-Acc:  53.4%  V-AUROC: 0.5621  LR: 1.00e-03
2026-08-02 18:46:32,363 | [FULL    ] | INFO | full_experiments_using.model_trainers.mobile_vit_trainer | Ep [017/500] T-Acc:  58.9%  V-Acc:  55.0%  V-AUROC: 0.5809  LR: 1.00e-03
2026-08-02 18:46:32,599 | [FULL    ] | INFO | full_experiments_using.model_trainers.mobile_vit_trainer |   ↳ new best AUROC; saved checkpoint: /home/oem/choihyunsu/VOGBasedMCIDetection/outputs/checkpoints/run_20260802_112625_full_wvote_artifact30_w0-5-10-10-0-15-30-30_4err/fold_22_best.pth
2026-08-02 18:46:53,685 | [FULL    ] | INFO | full_experiments_using.model_trainers.mobile_vit_trainer | Ep [018/500] T-Acc:  60.0%  V-Acc:  54.3%  V-AUROC: 0.5616  LR: 1.00e-03
2026-08-02 18:47:14,885 | [FULL    ] | INFO | full_experiments_using.model_trainers.mobile_vit_trainer | Ep [019/500] T-Acc:  59.0%  V-Acc:  53.6%  V-AUROC: 0.5640  LR: 1.00e-03
2026-08-02 18:47:36,090 | [FULL    ] | INFO | full_experiments_using.model_trainers.mobile_vit_trainer | Ep [020/500] T-Acc:  60.1%  V-Acc:  54.2%  V-AUROC: 0.5694  LR: 1.00e-03
2026-08-02 18:47:57,279 | [FULL    ] | INFO | full_experiments_using.model_trainers.mobile_vit_trainer | Ep [021/500] T-Acc:  60.9%  V-Acc:  53.9%  V-AUROC: 0.5668  LR: 1.00e-03
2026-08-02 18:48:18,493 | [FULL    ] | INFO | full_experiments_using.model_trainers.mobile_vit_trainer | Ep [022/500] T-Acc:  60.8%  V-Acc:  54.7%  V-AUROC: 0.5686  LR: 1.00e-03
2026-08-02 18:48:39,739 | [FULL    ] | INFO | full_experiments_using.model_trainers.mobile_vit_trainer | Ep [023/500] T-Acc:  61.5%  V-Acc:  53.3%  V-AUROC: 0.5650  LR: 1.00e-03
2026-08-02 18:49:00,864 | [FULL    ] | INFO | full_experiments_using.model_trainers.mobile_vit_trainer | Ep [024/500] T-Acc:  60.4%  V-Acc:  54.1%  V-AUROC: 0.5725  LR: 1.00e-03
2026-08-02 18:49:21,953 | [FULL    ] | INFO | full_experiments_using.model_trainers.mobile_vit_trainer | Ep [025/500] T-Acc:  60.4%  V-Acc:  53.6%  V-AUROC: 0.5697  LR: 1.00e-03
2026-08-02 18:49:43,166 | [FULL    ] | INFO | full_experiments_using.model_trainers.mobile_vit_trainer | Ep [026/500] T-Acc:  61.1%  V-Acc:  55.1%  V-AUROC: 0.5752  LR: 1.00e-03
2026-08-02 18:50:04,359 | [FULL    ] | INFO | full_experiments_using.model_trainers.mobile_vit_trainer | Ep [027/500] T-Acc:  60.9%  V-Acc:  53.0%  V-AUROC: 0.5565  LR: 1.00e-03
2026-08-02 18:50:23,901 | [FULL    ] | INFO | full_experiments_using.model_trainers.mobile_vit_trainer | Ep [028/500] T-Acc:  61.4%  V-Acc:  52.8%  V-AUROC: 0.5504  LR: 1.00e-03
2026-08-02 18:50:45,001 | [FULL    ] | INFO | full_experiments_using.model_trainers.mobile_vit_trainer | Ep [029/500] T-Acc:  61.9%  V-Acc:  52.9%  V-AUROC: 0.5564  LR: 2.00e-04
2026-08-02 18:51:04,164 | [FULL    ] | INFO | full_experiments_using.model_trainers.mobile_vit_trainer | Ep [030/500] T-Acc:  61.0%  V-Acc:  52.6%  V-AUROC: 0.5595  LR: 2.00e-04
2026-08-02 18:51:25,611 | [FULL    ] | INFO | full_experiments_using.model_trainers.mobile_vit_trainer | Ep [031/500] T-Acc:  62.6%  V-Acc:  53.4%  V-AUROC: 0.5583  LR: 2.00e-04
2026-08-02 18:51:46,809 | [FULL    ] | INFO | full_experiments_using.model_trainers.mobile_vit_trainer | Ep [032/500] T-Acc:  62.3%  V-Acc:  53.4%  V-AUROC: 0.5572  LR: 2.00e-04
2026-08-02 18:52:07,892 | [FULL    ] | INFO | full_experiments_using.model_trainers.mobile_vit_trainer | Ep [033/500] T-Acc:  62.5%  V-Acc:  52.8%  V-AUROC: 0.5557  LR: 2.00e-04
2026-08-02 18:52:29,053 | [FULL    ] | INFO | full_experiments_using.model_trainers.mobile_vit_trainer | Ep [034/500] T-Acc:  61.8%  V-Acc:  53.5%  V-AUROC: 0.5579  LR: 2.00e-04
2026-08-02 18:52:50,068 | [FULL    ] | INFO | full_experiments_using.model_trainers.mobile_vit_trainer | Ep [035/500] T-Acc:  63.3%  V-Acc:  52.8%  V-AUROC: 0.5558  LR: 2.00e-04
2026-08-02 18:53:11,174 | [FULL    ] | INFO | full_experiments_using.model_trainers.mobile_vit_trainer | Ep [036/500] T-Acc:  63.3%  V-Acc:  53.4%  V-AUROC: 0.5586  LR: 2.00e-04
2026-08-02 18:53:32,272 | [FULL    ] | INFO | full_experiments_using.model_trainers.mobile_vit_trainer | Ep [037/500] T-Acc:  61.2%  V-Acc:  52.8%  V-AUROC: 0.5557  LR: 2.00e-04
2026-08-02 18:53:53,320 | [FULL    ] | INFO | full_experiments_using.model_trainers.mobile_vit_trainer | Ep [038/500] T-Acc:  62.1%  V-Acc:  53.6%  V-AUROC: 0.5533  LR: 2.00e-04
2026-08-02 18:54:14,453 | [FULL    ] | INFO | full_experiments_using.model_trainers.mobile_vit_trainer | Ep [039/500] T-Acc:  62.2%  V-Acc:  53.1%  V-AUROC: 0.5560  LR: 2.00e-04
2026-08-02 18:54:35,492 | [FULL    ] | INFO | full_experiments_using.model_trainers.mobile_vit_trainer | Ep [040/500] T-Acc:  62.3%  V-Acc:  53.3%  V-AUROC: 0.5561  LR: 4.00e-05
2026-08-02 18:54:56,572 | [FULL    ] | INFO | full_experiments_using.model_trainers.mobile_vit_trainer | Ep [041/500] T-Acc:  63.3%  V-Acc:  53.2%  V-AUROC: 0.5557  LR: 4.00e-05
2026-08-02 18:55:17,526 | [FULL    ] | INFO | full_experiments_using.model_trainers.mobile_vit_trainer | Ep [042/500] T-Acc:  63.8%  V-Acc:  53.1%  V-AUROC: 0.5550  LR: 4.00e-05
2026-08-02 18:55:38,718 | [FULL    ] | INFO | full_experiments_using.model_trainers.mobile_vit_trainer | Ep [043/500] T-Acc:  63.7%  V-Acc:  53.4%  V-AUROC: 0.5554  LR: 4.00e-05
2026-08-02 18:55:59,926 | [FULL    ] | INFO | full_experiments_using.model_trainers.mobile_vit_trainer | Ep [044/500] T-Acc:  62.5%  V-Acc:  53.2%  V-AUROC: 0.5558  LR: 4.00e-05
2026-08-02 18:56:21,144 | [FULL    ] | INFO | full_experiments_using.model_trainers.mobile_vit_trainer | Ep [045/500] T-Acc:  62.9%  V-Acc:  53.3%  V-AUROC: 0.5538  LR: 4.00e-05
2026-08-02 18:56:42,399 | [FULL    ] | INFO | full_experiments_using.model_trainers.mobile_vit_trainer | Ep [046/500] T-Acc:  62.7%  V-Acc:  53.2%  V-AUROC: 0.5543  LR: 4.00e-05
2026-08-02 18:57:03,399 | [FULL    ] | INFO | full_experiments_using.model_trainers.mobile_vit_trainer | Ep [047/500] T-Acc:  63.6%  V-Acc:  53.1%  V-AUROC: 0.5532  LR: 4.00e-05
2026-08-02 18:57:03,431 | [FULL    ] | INFO | full_experiments_using.model_trainers.mobile_vit_trainer | Early stop — best AUROC 0.5809 at epoch 17 (no improvement for 30 epochs)
2026-08-02 18:57:03,431 | [FULL    ] | INFO | full_experiments_using.model_trainers.mobile_vit_trainer | Done. Best AUROC: 0.5809 (epoch 17) → /home/oem/choihyunsu/VOGBasedMCIDetection/outputs/checkpoints/run_20260802_112625_full_wvote_artifact30_w0-5-10-10-0-15-30-30_4err/fold_22_best.pth
2026-08-02 18:57:10,107 | [FULL    ] | INFO | full_experiments_using.evaluators.monte_carlo_evaluator | -> Fold 23 Result | Acc=0.727 Sens=0.714 Spec=0.750 AUROC=0.714
2026-08-02 18:57:10,114 | [FULL    ] | INFO | full_experiments_using.evaluators.monte_carlo_evaluator | === Fold 24/30 | train: 25 subj (HC=9 MCI=16) / 3900 win | test: 12 subj (HC=5 MCI=7) / 1815 win ===
2026-08-02 18:57:10,349 | [FULL    ] | INFO | httpx | HTTP Request: HEAD https://huggingface.co/apple/mobilevit-small/resolve/main/config.json "HTTP/1.1 307 Temporary Redirect"
2026-08-02 18:57:10,359 | [FULL    ] | INFO | httpx | HTTP Request: HEAD https://huggingface.co/api/resolve-cache/models/apple/mobilevit-small/6c8612545dc98676d27bc518fa521d9e9af23e34/config.json "HTTP/1.1 200 OK"
2026-08-02 18:57:10,596 | [FULL    ] | INFO | httpx | HTTP Request: HEAD https://huggingface.co/apple/mobilevit-small/resolve/main/model.safetensors "HTTP/1.1 404 Not Found"
2026-08-02 18:57:10,808 | [FULL    ] | INFO | httpx | HTTP Request: HEAD https://huggingface.co/apple/mobilevit-small/resolve/main/model.safetensors.index.json "HTTP/1.1 404 Not Found"
2026-08-02 18:57:11,019 | [FULL    ] | INFO | httpx | HTTP Request: HEAD https://huggingface.co/apple/mobilevit-small/resolve/main/pytorch_model.bin "HTTP/1.1 302 Found"
2026-08-02 18:57:11,225 | [FULL    ] | INFO | httpx | HTTP Request: HEAD https://huggingface.co/apple/mobilevit-small/resolve/main/model.safetensors "HTTP/1.1 404 Not Found"
2026-08-02 18:57:11,436 | [FULL    ] | INFO | httpx | HTTP Request: GET https://huggingface.co/api/models/apple/mobilevit-small "HTTP/1.1 200 OK"
2026-08-02 18:57:11,673 | [FULL    ] | INFO | httpx | HTTP Request: GET https://huggingface.co/api/models/apple/mobilevit-small/commits/main "HTTP/1.1 200 OK"
2026-08-02 18:57:11,899 | [FULL    ] | INFO | httpx | HTTP Request: GET https://huggingface.co/api/models/apple/mobilevit-small/discussions?p=0 "HTTP/1.1 200 OK"
2026-08-02 18:57:12,091 | [FULL    ] | INFO | full_experiments_using.model_trainers.mobile_vit_trainer | Device: cuda | max_epochs=500 | batch=32 | eval_batch=256 | es_patience=30
2026-08-02 18:57:12,096 | [FULL    ] | INFO | full_experiments_using.model_trainers.mobile_vit_trainer | CE weights — HC: 1.200  MCI: 0.857
2026-08-02 18:57:12,142 | [FULL    ] | INFO | httpx | HTTP Request: GET https://huggingface.co/api/models/apple/mobilevit-small/commits/refs%2Fpr%2F6 "HTTP/1.1 200 OK"
2026-08-02 18:57:12,352 | [FULL    ] | INFO | httpx | HTTP Request: HEAD https://huggingface.co/apple/mobilevit-small/resolve/refs%2Fpr%2F6/model.safetensors.index.json "HTTP/1.1 404 Not Found"
2026-08-02 18:57:12,562 | [FULL    ] | INFO | httpx | HTTP Request: HEAD https://huggingface.co/apple/mobilevit-small/resolve/refs%2Fpr%2F6/model.safetensors "HTTP/1.1 302 Found"
2026-08-02 18:57:39,168 | [FULL    ] | INFO | full_experiments_using.model_trainers.mobile_vit_trainer | Ep [001/500] T-Acc:  49.3%  V-Acc:  52.7%  V-AUROC: 0.5484  LR: 2.00e-04
2026-08-02 18:57:39,227 | [FULL    ] | INFO | full_experiments_using.model_trainers.mobile_vit_trainer |   ↳ new best AUROC; saved checkpoint: /home/oem/choihyunsu/VOGBasedMCIDetection/outputs/checkpoints/run_20260802_112625_full_wvote_artifact30_w0-5-10-10-0-15-30-30_4err/fold_23_best.pth
2026-08-02 18:58:00,639 | [FULL    ] | INFO | full_experiments_using.model_trainers.mobile_vit_trainer | Ep [002/500] T-Acc:  51.2%  V-Acc:  54.4%  V-AUROC: 0.5585  LR: 4.00e-04
2026-08-02 18:58:00,778 | [FULL    ] | INFO | full_experiments_using.model_trainers.mobile_vit_trainer |   ↳ new best AUROC; saved checkpoint: /home/oem/choihyunsu/VOGBasedMCIDetection/outputs/checkpoints/run_20260802_112625_full_wvote_artifact30_w0-5-10-10-0-15-30-30_4err/fold_23_best.pth
2026-08-02 18:58:22,180 | [FULL    ] | INFO | full_experiments_using.model_trainers.mobile_vit_trainer | Ep [003/500] T-Acc:  51.2%  V-Acc:  56.0%  V-AUROC: 0.5793  LR: 6.00e-04
2026-08-02 18:58:22,297 | [FULL    ] | INFO | full_experiments_using.model_trainers.mobile_vit_trainer |   ↳ new best AUROC; saved checkpoint: /home/oem/choihyunsu/VOGBasedMCIDetection/outputs/checkpoints/run_20260802_112625_full_wvote_artifact30_w0-5-10-10-0-15-30-30_4err/fold_23_best.pth
2026-08-02 18:58:43,554 | [FULL    ] | INFO | full_experiments_using.model_trainers.mobile_vit_trainer | Ep [004/500] T-Acc:  52.7%  V-Acc:  56.0%  V-AUROC: 0.5816  LR: 8.00e-04
2026-08-02 18:58:43,724 | [FULL    ] | INFO | full_experiments_using.model_trainers.mobile_vit_trainer |   ↳ new best AUROC; saved checkpoint: /home/oem/choihyunsu/VOGBasedMCIDetection/outputs/checkpoints/run_20260802_112625_full_wvote_artifact30_w0-5-10-10-0-15-30-30_4err/fold_23_best.pth
2026-08-02 18:59:04,864 | [FULL    ] | INFO | full_experiments_using.model_trainers.mobile_vit_trainer | Ep [005/500] T-Acc:  52.5%  V-Acc:  56.3%  V-AUROC: 0.5840  LR: 1.00e-03
2026-08-02 18:59:05,007 | [FULL    ] | INFO | full_experiments_using.model_trainers.mobile_vit_trainer |   ↳ new best AUROC; saved checkpoint: /home/oem/choihyunsu/VOGBasedMCIDetection/outputs/checkpoints/run_20260802_112625_full_wvote_artifact30_w0-5-10-10-0-15-30-30_4err/fold_23_best.pth
2026-08-02 18:59:24,220 | [FULL    ] | INFO | full_experiments_using.model_trainers.mobile_vit_trainer | Ep [006/500] T-Acc:  54.6%  V-Acc:  55.8%  V-AUROC: 0.5826  LR: 1.00e-03
2026-08-02 18:59:44,143 | [FULL    ] | INFO | full_experiments_using.model_trainers.mobile_vit_trainer | Ep [007/500] T-Acc:  55.0%  V-Acc:  56.4%  V-AUROC: 0.5820  LR: 1.00e-03
2026-08-02 19:00:04,381 | [FULL    ] | INFO | full_experiments_using.model_trainers.mobile_vit_trainer | Ep [008/500] T-Acc:  55.2%  V-Acc:  56.2%  V-AUROC: 0.5876  LR: 1.00e-03
2026-08-02 19:00:04,629 | [FULL    ] | INFO | full_experiments_using.model_trainers.mobile_vit_trainer |   ↳ new best AUROC; saved checkpoint: /home/oem/choihyunsu/VOGBasedMCIDetection/outputs/checkpoints/run_20260802_112625_full_wvote_artifact30_w0-5-10-10-0-15-30-30_4err/fold_23_best.pth
2026-08-02 19:00:25,833 | [FULL    ] | INFO | full_experiments_using.model_trainers.mobile_vit_trainer | Ep [009/500] T-Acc:  56.1%  V-Acc:  57.2%  V-AUROC: 0.5918  LR: 1.00e-03
2026-08-02 19:00:25,973 | [FULL    ] | INFO | full_experiments_using.model_trainers.mobile_vit_trainer |   ↳ new best AUROC; saved checkpoint: /home/oem/choihyunsu/VOGBasedMCIDetection/outputs/checkpoints/run_20260802_112625_full_wvote_artifact30_w0-5-10-10-0-15-30-30_4err/fold_23_best.pth
2026-08-02 19:00:47,278 | [FULL    ] | INFO | full_experiments_using.model_trainers.mobile_vit_trainer | Ep [010/500] T-Acc:  57.6%  V-Acc:  55.2%  V-AUROC: 0.5763  LR: 1.00e-03
2026-08-02 19:01:08,544 | [FULL    ] | INFO | full_experiments_using.model_trainers.mobile_vit_trainer | Ep [011/500] T-Acc:  56.4%  V-Acc:  56.4%  V-AUROC: 0.5794  LR: 1.00e-03
2026-08-02 19:01:29,714 | [FULL    ] | INFO | full_experiments_using.model_trainers.mobile_vit_trainer | Ep [012/500] T-Acc:  57.4%  V-Acc:  56.3%  V-AUROC: 0.5829  LR: 1.00e-03
2026-08-02 19:01:51,046 | [FULL    ] | INFO | full_experiments_using.model_trainers.mobile_vit_trainer | Ep [013/500] T-Acc:  56.4%  V-Acc:  56.9%  V-AUROC: 0.5799  LR: 1.00e-03
2026-08-02 19:02:12,182 | [FULL    ] | INFO | full_experiments_using.model_trainers.mobile_vit_trainer | Ep [014/500] T-Acc:  58.9%  V-Acc:  56.7%  V-AUROC: 0.5848  LR: 1.00e-03
2026-08-02 19:02:33,249 | [FULL    ] | INFO | full_experiments_using.model_trainers.mobile_vit_trainer | Ep [015/500] T-Acc:  58.8%  V-Acc:  56.0%  V-AUROC: 0.5708  LR: 1.00e-03
2026-08-02 19:02:54,478 | [FULL    ] | INFO | full_experiments_using.model_trainers.mobile_vit_trainer | Ep [016/500] T-Acc:  59.1%  V-Acc:  57.1%  V-AUROC: 0.5702  LR: 1.00e-03
2026-08-02 19:03:15,656 | [FULL    ] | INFO | full_experiments_using.model_trainers.mobile_vit_trainer | Ep [017/500] T-Acc:  58.1%  V-Acc:  56.7%  V-AUROC: 0.5702  LR: 1.00e-03
2026-08-02 19:03:36,848 | [FULL    ] | INFO | full_experiments_using.model_trainers.mobile_vit_trainer | Ep [018/500] T-Acc:  58.2%  V-Acc:  57.7%  V-AUROC: 0.5860  LR: 1.00e-03
2026-08-02 19:03:58,024 | [FULL    ] | INFO | full_experiments_using.model_trainers.mobile_vit_trainer | Ep [019/500] T-Acc:  58.5%  V-Acc:  57.0%  V-AUROC: 0.5787  LR: 1.00e-03
2026-08-02 19:04:19,302 | [FULL    ] | INFO | full_experiments_using.model_trainers.mobile_vit_trainer | Ep [020/500] T-Acc:  60.6%  V-Acc:  57.6%  V-AUROC: 0.5824  LR: 1.00e-03
2026-08-02 19:04:40,686 | [FULL    ] | INFO | full_experiments_using.model_trainers.mobile_vit_trainer | Ep [021/500] T-Acc:  59.5%  V-Acc:  56.8%  V-AUROC: 0.5791  LR: 2.00e-04
2026-08-02 19:05:02,140 | [FULL    ] | INFO | full_experiments_using.model_trainers.mobile_vit_trainer | Ep [022/500] T-Acc:  59.5%  V-Acc:  56.4%  V-AUROC: 0.5772  LR: 2.00e-04
2026-08-02 19:05:23,393 | [FULL    ] | INFO | full_experiments_using.model_trainers.mobile_vit_trainer | Ep [023/500] T-Acc:  60.5%  V-Acc:  56.5%  V-AUROC: 0.5794  LR: 2.00e-04
2026-08-02 19:05:44,761 | [FULL    ] | INFO | full_experiments_using.model_trainers.mobile_vit_trainer | Ep [024/500] T-Acc:  59.9%  V-Acc:  56.4%  V-AUROC: 0.5781  LR: 2.00e-04
2026-08-02 19:06:05,941 | [FULL    ] | INFO | full_experiments_using.model_trainers.mobile_vit_trainer | Ep [025/500] T-Acc:  59.5%  V-Acc:  56.0%  V-AUROC: 0.5779  LR: 2.00e-04
2026-08-02 19:06:27,148 | [FULL    ] | INFO | full_experiments_using.model_trainers.mobile_vit_trainer | Ep [026/500] T-Acc:  60.1%  V-Acc:  56.6%  V-AUROC: 0.5811  LR: 2.00e-04
2026-08-02 19:06:48,433 | [FULL    ] | INFO | full_experiments_using.model_trainers.mobile_vit_trainer | Ep [027/500] T-Acc:  60.8%  V-Acc:  56.6%  V-AUROC: 0.5794  LR: 2.00e-04
2026-08-02 19:07:09,542 | [FULL    ] | INFO | full_experiments_using.model_trainers.mobile_vit_trainer | Ep [028/500] T-Acc:  59.7%  V-Acc:  56.2%  V-AUROC: 0.5787  LR: 2.00e-04
2026-08-02 19:07:30,870 | [FULL    ] | INFO | full_experiments_using.model_trainers.mobile_vit_trainer | Ep [029/500] T-Acc:  59.8%  V-Acc:  56.5%  V-AUROC: 0.5810  LR: 2.00e-04
2026-08-02 19:07:52,132 | [FULL    ] | INFO | full_experiments_using.model_trainers.mobile_vit_trainer | Ep [030/500] T-Acc:  59.4%  V-Acc:  57.0%  V-AUROC: 0.5816  LR: 2.00e-04
2026-08-02 19:08:13,298 | [FULL    ] | INFO | full_experiments_using.model_trainers.mobile_vit_trainer | Ep [031/500] T-Acc:  59.7%  V-Acc:  56.6%  V-AUROC: 0.5781  LR: 2.00e-04
2026-08-02 19:08:34,623 | [FULL    ] | INFO | full_experiments_using.model_trainers.mobile_vit_trainer | Ep [032/500] T-Acc:  61.2%  V-Acc:  56.4%  V-AUROC: 0.5784  LR: 4.00e-05
2026-08-02 19:08:55,831 | [FULL    ] | INFO | full_experiments_using.model_trainers.mobile_vit_trainer | Ep [033/500] T-Acc:  61.0%  V-Acc:  56.2%  V-AUROC: 0.5788  LR: 4.00e-05
2026-08-02 19:09:16,976 | [FULL    ] | INFO | full_experiments_using.model_trainers.mobile_vit_trainer | Ep [034/500] T-Acc:  60.1%  V-Acc:  56.7%  V-AUROC: 0.5772  LR: 4.00e-05
2026-08-02 19:09:38,150 | [FULL    ] | INFO | full_experiments_using.model_trainers.mobile_vit_trainer | Ep [035/500] T-Acc:  60.3%  V-Acc:  56.4%  V-AUROC: 0.5781  LR: 4.00e-05
2026-08-02 19:09:59,420 | [FULL    ] | INFO | full_experiments_using.model_trainers.mobile_vit_trainer | Ep [036/500] T-Acc:  60.1%  V-Acc:  56.0%  V-AUROC: 0.5773  LR: 4.00e-05
2026-08-02 19:10:20,544 | [FULL    ] | INFO | full_experiments_using.model_trainers.mobile_vit_trainer | Ep [037/500] T-Acc:  61.1%  V-Acc:  56.3%  V-AUROC: 0.5784  LR: 4.00e-05
2026-08-02 19:10:41,612 | [FULL    ] | INFO | full_experiments_using.model_trainers.mobile_vit_trainer | Ep [038/500] T-Acc:  60.6%  V-Acc:  56.3%  V-AUROC: 0.5771  LR: 4.00e-05
2026-08-02 19:11:00,750 | [FULL    ] | INFO | full_experiments_using.model_trainers.mobile_vit_trainer | Ep [039/500] T-Acc:  61.0%  V-Acc:  56.4%  V-AUROC: 0.5783  LR: 4.00e-05
2026-08-02 19:11:00,750 | [FULL    ] | INFO | full_experiments_using.model_trainers.mobile_vit_trainer | Early stop — best AUROC 0.5918 at epoch 9 (no improvement for 30 epochs)
2026-08-02 19:11:00,750 | [FULL    ] | INFO | full_experiments_using.model_trainers.mobile_vit_trainer | Done. Best AUROC: 0.5918 (epoch 9) → /home/oem/choihyunsu/VOGBasedMCIDetection/outputs/checkpoints/run_20260802_112625_full_wvote_artifact30_w0-5-10-10-0-15-30-30_4err/fold_23_best.pth
2026-08-02 19:11:06,902 | [FULL    ] | INFO | full_experiments_using.evaluators.monte_carlo_evaluator | -> Fold 24 Result | Acc=0.700 Sens=0.833 Spec=0.500 AUROC=0.750
2026-08-02 19:11:06,909 | [FULL    ] | INFO | full_experiments_using.evaluators.monte_carlo_evaluator | === Fold 25/30 | train: 25 subj (HC=10 MCI=15) / 3799 win | test: 12 subj (HC=4 MCI=8) / 1916 win ===
2026-08-02 19:11:07,121 | [FULL    ] | INFO | httpx | HTTP Request: HEAD https://huggingface.co/apple/mobilevit-small/resolve/main/config.json "HTTP/1.1 307 Temporary Redirect"
2026-08-02 19:11:07,133 | [FULL    ] | INFO | httpx | HTTP Request: HEAD https://huggingface.co/api/resolve-cache/models/apple/mobilevit-small/6c8612545dc98676d27bc518fa521d9e9af23e34/config.json "HTTP/1.1 200 OK"
2026-08-02 19:11:07,395 | [FULL    ] | INFO | httpx | HTTP Request: HEAD https://huggingface.co/apple/mobilevit-small/resolve/main/model.safetensors "HTTP/1.1 404 Not Found"
2026-08-02 19:11:07,609 | [FULL    ] | INFO | httpx | HTTP Request: HEAD https://huggingface.co/apple/mobilevit-small/resolve/main/model.safetensors.index.json "HTTP/1.1 404 Not Found"
2026-08-02 19:11:07,826 | [FULL    ] | INFO | httpx | HTTP Request: HEAD https://huggingface.co/apple/mobilevit-small/resolve/main/pytorch_model.bin "HTTP/1.1 302 Found"
2026-08-02 19:11:08,030 | [FULL    ] | INFO | httpx | HTTP Request: HEAD https://huggingface.co/apple/mobilevit-small/resolve/main/model.safetensors "HTTP/1.1 404 Not Found"
2026-08-02 19:11:08,248 | [FULL    ] | INFO | httpx | HTTP Request: GET https://huggingface.co/api/models/apple/mobilevit-small "HTTP/1.1 200 OK"
2026-08-02 19:11:08,527 | [FULL    ] | INFO | httpx | HTTP Request: GET https://huggingface.co/api/models/apple/mobilevit-small/commits/main "HTTP/1.1 200 OK"
2026-08-02 19:11:08,740 | [FULL    ] | INFO | httpx | HTTP Request: GET https://huggingface.co/api/models/apple/mobilevit-small/discussions?p=0 "HTTP/1.1 200 OK"
2026-08-02 19:11:08,999 | [FULL    ] | INFO | httpx | HTTP Request: GET https://huggingface.co/api/models/apple/mobilevit-small/commits/refs%2Fpr%2F6 "HTTP/1.1 200 OK"
2026-08-02 19:11:09,171 | [FULL    ] | INFO | full_experiments_using.model_trainers.mobile_vit_trainer | Device: cuda | max_epochs=500 | batch=32 | eval_batch=256 | es_patience=30
2026-08-02 19:11:09,186 | [FULL    ] | INFO | full_experiments_using.model_trainers.mobile_vit_trainer | CE weights — HC: 1.076  MCI: 0.934
2026-08-02 19:11:09,201 | [FULL    ] | INFO | httpx | HTTP Request: HEAD https://huggingface.co/apple/mobilevit-small/resolve/refs%2Fpr%2F6/model.safetensors.index.json "HTTP/1.1 404 Not Found"
2026-08-02 19:11:09,404 | [FULL    ] | INFO | httpx | HTTP Request: HEAD https://huggingface.co/apple/mobilevit-small/resolve/refs%2Fpr%2F6/model.safetensors "HTTP/1.1 302 Found"
2026-08-02 19:11:38,937 | [FULL    ] | INFO | full_experiments_using.model_trainers.mobile_vit_trainer | Ep [001/500] T-Acc:  51.1%  V-Acc:  49.3%  V-AUROC: 0.5099  LR: 2.00e-04
2026-08-02 19:11:38,992 | [FULL    ] | INFO | full_experiments_using.model_trainers.mobile_vit_trainer |   ↳ new best AUROC; saved checkpoint: /home/oem/choihyunsu/VOGBasedMCIDetection/outputs/checkpoints/run_20260802_112625_full_wvote_artifact30_w0-5-10-10-0-15-30-30_4err/fold_24_best.pth
2026-08-02 19:11:59,857 | [FULL    ] | INFO | full_experiments_using.model_trainers.mobile_vit_trainer | Ep [002/500] T-Acc:  50.9%  V-Acc:  49.8%  V-AUROC: 0.5221  LR: 4.00e-04
2026-08-02 19:11:59,961 | [FULL    ] | INFO | full_experiments_using.model_trainers.mobile_vit_trainer |   ↳ new best AUROC; saved checkpoint: /home/oem/choihyunsu/VOGBasedMCIDetection/outputs/checkpoints/run_20260802_112625_full_wvote_artifact30_w0-5-10-10-0-15-30-30_4err/fold_24_best.pth
2026-08-02 19:12:20,874 | [FULL    ] | INFO | full_experiments_using.model_trainers.mobile_vit_trainer | Ep [003/500] T-Acc:  52.4%  V-Acc:  53.8%  V-AUROC: 0.5447  LR: 6.00e-04
2026-08-02 19:12:20,994 | [FULL    ] | INFO | full_experiments_using.model_trainers.mobile_vit_trainer |   ↳ new best AUROC; saved checkpoint: /home/oem/choihyunsu/VOGBasedMCIDetection/outputs/checkpoints/run_20260802_112625_full_wvote_artifact30_w0-5-10-10-0-15-30-30_4err/fold_24_best.pth
2026-08-02 19:12:41,968 | [FULL    ] | INFO | full_experiments_using.model_trainers.mobile_vit_trainer | Ep [004/500] T-Acc:  53.2%  V-Acc:  52.8%  V-AUROC: 0.5604  LR: 8.00e-04
2026-08-02 19:12:42,072 | [FULL    ] | INFO | full_experiments_using.model_trainers.mobile_vit_trainer |   ↳ new best AUROC; saved checkpoint: /home/oem/choihyunsu/VOGBasedMCIDetection/outputs/checkpoints/run_20260802_112625_full_wvote_artifact30_w0-5-10-10-0-15-30-30_4err/fold_24_best.pth
2026-08-02 19:13:02,981 | [FULL    ] | INFO | full_experiments_using.model_trainers.mobile_vit_trainer | Ep [005/500] T-Acc:  53.4%  V-Acc:  55.7%  V-AUROC: 0.5668  LR: 1.00e-03
2026-08-02 19:13:03,098 | [FULL    ] | INFO | full_experiments_using.model_trainers.mobile_vit_trainer |   ↳ new best AUROC; saved checkpoint: /home/oem/choihyunsu/VOGBasedMCIDetection/outputs/checkpoints/run_20260802_112625_full_wvote_artifact30_w0-5-10-10-0-15-30-30_4err/fold_24_best.pth
2026-08-02 19:13:23,750 | [FULL    ] | INFO | full_experiments_using.model_trainers.mobile_vit_trainer | Ep [006/500] T-Acc:  54.3%  V-Acc:  52.7%  V-AUROC: 0.5762  LR: 1.00e-03
2026-08-02 19:13:23,864 | [FULL    ] | INFO | full_experiments_using.model_trainers.mobile_vit_trainer |   ↳ new best AUROC; saved checkpoint: /home/oem/choihyunsu/VOGBasedMCIDetection/outputs/checkpoints/run_20260802_112625_full_wvote_artifact30_w0-5-10-10-0-15-30-30_4err/fold_24_best.pth
2026-08-02 19:13:44,669 | [FULL    ] | INFO | full_experiments_using.model_trainers.mobile_vit_trainer | Ep [007/500] T-Acc:  54.4%  V-Acc:  55.1%  V-AUROC: 0.5947  LR: 1.00e-03
2026-08-02 19:13:44,784 | [FULL    ] | INFO | full_experiments_using.model_trainers.mobile_vit_trainer |   ↳ new best AUROC; saved checkpoint: /home/oem/choihyunsu/VOGBasedMCIDetection/outputs/checkpoints/run_20260802_112625_full_wvote_artifact30_w0-5-10-10-0-15-30-30_4err/fold_24_best.pth
2026-08-02 19:14:05,597 | [FULL    ] | INFO | full_experiments_using.model_trainers.mobile_vit_trainer | Ep [008/500] T-Acc:  53.4%  V-Acc:  55.7%  V-AUROC: 0.5949  LR: 1.00e-03
2026-08-02 19:14:05,714 | [FULL    ] | INFO | full_experiments_using.model_trainers.mobile_vit_trainer |   ↳ new best AUROC; saved checkpoint: /home/oem/choihyunsu/VOGBasedMCIDetection/outputs/checkpoints/run_20260802_112625_full_wvote_artifact30_w0-5-10-10-0-15-30-30_4err/fold_24_best.pth
2026-08-02 19:14:26,678 | [FULL    ] | INFO | full_experiments_using.model_trainers.mobile_vit_trainer | Ep [009/500] T-Acc:  55.9%  V-Acc:  56.8%  V-AUROC: 0.6030  LR: 1.00e-03
2026-08-02 19:14:26,779 | [FULL    ] | INFO | full_experiments_using.model_trainers.mobile_vit_trainer |   ↳ new best AUROC; saved checkpoint: /home/oem/choihyunsu/VOGBasedMCIDetection/outputs/checkpoints/run_20260802_112625_full_wvote_artifact30_w0-5-10-10-0-15-30-30_4err/fold_24_best.pth
2026-08-02 19:14:47,790 | [FULL    ] | INFO | full_experiments_using.model_trainers.mobile_vit_trainer | Ep [010/500] T-Acc:  56.3%  V-Acc:  55.8%  V-AUROC: 0.6107  LR: 1.00e-03
2026-08-02 19:14:47,903 | [FULL    ] | INFO | full_experiments_using.model_trainers.mobile_vit_trainer |   ↳ new best AUROC; saved checkpoint: /home/oem/choihyunsu/VOGBasedMCIDetection/outputs/checkpoints/run_20260802_112625_full_wvote_artifact30_w0-5-10-10-0-15-30-30_4err/fold_24_best.pth
2026-08-02 19:15:08,933 | [FULL    ] | INFO | full_experiments_using.model_trainers.mobile_vit_trainer | Ep [011/500] T-Acc:  57.3%  V-Acc:  54.4%  V-AUROC: 0.5852  LR: 1.00e-03
2026-08-02 19:15:29,791 | [FULL    ] | INFO | full_experiments_using.model_trainers.mobile_vit_trainer | Ep [012/500] T-Acc:  58.6%  V-Acc:  55.7%  V-AUROC: 0.5961  LR: 1.00e-03
2026-08-02 19:15:50,851 | [FULL    ] | INFO | full_experiments_using.model_trainers.mobile_vit_trainer | Ep [013/500] T-Acc:  56.2%  V-Acc:  54.0%  V-AUROC: 0.5868  LR: 1.00e-03
2026-08-02 19:16:11,656 | [FULL    ] | INFO | full_experiments_using.model_trainers.mobile_vit_trainer | Ep [014/500] T-Acc:  57.6%  V-Acc:  55.5%  V-AUROC: 0.6054  LR: 1.00e-03
2026-08-02 19:16:32,737 | [FULL    ] | INFO | full_experiments_using.model_trainers.mobile_vit_trainer | Ep [015/500] T-Acc:  58.2%  V-Acc:  54.5%  V-AUROC: 0.6011  LR: 1.00e-03
2026-08-02 19:16:53,667 | [FULL    ] | INFO | full_experiments_using.model_trainers.mobile_vit_trainer | Ep [016/500] T-Acc:  59.5%  V-Acc:  54.8%  V-AUROC: 0.5915  LR: 1.00e-03
2026-08-02 19:17:14,716 | [FULL    ] | INFO | full_experiments_using.model_trainers.mobile_vit_trainer | Ep [017/500] T-Acc:  57.9%  V-Acc:  55.1%  V-AUROC: 0.5963  LR: 1.00e-03
2026-08-02 19:17:35,701 | [FULL    ] | INFO | full_experiments_using.model_trainers.mobile_vit_trainer | Ep [018/500] T-Acc:  59.0%  V-Acc:  54.0%  V-AUROC: 0.5935  LR: 1.00e-03
2026-08-02 19:17:56,611 | [FULL    ] | INFO | full_experiments_using.model_trainers.mobile_vit_trainer | Ep [019/500] T-Acc:  57.7%  V-Acc:  54.6%  V-AUROC: 0.5907  LR: 1.00e-03
2026-08-02 19:18:17,735 | [FULL    ] | INFO | full_experiments_using.model_trainers.mobile_vit_trainer | Ep [020/500] T-Acc:  58.4%  V-Acc:  55.6%  V-AUROC: 0.6097  LR: 1.00e-03
2026-08-02 19:18:38,556 | [FULL    ] | INFO | full_experiments_using.model_trainers.mobile_vit_trainer | Ep [021/500] T-Acc:  58.5%  V-Acc:  53.7%  V-AUROC: 0.5954  LR: 1.00e-03
2026-08-02 19:18:59,491 | [FULL    ] | INFO | full_experiments_using.model_trainers.mobile_vit_trainer | Ep [022/500] T-Acc:  59.9%  V-Acc:  55.1%  V-AUROC: 0.5965  LR: 2.00e-04
2026-08-02 19:19:20,416 | [FULL    ] | INFO | full_experiments_using.model_trainers.mobile_vit_trainer | Ep [023/500] T-Acc:  60.1%  V-Acc:  55.8%  V-AUROC: 0.5972  LR: 2.00e-04
2026-08-02 19:19:41,305 | [FULL    ] | INFO | full_experiments_using.model_trainers.mobile_vit_trainer | Ep [024/500] T-Acc:  60.1%  V-Acc:  55.1%  V-AUROC: 0.5966  LR: 2.00e-04
2026-08-02 19:20:02,312 | [FULL    ] | INFO | full_experiments_using.model_trainers.mobile_vit_trainer | Ep [025/500] T-Acc:  60.3%  V-Acc:  54.4%  V-AUROC: 0.5973  LR: 2.00e-04
2026-08-02 19:20:23,229 | [FULL    ] | INFO | full_experiments_using.model_trainers.mobile_vit_trainer | Ep [026/500] T-Acc:  60.1%  V-Acc:  54.2%  V-AUROC: 0.5988  LR: 2.00e-04
2026-08-02 19:20:44,182 | [FULL    ] | INFO | full_experiments_using.model_trainers.mobile_vit_trainer | Ep [027/500] T-Acc:  60.8%  V-Acc:  54.4%  V-AUROC: 0.5999  LR: 2.00e-04
2026-08-02 19:21:05,308 | [FULL    ] | INFO | full_experiments_using.model_trainers.mobile_vit_trainer | Ep [028/500] T-Acc:  60.9%  V-Acc:  53.8%  V-AUROC: 0.5968  LR: 2.00e-04
2026-08-02 19:21:26,253 | [FULL    ] | INFO | full_experiments_using.model_trainers.mobile_vit_trainer | Ep [029/500] T-Acc:  62.0%  V-Acc:  54.1%  V-AUROC: 0.6010  LR: 2.00e-04
2026-08-02 19:21:47,134 | [FULL    ] | INFO | full_experiments_using.model_trainers.mobile_vit_trainer | Ep [030/500] T-Acc:  61.0%  V-Acc:  55.3%  V-AUROC: 0.6016  LR: 2.00e-04
2026-08-02 19:22:08,118 | [FULL    ] | INFO | full_experiments_using.model_trainers.mobile_vit_trainer | Ep [031/500] T-Acc:  61.3%  V-Acc:  54.1%  V-AUROC: 0.5978  LR: 2.00e-04
2026-08-02 19:22:29,132 | [FULL    ] | INFO | full_experiments_using.model_trainers.mobile_vit_trainer | Ep [032/500] T-Acc:  60.2%  V-Acc:  54.4%  V-AUROC: 0.5976  LR: 2.00e-04
2026-08-02 19:22:50,014 | [FULL    ] | INFO | full_experiments_using.model_trainers.mobile_vit_trainer | Ep [033/500] T-Acc:  60.6%  V-Acc:  55.1%  V-AUROC: 0.6001  LR: 4.00e-05
2026-08-02 19:23:08,970 | [FULL    ] | INFO | full_experiments_using.model_trainers.mobile_vit_trainer | Ep [034/500] T-Acc:  60.7%  V-Acc:  55.2%  V-AUROC: 0.6001  LR: 4.00e-05
2026-08-02 19:23:29,472 | [FULL    ] | INFO | full_experiments_using.model_trainers.mobile_vit_trainer | Ep [035/500] T-Acc:  60.8%  V-Acc:  54.6%  V-AUROC: 0.6006  LR: 4.00e-05
2026-08-02 19:23:48,222 | [FULL    ] | INFO | full_experiments_using.model_trainers.mobile_vit_trainer | Ep [036/500] T-Acc:  61.0%  V-Acc:  54.1%  V-AUROC: 0.6005  LR: 4.00e-05
2026-08-02 19:24:09,212 | [FULL    ] | INFO | full_experiments_using.model_trainers.mobile_vit_trainer | Ep [037/500] T-Acc:  61.5%  V-Acc:  54.3%  V-AUROC: 0.6010  LR: 4.00e-05
2026-08-02 19:24:30,148 | [FULL    ] | INFO | full_experiments_using.model_trainers.mobile_vit_trainer | Ep [038/500] T-Acc:  61.1%  V-Acc:  55.0%  V-AUROC: 0.6000  LR: 4.00e-05
2026-08-02 19:24:50,996 | [FULL    ] | INFO | full_experiments_using.model_trainers.mobile_vit_trainer | Ep [039/500] T-Acc:  61.7%  V-Acc:  55.2%  V-AUROC: 0.6007  LR: 4.00e-05
2026-08-02 19:25:11,939 | [FULL    ] | INFO | full_experiments_using.model_trainers.mobile_vit_trainer | Ep [040/500] T-Acc:  61.3%  V-Acc:  55.3%  V-AUROC: 0.6015  LR: 4.00e-05
2026-08-02 19:25:11,939 | [FULL    ] | INFO | full_experiments_using.model_trainers.mobile_vit_trainer | Early stop — best AUROC 0.6107 at epoch 10 (no improvement for 30 epochs)
2026-08-02 19:25:11,939 | [FULL    ] | INFO | full_experiments_using.model_trainers.mobile_vit_trainer | Done. Best AUROC: 0.6107 (epoch 10) → /home/oem/choihyunsu/VOGBasedMCIDetection/outputs/checkpoints/run_20260802_112625_full_wvote_artifact30_w0-5-10-10-0-15-30-30_4err/fold_24_best.pth
2026-08-02 19:25:19,167 | [FULL    ] | INFO | full_experiments_using.evaluators.monte_carlo_evaluator | -> Fold 25 Result | Acc=0.727 Sens=0.714 Spec=0.750 AUROC=0.821
2026-08-02 19:25:19,174 | [FULL    ] | INFO | full_experiments_using.evaluators.monte_carlo_evaluator | === Fold 26/30 | train: 25 subj (HC=8 MCI=17) / 3669 win | test: 12 subj (HC=6 MCI=6) / 2046 win ===
2026-08-02 19:25:19,410 | [FULL    ] | INFO | httpx | HTTP Request: HEAD https://huggingface.co/apple/mobilevit-small/resolve/main/config.json "HTTP/1.1 307 Temporary Redirect"
2026-08-02 19:25:19,428 | [FULL    ] | INFO | httpx | HTTP Request: HEAD https://huggingface.co/api/resolve-cache/models/apple/mobilevit-small/6c8612545dc98676d27bc518fa521d9e9af23e34/config.json "HTTP/1.1 200 OK"
2026-08-02 19:25:19,691 | [FULL    ] | INFO | httpx | HTTP Request: HEAD https://huggingface.co/apple/mobilevit-small/resolve/main/model.safetensors "HTTP/1.1 404 Not Found"
2026-08-02 19:25:19,895 | [FULL    ] | INFO | httpx | HTTP Request: HEAD https://huggingface.co/apple/mobilevit-small/resolve/main/model.safetensors.index.json "HTTP/1.1 404 Not Found"
2026-08-02 19:25:20,114 | [FULL    ] | INFO | httpx | HTTP Request: HEAD https://huggingface.co/apple/mobilevit-small/resolve/main/pytorch_model.bin "HTTP/1.1 302 Found"
2026-08-02 19:25:20,320 | [FULL    ] | INFO | httpx | HTTP Request: HEAD https://huggingface.co/apple/mobilevit-small/resolve/main/model.safetensors "HTTP/1.1 404 Not Found"
2026-08-02 19:25:20,527 | [FULL    ] | INFO | httpx | HTTP Request: GET https://huggingface.co/api/models/apple/mobilevit-small "HTTP/1.1 200 OK"
2026-08-02 19:25:20,744 | [FULL    ] | INFO | httpx | HTTP Request: GET https://huggingface.co/api/models/apple/mobilevit-small/commits/main "HTTP/1.1 200 OK"
2026-08-02 19:25:20,998 | [FULL    ] | INFO | httpx | HTTP Request: GET https://huggingface.co/api/models/apple/mobilevit-small/discussions?p=0 "HTTP/1.1 200 OK"
2026-08-02 19:25:21,225 | [FULL    ] | INFO | httpx | HTTP Request: GET https://huggingface.co/api/models/apple/mobilevit-small/commits/refs%2Fpr%2F6 "HTTP/1.1 200 OK"
2026-08-02 19:25:21,435 | [FULL    ] | INFO | httpx | HTTP Request: HEAD https://huggingface.co/apple/mobilevit-small/resolve/refs%2Fpr%2F6/model.safetensors.index.json "HTTP/1.1 404 Not Found"
2026-08-02 19:25:21,649 | [FULL    ] | INFO | httpx | HTTP Request: HEAD https://huggingface.co/apple/mobilevit-small/resolve/refs%2Fpr%2F6/model.safetensors "HTTP/1.1 302 Found"
2026-08-02 19:25:21,822 | [FULL    ] | INFO | full_experiments_using.model_trainers.mobile_vit_trainer | Device: cuda | max_epochs=500 | batch=32 | eval_batch=256 | es_patience=30
2026-08-02 19:25:21,826 | [FULL    ] | INFO | full_experiments_using.model_trainers.mobile_vit_trainer | CE weights — HC: 1.331  MCI: 0.801
2026-08-02 19:25:56,854 | [FULL    ] | INFO | full_experiments_using.model_trainers.mobile_vit_trainer | Ep [001/500] T-Acc:  50.8%  V-Acc:  49.5%  V-AUROC: 0.5177  LR: 2.00e-04
2026-08-02 19:25:56,913 | [FULL    ] | INFO | full_experiments_using.model_trainers.mobile_vit_trainer |   ↳ new best AUROC; saved checkpoint: /home/oem/choihyunsu/VOGBasedMCIDetection/outputs/checkpoints/run_20260802_112625_full_wvote_artifact30_w0-5-10-10-0-15-30-30_4err/fold_25_best.pth
2026-08-02 19:26:17,575 | [FULL    ] | INFO | full_experiments_using.model_trainers.mobile_vit_trainer | Ep [002/500] T-Acc:  51.7%  V-Acc:  50.6%  V-AUROC: 0.5235  LR: 4.00e-04
2026-08-02 19:26:17,651 | [FULL    ] | INFO | full_experiments_using.model_trainers.mobile_vit_trainer |   ↳ new best AUROC; saved checkpoint: /home/oem/choihyunsu/VOGBasedMCIDetection/outputs/checkpoints/run_20260802_112625_full_wvote_artifact30_w0-5-10-10-0-15-30-30_4err/fold_25_best.pth
2026-08-02 19:26:38,238 | [FULL    ] | INFO | full_experiments_using.model_trainers.mobile_vit_trainer | Ep [003/500] T-Acc:  51.9%  V-Acc:  51.7%  V-AUROC: 0.5342  LR: 6.00e-04
2026-08-02 19:26:38,356 | [FULL    ] | INFO | full_experiments_using.model_trainers.mobile_vit_trainer |   ↳ new best AUROC; saved checkpoint: /home/oem/choihyunsu/VOGBasedMCIDetection/outputs/checkpoints/run_20260802_112625_full_wvote_artifact30_w0-5-10-10-0-15-30-30_4err/fold_25_best.pth
2026-08-02 19:26:58,963 | [FULL    ] | INFO | full_experiments_using.model_trainers.mobile_vit_trainer | Ep [004/500] T-Acc:  52.9%  V-Acc:  52.0%  V-AUROC: 0.5324  LR: 8.00e-04
2026-08-02 19:27:19,443 | [FULL    ] | INFO | full_experiments_using.model_trainers.mobile_vit_trainer | Ep [005/500] T-Acc:  53.6%  V-Acc:  52.4%  V-AUROC: 0.5460  LR: 1.00e-03
2026-08-02 19:27:19,560 | [FULL    ] | INFO | full_experiments_using.model_trainers.mobile_vit_trainer |   ↳ new best AUROC; saved checkpoint: /home/oem/choihyunsu/VOGBasedMCIDetection/outputs/checkpoints/run_20260802_112625_full_wvote_artifact30_w0-5-10-10-0-15-30-30_4err/fold_25_best.pth
2026-08-02 19:27:40,036 | [FULL    ] | INFO | full_experiments_using.model_trainers.mobile_vit_trainer | Ep [006/500] T-Acc:  54.4%  V-Acc:  54.9%  V-AUROC: 0.5536  LR: 1.00e-03
2026-08-02 19:27:40,148 | [FULL    ] | INFO | full_experiments_using.model_trainers.mobile_vit_trainer |   ↳ new best AUROC; saved checkpoint: /home/oem/choihyunsu/VOGBasedMCIDetection/outputs/checkpoints/run_20260802_112625_full_wvote_artifact30_w0-5-10-10-0-15-30-30_4err/fold_25_best.pth
2026-08-02 19:28:00,764 | [FULL    ] | INFO | full_experiments_using.model_trainers.mobile_vit_trainer | Ep [007/500] T-Acc:  54.6%  V-Acc:  54.1%  V-AUROC: 0.5582  LR: 1.00e-03
2026-08-02 19:28:00,880 | [FULL    ] | INFO | full_experiments_using.model_trainers.mobile_vit_trainer |   ↳ new best AUROC; saved checkpoint: /home/oem/choihyunsu/VOGBasedMCIDetection/outputs/checkpoints/run_20260802_112625_full_wvote_artifact30_w0-5-10-10-0-15-30-30_4err/fold_25_best.pth
2026-08-02 19:28:21,169 | [FULL    ] | INFO | full_experiments_using.model_trainers.mobile_vit_trainer | Ep [008/500] T-Acc:  56.1%  V-Acc:  56.1%  V-AUROC: 0.5724  LR: 1.00e-03
2026-08-02 19:28:21,286 | [FULL    ] | INFO | full_experiments_using.model_trainers.mobile_vit_trainer |   ↳ new best AUROC; saved checkpoint: /home/oem/choihyunsu/VOGBasedMCIDetection/outputs/checkpoints/run_20260802_112625_full_wvote_artifact30_w0-5-10-10-0-15-30-30_4err/fold_25_best.pth
2026-08-02 19:28:41,698 | [FULL    ] | INFO | full_experiments_using.model_trainers.mobile_vit_trainer | Ep [009/500] T-Acc:  55.6%  V-Acc:  55.7%  V-AUROC: 0.5742  LR: 1.00e-03
2026-08-02 19:28:41,820 | [FULL    ] | INFO | full_experiments_using.model_trainers.mobile_vit_trainer |   ↳ new best AUROC; saved checkpoint: /home/oem/choihyunsu/VOGBasedMCIDetection/outputs/checkpoints/run_20260802_112625_full_wvote_artifact30_w0-5-10-10-0-15-30-30_4err/fold_25_best.pth
2026-08-02 19:29:02,293 | [FULL    ] | INFO | full_experiments_using.model_trainers.mobile_vit_trainer | Ep [010/500] T-Acc:  55.7%  V-Acc:  56.0%  V-AUROC: 0.5705  LR: 1.00e-03
2026-08-02 19:29:22,808 | [FULL    ] | INFO | full_experiments_using.model_trainers.mobile_vit_trainer | Ep [011/500] T-Acc:  57.1%  V-Acc:  55.4%  V-AUROC: 0.5790  LR: 1.00e-03
2026-08-02 19:29:22,924 | [FULL    ] | INFO | full_experiments_using.model_trainers.mobile_vit_trainer |   ↳ new best AUROC; saved checkpoint: /home/oem/choihyunsu/VOGBasedMCIDetection/outputs/checkpoints/run_20260802_112625_full_wvote_artifact30_w0-5-10-10-0-15-30-30_4err/fold_25_best.pth
2026-08-02 19:29:42,034 | [FULL    ] | INFO | full_experiments_using.model_trainers.mobile_vit_trainer | Ep [012/500] T-Acc:  57.0%  V-Acc:  55.2%  V-AUROC: 0.5837  LR: 1.00e-03
2026-08-02 19:29:42,164 | [FULL    ] | INFO | full_experiments_using.model_trainers.mobile_vit_trainer |   ↳ new best AUROC; saved checkpoint: /home/oem/choihyunsu/VOGBasedMCIDetection/outputs/checkpoints/run_20260802_112625_full_wvote_artifact30_w0-5-10-10-0-15-30-30_4err/fold_25_best.pth
2026-08-02 19:30:02,699 | [FULL    ] | INFO | full_experiments_using.model_trainers.mobile_vit_trainer | Ep [013/500] T-Acc:  56.2%  V-Acc:  57.1%  V-AUROC: 0.5880  LR: 1.00e-03
2026-08-02 19:30:02,801 | [FULL    ] | INFO | full_experiments_using.model_trainers.mobile_vit_trainer |   ↳ new best AUROC; saved checkpoint: /home/oem/choihyunsu/VOGBasedMCIDetection/outputs/checkpoints/run_20260802_112625_full_wvote_artifact30_w0-5-10-10-0-15-30-30_4err/fold_25_best.pth
2026-08-02 19:30:20,828 | [FULL    ] | INFO | full_experiments_using.model_trainers.mobile_vit_trainer | Ep [014/500] T-Acc:  58.3%  V-Acc:  57.1%  V-AUROC: 0.5863  LR: 1.00e-03
2026-08-02 19:30:41,047 | [FULL    ] | INFO | full_experiments_using.model_trainers.mobile_vit_trainer | Ep [015/500] T-Acc:  56.4%  V-Acc:  57.8%  V-AUROC: 0.5904  LR: 1.00e-03
2026-08-02 19:30:41,169 | [FULL    ] | INFO | full_experiments_using.model_trainers.mobile_vit_trainer |   ↳ new best AUROC; saved checkpoint: /home/oem/choihyunsu/VOGBasedMCIDetection/outputs/checkpoints/run_20260802_112625_full_wvote_artifact30_w0-5-10-10-0-15-30-30_4err/fold_25_best.pth
2026-08-02 19:31:01,579 | [FULL    ] | INFO | full_experiments_using.model_trainers.mobile_vit_trainer | Ep [016/500] T-Acc:  57.2%  V-Acc:  55.8%  V-AUROC: 0.5871  LR: 1.00e-03
2026-08-02 19:31:21,971 | [FULL    ] | INFO | full_experiments_using.model_trainers.mobile_vit_trainer | Ep [017/500] T-Acc:  57.4%  V-Acc:  57.8%  V-AUROC: 0.5907  LR: 1.00e-03
2026-08-02 19:31:22,087 | [FULL    ] | INFO | full_experiments_using.model_trainers.mobile_vit_trainer |   ↳ new best AUROC; saved checkpoint: /home/oem/choihyunsu/VOGBasedMCIDetection/outputs/checkpoints/run_20260802_112625_full_wvote_artifact30_w0-5-10-10-0-15-30-30_4err/fold_25_best.pth
2026-08-02 19:31:42,451 | [FULL    ] | INFO | full_experiments_using.model_trainers.mobile_vit_trainer | Ep [018/500] T-Acc:  58.0%  V-Acc:  56.8%  V-AUROC: 0.5981  LR: 1.00e-03
2026-08-02 19:31:42,573 | [FULL    ] | INFO | full_experiments_using.model_trainers.mobile_vit_trainer |   ↳ new best AUROC; saved checkpoint: /home/oem/choihyunsu/VOGBasedMCIDetection/outputs/checkpoints/run_20260802_112625_full_wvote_artifact30_w0-5-10-10-0-15-30-30_4err/fold_25_best.pth
2026-08-02 19:32:03,103 | [FULL    ] | INFO | full_experiments_using.model_trainers.mobile_vit_trainer | Ep [019/500] T-Acc:  57.2%  V-Acc:  56.1%  V-AUROC: 0.5878  LR: 1.00e-03
2026-08-02 19:32:23,501 | [FULL    ] | INFO | full_experiments_using.model_trainers.mobile_vit_trainer | Ep [020/500] T-Acc:  58.4%  V-Acc:  56.6%  V-AUROC: 0.5911  LR: 1.00e-03
2026-08-02 19:32:43,884 | [FULL    ] | INFO | full_experiments_using.model_trainers.mobile_vit_trainer | Ep [021/500] T-Acc:  57.7%  V-Acc:  56.9%  V-AUROC: 0.5963  LR: 1.00e-03
2026-08-02 19:33:04,465 | [FULL    ] | INFO | full_experiments_using.model_trainers.mobile_vit_trainer | Ep [022/500] T-Acc:  59.3%  V-Acc:  58.5%  V-AUROC: 0.5989  LR: 1.00e-03
2026-08-02 19:33:04,582 | [FULL    ] | INFO | full_experiments_using.model_trainers.mobile_vit_trainer |   ↳ new best AUROC; saved checkpoint: /home/oem/choihyunsu/VOGBasedMCIDetection/outputs/checkpoints/run_20260802_112625_full_wvote_artifact30_w0-5-10-10-0-15-30-30_4err/fold_25_best.pth
2026-08-02 19:33:24,976 | [FULL    ] | INFO | full_experiments_using.model_trainers.mobile_vit_trainer | Ep [023/500] T-Acc:  58.1%  V-Acc:  58.5%  V-AUROC: 0.5994  LR: 1.00e-03
2026-08-02 19:33:25,097 | [FULL    ] | INFO | full_experiments_using.model_trainers.mobile_vit_trainer |   ↳ new best AUROC; saved checkpoint: /home/oem/choihyunsu/VOGBasedMCIDetection/outputs/checkpoints/run_20260802_112625_full_wvote_artifact30_w0-5-10-10-0-15-30-30_4err/fold_25_best.pth
2026-08-02 19:33:45,453 | [FULL    ] | INFO | full_experiments_using.model_trainers.mobile_vit_trainer | Ep [024/500] T-Acc:  59.4%  V-Acc:  56.7%  V-AUROC: 0.5901  LR: 1.00e-03
2026-08-02 19:34:05,979 | [FULL    ] | INFO | full_experiments_using.model_trainers.mobile_vit_trainer | Ep [025/500] T-Acc:  58.5%  V-Acc:  57.3%  V-AUROC: 0.5971  LR: 1.00e-03
2026-08-02 19:34:26,224 | [FULL    ] | INFO | full_experiments_using.model_trainers.mobile_vit_trainer | Ep [026/500] T-Acc:  58.8%  V-Acc:  57.1%  V-AUROC: 0.6027  LR: 1.00e-03
2026-08-02 19:34:26,343 | [FULL    ] | INFO | full_experiments_using.model_trainers.mobile_vit_trainer |   ↳ new best AUROC; saved checkpoint: /home/oem/choihyunsu/VOGBasedMCIDetection/outputs/checkpoints/run_20260802_112625_full_wvote_artifact30_w0-5-10-10-0-15-30-30_4err/fold_25_best.pth
2026-08-02 19:34:46,748 | [FULL    ] | INFO | full_experiments_using.model_trainers.mobile_vit_trainer | Ep [027/500] T-Acc:  59.2%  V-Acc:  57.8%  V-AUROC: 0.6100  LR: 1.00e-03
2026-08-02 19:34:46,900 | [FULL    ] | INFO | full_experiments_using.model_trainers.mobile_vit_trainer |   ↳ new best AUROC; saved checkpoint: /home/oem/choihyunsu/VOGBasedMCIDetection/outputs/checkpoints/run_20260802_112625_full_wvote_artifact30_w0-5-10-10-0-15-30-30_4err/fold_25_best.pth
2026-08-02 19:35:07,419 | [FULL    ] | INFO | full_experiments_using.model_trainers.mobile_vit_trainer | Ep [028/500] T-Acc:  59.2%  V-Acc:  58.5%  V-AUROC: 0.6058  LR: 1.00e-03
2026-08-02 19:35:27,920 | [FULL    ] | INFO | full_experiments_using.model_trainers.mobile_vit_trainer | Ep [029/500] T-Acc:  59.6%  V-Acc:  56.3%  V-AUROC: 0.5991  LR: 1.00e-03
2026-08-02 19:35:48,348 | [FULL    ] | INFO | full_experiments_using.model_trainers.mobile_vit_trainer | Ep [030/500] T-Acc:  59.4%  V-Acc:  56.2%  V-AUROC: 0.5962  LR: 1.00e-03
2026-08-02 19:36:08,849 | [FULL    ] | INFO | full_experiments_using.model_trainers.mobile_vit_trainer | Ep [031/500] T-Acc:  60.5%  V-Acc:  56.9%  V-AUROC: 0.5989  LR: 1.00e-03
2026-08-02 19:36:29,318 | [FULL    ] | INFO | full_experiments_using.model_trainers.mobile_vit_trainer | Ep [032/500] T-Acc:  59.6%  V-Acc:  56.0%  V-AUROC: 0.5913  LR: 1.00e-03
2026-08-02 19:36:49,812 | [FULL    ] | INFO | full_experiments_using.model_trainers.mobile_vit_trainer | Ep [033/500] T-Acc:  61.0%  V-Acc:  57.4%  V-AUROC: 0.5989  LR: 1.00e-03
2026-08-02 19:37:10,268 | [FULL    ] | INFO | full_experiments_using.model_trainers.mobile_vit_trainer | Ep [034/500] T-Acc:  59.1%  V-Acc:  57.5%  V-AUROC: 0.6006  LR: 1.00e-03
2026-08-02 19:37:30,816 | [FULL    ] | INFO | full_experiments_using.model_trainers.mobile_vit_trainer | Ep [035/500] T-Acc:  58.8%  V-Acc:  58.1%  V-AUROC: 0.6028  LR: 1.00e-03
2026-08-02 19:37:51,337 | [FULL    ] | INFO | full_experiments_using.model_trainers.mobile_vit_trainer | Ep [036/500] T-Acc:  59.7%  V-Acc:  57.4%  V-AUROC: 0.5951  LR: 1.00e-03
2026-08-02 19:38:11,948 | [FULL    ] | INFO | full_experiments_using.model_trainers.mobile_vit_trainer | Ep [037/500] T-Acc:  59.8%  V-Acc:  57.8%  V-AUROC: 0.6067  LR: 1.00e-03
2026-08-02 19:38:32,291 | [FULL    ] | INFO | full_experiments_using.model_trainers.mobile_vit_trainer | Ep [038/500] T-Acc:  60.2%  V-Acc:  58.5%  V-AUROC: 0.6017  LR: 1.00e-03
2026-08-02 19:38:52,713 | [FULL    ] | INFO | full_experiments_using.model_trainers.mobile_vit_trainer | Ep [039/500] T-Acc:  61.2%  V-Acc:  58.5%  V-AUROC: 0.6038  LR: 2.00e-04
2026-08-02 19:39:13,364 | [FULL    ] | INFO | full_experiments_using.model_trainers.mobile_vit_trainer | Ep [040/500] T-Acc:  60.6%  V-Acc:  58.8%  V-AUROC: 0.6063  LR: 2.00e-04
2026-08-02 19:39:33,888 | [FULL    ] | INFO | full_experiments_using.model_trainers.mobile_vit_trainer | Ep [041/500] T-Acc:  60.6%  V-Acc:  57.9%  V-AUROC: 0.6022  LR: 2.00e-04
2026-08-02 19:39:54,340 | [FULL    ] | INFO | full_experiments_using.model_trainers.mobile_vit_trainer | Ep [042/500] T-Acc:  60.7%  V-Acc:  58.6%  V-AUROC: 0.6037  LR: 2.00e-04
2026-08-02 19:40:14,908 | [FULL    ] | INFO | full_experiments_using.model_trainers.mobile_vit_trainer | Ep [043/500] T-Acc:  60.3%  V-Acc:  58.5%  V-AUROC: 0.6022  LR: 2.00e-04
2026-08-02 19:40:35,351 | [FULL    ] | INFO | full_experiments_using.model_trainers.mobile_vit_trainer | Ep [044/500] T-Acc:  60.7%  V-Acc:  58.2%  V-AUROC: 0.6044  LR: 2.00e-04
2026-08-02 19:40:55,824 | [FULL    ] | INFO | full_experiments_using.model_trainers.mobile_vit_trainer | Ep [045/500] T-Acc:  60.2%  V-Acc:  59.0%  V-AUROC: 0.6048  LR: 2.00e-04
2026-08-02 19:41:16,241 | [FULL    ] | INFO | full_experiments_using.model_trainers.mobile_vit_trainer | Ep [046/500] T-Acc:  61.2%  V-Acc:  58.2%  V-AUROC: 0.6031  LR: 2.00e-04
2026-08-02 19:41:36,683 | [FULL    ] | INFO | full_experiments_using.model_trainers.mobile_vit_trainer | Ep [047/500] T-Acc:  60.7%  V-Acc:  59.0%  V-AUROC: 0.6038  LR: 2.00e-04
2026-08-02 19:41:57,268 | [FULL    ] | INFO | full_experiments_using.model_trainers.mobile_vit_trainer | Ep [048/500] T-Acc:  61.8%  V-Acc:  58.8%  V-AUROC: 0.6028  LR: 2.00e-04
2026-08-02 19:42:17,903 | [FULL    ] | INFO | full_experiments_using.model_trainers.mobile_vit_trainer | Ep [049/500] T-Acc:  61.3%  V-Acc:  59.2%  V-AUROC: 0.6036  LR: 2.00e-04
2026-08-02 19:42:38,320 | [FULL    ] | INFO | full_experiments_using.model_trainers.mobile_vit_trainer | Ep [050/500] T-Acc:  60.8%  V-Acc:  58.5%  V-AUROC: 0.6037  LR: 4.00e-05
2026-08-02 19:42:58,827 | [FULL    ] | INFO | full_experiments_using.model_trainers.mobile_vit_trainer | Ep [051/500] T-Acc:  62.4%  V-Acc:  59.1%  V-AUROC: 0.6037  LR: 4.00e-05
2026-08-02 19:43:19,330 | [FULL    ] | INFO | full_experiments_using.model_trainers.mobile_vit_trainer | Ep [052/500] T-Acc:  61.7%  V-Acc:  58.6%  V-AUROC: 0.6016  LR: 4.00e-05
2026-08-02 19:43:40,024 | [FULL    ] | INFO | full_experiments_using.model_trainers.mobile_vit_trainer | Ep [053/500] T-Acc:  62.2%  V-Acc:  59.0%  V-AUROC: 0.6025  LR: 4.00e-05
2026-08-02 19:44:00,609 | [FULL    ] | INFO | full_experiments_using.model_trainers.mobile_vit_trainer | Ep [054/500] T-Acc:  60.7%  V-Acc:  58.4%  V-AUROC: 0.6011  LR: 4.00e-05
2026-08-02 19:44:21,092 | [FULL    ] | INFO | full_experiments_using.model_trainers.mobile_vit_trainer | Ep [055/500] T-Acc:  61.4%  V-Acc:  59.0%  V-AUROC: 0.6014  LR: 4.00e-05
2026-08-02 19:44:41,571 | [FULL    ] | INFO | full_experiments_using.model_trainers.mobile_vit_trainer | Ep [056/500] T-Acc:  60.3%  V-Acc:  58.5%  V-AUROC: 0.6007  LR: 4.00e-05
2026-08-02 19:45:01,916 | [FULL    ] | INFO | full_experiments_using.model_trainers.mobile_vit_trainer | Ep [057/500] T-Acc:  61.1%  V-Acc:  58.9%  V-AUROC: 0.6013  LR: 4.00e-05
2026-08-02 19:45:01,916 | [FULL    ] | INFO | full_experiments_using.model_trainers.mobile_vit_trainer | Early stop — best AUROC 0.6100 at epoch 27 (no improvement for 30 epochs)
2026-08-02 19:45:01,916 | [FULL    ] | INFO | full_experiments_using.model_trainers.mobile_vit_trainer | Done. Best AUROC: 0.6100 (epoch 27) → /home/oem/choihyunsu/VOGBasedMCIDetection/outputs/checkpoints/run_20260802_112625_full_wvote_artifact30_w0-5-10-10-0-15-30-30_4err/fold_25_best.pth
2026-08-02 19:45:10,549 | [FULL    ] | INFO | full_experiments_using.evaluators.monte_carlo_evaluator | -> Fold 26 Result | Acc=0.750 Sens=0.667 Spec=0.833 AUROC=0.806
2026-08-02 19:45:10,556 | [FULL    ] | INFO | full_experiments_using.evaluators.monte_carlo_evaluator | === Fold 27/30 | train: 25 subj (HC=9 MCI=16) / 3900 win | test: 12 subj (HC=5 MCI=7) / 1815 win ===
2026-08-02 19:45:10,784 | [FULL    ] | INFO | httpx | HTTP Request: HEAD https://huggingface.co/apple/mobilevit-small/resolve/main/config.json "HTTP/1.1 307 Temporary Redirect"
2026-08-02 19:45:10,796 | [FULL    ] | INFO | httpx | HTTP Request: HEAD https://huggingface.co/api/resolve-cache/models/apple/mobilevit-small/6c8612545dc98676d27bc518fa521d9e9af23e34/config.json "HTTP/1.1 200 OK"
2026-08-02 19:45:11,072 | [FULL    ] | INFO | httpx | HTTP Request: HEAD https://huggingface.co/apple/mobilevit-small/resolve/main/model.safetensors "HTTP/1.1 404 Not Found"
2026-08-02 19:45:11,282 | [FULL    ] | INFO | httpx | HTTP Request: HEAD https://huggingface.co/apple/mobilevit-small/resolve/main/model.safetensors.index.json "HTTP/1.1 404 Not Found"
2026-08-02 19:45:11,486 | [FULL    ] | INFO | httpx | HTTP Request: HEAD https://huggingface.co/apple/mobilevit-small/resolve/main/pytorch_model.bin "HTTP/1.1 302 Found"
2026-08-02 19:45:11,694 | [FULL    ] | INFO | httpx | HTTP Request: HEAD https://huggingface.co/apple/mobilevit-small/resolve/main/model.safetensors "HTTP/1.1 404 Not Found"
2026-08-02 19:45:11,906 | [FULL    ] | INFO | httpx | HTTP Request: GET https://huggingface.co/api/models/apple/mobilevit-small "HTTP/1.1 200 OK"
2026-08-02 19:45:12,132 | [FULL    ] | INFO | httpx | HTTP Request: GET https://huggingface.co/api/models/apple/mobilevit-small/commits/main "HTTP/1.1 200 OK"
2026-08-02 19:45:12,360 | [FULL    ] | INFO | httpx | HTTP Request: GET https://huggingface.co/api/models/apple/mobilevit-small/discussions?p=0 "HTTP/1.1 200 OK"
2026-08-02 19:45:12,573 | [FULL    ] | INFO | httpx | HTTP Request: GET https://huggingface.co/api/models/apple/mobilevit-small/commits/refs%2Fpr%2F6 "HTTP/1.1 200 OK"
2026-08-02 19:45:12,783 | [FULL    ] | INFO | httpx | HTTP Request: HEAD https://huggingface.co/apple/mobilevit-small/resolve/refs%2Fpr%2F6/model.safetensors.index.json "HTTP/1.1 404 Not Found"
2026-08-02 19:45:12,985 | [FULL    ] | INFO | httpx | HTTP Request: HEAD https://huggingface.co/apple/mobilevit-small/resolve/refs%2Fpr%2F6/model.safetensors "HTTP/1.1 302 Found"
2026-08-02 19:45:13,250 | [FULL    ] | INFO | full_experiments_using.model_trainers.mobile_vit_trainer | Device: cuda | max_epochs=500 | batch=32 | eval_batch=256 | es_patience=30
2026-08-02 19:45:13,262 | [FULL    ] | INFO | full_experiments_using.model_trainers.mobile_vit_trainer | CE weights — HC: 1.222  MCI: 0.846
2026-08-02 19:45:32,343 | [FULL    ] | INFO | full_experiments_using.model_trainers.mobile_vit_trainer | Ep [001/500] T-Acc:  51.1%  V-Acc:  52.3%  V-AUROC: 0.5351  LR: 2.00e-04
2026-08-02 19:45:32,404 | [FULL    ] | INFO | full_experiments_using.model_trainers.mobile_vit_trainer |   ↳ new best AUROC; saved checkpoint: /home/oem/choihyunsu/VOGBasedMCIDetection/outputs/checkpoints/run_20260802_112625_full_wvote_artifact30_w0-5-10-10-0-15-30-30_4err/fold_26_best.pth
2026-08-02 19:45:53,455 | [FULL    ] | INFO | full_experiments_using.model_trainers.mobile_vit_trainer | Ep [002/500] T-Acc:  51.1%  V-Acc:  52.0%  V-AUROC: 0.5385  LR: 4.00e-04
2026-08-02 19:45:53,573 | [FULL    ] | INFO | full_experiments_using.model_trainers.mobile_vit_trainer |   ↳ new best AUROC; saved checkpoint: /home/oem/choihyunsu/VOGBasedMCIDetection/outputs/checkpoints/run_20260802_112625_full_wvote_artifact30_w0-5-10-10-0-15-30-30_4err/fold_26_best.pth
2026-08-02 19:46:13,269 | [FULL    ] | INFO | full_experiments_using.model_trainers.mobile_vit_trainer | Ep [003/500] T-Acc:  49.9%  V-Acc:  54.0%  V-AUROC: 0.5562  LR: 6.00e-04
2026-08-02 19:46:13,446 | [FULL    ] | INFO | full_experiments_using.model_trainers.mobile_vit_trainer |   ↳ new best AUROC; saved checkpoint: /home/oem/choihyunsu/VOGBasedMCIDetection/outputs/checkpoints/run_20260802_112625_full_wvote_artifact30_w0-5-10-10-0-15-30-30_4err/fold_26_best.pth
2026-08-02 19:46:34,618 | [FULL    ] | INFO | full_experiments_using.model_trainers.mobile_vit_trainer | Ep [004/500] T-Acc:  52.4%  V-Acc:  53.8%  V-AUROC: 0.5522  LR: 8.00e-04
2026-08-02 19:46:55,877 | [FULL    ] | INFO | full_experiments_using.model_trainers.mobile_vit_trainer | Ep [005/500] T-Acc:  53.0%  V-Acc:  54.9%  V-AUROC: 0.5590  LR: 1.00e-03
2026-08-02 19:46:56,007 | [FULL    ] | INFO | full_experiments_using.model_trainers.mobile_vit_trainer |   ↳ new best AUROC; saved checkpoint: /home/oem/choihyunsu/VOGBasedMCIDetection/outputs/checkpoints/run_20260802_112625_full_wvote_artifact30_w0-5-10-10-0-15-30-30_4err/fold_26_best.pth
2026-08-02 19:47:17,235 | [FULL    ] | INFO | full_experiments_using.model_trainers.mobile_vit_trainer | Ep [006/500] T-Acc:  53.5%  V-Acc:  54.4%  V-AUROC: 0.5723  LR: 1.00e-03
2026-08-02 19:47:17,484 | [FULL    ] | INFO | full_experiments_using.model_trainers.mobile_vit_trainer |   ↳ new best AUROC; saved checkpoint: /home/oem/choihyunsu/VOGBasedMCIDetection/outputs/checkpoints/run_20260802_112625_full_wvote_artifact30_w0-5-10-10-0-15-30-30_4err/fold_26_best.pth
2026-08-02 19:47:38,735 | [FULL    ] | INFO | full_experiments_using.model_trainers.mobile_vit_trainer | Ep [007/500] T-Acc:  53.7%  V-Acc:  56.0%  V-AUROC: 0.5807  LR: 1.00e-03
2026-08-02 19:47:38,920 | [FULL    ] | INFO | full_experiments_using.model_trainers.mobile_vit_trainer |   ↳ new best AUROC; saved checkpoint: /home/oem/choihyunsu/VOGBasedMCIDetection/outputs/checkpoints/run_20260802_112625_full_wvote_artifact30_w0-5-10-10-0-15-30-30_4err/fold_26_best.pth
2026-08-02 19:48:00,033 | [FULL    ] | INFO | full_experiments_using.model_trainers.mobile_vit_trainer | Ep [008/500] T-Acc:  54.1%  V-Acc:  56.4%  V-AUROC: 0.5890  LR: 1.00e-03
2026-08-02 19:48:00,150 | [FULL    ] | INFO | full_experiments_using.model_trainers.mobile_vit_trainer |   ↳ new best AUROC; saved checkpoint: /home/oem/choihyunsu/VOGBasedMCIDetection/outputs/checkpoints/run_20260802_112625_full_wvote_artifact30_w0-5-10-10-0-15-30-30_4err/fold_26_best.pth
2026-08-02 19:48:21,355 | [FULL    ] | INFO | full_experiments_using.model_trainers.mobile_vit_trainer | Ep [009/500] T-Acc:  56.4%  V-Acc:  56.5%  V-AUROC: 0.5822  LR: 1.00e-03
2026-08-02 19:48:42,620 | [FULL    ] | INFO | full_experiments_using.model_trainers.mobile_vit_trainer | Ep [010/500] T-Acc:  54.2%  V-Acc:  57.0%  V-AUROC: 0.5948  LR: 1.00e-03
2026-08-02 19:48:42,772 | [FULL    ] | INFO | full_experiments_using.model_trainers.mobile_vit_trainer |   ↳ new best AUROC; saved checkpoint: /home/oem/choihyunsu/VOGBasedMCIDetection/outputs/checkpoints/run_20260802_112625_full_wvote_artifact30_w0-5-10-10-0-15-30-30_4err/fold_26_best.pth
2026-08-02 19:49:04,000 | [FULL    ] | INFO | full_experiments_using.model_trainers.mobile_vit_trainer | Ep [011/500] T-Acc:  57.0%  V-Acc:  57.4%  V-AUROC: 0.5988  LR: 1.00e-03
2026-08-02 19:49:04,101 | [FULL    ] | INFO | full_experiments_using.model_trainers.mobile_vit_trainer |   ↳ new best AUROC; saved checkpoint: /home/oem/choihyunsu/VOGBasedMCIDetection/outputs/checkpoints/run_20260802_112625_full_wvote_artifact30_w0-5-10-10-0-15-30-30_4err/fold_26_best.pth
2026-08-02 19:49:25,439 | [FULL    ] | INFO | full_experiments_using.model_trainers.mobile_vit_trainer | Ep [012/500] T-Acc:  57.2%  V-Acc:  57.3%  V-AUROC: 0.5871  LR: 1.00e-03
2026-08-02 19:49:46,528 | [FULL    ] | INFO | full_experiments_using.model_trainers.mobile_vit_trainer | Ep [013/500] T-Acc:  56.8%  V-Acc:  58.7%  V-AUROC: 0.5996  LR: 1.00e-03
2026-08-02 19:49:46,687 | [FULL    ] | INFO | full_experiments_using.model_trainers.mobile_vit_trainer |   ↳ new best AUROC; saved checkpoint: /home/oem/choihyunsu/VOGBasedMCIDetection/outputs/checkpoints/run_20260802_112625_full_wvote_artifact30_w0-5-10-10-0-15-30-30_4err/fold_26_best.pth
2026-08-02 19:50:05,864 | [FULL    ] | INFO | full_experiments_using.model_trainers.mobile_vit_trainer | Ep [014/500] T-Acc:  56.9%  V-Acc:  58.5%  V-AUROC: 0.6098  LR: 1.00e-03
2026-08-02 19:50:05,994 | [FULL    ] | INFO | full_experiments_using.model_trainers.mobile_vit_trainer |   ↳ new best AUROC; saved checkpoint: /home/oem/choihyunsu/VOGBasedMCIDetection/outputs/checkpoints/run_20260802_112625_full_wvote_artifact30_w0-5-10-10-0-15-30-30_4err/fold_26_best.pth
2026-08-02 19:50:26,904 | [FULL    ] | INFO | full_experiments_using.model_trainers.mobile_vit_trainer | Ep [015/500] T-Acc:  56.9%  V-Acc:  58.1%  V-AUROC: 0.6056  LR: 1.00e-03
2026-08-02 19:50:46,978 | [FULL    ] | INFO | full_experiments_using.model_trainers.mobile_vit_trainer | Ep [016/500] T-Acc:  57.6%  V-Acc:  57.8%  V-AUROC: 0.6037  LR: 1.00e-03
2026-08-02 19:51:08,112 | [FULL    ] | INFO | full_experiments_using.model_trainers.mobile_vit_trainer | Ep [017/500] T-Acc:  57.8%  V-Acc:  58.0%  V-AUROC: 0.6056  LR: 1.00e-03
2026-08-02 19:51:29,315 | [FULL    ] | INFO | full_experiments_using.model_trainers.mobile_vit_trainer | Ep [018/500] T-Acc:  59.0%  V-Acc:  59.0%  V-AUROC: 0.6087  LR: 1.00e-03
2026-08-02 19:51:50,590 | [FULL    ] | INFO | full_experiments_using.model_trainers.mobile_vit_trainer | Ep [019/500] T-Acc:  59.3%  V-Acc:  58.8%  V-AUROC: 0.6137  LR: 1.00e-03
2026-08-02 19:51:50,709 | [FULL    ] | INFO | full_experiments_using.model_trainers.mobile_vit_trainer |   ↳ new best AUROC; saved checkpoint: /home/oem/choihyunsu/VOGBasedMCIDetection/outputs/checkpoints/run_20260802_112625_full_wvote_artifact30_w0-5-10-10-0-15-30-30_4err/fold_26_best.pth
2026-08-02 19:52:11,972 | [FULL    ] | INFO | full_experiments_using.model_trainers.mobile_vit_trainer | Ep [020/500] T-Acc:  58.7%  V-Acc:  59.2%  V-AUROC: 0.6174  LR: 1.00e-03
2026-08-02 19:52:12,176 | [FULL    ] | INFO | full_experiments_using.model_trainers.mobile_vit_trainer |   ↳ new best AUROC; saved checkpoint: /home/oem/choihyunsu/VOGBasedMCIDetection/outputs/checkpoints/run_20260802_112625_full_wvote_artifact30_w0-5-10-10-0-15-30-30_4err/fold_26_best.pth
2026-08-02 19:52:33,491 | [FULL    ] | INFO | full_experiments_using.model_trainers.mobile_vit_trainer | Ep [021/500] T-Acc:  59.4%  V-Acc:  58.0%  V-AUROC: 0.6099  LR: 1.00e-03
2026-08-02 19:52:54,657 | [FULL    ] | INFO | full_experiments_using.model_trainers.mobile_vit_trainer | Ep [022/500] T-Acc:  59.1%  V-Acc:  58.9%  V-AUROC: 0.6155  LR: 1.00e-03
2026-08-02 19:53:15,937 | [FULL    ] | INFO | full_experiments_using.model_trainers.mobile_vit_trainer | Ep [023/500] T-Acc:  59.8%  V-Acc:  59.4%  V-AUROC: 0.6113  LR: 1.00e-03
2026-08-02 19:53:37,260 | [FULL    ] | INFO | full_experiments_using.model_trainers.mobile_vit_trainer | Ep [024/500] T-Acc:  59.9%  V-Acc:  58.7%  V-AUROC: 0.6085  LR: 1.00e-03
2026-08-02 19:53:58,509 | [FULL    ] | INFO | full_experiments_using.model_trainers.mobile_vit_trainer | Ep [025/500] T-Acc:  60.3%  V-Acc:  58.6%  V-AUROC: 0.6086  LR: 1.00e-03
2026-08-02 19:54:19,883 | [FULL    ] | INFO | full_experiments_using.model_trainers.mobile_vit_trainer | Ep [026/500] T-Acc:  60.1%  V-Acc:  59.1%  V-AUROC: 0.6152  LR: 1.00e-03
2026-08-02 19:54:40,987 | [FULL    ] | INFO | full_experiments_using.model_trainers.mobile_vit_trainer | Ep [027/500] T-Acc:  60.7%  V-Acc:  58.7%  V-AUROC: 0.6118  LR: 1.00e-03
2026-08-02 19:55:02,166 | [FULL    ] | INFO | full_experiments_using.model_trainers.mobile_vit_trainer | Ep [028/500] T-Acc:  59.9%  V-Acc:  59.5%  V-AUROC: 0.6138  LR: 1.00e-03
2026-08-02 19:55:23,321 | [FULL    ] | INFO | full_experiments_using.model_trainers.mobile_vit_trainer | Ep [029/500] T-Acc:  60.0%  V-Acc:  59.4%  V-AUROC: 0.6150  LR: 1.00e-03
2026-08-02 19:55:44,562 | [FULL    ] | INFO | full_experiments_using.model_trainers.mobile_vit_trainer | Ep [030/500] T-Acc:  61.2%  V-Acc:  60.2%  V-AUROC: 0.6165  LR: 1.00e-03
2026-08-02 19:56:05,798 | [FULL    ] | INFO | full_experiments_using.model_trainers.mobile_vit_trainer | Ep [031/500] T-Acc:  60.8%  V-Acc:  59.4%  V-AUROC: 0.6215  LR: 1.00e-03
2026-08-02 19:56:05,977 | [FULL    ] | INFO | full_experiments_using.model_trainers.mobile_vit_trainer |   ↳ new best AUROC; saved checkpoint: /home/oem/choihyunsu/VOGBasedMCIDetection/outputs/checkpoints/run_20260802_112625_full_wvote_artifact30_w0-5-10-10-0-15-30-30_4err/fold_26_best.pth
2026-08-02 19:56:27,214 | [FULL    ] | INFO | full_experiments_using.model_trainers.mobile_vit_trainer | Ep [032/500] T-Acc:  62.0%  V-Acc:  59.2%  V-AUROC: 0.6161  LR: 1.00e-03
2026-08-02 19:56:48,469 | [FULL    ] | INFO | full_experiments_using.model_trainers.mobile_vit_trainer | Ep [033/500] T-Acc:  60.8%  V-Acc:  59.1%  V-AUROC: 0.6152  LR: 1.00e-03
2026-08-02 19:57:09,785 | [FULL    ] | INFO | full_experiments_using.model_trainers.mobile_vit_trainer | Ep [034/500] T-Acc:  61.4%  V-Acc:  58.7%  V-AUROC: 0.6150  LR: 1.00e-03
2026-08-02 19:57:31,264 | [FULL    ] | INFO | full_experiments_using.model_trainers.mobile_vit_trainer | Ep [035/500] T-Acc:  61.2%  V-Acc:  59.1%  V-AUROC: 0.6126  LR: 1.00e-03
2026-08-02 19:57:52,611 | [FULL    ] | INFO | full_experiments_using.model_trainers.mobile_vit_trainer | Ep [036/500] T-Acc:  61.1%  V-Acc:  60.1%  V-AUROC: 0.6215  LR: 1.00e-03
2026-08-02 19:57:52,742 | [FULL    ] | INFO | full_experiments_using.model_trainers.mobile_vit_trainer |   ↳ new best AUROC; saved checkpoint: /home/oem/choihyunsu/VOGBasedMCIDetection/outputs/checkpoints/run_20260802_112625_full_wvote_artifact30_w0-5-10-10-0-15-30-30_4err/fold_26_best.pth
2026-08-02 19:58:13,895 | [FULL    ] | INFO | full_experiments_using.model_trainers.mobile_vit_trainer | Ep [037/500] T-Acc:  62.3%  V-Acc:  59.2%  V-AUROC: 0.6168  LR: 1.00e-03
2026-08-02 19:58:35,171 | [FULL    ] | INFO | full_experiments_using.model_trainers.mobile_vit_trainer | Ep [038/500] T-Acc:  61.1%  V-Acc:  59.4%  V-AUROC: 0.6213  LR: 1.00e-03
2026-08-02 19:58:56,438 | [FULL    ] | INFO | full_experiments_using.model_trainers.mobile_vit_trainer | Ep [039/500] T-Acc:  62.8%  V-Acc:  59.2%  V-AUROC: 0.6223  LR: 1.00e-03
2026-08-02 19:58:56,600 | [FULL    ] | INFO | full_experiments_using.model_trainers.mobile_vit_trainer |   ↳ new best AUROC; saved checkpoint: /home/oem/choihyunsu/VOGBasedMCIDetection/outputs/checkpoints/run_20260802_112625_full_wvote_artifact30_w0-5-10-10-0-15-30-30_4err/fold_26_best.pth
2026-08-02 19:59:17,962 | [FULL    ] | INFO | full_experiments_using.model_trainers.mobile_vit_trainer | Ep [040/500] T-Acc:  61.5%  V-Acc:  59.9%  V-AUROC: 0.6176  LR: 1.00e-03
2026-08-02 19:59:39,241 | [FULL    ] | INFO | full_experiments_using.model_trainers.mobile_vit_trainer | Ep [041/500] T-Acc:  60.8%  V-Acc:  59.9%  V-AUROC: 0.6179  LR: 1.00e-03
2026-08-02 20:00:00,565 | [FULL    ] | INFO | full_experiments_using.model_trainers.mobile_vit_trainer | Ep [042/500] T-Acc:  61.8%  V-Acc:  58.7%  V-AUROC: 0.6169  LR: 1.00e-03
2026-08-02 20:00:21,692 | [FULL    ] | INFO | full_experiments_using.model_trainers.mobile_vit_trainer | Ep [043/500] T-Acc:  62.3%  V-Acc:  59.0%  V-AUROC: 0.6208  LR: 1.00e-03
2026-08-02 20:00:42,850 | [FULL    ] | INFO | full_experiments_using.model_trainers.mobile_vit_trainer | Ep [044/500] T-Acc:  62.0%  V-Acc:  60.3%  V-AUROC: 0.6198  LR: 1.00e-03
2026-08-02 20:01:04,011 | [FULL    ] | INFO | full_experiments_using.model_trainers.mobile_vit_trainer | Ep [045/500] T-Acc:  62.2%  V-Acc:  60.3%  V-AUROC: 0.6230  LR: 1.00e-03
2026-08-02 20:01:04,132 | [FULL    ] | INFO | full_experiments_using.model_trainers.mobile_vit_trainer |   ↳ new best AUROC; saved checkpoint: /home/oem/choihyunsu/VOGBasedMCIDetection/outputs/checkpoints/run_20260802_112625_full_wvote_artifact30_w0-5-10-10-0-15-30-30_4err/fold_26_best.pth
2026-08-02 20:01:25,016 | [FULL    ] | INFO | full_experiments_using.model_trainers.mobile_vit_trainer | Ep [046/500] T-Acc:  62.9%  V-Acc:  59.8%  V-AUROC: 0.6205  LR: 1.00e-03
2026-08-02 20:01:43,989 | [FULL    ] | INFO | full_experiments_using.model_trainers.mobile_vit_trainer | Ep [047/500] T-Acc:  62.1%  V-Acc:  59.3%  V-AUROC: 0.6138  LR: 1.00e-03
2026-08-02 20:02:03,716 | [FULL    ] | INFO | full_experiments_using.model_trainers.mobile_vit_trainer | Ep [048/500] T-Acc:  61.1%  V-Acc:  59.2%  V-AUROC: 0.6144  LR: 1.00e-03
2026-08-02 20:02:24,938 | [FULL    ] | INFO | full_experiments_using.model_trainers.mobile_vit_trainer | Ep [049/500] T-Acc:  62.8%  V-Acc:  57.5%  V-AUROC: 0.6089  LR: 1.00e-03
2026-08-02 20:02:46,084 | [FULL    ] | INFO | full_experiments_using.model_trainers.mobile_vit_trainer | Ep [050/500] T-Acc:  62.0%  V-Acc:  58.6%  V-AUROC: 0.6125  LR: 1.00e-03
2026-08-02 20:03:07,209 | [FULL    ] | INFO | full_experiments_using.model_trainers.mobile_vit_trainer | Ep [051/500] T-Acc:  61.8%  V-Acc:  60.0%  V-AUROC: 0.6174  LR: 1.00e-03
2026-08-02 20:03:28,480 | [FULL    ] | INFO | full_experiments_using.model_trainers.mobile_vit_trainer | Ep [052/500] T-Acc:  61.7%  V-Acc:  58.9%  V-AUROC: 0.6159  LR: 1.00e-03
2026-08-02 20:03:49,756 | [FULL    ] | INFO | full_experiments_using.model_trainers.mobile_vit_trainer | Ep [053/500] T-Acc:  63.1%  V-Acc:  59.6%  V-AUROC: 0.6159  LR: 1.00e-03
2026-08-02 20:04:10,954 | [FULL    ] | INFO | full_experiments_using.model_trainers.mobile_vit_trainer | Ep [054/500] T-Acc:  62.6%  V-Acc:  58.3%  V-AUROC: 0.6101  LR: 1.00e-03
2026-08-02 20:04:32,054 | [FULL    ] | INFO | full_experiments_using.model_trainers.mobile_vit_trainer | Ep [055/500] T-Acc:  61.8%  V-Acc:  59.1%  V-AUROC: 0.6155  LR: 1.00e-03
2026-08-02 20:04:53,338 | [FULL    ] | INFO | full_experiments_using.model_trainers.mobile_vit_trainer | Ep [056/500] T-Acc:  62.6%  V-Acc:  59.3%  V-AUROC: 0.6194  LR: 1.00e-03
2026-08-02 20:05:14,494 | [FULL    ] | INFO | full_experiments_using.model_trainers.mobile_vit_trainer | Ep [057/500] T-Acc:  63.1%  V-Acc:  59.9%  V-AUROC: 0.6212  LR: 2.00e-04
2026-08-02 20:05:35,724 | [FULL    ] | INFO | full_experiments_using.model_trainers.mobile_vit_trainer | Ep [058/500] T-Acc:  63.8%  V-Acc:  60.1%  V-AUROC: 0.6202  LR: 2.00e-04
2026-08-02 20:05:56,998 | [FULL    ] | INFO | full_experiments_using.model_trainers.mobile_vit_trainer | Ep [059/500] T-Acc:  62.1%  V-Acc:  58.7%  V-AUROC: 0.6155  LR: 2.00e-04
2026-08-02 20:06:18,205 | [FULL    ] | INFO | full_experiments_using.model_trainers.mobile_vit_trainer | Ep [060/500] T-Acc:  63.4%  V-Acc:  59.3%  V-AUROC: 0.6181  LR: 2.00e-04
2026-08-02 20:06:39,485 | [FULL    ] | INFO | full_experiments_using.model_trainers.mobile_vit_trainer | Ep [061/500] T-Acc:  62.5%  V-Acc:  59.1%  V-AUROC: 0.6170  LR: 2.00e-04
2026-08-02 20:07:00,801 | [FULL    ] | INFO | full_experiments_using.model_trainers.mobile_vit_trainer | Ep [062/500] T-Acc:  64.1%  V-Acc:  60.3%  V-AUROC: 0.6224  LR: 2.00e-04
2026-08-02 20:07:22,180 | [FULL    ] | INFO | full_experiments_using.model_trainers.mobile_vit_trainer | Ep [063/500] T-Acc:  62.7%  V-Acc:  58.8%  V-AUROC: 0.6199  LR: 2.00e-04
2026-08-02 20:07:43,368 | [FULL    ] | INFO | full_experiments_using.model_trainers.mobile_vit_trainer | Ep [064/500] T-Acc:  63.0%  V-Acc:  59.6%  V-AUROC: 0.6170  LR: 2.00e-04
2026-08-02 20:08:04,790 | [FULL    ] | INFO | full_experiments_using.model_trainers.mobile_vit_trainer | Ep [065/500] T-Acc:  63.5%  V-Acc:  59.3%  V-AUROC: 0.6192  LR: 2.00e-04
2026-08-02 20:08:25,956 | [FULL    ] | INFO | full_experiments_using.model_trainers.mobile_vit_trainer | Ep [066/500] T-Acc:  62.7%  V-Acc:  59.7%  V-AUROC: 0.6221  LR: 2.00e-04
2026-08-02 20:08:47,188 | [FULL    ] | INFO | full_experiments_using.model_trainers.mobile_vit_trainer | Ep [067/500] T-Acc:  63.0%  V-Acc:  59.2%  V-AUROC: 0.6180  LR: 2.00e-04
2026-08-02 20:09:08,468 | [FULL    ] | INFO | full_experiments_using.model_trainers.mobile_vit_trainer | Ep [068/500] T-Acc:  62.9%  V-Acc:  60.1%  V-AUROC: 0.6194  LR: 4.00e-05
2026-08-02 20:09:29,714 | [FULL    ] | INFO | full_experiments_using.model_trainers.mobile_vit_trainer | Ep [069/500] T-Acc:  62.8%  V-Acc:  60.3%  V-AUROC: 0.6204  LR: 4.00e-05
2026-08-02 20:09:50,944 | [FULL    ] | INFO | full_experiments_using.model_trainers.mobile_vit_trainer | Ep [070/500] T-Acc:  63.5%  V-Acc:  59.5%  V-AUROC: 0.6198  LR: 4.00e-05
2026-08-02 20:10:12,326 | [FULL    ] | INFO | full_experiments_using.model_trainers.mobile_vit_trainer | Ep [071/500] T-Acc:  63.6%  V-Acc:  60.3%  V-AUROC: 0.6183  LR: 4.00e-05
2026-08-02 20:10:33,670 | [FULL    ] | INFO | full_experiments_using.model_trainers.mobile_vit_trainer | Ep [072/500] T-Acc:  63.5%  V-Acc:  59.7%  V-AUROC: 0.6190  LR: 4.00e-05
2026-08-02 20:10:54,865 | [FULL    ] | INFO | full_experiments_using.model_trainers.mobile_vit_trainer | Ep [073/500] T-Acc:  63.6%  V-Acc:  59.7%  V-AUROC: 0.6200  LR: 4.00e-05
2026-08-02 20:11:16,165 | [FULL    ] | INFO | full_experiments_using.model_trainers.mobile_vit_trainer | Ep [074/500] T-Acc:  63.2%  V-Acc:  59.3%  V-AUROC: 0.6204  LR: 4.00e-05
2026-08-02 20:11:37,507 | [FULL    ] | INFO | full_experiments_using.model_trainers.mobile_vit_trainer | Ep [075/500] T-Acc:  63.9%  V-Acc:  59.7%  V-AUROC: 0.6187  LR: 4.00e-05
2026-08-02 20:11:37,507 | [FULL    ] | INFO | full_experiments_using.model_trainers.mobile_vit_trainer | Early stop — best AUROC 0.6230 at epoch 45 (no improvement for 30 epochs)
2026-08-02 20:11:37,507 | [FULL    ] | INFO | full_experiments_using.model_trainers.mobile_vit_trainer | Done. Best AUROC: 0.6230 (epoch 45) → /home/oem/choihyunsu/VOGBasedMCIDetection/outputs/checkpoints/run_20260802_112625_full_wvote_artifact30_w0-5-10-10-0-15-30-30_4err/fold_26_best.pth
2026-08-02 20:11:41,777 | [FULL    ] | INFO | full_experiments_using.evaluators.monte_carlo_evaluator | -> Fold 27 Result | Acc=1.000 Sens=1.000 Spec=1.000 AUROC=1.000
2026-08-02 20:11:41,791 | [FULL    ] | INFO | full_experiments_using.evaluators.monte_carlo_evaluator | === Fold 28/30 | train: 25 subj (HC=9 MCI=16) / 3915 win | test: 12 subj (HC=5 MCI=7) / 1800 win ===
2026-08-02 20:11:42,051 | [FULL    ] | INFO | httpx | HTTP Request: HEAD https://huggingface.co/apple/mobilevit-small/resolve/main/config.json "HTTP/1.1 307 Temporary Redirect"
2026-08-02 20:11:42,063 | [FULL    ] | INFO | httpx | HTTP Request: HEAD https://huggingface.co/api/resolve-cache/models/apple/mobilevit-small/6c8612545dc98676d27bc518fa521d9e9af23e34/config.json "HTTP/1.1 200 OK"
2026-08-02 20:11:42,297 | [FULL    ] | INFO | httpx | HTTP Request: HEAD https://huggingface.co/apple/mobilevit-small/resolve/main/model.safetensors "HTTP/1.1 404 Not Found"
2026-08-02 20:11:42,510 | [FULL    ] | INFO | httpx | HTTP Request: HEAD https://huggingface.co/apple/mobilevit-small/resolve/main/model.safetensors.index.json "HTTP/1.1 404 Not Found"
2026-08-02 20:11:42,710 | [FULL    ] | INFO | httpx | HTTP Request: HEAD https://huggingface.co/apple/mobilevit-small/resolve/main/pytorch_model.bin "HTTP/1.1 302 Found"
2026-08-02 20:11:42,918 | [FULL    ] | INFO | httpx | HTTP Request: HEAD https://huggingface.co/apple/mobilevit-small/resolve/main/model.safetensors "HTTP/1.1 404 Not Found"
2026-08-02 20:11:43,138 | [FULL    ] | INFO | httpx | HTTP Request: GET https://huggingface.co/api/models/apple/mobilevit-small "HTTP/1.1 200 OK"
2026-08-02 20:11:43,393 | [FULL    ] | INFO | httpx | HTTP Request: GET https://huggingface.co/api/models/apple/mobilevit-small/commits/main "HTTP/1.1 200 OK"
2026-08-02 20:11:43,611 | [FULL    ] | INFO | httpx | HTTP Request: GET https://huggingface.co/api/models/apple/mobilevit-small/discussions?p=0 "HTTP/1.1 200 OK"
2026-08-02 20:11:43,837 | [FULL    ] | INFO | httpx | HTTP Request: GET https://huggingface.co/api/models/apple/mobilevit-small/commits/refs%2Fpr%2F6 "HTTP/1.1 200 OK"
2026-08-02 20:11:44,038 | [FULL    ] | INFO | httpx | HTTP Request: HEAD https://huggingface.co/apple/mobilevit-small/resolve/refs%2Fpr%2F6/model.safetensors.index.json "HTTP/1.1 404 Not Found"
2026-08-02 20:11:44,245 | [FULL    ] | INFO | httpx | HTTP Request: HEAD https://huggingface.co/apple/mobilevit-small/resolve/refs%2Fpr%2F6/model.safetensors "HTTP/1.1 302 Found"
2026-08-02 20:11:44,514 | [FULL    ] | INFO | full_experiments_using.model_trainers.mobile_vit_trainer | Device: cuda | max_epochs=500 | batch=32 | eval_batch=256 | es_patience=30
2026-08-02 20:11:44,566 | [FULL    ] | INFO | full_experiments_using.model_trainers.mobile_vit_trainer | CE weights — HC: 1.171  MCI: 0.873
2026-08-02 20:12:11,454 | [FULL    ] | INFO | full_experiments_using.model_trainers.mobile_vit_trainer | Ep [001/500] T-Acc:  44.1%  V-Acc:  46.8%  V-AUROC: 0.5084  LR: 2.00e-04
2026-08-02 20:12:11,513 | [FULL    ] | INFO | full_experiments_using.model_trainers.mobile_vit_trainer |   ↳ new best AUROC; saved checkpoint: /home/oem/choihyunsu/VOGBasedMCIDetection/outputs/checkpoints/run_20260802_112625_full_wvote_artifact30_w0-5-10-10-0-15-30-30_4err/fold_27_best.pth
2026-08-02 20:12:32,987 | [FULL    ] | INFO | full_experiments_using.model_trainers.mobile_vit_trainer | Ep [002/500] T-Acc:  45.4%  V-Acc:  47.2%  V-AUROC: 0.5058  LR: 4.00e-04
2026-08-02 20:12:54,446 | [FULL    ] | INFO | full_experiments_using.model_trainers.mobile_vit_trainer | Ep [003/500] T-Acc:  46.7%  V-Acc:  47.6%  V-AUROC: 0.5153  LR: 6.00e-04
2026-08-02 20:12:54,548 | [FULL    ] | INFO | full_experiments_using.model_trainers.mobile_vit_trainer |   ↳ new best AUROC; saved checkpoint: /home/oem/choihyunsu/VOGBasedMCIDetection/outputs/checkpoints/run_20260802_112625_full_wvote_artifact30_w0-5-10-10-0-15-30-30_4err/fold_27_best.pth
2026-08-02 20:13:15,974 | [FULL    ] | INFO | full_experiments_using.model_trainers.mobile_vit_trainer | Ep [004/500] T-Acc:  47.6%  V-Acc:  48.1%  V-AUROC: 0.5383  LR: 8.00e-04
2026-08-02 20:13:16,090 | [FULL    ] | INFO | full_experiments_using.model_trainers.mobile_vit_trainer |   ↳ new best AUROC; saved checkpoint: /home/oem/choihyunsu/VOGBasedMCIDetection/outputs/checkpoints/run_20260802_112625_full_wvote_artifact30_w0-5-10-10-0-15-30-30_4err/fold_27_best.pth
2026-08-02 20:13:35,425 | [FULL    ] | INFO | full_experiments_using.model_trainers.mobile_vit_trainer | Ep [005/500] T-Acc:  49.1%  V-Acc:  50.3%  V-AUROC: 0.5600  LR: 1.00e-03
2026-08-02 20:13:35,541 | [FULL    ] | INFO | full_experiments_using.model_trainers.mobile_vit_trainer |   ↳ new best AUROC; saved checkpoint: /home/oem/choihyunsu/VOGBasedMCIDetection/outputs/checkpoints/run_20260802_112625_full_wvote_artifact30_w0-5-10-10-0-15-30-30_4err/fold_27_best.pth
2026-08-02 20:13:56,212 | [FULL    ] | INFO | full_experiments_using.model_trainers.mobile_vit_trainer | Ep [006/500] T-Acc:  51.1%  V-Acc:  51.5%  V-AUROC: 0.5681  LR: 1.00e-03
2026-08-02 20:13:56,327 | [FULL    ] | INFO | full_experiments_using.model_trainers.mobile_vit_trainer |   ↳ new best AUROC; saved checkpoint: /home/oem/choihyunsu/VOGBasedMCIDetection/outputs/checkpoints/run_20260802_112625_full_wvote_artifact30_w0-5-10-10-0-15-30-30_4err/fold_27_best.pth
2026-08-02 20:14:16,606 | [FULL    ] | INFO | full_experiments_using.model_trainers.mobile_vit_trainer | Ep [007/500] T-Acc:  51.2%  V-Acc:  50.1%  V-AUROC: 0.5518  LR: 1.00e-03
2026-08-02 20:14:38,255 | [FULL    ] | INFO | full_experiments_using.model_trainers.mobile_vit_trainer | Ep [008/500] T-Acc:  54.4%  V-Acc:  52.2%  V-AUROC: 0.5661  LR: 1.00e-03
2026-08-02 20:14:59,600 | [FULL    ] | INFO | full_experiments_using.model_trainers.mobile_vit_trainer | Ep [009/500] T-Acc:  55.4%  V-Acc:  54.8%  V-AUROC: 0.5793  LR: 1.00e-03
2026-08-02 20:14:59,714 | [FULL    ] | INFO | full_experiments_using.model_trainers.mobile_vit_trainer |   ↳ new best AUROC; saved checkpoint: /home/oem/choihyunsu/VOGBasedMCIDetection/outputs/checkpoints/run_20260802_112625_full_wvote_artifact30_w0-5-10-10-0-15-30-30_4err/fold_27_best.pth
2026-08-02 20:15:21,096 | [FULL    ] | INFO | full_experiments_using.model_trainers.mobile_vit_trainer | Ep [010/500] T-Acc:  55.5%  V-Acc:  53.9%  V-AUROC: 0.5730  LR: 1.00e-03
2026-08-02 20:15:40,219 | [FULL    ] | INFO | full_experiments_using.model_trainers.mobile_vit_trainer | Ep [011/500] T-Acc:  55.8%  V-Acc:  54.3%  V-AUROC: 0.5770  LR: 1.00e-03
2026-08-02 20:16:01,473 | [FULL    ] | INFO | full_experiments_using.model_trainers.mobile_vit_trainer | Ep [012/500] T-Acc:  55.9%  V-Acc:  54.4%  V-AUROC: 0.5674  LR: 1.00e-03
2026-08-02 20:16:22,832 | [FULL    ] | INFO | full_experiments_using.model_trainers.mobile_vit_trainer | Ep [013/500] T-Acc:  56.4%  V-Acc:  54.7%  V-AUROC: 0.5796  LR: 1.00e-03
2026-08-02 20:16:22,943 | [FULL    ] | INFO | full_experiments_using.model_trainers.mobile_vit_trainer |   ↳ new best AUROC; saved checkpoint: /home/oem/choihyunsu/VOGBasedMCIDetection/outputs/checkpoints/run_20260802_112625_full_wvote_artifact30_w0-5-10-10-0-15-30-30_4err/fold_27_best.pth
2026-08-02 20:16:44,424 | [FULL    ] | INFO | full_experiments_using.model_trainers.mobile_vit_trainer | Ep [014/500] T-Acc:  57.7%  V-Acc:  55.6%  V-AUROC: 0.5858  LR: 1.00e-03
2026-08-02 20:16:44,541 | [FULL    ] | INFO | full_experiments_using.model_trainers.mobile_vit_trainer |   ↳ new best AUROC; saved checkpoint: /home/oem/choihyunsu/VOGBasedMCIDetection/outputs/checkpoints/run_20260802_112625_full_wvote_artifact30_w0-5-10-10-0-15-30-30_4err/fold_27_best.pth
2026-08-02 20:17:05,920 | [FULL    ] | INFO | full_experiments_using.model_trainers.mobile_vit_trainer | Ep [015/500] T-Acc:  57.2%  V-Acc:  55.3%  V-AUROC: 0.5748  LR: 1.00e-03
2026-08-02 20:17:27,246 | [FULL    ] | INFO | full_experiments_using.model_trainers.mobile_vit_trainer | Ep [016/500] T-Acc:  58.5%  V-Acc:  54.5%  V-AUROC: 0.5744  LR: 1.00e-03
2026-08-02 20:17:48,470 | [FULL    ] | INFO | full_experiments_using.model_trainers.mobile_vit_trainer | Ep [017/500] T-Acc:  57.3%  V-Acc:  55.7%  V-AUROC: 0.5840  LR: 1.00e-03
2026-08-02 20:18:09,731 | [FULL    ] | INFO | full_experiments_using.model_trainers.mobile_vit_trainer | Ep [018/500] T-Acc:  57.8%  V-Acc:  55.0%  V-AUROC: 0.5839  LR: 1.00e-03
2026-08-02 20:18:30,850 | [FULL    ] | INFO | full_experiments_using.model_trainers.mobile_vit_trainer | Ep [019/500] T-Acc:  58.7%  V-Acc:  56.9%  V-AUROC: 0.5815  LR: 1.00e-03
2026-08-02 20:18:52,124 | [FULL    ] | INFO | full_experiments_using.model_trainers.mobile_vit_trainer | Ep [020/500] T-Acc:  60.0%  V-Acc:  56.4%  V-AUROC: 0.5854  LR: 1.00e-03
2026-08-02 20:19:13,401 | [FULL    ] | INFO | full_experiments_using.model_trainers.mobile_vit_trainer | Ep [021/500] T-Acc:  60.2%  V-Acc:  55.4%  V-AUROC: 0.5815  LR: 1.00e-03
2026-08-02 20:19:34,787 | [FULL    ] | INFO | full_experiments_using.model_trainers.mobile_vit_trainer | Ep [022/500] T-Acc:  59.9%  V-Acc:  55.0%  V-AUROC: 0.5778  LR: 1.00e-03
2026-08-02 20:19:56,134 | [FULL    ] | INFO | full_experiments_using.model_trainers.mobile_vit_trainer | Ep [023/500] T-Acc:  60.9%  V-Acc:  56.2%  V-AUROC: 0.5872  LR: 1.00e-03
2026-08-02 20:19:56,252 | [FULL    ] | INFO | full_experiments_using.model_trainers.mobile_vit_trainer |   ↳ new best AUROC; saved checkpoint: /home/oem/choihyunsu/VOGBasedMCIDetection/outputs/checkpoints/run_20260802_112625_full_wvote_artifact30_w0-5-10-10-0-15-30-30_4err/fold_27_best.pth
2026-08-02 20:20:17,709 | [FULL    ] | INFO | full_experiments_using.model_trainers.mobile_vit_trainer | Ep [024/500] T-Acc:  59.5%  V-Acc:  56.0%  V-AUROC: 0.5896  LR: 1.00e-03
2026-08-02 20:20:17,825 | [FULL    ] | INFO | full_experiments_using.model_trainers.mobile_vit_trainer |   ↳ new best AUROC; saved checkpoint: /home/oem/choihyunsu/VOGBasedMCIDetection/outputs/checkpoints/run_20260802_112625_full_wvote_artifact30_w0-5-10-10-0-15-30-30_4err/fold_27_best.pth
2026-08-02 20:20:38,963 | [FULL    ] | INFO | full_experiments_using.model_trainers.mobile_vit_trainer | Ep [025/500] T-Acc:  60.3%  V-Acc:  54.9%  V-AUROC: 0.5840  LR: 1.00e-03
2026-08-02 20:21:00,341 | [FULL    ] | INFO | full_experiments_using.model_trainers.mobile_vit_trainer | Ep [026/500] T-Acc:  59.5%  V-Acc:  54.6%  V-AUROC: 0.5894  LR: 1.00e-03
2026-08-02 20:21:21,717 | [FULL    ] | INFO | full_experiments_using.model_trainers.mobile_vit_trainer | Ep [027/500] T-Acc:  60.6%  V-Acc:  55.5%  V-AUROC: 0.5871  LR: 1.00e-03
2026-08-02 20:21:43,104 | [FULL    ] | INFO | full_experiments_using.model_trainers.mobile_vit_trainer | Ep [028/500] T-Acc:  61.7%  V-Acc:  54.6%  V-AUROC: 0.5813  LR: 1.00e-03
2026-08-02 20:22:04,444 | [FULL    ] | INFO | full_experiments_using.model_trainers.mobile_vit_trainer | Ep [029/500] T-Acc:  61.6%  V-Acc:  56.3%  V-AUROC: 0.5851  LR: 1.00e-03
2026-08-02 20:22:25,782 | [FULL    ] | INFO | full_experiments_using.model_trainers.mobile_vit_trainer | Ep [030/500] T-Acc:  61.0%  V-Acc:  56.3%  V-AUROC: 0.5832  LR: 1.00e-03
2026-08-02 20:22:47,175 | [FULL    ] | INFO | full_experiments_using.model_trainers.mobile_vit_trainer | Ep [031/500] T-Acc:  61.5%  V-Acc:  55.4%  V-AUROC: 0.5828  LR: 1.00e-03
2026-08-02 20:23:08,534 | [FULL    ] | INFO | full_experiments_using.model_trainers.mobile_vit_trainer | Ep [032/500] T-Acc:  62.1%  V-Acc:  55.1%  V-AUROC: 0.5810  LR: 1.00e-03
2026-08-02 20:23:29,965 | [FULL    ] | INFO | full_experiments_using.model_trainers.mobile_vit_trainer | Ep [033/500] T-Acc:  61.4%  V-Acc:  54.9%  V-AUROC: 0.5783  LR: 1.00e-03
2026-08-02 20:23:51,472 | [FULL    ] | INFO | full_experiments_using.model_trainers.mobile_vit_trainer | Ep [034/500] T-Acc:  62.3%  V-Acc:  55.2%  V-AUROC: 0.5842  LR: 1.00e-03
2026-08-02 20:24:12,764 | [FULL    ] | INFO | full_experiments_using.model_trainers.mobile_vit_trainer | Ep [035/500] T-Acc:  62.3%  V-Acc:  55.7%  V-AUROC: 0.5833  LR: 1.00e-03
2026-08-02 20:24:34,009 | [FULL    ] | INFO | full_experiments_using.model_trainers.mobile_vit_trainer | Ep [036/500] T-Acc:  62.6%  V-Acc:  55.2%  V-AUROC: 0.5835  LR: 2.00e-04
2026-08-02 20:24:55,490 | [FULL    ] | INFO | full_experiments_using.model_trainers.mobile_vit_trainer | Ep [037/500] T-Acc:  62.5%  V-Acc:  55.2%  V-AUROC: 0.5801  LR: 2.00e-04
2026-08-02 20:25:16,886 | [FULL    ] | INFO | full_experiments_using.model_trainers.mobile_vit_trainer | Ep [038/500] T-Acc:  62.2%  V-Acc:  55.3%  V-AUROC: 0.5845  LR: 2.00e-04
2026-08-02 20:25:38,178 | [FULL    ] | INFO | full_experiments_using.model_trainers.mobile_vit_trainer | Ep [039/500] T-Acc:  61.8%  V-Acc:  55.5%  V-AUROC: 0.5830  LR: 2.00e-04
2026-08-02 20:25:59,633 | [FULL    ] | INFO | full_experiments_using.model_trainers.mobile_vit_trainer | Ep [040/500] T-Acc:  62.6%  V-Acc:  55.8%  V-AUROC: 0.5848  LR: 2.00e-04
2026-08-02 20:26:20,940 | [FULL    ] | INFO | full_experiments_using.model_trainers.mobile_vit_trainer | Ep [041/500] T-Acc:  62.3%  V-Acc:  55.2%  V-AUROC: 0.5854  LR: 2.00e-04
2026-08-02 20:26:42,316 | [FULL    ] | INFO | full_experiments_using.model_trainers.mobile_vit_trainer | Ep [042/500] T-Acc:  62.9%  V-Acc:  55.0%  V-AUROC: 0.5847  LR: 2.00e-04
2026-08-02 20:27:03,734 | [FULL    ] | INFO | full_experiments_using.model_trainers.mobile_vit_trainer | Ep [043/500] T-Acc:  62.1%  V-Acc:  55.2%  V-AUROC: 0.5839  LR: 2.00e-04
2026-08-02 20:27:25,185 | [FULL    ] | INFO | full_experiments_using.model_trainers.mobile_vit_trainer | Ep [044/500] T-Acc:  61.9%  V-Acc:  55.7%  V-AUROC: 0.5837  LR: 2.00e-04
2026-08-02 20:27:46,695 | [FULL    ] | INFO | full_experiments_using.model_trainers.mobile_vit_trainer | Ep [045/500] T-Acc:  61.9%  V-Acc:  55.6%  V-AUROC: 0.5835  LR: 2.00e-04
2026-08-02 20:28:08,116 | [FULL    ] | INFO | full_experiments_using.model_trainers.mobile_vit_trainer | Ep [046/500] T-Acc:  63.3%  V-Acc:  55.2%  V-AUROC: 0.5841  LR: 2.00e-04
2026-08-02 20:28:29,467 | [FULL    ] | INFO | full_experiments_using.model_trainers.mobile_vit_trainer | Ep [047/500] T-Acc:  62.1%  V-Acc:  55.4%  V-AUROC: 0.5845  LR: 4.00e-05
2026-08-02 20:28:50,818 | [FULL    ] | INFO | full_experiments_using.model_trainers.mobile_vit_trainer | Ep [048/500] T-Acc:  62.3%  V-Acc:  55.8%  V-AUROC: 0.5845  LR: 4.00e-05
2026-08-02 20:29:10,969 | [FULL    ] | INFO | full_experiments_using.model_trainers.mobile_vit_trainer | Ep [049/500] T-Acc:  63.0%  V-Acc:  55.4%  V-AUROC: 0.5846  LR: 4.00e-05
2026-08-02 20:29:32,077 | [FULL    ] | INFO | full_experiments_using.model_trainers.mobile_vit_trainer | Ep [050/500] T-Acc:  64.0%  V-Acc:  55.8%  V-AUROC: 0.5850  LR: 4.00e-05
2026-08-02 20:29:53,415 | [FULL    ] | INFO | full_experiments_using.model_trainers.mobile_vit_trainer | Ep [051/500] T-Acc:  63.2%  V-Acc:  55.2%  V-AUROC: 0.5843  LR: 4.00e-05
2026-08-02 20:30:14,731 | [FULL    ] | INFO | full_experiments_using.model_trainers.mobile_vit_trainer | Ep [052/500] T-Acc:  62.6%  V-Acc:  55.7%  V-AUROC: 0.5833  LR: 4.00e-05
2026-08-02 20:30:35,872 | [FULL    ] | INFO | full_experiments_using.model_trainers.mobile_vit_trainer | Ep [053/500] T-Acc:  62.9%  V-Acc:  55.6%  V-AUROC: 0.5852  LR: 4.00e-05
2026-08-02 20:30:57,345 | [FULL    ] | INFO | full_experiments_using.model_trainers.mobile_vit_trainer | Ep [054/500] T-Acc:  62.1%  V-Acc:  55.6%  V-AUROC: 0.5864  LR: 4.00e-05
2026-08-02 20:30:57,345 | [FULL    ] | INFO | full_experiments_using.model_trainers.mobile_vit_trainer | Early stop — best AUROC 0.5896 at epoch 24 (no improvement for 30 epochs)
2026-08-02 20:30:57,345 | [FULL    ] | INFO | full_experiments_using.model_trainers.mobile_vit_trainer | Done. Best AUROC: 0.5896 (epoch 24) → /home/oem/choihyunsu/VOGBasedMCIDetection/outputs/checkpoints/run_20260802_112625_full_wvote_artifact30_w0-5-10-10-0-15-30-30_4err/fold_27_best.pth
2026-08-02 20:31:03,412 | [FULL    ] | INFO | full_experiments_using.evaluators.monte_carlo_evaluator | -> Fold 28 Result | Acc=0.700 Sens=0.833 Spec=0.500 AUROC=0.833
2026-08-02 20:31:03,419 | [FULL    ] | INFO | full_experiments_using.evaluators.monte_carlo_evaluator | === Fold 29/30 | train: 25 subj (HC=12 MCI=13) / 3949 win | test: 12 subj (HC=2 MCI=10) / 1766 win ===
2026-08-02 20:31:03,647 | [FULL    ] | INFO | httpx | HTTP Request: HEAD https://huggingface.co/apple/mobilevit-small/resolve/main/config.json "HTTP/1.1 307 Temporary Redirect"
2026-08-02 20:31:03,659 | [FULL    ] | INFO | httpx | HTTP Request: HEAD https://huggingface.co/api/resolve-cache/models/apple/mobilevit-small/6c8612545dc98676d27bc518fa521d9e9af23e34/config.json "HTTP/1.1 200 OK"
2026-08-02 20:31:03,937 | [FULL    ] | INFO | httpx | HTTP Request: HEAD https://huggingface.co/apple/mobilevit-small/resolve/main/model.safetensors "HTTP/1.1 404 Not Found"
2026-08-02 20:31:04,137 | [FULL    ] | INFO | httpx | HTTP Request: HEAD https://huggingface.co/apple/mobilevit-small/resolve/main/model.safetensors.index.json "HTTP/1.1 404 Not Found"
2026-08-02 20:31:04,340 | [FULL    ] | INFO | httpx | HTTP Request: HEAD https://huggingface.co/apple/mobilevit-small/resolve/main/pytorch_model.bin "HTTP/1.1 302 Found"
2026-08-02 20:31:04,544 | [FULL    ] | INFO | httpx | HTTP Request: HEAD https://huggingface.co/apple/mobilevit-small/resolve/main/model.safetensors "HTTP/1.1 404 Not Found"
2026-08-02 20:31:04,743 | [FULL    ] | INFO | httpx | HTTP Request: GET https://huggingface.co/api/models/apple/mobilevit-small "HTTP/1.1 200 OK"
2026-08-02 20:31:05,008 | [FULL    ] | INFO | httpx | HTTP Request: GET https://huggingface.co/api/models/apple/mobilevit-small/commits/main "HTTP/1.1 200 OK"
2026-08-02 20:31:05,222 | [FULL    ] | INFO | httpx | HTTP Request: GET https://huggingface.co/api/models/apple/mobilevit-small/discussions?p=0 "HTTP/1.1 200 OK"
2026-08-02 20:31:05,436 | [FULL    ] | INFO | httpx | HTTP Request: GET https://huggingface.co/api/models/apple/mobilevit-small/commits/refs%2Fpr%2F6 "HTTP/1.1 200 OK"
2026-08-02 20:31:05,640 | [FULL    ] | INFO | httpx | HTTP Request: HEAD https://huggingface.co/apple/mobilevit-small/resolve/refs%2Fpr%2F6/model.safetensors.index.json "HTTP/1.1 404 Not Found"
2026-08-02 20:31:05,846 | [FULL    ] | INFO | httpx | HTTP Request: HEAD https://huggingface.co/apple/mobilevit-small/resolve/refs%2Fpr%2F6/model.safetensors "HTTP/1.1 302 Found"
2026-08-02 20:31:06,161 | [FULL    ] | INFO | full_experiments_using.model_trainers.mobile_vit_trainer | Device: cuda | max_epochs=500 | batch=32 | eval_batch=256 | es_patience=30
2026-08-02 20:31:06,175 | [FULL    ] | INFO | full_experiments_using.model_trainers.mobile_vit_trainer | CE weights — HC: 0.939  MCI: 1.070
2026-08-02 20:31:41,443 | [FULL    ] | INFO | full_experiments_using.model_trainers.mobile_vit_trainer | Ep [001/500] T-Acc:  52.1%  V-Acc:  31.0%  V-AUROC: 0.5356  LR: 2.00e-04
2026-08-02 20:31:41,503 | [FULL    ] | INFO | full_experiments_using.model_trainers.mobile_vit_trainer |   ↳ new best AUROC; saved checkpoint: /home/oem/choihyunsu/VOGBasedMCIDetection/outputs/checkpoints/run_20260802_112625_full_wvote_artifact30_w0-5-10-10-0-15-30-30_4err/fold_28_best.pth
2026-08-02 20:32:01,805 | [FULL    ] | INFO | full_experiments_using.model_trainers.mobile_vit_trainer | Ep [002/500] T-Acc:  52.0%  V-Acc:  32.6%  V-AUROC: 0.5176  LR: 4.00e-04
2026-08-02 20:32:20,488 | [FULL    ] | INFO | full_experiments_using.model_trainers.mobile_vit_trainer | Ep [003/500] T-Acc:  52.1%  V-Acc:  37.4%  V-AUROC: 0.5143  LR: 6.00e-04
2026-08-02 20:32:41,917 | [FULL    ] | INFO | full_experiments_using.model_trainers.mobile_vit_trainer | Ep [004/500] T-Acc:  51.3%  V-Acc:  37.2%  V-AUROC: 0.5070  LR: 8.00e-04
2026-08-02 20:33:03,173 | [FULL    ] | INFO | full_experiments_using.model_trainers.mobile_vit_trainer | Ep [005/500] T-Acc:  51.7%  V-Acc:  43.3%  V-AUROC: 0.5411  LR: 1.00e-03
2026-08-02 20:33:03,291 | [FULL    ] | INFO | full_experiments_using.model_trainers.mobile_vit_trainer |   ↳ new best AUROC; saved checkpoint: /home/oem/choihyunsu/VOGBasedMCIDetection/outputs/checkpoints/run_20260802_112625_full_wvote_artifact30_w0-5-10-10-0-15-30-30_4err/fold_28_best.pth
2026-08-02 20:33:24,851 | [FULL    ] | INFO | full_experiments_using.model_trainers.mobile_vit_trainer | Ep [006/500] T-Acc:  52.4%  V-Acc:  40.9%  V-AUROC: 0.5176  LR: 1.00e-03
2026-08-02 20:33:46,327 | [FULL    ] | INFO | full_experiments_using.model_trainers.mobile_vit_trainer | Ep [007/500] T-Acc:  50.7%  V-Acc:  44.1%  V-AUROC: 0.5883  LR: 1.00e-03
2026-08-02 20:33:46,448 | [FULL    ] | INFO | full_experiments_using.model_trainers.mobile_vit_trainer |   ↳ new best AUROC; saved checkpoint: /home/oem/choihyunsu/VOGBasedMCIDetection/outputs/checkpoints/run_20260802_112625_full_wvote_artifact30_w0-5-10-10-0-15-30-30_4err/fold_28_best.pth
2026-08-02 20:34:07,642 | [FULL    ] | INFO | full_experiments_using.model_trainers.mobile_vit_trainer | Ep [008/500] T-Acc:  53.0%  V-Acc:  47.0%  V-AUROC: 0.5361  LR: 1.00e-03
2026-08-02 20:34:28,972 | [FULL    ] | INFO | full_experiments_using.model_trainers.mobile_vit_trainer | Ep [009/500] T-Acc:  52.2%  V-Acc:  45.9%  V-AUROC: 0.5824  LR: 1.00e-03
2026-08-02 20:34:50,349 | [FULL    ] | INFO | full_experiments_using.model_trainers.mobile_vit_trainer | Ep [010/500] T-Acc:  52.9%  V-Acc:  45.5%  V-AUROC: 0.5615  LR: 1.00e-03
2026-08-02 20:35:11,610 | [FULL    ] | INFO | full_experiments_using.model_trainers.mobile_vit_trainer | Ep [011/500] T-Acc:  52.3%  V-Acc:  45.2%  V-AUROC: 0.5535  LR: 1.00e-03
2026-08-02 20:35:33,365 | [FULL    ] | INFO | full_experiments_using.model_trainers.mobile_vit_trainer | Ep [012/500] T-Acc:  52.1%  V-Acc:  52.2%  V-AUROC: 0.5716  LR: 1.00e-03
2026-08-02 20:35:54,693 | [FULL    ] | INFO | full_experiments_using.model_trainers.mobile_vit_trainer | Ep [013/500] T-Acc:  54.4%  V-Acc:  50.9%  V-AUROC: 0.5900  LR: 1.00e-03
2026-08-02 20:35:54,812 | [FULL    ] | INFO | full_experiments_using.model_trainers.mobile_vit_trainer |   ↳ new best AUROC; saved checkpoint: /home/oem/choihyunsu/VOGBasedMCIDetection/outputs/checkpoints/run_20260802_112625_full_wvote_artifact30_w0-5-10-10-0-15-30-30_4err/fold_28_best.pth
2026-08-02 20:36:16,208 | [FULL    ] | INFO | full_experiments_using.model_trainers.mobile_vit_trainer | Ep [014/500] T-Acc:  55.0%  V-Acc:  50.2%  V-AUROC: 0.5934  LR: 1.00e-03
2026-08-02 20:36:16,328 | [FULL    ] | INFO | full_experiments_using.model_trainers.mobile_vit_trainer |   ↳ new best AUROC; saved checkpoint: /home/oem/choihyunsu/VOGBasedMCIDetection/outputs/checkpoints/run_20260802_112625_full_wvote_artifact30_w0-5-10-10-0-15-30-30_4err/fold_28_best.pth
2026-08-02 20:36:37,676 | [FULL    ] | INFO | full_experiments_using.model_trainers.mobile_vit_trainer | Ep [015/500] T-Acc:  54.0%  V-Acc:  50.9%  V-AUROC: 0.5878  LR: 1.00e-03
2026-08-02 20:36:59,060 | [FULL    ] | INFO | full_experiments_using.model_trainers.mobile_vit_trainer | Ep [016/500] T-Acc:  54.3%  V-Acc:  51.6%  V-AUROC: 0.5905  LR: 1.00e-03
2026-08-02 20:37:20,600 | [FULL    ] | INFO | full_experiments_using.model_trainers.mobile_vit_trainer | Ep [017/500] T-Acc:  54.5%  V-Acc:  56.5%  V-AUROC: 0.6021  LR: 1.00e-03
2026-08-02 20:37:20,725 | [FULL    ] | INFO | full_experiments_using.model_trainers.mobile_vit_trainer |   ↳ new best AUROC; saved checkpoint: /home/oem/choihyunsu/VOGBasedMCIDetection/outputs/checkpoints/run_20260802_112625_full_wvote_artifact30_w0-5-10-10-0-15-30-30_4err/fold_28_best.pth
2026-08-02 20:37:42,319 | [FULL    ] | INFO | full_experiments_using.model_trainers.mobile_vit_trainer | Ep [018/500] T-Acc:  55.3%  V-Acc:  54.9%  V-AUROC: 0.5954  LR: 1.00e-03
2026-08-02 20:38:03,891 | [FULL    ] | INFO | full_experiments_using.model_trainers.mobile_vit_trainer | Ep [019/500] T-Acc:  55.9%  V-Acc:  52.8%  V-AUROC: 0.5996  LR: 1.00e-03
2026-08-02 20:38:25,313 | [FULL    ] | INFO | full_experiments_using.model_trainers.mobile_vit_trainer | Ep [020/500] T-Acc:  56.0%  V-Acc:  48.5%  V-AUROC: 0.5919  LR: 1.00e-03
2026-08-02 20:38:46,703 | [FULL    ] | INFO | full_experiments_using.model_trainers.mobile_vit_trainer | Ep [021/500] T-Acc:  55.6%  V-Acc:  52.5%  V-AUROC: 0.6199  LR: 1.00e-03
2026-08-02 20:38:46,828 | [FULL    ] | INFO | full_experiments_using.model_trainers.mobile_vit_trainer |   ↳ new best AUROC; saved checkpoint: /home/oem/choihyunsu/VOGBasedMCIDetection/outputs/checkpoints/run_20260802_112625_full_wvote_artifact30_w0-5-10-10-0-15-30-30_4err/fold_28_best.pth
2026-08-02 20:39:08,430 | [FULL    ] | INFO | full_experiments_using.model_trainers.mobile_vit_trainer | Ep [022/500] T-Acc:  55.4%  V-Acc:  50.8%  V-AUROC: 0.5998  LR: 1.00e-03
2026-08-02 20:39:29,971 | [FULL    ] | INFO | full_experiments_using.model_trainers.mobile_vit_trainer | Ep [023/500] T-Acc:  55.6%  V-Acc:  51.3%  V-AUROC: 0.6111  LR: 1.00e-03
2026-08-02 20:39:51,503 | [FULL    ] | INFO | full_experiments_using.model_trainers.mobile_vit_trainer | Ep [024/500] T-Acc:  56.3%  V-Acc:  52.0%  V-AUROC: 0.5865  LR: 1.00e-03
2026-08-02 20:40:12,973 | [FULL    ] | INFO | full_experiments_using.model_trainers.mobile_vit_trainer | Ep [025/500] T-Acc:  55.0%  V-Acc:  50.5%  V-AUROC: 0.6100  LR: 1.00e-03
2026-08-02 20:40:34,498 | [FULL    ] | INFO | full_experiments_using.model_trainers.mobile_vit_trainer | Ep [026/500] T-Acc:  56.6%  V-Acc:  51.1%  V-AUROC: 0.6287  LR: 1.00e-03
2026-08-02 20:40:34,616 | [FULL    ] | INFO | full_experiments_using.model_trainers.mobile_vit_trainer |   ↳ new best AUROC; saved checkpoint: /home/oem/choihyunsu/VOGBasedMCIDetection/outputs/checkpoints/run_20260802_112625_full_wvote_artifact30_w0-5-10-10-0-15-30-30_4err/fold_28_best.pth
2026-08-02 20:40:56,147 | [FULL    ] | INFO | full_experiments_using.model_trainers.mobile_vit_trainer | Ep [027/500] T-Acc:  57.0%  V-Acc:  51.5%  V-AUROC: 0.6128  LR: 1.00e-03
2026-08-02 20:41:17,510 | [FULL    ] | INFO | full_experiments_using.model_trainers.mobile_vit_trainer | Ep [028/500] T-Acc:  56.8%  V-Acc:  55.0%  V-AUROC: 0.6066  LR: 1.00e-03
2026-08-02 20:41:39,089 | [FULL    ] | INFO | full_experiments_using.model_trainers.mobile_vit_trainer | Ep [029/500] T-Acc:  55.3%  V-Acc:  52.2%  V-AUROC: 0.6186  LR: 1.00e-03
2026-08-02 20:42:00,516 | [FULL    ] | INFO | full_experiments_using.model_trainers.mobile_vit_trainer | Ep [030/500] T-Acc:  55.8%  V-Acc:  53.0%  V-AUROC: 0.6209  LR: 1.00e-03
2026-08-02 20:42:21,962 | [FULL    ] | INFO | full_experiments_using.model_trainers.mobile_vit_trainer | Ep [031/500] T-Acc:  55.3%  V-Acc:  54.5%  V-AUROC: 0.6154  LR: 1.00e-03
2026-08-02 20:42:43,410 | [FULL    ] | INFO | full_experiments_using.model_trainers.mobile_vit_trainer | Ep [032/500] T-Acc:  55.3%  V-Acc:  52.1%  V-AUROC: 0.6202  LR: 1.00e-03
2026-08-02 20:43:04,899 | [FULL    ] | INFO | full_experiments_using.model_trainers.mobile_vit_trainer | Ep [033/500] T-Acc:  56.2%  V-Acc:  55.8%  V-AUROC: 0.6142  LR: 1.00e-03
2026-08-02 20:43:26,540 | [FULL    ] | INFO | full_experiments_using.model_trainers.mobile_vit_trainer | Ep [034/500] T-Acc:  57.1%  V-Acc:  60.6%  V-AUROC: 0.6334  LR: 1.00e-03
2026-08-02 20:43:26,618 | [FULL    ] | INFO | full_experiments_using.model_trainers.mobile_vit_trainer |   ↳ new best AUROC; saved checkpoint: /home/oem/choihyunsu/VOGBasedMCIDetection/outputs/checkpoints/run_20260802_112625_full_wvote_artifact30_w0-5-10-10-0-15-30-30_4err/fold_28_best.pth
2026-08-02 20:43:48,064 | [FULL    ] | INFO | full_experiments_using.model_trainers.mobile_vit_trainer | Ep [035/500] T-Acc:  57.6%  V-Acc:  53.9%  V-AUROC: 0.6262  LR: 1.00e-03
2026-08-02 20:44:09,512 | [FULL    ] | INFO | full_experiments_using.model_trainers.mobile_vit_trainer | Ep [036/500] T-Acc:  58.2%  V-Acc:  56.7%  V-AUROC: 0.6174  LR: 1.00e-03
2026-08-02 20:44:31,143 | [FULL    ] | INFO | full_experiments_using.model_trainers.mobile_vit_trainer | Ep [037/500] T-Acc:  56.1%  V-Acc:  56.4%  V-AUROC: 0.6335  LR: 1.00e-03
2026-08-02 20:44:31,265 | [FULL    ] | INFO | full_experiments_using.model_trainers.mobile_vit_trainer |   ↳ new best AUROC; saved checkpoint: /home/oem/choihyunsu/VOGBasedMCIDetection/outputs/checkpoints/run_20260802_112625_full_wvote_artifact30_w0-5-10-10-0-15-30-30_4err/fold_28_best.pth
2026-08-02 20:44:53,014 | [FULL    ] | INFO | full_experiments_using.model_trainers.mobile_vit_trainer | Ep [038/500] T-Acc:  56.7%  V-Acc:  50.8%  V-AUROC: 0.6273  LR: 1.00e-03
2026-08-02 20:45:14,573 | [FULL    ] | INFO | full_experiments_using.model_trainers.mobile_vit_trainer | Ep [039/500] T-Acc:  58.1%  V-Acc:  54.7%  V-AUROC: 0.6339  LR: 1.00e-03
2026-08-02 20:45:14,689 | [FULL    ] | INFO | full_experiments_using.model_trainers.mobile_vit_trainer |   ↳ new best AUROC; saved checkpoint: /home/oem/choihyunsu/VOGBasedMCIDetection/outputs/checkpoints/run_20260802_112625_full_wvote_artifact30_w0-5-10-10-0-15-30-30_4err/fold_28_best.pth
2026-08-02 20:45:36,121 | [FULL    ] | INFO | full_experiments_using.model_trainers.mobile_vit_trainer | Ep [040/500] T-Acc:  59.0%  V-Acc:  52.2%  V-AUROC: 0.6390  LR: 1.00e-03
2026-08-02 20:45:36,245 | [FULL    ] | INFO | full_experiments_using.model_trainers.mobile_vit_trainer |   ↳ new best AUROC; saved checkpoint: /home/oem/choihyunsu/VOGBasedMCIDetection/outputs/checkpoints/run_20260802_112625_full_wvote_artifact30_w0-5-10-10-0-15-30-30_4err/fold_28_best.pth
2026-08-02 20:45:57,825 | [FULL    ] | INFO | full_experiments_using.model_trainers.mobile_vit_trainer | Ep [041/500] T-Acc:  57.9%  V-Acc:  55.4%  V-AUROC: 0.6365  LR: 1.00e-03
2026-08-02 20:46:18,917 | [FULL    ] | INFO | full_experiments_using.model_trainers.mobile_vit_trainer | Ep [042/500] T-Acc:  57.6%  V-Acc:  54.3%  V-AUROC: 0.6456  LR: 1.00e-03
2026-08-02 20:46:19,100 | [FULL    ] | INFO | full_experiments_using.model_trainers.mobile_vit_trainer |   ↳ new best AUROC; saved checkpoint: /home/oem/choihyunsu/VOGBasedMCIDetection/outputs/checkpoints/run_20260802_112625_full_wvote_artifact30_w0-5-10-10-0-15-30-30_4err/fold_28_best.pth
2026-08-02 20:46:40,630 | [FULL    ] | INFO | full_experiments_using.model_trainers.mobile_vit_trainer | Ep [043/500] T-Acc:  57.3%  V-Acc:  58.0%  V-AUROC: 0.6352  LR: 1.00e-03
2026-08-02 20:47:02,061 | [FULL    ] | INFO | full_experiments_using.model_trainers.mobile_vit_trainer | Ep [044/500] T-Acc:  56.6%  V-Acc:  51.2%  V-AUROC: 0.6169  LR: 1.00e-03
2026-08-02 20:47:23,428 | [FULL    ] | INFO | full_experiments_using.model_trainers.mobile_vit_trainer | Ep [045/500] T-Acc:  57.5%  V-Acc:  53.5%  V-AUROC: 0.6201  LR: 1.00e-03
2026-08-02 20:47:43,005 | [FULL    ] | INFO | full_experiments_using.model_trainers.mobile_vit_trainer | Ep [046/500] T-Acc:  58.1%  V-Acc:  54.6%  V-AUROC: 0.6203  LR: 1.00e-03
2026-08-02 20:48:04,161 | [FULL    ] | INFO | full_experiments_using.model_trainers.mobile_vit_trainer | Ep [047/500] T-Acc:  58.7%  V-Acc:  50.0%  V-AUROC: 0.6201  LR: 1.00e-03
2026-08-02 20:48:24,235 | [FULL    ] | INFO | full_experiments_using.model_trainers.mobile_vit_trainer | Ep [048/500] T-Acc:  57.4%  V-Acc:  57.0%  V-AUROC: 0.6147  LR: 1.00e-03
2026-08-02 20:48:44,489 | [FULL    ] | INFO | full_experiments_using.model_trainers.mobile_vit_trainer | Ep [049/500] T-Acc:  57.9%  V-Acc:  54.0%  V-AUROC: 0.6227  LR: 1.00e-03
2026-08-02 20:49:03,900 | [FULL    ] | INFO | full_experiments_using.model_trainers.mobile_vit_trainer | Ep [050/500] T-Acc:  56.7%  V-Acc:  54.8%  V-AUROC: 0.6367  LR: 1.00e-03
2026-08-02 20:49:24,372 | [FULL    ] | INFO | full_experiments_using.model_trainers.mobile_vit_trainer | Ep [051/500] T-Acc:  58.2%  V-Acc:  56.9%  V-AUROC: 0.6323  LR: 1.00e-03
2026-08-02 20:49:45,475 | [FULL    ] | INFO | full_experiments_using.model_trainers.mobile_vit_trainer | Ep [052/500] T-Acc:  58.3%  V-Acc:  51.4%  V-AUROC: 0.6238  LR: 1.00e-03
2026-08-02 20:50:06,809 | [FULL    ] | INFO | full_experiments_using.model_trainers.mobile_vit_trainer | Ep [053/500] T-Acc:  59.4%  V-Acc:  54.4%  V-AUROC: 0.6223  LR: 1.00e-03
2026-08-02 20:50:28,303 | [FULL    ] | INFO | full_experiments_using.model_trainers.mobile_vit_trainer | Ep [054/500] T-Acc:  59.0%  V-Acc:  54.2%  V-AUROC: 0.6194  LR: 2.00e-04
2026-08-02 20:50:49,595 | [FULL    ] | INFO | full_experiments_using.model_trainers.mobile_vit_trainer | Ep [055/500] T-Acc:  58.6%  V-Acc:  53.2%  V-AUROC: 0.6203  LR: 2.00e-04
2026-08-02 20:51:11,242 | [FULL    ] | INFO | full_experiments_using.model_trainers.mobile_vit_trainer | Ep [056/500] T-Acc:  58.0%  V-Acc:  52.8%  V-AUROC: 0.6187  LR: 2.00e-04
2026-08-02 20:51:32,576 | [FULL    ] | INFO | full_experiments_using.model_trainers.mobile_vit_trainer | Ep [057/500] T-Acc:  60.0%  V-Acc:  54.2%  V-AUROC: 0.6230  LR: 2.00e-04
2026-08-02 20:51:53,935 | [FULL    ] | INFO | full_experiments_using.model_trainers.mobile_vit_trainer | Ep [058/500] T-Acc:  58.2%  V-Acc:  55.0%  V-AUROC: 0.6239  LR: 2.00e-04
2026-08-02 20:52:15,142 | [FULL    ] | INFO | full_experiments_using.model_trainers.mobile_vit_trainer | Ep [059/500] T-Acc:  58.7%  V-Acc:  53.3%  V-AUROC: 0.6213  LR: 2.00e-04
2026-08-02 20:52:36,471 | [FULL    ] | INFO | full_experiments_using.model_trainers.mobile_vit_trainer | Ep [060/500] T-Acc:  59.8%  V-Acc:  54.9%  V-AUROC: 0.6253  LR: 2.00e-04
2026-08-02 20:52:57,859 | [FULL    ] | INFO | full_experiments_using.model_trainers.mobile_vit_trainer | Ep [061/500] T-Acc:  59.8%  V-Acc:  54.5%  V-AUROC: 0.6257  LR: 2.00e-04
2026-08-02 20:53:19,281 | [FULL    ] | INFO | full_experiments_using.model_trainers.mobile_vit_trainer | Ep [062/500] T-Acc:  58.3%  V-Acc:  55.5%  V-AUROC: 0.6276  LR: 2.00e-04
2026-08-02 20:53:40,593 | [FULL    ] | INFO | full_experiments_using.model_trainers.mobile_vit_trainer | Ep [063/500] T-Acc:  60.0%  V-Acc:  54.4%  V-AUROC: 0.6241  LR: 2.00e-04
2026-08-02 20:54:01,982 | [FULL    ] | INFO | full_experiments_using.model_trainers.mobile_vit_trainer | Ep [064/500] T-Acc:  59.2%  V-Acc:  54.6%  V-AUROC: 0.6244  LR: 2.00e-04
2026-08-02 20:54:23,543 | [FULL    ] | INFO | full_experiments_using.model_trainers.mobile_vit_trainer | Ep [065/500] T-Acc:  58.9%  V-Acc:  54.9%  V-AUROC: 0.6281  LR: 4.00e-05
2026-08-02 20:54:44,750 | [FULL    ] | INFO | full_experiments_using.model_trainers.mobile_vit_trainer | Ep [066/500] T-Acc:  58.6%  V-Acc:  54.9%  V-AUROC: 0.6236  LR: 4.00e-05
2026-08-02 20:55:06,295 | [FULL    ] | INFO | full_experiments_using.model_trainers.mobile_vit_trainer | Ep [067/500] T-Acc:  60.7%  V-Acc:  54.4%  V-AUROC: 0.6264  LR: 4.00e-05
2026-08-02 20:55:27,688 | [FULL    ] | INFO | full_experiments_using.model_trainers.mobile_vit_trainer | Ep [068/500] T-Acc:  59.1%  V-Acc:  54.6%  V-AUROC: 0.6249  LR: 4.00e-05
2026-08-02 20:55:49,191 | [FULL    ] | INFO | full_experiments_using.model_trainers.mobile_vit_trainer | Ep [069/500] T-Acc:  59.9%  V-Acc:  55.0%  V-AUROC: 0.6301  LR: 4.00e-05
2026-08-02 20:56:10,638 | [FULL    ] | INFO | full_experiments_using.model_trainers.mobile_vit_trainer | Ep [070/500] T-Acc:  59.3%  V-Acc:  55.6%  V-AUROC: 0.6271  LR: 4.00e-05
2026-08-02 20:56:32,116 | [FULL    ] | INFO | full_experiments_using.model_trainers.mobile_vit_trainer | Ep [071/500] T-Acc:  60.6%  V-Acc:  54.8%  V-AUROC: 0.6259  LR: 4.00e-05
2026-08-02 20:56:53,618 | [FULL    ] | INFO | full_experiments_using.model_trainers.mobile_vit_trainer | Ep [072/500] T-Acc:  60.5%  V-Acc:  54.0%  V-AUROC: 0.6264  LR: 4.00e-05
2026-08-02 20:56:53,619 | [FULL    ] | INFO | full_experiments_using.model_trainers.mobile_vit_trainer | Early stop — best AUROC 0.6456 at epoch 42 (no improvement for 30 epochs)
2026-08-02 20:56:53,619 | [FULL    ] | INFO | full_experiments_using.model_trainers.mobile_vit_trainer | Done. Best AUROC: 0.6456 (epoch 42) → /home/oem/choihyunsu/VOGBasedMCIDetection/outputs/checkpoints/run_20260802_112625_full_wvote_artifact30_w0-5-10-10-0-15-30-30_4err/fold_28_best.pth
2026-08-02 20:57:01,469 | [FULL    ] | INFO | full_experiments_using.evaluators.monte_carlo_evaluator | -> Fold 29 Result | Acc=0.800 Sens=0.875 Spec=0.500 AUROC=0.938
2026-08-02 20:57:01,476 | [FULL    ] | INFO | full_experiments_using.evaluators.monte_carlo_evaluator | === Fold 30/30 | train: 25 subj (HC=11 MCI=14) / 3928 win | test: 12 subj (HC=3 MCI=9) / 1787 win ===
2026-08-02 20:57:01,722 | [FULL    ] | INFO | httpx | HTTP Request: HEAD https://huggingface.co/apple/mobilevit-small/resolve/main/config.json "HTTP/1.1 307 Temporary Redirect"
2026-08-02 20:57:01,736 | [FULL    ] | INFO | httpx | HTTP Request: HEAD https://huggingface.co/api/resolve-cache/models/apple/mobilevit-small/6c8612545dc98676d27bc518fa521d9e9af23e34/config.json "HTTP/1.1 200 OK"
2026-08-02 20:57:02,018 | [FULL    ] | INFO | httpx | HTTP Request: HEAD https://huggingface.co/apple/mobilevit-small/resolve/main/model.safetensors "HTTP/1.1 404 Not Found"
2026-08-02 20:57:02,225 | [FULL    ] | INFO | httpx | HTTP Request: HEAD https://huggingface.co/apple/mobilevit-small/resolve/main/model.safetensors.index.json "HTTP/1.1 404 Not Found"
2026-08-02 20:57:02,429 | [FULL    ] | INFO | httpx | HTTP Request: HEAD https://huggingface.co/apple/mobilevit-small/resolve/main/pytorch_model.bin "HTTP/1.1 302 Found"
2026-08-02 20:57:02,630 | [FULL    ] | INFO | httpx | HTTP Request: HEAD https://huggingface.co/apple/mobilevit-small/resolve/main/model.safetensors "HTTP/1.1 404 Not Found"
2026-08-02 20:57:02,835 | [FULL    ] | INFO | httpx | HTTP Request: GET https://huggingface.co/api/models/apple/mobilevit-small "HTTP/1.1 200 OK"
2026-08-02 20:57:03,093 | [FULL    ] | INFO | httpx | HTTP Request: GET https://huggingface.co/api/models/apple/mobilevit-small/commits/main "HTTP/1.1 200 OK"
2026-08-02 20:57:03,315 | [FULL    ] | INFO | httpx | HTTP Request: GET https://huggingface.co/api/models/apple/mobilevit-small/discussions?p=0 "HTTP/1.1 200 OK"
2026-08-02 20:57:03,536 | [FULL    ] | INFO | httpx | HTTP Request: GET https://huggingface.co/api/models/apple/mobilevit-small/commits/refs%2Fpr%2F6 "HTTP/1.1 200 OK"
2026-08-02 20:57:03,761 | [FULL    ] | INFO | httpx | HTTP Request: HEAD https://huggingface.co/apple/mobilevit-small/resolve/refs%2Fpr%2F6/model.safetensors.index.json "HTTP/1.1 404 Not Found"
2026-08-02 20:57:03,976 | [FULL    ] | INFO | httpx | HTTP Request: HEAD https://huggingface.co/apple/mobilevit-small/resolve/refs%2Fpr%2F6/model.safetensors "HTTP/1.1 302 Found"
2026-08-02 20:57:04,194 | [FULL    ] | INFO | full_experiments_using.model_trainers.mobile_vit_trainer | Device: cuda | max_epochs=500 | batch=32 | eval_batch=256 | es_patience=30
2026-08-02 20:57:04,202 | [FULL    ] | INFO | full_experiments_using.model_trainers.mobile_vit_trainer | CE weights — HC: 1.006  MCI: 0.994
2026-08-02 20:57:40,304 | [FULL    ] | INFO | full_experiments_using.model_trainers.mobile_vit_trainer | Ep [001/500] T-Acc:  49.0%  V-Acc:  44.5%  V-AUROC: 0.4866  LR: 2.00e-04
2026-08-02 20:57:40,364 | [FULL    ] | INFO | full_experiments_using.model_trainers.mobile_vit_trainer |   ↳ new best AUROC; saved checkpoint: /home/oem/choihyunsu/VOGBasedMCIDetection/outputs/checkpoints/run_20260802_112625_full_wvote_artifact30_w0-5-10-10-0-15-30-30_4err/fold_29_best.pth
2026-08-02 20:58:01,619 | [FULL    ] | INFO | full_experiments_using.model_trainers.mobile_vit_trainer | Ep [002/500] T-Acc:  51.1%  V-Acc:  47.1%  V-AUROC: 0.5042  LR: 4.00e-04
2026-08-02 20:58:01,737 | [FULL    ] | INFO | full_experiments_using.model_trainers.mobile_vit_trainer |   ↳ new best AUROC; saved checkpoint: /home/oem/choihyunsu/VOGBasedMCIDetection/outputs/checkpoints/run_20260802_112625_full_wvote_artifact30_w0-5-10-10-0-15-30-30_4err/fold_29_best.pth
2026-08-02 20:58:23,065 | [FULL    ] | INFO | full_experiments_using.model_trainers.mobile_vit_trainer | Ep [003/500] T-Acc:  50.5%  V-Acc:  48.0%  V-AUROC: 0.5045  LR: 6.00e-04
2026-08-02 20:58:23,200 | [FULL    ] | INFO | full_experiments_using.model_trainers.mobile_vit_trainer |   ↳ new best AUROC; saved checkpoint: /home/oem/choihyunsu/VOGBasedMCIDetection/outputs/checkpoints/run_20260802_112625_full_wvote_artifact30_w0-5-10-10-0-15-30-30_4err/fold_29_best.pth
2026-08-02 20:58:44,619 | [FULL    ] | INFO | full_experiments_using.model_trainers.mobile_vit_trainer | Ep [004/500] T-Acc:  50.9%  V-Acc:  48.2%  V-AUROC: 0.5221  LR: 8.00e-04
2026-08-02 20:58:44,740 | [FULL    ] | INFO | full_experiments_using.model_trainers.mobile_vit_trainer |   ↳ new best AUROC; saved checkpoint: /home/oem/choihyunsu/VOGBasedMCIDetection/outputs/checkpoints/run_20260802_112625_full_wvote_artifact30_w0-5-10-10-0-15-30-30_4err/fold_29_best.pth
2026-08-02 20:59:06,092 | [FULL    ] | INFO | full_experiments_using.model_trainers.mobile_vit_trainer | Ep [005/500] T-Acc:  50.9%  V-Acc:  50.8%  V-AUROC: 0.5247  LR: 1.00e-03
2026-08-02 20:59:06,212 | [FULL    ] | INFO | full_experiments_using.model_trainers.mobile_vit_trainer |   ↳ new best AUROC; saved checkpoint: /home/oem/choihyunsu/VOGBasedMCIDetection/outputs/checkpoints/run_20260802_112625_full_wvote_artifact30_w0-5-10-10-0-15-30-30_4err/fold_29_best.pth
2026-08-02 20:59:27,554 | [FULL    ] | INFO | full_experiments_using.model_trainers.mobile_vit_trainer | Ep [006/500] T-Acc:  51.1%  V-Acc:  52.5%  V-AUROC: 0.5520  LR: 1.00e-03
2026-08-02 20:59:27,673 | [FULL    ] | INFO | full_experiments_using.model_trainers.mobile_vit_trainer |   ↳ new best AUROC; saved checkpoint: /home/oem/choihyunsu/VOGBasedMCIDetection/outputs/checkpoints/run_20260802_112625_full_wvote_artifact30_w0-5-10-10-0-15-30-30_4err/fold_29_best.pth
2026-08-02 20:59:49,034 | [FULL    ] | INFO | full_experiments_using.model_trainers.mobile_vit_trainer | Ep [007/500] T-Acc:  52.2%  V-Acc:  49.5%  V-AUROC: 0.5572  LR: 1.00e-03
2026-08-02 20:59:49,150 | [FULL    ] | INFO | full_experiments_using.model_trainers.mobile_vit_trainer |   ↳ new best AUROC; saved checkpoint: /home/oem/choihyunsu/VOGBasedMCIDetection/outputs/checkpoints/run_20260802_112625_full_wvote_artifact30_w0-5-10-10-0-15-30-30_4err/fold_29_best.pth
2026-08-02 21:00:10,472 | [FULL    ] | INFO | full_experiments_using.model_trainers.mobile_vit_trainer | Ep [008/500] T-Acc:  52.6%  V-Acc:  52.0%  V-AUROC: 0.5452  LR: 1.00e-03
2026-08-02 21:00:31,826 | [FULL    ] | INFO | full_experiments_using.model_trainers.mobile_vit_trainer | Ep [009/500] T-Acc:  53.1%  V-Acc:  53.5%  V-AUROC: 0.5683  LR: 1.00e-03
2026-08-02 21:00:31,946 | [FULL    ] | INFO | full_experiments_using.model_trainers.mobile_vit_trainer |   ↳ new best AUROC; saved checkpoint: /home/oem/choihyunsu/VOGBasedMCIDetection/outputs/checkpoints/run_20260802_112625_full_wvote_artifact30_w0-5-10-10-0-15-30-30_4err/fold_29_best.pth
2026-08-02 21:00:53,242 | [FULL    ] | INFO | full_experiments_using.model_trainers.mobile_vit_trainer | Ep [010/500] T-Acc:  51.9%  V-Acc:  54.2%  V-AUROC: 0.5713  LR: 1.00e-03
2026-08-02 21:00:53,359 | [FULL    ] | INFO | full_experiments_using.model_trainers.mobile_vit_trainer |   ↳ new best AUROC; saved checkpoint: /home/oem/choihyunsu/VOGBasedMCIDetection/outputs/checkpoints/run_20260802_112625_full_wvote_artifact30_w0-5-10-10-0-15-30-30_4err/fold_29_best.pth
2026-08-02 21:01:14,655 | [FULL    ] | INFO | full_experiments_using.model_trainers.mobile_vit_trainer | Ep [011/500] T-Acc:  54.3%  V-Acc:  54.9%  V-AUROC: 0.5845  LR: 1.00e-03
2026-08-02 21:01:14,777 | [FULL    ] | INFO | full_experiments_using.model_trainers.mobile_vit_trainer |   ↳ new best AUROC; saved checkpoint: /home/oem/choihyunsu/VOGBasedMCIDetection/outputs/checkpoints/run_20260802_112625_full_wvote_artifact30_w0-5-10-10-0-15-30-30_4err/fold_29_best.pth
2026-08-02 21:01:36,227 | [FULL    ] | INFO | full_experiments_using.model_trainers.mobile_vit_trainer | Ep [012/500] T-Acc:  54.5%  V-Acc:  56.5%  V-AUROC: 0.5688  LR: 1.00e-03
2026-08-02 21:01:57,698 | [FULL    ] | INFO | full_experiments_using.model_trainers.mobile_vit_trainer | Ep [013/500] T-Acc:  54.8%  V-Acc:  55.2%  V-AUROC: 0.5760  LR: 1.00e-03
2026-08-02 21:02:19,094 | [FULL    ] | INFO | full_experiments_using.model_trainers.mobile_vit_trainer | Ep [014/500] T-Acc:  54.5%  V-Acc:  56.7%  V-AUROC: 0.5940  LR: 1.00e-03
2026-08-02 21:02:19,215 | [FULL    ] | INFO | full_experiments_using.model_trainers.mobile_vit_trainer |   ↳ new best AUROC; saved checkpoint: /home/oem/choihyunsu/VOGBasedMCIDetection/outputs/checkpoints/run_20260802_112625_full_wvote_artifact30_w0-5-10-10-0-15-30-30_4err/fold_29_best.pth
2026-08-02 21:02:40,625 | [FULL    ] | INFO | full_experiments_using.model_trainers.mobile_vit_trainer | Ep [015/500] T-Acc:  56.2%  V-Acc:  54.7%  V-AUROC: 0.5721  LR: 1.00e-03
2026-08-02 21:03:01,964 | [FULL    ] | INFO | full_experiments_using.model_trainers.mobile_vit_trainer | Ep [016/500] T-Acc:  55.9%  V-Acc:  53.4%  V-AUROC: 0.5727  LR: 1.00e-03
2026-08-02 21:03:23,433 | [FULL    ] | INFO | full_experiments_using.model_trainers.mobile_vit_trainer | Ep [017/500] T-Acc:  55.7%  V-Acc:  55.5%  V-AUROC: 0.5685  LR: 1.00e-03
2026-08-02 21:03:44,852 | [FULL    ] | INFO | full_experiments_using.model_trainers.mobile_vit_trainer | Ep [018/500] T-Acc:  56.6%  V-Acc:  55.3%  V-AUROC: 0.5800  LR: 1.00e-03
2026-08-02 21:04:06,198 | [FULL    ] | INFO | full_experiments_using.model_trainers.mobile_vit_trainer | Ep [019/500] T-Acc:  56.2%  V-Acc:  56.0%  V-AUROC: 0.5878  LR: 1.00e-03
2026-08-02 21:04:27,580 | [FULL    ] | INFO | full_experiments_using.model_trainers.mobile_vit_trainer | Ep [020/500] T-Acc:  58.0%  V-Acc:  58.0%  V-AUROC: 0.6076  LR: 1.00e-03
2026-08-02 21:04:27,698 | [FULL    ] | INFO | full_experiments_using.model_trainers.mobile_vit_trainer |   ↳ new best AUROC; saved checkpoint: /home/oem/choihyunsu/VOGBasedMCIDetection/outputs/checkpoints/run_20260802_112625_full_wvote_artifact30_w0-5-10-10-0-15-30-30_4err/fold_29_best.pth
2026-08-02 21:04:49,271 | [FULL    ] | INFO | full_experiments_using.model_trainers.mobile_vit_trainer | Ep [021/500] T-Acc:  57.0%  V-Acc:  56.9%  V-AUROC: 0.6035  LR: 1.00e-03
2026-08-02 21:05:10,678 | [FULL    ] | INFO | full_experiments_using.model_trainers.mobile_vit_trainer | Ep [022/500] T-Acc:  57.3%  V-Acc:  55.3%  V-AUROC: 0.5748  LR: 1.00e-03
2026-08-02 21:05:32,197 | [FULL    ] | INFO | full_experiments_using.model_trainers.mobile_vit_trainer | Ep [023/500] T-Acc:  58.0%  V-Acc:  54.8%  V-AUROC: 0.5905  LR: 1.00e-03
2026-08-02 21:05:51,804 | [FULL    ] | INFO | full_experiments_using.model_trainers.mobile_vit_trainer | Ep [024/500] T-Acc:  57.7%  V-Acc:  60.5%  V-AUROC: 0.6088  LR: 1.00e-03
2026-08-02 21:05:51,925 | [FULL    ] | INFO | full_experiments_using.model_trainers.mobile_vit_trainer |   ↳ new best AUROC; saved checkpoint: /home/oem/choihyunsu/VOGBasedMCIDetection/outputs/checkpoints/run_20260802_112625_full_wvote_artifact30_w0-5-10-10-0-15-30-30_4err/fold_29_best.pth
2026-08-02 21:06:13,081 | [FULL    ] | INFO | full_experiments_using.model_trainers.mobile_vit_trainer | Ep [025/500] T-Acc:  57.5%  V-Acc:  56.2%  V-AUROC: 0.5979  LR: 1.00e-03
2026-08-02 21:06:33,346 | [FULL    ] | INFO | full_experiments_using.model_trainers.mobile_vit_trainer | Ep [026/500] T-Acc:  58.1%  V-Acc:  56.4%  V-AUROC: 0.5894  LR: 1.00e-03
2026-08-02 21:06:54,747 | [FULL    ] | INFO | full_experiments_using.model_trainers.mobile_vit_trainer | Ep [027/500] T-Acc:  59.2%  V-Acc:  57.1%  V-AUROC: 0.6009  LR: 1.00e-03
2026-08-02 21:07:16,014 | [FULL    ] | INFO | full_experiments_using.model_trainers.mobile_vit_trainer | Ep [028/500] T-Acc:  59.9%  V-Acc:  55.5%  V-AUROC: 0.5988  LR: 1.00e-03
2026-08-02 21:07:37,335 | [FULL    ] | INFO | full_experiments_using.model_trainers.mobile_vit_trainer | Ep [029/500] T-Acc:  58.1%  V-Acc:  57.8%  V-AUROC: 0.6007  LR: 1.00e-03
2026-08-02 21:07:58,564 | [FULL    ] | INFO | full_experiments_using.model_trainers.mobile_vit_trainer | Ep [030/500] T-Acc:  57.9%  V-Acc:  56.7%  V-AUROC: 0.6020  LR: 1.00e-03
2026-08-02 21:08:19,971 | [FULL    ] | INFO | full_experiments_using.model_trainers.mobile_vit_trainer | Ep [031/500] T-Acc:  57.7%  V-Acc:  55.8%  V-AUROC: 0.6062  LR: 1.00e-03
2026-08-02 21:08:41,178 | [FULL    ] | INFO | full_experiments_using.model_trainers.mobile_vit_trainer | Ep [032/500] T-Acc:  58.3%  V-Acc:  54.6%  V-AUROC: 0.5887  LR: 1.00e-03
2026-08-02 21:09:02,536 | [FULL    ] | INFO | full_experiments_using.model_trainers.mobile_vit_trainer | Ep [033/500] T-Acc:  58.8%  V-Acc:  57.4%  V-AUROC: 0.5946  LR: 1.00e-03
2026-08-02 21:09:23,738 | [FULL    ] | INFO | full_experiments_using.model_trainers.mobile_vit_trainer | Ep [034/500] T-Acc:  58.9%  V-Acc:  57.3%  V-AUROC: 0.5908  LR: 1.00e-03
2026-08-02 21:09:44,909 | [FULL    ] | INFO | full_experiments_using.model_trainers.mobile_vit_trainer | Ep [035/500] T-Acc:  59.1%  V-Acc:  56.6%  V-AUROC: 0.5779  LR: 1.00e-03
2026-08-02 21:10:06,084 | [FULL    ] | INFO | full_experiments_using.model_trainers.mobile_vit_trainer | Ep [036/500] T-Acc:  59.3%  V-Acc:  55.9%  V-AUROC: 0.5794  LR: 2.00e-04
2026-08-02 21:10:27,262 | [FULL    ] | INFO | full_experiments_using.model_trainers.mobile_vit_trainer | Ep [037/500] T-Acc:  61.9%  V-Acc:  55.3%  V-AUROC: 0.5762  LR: 2.00e-04
2026-08-02 21:10:48,533 | [FULL    ] | INFO | full_experiments_using.model_trainers.mobile_vit_trainer | Ep [038/500] T-Acc:  59.4%  V-Acc:  57.0%  V-AUROC: 0.5809  LR: 2.00e-04
2026-08-02 21:11:09,793 | [FULL    ] | INFO | full_experiments_using.model_trainers.mobile_vit_trainer | Ep [039/500] T-Acc:  59.0%  V-Acc:  55.1%  V-AUROC: 0.5750  LR: 2.00e-04
2026-08-02 21:11:31,128 | [FULL    ] | INFO | full_experiments_using.model_trainers.mobile_vit_trainer | Ep [040/500] T-Acc:  59.9%  V-Acc:  55.6%  V-AUROC: 0.5728  LR: 2.00e-04
2026-08-02 21:11:52,567 | [FULL    ] | INFO | full_experiments_using.model_trainers.mobile_vit_trainer | Ep [041/500] T-Acc:  59.4%  V-Acc:  55.5%  V-AUROC: 0.5811  LR: 2.00e-04
2026-08-02 21:12:13,849 | [FULL    ] | INFO | full_experiments_using.model_trainers.mobile_vit_trainer | Ep [042/500] T-Acc:  60.1%  V-Acc:  55.4%  V-AUROC: 0.5826  LR: 2.00e-04
2026-08-02 21:12:35,083 | [FULL    ] | INFO | full_experiments_using.model_trainers.mobile_vit_trainer | Ep [043/500] T-Acc:  59.0%  V-Acc:  55.7%  V-AUROC: 0.5874  LR: 2.00e-04
2026-08-02 21:12:56,447 | [FULL    ] | INFO | full_experiments_using.model_trainers.mobile_vit_trainer | Ep [044/500] T-Acc:  60.9%  V-Acc:  56.1%  V-AUROC: 0.5850  LR: 2.00e-04
2026-08-02 21:13:17,823 | [FULL    ] | INFO | full_experiments_using.model_trainers.mobile_vit_trainer | Ep [045/500] T-Acc:  60.9%  V-Acc:  56.0%  V-AUROC: 0.5858  LR: 2.00e-04
2026-08-02 21:13:39,252 | [FULL    ] | INFO | full_experiments_using.model_trainers.mobile_vit_trainer | Ep [046/500] T-Acc:  59.3%  V-Acc:  56.7%  V-AUROC: 0.5894  LR: 2.00e-04
2026-08-02 21:14:00,585 | [FULL    ] | INFO | full_experiments_using.model_trainers.mobile_vit_trainer | Ep [047/500] T-Acc:  60.6%  V-Acc:  56.4%  V-AUROC: 0.5879  LR: 4.00e-05
2026-08-02 21:14:21,801 | [FULL    ] | INFO | full_experiments_using.model_trainers.mobile_vit_trainer | Ep [048/500] T-Acc:  59.7%  V-Acc:  55.8%  V-AUROC: 0.5877  LR: 4.00e-05
2026-08-02 21:14:43,224 | [FULL    ] | INFO | full_experiments_using.model_trainers.mobile_vit_trainer | Ep [049/500] T-Acc:  60.2%  V-Acc:  56.3%  V-AUROC: 0.5893  LR: 4.00e-05
2026-08-02 21:15:04,672 | [FULL    ] | INFO | full_experiments_using.model_trainers.mobile_vit_trainer | Ep [050/500] T-Acc:  59.6%  V-Acc:  57.2%  V-AUROC: 0.5903  LR: 4.00e-05
2026-08-02 21:15:25,908 | [FULL    ] | INFO | full_experiments_using.model_trainers.mobile_vit_trainer | Ep [051/500] T-Acc:  60.8%  V-Acc:  56.5%  V-AUROC: 0.5895  LR: 4.00e-05
2026-08-02 21:15:47,179 | [FULL    ] | INFO | full_experiments_using.model_trainers.mobile_vit_trainer | Ep [052/500] T-Acc:  59.4%  V-Acc:  56.5%  V-AUROC: 0.5880  LR: 4.00e-05
2026-08-02 21:16:08,228 | [FULL    ] | INFO | full_experiments_using.model_trainers.mobile_vit_trainer | Ep [053/500] T-Acc:  60.0%  V-Acc:  56.6%  V-AUROC: 0.5880  LR: 4.00e-05
2026-08-02 21:16:29,556 | [FULL    ] | INFO | full_experiments_using.model_trainers.mobile_vit_trainer | Ep [054/500] T-Acc:  60.0%  V-Acc:  56.3%  V-AUROC: 0.5878  LR: 4.00e-05
2026-08-02 21:16:29,556 | [FULL    ] | INFO | full_experiments_using.model_trainers.mobile_vit_trainer | Early stop — best AUROC 0.6088 at epoch 24 (no improvement for 30 epochs)
2026-08-02 21:16:29,556 | [FULL    ] | INFO | full_experiments_using.model_trainers.mobile_vit_trainer | Done. Best AUROC: 0.6088 (epoch 24) → /home/oem/choihyunsu/VOGBasedMCIDetection/outputs/checkpoints/run_20260802_112625_full_wvote_artifact30_w0-5-10-10-0-15-30-30_4err/fold_29_best.pth
2026-08-02 21:16:37,254 | [FULL    ] | INFO | full_experiments_using.evaluators.monte_carlo_evaluator | -> Fold 30 Result | Acc=0.600 Sens=0.714 Spec=0.333 AUROC=0.762
2026-08-02 21:16:37,255 | [FULL    ] | INFO | full_experiments_using.evaluators.monte_carlo_evaluator | ============================================================
2026-08-02 21:16:37,255 | [FULL    ] | INFO | full_experiments_using.evaluators.monte_carlo_evaluator |   MC-CV Results [grouped (unstratified) sampling] (30 folds)
2026-08-02 21:16:37,255 | [FULL    ] | INFO | full_experiments_using.evaluators.monte_carlo_evaluator |   Accuracy    : 0.710 ± 0.136
2026-08-02 21:16:37,255 | [FULL    ] | INFO | full_experiments_using.evaluators.monte_carlo_evaluator |   Sensitivity : 0.788 ± 0.198
2026-08-02 21:16:37,255 | [FULL    ] | INFO | full_experiments_using.evaluators.monte_carlo_evaluator |   Specificity : 0.606 ± 0.229
2026-08-02 21:16:37,255 | [FULL    ] | INFO | full_experiments_using.evaluators.monte_carlo_evaluator |   AUROC       : 0.812 ± 0.120
2026-08-02 21:16:37,255 | [FULL    ] | INFO | full_experiments_using.evaluators.monte_carlo_evaluator | ============================================================
2026-08-02 21:16:37,255 | [FULL    ] | INFO | full_experiments_using.evaluators.monte_carlo_evaluator | Evaluator lifecycle end: writing probe report...
2026-08-02 21:16:38,267 | [FULL    ] | INFO | probe_generators.probe_generator | Task-Contribution Probe report written: /home/oem/choihyunsu/VOGBasedMCIDetection/outputs/reports/run_20260802_112625_full_wvote_artifact30_w0-5-10-10-0-15-30-30_4err_task_wise_probe.md
