2026-08-02 11:26:18,507 | [FULL    ] | INFO | __main__ | Run ID: 20260802_112618_full_wvote_artifact30_w0-5-5-10-0-15-15-30_4err | augment=False | dropout=0.50 | patience=30 | batch_size=32 | artifact=thr=30.0 | signal_mode=four_error (4ch) | stratified=False | weighted_vote={0: 0.0, 1: 0.5, 2: 0.5, 3: 1.0, 4: 0.0, 5: 1.5, 6: 1.5, 7: 3.0}
2026-08-02 11:26:18,547 | [FULL    ] | INFO | __main__ | Log file: /home/oem/choihyunsu/VOGBasedMCIDetection/outputs/logs/run_20260802_112618_full_wvote_artifact30_w0-5-5-10-0-15-15-30_4err.log
2026-08-02 11:26:18,548 | [FULL    ] | INFO | __main__ | Loading full 8-task VOG saccade tensors from: /home/oem/choihyunsu/VOGBasedMCIDetection/data
2026-08-02 11:26:18,674 | [FULL    ] | INFO | full_experiments_using.data_processor.data_engineering | Loaded preprocessed data_store from cache: /home/oem/choihyunsu/VOGBasedMCIDetection/outputs/cache/data_store_full_4err.pkl (5715 epochs)
2026-08-02 11:26:18,810 | [FULL    ] | INFO | __main__ | Total epoched samples: 5715
2026-08-02 11:26:18,943 | [FULL    ] | INFO | full_experiments_using.evaluators.monte_carlo_evaluator | MC Group CV [grouped (unstratified)] — 30 folds | device=cuda | num_tasks=8 | augment=False | dropout=0.50 | weighted_vote={0: 0.0, 1: 0.5, 2: 0.5, 3: 1.0, 4: 0.0, 5: 1.5, 6: 1.5, 7: 3.0}
2026-08-02 11:26:18,963 | [FULL    ] | INFO | full_experiments_using.evaluators.monte_carlo_evaluator | === Fold 01/30 | train: 25 subj (HC=10 MCI=15) / 3788 win | test: 12 subj (HC=4 MCI=8) / 1927 win ===
2026-08-02 11:26:19,215 | [FULL    ] | INFO | httpx | HTTP Request: HEAD https://huggingface.co/apple/mobilevit-small/resolve/main/config.json "HTTP/1.1 307 Temporary Redirect"
2026-08-02 11:26:19,216 | [FULL    ] | WARNING | huggingface_hub.utils._http | Warning: You are sending unauthenticated requests to the HF Hub. Please set a HF_TOKEN to enable higher rate limits and faster downloads.
2026-08-02 11:26:19,229 | [FULL    ] | INFO | httpx | HTTP Request: HEAD https://huggingface.co/api/resolve-cache/models/apple/mobilevit-small/6c8612545dc98676d27bc518fa521d9e9af23e34/config.json "HTTP/1.1 200 OK"
2026-08-02 11:26:19,478 | [FULL    ] | INFO | httpx | HTTP Request: HEAD https://huggingface.co/apple/mobilevit-small/resolve/main/model.safetensors "HTTP/1.1 404 Not Found"
2026-08-02 11:26:19,688 | [FULL    ] | INFO | httpx | HTTP Request: HEAD https://huggingface.co/apple/mobilevit-small/resolve/main/model.safetensors.index.json "HTTP/1.1 404 Not Found"
2026-08-02 11:26:19,904 | [FULL    ] | INFO | httpx | HTTP Request: HEAD https://huggingface.co/apple/mobilevit-small/resolve/main/pytorch_model.bin "HTTP/1.1 302 Found"
2026-08-02 11:26:20,115 | [FULL    ] | INFO | httpx | HTTP Request: HEAD https://huggingface.co/apple/mobilevit-small/resolve/main/model.safetensors "HTTP/1.1 404 Not Found"
2026-08-02 11:26:20,334 | [FULL    ] | INFO | httpx | HTTP Request: GET https://huggingface.co/api/models/apple/mobilevit-small "HTTP/1.1 200 OK"
2026-08-02 11:26:20,562 | [FULL    ] | INFO | httpx | HTTP Request: GET https://huggingface.co/api/models/apple/mobilevit-small/commits/main "HTTP/1.1 200 OK"
2026-08-02 11:26:20,687 | [FULL    ] | INFO | full_experiments_using.model_trainers.mobile_vit_trainer | Device: cuda | max_epochs=500 | batch=32 | eval_batch=256 | es_patience=30
2026-08-02 11:26:20,692 | [FULL    ] | INFO | full_experiments_using.model_trainers.mobile_vit_trainer | CE weights — HC: 1.063  MCI: 0.944
2026-08-02 11:26:20,788 | [FULL    ] | INFO | httpx | HTTP Request: GET https://huggingface.co/api/models/apple/mobilevit-small/discussions?p=0 "HTTP/1.1 200 OK"
2026-08-02 11:26:21,017 | [FULL    ] | INFO | httpx | HTTP Request: GET https://huggingface.co/api/models/apple/mobilevit-small/commits/refs%2Fpr%2F6 "HTTP/1.1 200 OK"
2026-08-02 11:26:21,221 | [FULL    ] | INFO | httpx | HTTP Request: HEAD https://huggingface.co/apple/mobilevit-small/resolve/refs%2Fpr%2F6/model.safetensors.index.json "HTTP/1.1 404 Not Found"
2026-08-02 11:26:21,432 | [FULL    ] | INFO | httpx | HTTP Request: HEAD https://huggingface.co/apple/mobilevit-small/resolve/refs%2Fpr%2F6/model.safetensors "HTTP/1.1 302 Found"
2026-08-02 11:26:52,807 | [FULL    ] | INFO | full_experiments_using.model_trainers.mobile_vit_trainer | Ep [001/500] T-Acc:  50.3%  V-Acc:  54.4%  V-AUROC: 0.4968  LR: 2.00e-04
2026-08-02 11:26:52,851 | [FULL    ] | INFO | full_experiments_using.model_trainers.mobile_vit_trainer |   ↳ new best AUROC; saved checkpoint: /home/oem/choihyunsu/VOGBasedMCIDetection/outputs/checkpoints/run_20260802_112618_full_wvote_artifact30_w0-5-5-10-0-15-15-30_4err/fold_00_best.pth
2026-08-02 11:27:10,888 | [FULL    ] | INFO | full_experiments_using.model_trainers.mobile_vit_trainer | Ep [002/500] T-Acc:  51.0%  V-Acc:  52.9%  V-AUROC: 0.4985  LR: 4.00e-04
2026-08-02 11:27:10,985 | [FULL    ] | INFO | full_experiments_using.model_trainers.mobile_vit_trainer |   ↳ new best AUROC; saved checkpoint: /home/oem/choihyunsu/VOGBasedMCIDetection/outputs/checkpoints/run_20260802_112618_full_wvote_artifact30_w0-5-5-10-0-15-15-30_4err/fold_00_best.pth
2026-08-02 11:27:28,316 | [FULL    ] | INFO | full_experiments_using.model_trainers.mobile_vit_trainer | Ep [003/500] T-Acc:  52.1%  V-Acc:  52.8%  V-AUROC: 0.4935  LR: 6.00e-04
2026-08-02 11:27:48,893 | [FULL    ] | INFO | full_experiments_using.model_trainers.mobile_vit_trainer | Ep [004/500] T-Acc:  51.0%  V-Acc:  54.9%  V-AUROC: 0.5200  LR: 8.00e-04
2026-08-02 11:27:48,995 | [FULL    ] | INFO | full_experiments_using.model_trainers.mobile_vit_trainer |   ↳ new best AUROC; saved checkpoint: /home/oem/choihyunsu/VOGBasedMCIDetection/outputs/checkpoints/run_20260802_112618_full_wvote_artifact30_w0-5-5-10-0-15-15-30_4err/fold_00_best.pth
2026-08-02 11:28:09,750 | [FULL    ] | INFO | full_experiments_using.model_trainers.mobile_vit_trainer | Ep [005/500] T-Acc:  52.6%  V-Acc:  55.3%  V-AUROC: 0.5457  LR: 1.00e-03
2026-08-02 11:28:09,874 | [FULL    ] | INFO | full_experiments_using.model_trainers.mobile_vit_trainer |   ↳ new best AUROC; saved checkpoint: /home/oem/choihyunsu/VOGBasedMCIDetection/outputs/checkpoints/run_20260802_112618_full_wvote_artifact30_w0-5-5-10-0-15-15-30_4err/fold_00_best.pth
2026-08-02 11:28:30,699 | [FULL    ] | INFO | full_experiments_using.model_trainers.mobile_vit_trainer | Ep [006/500] T-Acc:  52.3%  V-Acc:  57.4%  V-AUROC: 0.5603  LR: 1.00e-03
2026-08-02 11:28:30,798 | [FULL    ] | INFO | full_experiments_using.model_trainers.mobile_vit_trainer |   ↳ new best AUROC; saved checkpoint: /home/oem/choihyunsu/VOGBasedMCIDetection/outputs/checkpoints/run_20260802_112618_full_wvote_artifact30_w0-5-5-10-0-15-15-30_4err/fold_00_best.pth
2026-08-02 11:28:51,494 | [FULL    ] | INFO | full_experiments_using.model_trainers.mobile_vit_trainer | Ep [007/500] T-Acc:  54.3%  V-Acc:  55.8%  V-AUROC: 0.5593  LR: 1.00e-03
2026-08-02 11:29:12,128 | [FULL    ] | INFO | full_experiments_using.model_trainers.mobile_vit_trainer | Ep [008/500] T-Acc:  55.5%  V-Acc:  56.0%  V-AUROC: 0.5638  LR: 1.00e-03
2026-08-02 11:29:12,245 | [FULL    ] | INFO | full_experiments_using.model_trainers.mobile_vit_trainer |   ↳ new best AUROC; saved checkpoint: /home/oem/choihyunsu/VOGBasedMCIDetection/outputs/checkpoints/run_20260802_112618_full_wvote_artifact30_w0-5-5-10-0-15-15-30_4err/fold_00_best.pth
2026-08-02 11:29:33,305 | [FULL    ] | INFO | full_experiments_using.model_trainers.mobile_vit_trainer | Ep [009/500] T-Acc:  55.1%  V-Acc:  53.7%  V-AUROC: 0.5603  LR: 1.00e-03
2026-08-02 11:29:54,172 | [FULL    ] | INFO | full_experiments_using.model_trainers.mobile_vit_trainer | Ep [010/500] T-Acc:  54.9%  V-Acc:  57.3%  V-AUROC: 0.5724  LR: 1.00e-03
2026-08-02 11:29:54,291 | [FULL    ] | INFO | full_experiments_using.model_trainers.mobile_vit_trainer |   ↳ new best AUROC; saved checkpoint: /home/oem/choihyunsu/VOGBasedMCIDetection/outputs/checkpoints/run_20260802_112618_full_wvote_artifact30_w0-5-5-10-0-15-15-30_4err/fold_00_best.pth
2026-08-02 11:30:15,066 | [FULL    ] | INFO | full_experiments_using.model_trainers.mobile_vit_trainer | Ep [011/500] T-Acc:  55.1%  V-Acc:  55.7%  V-AUROC: 0.5662  LR: 1.00e-03
2026-08-02 11:30:35,826 | [FULL    ] | INFO | full_experiments_using.model_trainers.mobile_vit_trainer | Ep [012/500] T-Acc:  55.4%  V-Acc:  55.9%  V-AUROC: 0.5780  LR: 1.00e-03
2026-08-02 11:30:35,934 | [FULL    ] | INFO | full_experiments_using.model_trainers.mobile_vit_trainer |   ↳ new best AUROC; saved checkpoint: /home/oem/choihyunsu/VOGBasedMCIDetection/outputs/checkpoints/run_20260802_112618_full_wvote_artifact30_w0-5-5-10-0-15-15-30_4err/fold_00_best.pth
2026-08-02 11:30:56,876 | [FULL    ] | INFO | full_experiments_using.model_trainers.mobile_vit_trainer | Ep [013/500] T-Acc:  55.7%  V-Acc:  54.7%  V-AUROC: 0.5609  LR: 1.00e-03
2026-08-02 11:31:17,462 | [FULL    ] | INFO | full_experiments_using.model_trainers.mobile_vit_trainer | Ep [014/500] T-Acc:  55.7%  V-Acc:  54.7%  V-AUROC: 0.5718  LR: 1.00e-03
2026-08-02 11:31:38,292 | [FULL    ] | INFO | full_experiments_using.model_trainers.mobile_vit_trainer | Ep [015/500] T-Acc:  56.7%  V-Acc:  54.8%  V-AUROC: 0.5674  LR: 1.00e-03
2026-08-02 11:31:59,071 | [FULL    ] | INFO | full_experiments_using.model_trainers.mobile_vit_trainer | Ep [016/500] T-Acc:  57.0%  V-Acc:  56.3%  V-AUROC: 0.5750  LR: 1.00e-03
2026-08-02 11:32:19,847 | [FULL    ] | INFO | full_experiments_using.model_trainers.mobile_vit_trainer | Ep [017/500] T-Acc:  56.5%  V-Acc:  55.1%  V-AUROC: 0.5758  LR: 1.00e-03
2026-08-02 11:32:40,725 | [FULL    ] | INFO | full_experiments_using.model_trainers.mobile_vit_trainer | Ep [018/500] T-Acc:  57.6%  V-Acc:  55.8%  V-AUROC: 0.5873  LR: 1.00e-03
2026-08-02 11:32:40,839 | [FULL    ] | INFO | full_experiments_using.model_trainers.mobile_vit_trainer |   ↳ new best AUROC; saved checkpoint: /home/oem/choihyunsu/VOGBasedMCIDetection/outputs/checkpoints/run_20260802_112618_full_wvote_artifact30_w0-5-5-10-0-15-15-30_4err/fold_00_best.pth
2026-08-02 11:33:01,662 | [FULL    ] | INFO | full_experiments_using.model_trainers.mobile_vit_trainer | Ep [019/500] T-Acc:  57.9%  V-Acc:  55.6%  V-AUROC: 0.5718  LR: 1.00e-03
2026-08-02 11:33:22,734 | [FULL    ] | INFO | full_experiments_using.model_trainers.mobile_vit_trainer | Ep [020/500] T-Acc:  58.0%  V-Acc:  53.3%  V-AUROC: 0.5803  LR: 1.00e-03
2026-08-02 11:33:43,782 | [FULL    ] | INFO | full_experiments_using.model_trainers.mobile_vit_trainer | Ep [021/500] T-Acc:  58.7%  V-Acc:  55.2%  V-AUROC: 0.5948  LR: 1.00e-03
2026-08-02 11:33:43,880 | [FULL    ] | INFO | full_experiments_using.model_trainers.mobile_vit_trainer |   ↳ new best AUROC; saved checkpoint: /home/oem/choihyunsu/VOGBasedMCIDetection/outputs/checkpoints/run_20260802_112618_full_wvote_artifact30_w0-5-5-10-0-15-15-30_4err/fold_00_best.pth
2026-08-02 11:34:04,643 | [FULL    ] | INFO | full_experiments_using.model_trainers.mobile_vit_trainer | Ep [022/500] T-Acc:  58.4%  V-Acc:  55.1%  V-AUROC: 0.5933  LR: 1.00e-03
2026-08-02 11:34:25,452 | [FULL    ] | INFO | full_experiments_using.model_trainers.mobile_vit_trainer | Ep [023/500] T-Acc:  59.3%  V-Acc:  54.5%  V-AUROC: 0.5833  LR: 1.00e-03
2026-08-02 11:34:46,375 | [FULL    ] | INFO | full_experiments_using.model_trainers.mobile_vit_trainer | Ep [024/500] T-Acc:  58.4%  V-Acc:  55.4%  V-AUROC: 0.5864  LR: 1.00e-03
2026-08-02 11:35:07,058 | [FULL    ] | INFO | full_experiments_using.model_trainers.mobile_vit_trainer | Ep [025/500] T-Acc:  58.5%  V-Acc:  56.6%  V-AUROC: 0.5848  LR: 1.00e-03
2026-08-02 11:35:28,174 | [FULL    ] | INFO | full_experiments_using.model_trainers.mobile_vit_trainer | Ep [026/500] T-Acc:  59.2%  V-Acc:  54.8%  V-AUROC: 0.5820  LR: 1.00e-03
2026-08-02 11:35:48,956 | [FULL    ] | INFO | full_experiments_using.model_trainers.mobile_vit_trainer | Ep [027/500] T-Acc:  58.3%  V-Acc:  55.3%  V-AUROC: 0.5884  LR: 1.00e-03
2026-08-02 11:36:09,843 | [FULL    ] | INFO | full_experiments_using.model_trainers.mobile_vit_trainer | Ep [028/500] T-Acc:  58.9%  V-Acc:  56.5%  V-AUROC: 0.5906  LR: 1.00e-03
2026-08-02 11:36:30,874 | [FULL    ] | INFO | full_experiments_using.model_trainers.mobile_vit_trainer | Ep [029/500] T-Acc:  58.8%  V-Acc:  56.5%  V-AUROC: 0.5928  LR: 1.00e-03
2026-08-02 11:36:51,847 | [FULL    ] | INFO | full_experiments_using.model_trainers.mobile_vit_trainer | Ep [030/500] T-Acc:  59.3%  V-Acc:  56.1%  V-AUROC: 0.6027  LR: 1.00e-03
2026-08-02 11:36:51,965 | [FULL    ] | INFO | full_experiments_using.model_trainers.mobile_vit_trainer |   ↳ new best AUROC; saved checkpoint: /home/oem/choihyunsu/VOGBasedMCIDetection/outputs/checkpoints/run_20260802_112618_full_wvote_artifact30_w0-5-5-10-0-15-15-30_4err/fold_00_best.pth
2026-08-02 11:37:12,733 | [FULL    ] | INFO | full_experiments_using.model_trainers.mobile_vit_trainer | Ep [031/500] T-Acc:  59.5%  V-Acc:  55.2%  V-AUROC: 0.5912  LR: 1.00e-03
2026-08-02 11:37:33,822 | [FULL    ] | INFO | full_experiments_using.model_trainers.mobile_vit_trainer | Ep [032/500] T-Acc:  59.5%  V-Acc:  55.5%  V-AUROC: 0.5851  LR: 1.00e-03
2026-08-02 11:37:54,787 | [FULL    ] | INFO | full_experiments_using.model_trainers.mobile_vit_trainer | Ep [033/500] T-Acc:  60.1%  V-Acc:  54.5%  V-AUROC: 0.5905  LR: 1.00e-03
2026-08-02 11:38:15,804 | [FULL    ] | INFO | full_experiments_using.model_trainers.mobile_vit_trainer | Ep [034/500] T-Acc:  59.2%  V-Acc:  54.8%  V-AUROC: 0.5973  LR: 1.00e-03
2026-08-02 11:38:36,714 | [FULL    ] | INFO | full_experiments_using.model_trainers.mobile_vit_trainer | Ep [035/500] T-Acc:  59.3%  V-Acc:  56.0%  V-AUROC: 0.6008  LR: 1.00e-03
2026-08-02 11:38:57,913 | [FULL    ] | INFO | full_experiments_using.model_trainers.mobile_vit_trainer | Ep [036/500] T-Acc:  61.8%  V-Acc:  55.2%  V-AUROC: 0.5993  LR: 1.00e-03
2026-08-02 11:39:18,907 | [FULL    ] | INFO | full_experiments_using.model_trainers.mobile_vit_trainer | Ep [037/500] T-Acc:  59.4%  V-Acc:  55.3%  V-AUROC: 0.5859  LR: 1.00e-03
2026-08-02 11:39:39,792 | [FULL    ] | INFO | full_experiments_using.model_trainers.mobile_vit_trainer | Ep [038/500] T-Acc:  59.5%  V-Acc:  54.6%  V-AUROC: 0.5952  LR: 1.00e-03
2026-08-02 11:40:00,692 | [FULL    ] | INFO | full_experiments_using.model_trainers.mobile_vit_trainer | Ep [039/500] T-Acc:  59.9%  V-Acc:  55.5%  V-AUROC: 0.5989  LR: 1.00e-03
2026-08-02 11:40:21,745 | [FULL    ] | INFO | full_experiments_using.model_trainers.mobile_vit_trainer | Ep [040/500] T-Acc:  59.9%  V-Acc:  54.1%  V-AUROC: 0.6105  LR: 1.00e-03
2026-08-02 11:40:21,880 | [FULL    ] | INFO | full_experiments_using.model_trainers.mobile_vit_trainer |   ↳ new best AUROC; saved checkpoint: /home/oem/choihyunsu/VOGBasedMCIDetection/outputs/checkpoints/run_20260802_112618_full_wvote_artifact30_w0-5-5-10-0-15-15-30_4err/fold_00_best.pth
2026-08-02 11:40:42,857 | [FULL    ] | INFO | full_experiments_using.model_trainers.mobile_vit_trainer | Ep [041/500] T-Acc:  60.0%  V-Acc:  55.1%  V-AUROC: 0.6041  LR: 1.00e-03
2026-08-02 11:41:03,799 | [FULL    ] | INFO | full_experiments_using.model_trainers.mobile_vit_trainer | Ep [042/500] T-Acc:  61.5%  V-Acc:  56.0%  V-AUROC: 0.6031  LR: 1.00e-03
2026-08-02 11:41:25,015 | [FULL    ] | INFO | full_experiments_using.model_trainers.mobile_vit_trainer | Ep [043/500] T-Acc:  61.1%  V-Acc:  54.9%  V-AUROC: 0.6161  LR: 1.00e-03
2026-08-02 11:41:25,116 | [FULL    ] | INFO | full_experiments_using.model_trainers.mobile_vit_trainer |   ↳ new best AUROC; saved checkpoint: /home/oem/choihyunsu/VOGBasedMCIDetection/outputs/checkpoints/run_20260802_112618_full_wvote_artifact30_w0-5-5-10-0-15-15-30_4err/fold_00_best.pth
2026-08-02 11:41:46,072 | [FULL    ] | INFO | full_experiments_using.model_trainers.mobile_vit_trainer | Ep [044/500] T-Acc:  61.7%  V-Acc:  55.9%  V-AUROC: 0.6030  LR: 1.00e-03
2026-08-02 11:42:07,243 | [FULL    ] | INFO | full_experiments_using.model_trainers.mobile_vit_trainer | Ep [045/500] T-Acc:  61.3%  V-Acc:  56.6%  V-AUROC: 0.6009  LR: 1.00e-03
2026-08-02 11:42:28,348 | [FULL    ] | INFO | full_experiments_using.model_trainers.mobile_vit_trainer | Ep [046/500] T-Acc:  60.3%  V-Acc:  54.3%  V-AUROC: 0.6012  LR: 1.00e-03
2026-08-02 11:42:49,525 | [FULL    ] | INFO | full_experiments_using.model_trainers.mobile_vit_trainer | Ep [047/500] T-Acc:  60.4%  V-Acc:  54.7%  V-AUROC: 0.6093  LR: 1.00e-03
2026-08-02 11:43:10,566 | [FULL    ] | INFO | full_experiments_using.model_trainers.mobile_vit_trainer | Ep [048/500] T-Acc:  61.3%  V-Acc:  55.9%  V-AUROC: 0.6136  LR: 1.00e-03
2026-08-02 11:43:31,584 | [FULL    ] | INFO | full_experiments_using.model_trainers.mobile_vit_trainer | Ep [049/500] T-Acc:  61.9%  V-Acc:  56.3%  V-AUROC: 0.6048  LR: 1.00e-03
2026-08-02 11:43:52,613 | [FULL    ] | INFO | full_experiments_using.model_trainers.mobile_vit_trainer | Ep [050/500] T-Acc:  61.2%  V-Acc:  56.8%  V-AUROC: 0.6051  LR: 1.00e-03
2026-08-02 11:44:13,590 | [FULL    ] | INFO | full_experiments_using.model_trainers.mobile_vit_trainer | Ep [051/500] T-Acc:  61.7%  V-Acc:  56.2%  V-AUROC: 0.6065  LR: 1.00e-03
2026-08-02 11:44:34,518 | [FULL    ] | INFO | full_experiments_using.model_trainers.mobile_vit_trainer | Ep [052/500] T-Acc:  62.0%  V-Acc:  55.7%  V-AUROC: 0.6124  LR: 1.00e-03
2026-08-02 11:44:55,433 | [FULL    ] | INFO | full_experiments_using.model_trainers.mobile_vit_trainer | Ep [053/500] T-Acc:  60.5%  V-Acc:  54.5%  V-AUROC: 0.5976  LR: 1.00e-03
2026-08-02 11:45:16,316 | [FULL    ] | INFO | full_experiments_using.model_trainers.mobile_vit_trainer | Ep [054/500] T-Acc:  62.0%  V-Acc:  55.0%  V-AUROC: 0.6165  LR: 1.00e-03
2026-08-02 11:45:16,432 | [FULL    ] | INFO | full_experiments_using.model_trainers.mobile_vit_trainer |   ↳ new best AUROC; saved checkpoint: /home/oem/choihyunsu/VOGBasedMCIDetection/outputs/checkpoints/run_20260802_112618_full_wvote_artifact30_w0-5-5-10-0-15-15-30_4err/fold_00_best.pth
2026-08-02 11:45:37,414 | [FULL    ] | INFO | full_experiments_using.model_trainers.mobile_vit_trainer | Ep [055/500] T-Acc:  61.5%  V-Acc:  54.1%  V-AUROC: 0.6009  LR: 1.00e-03
2026-08-02 11:45:58,464 | [FULL    ] | INFO | full_experiments_using.model_trainers.mobile_vit_trainer | Ep [056/500] T-Acc:  60.5%  V-Acc:  55.4%  V-AUROC: 0.6071  LR: 1.00e-03
2026-08-02 11:46:19,366 | [FULL    ] | INFO | full_experiments_using.model_trainers.mobile_vit_trainer | Ep [057/500] T-Acc:  61.3%  V-Acc:  55.6%  V-AUROC: 0.6172  LR: 1.00e-03
2026-08-02 11:46:19,482 | [FULL    ] | INFO | full_experiments_using.model_trainers.mobile_vit_trainer |   ↳ new best AUROC; saved checkpoint: /home/oem/choihyunsu/VOGBasedMCIDetection/outputs/checkpoints/run_20260802_112618_full_wvote_artifact30_w0-5-5-10-0-15-15-30_4err/fold_00_best.pth
2026-08-02 11:46:40,359 | [FULL    ] | INFO | full_experiments_using.model_trainers.mobile_vit_trainer | Ep [058/500] T-Acc:  61.3%  V-Acc:  54.6%  V-AUROC: 0.6070  LR: 1.00e-03
2026-08-02 11:47:01,336 | [FULL    ] | INFO | full_experiments_using.model_trainers.mobile_vit_trainer | Ep [059/500] T-Acc:  60.2%  V-Acc:  55.3%  V-AUROC: 0.6171  LR: 1.00e-03
2026-08-02 11:47:22,320 | [FULL    ] | INFO | full_experiments_using.model_trainers.mobile_vit_trainer | Ep [060/500] T-Acc:  62.2%  V-Acc:  54.5%  V-AUROC: 0.6155  LR: 1.00e-03
2026-08-02 11:47:43,161 | [FULL    ] | INFO | full_experiments_using.model_trainers.mobile_vit_trainer | Ep [061/500] T-Acc:  61.9%  V-Acc:  55.4%  V-AUROC: 0.6013  LR: 1.00e-03
2026-08-02 11:48:04,147 | [FULL    ] | INFO | full_experiments_using.model_trainers.mobile_vit_trainer | Ep [062/500] T-Acc:  62.4%  V-Acc:  55.5%  V-AUROC: 0.6076  LR: 1.00e-03
2026-08-02 11:48:25,179 | [FULL    ] | INFO | full_experiments_using.model_trainers.mobile_vit_trainer | Ep [063/500] T-Acc:  61.4%  V-Acc:  55.7%  V-AUROC: 0.6060  LR: 1.00e-03
2026-08-02 11:48:46,149 | [FULL    ] | INFO | full_experiments_using.model_trainers.mobile_vit_trainer | Ep [064/500] T-Acc:  61.2%  V-Acc:  55.0%  V-AUROC: 0.6093  LR: 1.00e-03
2026-08-02 11:49:07,063 | [FULL    ] | INFO | full_experiments_using.model_trainers.mobile_vit_trainer | Ep [065/500] T-Acc:  62.3%  V-Acc:  53.8%  V-AUROC: 0.6141  LR: 1.00e-03
2026-08-02 11:49:28,064 | [FULL    ] | INFO | full_experiments_using.model_trainers.mobile_vit_trainer | Ep [066/500] T-Acc:  62.3%  V-Acc:  55.7%  V-AUROC: 0.6118  LR: 1.00e-03
2026-08-02 11:49:49,133 | [FULL    ] | INFO | full_experiments_using.model_trainers.mobile_vit_trainer | Ep [067/500] T-Acc:  61.8%  V-Acc:  55.4%  V-AUROC: 0.5989  LR: 1.00e-03
2026-08-02 11:50:10,208 | [FULL    ] | INFO | full_experiments_using.model_trainers.mobile_vit_trainer | Ep [068/500] T-Acc:  62.3%  V-Acc:  56.5%  V-AUROC: 0.5962  LR: 1.00e-03
2026-08-02 11:50:29,167 | [FULL    ] | INFO | full_experiments_using.model_trainers.mobile_vit_trainer | Ep [069/500] T-Acc:  62.0%  V-Acc:  55.5%  V-AUROC: 0.5976  LR: 2.00e-04
2026-08-02 11:50:49,825 | [FULL    ] | INFO | full_experiments_using.model_trainers.mobile_vit_trainer | Ep [070/500] T-Acc:  62.2%  V-Acc:  56.3%  V-AUROC: 0.6023  LR: 2.00e-04
2026-08-02 11:51:08,341 | [FULL    ] | INFO | full_experiments_using.model_trainers.mobile_vit_trainer | Ep [071/500] T-Acc:  62.4%  V-Acc:  54.9%  V-AUROC: 0.6052  LR: 2.00e-04
2026-08-02 11:51:29,209 | [FULL    ] | INFO | full_experiments_using.model_trainers.mobile_vit_trainer | Ep [072/500] T-Acc:  63.4%  V-Acc:  55.3%  V-AUROC: 0.6014  LR: 2.00e-04
2026-08-02 11:51:50,203 | [FULL    ] | INFO | full_experiments_using.model_trainers.mobile_vit_trainer | Ep [073/500] T-Acc:  62.4%  V-Acc:  55.5%  V-AUROC: 0.5994  LR: 2.00e-04
2026-08-02 11:52:11,165 | [FULL    ] | INFO | full_experiments_using.model_trainers.mobile_vit_trainer | Ep [074/500] T-Acc:  63.3%  V-Acc:  54.1%  V-AUROC: 0.6036  LR: 2.00e-04
2026-08-02 11:52:32,237 | [FULL    ] | INFO | full_experiments_using.model_trainers.mobile_vit_trainer | Ep [075/500] T-Acc:  62.3%  V-Acc:  56.5%  V-AUROC: 0.6047  LR: 2.00e-04
2026-08-02 11:52:53,246 | [FULL    ] | INFO | full_experiments_using.model_trainers.mobile_vit_trainer | Ep [076/500] T-Acc:  62.6%  V-Acc:  56.3%  V-AUROC: 0.6023  LR: 2.00e-04
2026-08-02 11:53:14,103 | [FULL    ] | INFO | full_experiments_using.model_trainers.mobile_vit_trainer | Ep [077/500] T-Acc:  62.8%  V-Acc:  55.8%  V-AUROC: 0.6050  LR: 2.00e-04
2026-08-02 11:53:35,093 | [FULL    ] | INFO | full_experiments_using.model_trainers.mobile_vit_trainer | Ep [078/500] T-Acc:  62.5%  V-Acc:  56.7%  V-AUROC: 0.6070  LR: 2.00e-04
2026-08-02 11:53:55,900 | [FULL    ] | INFO | full_experiments_using.model_trainers.mobile_vit_trainer | Ep [079/500] T-Acc:  62.4%  V-Acc:  55.7%  V-AUROC: 0.6060  LR: 2.00e-04
2026-08-02 11:54:16,698 | [FULL    ] | INFO | full_experiments_using.model_trainers.mobile_vit_trainer | Ep [080/500] T-Acc:  62.0%  V-Acc:  55.2%  V-AUROC: 0.6068  LR: 4.00e-05
2026-08-02 11:54:35,666 | [FULL    ] | INFO | full_experiments_using.model_trainers.mobile_vit_trainer | Ep [081/500] T-Acc:  62.6%  V-Acc:  56.1%  V-AUROC: 0.6063  LR: 4.00e-05
2026-08-02 11:54:55,277 | [FULL    ] | INFO | full_experiments_using.model_trainers.mobile_vit_trainer | Ep [082/500] T-Acc:  63.3%  V-Acc:  55.8%  V-AUROC: 0.6067  LR: 4.00e-05
2026-08-02 11:55:15,520 | [FULL    ] | INFO | full_experiments_using.model_trainers.mobile_vit_trainer | Ep [083/500] T-Acc:  63.6%  V-Acc:  55.8%  V-AUROC: 0.6081  LR: 4.00e-05
2026-08-02 11:55:36,370 | [FULL    ] | INFO | full_experiments_using.model_trainers.mobile_vit_trainer | Ep [084/500] T-Acc:  62.5%  V-Acc:  56.5%  V-AUROC: 0.6063  LR: 4.00e-05
2026-08-02 11:55:57,174 | [FULL    ] | INFO | full_experiments_using.model_trainers.mobile_vit_trainer | Ep [085/500] T-Acc:  63.1%  V-Acc:  56.9%  V-AUROC: 0.6074  LR: 4.00e-05
2026-08-02 11:56:18,149 | [FULL    ] | INFO | full_experiments_using.model_trainers.mobile_vit_trainer | Ep [086/500] T-Acc:  63.4%  V-Acc:  57.2%  V-AUROC: 0.6094  LR: 4.00e-05
2026-08-02 11:56:39,116 | [FULL    ] | INFO | full_experiments_using.model_trainers.mobile_vit_trainer | Ep [087/500] T-Acc:  63.1%  V-Acc:  56.6%  V-AUROC: 0.6087  LR: 4.00e-05
2026-08-02 11:56:39,117 | [FULL    ] | INFO | full_experiments_using.model_trainers.mobile_vit_trainer | Early stop — best AUROC 0.6172 at epoch 57 (no improvement for 30 epochs)
2026-08-02 11:56:39,117 | [FULL    ] | INFO | full_experiments_using.model_trainers.mobile_vit_trainer | Done. Best AUROC: 0.6172 (epoch 57) → /home/oem/choihyunsu/VOGBasedMCIDetection/outputs/checkpoints/run_20260802_112618_full_wvote_artifact30_w0-5-5-10-0-15-15-30_4err/fold_00_best.pth
2026-08-02 11:56:50,109 | [FULL    ] | INFO | full_experiments_using.evaluators.monte_carlo_evaluator | -> Fold 01 Result | Acc=0.727 Sens=0.750 Spec=0.667 AUROC=0.833
2026-08-02 11:56:50,116 | [FULL    ] | INFO | full_experiments_using.evaluators.monte_carlo_evaluator | === Fold 02/30 | train: 25 subj (HC=9 MCI=16) / 3890 win | test: 12 subj (HC=5 MCI=7) / 1825 win ===
2026-08-02 11:56:50,341 | [FULL    ] | INFO | httpx | HTTP Request: HEAD https://huggingface.co/apple/mobilevit-small/resolve/main/config.json "HTTP/1.1 307 Temporary Redirect"
2026-08-02 11:56:50,351 | [FULL    ] | INFO | httpx | HTTP Request: HEAD https://huggingface.co/api/resolve-cache/models/apple/mobilevit-small/6c8612545dc98676d27bc518fa521d9e9af23e34/config.json "HTTP/1.1 200 OK"
2026-08-02 11:56:50,587 | [FULL    ] | INFO | httpx | HTTP Request: HEAD https://huggingface.co/apple/mobilevit-small/resolve/main/model.safetensors "HTTP/1.1 404 Not Found"
2026-08-02 11:56:50,793 | [FULL    ] | INFO | httpx | HTTP Request: HEAD https://huggingface.co/apple/mobilevit-small/resolve/main/model.safetensors.index.json "HTTP/1.1 404 Not Found"
2026-08-02 11:56:50,996 | [FULL    ] | INFO | httpx | HTTP Request: HEAD https://huggingface.co/apple/mobilevit-small/resolve/main/pytorch_model.bin "HTTP/1.1 302 Found"
2026-08-02 11:56:51,199 | [FULL    ] | INFO | httpx | HTTP Request: HEAD https://huggingface.co/apple/mobilevit-small/resolve/main/model.safetensors "HTTP/1.1 404 Not Found"
2026-08-02 11:56:51,413 | [FULL    ] | INFO | httpx | HTTP Request: GET https://huggingface.co/api/models/apple/mobilevit-small "HTTP/1.1 200 OK"
2026-08-02 11:56:51,644 | [FULL    ] | INFO | httpx | HTTP Request: GET https://huggingface.co/api/models/apple/mobilevit-small/commits/main "HTTP/1.1 200 OK"
2026-08-02 11:56:51,860 | [FULL    ] | INFO | httpx | HTTP Request: GET https://huggingface.co/api/models/apple/mobilevit-small/discussions?p=0 "HTTP/1.1 200 OK"
2026-08-02 11:56:52,083 | [FULL    ] | INFO | httpx | HTTP Request: GET https://huggingface.co/api/models/apple/mobilevit-small/commits/refs%2Fpr%2F6 "HTTP/1.1 200 OK"
2026-08-02 11:56:52,288 | [FULL    ] | INFO | httpx | HTTP Request: HEAD https://huggingface.co/apple/mobilevit-small/resolve/refs%2Fpr%2F6/model.safetensors.index.json "HTTP/1.1 404 Not Found"
2026-08-02 11:56:52,490 | [FULL    ] | INFO | httpx | HTTP Request: HEAD https://huggingface.co/apple/mobilevit-small/resolve/refs%2Fpr%2F6/model.safetensors "HTTP/1.1 302 Found"
2026-08-02 11:56:52,512 | [FULL    ] | INFO | full_experiments_using.model_trainers.mobile_vit_trainer | Device: cuda | max_epochs=500 | batch=32 | eval_batch=256 | es_patience=30
2026-08-02 11:56:52,529 | [FULL    ] | INFO | full_experiments_using.model_trainers.mobile_vit_trainer | CE weights — HC: 1.220  MCI: 0.847
2026-08-02 11:57:20,153 | [FULL    ] | INFO | full_experiments_using.model_trainers.mobile_vit_trainer | Ep [001/500] T-Acc:  53.8%  V-Acc:  53.1%  V-AUROC: 0.5427  LR: 2.00e-04
2026-08-02 11:57:20,211 | [FULL    ] | INFO | full_experiments_using.model_trainers.mobile_vit_trainer |   ↳ new best AUROC; saved checkpoint: /home/oem/choihyunsu/VOGBasedMCIDetection/outputs/checkpoints/run_20260802_112618_full_wvote_artifact30_w0-5-5-10-0-15-15-30_4err/fold_01_best.pth
2026-08-02 11:57:41,336 | [FULL    ] | INFO | full_experiments_using.model_trainers.mobile_vit_trainer | Ep [002/500] T-Acc:  54.0%  V-Acc:  53.8%  V-AUROC: 0.5505  LR: 4.00e-04
2026-08-02 11:57:41,456 | [FULL    ] | INFO | full_experiments_using.model_trainers.mobile_vit_trainer |   ↳ new best AUROC; saved checkpoint: /home/oem/choihyunsu/VOGBasedMCIDetection/outputs/checkpoints/run_20260802_112618_full_wvote_artifact30_w0-5-5-10-0-15-15-30_4err/fold_01_best.pth
2026-08-02 11:58:02,536 | [FULL    ] | INFO | full_experiments_using.model_trainers.mobile_vit_trainer | Ep [003/500] T-Acc:  54.1%  V-Acc:  53.4%  V-AUROC: 0.5472  LR: 6.00e-04
2026-08-02 11:58:23,855 | [FULL    ] | INFO | full_experiments_using.model_trainers.mobile_vit_trainer | Ep [004/500] T-Acc:  55.4%  V-Acc:  54.0%  V-AUROC: 0.5633  LR: 8.00e-04
2026-08-02 11:58:23,973 | [FULL    ] | INFO | full_experiments_using.model_trainers.mobile_vit_trainer |   ↳ new best AUROC; saved checkpoint: /home/oem/choihyunsu/VOGBasedMCIDetection/outputs/checkpoints/run_20260802_112618_full_wvote_artifact30_w0-5-5-10-0-15-15-30_4err/fold_01_best.pth
2026-08-02 11:58:44,986 | [FULL    ] | INFO | full_experiments_using.model_trainers.mobile_vit_trainer | Ep [005/500] T-Acc:  55.7%  V-Acc:  54.5%  V-AUROC: 0.5578  LR: 1.00e-03
2026-08-02 11:59:06,542 | [FULL    ] | INFO | full_experiments_using.model_trainers.mobile_vit_trainer | Ep [006/500] T-Acc:  54.3%  V-Acc:  55.1%  V-AUROC: 0.5689  LR: 1.00e-03
2026-08-02 11:59:06,658 | [FULL    ] | INFO | full_experiments_using.model_trainers.mobile_vit_trainer |   ↳ new best AUROC; saved checkpoint: /home/oem/choihyunsu/VOGBasedMCIDetection/outputs/checkpoints/run_20260802_112618_full_wvote_artifact30_w0-5-5-10-0-15-15-30_4err/fold_01_best.pth
2026-08-02 11:59:27,852 | [FULL    ] | INFO | full_experiments_using.model_trainers.mobile_vit_trainer | Ep [007/500] T-Acc:  56.6%  V-Acc:  54.2%  V-AUROC: 0.5621  LR: 1.00e-03
2026-08-02 11:59:49,035 | [FULL    ] | INFO | full_experiments_using.model_trainers.mobile_vit_trainer | Ep [008/500] T-Acc:  56.0%  V-Acc:  55.1%  V-AUROC: 0.5732  LR: 1.00e-03
2026-08-02 11:59:49,156 | [FULL    ] | INFO | full_experiments_using.model_trainers.mobile_vit_trainer |   ↳ new best AUROC; saved checkpoint: /home/oem/choihyunsu/VOGBasedMCIDetection/outputs/checkpoints/run_20260802_112618_full_wvote_artifact30_w0-5-5-10-0-15-15-30_4err/fold_01_best.pth
2026-08-02 12:00:10,448 | [FULL    ] | INFO | full_experiments_using.model_trainers.mobile_vit_trainer | Ep [009/500] T-Acc:  56.3%  V-Acc:  54.9%  V-AUROC: 0.5735  LR: 1.00e-03
2026-08-02 12:00:10,587 | [FULL    ] | INFO | full_experiments_using.model_trainers.mobile_vit_trainer |   ↳ new best AUROC; saved checkpoint: /home/oem/choihyunsu/VOGBasedMCIDetection/outputs/checkpoints/run_20260802_112618_full_wvote_artifact30_w0-5-5-10-0-15-15-30_4err/fold_01_best.pth
2026-08-02 12:00:31,806 | [FULL    ] | INFO | full_experiments_using.model_trainers.mobile_vit_trainer | Ep [010/500] T-Acc:  57.2%  V-Acc:  55.6%  V-AUROC: 0.5862  LR: 1.00e-03
2026-08-02 12:00:31,921 | [FULL    ] | INFO | full_experiments_using.model_trainers.mobile_vit_trainer |   ↳ new best AUROC; saved checkpoint: /home/oem/choihyunsu/VOGBasedMCIDetection/outputs/checkpoints/run_20260802_112618_full_wvote_artifact30_w0-5-5-10-0-15-15-30_4err/fold_01_best.pth
2026-08-02 12:00:53,315 | [FULL    ] | INFO | full_experiments_using.model_trainers.mobile_vit_trainer | Ep [011/500] T-Acc:  57.6%  V-Acc:  55.6%  V-AUROC: 0.5763  LR: 1.00e-03
2026-08-02 12:01:14,627 | [FULL    ] | INFO | full_experiments_using.model_trainers.mobile_vit_trainer | Ep [012/500] T-Acc:  57.3%  V-Acc:  56.4%  V-AUROC: 0.5877  LR: 1.00e-03
2026-08-02 12:01:14,758 | [FULL    ] | INFO | full_experiments_using.model_trainers.mobile_vit_trainer |   ↳ new best AUROC; saved checkpoint: /home/oem/choihyunsu/VOGBasedMCIDetection/outputs/checkpoints/run_20260802_112618_full_wvote_artifact30_w0-5-5-10-0-15-15-30_4err/fold_01_best.pth
2026-08-02 12:01:35,966 | [FULL    ] | INFO | full_experiments_using.model_trainers.mobile_vit_trainer | Ep [013/500] T-Acc:  57.4%  V-Acc:  56.2%  V-AUROC: 0.5932  LR: 1.00e-03
2026-08-02 12:01:36,087 | [FULL    ] | INFO | full_experiments_using.model_trainers.mobile_vit_trainer |   ↳ new best AUROC; saved checkpoint: /home/oem/choihyunsu/VOGBasedMCIDetection/outputs/checkpoints/run_20260802_112618_full_wvote_artifact30_w0-5-5-10-0-15-15-30_4err/fold_01_best.pth
2026-08-02 12:01:57,198 | [FULL    ] | INFO | full_experiments_using.model_trainers.mobile_vit_trainer | Ep [014/500] T-Acc:  58.0%  V-Acc:  55.3%  V-AUROC: 0.5818  LR: 1.00e-03
2026-08-02 12:02:18,547 | [FULL    ] | INFO | full_experiments_using.model_trainers.mobile_vit_trainer | Ep [015/500] T-Acc:  57.1%  V-Acc:  56.4%  V-AUROC: 0.5863  LR: 1.00e-03
2026-08-02 12:02:39,711 | [FULL    ] | INFO | full_experiments_using.model_trainers.mobile_vit_trainer | Ep [016/500] T-Acc:  59.0%  V-Acc:  55.9%  V-AUROC: 0.5862  LR: 1.00e-03
2026-08-02 12:03:01,066 | [FULL    ] | INFO | full_experiments_using.model_trainers.mobile_vit_trainer | Ep [017/500] T-Acc:  59.3%  V-Acc:  56.2%  V-AUROC: 0.5908  LR: 1.00e-03
2026-08-02 12:03:22,299 | [FULL    ] | INFO | full_experiments_using.model_trainers.mobile_vit_trainer | Ep [018/500] T-Acc:  59.1%  V-Acc:  55.6%  V-AUROC: 0.5792  LR: 1.00e-03
2026-08-02 12:03:43,653 | [FULL    ] | INFO | full_experiments_using.model_trainers.mobile_vit_trainer | Ep [019/500] T-Acc:  59.2%  V-Acc:  56.2%  V-AUROC: 0.5909  LR: 1.00e-03
2026-08-02 12:04:05,068 | [FULL    ] | INFO | full_experiments_using.model_trainers.mobile_vit_trainer | Ep [020/500] T-Acc:  58.5%  V-Acc:  56.9%  V-AUROC: 0.5916  LR: 1.00e-03
2026-08-02 12:04:26,349 | [FULL    ] | INFO | full_experiments_using.model_trainers.mobile_vit_trainer | Ep [021/500] T-Acc:  59.3%  V-Acc:  55.3%  V-AUROC: 0.5850  LR: 1.00e-03
2026-08-02 12:04:47,688 | [FULL    ] | INFO | full_experiments_using.model_trainers.mobile_vit_trainer | Ep [022/500] T-Acc:  58.4%  V-Acc:  55.9%  V-AUROC: 0.5880  LR: 1.00e-03
2026-08-02 12:05:08,968 | [FULL    ] | INFO | full_experiments_using.model_trainers.mobile_vit_trainer | Ep [023/500] T-Acc:  59.3%  V-Acc:  56.2%  V-AUROC: 0.5869  LR: 1.00e-03
2026-08-02 12:05:30,058 | [FULL    ] | INFO | full_experiments_using.model_trainers.mobile_vit_trainer | Ep [024/500] T-Acc:  59.9%  V-Acc:  55.5%  V-AUROC: 0.5870  LR: 1.00e-03
2026-08-02 12:05:51,395 | [FULL    ] | INFO | full_experiments_using.model_trainers.mobile_vit_trainer | Ep [025/500] T-Acc:  60.0%  V-Acc:  56.8%  V-AUROC: 0.5881  LR: 2.00e-04
2026-08-02 12:06:12,488 | [FULL    ] | INFO | full_experiments_using.model_trainers.mobile_vit_trainer | Ep [026/500] T-Acc:  59.6%  V-Acc:  56.3%  V-AUROC: 0.5888  LR: 2.00e-04
2026-08-02 12:06:33,795 | [FULL    ] | INFO | full_experiments_using.model_trainers.mobile_vit_trainer | Ep [027/500] T-Acc:  61.3%  V-Acc:  55.7%  V-AUROC: 0.5879  LR: 2.00e-04
2026-08-02 12:06:55,126 | [FULL    ] | INFO | full_experiments_using.model_trainers.mobile_vit_trainer | Ep [028/500] T-Acc:  60.2%  V-Acc:  55.8%  V-AUROC: 0.5865  LR: 2.00e-04
2026-08-02 12:07:16,468 | [FULL    ] | INFO | full_experiments_using.model_trainers.mobile_vit_trainer | Ep [029/500] T-Acc:  60.1%  V-Acc:  56.1%  V-AUROC: 0.5890  LR: 2.00e-04
2026-08-02 12:07:37,778 | [FULL    ] | INFO | full_experiments_using.model_trainers.mobile_vit_trainer | Ep [030/500] T-Acc:  59.8%  V-Acc:  55.5%  V-AUROC: 0.5868  LR: 2.00e-04
2026-08-02 12:07:59,092 | [FULL    ] | INFO | full_experiments_using.model_trainers.mobile_vit_trainer | Ep [031/500] T-Acc:  60.2%  V-Acc:  55.5%  V-AUROC: 0.5902  LR: 2.00e-04
2026-08-02 12:08:20,378 | [FULL    ] | INFO | full_experiments_using.model_trainers.mobile_vit_trainer | Ep [032/500] T-Acc:  61.4%  V-Acc:  56.0%  V-AUROC: 0.5920  LR: 2.00e-04
2026-08-02 12:08:41,827 | [FULL    ] | INFO | full_experiments_using.model_trainers.mobile_vit_trainer | Ep [033/500] T-Acc:  60.5%  V-Acc:  55.5%  V-AUROC: 0.5885  LR: 2.00e-04
2026-08-02 12:09:03,212 | [FULL    ] | INFO | full_experiments_using.model_trainers.mobile_vit_trainer | Ep [034/500] T-Acc:  60.7%  V-Acc:  55.7%  V-AUROC: 0.5903  LR: 2.00e-04
2026-08-02 12:09:24,324 | [FULL    ] | INFO | full_experiments_using.model_trainers.mobile_vit_trainer | Ep [035/500] T-Acc:  61.3%  V-Acc:  56.0%  V-AUROC: 0.5903  LR: 2.00e-04
2026-08-02 12:09:45,552 | [FULL    ] | INFO | full_experiments_using.model_trainers.mobile_vit_trainer | Ep [036/500] T-Acc:  60.3%  V-Acc:  56.1%  V-AUROC: 0.5902  LR: 4.00e-05
2026-08-02 12:10:06,580 | [FULL    ] | INFO | full_experiments_using.model_trainers.mobile_vit_trainer | Ep [037/500] T-Acc:  61.5%  V-Acc:  55.8%  V-AUROC: 0.5899  LR: 4.00e-05
2026-08-02 12:10:27,778 | [FULL    ] | INFO | full_experiments_using.model_trainers.mobile_vit_trainer | Ep [038/500] T-Acc:  61.3%  V-Acc:  55.9%  V-AUROC: 0.5906  LR: 4.00e-05
2026-08-02 12:10:48,953 | [FULL    ] | INFO | full_experiments_using.model_trainers.mobile_vit_trainer | Ep [039/500] T-Acc:  60.7%  V-Acc:  56.2%  V-AUROC: 0.5906  LR: 4.00e-05
2026-08-02 12:11:10,164 | [FULL    ] | INFO | full_experiments_using.model_trainers.mobile_vit_trainer | Ep [040/500] T-Acc:  60.9%  V-Acc:  56.2%  V-AUROC: 0.5908  LR: 4.00e-05
2026-08-02 12:11:31,474 | [FULL    ] | INFO | full_experiments_using.model_trainers.mobile_vit_trainer | Ep [041/500] T-Acc:  61.0%  V-Acc:  55.8%  V-AUROC: 0.5907  LR: 4.00e-05
2026-08-02 12:11:52,715 | [FULL    ] | INFO | full_experiments_using.model_trainers.mobile_vit_trainer | Ep [042/500] T-Acc:  60.7%  V-Acc:  56.3%  V-AUROC: 0.5920  LR: 4.00e-05
2026-08-02 12:12:14,028 | [FULL    ] | INFO | full_experiments_using.model_trainers.mobile_vit_trainer | Ep [043/500] T-Acc:  60.5%  V-Acc:  56.5%  V-AUROC: 0.5904  LR: 4.00e-05
2026-08-02 12:12:14,028 | [FULL    ] | INFO | full_experiments_using.model_trainers.mobile_vit_trainer | Early stop — best AUROC 0.5932 at epoch 13 (no improvement for 30 epochs)
2026-08-02 12:12:14,028 | [FULL    ] | INFO | full_experiments_using.model_trainers.mobile_vit_trainer | Done. Best AUROC: 0.5932 (epoch 13) → /home/oem/choihyunsu/VOGBasedMCIDetection/outputs/checkpoints/run_20260802_112618_full_wvote_artifact30_w0-5-5-10-0-15-15-30_4err/fold_01_best.pth
2026-08-02 12:12:20,704 | [FULL    ] | INFO | full_experiments_using.evaluators.monte_carlo_evaluator | -> Fold 02 Result | Acc=0.727 Sens=0.857 Spec=0.500 AUROC=0.786
2026-08-02 12:12:20,711 | [FULL    ] | INFO | full_experiments_using.evaluators.monte_carlo_evaluator | === Fold 03/30 | train: 25 subj (HC=7 MCI=18) / 3757 win | test: 12 subj (HC=7 MCI=5) / 1958 win ===
2026-08-02 12:12:20,931 | [FULL    ] | INFO | httpx | HTTP Request: HEAD https://huggingface.co/apple/mobilevit-small/resolve/main/config.json "HTTP/1.1 307 Temporary Redirect"
2026-08-02 12:12:20,946 | [FULL    ] | INFO | httpx | HTTP Request: HEAD https://huggingface.co/api/resolve-cache/models/apple/mobilevit-small/6c8612545dc98676d27bc518fa521d9e9af23e34/config.json "HTTP/1.1 200 OK"
2026-08-02 12:12:21,227 | [FULL    ] | INFO | httpx | HTTP Request: HEAD https://huggingface.co/apple/mobilevit-small/resolve/main/model.safetensors "HTTP/1.1 404 Not Found"
2026-08-02 12:12:21,444 | [FULL    ] | INFO | httpx | HTTP Request: HEAD https://huggingface.co/apple/mobilevit-small/resolve/main/model.safetensors.index.json "HTTP/1.1 404 Not Found"
2026-08-02 12:12:21,647 | [FULL    ] | INFO | httpx | HTTP Request: HEAD https://huggingface.co/apple/mobilevit-small/resolve/main/pytorch_model.bin "HTTP/1.1 302 Found"
2026-08-02 12:12:21,857 | [FULL    ] | INFO | httpx | HTTP Request: HEAD https://huggingface.co/apple/mobilevit-small/resolve/main/model.safetensors "HTTP/1.1 404 Not Found"
2026-08-02 12:12:22,080 | [FULL    ] | INFO | httpx | HTTP Request: GET https://huggingface.co/api/models/apple/mobilevit-small "HTTP/1.1 200 OK"
2026-08-02 12:12:22,340 | [FULL    ] | INFO | httpx | HTTP Request: GET https://huggingface.co/api/models/apple/mobilevit-small/commits/main "HTTP/1.1 200 OK"
2026-08-02 12:12:22,557 | [FULL    ] | INFO | httpx | HTTP Request: GET https://huggingface.co/api/models/apple/mobilevit-small/discussions?p=0 "HTTP/1.1 200 OK"
2026-08-02 12:12:22,774 | [FULL    ] | INFO | httpx | HTTP Request: GET https://huggingface.co/api/models/apple/mobilevit-small/commits/refs%2Fpr%2F6 "HTTP/1.1 200 OK"
2026-08-02 12:12:22,984 | [FULL    ] | INFO | httpx | HTTP Request: HEAD https://huggingface.co/apple/mobilevit-small/resolve/refs%2Fpr%2F6/model.safetensors.index.json "HTTP/1.1 404 Not Found"
2026-08-02 12:12:23,025 | [FULL    ] | INFO | full_experiments_using.model_trainers.mobile_vit_trainer | Device: cuda | max_epochs=500 | batch=32 | eval_batch=256 | es_patience=30
2026-08-02 12:12:23,037 | [FULL    ] | INFO | full_experiments_using.model_trainers.mobile_vit_trainer | CE weights — HC: 1.545  MCI: 0.739
2026-08-02 12:12:23,197 | [FULL    ] | INFO | httpx | HTTP Request: HEAD https://huggingface.co/apple/mobilevit-small/resolve/refs%2Fpr%2F6/model.safetensors "HTTP/1.1 302 Found"
2026-08-02 12:12:55,485 | [FULL    ] | INFO | full_experiments_using.model_trainers.mobile_vit_trainer | Ep [001/500] T-Acc:  45.4%  V-Acc:  59.7%  V-AUROC: 0.5372  LR: 2.00e-04
2026-08-02 12:12:55,545 | [FULL    ] | INFO | full_experiments_using.model_trainers.mobile_vit_trainer |   ↳ new best AUROC; saved checkpoint: /home/oem/choihyunsu/VOGBasedMCIDetection/outputs/checkpoints/run_20260802_112618_full_wvote_artifact30_w0-5-5-10-0-15-15-30_4err/fold_02_best.pth
2026-08-02 12:13:14,007 | [FULL    ] | INFO | full_experiments_using.model_trainers.mobile_vit_trainer | Ep [002/500] T-Acc:  44.9%  V-Acc:  60.0%  V-AUROC: 0.5465  LR: 4.00e-04
2026-08-02 12:13:14,121 | [FULL    ] | INFO | full_experiments_using.model_trainers.mobile_vit_trainer |   ↳ new best AUROC; saved checkpoint: /home/oem/choihyunsu/VOGBasedMCIDetection/outputs/checkpoints/run_20260802_112618_full_wvote_artifact30_w0-5-5-10-0-15-15-30_4err/fold_02_best.pth
2026-08-02 12:13:33,967 | [FULL    ] | INFO | full_experiments_using.model_trainers.mobile_vit_trainer | Ep [003/500] T-Acc:  47.6%  V-Acc:  61.0%  V-AUROC: 0.5828  LR: 6.00e-04
2026-08-02 12:13:34,082 | [FULL    ] | INFO | full_experiments_using.model_trainers.mobile_vit_trainer |   ↳ new best AUROC; saved checkpoint: /home/oem/choihyunsu/VOGBasedMCIDetection/outputs/checkpoints/run_20260802_112618_full_wvote_artifact30_w0-5-5-10-0-15-15-30_4err/fold_02_best.pth
2026-08-02 12:13:54,364 | [FULL    ] | INFO | full_experiments_using.model_trainers.mobile_vit_trainer | Ep [004/500] T-Acc:  50.4%  V-Acc:  59.8%  V-AUROC: 0.5814  LR: 8.00e-04
2026-08-02 12:14:15,307 | [FULL    ] | INFO | full_experiments_using.model_trainers.mobile_vit_trainer | Ep [005/500] T-Acc:  50.9%  V-Acc:  60.5%  V-AUROC: 0.5906  LR: 1.00e-03
2026-08-02 12:14:15,427 | [FULL    ] | INFO | full_experiments_using.model_trainers.mobile_vit_trainer |   ↳ new best AUROC; saved checkpoint: /home/oem/choihyunsu/VOGBasedMCIDetection/outputs/checkpoints/run_20260802_112618_full_wvote_artifact30_w0-5-5-10-0-15-15-30_4err/fold_02_best.pth
2026-08-02 12:14:36,408 | [FULL    ] | INFO | full_experiments_using.model_trainers.mobile_vit_trainer | Ep [006/500] T-Acc:  52.6%  V-Acc:  56.8%  V-AUROC: 0.5905  LR: 1.00e-03
2026-08-02 12:14:57,104 | [FULL    ] | INFO | full_experiments_using.model_trainers.mobile_vit_trainer | Ep [007/500] T-Acc:  53.6%  V-Acc:  57.7%  V-AUROC: 0.6019  LR: 1.00e-03
2026-08-02 12:14:57,225 | [FULL    ] | INFO | full_experiments_using.model_trainers.mobile_vit_trainer |   ↳ new best AUROC; saved checkpoint: /home/oem/choihyunsu/VOGBasedMCIDetection/outputs/checkpoints/run_20260802_112618_full_wvote_artifact30_w0-5-5-10-0-15-15-30_4err/fold_02_best.pth
2026-08-02 12:15:17,899 | [FULL    ] | INFO | full_experiments_using.model_trainers.mobile_vit_trainer | Ep [008/500] T-Acc:  54.2%  V-Acc:  57.4%  V-AUROC: 0.6020  LR: 1.00e-03
2026-08-02 12:15:18,013 | [FULL    ] | INFO | full_experiments_using.model_trainers.mobile_vit_trainer |   ↳ new best AUROC; saved checkpoint: /home/oem/choihyunsu/VOGBasedMCIDetection/outputs/checkpoints/run_20260802_112618_full_wvote_artifact30_w0-5-5-10-0-15-15-30_4err/fold_02_best.pth
2026-08-02 12:15:38,761 | [FULL    ] | INFO | full_experiments_using.model_trainers.mobile_vit_trainer | Ep [009/500] T-Acc:  56.4%  V-Acc:  56.2%  V-AUROC: 0.6025  LR: 1.00e-03
2026-08-02 12:15:38,880 | [FULL    ] | INFO | full_experiments_using.model_trainers.mobile_vit_trainer |   ↳ new best AUROC; saved checkpoint: /home/oem/choihyunsu/VOGBasedMCIDetection/outputs/checkpoints/run_20260802_112618_full_wvote_artifact30_w0-5-5-10-0-15-15-30_4err/fold_02_best.pth
2026-08-02 12:15:59,536 | [FULL    ] | INFO | full_experiments_using.model_trainers.mobile_vit_trainer | Ep [010/500] T-Acc:  57.9%  V-Acc:  56.4%  V-AUROC: 0.5986  LR: 1.00e-03
2026-08-02 12:16:20,354 | [FULL    ] | INFO | full_experiments_using.model_trainers.mobile_vit_trainer | Ep [011/500] T-Acc:  58.2%  V-Acc:  56.0%  V-AUROC: 0.6141  LR: 1.00e-03
2026-08-02 12:16:20,472 | [FULL    ] | INFO | full_experiments_using.model_trainers.mobile_vit_trainer |   ↳ new best AUROC; saved checkpoint: /home/oem/choihyunsu/VOGBasedMCIDetection/outputs/checkpoints/run_20260802_112618_full_wvote_artifact30_w0-5-5-10-0-15-15-30_4err/fold_02_best.pth
2026-08-02 12:16:41,332 | [FULL    ] | INFO | full_experiments_using.model_trainers.mobile_vit_trainer | Ep [012/500] T-Acc:  57.5%  V-Acc:  58.6%  V-AUROC: 0.6155  LR: 1.00e-03
2026-08-02 12:16:41,448 | [FULL    ] | INFO | full_experiments_using.model_trainers.mobile_vit_trainer |   ↳ new best AUROC; saved checkpoint: /home/oem/choihyunsu/VOGBasedMCIDetection/outputs/checkpoints/run_20260802_112618_full_wvote_artifact30_w0-5-5-10-0-15-15-30_4err/fold_02_best.pth
2026-08-02 12:17:02,270 | [FULL    ] | INFO | full_experiments_using.model_trainers.mobile_vit_trainer | Ep [013/500] T-Acc:  57.7%  V-Acc:  58.6%  V-AUROC: 0.6270  LR: 1.00e-03
2026-08-02 12:17:02,390 | [FULL    ] | INFO | full_experiments_using.model_trainers.mobile_vit_trainer |   ↳ new best AUROC; saved checkpoint: /home/oem/choihyunsu/VOGBasedMCIDetection/outputs/checkpoints/run_20260802_112618_full_wvote_artifact30_w0-5-5-10-0-15-15-30_4err/fold_02_best.pth
2026-08-02 12:17:23,223 | [FULL    ] | INFO | full_experiments_using.model_trainers.mobile_vit_trainer | Ep [014/500] T-Acc:  59.7%  V-Acc:  59.0%  V-AUROC: 0.6311  LR: 1.00e-03
2026-08-02 12:17:23,344 | [FULL    ] | INFO | full_experiments_using.model_trainers.mobile_vit_trainer |   ↳ new best AUROC; saved checkpoint: /home/oem/choihyunsu/VOGBasedMCIDetection/outputs/checkpoints/run_20260802_112618_full_wvote_artifact30_w0-5-5-10-0-15-15-30_4err/fold_02_best.pth
2026-08-02 12:17:44,142 | [FULL    ] | INFO | full_experiments_using.model_trainers.mobile_vit_trainer | Ep [015/500] T-Acc:  58.7%  V-Acc:  59.2%  V-AUROC: 0.6178  LR: 1.00e-03
2026-08-02 12:18:04,892 | [FULL    ] | INFO | full_experiments_using.model_trainers.mobile_vit_trainer | Ep [016/500] T-Acc:  58.4%  V-Acc:  56.4%  V-AUROC: 0.6189  LR: 1.00e-03
2026-08-02 12:18:25,687 | [FULL    ] | INFO | full_experiments_using.model_trainers.mobile_vit_trainer | Ep [017/500] T-Acc:  59.0%  V-Acc:  59.5%  V-AUROC: 0.6300  LR: 1.00e-03
2026-08-02 12:18:46,496 | [FULL    ] | INFO | full_experiments_using.model_trainers.mobile_vit_trainer | Ep [018/500] T-Acc:  60.2%  V-Acc:  57.9%  V-AUROC: 0.6262  LR: 1.00e-03
2026-08-02 12:19:07,244 | [FULL    ] | INFO | full_experiments_using.model_trainers.mobile_vit_trainer | Ep [019/500] T-Acc:  59.7%  V-Acc:  58.5%  V-AUROC: 0.6229  LR: 1.00e-03
2026-08-02 12:19:27,992 | [FULL    ] | INFO | full_experiments_using.model_trainers.mobile_vit_trainer | Ep [020/500] T-Acc:  60.0%  V-Acc:  61.3%  V-AUROC: 0.6251  LR: 1.00e-03
2026-08-02 12:19:48,862 | [FULL    ] | INFO | full_experiments_using.model_trainers.mobile_vit_trainer | Ep [021/500] T-Acc:  59.5%  V-Acc:  57.4%  V-AUROC: 0.6145  LR: 1.00e-03
2026-08-02 12:20:09,551 | [FULL    ] | INFO | full_experiments_using.model_trainers.mobile_vit_trainer | Ep [022/500] T-Acc:  60.0%  V-Acc:  59.7%  V-AUROC: 0.6238  LR: 1.00e-03
2026-08-02 12:20:30,480 | [FULL    ] | INFO | full_experiments_using.model_trainers.mobile_vit_trainer | Ep [023/500] T-Acc:  60.0%  V-Acc:  58.9%  V-AUROC: 0.6279  LR: 1.00e-03
2026-08-02 12:20:51,318 | [FULL    ] | INFO | full_experiments_using.model_trainers.mobile_vit_trainer | Ep [024/500] T-Acc:  61.4%  V-Acc:  57.6%  V-AUROC: 0.6246  LR: 1.00e-03
2026-08-02 12:21:12,094 | [FULL    ] | INFO | full_experiments_using.model_trainers.mobile_vit_trainer | Ep [025/500] T-Acc:  61.0%  V-Acc:  61.5%  V-AUROC: 0.6376  LR: 1.00e-03
2026-08-02 12:21:12,214 | [FULL    ] | INFO | full_experiments_using.model_trainers.mobile_vit_trainer |   ↳ new best AUROC; saved checkpoint: /home/oem/choihyunsu/VOGBasedMCIDetection/outputs/checkpoints/run_20260802_112618_full_wvote_artifact30_w0-5-5-10-0-15-15-30_4err/fold_02_best.pth
2026-08-02 12:21:33,013 | [FULL    ] | INFO | full_experiments_using.model_trainers.mobile_vit_trainer | Ep [026/500] T-Acc:  61.3%  V-Acc:  60.4%  V-AUROC: 0.6377  LR: 1.00e-03
2026-08-02 12:21:33,133 | [FULL    ] | INFO | full_experiments_using.model_trainers.mobile_vit_trainer |   ↳ new best AUROC; saved checkpoint: /home/oem/choihyunsu/VOGBasedMCIDetection/outputs/checkpoints/run_20260802_112618_full_wvote_artifact30_w0-5-5-10-0-15-15-30_4err/fold_02_best.pth
2026-08-02 12:21:53,999 | [FULL    ] | INFO | full_experiments_using.model_trainers.mobile_vit_trainer | Ep [027/500] T-Acc:  61.1%  V-Acc:  57.8%  V-AUROC: 0.6261  LR: 1.00e-03
2026-08-02 12:22:14,832 | [FULL    ] | INFO | full_experiments_using.model_trainers.mobile_vit_trainer | Ep [028/500] T-Acc:  61.5%  V-Acc:  60.0%  V-AUROC: 0.6336  LR: 1.00e-03
2026-08-02 12:22:35,650 | [FULL    ] | INFO | full_experiments_using.model_trainers.mobile_vit_trainer | Ep [029/500] T-Acc:  61.4%  V-Acc:  58.2%  V-AUROC: 0.6305  LR: 1.00e-03
2026-08-02 12:22:56,368 | [FULL    ] | INFO | full_experiments_using.model_trainers.mobile_vit_trainer | Ep [030/500] T-Acc:  61.6%  V-Acc:  57.0%  V-AUROC: 0.6265  LR: 1.00e-03
2026-08-02 12:23:17,229 | [FULL    ] | INFO | full_experiments_using.model_trainers.mobile_vit_trainer | Ep [031/500] T-Acc:  60.9%  V-Acc:  59.6%  V-AUROC: 0.6345  LR: 1.00e-03
2026-08-02 12:23:38,070 | [FULL    ] | INFO | full_experiments_using.model_trainers.mobile_vit_trainer | Ep [032/500] T-Acc:  61.2%  V-Acc:  62.7%  V-AUROC: 0.6335  LR: 1.00e-03
2026-08-02 12:23:59,011 | [FULL    ] | INFO | full_experiments_using.model_trainers.mobile_vit_trainer | Ep [033/500] T-Acc:  62.0%  V-Acc:  59.4%  V-AUROC: 0.6263  LR: 1.00e-03
2026-08-02 12:24:19,760 | [FULL    ] | INFO | full_experiments_using.model_trainers.mobile_vit_trainer | Ep [034/500] T-Acc:  60.8%  V-Acc:  57.7%  V-AUROC: 0.6314  LR: 1.00e-03
2026-08-02 12:24:40,376 | [FULL    ] | INFO | full_experiments_using.model_trainers.mobile_vit_trainer | Ep [035/500] T-Acc:  61.4%  V-Acc:  58.9%  V-AUROC: 0.6225  LR: 1.00e-03
2026-08-02 12:25:01,208 | [FULL    ] | INFO | full_experiments_using.model_trainers.mobile_vit_trainer | Ep [036/500] T-Acc:  61.8%  V-Acc:  59.8%  V-AUROC: 0.6292  LR: 1.00e-03
2026-08-02 12:25:22,052 | [FULL    ] | INFO | full_experiments_using.model_trainers.mobile_vit_trainer | Ep [037/500] T-Acc:  62.4%  V-Acc:  58.4%  V-AUROC: 0.6227  LR: 1.00e-03
2026-08-02 12:25:42,943 | [FULL    ] | INFO | full_experiments_using.model_trainers.mobile_vit_trainer | Ep [038/500] T-Acc:  62.1%  V-Acc:  58.1%  V-AUROC: 0.6269  LR: 2.00e-04
2026-08-02 12:26:03,808 | [FULL    ] | INFO | full_experiments_using.model_trainers.mobile_vit_trainer | Ep [039/500] T-Acc:  62.9%  V-Acc:  58.1%  V-AUROC: 0.6300  LR: 2.00e-04
2026-08-02 12:26:24,715 | [FULL    ] | INFO | full_experiments_using.model_trainers.mobile_vit_trainer | Ep [040/500] T-Acc:  62.1%  V-Acc:  58.2%  V-AUROC: 0.6260  LR: 2.00e-04
2026-08-02 12:26:43,506 | [FULL    ] | INFO | full_experiments_using.model_trainers.mobile_vit_trainer | Ep [041/500] T-Acc:  61.6%  V-Acc:  58.5%  V-AUROC: 0.6265  LR: 2.00e-04
2026-08-02 12:27:03,333 | [FULL    ] | INFO | full_experiments_using.model_trainers.mobile_vit_trainer | Ep [042/500] T-Acc:  62.7%  V-Acc:  57.0%  V-AUROC: 0.6234  LR: 2.00e-04
2026-08-02 12:27:23,303 | [FULL    ] | INFO | full_experiments_using.model_trainers.mobile_vit_trainer | Ep [043/500] T-Acc:  63.1%  V-Acc:  58.4%  V-AUROC: 0.6272  LR: 2.00e-04
2026-08-02 12:27:44,051 | [FULL    ] | INFO | full_experiments_using.model_trainers.mobile_vit_trainer | Ep [044/500] T-Acc:  62.3%  V-Acc:  58.5%  V-AUROC: 0.6259  LR: 2.00e-04
2026-08-02 12:28:04,962 | [FULL    ] | INFO | full_experiments_using.model_trainers.mobile_vit_trainer | Ep [045/500] T-Acc:  62.0%  V-Acc:  59.2%  V-AUROC: 0.6278  LR: 2.00e-04
2026-08-02 12:28:25,783 | [FULL    ] | INFO | full_experiments_using.model_trainers.mobile_vit_trainer | Ep [046/500] T-Acc:  63.0%  V-Acc:  58.2%  V-AUROC: 0.6274  LR: 2.00e-04
2026-08-02 12:28:46,472 | [FULL    ] | INFO | full_experiments_using.model_trainers.mobile_vit_trainer | Ep [047/500] T-Acc:  62.7%  V-Acc:  59.0%  V-AUROC: 0.6278  LR: 2.00e-04
2026-08-02 12:29:07,414 | [FULL    ] | INFO | full_experiments_using.model_trainers.mobile_vit_trainer | Ep [048/500] T-Acc:  62.6%  V-Acc:  58.3%  V-AUROC: 0.6288  LR: 2.00e-04
2026-08-02 12:29:28,184 | [FULL    ] | INFO | full_experiments_using.model_trainers.mobile_vit_trainer | Ep [049/500] T-Acc:  62.6%  V-Acc:  58.7%  V-AUROC: 0.6283  LR: 4.00e-05
2026-08-02 12:29:49,011 | [FULL    ] | INFO | full_experiments_using.model_trainers.mobile_vit_trainer | Ep [050/500] T-Acc:  63.7%  V-Acc:  58.9%  V-AUROC: 0.6286  LR: 4.00e-05
2026-08-02 12:30:09,992 | [FULL    ] | INFO | full_experiments_using.model_trainers.mobile_vit_trainer | Ep [051/500] T-Acc:  62.4%  V-Acc:  58.2%  V-AUROC: 0.6256  LR: 4.00e-05
2026-08-02 12:30:30,837 | [FULL    ] | INFO | full_experiments_using.model_trainers.mobile_vit_trainer | Ep [052/500] T-Acc:  63.7%  V-Acc:  57.5%  V-AUROC: 0.6236  LR: 4.00e-05
2026-08-02 12:30:51,720 | [FULL    ] | INFO | full_experiments_using.model_trainers.mobile_vit_trainer | Ep [053/500] T-Acc:  61.9%  V-Acc:  57.5%  V-AUROC: 0.6236  LR: 4.00e-05
2026-08-02 12:31:12,537 | [FULL    ] | INFO | full_experiments_using.model_trainers.mobile_vit_trainer | Ep [054/500] T-Acc:  62.0%  V-Acc:  58.1%  V-AUROC: 0.6271  LR: 4.00e-05
2026-08-02 12:31:33,356 | [FULL    ] | INFO | full_experiments_using.model_trainers.mobile_vit_trainer | Ep [055/500] T-Acc:  62.1%  V-Acc:  58.4%  V-AUROC: 0.6278  LR: 4.00e-05
2026-08-02 12:31:54,324 | [FULL    ] | INFO | full_experiments_using.model_trainers.mobile_vit_trainer | Ep [056/500] T-Acc:  63.4%  V-Acc:  58.8%  V-AUROC: 0.6273  LR: 4.00e-05
2026-08-02 12:31:54,324 | [FULL    ] | INFO | full_experiments_using.model_trainers.mobile_vit_trainer | Early stop — best AUROC 0.6377 at epoch 26 (no improvement for 30 epochs)
2026-08-02 12:31:54,324 | [FULL    ] | INFO | full_experiments_using.model_trainers.mobile_vit_trainer | Done. Best AUROC: 0.6377 (epoch 26) → /home/oem/choihyunsu/VOGBasedMCIDetection/outputs/checkpoints/run_20260802_112618_full_wvote_artifact30_w0-5-5-10-0-15-15-30_4err/fold_02_best.pth
2026-08-02 12:32:01,851 | [FULL    ] | INFO | full_experiments_using.evaluators.monte_carlo_evaluator | -> Fold 03 Result | Acc=0.818 Sens=1.000 Spec=0.714 AUROC=1.000
2026-08-02 12:32:01,857 | [FULL    ] | INFO | full_experiments_using.evaluators.monte_carlo_evaluator | === Fold 04/30 | train: 25 subj (HC=9 MCI=16) / 3896 win | test: 12 subj (HC=5 MCI=7) / 1819 win ===
2026-08-02 12:32:02,114 | [FULL    ] | INFO | httpx | HTTP Request: HEAD https://huggingface.co/apple/mobilevit-small/resolve/main/config.json "HTTP/1.1 307 Temporary Redirect"
2026-08-02 12:32:02,130 | [FULL    ] | INFO | httpx | HTTP Request: HEAD https://huggingface.co/api/resolve-cache/models/apple/mobilevit-small/6c8612545dc98676d27bc518fa521d9e9af23e34/config.json "HTTP/1.1 200 OK"
2026-08-02 12:32:02,409 | [FULL    ] | INFO | httpx | HTTP Request: HEAD https://huggingface.co/apple/mobilevit-small/resolve/main/model.safetensors "HTTP/1.1 404 Not Found"
2026-08-02 12:32:02,623 | [FULL    ] | INFO | httpx | HTTP Request: HEAD https://huggingface.co/apple/mobilevit-small/resolve/main/model.safetensors.index.json "HTTP/1.1 404 Not Found"
2026-08-02 12:32:02,840 | [FULL    ] | INFO | httpx | HTTP Request: HEAD https://huggingface.co/apple/mobilevit-small/resolve/main/pytorch_model.bin "HTTP/1.1 302 Found"
2026-08-02 12:32:03,068 | [FULL    ] | INFO | httpx | HTTP Request: HEAD https://huggingface.co/apple/mobilevit-small/resolve/main/model.safetensors "HTTP/1.1 404 Not Found"
2026-08-02 12:32:03,278 | [FULL    ] | INFO | httpx | HTTP Request: GET https://huggingface.co/api/models/apple/mobilevit-small "HTTP/1.1 200 OK"
2026-08-02 12:32:03,544 | [FULL    ] | INFO | httpx | HTTP Request: GET https://huggingface.co/api/models/apple/mobilevit-small/commits/main "HTTP/1.1 200 OK"
2026-08-02 12:32:03,771 | [FULL    ] | INFO | httpx | HTTP Request: GET https://huggingface.co/api/models/apple/mobilevit-small/discussions?p=0 "HTTP/1.1 200 OK"
2026-08-02 12:32:03,983 | [FULL    ] | INFO | httpx | HTTP Request: GET https://huggingface.co/api/models/apple/mobilevit-small/commits/refs%2Fpr%2F6 "HTTP/1.1 200 OK"
2026-08-02 12:32:04,188 | [FULL    ] | INFO | httpx | HTTP Request: HEAD https://huggingface.co/apple/mobilevit-small/resolve/refs%2Fpr%2F6/model.safetensors.index.json "HTTP/1.1 404 Not Found"
2026-08-02 12:32:04,389 | [FULL    ] | INFO | full_experiments_using.model_trainers.mobile_vit_trainer | Device: cuda | max_epochs=500 | batch=32 | eval_batch=256 | es_patience=30
2026-08-02 12:32:04,396 | [FULL    ] | INFO | full_experiments_using.model_trainers.mobile_vit_trainer | CE weights — HC: 1.213  MCI: 0.851
2026-08-02 12:32:04,397 | [FULL    ] | INFO | httpx | HTTP Request: HEAD https://huggingface.co/apple/mobilevit-small/resolve/refs%2Fpr%2F6/model.safetensors "HTTP/1.1 302 Found"
2026-08-02 12:32:32,726 | [FULL    ] | INFO | full_experiments_using.model_trainers.mobile_vit_trainer | Ep [001/500] T-Acc:  52.7%  V-Acc:  52.6%  V-AUROC: 0.5270  LR: 2.00e-04
2026-08-02 12:32:32,788 | [FULL    ] | INFO | full_experiments_using.model_trainers.mobile_vit_trainer |   ↳ new best AUROC; saved checkpoint: /home/oem/choihyunsu/VOGBasedMCIDetection/outputs/checkpoints/run_20260802_112618_full_wvote_artifact30_w0-5-5-10-0-15-15-30_4err/fold_03_best.pth
2026-08-02 12:32:54,176 | [FULL    ] | INFO | full_experiments_using.model_trainers.mobile_vit_trainer | Ep [002/500] T-Acc:  52.1%  V-Acc:  53.3%  V-AUROC: 0.5360  LR: 4.00e-04
2026-08-02 12:32:54,295 | [FULL    ] | INFO | full_experiments_using.model_trainers.mobile_vit_trainer |   ↳ new best AUROC; saved checkpoint: /home/oem/choihyunsu/VOGBasedMCIDetection/outputs/checkpoints/run_20260802_112618_full_wvote_artifact30_w0-5-5-10-0-15-15-30_4err/fold_03_best.pth
2026-08-02 12:33:15,535 | [FULL    ] | INFO | full_experiments_using.model_trainers.mobile_vit_trainer | Ep [003/500] T-Acc:  52.0%  V-Acc:  52.0%  V-AUROC: 0.5353  LR: 6.00e-04
2026-08-02 12:33:36,703 | [FULL    ] | INFO | full_experiments_using.model_trainers.mobile_vit_trainer | Ep [004/500] T-Acc:  52.6%  V-Acc:  52.7%  V-AUROC: 0.5438  LR: 8.00e-04
2026-08-02 12:33:36,794 | [FULL    ] | INFO | full_experiments_using.model_trainers.mobile_vit_trainer |   ↳ new best AUROC; saved checkpoint: /home/oem/choihyunsu/VOGBasedMCIDetection/outputs/checkpoints/run_20260802_112618_full_wvote_artifact30_w0-5-5-10-0-15-15-30_4err/fold_03_best.pth
2026-08-02 12:33:58,264 | [FULL    ] | INFO | full_experiments_using.model_trainers.mobile_vit_trainer | Ep [005/500] T-Acc:  53.5%  V-Acc:  53.3%  V-AUROC: 0.5489  LR: 1.00e-03
2026-08-02 12:33:58,379 | [FULL    ] | INFO | full_experiments_using.model_trainers.mobile_vit_trainer |   ↳ new best AUROC; saved checkpoint: /home/oem/choihyunsu/VOGBasedMCIDetection/outputs/checkpoints/run_20260802_112618_full_wvote_artifact30_w0-5-5-10-0-15-15-30_4err/fold_03_best.pth
2026-08-02 12:34:19,478 | [FULL    ] | INFO | full_experiments_using.model_trainers.mobile_vit_trainer | Ep [006/500] T-Acc:  53.0%  V-Acc:  54.3%  V-AUROC: 0.5547  LR: 1.00e-03
2026-08-02 12:34:19,595 | [FULL    ] | INFO | full_experiments_using.model_trainers.mobile_vit_trainer |   ↳ new best AUROC; saved checkpoint: /home/oem/choihyunsu/VOGBasedMCIDetection/outputs/checkpoints/run_20260802_112618_full_wvote_artifact30_w0-5-5-10-0-15-15-30_4err/fold_03_best.pth
2026-08-02 12:34:40,962 | [FULL    ] | INFO | full_experiments_using.model_trainers.mobile_vit_trainer | Ep [007/500] T-Acc:  55.0%  V-Acc:  52.7%  V-AUROC: 0.5414  LR: 1.00e-03
2026-08-02 12:35:00,115 | [FULL    ] | INFO | full_experiments_using.model_trainers.mobile_vit_trainer | Ep [008/500] T-Acc:  55.5%  V-Acc:  53.1%  V-AUROC: 0.5441  LR: 1.00e-03
2026-08-02 12:35:19,071 | [FULL    ] | INFO | full_experiments_using.model_trainers.mobile_vit_trainer | Ep [009/500] T-Acc:  55.8%  V-Acc:  53.9%  V-AUROC: 0.5583  LR: 1.00e-03
2026-08-02 12:35:19,150 | [FULL    ] | INFO | full_experiments_using.model_trainers.mobile_vit_trainer |   ↳ new best AUROC; saved checkpoint: /home/oem/choihyunsu/VOGBasedMCIDetection/outputs/checkpoints/run_20260802_112618_full_wvote_artifact30_w0-5-5-10-0-15-15-30_4err/fold_03_best.pth
2026-08-02 12:35:40,387 | [FULL    ] | INFO | full_experiments_using.model_trainers.mobile_vit_trainer | Ep [010/500] T-Acc:  56.8%  V-Acc:  53.5%  V-AUROC: 0.5486  LR: 1.00e-03
2026-08-02 12:36:01,584 | [FULL    ] | INFO | full_experiments_using.model_trainers.mobile_vit_trainer | Ep [011/500] T-Acc:  57.2%  V-Acc:  55.1%  V-AUROC: 0.5615  LR: 1.00e-03
2026-08-02 12:36:01,661 | [FULL    ] | INFO | full_experiments_using.model_trainers.mobile_vit_trainer |   ↳ new best AUROC; saved checkpoint: /home/oem/choihyunsu/VOGBasedMCIDetection/outputs/checkpoints/run_20260802_112618_full_wvote_artifact30_w0-5-5-10-0-15-15-30_4err/fold_03_best.pth
2026-08-02 12:36:22,843 | [FULL    ] | INFO | full_experiments_using.model_trainers.mobile_vit_trainer | Ep [012/500] T-Acc:  57.3%  V-Acc:  53.8%  V-AUROC: 0.5501  LR: 1.00e-03
2026-08-02 12:36:44,017 | [FULL    ] | INFO | full_experiments_using.model_trainers.mobile_vit_trainer | Ep [013/500] T-Acc:  57.7%  V-Acc:  54.3%  V-AUROC: 0.5527  LR: 1.00e-03
2026-08-02 12:37:05,188 | [FULL    ] | INFO | full_experiments_using.model_trainers.mobile_vit_trainer | Ep [014/500] T-Acc:  59.4%  V-Acc:  54.8%  V-AUROC: 0.5578  LR: 1.00e-03
2026-08-02 12:37:26,547 | [FULL    ] | INFO | full_experiments_using.model_trainers.mobile_vit_trainer | Ep [015/500] T-Acc:  59.7%  V-Acc:  53.8%  V-AUROC: 0.5586  LR: 1.00e-03
2026-08-02 12:37:47,684 | [FULL    ] | INFO | full_experiments_using.model_trainers.mobile_vit_trainer | Ep [016/500] T-Acc:  59.7%  V-Acc:  54.7%  V-AUROC: 0.5610  LR: 1.00e-03
2026-08-02 12:38:08,856 | [FULL    ] | INFO | full_experiments_using.model_trainers.mobile_vit_trainer | Ep [017/500] T-Acc:  59.9%  V-Acc:  53.9%  V-AUROC: 0.5616  LR: 1.00e-03
2026-08-02 12:38:08,973 | [FULL    ] | INFO | full_experiments_using.model_trainers.mobile_vit_trainer |   ↳ new best AUROC; saved checkpoint: /home/oem/choihyunsu/VOGBasedMCIDetection/outputs/checkpoints/run_20260802_112618_full_wvote_artifact30_w0-5-5-10-0-15-15-30_4err/fold_03_best.pth
2026-08-02 12:38:30,253 | [FULL    ] | INFO | full_experiments_using.model_trainers.mobile_vit_trainer | Ep [018/500] T-Acc:  60.0%  V-Acc:  54.6%  V-AUROC: 0.5594  LR: 1.00e-03
2026-08-02 12:38:51,532 | [FULL    ] | INFO | full_experiments_using.model_trainers.mobile_vit_trainer | Ep [019/500] T-Acc:  59.0%  V-Acc:  54.3%  V-AUROC: 0.5577  LR: 1.00e-03
2026-08-02 12:39:12,887 | [FULL    ] | INFO | full_experiments_using.model_trainers.mobile_vit_trainer | Ep [020/500] T-Acc:  59.2%  V-Acc:  53.8%  V-AUROC: 0.5539  LR: 1.00e-03
2026-08-02 12:39:34,124 | [FULL    ] | INFO | full_experiments_using.model_trainers.mobile_vit_trainer | Ep [021/500] T-Acc:  60.2%  V-Acc:  54.6%  V-AUROC: 0.5610  LR: 1.00e-03
2026-08-02 12:39:55,342 | [FULL    ] | INFO | full_experiments_using.model_trainers.mobile_vit_trainer | Ep [022/500] T-Acc:  62.0%  V-Acc:  55.3%  V-AUROC: 0.5570  LR: 1.00e-03
2026-08-02 12:40:16,604 | [FULL    ] | INFO | full_experiments_using.model_trainers.mobile_vit_trainer | Ep [023/500] T-Acc:  61.2%  V-Acc:  54.0%  V-AUROC: 0.5612  LR: 1.00e-03
2026-08-02 12:40:38,038 | [FULL    ] | INFO | full_experiments_using.model_trainers.mobile_vit_trainer | Ep [024/500] T-Acc:  60.8%  V-Acc:  55.3%  V-AUROC: 0.5642  LR: 1.00e-03
2026-08-02 12:40:38,148 | [FULL    ] | INFO | full_experiments_using.model_trainers.mobile_vit_trainer |   ↳ new best AUROC; saved checkpoint: /home/oem/choihyunsu/VOGBasedMCIDetection/outputs/checkpoints/run_20260802_112618_full_wvote_artifact30_w0-5-5-10-0-15-15-30_4err/fold_03_best.pth
2026-08-02 12:40:59,524 | [FULL    ] | INFO | full_experiments_using.model_trainers.mobile_vit_trainer | Ep [025/500] T-Acc:  61.2%  V-Acc:  53.9%  V-AUROC: 0.5533  LR: 1.00e-03
2026-08-02 12:41:20,883 | [FULL    ] | INFO | full_experiments_using.model_trainers.mobile_vit_trainer | Ep [026/500] T-Acc:  60.5%  V-Acc:  54.3%  V-AUROC: 0.5561  LR: 1.00e-03
2026-08-02 12:41:42,209 | [FULL    ] | INFO | full_experiments_using.model_trainers.mobile_vit_trainer | Ep [027/500] T-Acc:  61.1%  V-Acc:  54.1%  V-AUROC: 0.5543  LR: 1.00e-03
2026-08-02 12:42:03,386 | [FULL    ] | INFO | full_experiments_using.model_trainers.mobile_vit_trainer | Ep [028/500] T-Acc:  61.8%  V-Acc:  54.4%  V-AUROC: 0.5577  LR: 1.00e-03
2026-08-02 12:42:24,804 | [FULL    ] | INFO | full_experiments_using.model_trainers.mobile_vit_trainer | Ep [029/500] T-Acc:  62.5%  V-Acc:  54.5%  V-AUROC: 0.5620  LR: 1.00e-03
2026-08-02 12:42:45,992 | [FULL    ] | INFO | full_experiments_using.model_trainers.mobile_vit_trainer | Ep [030/500] T-Acc:  61.7%  V-Acc:  55.4%  V-AUROC: 0.5625  LR: 1.00e-03
2026-08-02 12:43:07,216 | [FULL    ] | INFO | full_experiments_using.model_trainers.mobile_vit_trainer | Ep [031/500] T-Acc:  61.1%  V-Acc:  54.9%  V-AUROC: 0.5602  LR: 1.00e-03
2026-08-02 12:43:28,400 | [FULL    ] | INFO | full_experiments_using.model_trainers.mobile_vit_trainer | Ep [032/500] T-Acc:  61.9%  V-Acc:  53.6%  V-AUROC: 0.5519  LR: 1.00e-03
2026-08-02 12:43:49,582 | [FULL    ] | INFO | full_experiments_using.model_trainers.mobile_vit_trainer | Ep [033/500] T-Acc:  61.9%  V-Acc:  53.1%  V-AUROC: 0.5525  LR: 1.00e-03
2026-08-02 12:44:10,992 | [FULL    ] | INFO | full_experiments_using.model_trainers.mobile_vit_trainer | Ep [034/500] T-Acc:  62.5%  V-Acc:  53.6%  V-AUROC: 0.5587  LR: 1.00e-03
2026-08-02 12:44:32,240 | [FULL    ] | INFO | full_experiments_using.model_trainers.mobile_vit_trainer | Ep [035/500] T-Acc:  61.9%  V-Acc:  54.5%  V-AUROC: 0.5566  LR: 1.00e-03
2026-08-02 12:44:53,449 | [FULL    ] | INFO | full_experiments_using.model_trainers.mobile_vit_trainer | Ep [036/500] T-Acc:  62.0%  V-Acc:  54.8%  V-AUROC: 0.5593  LR: 2.00e-04
2026-08-02 12:45:14,609 | [FULL    ] | INFO | full_experiments_using.model_trainers.mobile_vit_trainer | Ep [037/500] T-Acc:  62.9%  V-Acc:  54.3%  V-AUROC: 0.5592  LR: 2.00e-04
2026-08-02 12:45:35,890 | [FULL    ] | INFO | full_experiments_using.model_trainers.mobile_vit_trainer | Ep [038/500] T-Acc:  63.8%  V-Acc:  54.5%  V-AUROC: 0.5606  LR: 2.00e-04
2026-08-02 12:45:57,282 | [FULL    ] | INFO | full_experiments_using.model_trainers.mobile_vit_trainer | Ep [039/500] T-Acc:  63.2%  V-Acc:  54.6%  V-AUROC: 0.5572  LR: 2.00e-04
2026-08-02 12:46:18,751 | [FULL    ] | INFO | full_experiments_using.model_trainers.mobile_vit_trainer | Ep [040/500] T-Acc:  63.0%  V-Acc:  54.4%  V-AUROC: 0.5567  LR: 2.00e-04
2026-08-02 12:46:39,866 | [FULL    ] | INFO | full_experiments_using.model_trainers.mobile_vit_trainer | Ep [041/500] T-Acc:  63.6%  V-Acc:  54.6%  V-AUROC: 0.5612  LR: 2.00e-04
2026-08-02 12:47:01,339 | [FULL    ] | INFO | full_experiments_using.model_trainers.mobile_vit_trainer | Ep [042/500] T-Acc:  63.0%  V-Acc:  54.0%  V-AUROC: 0.5606  LR: 2.00e-04
2026-08-02 12:47:22,589 | [FULL    ] | INFO | full_experiments_using.model_trainers.mobile_vit_trainer | Ep [043/500] T-Acc:  62.8%  V-Acc:  55.3%  V-AUROC: 0.5652  LR: 2.00e-04
2026-08-02 12:47:22,708 | [FULL    ] | INFO | full_experiments_using.model_trainers.mobile_vit_trainer |   ↳ new best AUROC; saved checkpoint: /home/oem/choihyunsu/VOGBasedMCIDetection/outputs/checkpoints/run_20260802_112618_full_wvote_artifact30_w0-5-5-10-0-15-15-30_4err/fold_03_best.pth
2026-08-02 12:47:44,161 | [FULL    ] | INFO | full_experiments_using.model_trainers.mobile_vit_trainer | Ep [044/500] T-Acc:  63.1%  V-Acc:  55.2%  V-AUROC: 0.5613  LR: 2.00e-04
2026-08-02 12:48:05,341 | [FULL    ] | INFO | full_experiments_using.model_trainers.mobile_vit_trainer | Ep [045/500] T-Acc:  63.6%  V-Acc:  55.1%  V-AUROC: 0.5613  LR: 2.00e-04
2026-08-02 12:48:26,682 | [FULL    ] | INFO | full_experiments_using.model_trainers.mobile_vit_trainer | Ep [046/500] T-Acc:  62.9%  V-Acc:  55.0%  V-AUROC: 0.5637  LR: 2.00e-04
2026-08-02 12:48:46,154 | [FULL    ] | INFO | full_experiments_using.model_trainers.mobile_vit_trainer | Ep [047/500] T-Acc:  64.5%  V-Acc:  55.4%  V-AUROC: 0.5665  LR: 2.00e-04
2026-08-02 12:48:46,271 | [FULL    ] | INFO | full_experiments_using.model_trainers.mobile_vit_trainer |   ↳ new best AUROC; saved checkpoint: /home/oem/choihyunsu/VOGBasedMCIDetection/outputs/checkpoints/run_20260802_112618_full_wvote_artifact30_w0-5-5-10-0-15-15-30_4err/fold_03_best.pth
2026-08-02 12:49:05,395 | [FULL    ] | INFO | full_experiments_using.model_trainers.mobile_vit_trainer | Ep [048/500] T-Acc:  63.6%  V-Acc:  55.5%  V-AUROC: 0.5639  LR: 2.00e-04
2026-08-02 12:49:26,191 | [FULL    ] | INFO | full_experiments_using.model_trainers.mobile_vit_trainer | Ep [049/500] T-Acc:  63.3%  V-Acc:  54.8%  V-AUROC: 0.5615  LR: 2.00e-04
2026-08-02 12:49:47,546 | [FULL    ] | INFO | full_experiments_using.model_trainers.mobile_vit_trainer | Ep [050/500] T-Acc:  62.7%  V-Acc:  55.0%  V-AUROC: 0.5627  LR: 2.00e-04
2026-08-02 12:50:08,852 | [FULL    ] | INFO | full_experiments_using.model_trainers.mobile_vit_trainer | Ep [051/500] T-Acc:  62.0%  V-Acc:  54.3%  V-AUROC: 0.5587  LR: 2.00e-04
2026-08-02 12:50:29,981 | [FULL    ] | INFO | full_experiments_using.model_trainers.mobile_vit_trainer | Ep [052/500] T-Acc:  63.7%  V-Acc:  55.3%  V-AUROC: 0.5614  LR: 2.00e-04
2026-08-02 12:50:51,170 | [FULL    ] | INFO | full_experiments_using.model_trainers.mobile_vit_trainer | Ep [053/500] T-Acc:  62.9%  V-Acc:  54.9%  V-AUROC: 0.5606  LR: 2.00e-04
2026-08-02 12:51:12,054 | [FULL    ] | INFO | full_experiments_using.model_trainers.mobile_vit_trainer | Ep [054/500] T-Acc:  63.1%  V-Acc:  54.6%  V-AUROC: 0.5589  LR: 2.00e-04
2026-08-02 12:51:33,048 | [FULL    ] | INFO | full_experiments_using.model_trainers.mobile_vit_trainer | Ep [055/500] T-Acc:  64.0%  V-Acc:  54.5%  V-AUROC: 0.5575  LR: 2.00e-04
2026-08-02 12:51:54,180 | [FULL    ] | INFO | full_experiments_using.model_trainers.mobile_vit_trainer | Ep [056/500] T-Acc:  62.5%  V-Acc:  55.1%  V-AUROC: 0.5580  LR: 2.00e-04
2026-08-02 12:52:15,603 | [FULL    ] | INFO | full_experiments_using.model_trainers.mobile_vit_trainer | Ep [057/500] T-Acc:  63.3%  V-Acc:  55.1%  V-AUROC: 0.5609  LR: 2.00e-04
2026-08-02 12:52:36,701 | [FULL    ] | INFO | full_experiments_using.model_trainers.mobile_vit_trainer | Ep [058/500] T-Acc:  63.2%  V-Acc:  54.8%  V-AUROC: 0.5601  LR: 2.00e-04
2026-08-02 12:52:57,887 | [FULL    ] | INFO | full_experiments_using.model_trainers.mobile_vit_trainer | Ep [059/500] T-Acc:  64.4%  V-Acc:  55.0%  V-AUROC: 0.5596  LR: 4.00e-05
2026-08-02 12:53:19,086 | [FULL    ] | INFO | full_experiments_using.model_trainers.mobile_vit_trainer | Ep [060/500] T-Acc:  62.4%  V-Acc:  55.0%  V-AUROC: 0.5597  LR: 4.00e-05
2026-08-02 12:53:40,279 | [FULL    ] | INFO | full_experiments_using.model_trainers.mobile_vit_trainer | Ep [061/500] T-Acc:  63.8%  V-Acc:  54.7%  V-AUROC: 0.5589  LR: 4.00e-05
2026-08-02 12:54:01,467 | [FULL    ] | INFO | full_experiments_using.model_trainers.mobile_vit_trainer | Ep [062/500] T-Acc:  63.4%  V-Acc:  54.3%  V-AUROC: 0.5590  LR: 4.00e-05
2026-08-02 12:54:20,714 | [FULL    ] | INFO | full_experiments_using.model_trainers.mobile_vit_trainer | Ep [063/500] T-Acc:  63.2%  V-Acc:  54.5%  V-AUROC: 0.5600  LR: 4.00e-05
2026-08-02 12:54:41,086 | [FULL    ] | INFO | full_experiments_using.model_trainers.mobile_vit_trainer | Ep [064/500] T-Acc:  64.3%  V-Acc:  54.8%  V-AUROC: 0.5581  LR: 4.00e-05
2026-08-02 12:55:01,212 | [FULL    ] | INFO | full_experiments_using.model_trainers.mobile_vit_trainer | Ep [065/500] T-Acc:  64.3%  V-Acc:  54.6%  V-AUROC: 0.5577  LR: 4.00e-05
2026-08-02 12:55:22,242 | [FULL    ] | INFO | full_experiments_using.model_trainers.mobile_vit_trainer | Ep [066/500] T-Acc:  62.6%  V-Acc:  54.6%  V-AUROC: 0.5564  LR: 4.00e-05
2026-08-02 12:55:43,342 | [FULL    ] | INFO | full_experiments_using.model_trainers.mobile_vit_trainer | Ep [067/500] T-Acc:  62.4%  V-Acc:  54.6%  V-AUROC: 0.5570  LR: 4.00e-05
2026-08-02 12:56:04,619 | [FULL    ] | INFO | full_experiments_using.model_trainers.mobile_vit_trainer | Ep [068/500] T-Acc:  62.7%  V-Acc:  54.5%  V-AUROC: 0.5591  LR: 4.00e-05
2026-08-02 12:56:25,813 | [FULL    ] | INFO | full_experiments_using.model_trainers.mobile_vit_trainer | Ep [069/500] T-Acc:  63.9%  V-Acc:  55.0%  V-AUROC: 0.5579  LR: 4.00e-05
2026-08-02 12:56:47,081 | [FULL    ] | INFO | full_experiments_using.model_trainers.mobile_vit_trainer | Ep [070/500] T-Acc:  63.5%  V-Acc:  54.5%  V-AUROC: 0.5599  LR: 8.00e-06
2026-08-02 12:57:08,218 | [FULL    ] | INFO | full_experiments_using.model_trainers.mobile_vit_trainer | Ep [071/500] T-Acc:  63.6%  V-Acc:  54.6%  V-AUROC: 0.5584  LR: 8.00e-06
2026-08-02 12:57:29,490 | [FULL    ] | INFO | full_experiments_using.model_trainers.mobile_vit_trainer | Ep [072/500] T-Acc:  62.9%  V-Acc:  54.5%  V-AUROC: 0.5557  LR: 8.00e-06
2026-08-02 12:57:50,771 | [FULL    ] | INFO | full_experiments_using.model_trainers.mobile_vit_trainer | Ep [073/500] T-Acc:  63.4%  V-Acc:  54.4%  V-AUROC: 0.5561  LR: 8.00e-06
2026-08-02 12:58:11,907 | [FULL    ] | INFO | full_experiments_using.model_trainers.mobile_vit_trainer | Ep [074/500] T-Acc:  64.0%  V-Acc:  54.8%  V-AUROC: 0.5578  LR: 8.00e-06
2026-08-02 12:58:33,134 | [FULL    ] | INFO | full_experiments_using.model_trainers.mobile_vit_trainer | Ep [075/500] T-Acc:  63.6%  V-Acc:  54.4%  V-AUROC: 0.5603  LR: 8.00e-06
2026-08-02 12:58:54,463 | [FULL    ] | INFO | full_experiments_using.model_trainers.mobile_vit_trainer | Ep [076/500] T-Acc:  64.5%  V-Acc:  54.4%  V-AUROC: 0.5623  LR: 8.00e-06
2026-08-02 12:59:15,517 | [FULL    ] | INFO | full_experiments_using.model_trainers.mobile_vit_trainer | Ep [077/500] T-Acc:  63.6%  V-Acc:  54.5%  V-AUROC: 0.5582  LR: 8.00e-06
2026-08-02 12:59:15,517 | [FULL    ] | INFO | full_experiments_using.model_trainers.mobile_vit_trainer | Early stop — best AUROC 0.5665 at epoch 47 (no improvement for 30 epochs)
2026-08-02 12:59:15,517 | [FULL    ] | INFO | full_experiments_using.model_trainers.mobile_vit_trainer | Done. Best AUROC: 0.5665 (epoch 47) → /home/oem/choihyunsu/VOGBasedMCIDetection/outputs/checkpoints/run_20260802_112618_full_wvote_artifact30_w0-5-5-10-0-15-15-30_4err/fold_03_best.pth
2026-08-02 12:59:21,826 | [FULL    ] | INFO | full_experiments_using.evaluators.monte_carlo_evaluator | -> Fold 04 Result | Acc=0.700 Sens=0.833 Spec=0.500 AUROC=0.750
2026-08-02 12:59:21,833 | [FULL    ] | INFO | full_experiments_using.evaluators.monte_carlo_evaluator | === Fold 05/30 | train: 25 subj (HC=8 MCI=17) / 3784 win | test: 12 subj (HC=6 MCI=6) / 1931 win ===
2026-08-02 12:59:22,074 | [FULL    ] | INFO | httpx | HTTP Request: HEAD https://huggingface.co/apple/mobilevit-small/resolve/main/config.json "HTTP/1.1 307 Temporary Redirect"
2026-08-02 12:59:22,090 | [FULL    ] | INFO | httpx | HTTP Request: HEAD https://huggingface.co/api/resolve-cache/models/apple/mobilevit-small/6c8612545dc98676d27bc518fa521d9e9af23e34/config.json "HTTP/1.1 200 OK"
2026-08-02 12:59:22,365 | [FULL    ] | INFO | httpx | HTTP Request: HEAD https://huggingface.co/apple/mobilevit-small/resolve/main/model.safetensors "HTTP/1.1 404 Not Found"
2026-08-02 12:59:22,576 | [FULL    ] | INFO | httpx | HTTP Request: HEAD https://huggingface.co/apple/mobilevit-small/resolve/main/model.safetensors.index.json "HTTP/1.1 404 Not Found"
2026-08-02 12:59:22,786 | [FULL    ] | INFO | httpx | HTTP Request: HEAD https://huggingface.co/apple/mobilevit-small/resolve/main/pytorch_model.bin "HTTP/1.1 302 Found"
2026-08-02 12:59:22,996 | [FULL    ] | INFO | httpx | HTTP Request: HEAD https://huggingface.co/apple/mobilevit-small/resolve/main/model.safetensors "HTTP/1.1 404 Not Found"
2026-08-02 12:59:23,214 | [FULL    ] | INFO | httpx | HTTP Request: GET https://huggingface.co/api/models/apple/mobilevit-small "HTTP/1.1 200 OK"
2026-08-02 12:59:23,457 | [FULL    ] | INFO | httpx | HTTP Request: GET https://huggingface.co/api/models/apple/mobilevit-small/commits/main "HTTP/1.1 200 OK"
2026-08-02 12:59:23,691 | [FULL    ] | INFO | httpx | HTTP Request: GET https://huggingface.co/api/models/apple/mobilevit-small/discussions?p=0 "HTTP/1.1 200 OK"
2026-08-02 12:59:23,913 | [FULL    ] | INFO | httpx | HTTP Request: GET https://huggingface.co/api/models/apple/mobilevit-small/commits/refs%2Fpr%2F6 "HTTP/1.1 200 OK"
2026-08-02 12:59:24,127 | [FULL    ] | INFO | httpx | HTTP Request: HEAD https://huggingface.co/apple/mobilevit-small/resolve/refs%2Fpr%2F6/model.safetensors.index.json "HTTP/1.1 404 Not Found"
2026-08-02 12:59:24,332 | [FULL    ] | INFO | httpx | HTTP Request: HEAD https://huggingface.co/apple/mobilevit-small/resolve/refs%2Fpr%2F6/model.safetensors "HTTP/1.1 302 Found"
2026-08-02 12:59:24,572 | [FULL    ] | INFO | full_experiments_using.model_trainers.mobile_vit_trainer | Device: cuda | max_epochs=500 | batch=32 | eval_batch=256 | es_patience=30
2026-08-02 12:59:24,582 | [FULL    ] | INFO | full_experiments_using.model_trainers.mobile_vit_trainer | CE weights — HC: 1.334  MCI: 0.800
2026-08-02 12:59:56,735 | [FULL    ] | INFO | full_experiments_using.model_trainers.mobile_vit_trainer | Ep [001/500] T-Acc:  56.5%  V-Acc:  46.8%  V-AUROC: 0.4930  LR: 2.00e-04
2026-08-02 12:59:56,794 | [FULL    ] | INFO | full_experiments_using.model_trainers.mobile_vit_trainer |   ↳ new best AUROC; saved checkpoint: /home/oem/choihyunsu/VOGBasedMCIDetection/outputs/checkpoints/run_20260802_112618_full_wvote_artifact30_w0-5-5-10-0-15-15-30_4err/fold_04_best.pth
2026-08-02 13:00:17,739 | [FULL    ] | INFO | full_experiments_using.model_trainers.mobile_vit_trainer | Ep [002/500] T-Acc:  55.9%  V-Acc:  48.0%  V-AUROC: 0.4998  LR: 4.00e-04
2026-08-02 13:00:17,855 | [FULL    ] | INFO | full_experiments_using.model_trainers.mobile_vit_trainer |   ↳ new best AUROC; saved checkpoint: /home/oem/choihyunsu/VOGBasedMCIDetection/outputs/checkpoints/run_20260802_112618_full_wvote_artifact30_w0-5-5-10-0-15-15-30_4err/fold_04_best.pth
2026-08-02 13:00:38,874 | [FULL    ] | INFO | full_experiments_using.model_trainers.mobile_vit_trainer | Ep [003/500] T-Acc:  55.9%  V-Acc:  46.5%  V-AUROC: 0.4980  LR: 6.00e-04
2026-08-02 13:00:59,992 | [FULL    ] | INFO | full_experiments_using.model_trainers.mobile_vit_trainer | Ep [004/500] T-Acc:  54.6%  V-Acc:  48.1%  V-AUROC: 0.5302  LR: 8.00e-04
2026-08-02 13:01:00,107 | [FULL    ] | INFO | full_experiments_using.model_trainers.mobile_vit_trainer |   ↳ new best AUROC; saved checkpoint: /home/oem/choihyunsu/VOGBasedMCIDetection/outputs/checkpoints/run_20260802_112618_full_wvote_artifact30_w0-5-5-10-0-15-15-30_4err/fold_04_best.pth
2026-08-02 13:01:20,957 | [FULL    ] | INFO | full_experiments_using.model_trainers.mobile_vit_trainer | Ep [005/500] T-Acc:  53.7%  V-Acc:  49.7%  V-AUROC: 0.5500  LR: 1.00e-03
2026-08-02 13:01:21,072 | [FULL    ] | INFO | full_experiments_using.model_trainers.mobile_vit_trainer |   ↳ new best AUROC; saved checkpoint: /home/oem/choihyunsu/VOGBasedMCIDetection/outputs/checkpoints/run_20260802_112618_full_wvote_artifact30_w0-5-5-10-0-15-15-30_4err/fold_04_best.pth
2026-08-02 13:01:41,867 | [FULL    ] | INFO | full_experiments_using.model_trainers.mobile_vit_trainer | Ep [006/500] T-Acc:  54.5%  V-Acc:  53.2%  V-AUROC: 0.5612  LR: 1.00e-03
2026-08-02 13:01:41,985 | [FULL    ] | INFO | full_experiments_using.model_trainers.mobile_vit_trainer |   ↳ new best AUROC; saved checkpoint: /home/oem/choihyunsu/VOGBasedMCIDetection/outputs/checkpoints/run_20260802_112618_full_wvote_artifact30_w0-5-5-10-0-15-15-30_4err/fold_04_best.pth
2026-08-02 13:02:03,061 | [FULL    ] | INFO | full_experiments_using.model_trainers.mobile_vit_trainer | Ep [007/500] T-Acc:  55.6%  V-Acc:  54.1%  V-AUROC: 0.5834  LR: 1.00e-03
2026-08-02 13:02:03,182 | [FULL    ] | INFO | full_experiments_using.model_trainers.mobile_vit_trainer |   ↳ new best AUROC; saved checkpoint: /home/oem/choihyunsu/VOGBasedMCIDetection/outputs/checkpoints/run_20260802_112618_full_wvote_artifact30_w0-5-5-10-0-15-15-30_4err/fold_04_best.pth
2026-08-02 13:02:24,142 | [FULL    ] | INFO | full_experiments_using.model_trainers.mobile_vit_trainer | Ep [008/500] T-Acc:  56.1%  V-Acc:  54.1%  V-AUROC: 0.5885  LR: 1.00e-03
2026-08-02 13:02:24,261 | [FULL    ] | INFO | full_experiments_using.model_trainers.mobile_vit_trainer |   ↳ new best AUROC; saved checkpoint: /home/oem/choihyunsu/VOGBasedMCIDetection/outputs/checkpoints/run_20260802_112618_full_wvote_artifact30_w0-5-5-10-0-15-15-30_4err/fold_04_best.pth
2026-08-02 13:02:45,074 | [FULL    ] | INFO | full_experiments_using.model_trainers.mobile_vit_trainer | Ep [009/500] T-Acc:  56.6%  V-Acc:  55.4%  V-AUROC: 0.5872  LR: 1.00e-03
2026-08-02 13:03:05,756 | [FULL    ] | INFO | full_experiments_using.model_trainers.mobile_vit_trainer | Ep [010/500] T-Acc:  57.4%  V-Acc:  55.5%  V-AUROC: 0.5951  LR: 1.00e-03
2026-08-02 13:03:05,879 | [FULL    ] | INFO | full_experiments_using.model_trainers.mobile_vit_trainer |   ↳ new best AUROC; saved checkpoint: /home/oem/choihyunsu/VOGBasedMCIDetection/outputs/checkpoints/run_20260802_112618_full_wvote_artifact30_w0-5-5-10-0-15-15-30_4err/fold_04_best.pth
2026-08-02 13:03:26,910 | [FULL    ] | INFO | full_experiments_using.model_trainers.mobile_vit_trainer | Ep [011/500] T-Acc:  57.4%  V-Acc:  56.0%  V-AUROC: 0.5983  LR: 1.00e-03
2026-08-02 13:03:27,029 | [FULL    ] | INFO | full_experiments_using.model_trainers.mobile_vit_trainer |   ↳ new best AUROC; saved checkpoint: /home/oem/choihyunsu/VOGBasedMCIDetection/outputs/checkpoints/run_20260802_112618_full_wvote_artifact30_w0-5-5-10-0-15-15-30_4err/fold_04_best.pth
2026-08-02 13:03:47,897 | [FULL    ] | INFO | full_experiments_using.model_trainers.mobile_vit_trainer | Ep [012/500] T-Acc:  56.5%  V-Acc:  56.8%  V-AUROC: 0.6048  LR: 1.00e-03
2026-08-02 13:03:48,014 | [FULL    ] | INFO | full_experiments_using.model_trainers.mobile_vit_trainer |   ↳ new best AUROC; saved checkpoint: /home/oem/choihyunsu/VOGBasedMCIDetection/outputs/checkpoints/run_20260802_112618_full_wvote_artifact30_w0-5-5-10-0-15-15-30_4err/fold_04_best.pth
2026-08-02 13:04:09,192 | [FULL    ] | INFO | full_experiments_using.model_trainers.mobile_vit_trainer | Ep [013/500] T-Acc:  56.6%  V-Acc:  57.1%  V-AUROC: 0.6056  LR: 1.00e-03
2026-08-02 13:04:09,309 | [FULL    ] | INFO | full_experiments_using.model_trainers.mobile_vit_trainer |   ↳ new best AUROC; saved checkpoint: /home/oem/choihyunsu/VOGBasedMCIDetection/outputs/checkpoints/run_20260802_112618_full_wvote_artifact30_w0-5-5-10-0-15-15-30_4err/fold_04_best.pth
2026-08-02 13:04:30,194 | [FULL    ] | INFO | full_experiments_using.model_trainers.mobile_vit_trainer | Ep [014/500] T-Acc:  57.2%  V-Acc:  57.1%  V-AUROC: 0.6034  LR: 1.00e-03
2026-08-02 13:04:51,574 | [FULL    ] | INFO | full_experiments_using.model_trainers.mobile_vit_trainer | Ep [015/500] T-Acc:  57.2%  V-Acc:  58.2%  V-AUROC: 0.6097  LR: 1.00e-03
2026-08-02 13:04:51,692 | [FULL    ] | INFO | full_experiments_using.model_trainers.mobile_vit_trainer |   ↳ new best AUROC; saved checkpoint: /home/oem/choihyunsu/VOGBasedMCIDetection/outputs/checkpoints/run_20260802_112618_full_wvote_artifact30_w0-5-5-10-0-15-15-30_4err/fold_04_best.pth
2026-08-02 13:05:12,805 | [FULL    ] | INFO | full_experiments_using.model_trainers.mobile_vit_trainer | Ep [016/500] T-Acc:  56.3%  V-Acc:  58.0%  V-AUROC: 0.6078  LR: 1.00e-03
2026-08-02 13:05:33,603 | [FULL    ] | INFO | full_experiments_using.model_trainers.mobile_vit_trainer | Ep [017/500] T-Acc:  58.2%  V-Acc:  57.2%  V-AUROC: 0.6103  LR: 1.00e-03
2026-08-02 13:05:33,733 | [FULL    ] | INFO | full_experiments_using.model_trainers.mobile_vit_trainer |   ↳ new best AUROC; saved checkpoint: /home/oem/choihyunsu/VOGBasedMCIDetection/outputs/checkpoints/run_20260802_112618_full_wvote_artifact30_w0-5-5-10-0-15-15-30_4err/fold_04_best.pth
2026-08-02 13:05:54,527 | [FULL    ] | INFO | full_experiments_using.model_trainers.mobile_vit_trainer | Ep [018/500] T-Acc:  58.3%  V-Acc:  57.9%  V-AUROC: 0.6075  LR: 1.00e-03
2026-08-02 13:06:15,450 | [FULL    ] | INFO | full_experiments_using.model_trainers.mobile_vit_trainer | Ep [019/500] T-Acc:  57.1%  V-Acc:  57.4%  V-AUROC: 0.6097  LR: 1.00e-03
2026-08-02 13:06:36,286 | [FULL    ] | INFO | full_experiments_using.model_trainers.mobile_vit_trainer | Ep [020/500] T-Acc:  58.0%  V-Acc:  59.2%  V-AUROC: 0.6172  LR: 1.00e-03
2026-08-02 13:06:36,407 | [FULL    ] | INFO | full_experiments_using.model_trainers.mobile_vit_trainer |   ↳ new best AUROC; saved checkpoint: /home/oem/choihyunsu/VOGBasedMCIDetection/outputs/checkpoints/run_20260802_112618_full_wvote_artifact30_w0-5-5-10-0-15-15-30_4err/fold_04_best.pth
2026-08-02 13:06:57,336 | [FULL    ] | INFO | full_experiments_using.model_trainers.mobile_vit_trainer | Ep [021/500] T-Acc:  57.2%  V-Acc:  58.3%  V-AUROC: 0.6086  LR: 1.00e-03
2026-08-02 13:07:16,251 | [FULL    ] | INFO | full_experiments_using.model_trainers.mobile_vit_trainer | Ep [022/500] T-Acc:  58.4%  V-Acc:  58.7%  V-AUROC: 0.6152  LR: 1.00e-03
2026-08-02 13:07:37,107 | [FULL    ] | INFO | full_experiments_using.model_trainers.mobile_vit_trainer | Ep [023/500] T-Acc:  58.5%  V-Acc:  58.7%  V-AUROC: 0.6184  LR: 1.00e-03
2026-08-02 13:07:37,226 | [FULL    ] | INFO | full_experiments_using.model_trainers.mobile_vit_trainer |   ↳ new best AUROC; saved checkpoint: /home/oem/choihyunsu/VOGBasedMCIDetection/outputs/checkpoints/run_20260802_112618_full_wvote_artifact30_w0-5-5-10-0-15-15-30_4err/fold_04_best.pth
2026-08-02 13:07:56,320 | [FULL    ] | INFO | full_experiments_using.model_trainers.mobile_vit_trainer | Ep [024/500] T-Acc:  58.8%  V-Acc:  57.9%  V-AUROC: 0.6187  LR: 1.00e-03
2026-08-02 13:07:56,459 | [FULL    ] | INFO | full_experiments_using.model_trainers.mobile_vit_trainer |   ↳ new best AUROC; saved checkpoint: /home/oem/choihyunsu/VOGBasedMCIDetection/outputs/checkpoints/run_20260802_112618_full_wvote_artifact30_w0-5-5-10-0-15-15-30_4err/fold_04_best.pth
2026-08-02 13:08:17,488 | [FULL    ] | INFO | full_experiments_using.model_trainers.mobile_vit_trainer | Ep [025/500] T-Acc:  59.1%  V-Acc:  58.8%  V-AUROC: 0.6198  LR: 1.00e-03
2026-08-02 13:08:17,634 | [FULL    ] | INFO | full_experiments_using.model_trainers.mobile_vit_trainer |   ↳ new best AUROC; saved checkpoint: /home/oem/choihyunsu/VOGBasedMCIDetection/outputs/checkpoints/run_20260802_112618_full_wvote_artifact30_w0-5-5-10-0-15-15-30_4err/fold_04_best.pth
2026-08-02 13:08:38,556 | [FULL    ] | INFO | full_experiments_using.model_trainers.mobile_vit_trainer | Ep [026/500] T-Acc:  59.0%  V-Acc:  57.6%  V-AUROC: 0.6134  LR: 1.00e-03
2026-08-02 13:08:59,635 | [FULL    ] | INFO | full_experiments_using.model_trainers.mobile_vit_trainer | Ep [027/500] T-Acc:  59.4%  V-Acc:  59.0%  V-AUROC: 0.6258  LR: 1.00e-03
2026-08-02 13:08:59,757 | [FULL    ] | INFO | full_experiments_using.model_trainers.mobile_vit_trainer |   ↳ new best AUROC; saved checkpoint: /home/oem/choihyunsu/VOGBasedMCIDetection/outputs/checkpoints/run_20260802_112618_full_wvote_artifact30_w0-5-5-10-0-15-15-30_4err/fold_04_best.pth
2026-08-02 13:09:20,593 | [FULL    ] | INFO | full_experiments_using.model_trainers.mobile_vit_trainer | Ep [028/500] T-Acc:  59.2%  V-Acc:  58.3%  V-AUROC: 0.6249  LR: 1.00e-03
2026-08-02 13:09:41,715 | [FULL    ] | INFO | full_experiments_using.model_trainers.mobile_vit_trainer | Ep [029/500] T-Acc:  59.7%  V-Acc:  58.0%  V-AUROC: 0.6162  LR: 1.00e-03
2026-08-02 13:10:02,681 | [FULL    ] | INFO | full_experiments_using.model_trainers.mobile_vit_trainer | Ep [030/500] T-Acc:  58.8%  V-Acc:  58.6%  V-AUROC: 0.6179  LR: 1.00e-03
2026-08-02 13:10:23,784 | [FULL    ] | INFO | full_experiments_using.model_trainers.mobile_vit_trainer | Ep [031/500] T-Acc:  60.0%  V-Acc:  57.1%  V-AUROC: 0.6062  LR: 1.00e-03
2026-08-02 13:10:44,844 | [FULL    ] | INFO | full_experiments_using.model_trainers.mobile_vit_trainer | Ep [032/500] T-Acc:  60.6%  V-Acc:  57.8%  V-AUROC: 0.6181  LR: 1.00e-03
2026-08-02 13:11:05,800 | [FULL    ] | INFO | full_experiments_using.model_trainers.mobile_vit_trainer | Ep [033/500] T-Acc:  60.0%  V-Acc:  59.8%  V-AUROC: 0.6234  LR: 1.00e-03
2026-08-02 13:11:26,793 | [FULL    ] | INFO | full_experiments_using.model_trainers.mobile_vit_trainer | Ep [034/500] T-Acc:  60.1%  V-Acc:  59.2%  V-AUROC: 0.6248  LR: 1.00e-03
2026-08-02 13:11:47,770 | [FULL    ] | INFO | full_experiments_using.model_trainers.mobile_vit_trainer | Ep [035/500] T-Acc:  60.9%  V-Acc:  58.3%  V-AUROC: 0.6255  LR: 1.00e-03
2026-08-02 13:12:08,806 | [FULL    ] | INFO | full_experiments_using.model_trainers.mobile_vit_trainer | Ep [036/500] T-Acc:  60.4%  V-Acc:  57.8%  V-AUROC: 0.6190  LR: 1.00e-03
2026-08-02 13:12:29,497 | [FULL    ] | INFO | full_experiments_using.model_trainers.mobile_vit_trainer | Ep [037/500] T-Acc:  60.1%  V-Acc:  57.6%  V-AUROC: 0.6189  LR: 1.00e-03
2026-08-02 13:12:50,553 | [FULL    ] | INFO | full_experiments_using.model_trainers.mobile_vit_trainer | Ep [038/500] T-Acc:  60.8%  V-Acc:  58.8%  V-AUROC: 0.6309  LR: 1.00e-03
2026-08-02 13:12:50,673 | [FULL    ] | INFO | full_experiments_using.model_trainers.mobile_vit_trainer |   ↳ new best AUROC; saved checkpoint: /home/oem/choihyunsu/VOGBasedMCIDetection/outputs/checkpoints/run_20260802_112618_full_wvote_artifact30_w0-5-5-10-0-15-15-30_4err/fold_04_best.pth
2026-08-02 13:13:11,786 | [FULL    ] | INFO | full_experiments_using.model_trainers.mobile_vit_trainer | Ep [039/500] T-Acc:  60.4%  V-Acc:  59.2%  V-AUROC: 0.6264  LR: 1.00e-03
2026-08-02 13:13:32,687 | [FULL    ] | INFO | full_experiments_using.model_trainers.mobile_vit_trainer | Ep [040/500] T-Acc:  60.7%  V-Acc:  59.0%  V-AUROC: 0.6271  LR: 1.00e-03
2026-08-02 13:13:53,703 | [FULL    ] | INFO | full_experiments_using.model_trainers.mobile_vit_trainer | Ep [041/500] T-Acc:  60.9%  V-Acc:  59.3%  V-AUROC: 0.6180  LR: 1.00e-03
2026-08-02 13:14:14,647 | [FULL    ] | INFO | full_experiments_using.model_trainers.mobile_vit_trainer | Ep [042/500] T-Acc:  59.0%  V-Acc:  60.0%  V-AUROC: 0.6252  LR: 1.00e-03
2026-08-02 13:14:35,647 | [FULL    ] | INFO | full_experiments_using.model_trainers.mobile_vit_trainer | Ep [043/500] T-Acc:  61.3%  V-Acc:  58.7%  V-AUROC: 0.6209  LR: 1.00e-03
2026-08-02 13:14:56,707 | [FULL    ] | INFO | full_experiments_using.model_trainers.mobile_vit_trainer | Ep [044/500] T-Acc:  61.2%  V-Acc:  59.7%  V-AUROC: 0.6311  LR: 1.00e-03
2026-08-02 13:14:56,825 | [FULL    ] | INFO | full_experiments_using.model_trainers.mobile_vit_trainer |   ↳ new best AUROC; saved checkpoint: /home/oem/choihyunsu/VOGBasedMCIDetection/outputs/checkpoints/run_20260802_112618_full_wvote_artifact30_w0-5-5-10-0-15-15-30_4err/fold_04_best.pth
2026-08-02 13:15:17,717 | [FULL    ] | INFO | full_experiments_using.model_trainers.mobile_vit_trainer | Ep [045/500] T-Acc:  61.5%  V-Acc:  57.7%  V-AUROC: 0.6208  LR: 1.00e-03
2026-08-02 13:15:38,706 | [FULL    ] | INFO | full_experiments_using.model_trainers.mobile_vit_trainer | Ep [046/500] T-Acc:  61.0%  V-Acc:  59.0%  V-AUROC: 0.6343  LR: 1.00e-03
2026-08-02 13:15:38,839 | [FULL    ] | INFO | full_experiments_using.model_trainers.mobile_vit_trainer |   ↳ new best AUROC; saved checkpoint: /home/oem/choihyunsu/VOGBasedMCIDetection/outputs/checkpoints/run_20260802_112618_full_wvote_artifact30_w0-5-5-10-0-15-15-30_4err/fold_04_best.pth
2026-08-02 13:15:59,655 | [FULL    ] | INFO | full_experiments_using.model_trainers.mobile_vit_trainer | Ep [047/500] T-Acc:  61.9%  V-Acc:  60.6%  V-AUROC: 0.6347  LR: 1.00e-03
2026-08-02 13:15:59,772 | [FULL    ] | INFO | full_experiments_using.model_trainers.mobile_vit_trainer |   ↳ new best AUROC; saved checkpoint: /home/oem/choihyunsu/VOGBasedMCIDetection/outputs/checkpoints/run_20260802_112618_full_wvote_artifact30_w0-5-5-10-0-15-15-30_4err/fold_04_best.pth
2026-08-02 13:16:20,562 | [FULL    ] | INFO | full_experiments_using.model_trainers.mobile_vit_trainer | Ep [048/500] T-Acc:  60.4%  V-Acc:  60.6%  V-AUROC: 0.6357  LR: 1.00e-03
2026-08-02 13:16:20,680 | [FULL    ] | INFO | full_experiments_using.model_trainers.mobile_vit_trainer |   ↳ new best AUROC; saved checkpoint: /home/oem/choihyunsu/VOGBasedMCIDetection/outputs/checkpoints/run_20260802_112618_full_wvote_artifact30_w0-5-5-10-0-15-15-30_4err/fold_04_best.pth
2026-08-02 13:16:41,810 | [FULL    ] | INFO | full_experiments_using.model_trainers.mobile_vit_trainer | Ep [049/500] T-Acc:  61.1%  V-Acc:  60.0%  V-AUROC: 0.6289  LR: 1.00e-03
2026-08-02 13:17:02,879 | [FULL    ] | INFO | full_experiments_using.model_trainers.mobile_vit_trainer | Ep [050/500] T-Acc:  61.4%  V-Acc:  60.7%  V-AUROC: 0.6331  LR: 1.00e-03
2026-08-02 13:17:23,935 | [FULL    ] | INFO | full_experiments_using.model_trainers.mobile_vit_trainer | Ep [051/500] T-Acc:  60.7%  V-Acc:  59.3%  V-AUROC: 0.6364  LR: 1.00e-03
2026-08-02 13:17:24,056 | [FULL    ] | INFO | full_experiments_using.model_trainers.mobile_vit_trainer |   ↳ new best AUROC; saved checkpoint: /home/oem/choihyunsu/VOGBasedMCIDetection/outputs/checkpoints/run_20260802_112618_full_wvote_artifact30_w0-5-5-10-0-15-15-30_4err/fold_04_best.pth
2026-08-02 13:17:45,414 | [FULL    ] | INFO | full_experiments_using.model_trainers.mobile_vit_trainer | Ep [052/500] T-Acc:  60.5%  V-Acc:  60.8%  V-AUROC: 0.6302  LR: 1.00e-03
2026-08-02 13:18:06,309 | [FULL    ] | INFO | full_experiments_using.model_trainers.mobile_vit_trainer | Ep [053/500] T-Acc:  61.6%  V-Acc:  59.8%  V-AUROC: 0.6311  LR: 1.00e-03
2026-08-02 13:18:27,238 | [FULL    ] | INFO | full_experiments_using.model_trainers.mobile_vit_trainer | Ep [054/500] T-Acc:  61.7%  V-Acc:  61.3%  V-AUROC: 0.6261  LR: 1.00e-03
2026-08-02 13:18:48,029 | [FULL    ] | INFO | full_experiments_using.model_trainers.mobile_vit_trainer | Ep [055/500] T-Acc:  61.8%  V-Acc:  60.1%  V-AUROC: 0.6306  LR: 1.00e-03
2026-08-02 13:19:07,128 | [FULL    ] | INFO | full_experiments_using.model_trainers.mobile_vit_trainer | Ep [056/500] T-Acc:  61.1%  V-Acc:  58.9%  V-AUROC: 0.6284  LR: 1.00e-03
2026-08-02 13:19:26,873 | [FULL    ] | INFO | full_experiments_using.model_trainers.mobile_vit_trainer | Ep [057/500] T-Acc:  61.7%  V-Acc:  60.2%  V-AUROC: 0.6324  LR: 1.00e-03
2026-08-02 13:19:47,260 | [FULL    ] | INFO | full_experiments_using.model_trainers.mobile_vit_trainer | Ep [058/500] T-Acc:  62.8%  V-Acc:  60.4%  V-AUROC: 0.6359  LR: 1.00e-03
2026-08-02 13:20:08,270 | [FULL    ] | INFO | full_experiments_using.model_trainers.mobile_vit_trainer | Ep [059/500] T-Acc:  60.9%  V-Acc:  60.5%  V-AUROC: 0.6367  LR: 1.00e-03
2026-08-02 13:20:08,392 | [FULL    ] | INFO | full_experiments_using.model_trainers.mobile_vit_trainer |   ↳ new best AUROC; saved checkpoint: /home/oem/choihyunsu/VOGBasedMCIDetection/outputs/checkpoints/run_20260802_112618_full_wvote_artifact30_w0-5-5-10-0-15-15-30_4err/fold_04_best.pth
2026-08-02 13:20:29,256 | [FULL    ] | INFO | full_experiments_using.model_trainers.mobile_vit_trainer | Ep [060/500] T-Acc:  62.7%  V-Acc:  60.3%  V-AUROC: 0.6348  LR: 1.00e-03
2026-08-02 13:20:50,142 | [FULL    ] | INFO | full_experiments_using.model_trainers.mobile_vit_trainer | Ep [061/500] T-Acc:  59.4%  V-Acc:  59.0%  V-AUROC: 0.6310  LR: 1.00e-03
2026-08-02 13:21:11,308 | [FULL    ] | INFO | full_experiments_using.model_trainers.mobile_vit_trainer | Ep [062/500] T-Acc:  61.2%  V-Acc:  60.4%  V-AUROC: 0.6342  LR: 1.00e-03
2026-08-02 13:21:32,309 | [FULL    ] | INFO | full_experiments_using.model_trainers.mobile_vit_trainer | Ep [063/500] T-Acc:  61.8%  V-Acc:  59.4%  V-AUROC: 0.6321  LR: 1.00e-03
2026-08-02 13:21:53,329 | [FULL    ] | INFO | full_experiments_using.model_trainers.mobile_vit_trainer | Ep [064/500] T-Acc:  61.5%  V-Acc:  60.6%  V-AUROC: 0.6335  LR: 1.00e-03
2026-08-02 13:22:14,461 | [FULL    ] | INFO | full_experiments_using.model_trainers.mobile_vit_trainer | Ep [065/500] T-Acc:  61.5%  V-Acc:  59.9%  V-AUROC: 0.6347  LR: 1.00e-03
2026-08-02 13:22:35,389 | [FULL    ] | INFO | full_experiments_using.model_trainers.mobile_vit_trainer | Ep [066/500] T-Acc:  62.2%  V-Acc:  60.7%  V-AUROC: 0.6363  LR: 1.00e-03
2026-08-02 13:22:56,186 | [FULL    ] | INFO | full_experiments_using.model_trainers.mobile_vit_trainer | Ep [067/500] T-Acc:  61.5%  V-Acc:  59.0%  V-AUROC: 0.6317  LR: 1.00e-03
2026-08-02 13:23:17,059 | [FULL    ] | INFO | full_experiments_using.model_trainers.mobile_vit_trainer | Ep [068/500] T-Acc:  62.7%  V-Acc:  59.5%  V-AUROC: 0.6329  LR: 1.00e-03
2026-08-02 13:23:38,114 | [FULL    ] | INFO | full_experiments_using.model_trainers.mobile_vit_trainer | Ep [069/500] T-Acc:  62.7%  V-Acc:  59.5%  V-AUROC: 0.6283  LR: 1.00e-03
2026-08-02 13:23:59,136 | [FULL    ] | INFO | full_experiments_using.model_trainers.mobile_vit_trainer | Ep [070/500] T-Acc:  62.2%  V-Acc:  59.8%  V-AUROC: 0.6286  LR: 1.00e-03
2026-08-02 13:24:20,166 | [FULL    ] | INFO | full_experiments_using.model_trainers.mobile_vit_trainer | Ep [071/500] T-Acc:  63.1%  V-Acc:  58.7%  V-AUROC: 0.6287  LR: 2.00e-04
2026-08-02 13:24:41,305 | [FULL    ] | INFO | full_experiments_using.model_trainers.mobile_vit_trainer | Ep [072/500] T-Acc:  62.1%  V-Acc:  59.5%  V-AUROC: 0.6285  LR: 2.00e-04
2026-08-02 13:25:00,262 | [FULL    ] | INFO | full_experiments_using.model_trainers.mobile_vit_trainer | Ep [073/500] T-Acc:  62.6%  V-Acc:  58.9%  V-AUROC: 0.6281  LR: 2.00e-04
2026-08-02 13:25:20,860 | [FULL    ] | INFO | full_experiments_using.model_trainers.mobile_vit_trainer | Ep [074/500] T-Acc:  62.2%  V-Acc:  59.6%  V-AUROC: 0.6287  LR: 2.00e-04
2026-08-02 13:25:40,213 | [FULL    ] | INFO | full_experiments_using.model_trainers.mobile_vit_trainer | Ep [075/500] T-Acc:  62.9%  V-Acc:  59.4%  V-AUROC: 0.6296  LR: 2.00e-04
2026-08-02 13:26:01,076 | [FULL    ] | INFO | full_experiments_using.model_trainers.mobile_vit_trainer | Ep [076/500] T-Acc:  62.0%  V-Acc:  59.8%  V-AUROC: 0.6306  LR: 2.00e-04
2026-08-02 13:26:21,894 | [FULL    ] | INFO | full_experiments_using.model_trainers.mobile_vit_trainer | Ep [077/500] T-Acc:  62.4%  V-Acc:  60.0%  V-AUROC: 0.6325  LR: 2.00e-04
2026-08-02 13:26:42,766 | [FULL    ] | INFO | full_experiments_using.model_trainers.mobile_vit_trainer | Ep [078/500] T-Acc:  62.2%  V-Acc:  59.3%  V-AUROC: 0.6297  LR: 2.00e-04
2026-08-02 13:27:03,602 | [FULL    ] | INFO | full_experiments_using.model_trainers.mobile_vit_trainer | Ep [079/500] T-Acc:  62.6%  V-Acc:  59.9%  V-AUROC: 0.6338  LR: 2.00e-04
2026-08-02 13:27:24,667 | [FULL    ] | INFO | full_experiments_using.model_trainers.mobile_vit_trainer | Ep [080/500] T-Acc:  61.7%  V-Acc:  58.7%  V-AUROC: 0.6319  LR: 2.00e-04
2026-08-02 13:27:45,634 | [FULL    ] | INFO | full_experiments_using.model_trainers.mobile_vit_trainer | Ep [081/500] T-Acc:  61.9%  V-Acc:  58.8%  V-AUROC: 0.6317  LR: 2.00e-04
2026-08-02 13:28:06,465 | [FULL    ] | INFO | full_experiments_using.model_trainers.mobile_vit_trainer | Ep [082/500] T-Acc:  62.0%  V-Acc:  59.8%  V-AUROC: 0.6303  LR: 4.00e-05
2026-08-02 13:28:27,342 | [FULL    ] | INFO | full_experiments_using.model_trainers.mobile_vit_trainer | Ep [083/500] T-Acc:  63.1%  V-Acc:  59.5%  V-AUROC: 0.6300  LR: 4.00e-05
2026-08-02 13:28:48,479 | [FULL    ] | INFO | full_experiments_using.model_trainers.mobile_vit_trainer | Ep [084/500] T-Acc:  62.5%  V-Acc:  60.3%  V-AUROC: 0.6308  LR: 4.00e-05
2026-08-02 13:29:09,480 | [FULL    ] | INFO | full_experiments_using.model_trainers.mobile_vit_trainer | Ep [085/500] T-Acc:  63.1%  V-Acc:  60.0%  V-AUROC: 0.6317  LR: 4.00e-05
2026-08-02 13:29:30,582 | [FULL    ] | INFO | full_experiments_using.model_trainers.mobile_vit_trainer | Ep [086/500] T-Acc:  63.3%  V-Acc:  59.0%  V-AUROC: 0.6314  LR: 4.00e-05
2026-08-02 13:29:51,301 | [FULL    ] | INFO | full_experiments_using.model_trainers.mobile_vit_trainer | Ep [087/500] T-Acc:  62.8%  V-Acc:  59.5%  V-AUROC: 0.6307  LR: 4.00e-05
2026-08-02 13:30:12,277 | [FULL    ] | INFO | full_experiments_using.model_trainers.mobile_vit_trainer | Ep [088/500] T-Acc:  63.7%  V-Acc:  59.7%  V-AUROC: 0.6312  LR: 4.00e-05
2026-08-02 13:30:33,188 | [FULL    ] | INFO | full_experiments_using.model_trainers.mobile_vit_trainer | Ep [089/500] T-Acc:  62.5%  V-Acc:  59.5%  V-AUROC: 0.6325  LR: 4.00e-05
2026-08-02 13:30:33,188 | [FULL    ] | INFO | full_experiments_using.model_trainers.mobile_vit_trainer | Early stop — best AUROC 0.6367 at epoch 59 (no improvement for 30 epochs)
2026-08-02 13:30:33,188 | [FULL    ] | INFO | full_experiments_using.model_trainers.mobile_vit_trainer | Done. Best AUROC: 0.6367 (epoch 59) → /home/oem/choihyunsu/VOGBasedMCIDetection/outputs/checkpoints/run_20260802_112618_full_wvote_artifact30_w0-5-5-10-0-15-15-30_4err/fold_04_best.pth
2026-08-02 13:30:40,496 | [FULL    ] | INFO | full_experiments_using.evaluators.monte_carlo_evaluator | -> Fold 05 Result | Acc=0.909 Sens=1.000 Spec=0.800 AUROC=1.000
2026-08-02 13:30:40,503 | [FULL    ] | INFO | full_experiments_using.evaluators.monte_carlo_evaluator | === Fold 06/30 | train: 25 subj (HC=10 MCI=15) / 3940 win | test: 12 subj (HC=4 MCI=8) / 1775 win ===
2026-08-02 13:30:40,741 | [FULL    ] | INFO | httpx | HTTP Request: HEAD https://huggingface.co/apple/mobilevit-small/resolve/main/config.json "HTTP/1.1 307 Temporary Redirect"
2026-08-02 13:30:40,754 | [FULL    ] | INFO | httpx | HTTP Request: HEAD https://huggingface.co/api/resolve-cache/models/apple/mobilevit-small/6c8612545dc98676d27bc518fa521d9e9af23e34/config.json "HTTP/1.1 200 OK"
2026-08-02 13:30:41,047 | [FULL    ] | INFO | httpx | HTTP Request: HEAD https://huggingface.co/apple/mobilevit-small/resolve/main/model.safetensors "HTTP/1.1 404 Not Found"
2026-08-02 13:30:41,258 | [FULL    ] | INFO | httpx | HTTP Request: HEAD https://huggingface.co/apple/mobilevit-small/resolve/main/model.safetensors.index.json "HTTP/1.1 404 Not Found"
2026-08-02 13:30:41,501 | [FULL    ] | INFO | httpx | HTTP Request: HEAD https://huggingface.co/apple/mobilevit-small/resolve/main/pytorch_model.bin "HTTP/1.1 302 Found"
2026-08-02 13:30:41,701 | [FULL    ] | INFO | httpx | HTTP Request: HEAD https://huggingface.co/apple/mobilevit-small/resolve/main/model.safetensors "HTTP/1.1 404 Not Found"
2026-08-02 13:30:41,920 | [FULL    ] | INFO | httpx | HTTP Request: GET https://huggingface.co/api/models/apple/mobilevit-small "HTTP/1.1 200 OK"
2026-08-02 13:30:42,189 | [FULL    ] | INFO | httpx | HTTP Request: GET https://huggingface.co/api/models/apple/mobilevit-small/commits/main "HTTP/1.1 200 OK"
2026-08-02 13:30:42,405 | [FULL    ] | INFO | httpx | HTTP Request: GET https://huggingface.co/api/models/apple/mobilevit-small/discussions?p=0 "HTTP/1.1 200 OK"
2026-08-02 13:30:42,630 | [FULL    ] | INFO | httpx | HTTP Request: GET https://huggingface.co/api/models/apple/mobilevit-small/commits/refs%2Fpr%2F6 "HTTP/1.1 200 OK"
2026-08-02 13:30:42,833 | [FULL    ] | INFO | httpx | HTTP Request: HEAD https://huggingface.co/apple/mobilevit-small/resolve/refs%2Fpr%2F6/model.safetensors.index.json "HTTP/1.1 404 Not Found"
2026-08-02 13:30:42,893 | [FULL    ] | INFO | full_experiments_using.model_trainers.mobile_vit_trainer | Device: cuda | max_epochs=500 | batch=32 | eval_batch=256 | es_patience=30
2026-08-02 13:30:42,910 | [FULL    ] | INFO | full_experiments_using.model_trainers.mobile_vit_trainer | CE weights — HC: 1.072  MCI: 0.937
2026-08-02 13:30:43,045 | [FULL    ] | INFO | httpx | HTTP Request: HEAD https://huggingface.co/apple/mobilevit-small/resolve/refs%2Fpr%2F6/model.safetensors "HTTP/1.1 302 Found"
2026-08-02 13:31:18,602 | [FULL    ] | INFO | full_experiments_using.model_trainers.mobile_vit_trainer | Ep [001/500] T-Acc:  48.8%  V-Acc:  45.4%  V-AUROC: 0.4903  LR: 2.00e-04
2026-08-02 13:31:18,661 | [FULL    ] | INFO | full_experiments_using.model_trainers.mobile_vit_trainer |   ↳ new best AUROC; saved checkpoint: /home/oem/choihyunsu/VOGBasedMCIDetection/outputs/checkpoints/run_20260802_112618_full_wvote_artifact30_w0-5-5-10-0-15-15-30_4err/fold_05_best.pth
2026-08-02 13:31:40,159 | [FULL    ] | INFO | full_experiments_using.model_trainers.mobile_vit_trainer | Ep [002/500] T-Acc:  50.3%  V-Acc:  48.6%  V-AUROC: 0.5110  LR: 4.00e-04
2026-08-02 13:31:40,277 | [FULL    ] | INFO | full_experiments_using.model_trainers.mobile_vit_trainer |   ↳ new best AUROC; saved checkpoint: /home/oem/choihyunsu/VOGBasedMCIDetection/outputs/checkpoints/run_20260802_112618_full_wvote_artifact30_w0-5-5-10-0-15-15-30_4err/fold_05_best.pth
2026-08-02 13:32:01,730 | [FULL    ] | INFO | full_experiments_using.model_trainers.mobile_vit_trainer | Ep [003/500] T-Acc:  48.7%  V-Acc:  48.5%  V-AUROC: 0.5136  LR: 6.00e-04
2026-08-02 13:32:01,846 | [FULL    ] | INFO | full_experiments_using.model_trainers.mobile_vit_trainer |   ↳ new best AUROC; saved checkpoint: /home/oem/choihyunsu/VOGBasedMCIDetection/outputs/checkpoints/run_20260802_112618_full_wvote_artifact30_w0-5-5-10-0-15-15-30_4err/fold_05_best.pth
2026-08-02 13:32:23,386 | [FULL    ] | INFO | full_experiments_using.model_trainers.mobile_vit_trainer | Ep [004/500] T-Acc:  50.9%  V-Acc:  48.5%  V-AUROC: 0.5271  LR: 8.00e-04
2026-08-02 13:32:23,513 | [FULL    ] | INFO | full_experiments_using.model_trainers.mobile_vit_trainer |   ↳ new best AUROC; saved checkpoint: /home/oem/choihyunsu/VOGBasedMCIDetection/outputs/checkpoints/run_20260802_112618_full_wvote_artifact30_w0-5-5-10-0-15-15-30_4err/fold_05_best.pth
2026-08-02 13:32:45,165 | [FULL    ] | INFO | full_experiments_using.model_trainers.mobile_vit_trainer | Ep [005/500] T-Acc:  49.7%  V-Acc:  50.7%  V-AUROC: 0.5138  LR: 1.00e-03
2026-08-02 13:33:06,684 | [FULL    ] | INFO | full_experiments_using.model_trainers.mobile_vit_trainer | Ep [006/500] T-Acc:  51.8%  V-Acc:  54.0%  V-AUROC: 0.5542  LR: 1.00e-03
2026-08-02 13:33:06,800 | [FULL    ] | INFO | full_experiments_using.model_trainers.mobile_vit_trainer |   ↳ new best AUROC; saved checkpoint: /home/oem/choihyunsu/VOGBasedMCIDetection/outputs/checkpoints/run_20260802_112618_full_wvote_artifact30_w0-5-5-10-0-15-15-30_4err/fold_05_best.pth
2026-08-02 13:33:28,339 | [FULL    ] | INFO | full_experiments_using.model_trainers.mobile_vit_trainer | Ep [007/500] T-Acc:  52.2%  V-Acc:  54.1%  V-AUROC: 0.5612  LR: 1.00e-03
2026-08-02 13:33:28,466 | [FULL    ] | INFO | full_experiments_using.model_trainers.mobile_vit_trainer |   ↳ new best AUROC; saved checkpoint: /home/oem/choihyunsu/VOGBasedMCIDetection/outputs/checkpoints/run_20260802_112618_full_wvote_artifact30_w0-5-5-10-0-15-15-30_4err/fold_05_best.pth
2026-08-02 13:33:49,928 | [FULL    ] | INFO | full_experiments_using.model_trainers.mobile_vit_trainer | Ep [008/500] T-Acc:  52.9%  V-Acc:  54.3%  V-AUROC: 0.5695  LR: 1.00e-03
2026-08-02 13:33:50,045 | [FULL    ] | INFO | full_experiments_using.model_trainers.mobile_vit_trainer |   ↳ new best AUROC; saved checkpoint: /home/oem/choihyunsu/VOGBasedMCIDetection/outputs/checkpoints/run_20260802_112618_full_wvote_artifact30_w0-5-5-10-0-15-15-30_4err/fold_05_best.pth
2026-08-02 13:34:11,445 | [FULL    ] | INFO | full_experiments_using.model_trainers.mobile_vit_trainer | Ep [009/500] T-Acc:  55.4%  V-Acc:  55.6%  V-AUROC: 0.5789  LR: 1.00e-03
2026-08-02 13:34:11,564 | [FULL    ] | INFO | full_experiments_using.model_trainers.mobile_vit_trainer |   ↳ new best AUROC; saved checkpoint: /home/oem/choihyunsu/VOGBasedMCIDetection/outputs/checkpoints/run_20260802_112618_full_wvote_artifact30_w0-5-5-10-0-15-15-30_4err/fold_05_best.pth
2026-08-02 13:34:33,143 | [FULL    ] | INFO | full_experiments_using.model_trainers.mobile_vit_trainer | Ep [010/500] T-Acc:  54.8%  V-Acc:  55.8%  V-AUROC: 0.5588  LR: 1.00e-03
2026-08-02 13:34:54,400 | [FULL    ] | INFO | full_experiments_using.model_trainers.mobile_vit_trainer | Ep [011/500] T-Acc:  55.7%  V-Acc:  55.2%  V-AUROC: 0.5794  LR: 1.00e-03
2026-08-02 13:34:54,519 | [FULL    ] | INFO | full_experiments_using.model_trainers.mobile_vit_trainer |   ↳ new best AUROC; saved checkpoint: /home/oem/choihyunsu/VOGBasedMCIDetection/outputs/checkpoints/run_20260802_112618_full_wvote_artifact30_w0-5-5-10-0-15-15-30_4err/fold_05_best.pth
2026-08-02 13:35:16,008 | [FULL    ] | INFO | full_experiments_using.model_trainers.mobile_vit_trainer | Ep [012/500] T-Acc:  55.4%  V-Acc:  55.9%  V-AUROC: 0.5746  LR: 1.00e-03
2026-08-02 13:35:37,512 | [FULL    ] | INFO | full_experiments_using.model_trainers.mobile_vit_trainer | Ep [013/500] T-Acc:  55.5%  V-Acc:  55.5%  V-AUROC: 0.5773  LR: 1.00e-03
2026-08-02 13:35:59,076 | [FULL    ] | INFO | full_experiments_using.model_trainers.mobile_vit_trainer | Ep [014/500] T-Acc:  56.9%  V-Acc:  58.3%  V-AUROC: 0.5876  LR: 1.00e-03
2026-08-02 13:35:59,225 | [FULL    ] | INFO | full_experiments_using.model_trainers.mobile_vit_trainer |   ↳ new best AUROC; saved checkpoint: /home/oem/choihyunsu/VOGBasedMCIDetection/outputs/checkpoints/run_20260802_112618_full_wvote_artifact30_w0-5-5-10-0-15-15-30_4err/fold_05_best.pth
2026-08-02 13:36:19,998 | [FULL    ] | INFO | full_experiments_using.model_trainers.mobile_vit_trainer | Ep [015/500] T-Acc:  57.1%  V-Acc:  57.5%  V-AUROC: 0.5857  LR: 1.00e-03
2026-08-02 13:36:40,671 | [FULL    ] | INFO | full_experiments_using.model_trainers.mobile_vit_trainer | Ep [016/500] T-Acc:  56.5%  V-Acc:  57.9%  V-AUROC: 0.5976  LR: 1.00e-03
2026-08-02 13:36:40,793 | [FULL    ] | INFO | full_experiments_using.model_trainers.mobile_vit_trainer |   ↳ new best AUROC; saved checkpoint: /home/oem/choihyunsu/VOGBasedMCIDetection/outputs/checkpoints/run_20260802_112618_full_wvote_artifact30_w0-5-5-10-0-15-15-30_4err/fold_05_best.pth
2026-08-02 13:37:00,514 | [FULL    ] | INFO | full_experiments_using.model_trainers.mobile_vit_trainer | Ep [017/500] T-Acc:  58.1%  V-Acc:  58.1%  V-AUROC: 0.6012  LR: 1.00e-03
2026-08-02 13:37:00,639 | [FULL    ] | INFO | full_experiments_using.model_trainers.mobile_vit_trainer |   ↳ new best AUROC; saved checkpoint: /home/oem/choihyunsu/VOGBasedMCIDetection/outputs/checkpoints/run_20260802_112618_full_wvote_artifact30_w0-5-5-10-0-15-15-30_4err/fold_05_best.pth
2026-08-02 13:37:22,187 | [FULL    ] | INFO | full_experiments_using.model_trainers.mobile_vit_trainer | Ep [018/500] T-Acc:  58.2%  V-Acc:  60.4%  V-AUROC: 0.6026  LR: 1.00e-03
2026-08-02 13:37:22,304 | [FULL    ] | INFO | full_experiments_using.model_trainers.mobile_vit_trainer |   ↳ new best AUROC; saved checkpoint: /home/oem/choihyunsu/VOGBasedMCIDetection/outputs/checkpoints/run_20260802_112618_full_wvote_artifact30_w0-5-5-10-0-15-15-30_4err/fold_05_best.pth
2026-08-02 13:37:43,650 | [FULL    ] | INFO | full_experiments_using.model_trainers.mobile_vit_trainer | Ep [019/500] T-Acc:  57.7%  V-Acc:  59.2%  V-AUROC: 0.6011  LR: 1.00e-03
2026-08-02 13:38:05,065 | [FULL    ] | INFO | full_experiments_using.model_trainers.mobile_vit_trainer | Ep [020/500] T-Acc:  58.4%  V-Acc:  57.1%  V-AUROC: 0.5942  LR: 1.00e-03
2026-08-02 13:38:26,482 | [FULL    ] | INFO | full_experiments_using.model_trainers.mobile_vit_trainer | Ep [021/500] T-Acc:  58.5%  V-Acc:  58.4%  V-AUROC: 0.5931  LR: 1.00e-03
2026-08-02 13:38:47,790 | [FULL    ] | INFO | full_experiments_using.model_trainers.mobile_vit_trainer | Ep [022/500] T-Acc:  58.2%  V-Acc:  57.7%  V-AUROC: 0.5956  LR: 1.00e-03
2026-08-02 13:39:09,556 | [FULL    ] | INFO | full_experiments_using.model_trainers.mobile_vit_trainer | Ep [023/500] T-Acc:  58.9%  V-Acc:  57.2%  V-AUROC: 0.5971  LR: 1.00e-03
2026-08-02 13:39:31,105 | [FULL    ] | INFO | full_experiments_using.model_trainers.mobile_vit_trainer | Ep [024/500] T-Acc:  58.9%  V-Acc:  57.9%  V-AUROC: 0.6017  LR: 1.00e-03
2026-08-02 13:39:52,601 | [FULL    ] | INFO | full_experiments_using.model_trainers.mobile_vit_trainer | Ep [025/500] T-Acc:  59.3%  V-Acc:  58.3%  V-AUROC: 0.6021  LR: 1.00e-03
2026-08-02 13:40:13,932 | [FULL    ] | INFO | full_experiments_using.model_trainers.mobile_vit_trainer | Ep [026/500] T-Acc:  59.5%  V-Acc:  57.1%  V-AUROC: 0.6038  LR: 1.00e-03
2026-08-02 13:40:14,029 | [FULL    ] | INFO | full_experiments_using.model_trainers.mobile_vit_trainer |   ↳ new best AUROC; saved checkpoint: /home/oem/choihyunsu/VOGBasedMCIDetection/outputs/checkpoints/run_20260802_112618_full_wvote_artifact30_w0-5-5-10-0-15-15-30_4err/fold_05_best.pth
2026-08-02 13:40:33,831 | [FULL    ] | INFO | full_experiments_using.model_trainers.mobile_vit_trainer | Ep [027/500] T-Acc:  59.4%  V-Acc:  58.0%  V-AUROC: 0.6069  LR: 1.00e-03
2026-08-02 13:40:33,951 | [FULL    ] | INFO | full_experiments_using.model_trainers.mobile_vit_trainer |   ↳ new best AUROC; saved checkpoint: /home/oem/choihyunsu/VOGBasedMCIDetection/outputs/checkpoints/run_20260802_112618_full_wvote_artifact30_w0-5-5-10-0-15-15-30_4err/fold_05_best.pth
2026-08-02 13:40:53,716 | [FULL    ] | INFO | full_experiments_using.model_trainers.mobile_vit_trainer | Ep [028/500] T-Acc:  59.3%  V-Acc:  57.0%  V-AUROC: 0.6006  LR: 1.00e-03
2026-08-02 13:41:15,055 | [FULL    ] | INFO | full_experiments_using.model_trainers.mobile_vit_trainer | Ep [029/500] T-Acc:  60.2%  V-Acc:  57.5%  V-AUROC: 0.6019  LR: 1.00e-03
2026-08-02 13:41:36,582 | [FULL    ] | INFO | full_experiments_using.model_trainers.mobile_vit_trainer | Ep [030/500] T-Acc:  59.0%  V-Acc:  57.5%  V-AUROC: 0.5893  LR: 1.00e-03
2026-08-02 13:41:58,130 | [FULL    ] | INFO | full_experiments_using.model_trainers.mobile_vit_trainer | Ep [031/500] T-Acc:  60.0%  V-Acc:  58.9%  V-AUROC: 0.5953  LR: 1.00e-03
2026-08-02 13:42:19,450 | [FULL    ] | INFO | full_experiments_using.model_trainers.mobile_vit_trainer | Ep [032/500] T-Acc:  59.4%  V-Acc:  58.6%  V-AUROC: 0.5945  LR: 1.00e-03
2026-08-02 13:42:40,950 | [FULL    ] | INFO | full_experiments_using.model_trainers.mobile_vit_trainer | Ep [033/500] T-Acc:  61.1%  V-Acc:  57.3%  V-AUROC: 0.5928  LR: 1.00e-03
2026-08-02 13:43:02,491 | [FULL    ] | INFO | full_experiments_using.model_trainers.mobile_vit_trainer | Ep [034/500] T-Acc:  59.8%  V-Acc:  57.5%  V-AUROC: 0.5951  LR: 1.00e-03
2026-08-02 13:43:23,872 | [FULL    ] | INFO | full_experiments_using.model_trainers.mobile_vit_trainer | Ep [035/500] T-Acc:  60.8%  V-Acc:  58.9%  V-AUROC: 0.6010  LR: 1.00e-03
2026-08-02 13:43:45,235 | [FULL    ] | INFO | full_experiments_using.model_trainers.mobile_vit_trainer | Ep [036/500] T-Acc:  60.5%  V-Acc:  59.9%  V-AUROC: 0.6070  LR: 1.00e-03
2026-08-02 13:43:45,336 | [FULL    ] | INFO | full_experiments_using.model_trainers.mobile_vit_trainer |   ↳ new best AUROC; saved checkpoint: /home/oem/choihyunsu/VOGBasedMCIDetection/outputs/checkpoints/run_20260802_112618_full_wvote_artifact30_w0-5-5-10-0-15-15-30_4err/fold_05_best.pth
2026-08-02 13:44:06,834 | [FULL    ] | INFO | full_experiments_using.model_trainers.mobile_vit_trainer | Ep [037/500] T-Acc:  61.2%  V-Acc:  58.0%  V-AUROC: 0.5987  LR: 1.00e-03
2026-08-02 13:44:28,400 | [FULL    ] | INFO | full_experiments_using.model_trainers.mobile_vit_trainer | Ep [038/500] T-Acc:  61.2%  V-Acc:  59.3%  V-AUROC: 0.6006  LR: 1.00e-03
2026-08-02 13:44:49,797 | [FULL    ] | INFO | full_experiments_using.model_trainers.mobile_vit_trainer | Ep [039/500] T-Acc:  61.0%  V-Acc:  60.0%  V-AUROC: 0.6011  LR: 1.00e-03
2026-08-02 13:45:11,249 | [FULL    ] | INFO | full_experiments_using.model_trainers.mobile_vit_trainer | Ep [040/500] T-Acc:  60.6%  V-Acc:  59.7%  V-AUROC: 0.5982  LR: 1.00e-03
2026-08-02 13:45:32,697 | [FULL    ] | INFO | full_experiments_using.model_trainers.mobile_vit_trainer | Ep [041/500] T-Acc:  61.5%  V-Acc:  58.7%  V-AUROC: 0.6023  LR: 1.00e-03
2026-08-02 13:45:54,129 | [FULL    ] | INFO | full_experiments_using.model_trainers.mobile_vit_trainer | Ep [042/500] T-Acc:  60.4%  V-Acc:  58.9%  V-AUROC: 0.5933  LR: 1.00e-03
2026-08-02 13:46:15,533 | [FULL    ] | INFO | full_experiments_using.model_trainers.mobile_vit_trainer | Ep [043/500] T-Acc:  61.8%  V-Acc:  58.3%  V-AUROC: 0.5945  LR: 1.00e-03
2026-08-02 13:46:37,148 | [FULL    ] | INFO | full_experiments_using.model_trainers.mobile_vit_trainer | Ep [044/500] T-Acc:  61.3%  V-Acc:  58.6%  V-AUROC: 0.5940  LR: 1.00e-03
2026-08-02 13:46:58,533 | [FULL    ] | INFO | full_experiments_using.model_trainers.mobile_vit_trainer | Ep [045/500] T-Acc:  61.9%  V-Acc:  59.3%  V-AUROC: 0.5937  LR: 1.00e-03
2026-08-02 13:47:20,057 | [FULL    ] | INFO | full_experiments_using.model_trainers.mobile_vit_trainer | Ep [046/500] T-Acc:  61.8%  V-Acc:  58.6%  V-AUROC: 0.5947  LR: 1.00e-03
2026-08-02 13:47:41,396 | [FULL    ] | INFO | full_experiments_using.model_trainers.mobile_vit_trainer | Ep [047/500] T-Acc:  61.4%  V-Acc:  58.6%  V-AUROC: 0.5866  LR: 1.00e-03
2026-08-02 13:48:02,959 | [FULL    ] | INFO | full_experiments_using.model_trainers.mobile_vit_trainer | Ep [048/500] T-Acc:  61.8%  V-Acc:  57.6%  V-AUROC: 0.5906  LR: 2.00e-04
2026-08-02 13:48:24,365 | [FULL    ] | INFO | full_experiments_using.model_trainers.mobile_vit_trainer | Ep [049/500] T-Acc:  61.7%  V-Acc:  58.1%  V-AUROC: 0.5910  LR: 2.00e-04
2026-08-02 13:48:45,744 | [FULL    ] | INFO | full_experiments_using.model_trainers.mobile_vit_trainer | Ep [050/500] T-Acc:  61.3%  V-Acc:  58.5%  V-AUROC: 0.5906  LR: 2.00e-04
2026-08-02 13:49:07,352 | [FULL    ] | INFO | full_experiments_using.model_trainers.mobile_vit_trainer | Ep [051/500] T-Acc:  61.6%  V-Acc:  59.2%  V-AUROC: 0.5911  LR: 2.00e-04
2026-08-02 13:49:28,795 | [FULL    ] | INFO | full_experiments_using.model_trainers.mobile_vit_trainer | Ep [052/500] T-Acc:  60.4%  V-Acc:  58.1%  V-AUROC: 0.5899  LR: 2.00e-04
2026-08-02 13:49:50,174 | [FULL    ] | INFO | full_experiments_using.model_trainers.mobile_vit_trainer | Ep [053/500] T-Acc:  62.4%  V-Acc:  57.9%  V-AUROC: 0.5887  LR: 2.00e-04
2026-08-02 13:50:11,625 | [FULL    ] | INFO | full_experiments_using.model_trainers.mobile_vit_trainer | Ep [054/500] T-Acc:  61.8%  V-Acc:  59.1%  V-AUROC: 0.5919  LR: 2.00e-04
2026-08-02 13:50:33,057 | [FULL    ] | INFO | full_experiments_using.model_trainers.mobile_vit_trainer | Ep [055/500] T-Acc:  61.7%  V-Acc:  58.9%  V-AUROC: 0.5905  LR: 2.00e-04
2026-08-02 13:50:54,658 | [FULL    ] | INFO | full_experiments_using.model_trainers.mobile_vit_trainer | Ep [056/500] T-Acc:  62.2%  V-Acc:  58.6%  V-AUROC: 0.5893  LR: 2.00e-04
2026-08-02 13:51:16,109 | [FULL    ] | INFO | full_experiments_using.model_trainers.mobile_vit_trainer | Ep [057/500] T-Acc:  61.2%  V-Acc:  57.9%  V-AUROC: 0.5902  LR: 2.00e-04
2026-08-02 13:51:37,663 | [FULL    ] | INFO | full_experiments_using.model_trainers.mobile_vit_trainer | Ep [058/500] T-Acc:  62.5%  V-Acc:  57.9%  V-AUROC: 0.5896  LR: 2.00e-04
2026-08-02 13:51:59,216 | [FULL    ] | INFO | full_experiments_using.model_trainers.mobile_vit_trainer | Ep [059/500] T-Acc:  62.0%  V-Acc:  58.1%  V-AUROC: 0.5916  LR: 4.00e-05
2026-08-02 13:52:20,771 | [FULL    ] | INFO | full_experiments_using.model_trainers.mobile_vit_trainer | Ep [060/500] T-Acc:  62.1%  V-Acc:  58.1%  V-AUROC: 0.5909  LR: 4.00e-05
2026-08-02 13:52:42,212 | [FULL    ] | INFO | full_experiments_using.model_trainers.mobile_vit_trainer | Ep [061/500] T-Acc:  61.6%  V-Acc:  57.7%  V-AUROC: 0.5910  LR: 4.00e-05
2026-08-02 13:53:03,682 | [FULL    ] | INFO | full_experiments_using.model_trainers.mobile_vit_trainer | Ep [062/500] T-Acc:  62.1%  V-Acc:  58.3%  V-AUROC: 0.5908  LR: 4.00e-05
2026-08-02 13:53:25,079 | [FULL    ] | INFO | full_experiments_using.model_trainers.mobile_vit_trainer | Ep [063/500] T-Acc:  62.1%  V-Acc:  58.5%  V-AUROC: 0.5890  LR: 4.00e-05
2026-08-02 13:53:46,681 | [FULL    ] | INFO | full_experiments_using.model_trainers.mobile_vit_trainer | Ep [064/500] T-Acc:  62.5%  V-Acc:  57.5%  V-AUROC: 0.5899  LR: 4.00e-05
2026-08-02 13:54:08,286 | [FULL    ] | INFO | full_experiments_using.model_trainers.mobile_vit_trainer | Ep [065/500] T-Acc:  61.8%  V-Acc:  57.8%  V-AUROC: 0.5903  LR: 4.00e-05
2026-08-02 13:54:30,064 | [FULL    ] | INFO | full_experiments_using.model_trainers.mobile_vit_trainer | Ep [066/500] T-Acc:  62.2%  V-Acc:  58.3%  V-AUROC: 0.5903  LR: 4.00e-05
2026-08-02 13:54:30,064 | [FULL    ] | INFO | full_experiments_using.model_trainers.mobile_vit_trainer | Early stop — best AUROC 0.6070 at epoch 36 (no improvement for 30 epochs)
2026-08-02 13:54:30,064 | [FULL    ] | INFO | full_experiments_using.model_trainers.mobile_vit_trainer | Done. Best AUROC: 0.6070 (epoch 36) → /home/oem/choihyunsu/VOGBasedMCIDetection/outputs/checkpoints/run_20260802_112618_full_wvote_artifact30_w0-5-5-10-0-15-15-30_4err/fold_05_best.pth
2026-08-02 13:54:37,865 | [FULL    ] | INFO | full_experiments_using.evaluators.monte_carlo_evaluator | -> Fold 06 Result | Acc=0.900 Sens=1.000 Spec=0.667 AUROC=0.952
2026-08-02 13:54:37,872 | [FULL    ] | INFO | full_experiments_using.evaluators.monte_carlo_evaluator | === Fold 07/30 | train: 25 subj (HC=8 MCI=17) / 3947 win | test: 12 subj (HC=6 MCI=6) / 1768 win ===
2026-08-02 13:54:38,133 | [FULL    ] | INFO | httpx | HTTP Request: HEAD https://huggingface.co/apple/mobilevit-small/resolve/main/config.json "HTTP/1.1 307 Temporary Redirect"
2026-08-02 13:54:38,187 | [FULL    ] | INFO | httpx | HTTP Request: HEAD https://huggingface.co/api/resolve-cache/models/apple/mobilevit-small/6c8612545dc98676d27bc518fa521d9e9af23e34/config.json "HTTP/1.1 200 OK"
2026-08-02 13:54:38,464 | [FULL    ] | INFO | httpx | HTTP Request: HEAD https://huggingface.co/apple/mobilevit-small/resolve/main/model.safetensors "HTTP/1.1 404 Not Found"
2026-08-02 13:54:38,667 | [FULL    ] | INFO | httpx | HTTP Request: HEAD https://huggingface.co/apple/mobilevit-small/resolve/main/model.safetensors.index.json "HTTP/1.1 404 Not Found"
2026-08-02 13:54:38,874 | [FULL    ] | INFO | httpx | HTTP Request: HEAD https://huggingface.co/apple/mobilevit-small/resolve/main/pytorch_model.bin "HTTP/1.1 302 Found"
2026-08-02 13:54:39,084 | [FULL    ] | INFO | httpx | HTTP Request: HEAD https://huggingface.co/apple/mobilevit-small/resolve/main/model.safetensors "HTTP/1.1 404 Not Found"
2026-08-02 13:54:39,297 | [FULL    ] | INFO | httpx | HTTP Request: GET https://huggingface.co/api/models/apple/mobilevit-small "HTTP/1.1 200 OK"
2026-08-02 13:54:39,525 | [FULL    ] | INFO | httpx | HTTP Request: GET https://huggingface.co/api/models/apple/mobilevit-small/commits/main "HTTP/1.1 200 OK"
2026-08-02 13:54:39,752 | [FULL    ] | INFO | httpx | HTTP Request: GET https://huggingface.co/api/models/apple/mobilevit-small/discussions?p=0 "HTTP/1.1 200 OK"
2026-08-02 13:54:39,968 | [FULL    ] | INFO | httpx | HTTP Request: GET https://huggingface.co/api/models/apple/mobilevit-small/commits/refs%2Fpr%2F6 "HTTP/1.1 200 OK"
2026-08-02 13:54:40,174 | [FULL    ] | INFO | httpx | HTTP Request: HEAD https://huggingface.co/apple/mobilevit-small/resolve/refs%2Fpr%2F6/model.safetensors.index.json "HTTP/1.1 404 Not Found"
2026-08-02 13:54:40,383 | [FULL    ] | INFO | httpx | HTTP Request: HEAD https://huggingface.co/apple/mobilevit-small/resolve/refs%2Fpr%2F6/model.safetensors "HTTP/1.1 302 Found"
2026-08-02 13:54:40,668 | [FULL    ] | INFO | full_experiments_using.model_trainers.mobile_vit_trainer | Device: cuda | max_epochs=500 | batch=32 | eval_batch=256 | es_patience=30
2026-08-02 13:54:40,676 | [FULL    ] | INFO | full_experiments_using.model_trainers.mobile_vit_trainer | CE weights — HC: 1.327  MCI: 0.802
2026-08-02 13:55:16,070 | [FULL    ] | INFO | full_experiments_using.model_trainers.mobile_vit_trainer | Ep [001/500] T-Acc:  51.4%  V-Acc:  50.1%  V-AUROC: 0.5037  LR: 2.00e-04
2026-08-02 13:55:16,129 | [FULL    ] | INFO | full_experiments_using.model_trainers.mobile_vit_trainer |   ↳ new best AUROC; saved checkpoint: /home/oem/choihyunsu/VOGBasedMCIDetection/outputs/checkpoints/run_20260802_112618_full_wvote_artifact30_w0-5-5-10-0-15-15-30_4err/fold_06_best.pth
2026-08-02 13:55:37,463 | [FULL    ] | INFO | full_experiments_using.model_trainers.mobile_vit_trainer | Ep [002/500] T-Acc:  52.5%  V-Acc:  50.2%  V-AUROC: 0.5112  LR: 4.00e-04
2026-08-02 13:55:37,581 | [FULL    ] | INFO | full_experiments_using.model_trainers.mobile_vit_trainer |   ↳ new best AUROC; saved checkpoint: /home/oem/choihyunsu/VOGBasedMCIDetection/outputs/checkpoints/run_20260802_112618_full_wvote_artifact30_w0-5-5-10-0-15-15-30_4err/fold_06_best.pth
2026-08-02 13:55:59,081 | [FULL    ] | INFO | full_experiments_using.model_trainers.mobile_vit_trainer | Ep [003/500] T-Acc:  52.2%  V-Acc:  50.3%  V-AUROC: 0.5129  LR: 6.00e-04
2026-08-02 13:55:59,200 | [FULL    ] | INFO | full_experiments_using.model_trainers.mobile_vit_trainer |   ↳ new best AUROC; saved checkpoint: /home/oem/choihyunsu/VOGBasedMCIDetection/outputs/checkpoints/run_20260802_112618_full_wvote_artifact30_w0-5-5-10-0-15-15-30_4err/fold_06_best.pth
2026-08-02 13:56:20,740 | [FULL    ] | INFO | full_experiments_using.model_trainers.mobile_vit_trainer | Ep [004/500] T-Acc:  53.2%  V-Acc:  49.8%  V-AUROC: 0.5188  LR: 8.00e-04
2026-08-02 13:56:20,858 | [FULL    ] | INFO | full_experiments_using.model_trainers.mobile_vit_trainer |   ↳ new best AUROC; saved checkpoint: /home/oem/choihyunsu/VOGBasedMCIDetection/outputs/checkpoints/run_20260802_112618_full_wvote_artifact30_w0-5-5-10-0-15-15-30_4err/fold_06_best.pth
2026-08-02 13:56:42,231 | [FULL    ] | INFO | full_experiments_using.model_trainers.mobile_vit_trainer | Ep [005/500] T-Acc:  55.5%  V-Acc:  51.5%  V-AUROC: 0.5326  LR: 1.00e-03
2026-08-02 13:56:42,346 | [FULL    ] | INFO | full_experiments_using.model_trainers.mobile_vit_trainer |   ↳ new best AUROC; saved checkpoint: /home/oem/choihyunsu/VOGBasedMCIDetection/outputs/checkpoints/run_20260802_112618_full_wvote_artifact30_w0-5-5-10-0-15-15-30_4err/fold_06_best.pth
2026-08-02 13:57:02,118 | [FULL    ] | INFO | full_experiments_using.model_trainers.mobile_vit_trainer | Ep [006/500] T-Acc:  55.0%  V-Acc:  51.1%  V-AUROC: 0.5379  LR: 1.00e-03
2026-08-02 13:57:02,366 | [FULL    ] | INFO | full_experiments_using.model_trainers.mobile_vit_trainer |   ↳ new best AUROC; saved checkpoint: /home/oem/choihyunsu/VOGBasedMCIDetection/outputs/checkpoints/run_20260802_112618_full_wvote_artifact30_w0-5-5-10-0-15-15-30_4err/fold_06_best.pth
2026-08-02 13:57:22,400 | [FULL    ] | INFO | full_experiments_using.model_trainers.mobile_vit_trainer | Ep [007/500] T-Acc:  56.2%  V-Acc:  52.3%  V-AUROC: 0.5442  LR: 1.00e-03
2026-08-02 13:57:22,527 | [FULL    ] | INFO | full_experiments_using.model_trainers.mobile_vit_trainer |   ↳ new best AUROC; saved checkpoint: /home/oem/choihyunsu/VOGBasedMCIDetection/outputs/checkpoints/run_20260802_112618_full_wvote_artifact30_w0-5-5-10-0-15-15-30_4err/fold_06_best.pth
2026-08-02 13:57:43,834 | [FULL    ] | INFO | full_experiments_using.model_trainers.mobile_vit_trainer | Ep [008/500] T-Acc:  55.7%  V-Acc:  52.8%  V-AUROC: 0.5474  LR: 1.00e-03
2026-08-02 13:57:43,960 | [FULL    ] | INFO | full_experiments_using.model_trainers.mobile_vit_trainer |   ↳ new best AUROC; saved checkpoint: /home/oem/choihyunsu/VOGBasedMCIDetection/outputs/checkpoints/run_20260802_112618_full_wvote_artifact30_w0-5-5-10-0-15-15-30_4err/fold_06_best.pth
2026-08-02 13:58:05,476 | [FULL    ] | INFO | full_experiments_using.model_trainers.mobile_vit_trainer | Ep [009/500] T-Acc:  56.1%  V-Acc:  52.9%  V-AUROC: 0.5500  LR: 1.00e-03
2026-08-02 13:58:05,610 | [FULL    ] | INFO | full_experiments_using.model_trainers.mobile_vit_trainer |   ↳ new best AUROC; saved checkpoint: /home/oem/choihyunsu/VOGBasedMCIDetection/outputs/checkpoints/run_20260802_112618_full_wvote_artifact30_w0-5-5-10-0-15-15-30_4err/fold_06_best.pth
2026-08-02 13:58:26,823 | [FULL    ] | INFO | full_experiments_using.model_trainers.mobile_vit_trainer | Ep [010/500] T-Acc:  56.3%  V-Acc:  52.9%  V-AUROC: 0.5529  LR: 1.00e-03
2026-08-02 13:58:26,965 | [FULL    ] | INFO | full_experiments_using.model_trainers.mobile_vit_trainer |   ↳ new best AUROC; saved checkpoint: /home/oem/choihyunsu/VOGBasedMCIDetection/outputs/checkpoints/run_20260802_112618_full_wvote_artifact30_w0-5-5-10-0-15-15-30_4err/fold_06_best.pth
2026-08-02 13:58:48,428 | [FULL    ] | INFO | full_experiments_using.model_trainers.mobile_vit_trainer | Ep [011/500] T-Acc:  56.6%  V-Acc:  53.5%  V-AUROC: 0.5535  LR: 1.00e-03
2026-08-02 13:58:48,550 | [FULL    ] | INFO | full_experiments_using.model_trainers.mobile_vit_trainer |   ↳ new best AUROC; saved checkpoint: /home/oem/choihyunsu/VOGBasedMCIDetection/outputs/checkpoints/run_20260802_112618_full_wvote_artifact30_w0-5-5-10-0-15-15-30_4err/fold_06_best.pth
2026-08-02 13:59:09,949 | [FULL    ] | INFO | full_experiments_using.model_trainers.mobile_vit_trainer | Ep [012/500] T-Acc:  58.3%  V-Acc:  52.8%  V-AUROC: 0.5488  LR: 1.00e-03
2026-08-02 13:59:31,401 | [FULL    ] | INFO | full_experiments_using.model_trainers.mobile_vit_trainer | Ep [013/500] T-Acc:  59.5%  V-Acc:  52.1%  V-AUROC: 0.5438  LR: 1.00e-03
2026-08-02 13:59:52,890 | [FULL    ] | INFO | full_experiments_using.model_trainers.mobile_vit_trainer | Ep [014/500] T-Acc:  58.5%  V-Acc:  53.7%  V-AUROC: 0.5540  LR: 1.00e-03
2026-08-02 13:59:53,010 | [FULL    ] | INFO | full_experiments_using.model_trainers.mobile_vit_trainer |   ↳ new best AUROC; saved checkpoint: /home/oem/choihyunsu/VOGBasedMCIDetection/outputs/checkpoints/run_20260802_112618_full_wvote_artifact30_w0-5-5-10-0-15-15-30_4err/fold_06_best.pth
2026-08-02 14:00:14,648 | [FULL    ] | INFO | full_experiments_using.model_trainers.mobile_vit_trainer | Ep [015/500] T-Acc:  59.0%  V-Acc:  53.4%  V-AUROC: 0.5424  LR: 1.00e-03
2026-08-02 14:00:35,973 | [FULL    ] | INFO | full_experiments_using.model_trainers.mobile_vit_trainer | Ep [016/500] T-Acc:  59.5%  V-Acc:  52.1%  V-AUROC: 0.5440  LR: 1.00e-03
2026-08-02 14:00:57,426 | [FULL    ] | INFO | full_experiments_using.model_trainers.mobile_vit_trainer | Ep [017/500] T-Acc:  60.7%  V-Acc:  54.1%  V-AUROC: 0.5552  LR: 1.00e-03
2026-08-02 14:00:57,550 | [FULL    ] | INFO | full_experiments_using.model_trainers.mobile_vit_trainer |   ↳ new best AUROC; saved checkpoint: /home/oem/choihyunsu/VOGBasedMCIDetection/outputs/checkpoints/run_20260802_112618_full_wvote_artifact30_w0-5-5-10-0-15-15-30_4err/fold_06_best.pth
2026-08-02 14:01:19,124 | [FULL    ] | INFO | full_experiments_using.model_trainers.mobile_vit_trainer | Ep [018/500] T-Acc:  60.6%  V-Acc:  53.9%  V-AUROC: 0.5491  LR: 1.00e-03
2026-08-02 14:01:40,627 | [FULL    ] | INFO | full_experiments_using.model_trainers.mobile_vit_trainer | Ep [019/500] T-Acc:  59.3%  V-Acc:  54.0%  V-AUROC: 0.5500  LR: 1.00e-03
2026-08-02 14:02:02,117 | [FULL    ] | INFO | full_experiments_using.model_trainers.mobile_vit_trainer | Ep [020/500] T-Acc:  61.3%  V-Acc:  54.2%  V-AUROC: 0.5525  LR: 1.00e-03
2026-08-02 14:02:23,691 | [FULL    ] | INFO | full_experiments_using.model_trainers.mobile_vit_trainer | Ep [021/500] T-Acc:  60.6%  V-Acc:  55.1%  V-AUROC: 0.5544  LR: 1.00e-03
2026-08-02 14:02:45,007 | [FULL    ] | INFO | full_experiments_using.model_trainers.mobile_vit_trainer | Ep [022/500] T-Acc:  61.1%  V-Acc:  52.3%  V-AUROC: 0.5541  LR: 1.00e-03
2026-08-02 14:03:06,458 | [FULL    ] | INFO | full_experiments_using.model_trainers.mobile_vit_trainer | Ep [023/500] T-Acc:  62.0%  V-Acc:  52.9%  V-AUROC: 0.5478  LR: 1.00e-03
2026-08-02 14:03:26,231 | [FULL    ] | INFO | full_experiments_using.model_trainers.mobile_vit_trainer | Ep [024/500] T-Acc:  62.4%  V-Acc:  53.1%  V-AUROC: 0.5546  LR: 1.00e-03
2026-08-02 14:03:47,655 | [FULL    ] | INFO | full_experiments_using.model_trainers.mobile_vit_trainer | Ep [025/500] T-Acc:  62.2%  V-Acc:  52.7%  V-AUROC: 0.5535  LR: 1.00e-03
2026-08-02 14:04:07,879 | [FULL    ] | INFO | full_experiments_using.model_trainers.mobile_vit_trainer | Ep [026/500] T-Acc:  62.3%  V-Acc:  52.8%  V-AUROC: 0.5475  LR: 1.00e-03
2026-08-02 14:04:29,436 | [FULL    ] | INFO | full_experiments_using.model_trainers.mobile_vit_trainer | Ep [027/500] T-Acc:  62.5%  V-Acc:  52.4%  V-AUROC: 0.5504  LR: 1.00e-03
2026-08-02 14:04:50,975 | [FULL    ] | INFO | full_experiments_using.model_trainers.mobile_vit_trainer | Ep [028/500] T-Acc:  62.9%  V-Acc:  53.3%  V-AUROC: 0.5500  LR: 1.00e-03
2026-08-02 14:05:12,424 | [FULL    ] | INFO | full_experiments_using.model_trainers.mobile_vit_trainer | Ep [029/500] T-Acc:  62.2%  V-Acc:  53.5%  V-AUROC: 0.5507  LR: 2.00e-04
2026-08-02 14:05:33,913 | [FULL    ] | INFO | full_experiments_using.model_trainers.mobile_vit_trainer | Ep [030/500] T-Acc:  62.2%  V-Acc:  52.7%  V-AUROC: 0.5501  LR: 2.00e-04
2026-08-02 14:05:55,356 | [FULL    ] | INFO | full_experiments_using.model_trainers.mobile_vit_trainer | Ep [031/500] T-Acc:  62.5%  V-Acc:  53.5%  V-AUROC: 0.5499  LR: 2.00e-04
2026-08-02 14:06:16,837 | [FULL    ] | INFO | full_experiments_using.model_trainers.mobile_vit_trainer | Ep [032/500] T-Acc:  63.6%  V-Acc:  54.0%  V-AUROC: 0.5489  LR: 2.00e-04
2026-08-02 14:06:38,244 | [FULL    ] | INFO | full_experiments_using.model_trainers.mobile_vit_trainer | Ep [033/500] T-Acc:  62.6%  V-Acc:  54.0%  V-AUROC: 0.5501  LR: 2.00e-04
2026-08-02 14:06:59,692 | [FULL    ] | INFO | full_experiments_using.model_trainers.mobile_vit_trainer | Ep [034/500] T-Acc:  62.1%  V-Acc:  54.2%  V-AUROC: 0.5521  LR: 2.00e-04
2026-08-02 14:07:21,392 | [FULL    ] | INFO | full_experiments_using.model_trainers.mobile_vit_trainer | Ep [035/500] T-Acc:  62.4%  V-Acc:  54.2%  V-AUROC: 0.5502  LR: 2.00e-04
2026-08-02 14:07:42,754 | [FULL    ] | INFO | full_experiments_using.model_trainers.mobile_vit_trainer | Ep [036/500] T-Acc:  62.0%  V-Acc:  54.1%  V-AUROC: 0.5505  LR: 2.00e-04
2026-08-02 14:08:04,200 | [FULL    ] | INFO | full_experiments_using.model_trainers.mobile_vit_trainer | Ep [037/500] T-Acc:  63.3%  V-Acc:  53.9%  V-AUROC: 0.5526  LR: 2.00e-04
2026-08-02 14:08:25,721 | [FULL    ] | INFO | full_experiments_using.model_trainers.mobile_vit_trainer | Ep [038/500] T-Acc:  62.7%  V-Acc:  53.7%  V-AUROC: 0.5506  LR: 2.00e-04
2026-08-02 14:08:47,157 | [FULL    ] | INFO | full_experiments_using.model_trainers.mobile_vit_trainer | Ep [039/500] T-Acc:  63.0%  V-Acc:  53.5%  V-AUROC: 0.5509  LR: 2.00e-04
2026-08-02 14:09:08,739 | [FULL    ] | INFO | full_experiments_using.model_trainers.mobile_vit_trainer | Ep [040/500] T-Acc:  62.8%  V-Acc:  54.4%  V-AUROC: 0.5504  LR: 4.00e-05
2026-08-02 14:09:30,264 | [FULL    ] | INFO | full_experiments_using.model_trainers.mobile_vit_trainer | Ep [041/500] T-Acc:  62.6%  V-Acc:  54.3%  V-AUROC: 0.5511  LR: 4.00e-05
2026-08-02 14:09:51,872 | [FULL    ] | INFO | full_experiments_using.model_trainers.mobile_vit_trainer | Ep [042/500] T-Acc:  63.6%  V-Acc:  54.2%  V-AUROC: 0.5519  LR: 4.00e-05
2026-08-02 14:10:13,448 | [FULL    ] | INFO | full_experiments_using.model_trainers.mobile_vit_trainer | Ep [043/500] T-Acc:  62.6%  V-Acc:  54.8%  V-AUROC: 0.5515  LR: 4.00e-05
2026-08-02 14:10:34,943 | [FULL    ] | INFO | full_experiments_using.model_trainers.mobile_vit_trainer | Ep [044/500] T-Acc:  63.7%  V-Acc:  54.2%  V-AUROC: 0.5531  LR: 4.00e-05
2026-08-02 14:10:56,282 | [FULL    ] | INFO | full_experiments_using.model_trainers.mobile_vit_trainer | Ep [045/500] T-Acc:  63.0%  V-Acc:  54.1%  V-AUROC: 0.5501  LR: 4.00e-05
2026-08-02 14:11:17,828 | [FULL    ] | INFO | full_experiments_using.model_trainers.mobile_vit_trainer | Ep [046/500] T-Acc:  62.7%  V-Acc:  54.4%  V-AUROC: 0.5516  LR: 4.00e-05
2026-08-02 14:11:39,339 | [FULL    ] | INFO | full_experiments_using.model_trainers.mobile_vit_trainer | Ep [047/500] T-Acc:  64.3%  V-Acc:  54.5%  V-AUROC: 0.5517  LR: 4.00e-05
2026-08-02 14:11:39,340 | [FULL    ] | INFO | full_experiments_using.model_trainers.mobile_vit_trainer | Early stop — best AUROC 0.5552 at epoch 17 (no improvement for 30 epochs)
2026-08-02 14:11:39,340 | [FULL    ] | INFO | full_experiments_using.model_trainers.mobile_vit_trainer | Done. Best AUROC: 0.5552 (epoch 17) → /home/oem/choihyunsu/VOGBasedMCIDetection/outputs/checkpoints/run_20260802_112618_full_wvote_artifact30_w0-5-5-10-0-15-15-30_4err/fold_06_best.pth
2026-08-02 14:11:47,133 | [FULL    ] | INFO | full_experiments_using.evaluators.monte_carlo_evaluator | -> Fold 07 Result | Acc=0.800 Sens=1.000 Spec=0.600 AUROC=0.760
2026-08-02 14:11:47,140 | [FULL    ] | INFO | full_experiments_using.evaluators.monte_carlo_evaluator | === Fold 08/30 | train: 25 subj (HC=9 MCI=16) / 3993 win | test: 12 subj (HC=5 MCI=7) / 1722 win ===
2026-08-02 14:11:47,415 | [FULL    ] | INFO | httpx | HTTP Request: HEAD https://huggingface.co/apple/mobilevit-small/resolve/main/config.json "HTTP/1.1 307 Temporary Redirect"
2026-08-02 14:11:47,432 | [FULL    ] | INFO | httpx | HTTP Request: HEAD https://huggingface.co/api/resolve-cache/models/apple/mobilevit-small/6c8612545dc98676d27bc518fa521d9e9af23e34/config.json "HTTP/1.1 200 OK"
2026-08-02 14:11:47,708 | [FULL    ] | INFO | httpx | HTTP Request: HEAD https://huggingface.co/apple/mobilevit-small/resolve/main/model.safetensors "HTTP/1.1 404 Not Found"
2026-08-02 14:11:47,996 | [FULL    ] | INFO | httpx | HTTP Request: HEAD https://huggingface.co/apple/mobilevit-small/resolve/main/model.safetensors.index.json "HTTP/1.1 404 Not Found"
2026-08-02 14:11:48,207 | [FULL    ] | INFO | httpx | HTTP Request: HEAD https://huggingface.co/apple/mobilevit-small/resolve/main/pytorch_model.bin "HTTP/1.1 302 Found"
2026-08-02 14:11:48,419 | [FULL    ] | INFO | httpx | HTTP Request: HEAD https://huggingface.co/apple/mobilevit-small/resolve/main/model.safetensors "HTTP/1.1 404 Not Found"
2026-08-02 14:11:48,633 | [FULL    ] | INFO | httpx | HTTP Request: GET https://huggingface.co/api/models/apple/mobilevit-small "HTTP/1.1 200 OK"
2026-08-02 14:11:48,878 | [FULL    ] | INFO | httpx | HTTP Request: GET https://huggingface.co/api/models/apple/mobilevit-small/commits/main "HTTP/1.1 200 OK"
2026-08-02 14:11:49,098 | [FULL    ] | INFO | httpx | HTTP Request: GET https://huggingface.co/api/models/apple/mobilevit-small/discussions?p=0 "HTTP/1.1 200 OK"
2026-08-02 14:11:49,314 | [FULL    ] | INFO | httpx | HTTP Request: GET https://huggingface.co/api/models/apple/mobilevit-small/commits/refs%2Fpr%2F6 "HTTP/1.1 200 OK"
2026-08-02 14:11:49,521 | [FULL    ] | INFO | httpx | HTTP Request: HEAD https://huggingface.co/apple/mobilevit-small/resolve/refs%2Fpr%2F6/model.safetensors.index.json "HTTP/1.1 404 Not Found"
2026-08-02 14:11:49,739 | [FULL    ] | INFO | httpx | HTTP Request: HEAD https://huggingface.co/apple/mobilevit-small/resolve/refs%2Fpr%2F6/model.safetensors "HTTP/1.1 302 Found"
2026-08-02 14:11:50,060 | [FULL    ] | INFO | full_experiments_using.model_trainers.mobile_vit_trainer | Device: cuda | max_epochs=500 | batch=32 | eval_batch=256 | es_patience=30
2026-08-02 14:11:50,075 | [FULL    ] | INFO | full_experiments_using.model_trainers.mobile_vit_trainer | CE weights — HC: 1.213  MCI: 0.851
2026-08-02 14:12:23,643 | [FULL    ] | INFO | full_experiments_using.model_trainers.mobile_vit_trainer | Ep [001/500] T-Acc:  52.4%  V-Acc:  49.7%  V-AUROC: 0.5056  LR: 2.00e-04
2026-08-02 14:12:23,705 | [FULL    ] | INFO | full_experiments_using.model_trainers.mobile_vit_trainer |   ↳ new best AUROC; saved checkpoint: /home/oem/choihyunsu/VOGBasedMCIDetection/outputs/checkpoints/run_20260802_112618_full_wvote_artifact30_w0-5-5-10-0-15-15-30_4err/fold_07_best.pth
2026-08-02 14:12:44,735 | [FULL    ] | INFO | full_experiments_using.model_trainers.mobile_vit_trainer | Ep [002/500] T-Acc:  52.1%  V-Acc:  51.7%  V-AUROC: 0.5045  LR: 4.00e-04
2026-08-02 14:13:04,967 | [FULL    ] | INFO | full_experiments_using.model_trainers.mobile_vit_trainer | Ep [003/500] T-Acc:  52.9%  V-Acc:  52.4%  V-AUROC: 0.5165  LR: 6.00e-04
2026-08-02 14:13:05,084 | [FULL    ] | INFO | full_experiments_using.model_trainers.mobile_vit_trainer |   ↳ new best AUROC; saved checkpoint: /home/oem/choihyunsu/VOGBasedMCIDetection/outputs/checkpoints/run_20260802_112618_full_wvote_artifact30_w0-5-5-10-0-15-15-30_4err/fold_07_best.pth
2026-08-02 14:13:24,377 | [FULL    ] | INFO | full_experiments_using.model_trainers.mobile_vit_trainer | Ep [004/500] T-Acc:  53.9%  V-Acc:  53.7%  V-AUROC: 0.5222  LR: 8.00e-04
2026-08-02 14:13:24,459 | [FULL    ] | INFO | full_experiments_using.model_trainers.mobile_vit_trainer |   ↳ new best AUROC; saved checkpoint: /home/oem/choihyunsu/VOGBasedMCIDetection/outputs/checkpoints/run_20260802_112618_full_wvote_artifact30_w0-5-5-10-0-15-15-30_4err/fold_07_best.pth
2026-08-02 14:13:45,943 | [FULL    ] | INFO | full_experiments_using.model_trainers.mobile_vit_trainer | Ep [005/500] T-Acc:  55.0%  V-Acc:  54.3%  V-AUROC: 0.5459  LR: 1.00e-03
2026-08-02 14:13:46,061 | [FULL    ] | INFO | full_experiments_using.model_trainers.mobile_vit_trainer |   ↳ new best AUROC; saved checkpoint: /home/oem/choihyunsu/VOGBasedMCIDetection/outputs/checkpoints/run_20260802_112618_full_wvote_artifact30_w0-5-5-10-0-15-15-30_4err/fold_07_best.pth
2026-08-02 14:14:07,804 | [FULL    ] | INFO | full_experiments_using.model_trainers.mobile_vit_trainer | Ep [006/500] T-Acc:  54.3%  V-Acc:  53.1%  V-AUROC: 0.5406  LR: 1.00e-03
2026-08-02 14:14:29,512 | [FULL    ] | INFO | full_experiments_using.model_trainers.mobile_vit_trainer | Ep [007/500] T-Acc:  55.4%  V-Acc:  52.6%  V-AUROC: 0.5351  LR: 1.00e-03
2026-08-02 14:14:51,103 | [FULL    ] | INFO | full_experiments_using.model_trainers.mobile_vit_trainer | Ep [008/500] T-Acc:  54.9%  V-Acc:  52.3%  V-AUROC: 0.5353  LR: 1.00e-03
2026-08-02 14:15:12,749 | [FULL    ] | INFO | full_experiments_using.model_trainers.mobile_vit_trainer | Ep [009/500] T-Acc:  55.7%  V-Acc:  52.3%  V-AUROC: 0.5373  LR: 1.00e-03
2026-08-02 14:15:34,308 | [FULL    ] | INFO | full_experiments_using.model_trainers.mobile_vit_trainer | Ep [010/500] T-Acc:  58.6%  V-Acc:  53.0%  V-AUROC: 0.5414  LR: 1.00e-03
2026-08-02 14:15:55,794 | [FULL    ] | INFO | full_experiments_using.model_trainers.mobile_vit_trainer | Ep [011/500] T-Acc:  58.5%  V-Acc:  51.2%  V-AUROC: 0.5261  LR: 1.00e-03
2026-08-02 14:16:17,322 | [FULL    ] | INFO | full_experiments_using.model_trainers.mobile_vit_trainer | Ep [012/500] T-Acc:  58.6%  V-Acc:  50.4%  V-AUROC: 0.5259  LR: 1.00e-03
2026-08-02 14:16:38,972 | [FULL    ] | INFO | full_experiments_using.model_trainers.mobile_vit_trainer | Ep [013/500] T-Acc:  57.9%  V-Acc:  52.4%  V-AUROC: 0.5291  LR: 1.00e-03
2026-08-02 14:17:00,546 | [FULL    ] | INFO | full_experiments_using.model_trainers.mobile_vit_trainer | Ep [014/500] T-Acc:  59.0%  V-Acc:  50.8%  V-AUROC: 0.5221  LR: 1.00e-03
2026-08-02 14:17:22,048 | [FULL    ] | INFO | full_experiments_using.model_trainers.mobile_vit_trainer | Ep [015/500] T-Acc:  58.9%  V-Acc:  51.2%  V-AUROC: 0.5289  LR: 1.00e-03
2026-08-02 14:17:43,505 | [FULL    ] | INFO | full_experiments_using.model_trainers.mobile_vit_trainer | Ep [016/500] T-Acc:  58.7%  V-Acc:  51.6%  V-AUROC: 0.5288  LR: 1.00e-03
2026-08-02 14:18:05,178 | [FULL    ] | INFO | full_experiments_using.model_trainers.mobile_vit_trainer | Ep [017/500] T-Acc:  60.3%  V-Acc:  52.0%  V-AUROC: 0.5356  LR: 1.00e-03
2026-08-02 14:18:26,769 | [FULL    ] | INFO | full_experiments_using.model_trainers.mobile_vit_trainer | Ep [018/500] T-Acc:  60.6%  V-Acc:  51.5%  V-AUROC: 0.5194  LR: 1.00e-03
2026-08-02 14:18:48,454 | [FULL    ] | INFO | full_experiments_using.model_trainers.mobile_vit_trainer | Ep [019/500] T-Acc:  61.7%  V-Acc:  51.0%  V-AUROC: 0.5249  LR: 1.00e-03
2026-08-02 14:19:10,020 | [FULL    ] | INFO | full_experiments_using.model_trainers.mobile_vit_trainer | Ep [020/500] T-Acc:  61.3%  V-Acc:  51.4%  V-AUROC: 0.5226  LR: 1.00e-03
2026-08-02 14:19:31,540 | [FULL    ] | INFO | full_experiments_using.model_trainers.mobile_vit_trainer | Ep [021/500] T-Acc:  60.9%  V-Acc:  50.9%  V-AUROC: 0.5227  LR: 1.00e-03
2026-08-02 14:19:53,046 | [FULL    ] | INFO | full_experiments_using.model_trainers.mobile_vit_trainer | Ep [022/500] T-Acc:  62.1%  V-Acc:  51.3%  V-AUROC: 0.5245  LR: 2.00e-04
2026-08-02 14:20:14,466 | [FULL    ] | INFO | full_experiments_using.model_trainers.mobile_vit_trainer | Ep [023/500] T-Acc:  62.8%  V-Acc:  50.6%  V-AUROC: 0.5234  LR: 2.00e-04
2026-08-02 14:20:36,206 | [FULL    ] | INFO | full_experiments_using.model_trainers.mobile_vit_trainer | Ep [024/500] T-Acc:  62.1%  V-Acc:  51.1%  V-AUROC: 0.5232  LR: 2.00e-04
2026-08-02 14:20:57,740 | [FULL    ] | INFO | full_experiments_using.model_trainers.mobile_vit_trainer | Ep [025/500] T-Acc:  63.4%  V-Acc:  50.5%  V-AUROC: 0.5237  LR: 2.00e-04
2026-08-02 14:21:18,028 | [FULL    ] | INFO | full_experiments_using.model_trainers.mobile_vit_trainer | Ep [026/500] T-Acc:  62.6%  V-Acc:  51.4%  V-AUROC: 0.5220  LR: 2.00e-04
2026-08-02 14:21:39,286 | [FULL    ] | INFO | full_experiments_using.model_trainers.mobile_vit_trainer | Ep [027/500] T-Acc:  62.4%  V-Acc:  51.2%  V-AUROC: 0.5214  LR: 2.00e-04
2026-08-02 14:21:58,786 | [FULL    ] | INFO | full_experiments_using.model_trainers.mobile_vit_trainer | Ep [028/500] T-Acc:  62.8%  V-Acc:  51.4%  V-AUROC: 0.5256  LR: 2.00e-04
2026-08-02 14:22:20,266 | [FULL    ] | INFO | full_experiments_using.model_trainers.mobile_vit_trainer | Ep [029/500] T-Acc:  62.7%  V-Acc:  51.7%  V-AUROC: 0.5217  LR: 2.00e-04
2026-08-02 14:22:41,785 | [FULL    ] | INFO | full_experiments_using.model_trainers.mobile_vit_trainer | Ep [030/500] T-Acc:  62.6%  V-Acc:  51.5%  V-AUROC: 0.5222  LR: 2.00e-04
2026-08-02 14:23:03,395 | [FULL    ] | INFO | full_experiments_using.model_trainers.mobile_vit_trainer | Ep [031/500] T-Acc:  63.0%  V-Acc:  51.0%  V-AUROC: 0.5219  LR: 2.00e-04
2026-08-02 14:23:24,867 | [FULL    ] | INFO | full_experiments_using.model_trainers.mobile_vit_trainer | Ep [032/500] T-Acc:  62.2%  V-Acc:  51.5%  V-AUROC: 0.5234  LR: 2.00e-04
2026-08-02 14:23:46,190 | [FULL    ] | INFO | full_experiments_using.model_trainers.mobile_vit_trainer | Ep [033/500] T-Acc:  63.7%  V-Acc:  51.2%  V-AUROC: 0.5232  LR: 4.00e-05
2026-08-02 14:24:07,762 | [FULL    ] | INFO | full_experiments_using.model_trainers.mobile_vit_trainer | Ep [034/500] T-Acc:  62.7%  V-Acc:  51.2%  V-AUROC: 0.5230  LR: 4.00e-05
2026-08-02 14:24:29,394 | [FULL    ] | INFO | full_experiments_using.model_trainers.mobile_vit_trainer | Ep [035/500] T-Acc:  62.3%  V-Acc:  51.2%  V-AUROC: 0.5224  LR: 4.00e-05
2026-08-02 14:24:29,394 | [FULL    ] | INFO | full_experiments_using.model_trainers.mobile_vit_trainer | Early stop — best AUROC 0.5459 at epoch 5 (no improvement for 30 epochs)
2026-08-02 14:24:29,394 | [FULL    ] | INFO | full_experiments_using.model_trainers.mobile_vit_trainer | Done. Best AUROC: 0.5459 (epoch 5) → /home/oem/choihyunsu/VOGBasedMCIDetection/outputs/checkpoints/run_20260802_112618_full_wvote_artifact30_w0-5-5-10-0-15-15-30_4err/fold_07_best.pth
2026-08-02 14:24:36,392 | [FULL    ] | INFO | full_experiments_using.evaluators.monte_carlo_evaluator | -> Fold 08 Result | Acc=0.700 Sens=1.000 Spec=0.250 AUROC=0.750
2026-08-02 14:24:36,399 | [FULL    ] | INFO | full_experiments_using.evaluators.monte_carlo_evaluator | === Fold 09/30 | train: 25 subj (HC=8 MCI=17) / 3792 win | test: 12 subj (HC=6 MCI=6) / 1923 win ===
2026-08-02 14:24:36,633 | [FULL    ] | INFO | httpx | HTTP Request: HEAD https://huggingface.co/apple/mobilevit-small/resolve/main/config.json "HTTP/1.1 307 Temporary Redirect"
2026-08-02 14:24:36,645 | [FULL    ] | INFO | httpx | HTTP Request: HEAD https://huggingface.co/api/resolve-cache/models/apple/mobilevit-small/6c8612545dc98676d27bc518fa521d9e9af23e34/config.json "HTTP/1.1 200 OK"
2026-08-02 14:24:36,899 | [FULL    ] | INFO | httpx | HTTP Request: HEAD https://huggingface.co/apple/mobilevit-small/resolve/main/model.safetensors "HTTP/1.1 404 Not Found"
2026-08-02 14:24:37,115 | [FULL    ] | INFO | httpx | HTTP Request: HEAD https://huggingface.co/apple/mobilevit-small/resolve/main/model.safetensors.index.json "HTTP/1.1 404 Not Found"
2026-08-02 14:24:37,324 | [FULL    ] | INFO | httpx | HTTP Request: HEAD https://huggingface.co/apple/mobilevit-small/resolve/main/pytorch_model.bin "HTTP/1.1 302 Found"
2026-08-02 14:24:37,537 | [FULL    ] | INFO | httpx | HTTP Request: HEAD https://huggingface.co/apple/mobilevit-small/resolve/main/model.safetensors "HTTP/1.1 404 Not Found"
2026-08-02 14:24:37,736 | [FULL    ] | INFO | httpx | HTTP Request: GET https://huggingface.co/api/models/apple/mobilevit-small "HTTP/1.1 200 OK"
2026-08-02 14:24:37,990 | [FULL    ] | INFO | httpx | HTTP Request: GET https://huggingface.co/api/models/apple/mobilevit-small/commits/main "HTTP/1.1 200 OK"
2026-08-02 14:24:38,204 | [FULL    ] | INFO | httpx | HTTP Request: GET https://huggingface.co/api/models/apple/mobilevit-small/discussions?p=0 "HTTP/1.1 200 OK"
2026-08-02 14:24:38,218 | [FULL    ] | INFO | full_experiments_using.model_trainers.mobile_vit_trainer | Device: cuda | max_epochs=500 | batch=32 | eval_batch=256 | es_patience=30
2026-08-02 14:24:38,222 | [FULL    ] | INFO | full_experiments_using.model_trainers.mobile_vit_trainer | CE weights — HC: 1.331  MCI: 0.801
2026-08-02 14:24:38,417 | [FULL    ] | INFO | httpx | HTTP Request: GET https://huggingface.co/api/models/apple/mobilevit-small/commits/refs%2Fpr%2F6 "HTTP/1.1 200 OK"
2026-08-02 14:24:38,619 | [FULL    ] | INFO | httpx | HTTP Request: HEAD https://huggingface.co/apple/mobilevit-small/resolve/refs%2Fpr%2F6/model.safetensors.index.json "HTTP/1.1 404 Not Found"
2026-08-02 14:24:38,870 | [FULL    ] | INFO | httpx | HTTP Request: HEAD https://huggingface.co/apple/mobilevit-small/resolve/refs%2Fpr%2F6/model.safetensors "HTTP/1.1 302 Found"
2026-08-02 14:25:10,089 | [FULL    ] | INFO | full_experiments_using.model_trainers.mobile_vit_trainer | Ep [001/500] T-Acc:  49.4%  V-Acc:  50.3%  V-AUROC: 0.4991  LR: 2.00e-04
2026-08-02 14:25:10,200 | [FULL    ] | INFO | full_experiments_using.model_trainers.mobile_vit_trainer |   ↳ new best AUROC; saved checkpoint: /home/oem/choihyunsu/VOGBasedMCIDetection/outputs/checkpoints/run_20260802_112618_full_wvote_artifact30_w0-5-5-10-0-15-15-30_4err/fold_08_best.pth
2026-08-02 14:25:31,188 | [FULL    ] | INFO | full_experiments_using.model_trainers.mobile_vit_trainer | Ep [002/500] T-Acc:  48.9%  V-Acc:  48.7%  V-AUROC: 0.5005  LR: 4.00e-04
2026-08-02 14:25:31,302 | [FULL    ] | INFO | full_experiments_using.model_trainers.mobile_vit_trainer |   ↳ new best AUROC; saved checkpoint: /home/oem/choihyunsu/VOGBasedMCIDetection/outputs/checkpoints/run_20260802_112618_full_wvote_artifact30_w0-5-5-10-0-15-15-30_4err/fold_08_best.pth
2026-08-02 14:25:52,330 | [FULL    ] | INFO | full_experiments_using.model_trainers.mobile_vit_trainer | Ep [003/500] T-Acc:  52.0%  V-Acc:  51.6%  V-AUROC: 0.5241  LR: 6.00e-04
2026-08-02 14:25:52,448 | [FULL    ] | INFO | full_experiments_using.model_trainers.mobile_vit_trainer |   ↳ new best AUROC; saved checkpoint: /home/oem/choihyunsu/VOGBasedMCIDetection/outputs/checkpoints/run_20260802_112618_full_wvote_artifact30_w0-5-5-10-0-15-15-30_4err/fold_08_best.pth
2026-08-02 14:26:13,417 | [FULL    ] | INFO | full_experiments_using.model_trainers.mobile_vit_trainer | Ep [004/500] T-Acc:  50.8%  V-Acc:  51.7%  V-AUROC: 0.5222  LR: 8.00e-04
2026-08-02 14:26:34,434 | [FULL    ] | INFO | full_experiments_using.model_trainers.mobile_vit_trainer | Ep [005/500] T-Acc:  53.3%  V-Acc:  54.6%  V-AUROC: 0.5578  LR: 1.00e-03
2026-08-02 14:26:34,553 | [FULL    ] | INFO | full_experiments_using.model_trainers.mobile_vit_trainer |   ↳ new best AUROC; saved checkpoint: /home/oem/choihyunsu/VOGBasedMCIDetection/outputs/checkpoints/run_20260802_112618_full_wvote_artifact30_w0-5-5-10-0-15-15-30_4err/fold_08_best.pth
2026-08-02 14:26:55,456 | [FULL    ] | INFO | full_experiments_using.model_trainers.mobile_vit_trainer | Ep [006/500] T-Acc:  52.9%  V-Acc:  53.3%  V-AUROC: 0.5567  LR: 1.00e-03
2026-08-02 14:27:16,226 | [FULL    ] | INFO | full_experiments_using.model_trainers.mobile_vit_trainer | Ep [007/500] T-Acc:  56.2%  V-Acc:  52.9%  V-AUROC: 0.5493  LR: 1.00e-03
2026-08-02 14:27:37,262 | [FULL    ] | INFO | full_experiments_using.model_trainers.mobile_vit_trainer | Ep [008/500] T-Acc:  55.3%  V-Acc:  53.5%  V-AUROC: 0.5533  LR: 1.00e-03
2026-08-02 14:27:58,267 | [FULL    ] | INFO | full_experiments_using.model_trainers.mobile_vit_trainer | Ep [009/500] T-Acc:  55.2%  V-Acc:  52.3%  V-AUROC: 0.5509  LR: 1.00e-03
2026-08-02 14:28:19,240 | [FULL    ] | INFO | full_experiments_using.model_trainers.mobile_vit_trainer | Ep [010/500] T-Acc:  56.3%  V-Acc:  52.4%  V-AUROC: 0.5481  LR: 1.00e-03
2026-08-02 14:28:40,071 | [FULL    ] | INFO | full_experiments_using.model_trainers.mobile_vit_trainer | Ep [011/500] T-Acc:  57.3%  V-Acc:  52.2%  V-AUROC: 0.5391  LR: 1.00e-03
2026-08-02 14:29:01,144 | [FULL    ] | INFO | full_experiments_using.model_trainers.mobile_vit_trainer | Ep [012/500] T-Acc:  57.7%  V-Acc:  51.3%  V-AUROC: 0.5300  LR: 1.00e-03
2026-08-02 14:29:22,117 | [FULL    ] | INFO | full_experiments_using.model_trainers.mobile_vit_trainer | Ep [013/500] T-Acc:  57.9%  V-Acc:  52.4%  V-AUROC: 0.5458  LR: 1.00e-03
2026-08-02 14:29:43,073 | [FULL    ] | INFO | full_experiments_using.model_trainers.mobile_vit_trainer | Ep [014/500] T-Acc:  57.6%  V-Acc:  52.6%  V-AUROC: 0.5416  LR: 1.00e-03
2026-08-02 14:30:04,042 | [FULL    ] | INFO | full_experiments_using.model_trainers.mobile_vit_trainer | Ep [015/500] T-Acc:  58.3%  V-Acc:  53.1%  V-AUROC: 0.5518  LR: 1.00e-03
2026-08-02 14:30:24,973 | [FULL    ] | INFO | full_experiments_using.model_trainers.mobile_vit_trainer | Ep [016/500] T-Acc:  58.2%  V-Acc:  52.6%  V-AUROC: 0.5434  LR: 1.00e-03
2026-08-02 14:30:45,993 | [FULL    ] | INFO | full_experiments_using.model_trainers.mobile_vit_trainer | Ep [017/500] T-Acc:  58.4%  V-Acc:  52.4%  V-AUROC: 0.5502  LR: 1.00e-03
2026-08-02 14:31:06,871 | [FULL    ] | INFO | full_experiments_using.model_trainers.mobile_vit_trainer | Ep [018/500] T-Acc:  59.4%  V-Acc:  53.0%  V-AUROC: 0.5524  LR: 2.00e-04
2026-08-02 14:31:27,833 | [FULL    ] | INFO | full_experiments_using.model_trainers.mobile_vit_trainer | Ep [019/500] T-Acc:  59.7%  V-Acc:  52.4%  V-AUROC: 0.5539  LR: 2.00e-04
2026-08-02 14:31:48,737 | [FULL    ] | INFO | full_experiments_using.model_trainers.mobile_vit_trainer | Ep [020/500] T-Acc:  59.1%  V-Acc:  52.3%  V-AUROC: 0.5500  LR: 2.00e-04
2026-08-02 14:32:09,800 | [FULL    ] | INFO | full_experiments_using.model_trainers.mobile_vit_trainer | Ep [021/500] T-Acc:  58.8%  V-Acc:  52.7%  V-AUROC: 0.5541  LR: 2.00e-04
2026-08-02 14:32:30,675 | [FULL    ] | INFO | full_experiments_using.model_trainers.mobile_vit_trainer | Ep [022/500] T-Acc:  60.0%  V-Acc:  52.9%  V-AUROC: 0.5544  LR: 2.00e-04
2026-08-02 14:32:51,810 | [FULL    ] | INFO | full_experiments_using.model_trainers.mobile_vit_trainer | Ep [023/500] T-Acc:  60.7%  V-Acc:  53.3%  V-AUROC: 0.5590  LR: 2.00e-04
2026-08-02 14:32:51,928 | [FULL    ] | INFO | full_experiments_using.model_trainers.mobile_vit_trainer |   ↳ new best AUROC; saved checkpoint: /home/oem/choihyunsu/VOGBasedMCIDetection/outputs/checkpoints/run_20260802_112618_full_wvote_artifact30_w0-5-5-10-0-15-15-30_4err/fold_08_best.pth
2026-08-02 14:33:12,880 | [FULL    ] | INFO | full_experiments_using.model_trainers.mobile_vit_trainer | Ep [024/500] T-Acc:  61.6%  V-Acc:  52.9%  V-AUROC: 0.5567  LR: 2.00e-04
2026-08-02 14:33:33,803 | [FULL    ] | INFO | full_experiments_using.model_trainers.mobile_vit_trainer | Ep [025/500] T-Acc:  61.0%  V-Acc:  53.6%  V-AUROC: 0.5591  LR: 2.00e-04
2026-08-02 14:33:33,925 | [FULL    ] | INFO | full_experiments_using.model_trainers.mobile_vit_trainer |   ↳ new best AUROC; saved checkpoint: /home/oem/choihyunsu/VOGBasedMCIDetection/outputs/checkpoints/run_20260802_112618_full_wvote_artifact30_w0-5-5-10-0-15-15-30_4err/fold_08_best.pth
2026-08-02 14:33:54,864 | [FULL    ] | INFO | full_experiments_using.model_trainers.mobile_vit_trainer | Ep [026/500] T-Acc:  61.5%  V-Acc:  52.9%  V-AUROC: 0.5548  LR: 2.00e-04
2026-08-02 14:34:13,936 | [FULL    ] | INFO | full_experiments_using.model_trainers.mobile_vit_trainer | Ep [027/500] T-Acc:  60.9%  V-Acc:  52.6%  V-AUROC: 0.5566  LR: 2.00e-04
2026-08-02 14:34:33,592 | [FULL    ] | INFO | full_experiments_using.model_trainers.mobile_vit_trainer | Ep [028/500] T-Acc:  61.1%  V-Acc:  52.5%  V-AUROC: 0.5560  LR: 2.00e-04
2026-08-02 14:34:54,527 | [FULL    ] | INFO | full_experiments_using.model_trainers.mobile_vit_trainer | Ep [029/500] T-Acc:  61.6%  V-Acc:  53.8%  V-AUROC: 0.5592  LR: 2.00e-04
2026-08-02 14:34:54,653 | [FULL    ] | INFO | full_experiments_using.model_trainers.mobile_vit_trainer |   ↳ new best AUROC; saved checkpoint: /home/oem/choihyunsu/VOGBasedMCIDetection/outputs/checkpoints/run_20260802_112618_full_wvote_artifact30_w0-5-5-10-0-15-15-30_4err/fold_08_best.pth
2026-08-02 14:35:15,571 | [FULL    ] | INFO | full_experiments_using.model_trainers.mobile_vit_trainer | Ep [030/500] T-Acc:  60.2%  V-Acc:  54.1%  V-AUROC: 0.5610  LR: 2.00e-04
2026-08-02 14:35:15,704 | [FULL    ] | INFO | full_experiments_using.model_trainers.mobile_vit_trainer |   ↳ new best AUROC; saved checkpoint: /home/oem/choihyunsu/VOGBasedMCIDetection/outputs/checkpoints/run_20260802_112618_full_wvote_artifact30_w0-5-5-10-0-15-15-30_4err/fold_08_best.pth
2026-08-02 14:35:36,657 | [FULL    ] | INFO | full_experiments_using.model_trainers.mobile_vit_trainer | Ep [031/500] T-Acc:  61.2%  V-Acc:  52.8%  V-AUROC: 0.5568  LR: 2.00e-04
2026-08-02 14:35:57,454 | [FULL    ] | INFO | full_experiments_using.model_trainers.mobile_vit_trainer | Ep [032/500] T-Acc:  60.8%  V-Acc:  53.5%  V-AUROC: 0.5594  LR: 2.00e-04
2026-08-02 14:36:18,410 | [FULL    ] | INFO | full_experiments_using.model_trainers.mobile_vit_trainer | Ep [033/500] T-Acc:  60.5%  V-Acc:  53.7%  V-AUROC: 0.5625  LR: 2.00e-04
2026-08-02 14:36:18,531 | [FULL    ] | INFO | full_experiments_using.model_trainers.mobile_vit_trainer |   ↳ new best AUROC; saved checkpoint: /home/oem/choihyunsu/VOGBasedMCIDetection/outputs/checkpoints/run_20260802_112618_full_wvote_artifact30_w0-5-5-10-0-15-15-30_4err/fold_08_best.pth
2026-08-02 14:36:39,394 | [FULL    ] | INFO | full_experiments_using.model_trainers.mobile_vit_trainer | Ep [034/500] T-Acc:  61.7%  V-Acc:  53.5%  V-AUROC: 0.5588  LR: 2.00e-04
2026-08-02 14:37:00,357 | [FULL    ] | INFO | full_experiments_using.model_trainers.mobile_vit_trainer | Ep [035/500] T-Acc:  60.9%  V-Acc:  53.6%  V-AUROC: 0.5600  LR: 2.00e-04
2026-08-02 14:37:21,284 | [FULL    ] | INFO | full_experiments_using.model_trainers.mobile_vit_trainer | Ep [036/500] T-Acc:  60.7%  V-Acc:  54.1%  V-AUROC: 0.5598  LR: 2.00e-04
2026-08-02 14:37:40,194 | [FULL    ] | INFO | full_experiments_using.model_trainers.mobile_vit_trainer | Ep [037/500] T-Acc:  61.3%  V-Acc:  53.7%  V-AUROC: 0.5598  LR: 2.00e-04
2026-08-02 14:38:00,810 | [FULL    ] | INFO | full_experiments_using.model_trainers.mobile_vit_trainer | Ep [038/500] T-Acc:  61.1%  V-Acc:  54.4%  V-AUROC: 0.5593  LR: 2.00e-04
2026-08-02 14:38:19,482 | [FULL    ] | INFO | full_experiments_using.model_trainers.mobile_vit_trainer | Ep [039/500] T-Acc:  62.2%  V-Acc:  53.8%  V-AUROC: 0.5619  LR: 2.00e-04
2026-08-02 14:38:40,352 | [FULL    ] | INFO | full_experiments_using.model_trainers.mobile_vit_trainer | Ep [040/500] T-Acc:  61.0%  V-Acc:  53.5%  V-AUROC: 0.5607  LR: 2.00e-04
2026-08-02 14:39:01,249 | [FULL    ] | INFO | full_experiments_using.model_trainers.mobile_vit_trainer | Ep [041/500] T-Acc:  61.7%  V-Acc:  53.4%  V-AUROC: 0.5611  LR: 2.00e-04
2026-08-02 14:39:22,105 | [FULL    ] | INFO | full_experiments_using.model_trainers.mobile_vit_trainer | Ep [042/500] T-Acc:  62.1%  V-Acc:  54.3%  V-AUROC: 0.5605  LR: 2.00e-04
2026-08-02 14:39:43,223 | [FULL    ] | INFO | full_experiments_using.model_trainers.mobile_vit_trainer | Ep [043/500] T-Acc:  61.4%  V-Acc:  54.2%  V-AUROC: 0.5608  LR: 2.00e-04
2026-08-02 14:40:04,148 | [FULL    ] | INFO | full_experiments_using.model_trainers.mobile_vit_trainer | Ep [044/500] T-Acc:  60.5%  V-Acc:  53.6%  V-AUROC: 0.5605  LR: 2.00e-04
2026-08-02 14:40:25,013 | [FULL    ] | INFO | full_experiments_using.model_trainers.mobile_vit_trainer | Ep [045/500] T-Acc:  61.4%  V-Acc:  53.5%  V-AUROC: 0.5611  LR: 4.00e-05
2026-08-02 14:40:45,721 | [FULL    ] | INFO | full_experiments_using.model_trainers.mobile_vit_trainer | Ep [046/500] T-Acc:  61.8%  V-Acc:  53.6%  V-AUROC: 0.5618  LR: 4.00e-05
2026-08-02 14:41:06,672 | [FULL    ] | INFO | full_experiments_using.model_trainers.mobile_vit_trainer | Ep [047/500] T-Acc:  63.5%  V-Acc:  54.0%  V-AUROC: 0.5608  LR: 4.00e-05
2026-08-02 14:41:27,605 | [FULL    ] | INFO | full_experiments_using.model_trainers.mobile_vit_trainer | Ep [048/500] T-Acc:  61.9%  V-Acc:  53.6%  V-AUROC: 0.5606  LR: 4.00e-05
2026-08-02 14:41:48,504 | [FULL    ] | INFO | full_experiments_using.model_trainers.mobile_vit_trainer | Ep [049/500] T-Acc:  62.4%  V-Acc:  54.3%  V-AUROC: 0.5617  LR: 4.00e-05
2026-08-02 14:42:09,574 | [FULL    ] | INFO | full_experiments_using.model_trainers.mobile_vit_trainer | Ep [050/500] T-Acc:  60.8%  V-Acc:  54.2%  V-AUROC: 0.5615  LR: 4.00e-05
2026-08-02 14:42:30,562 | [FULL    ] | INFO | full_experiments_using.model_trainers.mobile_vit_trainer | Ep [051/500] T-Acc:  61.1%  V-Acc:  54.2%  V-AUROC: 0.5622  LR: 4.00e-05
2026-08-02 14:42:51,426 | [FULL    ] | INFO | full_experiments_using.model_trainers.mobile_vit_trainer | Ep [052/500] T-Acc:  61.3%  V-Acc:  54.0%  V-AUROC: 0.5614  LR: 4.00e-05
2026-08-02 14:43:12,331 | [FULL    ] | INFO | full_experiments_using.model_trainers.mobile_vit_trainer | Ep [053/500] T-Acc:  61.3%  V-Acc:  54.2%  V-AUROC: 0.5626  LR: 4.00e-05
2026-08-02 14:43:12,463 | [FULL    ] | INFO | full_experiments_using.model_trainers.mobile_vit_trainer |   ↳ new best AUROC; saved checkpoint: /home/oem/choihyunsu/VOGBasedMCIDetection/outputs/checkpoints/run_20260802_112618_full_wvote_artifact30_w0-5-5-10-0-15-15-30_4err/fold_08_best.pth
2026-08-02 14:43:33,323 | [FULL    ] | INFO | full_experiments_using.model_trainers.mobile_vit_trainer | Ep [054/500] T-Acc:  61.9%  V-Acc:  54.0%  V-AUROC: 0.5626  LR: 4.00e-05
2026-08-02 14:43:54,193 | [FULL    ] | INFO | full_experiments_using.model_trainers.mobile_vit_trainer | Ep [055/500] T-Acc:  62.0%  V-Acc:  53.6%  V-AUROC: 0.5619  LR: 4.00e-05
2026-08-02 14:44:15,042 | [FULL    ] | INFO | full_experiments_using.model_trainers.mobile_vit_trainer | Ep [056/500] T-Acc:  61.4%  V-Acc:  54.1%  V-AUROC: 0.5614  LR: 4.00e-05
2026-08-02 14:44:35,999 | [FULL    ] | INFO | full_experiments_using.model_trainers.mobile_vit_trainer | Ep [057/500] T-Acc:  61.5%  V-Acc:  54.1%  V-AUROC: 0.5607  LR: 4.00e-05
2026-08-02 14:44:56,876 | [FULL    ] | INFO | full_experiments_using.model_trainers.mobile_vit_trainer | Ep [058/500] T-Acc:  60.8%  V-Acc:  53.9%  V-AUROC: 0.5611  LR: 4.00e-05
2026-08-02 14:45:17,850 | [FULL    ] | INFO | full_experiments_using.model_trainers.mobile_vit_trainer | Ep [059/500] T-Acc:  61.5%  V-Acc:  54.2%  V-AUROC: 0.5624  LR: 4.00e-05
2026-08-02 14:45:38,772 | [FULL    ] | INFO | full_experiments_using.model_trainers.mobile_vit_trainer | Ep [060/500] T-Acc:  61.3%  V-Acc:  53.9%  V-AUROC: 0.5622  LR: 4.00e-05
2026-08-02 14:45:59,682 | [FULL    ] | INFO | full_experiments_using.model_trainers.mobile_vit_trainer | Ep [061/500] T-Acc:  61.7%  V-Acc:  54.3%  V-AUROC: 0.5629  LR: 4.00e-05
2026-08-02 14:45:59,800 | [FULL    ] | INFO | full_experiments_using.model_trainers.mobile_vit_trainer |   ↳ new best AUROC; saved checkpoint: /home/oem/choihyunsu/VOGBasedMCIDetection/outputs/checkpoints/run_20260802_112618_full_wvote_artifact30_w0-5-5-10-0-15-15-30_4err/fold_08_best.pth
2026-08-02 14:46:20,605 | [FULL    ] | INFO | full_experiments_using.model_trainers.mobile_vit_trainer | Ep [062/500] T-Acc:  61.5%  V-Acc:  53.8%  V-AUROC: 0.5621  LR: 4.00e-05
2026-08-02 14:46:41,597 | [FULL    ] | INFO | full_experiments_using.model_trainers.mobile_vit_trainer | Ep [063/500] T-Acc:  62.0%  V-Acc:  54.1%  V-AUROC: 0.5618  LR: 4.00e-05
2026-08-02 14:47:02,653 | [FULL    ] | INFO | full_experiments_using.model_trainers.mobile_vit_trainer | Ep [064/500] T-Acc:  61.9%  V-Acc:  54.2%  V-AUROC: 0.5626  LR: 4.00e-05
2026-08-02 14:47:23,522 | [FULL    ] | INFO | full_experiments_using.model_trainers.mobile_vit_trainer | Ep [065/500] T-Acc:  61.4%  V-Acc:  54.4%  V-AUROC: 0.5618  LR: 4.00e-05
2026-08-02 14:47:44,493 | [FULL    ] | INFO | full_experiments_using.model_trainers.mobile_vit_trainer | Ep [066/500] T-Acc:  62.5%  V-Acc:  54.4%  V-AUROC: 0.5613  LR: 4.00e-05
2026-08-02 14:48:05,525 | [FULL    ] | INFO | full_experiments_using.model_trainers.mobile_vit_trainer | Ep [067/500] T-Acc:  62.1%  V-Acc:  54.2%  V-AUROC: 0.5618  LR: 4.00e-05
2026-08-02 14:48:26,599 | [FULL    ] | INFO | full_experiments_using.model_trainers.mobile_vit_trainer | Ep [068/500] T-Acc:  63.0%  V-Acc:  54.3%  V-AUROC: 0.5611  LR: 4.00e-05
2026-08-02 14:48:47,492 | [FULL    ] | INFO | full_experiments_using.model_trainers.mobile_vit_trainer | Ep [069/500] T-Acc:  61.3%  V-Acc:  54.3%  V-AUROC: 0.5599  LR: 4.00e-05
2026-08-02 14:49:08,439 | [FULL    ] | INFO | full_experiments_using.model_trainers.mobile_vit_trainer | Ep [070/500] T-Acc:  61.4%  V-Acc:  54.3%  V-AUROC: 0.5609  LR: 4.00e-05
2026-08-02 14:49:29,313 | [FULL    ] | INFO | full_experiments_using.model_trainers.mobile_vit_trainer | Ep [071/500] T-Acc:  61.7%  V-Acc:  54.6%  V-AUROC: 0.5627  LR: 4.00e-05
2026-08-02 14:49:50,232 | [FULL    ] | INFO | full_experiments_using.model_trainers.mobile_vit_trainer | Ep [072/500] T-Acc:  61.6%  V-Acc:  54.3%  V-AUROC: 0.5605  LR: 4.00e-05
2026-08-02 14:50:11,283 | [FULL    ] | INFO | full_experiments_using.model_trainers.mobile_vit_trainer | Ep [073/500] T-Acc:  61.4%  V-Acc:  54.0%  V-AUROC: 0.5621  LR: 8.00e-06
2026-08-02 14:50:32,311 | [FULL    ] | INFO | full_experiments_using.model_trainers.mobile_vit_trainer | Ep [074/500] T-Acc:  62.5%  V-Acc:  54.1%  V-AUROC: 0.5629  LR: 8.00e-06
2026-08-02 14:50:32,558 | [FULL    ] | INFO | full_experiments_using.model_trainers.mobile_vit_trainer |   ↳ new best AUROC; saved checkpoint: /home/oem/choihyunsu/VOGBasedMCIDetection/outputs/checkpoints/run_20260802_112618_full_wvote_artifact30_w0-5-5-10-0-15-15-30_4err/fold_08_best.pth
2026-08-02 14:50:53,794 | [FULL    ] | INFO | full_experiments_using.model_trainers.mobile_vit_trainer | Ep [075/500] T-Acc:  62.0%  V-Acc:  54.7%  V-AUROC: 0.5602  LR: 8.00e-06
2026-08-02 14:51:13,041 | [FULL    ] | INFO | full_experiments_using.model_trainers.mobile_vit_trainer | Ep [076/500] T-Acc:  62.2%  V-Acc:  54.0%  V-AUROC: 0.5610  LR: 8.00e-06
2026-08-02 14:51:33,586 | [FULL    ] | INFO | full_experiments_using.model_trainers.mobile_vit_trainer | Ep [077/500] T-Acc:  61.3%  V-Acc:  53.8%  V-AUROC: 0.5617  LR: 8.00e-06
2026-08-02 14:51:53,679 | [FULL    ] | INFO | full_experiments_using.model_trainers.mobile_vit_trainer | Ep [078/500] T-Acc:  62.8%  V-Acc:  54.2%  V-AUROC: 0.5618  LR: 8.00e-06
2026-08-02 14:52:14,667 | [FULL    ] | INFO | full_experiments_using.model_trainers.mobile_vit_trainer | Ep [079/500] T-Acc:  62.8%  V-Acc:  54.3%  V-AUROC: 0.5621  LR: 8.00e-06
2026-08-02 14:52:35,591 | [FULL    ] | INFO | full_experiments_using.model_trainers.mobile_vit_trainer | Ep [080/500] T-Acc:  61.7%  V-Acc:  54.3%  V-AUROC: 0.5616  LR: 8.00e-06
2026-08-02 14:52:56,575 | [FULL    ] | INFO | full_experiments_using.model_trainers.mobile_vit_trainer | Ep [081/500] T-Acc:  61.8%  V-Acc:  54.3%  V-AUROC: 0.5622  LR: 8.00e-06
2026-08-02 14:53:17,502 | [FULL    ] | INFO | full_experiments_using.model_trainers.mobile_vit_trainer | Ep [082/500] T-Acc:  60.9%  V-Acc:  54.6%  V-AUROC: 0.5619  LR: 8.00e-06
2026-08-02 14:53:38,399 | [FULL    ] | INFO | full_experiments_using.model_trainers.mobile_vit_trainer | Ep [083/500] T-Acc:  61.0%  V-Acc:  54.2%  V-AUROC: 0.5616  LR: 8.00e-06
2026-08-02 14:53:59,313 | [FULL    ] | INFO | full_experiments_using.model_trainers.mobile_vit_trainer | Ep [084/500] T-Acc:  61.3%  V-Acc:  54.4%  V-AUROC: 0.5631  LR: 8.00e-06
2026-08-02 14:53:59,436 | [FULL    ] | INFO | full_experiments_using.model_trainers.mobile_vit_trainer |   ↳ new best AUROC; saved checkpoint: /home/oem/choihyunsu/VOGBasedMCIDetection/outputs/checkpoints/run_20260802_112618_full_wvote_artifact30_w0-5-5-10-0-15-15-30_4err/fold_08_best.pth
2026-08-02 14:54:20,339 | [FULL    ] | INFO | full_experiments_using.model_trainers.mobile_vit_trainer | Ep [085/500] T-Acc:  60.7%  V-Acc:  54.4%  V-AUROC: 0.5618  LR: 8.00e-06
2026-08-02 14:54:41,359 | [FULL    ] | INFO | full_experiments_using.model_trainers.mobile_vit_trainer | Ep [086/500] T-Acc:  61.8%  V-Acc:  54.4%  V-AUROC: 0.5612  LR: 8.00e-06
2026-08-02 14:55:02,342 | [FULL    ] | INFO | full_experiments_using.model_trainers.mobile_vit_trainer | Ep [087/500] T-Acc:  62.8%  V-Acc:  54.2%  V-AUROC: 0.5615  LR: 8.00e-06
2026-08-02 14:55:23,320 | [FULL    ] | INFO | full_experiments_using.model_trainers.mobile_vit_trainer | Ep [088/500] T-Acc:  61.5%  V-Acc:  54.0%  V-AUROC: 0.5614  LR: 8.00e-06
2026-08-02 14:55:44,321 | [FULL    ] | INFO | full_experiments_using.model_trainers.mobile_vit_trainer | Ep [089/500] T-Acc:  61.5%  V-Acc:  54.3%  V-AUROC: 0.5602  LR: 8.00e-06
2026-08-02 14:56:05,104 | [FULL    ] | INFO | full_experiments_using.model_trainers.mobile_vit_trainer | Ep [090/500] T-Acc:  62.9%  V-Acc:  54.5%  V-AUROC: 0.5613  LR: 8.00e-06
2026-08-02 14:56:26,153 | [FULL    ] | INFO | full_experiments_using.model_trainers.mobile_vit_trainer | Ep [091/500] T-Acc:  60.6%  V-Acc:  54.2%  V-AUROC: 0.5614  LR: 8.00e-06
2026-08-02 14:56:47,226 | [FULL    ] | INFO | full_experiments_using.model_trainers.mobile_vit_trainer | Ep [092/500] T-Acc:  61.7%  V-Acc:  54.3%  V-AUROC: 0.5603  LR: 8.00e-06
2026-08-02 14:57:08,309 | [FULL    ] | INFO | full_experiments_using.model_trainers.mobile_vit_trainer | Ep [093/500] T-Acc:  62.7%  V-Acc:  54.6%  V-AUROC: 0.5631  LR: 8.00e-06
2026-08-02 14:57:08,431 | [FULL    ] | INFO | full_experiments_using.model_trainers.mobile_vit_trainer |   ↳ new best AUROC; saved checkpoint: /home/oem/choihyunsu/VOGBasedMCIDetection/outputs/checkpoints/run_20260802_112618_full_wvote_artifact30_w0-5-5-10-0-15-15-30_4err/fold_08_best.pth
2026-08-02 14:57:29,353 | [FULL    ] | INFO | full_experiments_using.model_trainers.mobile_vit_trainer | Ep [094/500] T-Acc:  62.1%  V-Acc:  53.7%  V-AUROC: 0.5615  LR: 8.00e-06
2026-08-02 14:57:50,196 | [FULL    ] | INFO | full_experiments_using.model_trainers.mobile_vit_trainer | Ep [095/500] T-Acc:  62.2%  V-Acc:  54.0%  V-AUROC: 0.5607  LR: 8.00e-06
2026-08-02 14:58:11,261 | [FULL    ] | INFO | full_experiments_using.model_trainers.mobile_vit_trainer | Ep [096/500] T-Acc:  62.2%  V-Acc:  54.3%  V-AUROC: 0.5619  LR: 1.60e-06
2026-08-02 14:58:32,028 | [FULL    ] | INFO | full_experiments_using.model_trainers.mobile_vit_trainer | Ep [097/500] T-Acc:  61.3%  V-Acc:  54.0%  V-AUROC: 0.5608  LR: 1.60e-06
2026-08-02 14:58:53,048 | [FULL    ] | INFO | full_experiments_using.model_trainers.mobile_vit_trainer | Ep [098/500] T-Acc:  62.6%  V-Acc:  54.2%  V-AUROC: 0.5618  LR: 1.60e-06
2026-08-02 14:59:13,960 | [FULL    ] | INFO | full_experiments_using.model_trainers.mobile_vit_trainer | Ep [099/500] T-Acc:  61.1%  V-Acc:  53.7%  V-AUROC: 0.5633  LR: 1.60e-06
2026-08-02 14:59:14,083 | [FULL    ] | INFO | full_experiments_using.model_trainers.mobile_vit_trainer |   ↳ new best AUROC; saved checkpoint: /home/oem/choihyunsu/VOGBasedMCIDetection/outputs/checkpoints/run_20260802_112618_full_wvote_artifact30_w0-5-5-10-0-15-15-30_4err/fold_08_best.pth
2026-08-02 14:59:34,988 | [FULL    ] | INFO | full_experiments_using.model_trainers.mobile_vit_trainer | Ep [100/500] T-Acc:  60.3%  V-Acc:  54.2%  V-AUROC: 0.5608  LR: 1.60e-06
2026-08-02 14:59:56,056 | [FULL    ] | INFO | full_experiments_using.model_trainers.mobile_vit_trainer | Ep [101/500] T-Acc:  61.5%  V-Acc:  54.5%  V-AUROC: 0.5619  LR: 1.60e-06
2026-08-02 15:00:17,073 | [FULL    ] | INFO | full_experiments_using.model_trainers.mobile_vit_trainer | Ep [102/500] T-Acc:  62.0%  V-Acc:  54.3%  V-AUROC: 0.5610  LR: 1.60e-06
2026-08-02 15:00:38,072 | [FULL    ] | INFO | full_experiments_using.model_trainers.mobile_vit_trainer | Ep [103/500] T-Acc:  62.5%  V-Acc:  53.9%  V-AUROC: 0.5611  LR: 1.60e-06
2026-08-02 15:00:59,186 | [FULL    ] | INFO | full_experiments_using.model_trainers.mobile_vit_trainer | Ep [104/500] T-Acc:  62.0%  V-Acc:  54.3%  V-AUROC: 0.5615  LR: 1.60e-06
2026-08-02 15:01:20,011 | [FULL    ] | INFO | full_experiments_using.model_trainers.mobile_vit_trainer | Ep [105/500] T-Acc:  61.7%  V-Acc:  54.0%  V-AUROC: 0.5612  LR: 1.60e-06
2026-08-02 15:01:40,882 | [FULL    ] | INFO | full_experiments_using.model_trainers.mobile_vit_trainer | Ep [106/500] T-Acc:  61.5%  V-Acc:  54.3%  V-AUROC: 0.5627  LR: 1.60e-06
2026-08-02 15:02:01,945 | [FULL    ] | INFO | full_experiments_using.model_trainers.mobile_vit_trainer | Ep [107/500] T-Acc:  62.1%  V-Acc:  54.0%  V-AUROC: 0.5625  LR: 1.60e-06
2026-08-02 15:02:22,870 | [FULL    ] | INFO | full_experiments_using.model_trainers.mobile_vit_trainer | Ep [108/500] T-Acc:  62.3%  V-Acc:  53.8%  V-AUROC: 0.5611  LR: 1.60e-06
2026-08-02 15:02:43,889 | [FULL    ] | INFO | full_experiments_using.model_trainers.mobile_vit_trainer | Ep [109/500] T-Acc:  61.5%  V-Acc:  54.2%  V-AUROC: 0.5610  LR: 1.60e-06
2026-08-02 15:03:04,737 | [FULL    ] | INFO | full_experiments_using.model_trainers.mobile_vit_trainer | Ep [110/500] T-Acc:  61.7%  V-Acc:  54.0%  V-AUROC: 0.5617  LR: 1.60e-06
2026-08-02 15:03:25,727 | [FULL    ] | INFO | full_experiments_using.model_trainers.mobile_vit_trainer | Ep [111/500] T-Acc:  62.2%  V-Acc:  53.9%  V-AUROC: 0.5613  LR: 1.00e-06
2026-08-02 15:03:46,747 | [FULL    ] | INFO | full_experiments_using.model_trainers.mobile_vit_trainer | Ep [112/500] T-Acc:  62.5%  V-Acc:  54.3%  V-AUROC: 0.5611  LR: 1.00e-06
2026-08-02 15:04:07,678 | [FULL    ] | INFO | full_experiments_using.model_trainers.mobile_vit_trainer | Ep [113/500] T-Acc:  62.4%  V-Acc:  54.1%  V-AUROC: 0.5625  LR: 1.00e-06
2026-08-02 15:04:28,795 | [FULL    ] | INFO | full_experiments_using.model_trainers.mobile_vit_trainer | Ep [114/500] T-Acc:  60.4%  V-Acc:  53.9%  V-AUROC: 0.5601  LR: 1.00e-06
2026-08-02 15:04:49,803 | [FULL    ] | INFO | full_experiments_using.model_trainers.mobile_vit_trainer | Ep [115/500] T-Acc:  61.8%  V-Acc:  54.0%  V-AUROC: 0.5616  LR: 1.00e-06
2026-08-02 15:05:10,833 | [FULL    ] | INFO | full_experiments_using.model_trainers.mobile_vit_trainer | Ep [116/500] T-Acc:  61.4%  V-Acc:  54.3%  V-AUROC: 0.5626  LR: 1.00e-06
2026-08-02 15:05:31,766 | [FULL    ] | INFO | full_experiments_using.model_trainers.mobile_vit_trainer | Ep [117/500] T-Acc:  61.8%  V-Acc:  54.4%  V-AUROC: 0.5613  LR: 1.00e-06
2026-08-02 15:05:52,563 | [FULL    ] | INFO | full_experiments_using.model_trainers.mobile_vit_trainer | Ep [118/500] T-Acc:  61.9%  V-Acc:  54.0%  V-AUROC: 0.5612  LR: 1.00e-06
2026-08-02 15:06:13,446 | [FULL    ] | INFO | full_experiments_using.model_trainers.mobile_vit_trainer | Ep [119/500] T-Acc:  61.3%  V-Acc:  54.1%  V-AUROC: 0.5620  LR: 1.00e-06
2026-08-02 15:06:34,445 | [FULL    ] | INFO | full_experiments_using.model_trainers.mobile_vit_trainer | Ep [120/500] T-Acc:  62.7%  V-Acc:  54.2%  V-AUROC: 0.5614  LR: 1.00e-06
2026-08-02 15:06:55,485 | [FULL    ] | INFO | full_experiments_using.model_trainers.mobile_vit_trainer | Ep [121/500] T-Acc:  61.2%  V-Acc:  54.3%  V-AUROC: 0.5618  LR: 1.00e-06
2026-08-02 15:07:16,459 | [FULL    ] | INFO | full_experiments_using.model_trainers.mobile_vit_trainer | Ep [122/500] T-Acc:  62.2%  V-Acc:  54.0%  V-AUROC: 0.5614  LR: 1.00e-06
2026-08-02 15:07:37,435 | [FULL    ] | INFO | full_experiments_using.model_trainers.mobile_vit_trainer | Ep [123/500] T-Acc:  61.5%  V-Acc:  54.0%  V-AUROC: 0.5609  LR: 1.00e-06
2026-08-02 15:07:58,388 | [FULL    ] | INFO | full_experiments_using.model_trainers.mobile_vit_trainer | Ep [124/500] T-Acc:  62.9%  V-Acc:  54.6%  V-AUROC: 0.5608  LR: 1.00e-06
2026-08-02 15:08:19,401 | [FULL    ] | INFO | full_experiments_using.model_trainers.mobile_vit_trainer | Ep [125/500] T-Acc:  61.5%  V-Acc:  54.4%  V-AUROC: 0.5613  LR: 1.00e-06
2026-08-02 15:08:40,368 | [FULL    ] | INFO | full_experiments_using.model_trainers.mobile_vit_trainer | Ep [126/500] T-Acc:  62.4%  V-Acc:  54.6%  V-AUROC: 0.5620  LR: 1.00e-06
2026-08-02 15:09:01,468 | [FULL    ] | INFO | full_experiments_using.model_trainers.mobile_vit_trainer | Ep [127/500] T-Acc:  61.0%  V-Acc:  54.3%  V-AUROC: 0.5619  LR: 1.00e-06
2026-08-02 15:09:20,676 | [FULL    ] | INFO | full_experiments_using.model_trainers.mobile_vit_trainer | Ep [128/500] T-Acc:  62.2%  V-Acc:  54.3%  V-AUROC: 0.5614  LR: 1.00e-06
2026-08-02 15:09:41,182 | [FULL    ] | INFO | full_experiments_using.model_trainers.mobile_vit_trainer | Ep [129/500] T-Acc:  61.6%  V-Acc:  54.2%  V-AUROC: 0.5617  LR: 1.00e-06
2026-08-02 15:09:41,182 | [FULL    ] | INFO | full_experiments_using.model_trainers.mobile_vit_trainer | Early stop — best AUROC 0.5633 at epoch 99 (no improvement for 30 epochs)
2026-08-02 15:09:41,182 | [FULL    ] | INFO | full_experiments_using.model_trainers.mobile_vit_trainer | Done. Best AUROC: 0.5633 (epoch 99) → /home/oem/choihyunsu/VOGBasedMCIDetection/outputs/checkpoints/run_20260802_112618_full_wvote_artifact30_w0-5-5-10-0-15-15-30_4err/fold_08_best.pth
2026-08-02 15:09:47,337 | [FULL    ] | INFO | full_experiments_using.evaluators.monte_carlo_evaluator | -> Fold 09 Result | Acc=0.545 Sens=0.833 Spec=0.200 AUROC=0.633
2026-08-02 15:09:47,344 | [FULL    ] | INFO | full_experiments_using.evaluators.monte_carlo_evaluator | === Fold 10/30 | train: 25 subj (HC=10 MCI=15) / 3814 win | test: 12 subj (HC=4 MCI=8) / 1901 win ===
2026-08-02 15:09:47,566 | [FULL    ] | INFO | httpx | HTTP Request: HEAD https://huggingface.co/apple/mobilevit-small/resolve/main/config.json "HTTP/1.1 307 Temporary Redirect"
2026-08-02 15:09:47,578 | [FULL    ] | INFO | httpx | HTTP Request: HEAD https://huggingface.co/api/resolve-cache/models/apple/mobilevit-small/6c8612545dc98676d27bc518fa521d9e9af23e34/config.json "HTTP/1.1 200 OK"
2026-08-02 15:09:47,842 | [FULL    ] | INFO | httpx | HTTP Request: HEAD https://huggingface.co/apple/mobilevit-small/resolve/main/model.safetensors "HTTP/1.1 404 Not Found"
2026-08-02 15:09:48,044 | [FULL    ] | INFO | httpx | HTTP Request: HEAD https://huggingface.co/apple/mobilevit-small/resolve/main/model.safetensors.index.json "HTTP/1.1 404 Not Found"
2026-08-02 15:09:48,243 | [FULL    ] | INFO | httpx | HTTP Request: HEAD https://huggingface.co/apple/mobilevit-small/resolve/main/pytorch_model.bin "HTTP/1.1 302 Found"
2026-08-02 15:09:48,452 | [FULL    ] | INFO | httpx | HTTP Request: HEAD https://huggingface.co/apple/mobilevit-small/resolve/main/model.safetensors "HTTP/1.1 404 Not Found"
2026-08-02 15:09:48,648 | [FULL    ] | INFO | httpx | HTTP Request: GET https://huggingface.co/api/models/apple/mobilevit-small "HTTP/1.1 200 OK"
2026-08-02 15:09:48,916 | [FULL    ] | INFO | httpx | HTTP Request: GET https://huggingface.co/api/models/apple/mobilevit-small/commits/main "HTTP/1.1 200 OK"
2026-08-02 15:09:49,169 | [FULL    ] | INFO | httpx | HTTP Request: GET https://huggingface.co/api/models/apple/mobilevit-small/discussions?p=0 "HTTP/1.1 200 OK"
2026-08-02 15:09:49,379 | [FULL    ] | INFO | httpx | HTTP Request: GET https://huggingface.co/api/models/apple/mobilevit-small/commits/refs%2Fpr%2F6 "HTTP/1.1 200 OK"
2026-08-02 15:09:49,585 | [FULL    ] | INFO | httpx | HTTP Request: HEAD https://huggingface.co/apple/mobilevit-small/resolve/refs%2Fpr%2F6/model.safetensors.index.json "HTTP/1.1 404 Not Found"
2026-08-02 15:09:49,797 | [FULL    ] | INFO | httpx | HTTP Request: HEAD https://huggingface.co/apple/mobilevit-small/resolve/refs%2Fpr%2F6/model.safetensors "HTTP/1.1 302 Found"
2026-08-02 15:09:49,862 | [FULL    ] | INFO | full_experiments_using.model_trainers.mobile_vit_trainer | Device: cuda | max_epochs=500 | batch=32 | eval_batch=256 | es_patience=30
2026-08-02 15:09:49,874 | [FULL    ] | INFO | full_experiments_using.model_trainers.mobile_vit_trainer | CE weights — HC: 1.077  MCI: 0.933
2026-08-02 15:10:21,075 | [FULL    ] | INFO | full_experiments_using.model_trainers.mobile_vit_trainer | Ep [001/500] T-Acc:  51.2%  V-Acc:  49.8%  V-AUROC: 0.4815  LR: 2.00e-04
2026-08-02 15:10:21,134 | [FULL    ] | INFO | full_experiments_using.model_trainers.mobile_vit_trainer |   ↳ new best AUROC; saved checkpoint: /home/oem/choihyunsu/VOGBasedMCIDetection/outputs/checkpoints/run_20260802_112618_full_wvote_artifact30_w0-5-5-10-0-15-15-30_4err/fold_09_best.pth
2026-08-02 15:10:42,283 | [FULL    ] | INFO | full_experiments_using.model_trainers.mobile_vit_trainer | Ep [002/500] T-Acc:  52.5%  V-Acc:  51.2%  V-AUROC: 0.4962  LR: 4.00e-04
2026-08-02 15:10:42,405 | [FULL    ] | INFO | full_experiments_using.model_trainers.mobile_vit_trainer |   ↳ new best AUROC; saved checkpoint: /home/oem/choihyunsu/VOGBasedMCIDetection/outputs/checkpoints/run_20260802_112618_full_wvote_artifact30_w0-5-5-10-0-15-15-30_4err/fold_09_best.pth
2026-08-02 15:11:03,652 | [FULL    ] | INFO | full_experiments_using.model_trainers.mobile_vit_trainer | Ep [003/500] T-Acc:  52.5%  V-Acc:  50.5%  V-AUROC: 0.5042  LR: 6.00e-04
2026-08-02 15:11:03,728 | [FULL    ] | INFO | full_experiments_using.model_trainers.mobile_vit_trainer |   ↳ new best AUROC; saved checkpoint: /home/oem/choihyunsu/VOGBasedMCIDetection/outputs/checkpoints/run_20260802_112618_full_wvote_artifact30_w0-5-5-10-0-15-15-30_4err/fold_09_best.pth
2026-08-02 15:11:24,709 | [FULL    ] | INFO | full_experiments_using.model_trainers.mobile_vit_trainer | Ep [004/500] T-Acc:  54.2%  V-Acc:  50.8%  V-AUROC: 0.5058  LR: 8.00e-04
2026-08-02 15:11:24,826 | [FULL    ] | INFO | full_experiments_using.model_trainers.mobile_vit_trainer |   ↳ new best AUROC; saved checkpoint: /home/oem/choihyunsu/VOGBasedMCIDetection/outputs/checkpoints/run_20260802_112618_full_wvote_artifact30_w0-5-5-10-0-15-15-30_4err/fold_09_best.pth
2026-08-02 15:11:45,921 | [FULL    ] | INFO | full_experiments_using.model_trainers.mobile_vit_trainer | Ep [005/500] T-Acc:  53.1%  V-Acc:  50.8%  V-AUROC: 0.5151  LR: 1.00e-03
2026-08-02 15:11:46,049 | [FULL    ] | INFO | full_experiments_using.model_trainers.mobile_vit_trainer |   ↳ new best AUROC; saved checkpoint: /home/oem/choihyunsu/VOGBasedMCIDetection/outputs/checkpoints/run_20260802_112618_full_wvote_artifact30_w0-5-5-10-0-15-15-30_4err/fold_09_best.pth
2026-08-02 15:12:07,230 | [FULL    ] | INFO | full_experiments_using.model_trainers.mobile_vit_trainer | Ep [006/500] T-Acc:  54.6%  V-Acc:  50.4%  V-AUROC: 0.5191  LR: 1.00e-03
2026-08-02 15:12:07,349 | [FULL    ] | INFO | full_experiments_using.model_trainers.mobile_vit_trainer |   ↳ new best AUROC; saved checkpoint: /home/oem/choihyunsu/VOGBasedMCIDetection/outputs/checkpoints/run_20260802_112618_full_wvote_artifact30_w0-5-5-10-0-15-15-30_4err/fold_09_best.pth
2026-08-02 15:12:28,389 | [FULL    ] | INFO | full_experiments_using.model_trainers.mobile_vit_trainer | Ep [007/500] T-Acc:  55.4%  V-Acc:  51.7%  V-AUROC: 0.5264  LR: 1.00e-03
2026-08-02 15:12:28,508 | [FULL    ] | INFO | full_experiments_using.model_trainers.mobile_vit_trainer |   ↳ new best AUROC; saved checkpoint: /home/oem/choihyunsu/VOGBasedMCIDetection/outputs/checkpoints/run_20260802_112618_full_wvote_artifact30_w0-5-5-10-0-15-15-30_4err/fold_09_best.pth
2026-08-02 15:12:49,768 | [FULL    ] | INFO | full_experiments_using.model_trainers.mobile_vit_trainer | Ep [008/500] T-Acc:  54.8%  V-Acc:  52.3%  V-AUROC: 0.5526  LR: 1.00e-03
2026-08-02 15:12:49,895 | [FULL    ] | INFO | full_experiments_using.model_trainers.mobile_vit_trainer |   ↳ new best AUROC; saved checkpoint: /home/oem/choihyunsu/VOGBasedMCIDetection/outputs/checkpoints/run_20260802_112618_full_wvote_artifact30_w0-5-5-10-0-15-15-30_4err/fold_09_best.pth
2026-08-02 15:13:11,087 | [FULL    ] | INFO | full_experiments_using.model_trainers.mobile_vit_trainer | Ep [009/500] T-Acc:  56.1%  V-Acc:  52.6%  V-AUROC: 0.5432  LR: 1.00e-03
2026-08-02 15:13:31,994 | [FULL    ] | INFO | full_experiments_using.model_trainers.mobile_vit_trainer | Ep [010/500] T-Acc:  55.4%  V-Acc:  51.8%  V-AUROC: 0.5412  LR: 1.00e-03
2026-08-02 15:13:51,459 | [FULL    ] | INFO | full_experiments_using.model_trainers.mobile_vit_trainer | Ep [011/500] T-Acc:  56.4%  V-Acc:  51.8%  V-AUROC: 0.5585  LR: 1.00e-03
2026-08-02 15:13:51,590 | [FULL    ] | INFO | full_experiments_using.model_trainers.mobile_vit_trainer |   ↳ new best AUROC; saved checkpoint: /home/oem/choihyunsu/VOGBasedMCIDetection/outputs/checkpoints/run_20260802_112618_full_wvote_artifact30_w0-5-5-10-0-15-15-30_4err/fold_09_best.pth
2026-08-02 15:14:11,974 | [FULL    ] | INFO | full_experiments_using.model_trainers.mobile_vit_trainer | Ep [012/500] T-Acc:  57.0%  V-Acc:  52.6%  V-AUROC: 0.5494  LR: 1.00e-03
2026-08-02 15:14:31,347 | [FULL    ] | INFO | full_experiments_using.model_trainers.mobile_vit_trainer | Ep [013/500] T-Acc:  57.8%  V-Acc:  54.7%  V-AUROC: 0.5658  LR: 1.00e-03
2026-08-02 15:14:31,483 | [FULL    ] | INFO | full_experiments_using.model_trainers.mobile_vit_trainer |   ↳ new best AUROC; saved checkpoint: /home/oem/choihyunsu/VOGBasedMCIDetection/outputs/checkpoints/run_20260802_112618_full_wvote_artifact30_w0-5-5-10-0-15-15-30_4err/fold_09_best.pth
2026-08-02 15:14:52,597 | [FULL    ] | INFO | full_experiments_using.model_trainers.mobile_vit_trainer | Ep [014/500] T-Acc:  57.8%  V-Acc:  53.8%  V-AUROC: 0.5671  LR: 1.00e-03
2026-08-02 15:14:52,729 | [FULL    ] | INFO | full_experiments_using.model_trainers.mobile_vit_trainer |   ↳ new best AUROC; saved checkpoint: /home/oem/choihyunsu/VOGBasedMCIDetection/outputs/checkpoints/run_20260802_112618_full_wvote_artifact30_w0-5-5-10-0-15-15-30_4err/fold_09_best.pth
2026-08-02 15:15:13,737 | [FULL    ] | INFO | full_experiments_using.model_trainers.mobile_vit_trainer | Ep [015/500] T-Acc:  58.1%  V-Acc:  51.8%  V-AUROC: 0.5560  LR: 1.00e-03
2026-08-02 15:15:34,936 | [FULL    ] | INFO | full_experiments_using.model_trainers.mobile_vit_trainer | Ep [016/500] T-Acc:  57.9%  V-Acc:  53.8%  V-AUROC: 0.5607  LR: 1.00e-03
2026-08-02 15:15:56,101 | [FULL    ] | INFO | full_experiments_using.model_trainers.mobile_vit_trainer | Ep [017/500] T-Acc:  58.1%  V-Acc:  54.3%  V-AUROC: 0.5637  LR: 1.00e-03
2026-08-02 15:16:17,124 | [FULL    ] | INFO | full_experiments_using.model_trainers.mobile_vit_trainer | Ep [018/500] T-Acc:  57.8%  V-Acc:  53.5%  V-AUROC: 0.5598  LR: 1.00e-03
2026-08-02 15:16:38,354 | [FULL    ] | INFO | full_experiments_using.model_trainers.mobile_vit_trainer | Ep [019/500] T-Acc:  59.0%  V-Acc:  54.0%  V-AUROC: 0.5622  LR: 1.00e-03
2026-08-02 15:16:59,261 | [FULL    ] | INFO | full_experiments_using.model_trainers.mobile_vit_trainer | Ep [020/500] T-Acc:  59.6%  V-Acc:  53.2%  V-AUROC: 0.5670  LR: 1.00e-03
2026-08-02 15:17:20,350 | [FULL    ] | INFO | full_experiments_using.model_trainers.mobile_vit_trainer | Ep [021/500] T-Acc:  58.9%  V-Acc:  52.4%  V-AUROC: 0.5582  LR: 1.00e-03
2026-08-02 15:17:41,470 | [FULL    ] | INFO | full_experiments_using.model_trainers.mobile_vit_trainer | Ep [022/500] T-Acc:  59.7%  V-Acc:  53.7%  V-AUROC: 0.5623  LR: 1.00e-03
2026-08-02 15:18:02,593 | [FULL    ] | INFO | full_experiments_using.model_trainers.mobile_vit_trainer | Ep [023/500] T-Acc:  59.8%  V-Acc:  53.4%  V-AUROC: 0.5655  LR: 1.00e-03
2026-08-02 15:18:23,735 | [FULL    ] | INFO | full_experiments_using.model_trainers.mobile_vit_trainer | Ep [024/500] T-Acc:  59.5%  V-Acc:  54.0%  V-AUROC: 0.5600  LR: 1.00e-03
2026-08-02 15:18:44,758 | [FULL    ] | INFO | full_experiments_using.model_trainers.mobile_vit_trainer | Ep [025/500] T-Acc:  60.1%  V-Acc:  55.0%  V-AUROC: 0.5850  LR: 1.00e-03
2026-08-02 15:18:44,892 | [FULL    ] | INFO | full_experiments_using.model_trainers.mobile_vit_trainer |   ↳ new best AUROC; saved checkpoint: /home/oem/choihyunsu/VOGBasedMCIDetection/outputs/checkpoints/run_20260802_112618_full_wvote_artifact30_w0-5-5-10-0-15-15-30_4err/fold_09_best.pth
2026-08-02 15:19:05,984 | [FULL    ] | INFO | full_experiments_using.model_trainers.mobile_vit_trainer | Ep [026/500] T-Acc:  60.0%  V-Acc:  53.9%  V-AUROC: 0.5724  LR: 1.00e-03
2026-08-02 15:19:27,185 | [FULL    ] | INFO | full_experiments_using.model_trainers.mobile_vit_trainer | Ep [027/500] T-Acc:  60.2%  V-Acc:  56.0%  V-AUROC: 0.5751  LR: 1.00e-03
2026-08-02 15:19:48,344 | [FULL    ] | INFO | full_experiments_using.model_trainers.mobile_vit_trainer | Ep [028/500] T-Acc:  60.0%  V-Acc:  56.2%  V-AUROC: 0.5760  LR: 1.00e-03
2026-08-02 15:20:09,448 | [FULL    ] | INFO | full_experiments_using.model_trainers.mobile_vit_trainer | Ep [029/500] T-Acc:  58.1%  V-Acc:  54.6%  V-AUROC: 0.5619  LR: 1.00e-03
2026-08-02 15:20:29,198 | [FULL    ] | INFO | full_experiments_using.model_trainers.mobile_vit_trainer | Ep [030/500] T-Acc:  59.2%  V-Acc:  52.4%  V-AUROC: 0.5571  LR: 1.00e-03
2026-08-02 15:20:49,919 | [FULL    ] | INFO | full_experiments_using.model_trainers.mobile_vit_trainer | Ep [031/500] T-Acc:  58.6%  V-Acc:  52.6%  V-AUROC: 0.5548  LR: 1.00e-03
2026-08-02 15:21:08,789 | [FULL    ] | INFO | full_experiments_using.model_trainers.mobile_vit_trainer | Ep [032/500] T-Acc:  59.4%  V-Acc:  53.9%  V-AUROC: 0.5616  LR: 1.00e-03
2026-08-02 15:21:29,792 | [FULL    ] | INFO | full_experiments_using.model_trainers.mobile_vit_trainer | Ep [033/500] T-Acc:  60.0%  V-Acc:  54.9%  V-AUROC: 0.5546  LR: 1.00e-03
2026-08-02 15:21:50,837 | [FULL    ] | INFO | full_experiments_using.model_trainers.mobile_vit_trainer | Ep [034/500] T-Acc:  58.7%  V-Acc:  53.8%  V-AUROC: 0.5652  LR: 1.00e-03
2026-08-02 15:22:11,969 | [FULL    ] | INFO | full_experiments_using.model_trainers.mobile_vit_trainer | Ep [035/500] T-Acc:  60.5%  V-Acc:  56.0%  V-AUROC: 0.5842  LR: 1.00e-03
2026-08-02 15:22:33,044 | [FULL    ] | INFO | full_experiments_using.model_trainers.mobile_vit_trainer | Ep [036/500] T-Acc:  60.4%  V-Acc:  55.2%  V-AUROC: 0.5761  LR: 1.00e-03
2026-08-02 15:22:54,198 | [FULL    ] | INFO | full_experiments_using.model_trainers.mobile_vit_trainer | Ep [037/500] T-Acc:  61.1%  V-Acc:  54.5%  V-AUROC: 0.5778  LR: 2.00e-04
2026-08-02 15:23:15,197 | [FULL    ] | INFO | full_experiments_using.model_trainers.mobile_vit_trainer | Ep [038/500] T-Acc:  60.5%  V-Acc:  55.2%  V-AUROC: 0.5757  LR: 2.00e-04
2026-08-02 15:23:36,373 | [FULL    ] | INFO | full_experiments_using.model_trainers.mobile_vit_trainer | Ep [039/500] T-Acc:  60.9%  V-Acc:  55.8%  V-AUROC: 0.5709  LR: 2.00e-04
2026-08-02 15:23:57,540 | [FULL    ] | INFO | full_experiments_using.model_trainers.mobile_vit_trainer | Ep [040/500] T-Acc:  60.3%  V-Acc:  55.0%  V-AUROC: 0.5742  LR: 2.00e-04
2026-08-02 15:24:18,634 | [FULL    ] | INFO | full_experiments_using.model_trainers.mobile_vit_trainer | Ep [041/500] T-Acc:  61.1%  V-Acc:  56.0%  V-AUROC: 0.5747  LR: 2.00e-04
2026-08-02 15:24:39,689 | [FULL    ] | INFO | full_experiments_using.model_trainers.mobile_vit_trainer | Ep [042/500] T-Acc:  60.3%  V-Acc:  55.6%  V-AUROC: 0.5774  LR: 2.00e-04
2026-08-02 15:25:00,818 | [FULL    ] | INFO | full_experiments_using.model_trainers.mobile_vit_trainer | Ep [043/500] T-Acc:  61.8%  V-Acc:  54.4%  V-AUROC: 0.5731  LR: 2.00e-04
2026-08-02 15:25:21,811 | [FULL    ] | INFO | full_experiments_using.model_trainers.mobile_vit_trainer | Ep [044/500] T-Acc:  61.1%  V-Acc:  55.5%  V-AUROC: 0.5753  LR: 2.00e-04
2026-08-02 15:25:42,810 | [FULL    ] | INFO | full_experiments_using.model_trainers.mobile_vit_trainer | Ep [045/500] T-Acc:  60.8%  V-Acc:  55.3%  V-AUROC: 0.5761  LR: 2.00e-04
2026-08-02 15:26:03,871 | [FULL    ] | INFO | full_experiments_using.model_trainers.mobile_vit_trainer | Ep [046/500] T-Acc:  61.6%  V-Acc:  55.3%  V-AUROC: 0.5695  LR: 2.00e-04
2026-08-02 15:26:25,005 | [FULL    ] | INFO | full_experiments_using.model_trainers.mobile_vit_trainer | Ep [047/500] T-Acc:  61.9%  V-Acc:  54.6%  V-AUROC: 0.5702  LR: 2.00e-04
2026-08-02 15:26:46,151 | [FULL    ] | INFO | full_experiments_using.model_trainers.mobile_vit_trainer | Ep [048/500] T-Acc:  60.7%  V-Acc:  55.2%  V-AUROC: 0.5693  LR: 4.00e-05
2026-08-02 15:27:07,205 | [FULL    ] | INFO | full_experiments_using.model_trainers.mobile_vit_trainer | Ep [049/500] T-Acc:  60.3%  V-Acc:  54.8%  V-AUROC: 0.5696  LR: 4.00e-05
2026-08-02 15:27:28,274 | [FULL    ] | INFO | full_experiments_using.model_trainers.mobile_vit_trainer | Ep [050/500] T-Acc:  62.0%  V-Acc:  53.7%  V-AUROC: 0.5696  LR: 4.00e-05
2026-08-02 15:27:49,376 | [FULL    ] | INFO | full_experiments_using.model_trainers.mobile_vit_trainer | Ep [051/500] T-Acc:  61.6%  V-Acc:  54.4%  V-AUROC: 0.5700  LR: 4.00e-05
2026-08-02 15:28:10,522 | [FULL    ] | INFO | full_experiments_using.model_trainers.mobile_vit_trainer | Ep [052/500] T-Acc:  61.0%  V-Acc:  53.8%  V-AUROC: 0.5710  LR: 4.00e-05
2026-08-02 15:28:31,704 | [FULL    ] | INFO | full_experiments_using.model_trainers.mobile_vit_trainer | Ep [053/500] T-Acc:  60.7%  V-Acc:  54.3%  V-AUROC: 0.5732  LR: 4.00e-05
2026-08-02 15:28:52,802 | [FULL    ] | INFO | full_experiments_using.model_trainers.mobile_vit_trainer | Ep [054/500] T-Acc:  61.9%  V-Acc:  54.4%  V-AUROC: 0.5736  LR: 4.00e-05
2026-08-02 15:29:13,871 | [FULL    ] | INFO | full_experiments_using.model_trainers.mobile_vit_trainer | Ep [055/500] T-Acc:  61.8%  V-Acc:  54.4%  V-AUROC: 0.5744  LR: 4.00e-05
2026-08-02 15:29:13,871 | [FULL    ] | INFO | full_experiments_using.model_trainers.mobile_vit_trainer | Early stop — best AUROC 0.5850 at epoch 25 (no improvement for 30 epochs)
2026-08-02 15:29:13,871 | [FULL    ] | INFO | full_experiments_using.model_trainers.mobile_vit_trainer | Done. Best AUROC: 0.5850 (epoch 25) → /home/oem/choihyunsu/VOGBasedMCIDetection/outputs/checkpoints/run_20260802_112618_full_wvote_artifact30_w0-5-5-10-0-15-15-30_4err/fold_09_best.pth
2026-08-02 15:29:21,045 | [FULL    ] | INFO | full_experiments_using.evaluators.monte_carlo_evaluator | -> Fold 10 Result | Acc=0.727 Sens=0.625 Spec=1.000 AUROC=0.833
2026-08-02 15:29:21,051 | [FULL    ] | INFO | full_experiments_using.evaluators.monte_carlo_evaluator | === Fold 11/30 | train: 25 subj (HC=8 MCI=17) / 3933 win | test: 12 subj (HC=6 MCI=6) / 1782 win ===
2026-08-02 15:29:21,278 | [FULL    ] | INFO | httpx | HTTP Request: HEAD https://huggingface.co/apple/mobilevit-small/resolve/main/config.json "HTTP/1.1 307 Temporary Redirect"
2026-08-02 15:29:21,291 | [FULL    ] | INFO | httpx | HTTP Request: HEAD https://huggingface.co/api/resolve-cache/models/apple/mobilevit-small/6c8612545dc98676d27bc518fa521d9e9af23e34/config.json "HTTP/1.1 200 OK"
2026-08-02 15:29:21,536 | [FULL    ] | INFO | httpx | HTTP Request: HEAD https://huggingface.co/apple/mobilevit-small/resolve/main/model.safetensors "HTTP/1.1 404 Not Found"
2026-08-02 15:29:21,747 | [FULL    ] | INFO | httpx | HTTP Request: HEAD https://huggingface.co/apple/mobilevit-small/resolve/main/model.safetensors.index.json "HTTP/1.1 404 Not Found"
2026-08-02 15:29:21,951 | [FULL    ] | INFO | httpx | HTTP Request: HEAD https://huggingface.co/apple/mobilevit-small/resolve/main/pytorch_model.bin "HTTP/1.1 302 Found"
2026-08-02 15:29:22,148 | [FULL    ] | INFO | httpx | HTTP Request: HEAD https://huggingface.co/apple/mobilevit-small/resolve/main/model.safetensors "HTTP/1.1 404 Not Found"
2026-08-02 15:29:22,360 | [FULL    ] | INFO | httpx | HTTP Request: GET https://huggingface.co/api/models/apple/mobilevit-small "HTTP/1.1 200 OK"
2026-08-02 15:29:22,581 | [FULL    ] | INFO | httpx | HTTP Request: GET https://huggingface.co/api/models/apple/mobilevit-small/commits/main "HTTP/1.1 200 OK"
2026-08-02 15:29:22,797 | [FULL    ] | INFO | httpx | HTTP Request: GET https://huggingface.co/api/models/apple/mobilevit-small/discussions?p=0 "HTTP/1.1 200 OK"
2026-08-02 15:29:23,061 | [FULL    ] | INFO | httpx | HTTP Request: GET https://huggingface.co/api/models/apple/mobilevit-small/commits/refs%2Fpr%2F6 "HTTP/1.1 200 OK"
2026-08-02 15:29:23,267 | [FULL    ] | INFO | httpx | HTTP Request: HEAD https://huggingface.co/apple/mobilevit-small/resolve/refs%2Fpr%2F6/model.safetensors.index.json "HTTP/1.1 404 Not Found"
2026-08-02 15:29:23,477 | [FULL    ] | INFO | httpx | HTTP Request: HEAD https://huggingface.co/apple/mobilevit-small/resolve/refs%2Fpr%2F6/model.safetensors "HTTP/1.1 302 Found"
2026-08-02 15:29:23,561 | [FULL    ] | INFO | full_experiments_using.model_trainers.mobile_vit_trainer | Device: cuda | max_epochs=500 | batch=32 | eval_batch=256 | es_patience=30
2026-08-02 15:29:23,569 | [FULL    ] | INFO | full_experiments_using.model_trainers.mobile_vit_trainer | CE weights — HC: 1.344  MCI: 0.796
2026-08-02 15:29:59,640 | [FULL    ] | INFO | full_experiments_using.model_trainers.mobile_vit_trainer | Ep [001/500] T-Acc:  42.0%  V-Acc:  52.0%  V-AUROC: 0.4906  LR: 2.00e-04
2026-08-02 15:29:59,699 | [FULL    ] | INFO | full_experiments_using.model_trainers.mobile_vit_trainer |   ↳ new best AUROC; saved checkpoint: /home/oem/choihyunsu/VOGBasedMCIDetection/outputs/checkpoints/run_20260802_112618_full_wvote_artifact30_w0-5-5-10-0-15-15-30_4err/fold_10_best.pth
2026-08-02 15:30:21,069 | [FULL    ] | INFO | full_experiments_using.model_trainers.mobile_vit_trainer | Ep [002/500] T-Acc:  43.8%  V-Acc:  52.9%  V-AUROC: 0.4936  LR: 4.00e-04
2026-08-02 15:30:21,184 | [FULL    ] | INFO | full_experiments_using.model_trainers.mobile_vit_trainer |   ↳ new best AUROC; saved checkpoint: /home/oem/choihyunsu/VOGBasedMCIDetection/outputs/checkpoints/run_20260802_112618_full_wvote_artifact30_w0-5-5-10-0-15-15-30_4err/fold_10_best.pth
2026-08-02 15:30:42,431 | [FULL    ] | INFO | full_experiments_using.model_trainers.mobile_vit_trainer | Ep [003/500] T-Acc:  46.3%  V-Acc:  52.6%  V-AUROC: 0.4925  LR: 6.00e-04
2026-08-02 15:31:03,583 | [FULL    ] | INFO | full_experiments_using.model_trainers.mobile_vit_trainer | Ep [004/500] T-Acc:  47.1%  V-Acc:  50.2%  V-AUROC: 0.4730  LR: 8.00e-04
2026-08-02 15:31:24,909 | [FULL    ] | INFO | full_experiments_using.model_trainers.mobile_vit_trainer | Ep [005/500] T-Acc:  50.1%  V-Acc:  49.6%  V-AUROC: 0.4680  LR: 1.00e-03
2026-08-02 15:31:46,243 | [FULL    ] | INFO | full_experiments_using.model_trainers.mobile_vit_trainer | Ep [006/500] T-Acc:  51.5%  V-Acc:  48.9%  V-AUROC: 0.4714  LR: 1.00e-03
2026-08-02 15:32:07,619 | [FULL    ] | INFO | full_experiments_using.model_trainers.mobile_vit_trainer | Ep [007/500] T-Acc:  53.8%  V-Acc:  48.9%  V-AUROC: 0.4698  LR: 1.00e-03
2026-08-02 15:32:28,882 | [FULL    ] | INFO | full_experiments_using.model_trainers.mobile_vit_trainer | Ep [008/500] T-Acc:  55.5%  V-Acc:  49.0%  V-AUROC: 0.4753  LR: 1.00e-03
2026-08-02 15:32:50,430 | [FULL    ] | INFO | full_experiments_using.model_trainers.mobile_vit_trainer | Ep [009/500] T-Acc:  56.8%  V-Acc:  49.4%  V-AUROC: 0.4945  LR: 1.00e-03
2026-08-02 15:32:50,547 | [FULL    ] | INFO | full_experiments_using.model_trainers.mobile_vit_trainer |   ↳ new best AUROC; saved checkpoint: /home/oem/choihyunsu/VOGBasedMCIDetection/outputs/checkpoints/run_20260802_112618_full_wvote_artifact30_w0-5-5-10-0-15-15-30_4err/fold_10_best.pth
2026-08-02 15:33:12,011 | [FULL    ] | INFO | full_experiments_using.model_trainers.mobile_vit_trainer | Ep [010/500] T-Acc:  57.2%  V-Acc:  47.4%  V-AUROC: 0.4763  LR: 1.00e-03
2026-08-02 15:33:33,236 | [FULL    ] | INFO | full_experiments_using.model_trainers.mobile_vit_trainer | Ep [011/500] T-Acc:  59.9%  V-Acc:  48.7%  V-AUROC: 0.4663  LR: 1.00e-03
2026-08-02 15:33:54,640 | [FULL    ] | INFO | full_experiments_using.model_trainers.mobile_vit_trainer | Ep [012/500] T-Acc:  60.0%  V-Acc:  48.3%  V-AUROC: 0.4740  LR: 1.00e-03
2026-08-02 15:34:16,120 | [FULL    ] | INFO | full_experiments_using.model_trainers.mobile_vit_trainer | Ep [013/500] T-Acc:  60.9%  V-Acc:  48.2%  V-AUROC: 0.4775  LR: 1.00e-03
2026-08-02 15:34:37,462 | [FULL    ] | INFO | full_experiments_using.model_trainers.mobile_vit_trainer | Ep [014/500] T-Acc:  60.2%  V-Acc:  50.1%  V-AUROC: 0.5010  LR: 1.00e-03
2026-08-02 15:34:37,580 | [FULL    ] | INFO | full_experiments_using.model_trainers.mobile_vit_trainer |   ↳ new best AUROC; saved checkpoint: /home/oem/choihyunsu/VOGBasedMCIDetection/outputs/checkpoints/run_20260802_112618_full_wvote_artifact30_w0-5-5-10-0-15-15-30_4err/fold_10_best.pth
2026-08-02 15:34:58,989 | [FULL    ] | INFO | full_experiments_using.model_trainers.mobile_vit_trainer | Ep [015/500] T-Acc:  61.4%  V-Acc:  49.7%  V-AUROC: 0.4962  LR: 1.00e-03
2026-08-02 15:35:20,422 | [FULL    ] | INFO | full_experiments_using.model_trainers.mobile_vit_trainer | Ep [016/500] T-Acc:  62.0%  V-Acc:  49.8%  V-AUROC: 0.4950  LR: 1.00e-03
2026-08-02 15:35:41,719 | [FULL    ] | INFO | full_experiments_using.model_trainers.mobile_vit_trainer | Ep [017/500] T-Acc:  62.6%  V-Acc:  49.7%  V-AUROC: 0.4895  LR: 1.00e-03
2026-08-02 15:36:03,130 | [FULL    ] | INFO | full_experiments_using.model_trainers.mobile_vit_trainer | Ep [018/500] T-Acc:  60.8%  V-Acc:  48.6%  V-AUROC: 0.4869  LR: 1.00e-03
2026-08-02 15:36:24,459 | [FULL    ] | INFO | full_experiments_using.model_trainers.mobile_vit_trainer | Ep [019/500] T-Acc:  63.1%  V-Acc:  50.3%  V-AUROC: 0.4946  LR: 1.00e-03
2026-08-02 15:36:45,772 | [FULL    ] | INFO | full_experiments_using.model_trainers.mobile_vit_trainer | Ep [020/500] T-Acc:  63.0%  V-Acc:  49.7%  V-AUROC: 0.4817  LR: 1.00e-03
2026-08-02 15:37:07,191 | [FULL    ] | INFO | full_experiments_using.model_trainers.mobile_vit_trainer | Ep [021/500] T-Acc:  62.6%  V-Acc:  48.4%  V-AUROC: 0.4839  LR: 1.00e-03
2026-08-02 15:37:28,582 | [FULL    ] | INFO | full_experiments_using.model_trainers.mobile_vit_trainer | Ep [022/500] T-Acc:  63.0%  V-Acc:  48.8%  V-AUROC: 0.4810  LR: 1.00e-03
2026-08-02 15:37:49,875 | [FULL    ] | INFO | full_experiments_using.model_trainers.mobile_vit_trainer | Ep [023/500] T-Acc:  62.8%  V-Acc:  50.2%  V-AUROC: 0.4893  LR: 1.00e-03
2026-08-02 15:38:11,323 | [FULL    ] | INFO | full_experiments_using.model_trainers.mobile_vit_trainer | Ep [024/500] T-Acc:  64.7%  V-Acc:  49.3%  V-AUROC: 0.4871  LR: 1.00e-03
2026-08-02 15:38:32,665 | [FULL    ] | INFO | full_experiments_using.model_trainers.mobile_vit_trainer | Ep [025/500] T-Acc:  64.1%  V-Acc:  49.8%  V-AUROC: 0.4957  LR: 1.00e-03
2026-08-02 15:38:54,019 | [FULL    ] | INFO | full_experiments_using.model_trainers.mobile_vit_trainer | Ep [026/500] T-Acc:  64.5%  V-Acc:  49.2%  V-AUROC: 0.4949  LR: 2.00e-04
2026-08-02 15:39:15,434 | [FULL    ] | INFO | full_experiments_using.model_trainers.mobile_vit_trainer | Ep [027/500] T-Acc:  63.6%  V-Acc:  48.7%  V-AUROC: 0.4932  LR: 2.00e-04
2026-08-02 15:39:37,011 | [FULL    ] | INFO | full_experiments_using.model_trainers.mobile_vit_trainer | Ep [028/500] T-Acc:  64.9%  V-Acc:  49.0%  V-AUROC: 0.4910  LR: 2.00e-04
2026-08-02 15:39:57,337 | [FULL    ] | INFO | full_experiments_using.model_trainers.mobile_vit_trainer | Ep [029/500] T-Acc:  63.6%  V-Acc:  49.9%  V-AUROC: 0.4891  LR: 2.00e-04
2026-08-02 15:40:17,812 | [FULL    ] | INFO | full_experiments_using.model_trainers.mobile_vit_trainer | Ep [030/500] T-Acc:  64.4%  V-Acc:  49.1%  V-AUROC: 0.4881  LR: 2.00e-04
2026-08-02 15:40:37,065 | [FULL    ] | INFO | full_experiments_using.model_trainers.mobile_vit_trainer | Ep [031/500] T-Acc:  63.9%  V-Acc:  49.6%  V-AUROC: 0.4888  LR: 2.00e-04
2026-08-02 15:40:58,407 | [FULL    ] | INFO | full_experiments_using.model_trainers.mobile_vit_trainer | Ep [032/500] T-Acc:  64.6%  V-Acc:  48.7%  V-AUROC: 0.4935  LR: 2.00e-04
2026-08-02 15:41:19,731 | [FULL    ] | INFO | full_experiments_using.model_trainers.mobile_vit_trainer | Ep [033/500] T-Acc:  63.6%  V-Acc:  49.0%  V-AUROC: 0.4900  LR: 2.00e-04
2026-08-02 15:41:41,129 | [FULL    ] | INFO | full_experiments_using.model_trainers.mobile_vit_trainer | Ep [034/500] T-Acc:  64.3%  V-Acc:  49.2%  V-AUROC: 0.4918  LR: 2.00e-04
2026-08-02 15:42:02,562 | [FULL    ] | INFO | full_experiments_using.model_trainers.mobile_vit_trainer | Ep [035/500] T-Acc:  64.5%  V-Acc:  48.8%  V-AUROC: 0.4901  LR: 2.00e-04
2026-08-02 15:42:23,886 | [FULL    ] | INFO | full_experiments_using.model_trainers.mobile_vit_trainer | Ep [036/500] T-Acc:  64.1%  V-Acc:  48.8%  V-AUROC: 0.4913  LR: 2.00e-04
2026-08-02 15:42:45,318 | [FULL    ] | INFO | full_experiments_using.model_trainers.mobile_vit_trainer | Ep [037/500] T-Acc:  64.0%  V-Acc:  48.8%  V-AUROC: 0.4911  LR: 4.00e-05
2026-08-02 15:43:06,679 | [FULL    ] | INFO | full_experiments_using.model_trainers.mobile_vit_trainer | Ep [038/500] T-Acc:  64.2%  V-Acc:  49.2%  V-AUROC: 0.4895  LR: 4.00e-05
2026-08-02 15:43:27,924 | [FULL    ] | INFO | full_experiments_using.model_trainers.mobile_vit_trainer | Ep [039/500] T-Acc:  64.8%  V-Acc:  49.4%  V-AUROC: 0.4910  LR: 4.00e-05
2026-08-02 15:43:49,247 | [FULL    ] | INFO | full_experiments_using.model_trainers.mobile_vit_trainer | Ep [040/500] T-Acc:  65.5%  V-Acc:  48.7%  V-AUROC: 0.4883  LR: 4.00e-05
2026-08-02 15:44:10,683 | [FULL    ] | INFO | full_experiments_using.model_trainers.mobile_vit_trainer | Ep [041/500] T-Acc:  65.6%  V-Acc:  48.4%  V-AUROC: 0.4878  LR: 4.00e-05
2026-08-02 15:44:32,097 | [FULL    ] | INFO | full_experiments_using.model_trainers.mobile_vit_trainer | Ep [042/500] T-Acc:  64.2%  V-Acc:  48.7%  V-AUROC: 0.4903  LR: 4.00e-05
2026-08-02 15:44:53,308 | [FULL    ] | INFO | full_experiments_using.model_trainers.mobile_vit_trainer | Ep [043/500] T-Acc:  64.2%  V-Acc:  49.2%  V-AUROC: 0.4916  LR: 4.00e-05
2026-08-02 15:45:14,584 | [FULL    ] | INFO | full_experiments_using.model_trainers.mobile_vit_trainer | Ep [044/500] T-Acc:  63.3%  V-Acc:  49.2%  V-AUROC: 0.4910  LR: 4.00e-05
2026-08-02 15:45:14,584 | [FULL    ] | INFO | full_experiments_using.model_trainers.mobile_vit_trainer | Early stop — best AUROC 0.5010 at epoch 14 (no improvement for 30 epochs)
2026-08-02 15:45:14,584 | [FULL    ] | INFO | full_experiments_using.model_trainers.mobile_vit_trainer | Done. Best AUROC: 0.5010 (epoch 14) → /home/oem/choihyunsu/VOGBasedMCIDetection/outputs/checkpoints/run_20260802_112618_full_wvote_artifact30_w0-5-5-10-0-15-15-30_4err/fold_10_best.pth
2026-08-02 15:45:22,341 | [FULL    ] | INFO | full_experiments_using.evaluators.monte_carlo_evaluator | -> Fold 11 Result | Acc=0.500 Sens=0.800 Spec=0.200 AUROC=0.480
2026-08-02 15:45:22,347 | [FULL    ] | INFO | full_experiments_using.evaluators.monte_carlo_evaluator | === Fold 12/30 | train: 25 subj (HC=9 MCI=16) / 3830 win | test: 12 subj (HC=5 MCI=7) / 1885 win ===
2026-08-02 15:45:22,594 | [FULL    ] | INFO | httpx | HTTP Request: HEAD https://huggingface.co/apple/mobilevit-small/resolve/main/config.json "HTTP/1.1 307 Temporary Redirect"
2026-08-02 15:45:22,609 | [FULL    ] | INFO | httpx | HTTP Request: HEAD https://huggingface.co/api/resolve-cache/models/apple/mobilevit-small/6c8612545dc98676d27bc518fa521d9e9af23e34/config.json "HTTP/1.1 200 OK"
2026-08-02 15:45:22,858 | [FULL    ] | INFO | httpx | HTTP Request: HEAD https://huggingface.co/apple/mobilevit-small/resolve/main/model.safetensors "HTTP/1.1 404 Not Found"
2026-08-02 15:45:23,061 | [FULL    ] | INFO | httpx | HTTP Request: HEAD https://huggingface.co/apple/mobilevit-small/resolve/main/model.safetensors.index.json "HTTP/1.1 404 Not Found"
2026-08-02 15:45:23,276 | [FULL    ] | INFO | httpx | HTTP Request: HEAD https://huggingface.co/apple/mobilevit-small/resolve/main/pytorch_model.bin "HTTP/1.1 302 Found"
2026-08-02 15:45:23,480 | [FULL    ] | INFO | httpx | HTTP Request: HEAD https://huggingface.co/apple/mobilevit-small/resolve/main/model.safetensors "HTTP/1.1 404 Not Found"
2026-08-02 15:45:23,692 | [FULL    ] | INFO | httpx | HTTP Request: GET https://huggingface.co/api/models/apple/mobilevit-small "HTTP/1.1 200 OK"
2026-08-02 15:45:23,927 | [FULL    ] | INFO | httpx | HTTP Request: GET https://huggingface.co/api/models/apple/mobilevit-small/commits/main "HTTP/1.1 200 OK"
2026-08-02 15:45:24,157 | [FULL    ] | INFO | httpx | HTTP Request: GET https://huggingface.co/api/models/apple/mobilevit-small/discussions?p=0 "HTTP/1.1 200 OK"
2026-08-02 15:45:24,396 | [FULL    ] | INFO | httpx | HTTP Request: GET https://huggingface.co/api/models/apple/mobilevit-small/commits/refs%2Fpr%2F6 "HTTP/1.1 200 OK"
2026-08-02 15:45:24,606 | [FULL    ] | INFO | httpx | HTTP Request: HEAD https://huggingface.co/apple/mobilevit-small/resolve/refs%2Fpr%2F6/model.safetensors.index.json "HTTP/1.1 404 Not Found"
2026-08-02 15:45:24,649 | [FULL    ] | INFO | full_experiments_using.model_trainers.mobile_vit_trainer | Device: cuda | max_epochs=500 | batch=32 | eval_batch=256 | es_patience=30
2026-08-02 15:45:24,663 | [FULL    ] | INFO | full_experiments_using.model_trainers.mobile_vit_trainer | CE weights — HC: 1.206  MCI: 0.854
2026-08-02 15:45:24,827 | [FULL    ] | INFO | httpx | HTTP Request: HEAD https://huggingface.co/apple/mobilevit-small/resolve/refs%2Fpr%2F6/model.safetensors "HTTP/1.1 302 Found"
2026-08-02 15:45:54,991 | [FULL    ] | INFO | full_experiments_using.model_trainers.mobile_vit_trainer | Ep [001/500] T-Acc:  49.9%  V-Acc:  49.9%  V-AUROC: 0.5002  LR: 2.00e-04
2026-08-02 15:45:55,050 | [FULL    ] | INFO | full_experiments_using.model_trainers.mobile_vit_trainer |   ↳ new best AUROC; saved checkpoint: /home/oem/choihyunsu/VOGBasedMCIDetection/outputs/checkpoints/run_20260802_112618_full_wvote_artifact30_w0-5-5-10-0-15-15-30_4err/fold_11_best.pth
2026-08-02 15:46:16,183 | [FULL    ] | INFO | full_experiments_using.model_trainers.mobile_vit_trainer | Ep [002/500] T-Acc:  49.4%  V-Acc:  50.5%  V-AUROC: 0.5046  LR: 4.00e-04
2026-08-02 15:46:16,325 | [FULL    ] | INFO | full_experiments_using.model_trainers.mobile_vit_trainer |   ↳ new best AUROC; saved checkpoint: /home/oem/choihyunsu/VOGBasedMCIDetection/outputs/checkpoints/run_20260802_112618_full_wvote_artifact30_w0-5-5-10-0-15-15-30_4err/fold_11_best.pth
2026-08-02 15:46:37,370 | [FULL    ] | INFO | full_experiments_using.model_trainers.mobile_vit_trainer | Ep [003/500] T-Acc:  50.4%  V-Acc:  50.0%  V-AUROC: 0.5018  LR: 6.00e-04
2026-08-02 15:46:58,470 | [FULL    ] | INFO | full_experiments_using.model_trainers.mobile_vit_trainer | Ep [004/500] T-Acc:  52.2%  V-Acc:  52.2%  V-AUROC: 0.5320  LR: 8.00e-04
2026-08-02 15:46:58,602 | [FULL    ] | INFO | full_experiments_using.model_trainers.mobile_vit_trainer |   ↳ new best AUROC; saved checkpoint: /home/oem/choihyunsu/VOGBasedMCIDetection/outputs/checkpoints/run_20260802_112618_full_wvote_artifact30_w0-5-5-10-0-15-15-30_4err/fold_11_best.pth
2026-08-02 15:47:19,694 | [FULL    ] | INFO | full_experiments_using.model_trainers.mobile_vit_trainer | Ep [005/500] T-Acc:  52.2%  V-Acc:  53.8%  V-AUROC: 0.5478  LR: 1.00e-03
2026-08-02 15:47:19,838 | [FULL    ] | INFO | full_experiments_using.model_trainers.mobile_vit_trainer |   ↳ new best AUROC; saved checkpoint: /home/oem/choihyunsu/VOGBasedMCIDetection/outputs/checkpoints/run_20260802_112618_full_wvote_artifact30_w0-5-5-10-0-15-15-30_4err/fold_11_best.pth
2026-08-02 15:47:41,103 | [FULL    ] | INFO | full_experiments_using.model_trainers.mobile_vit_trainer | Ep [006/500] T-Acc:  54.2%  V-Acc:  55.1%  V-AUROC: 0.5590  LR: 1.00e-03
2026-08-02 15:47:41,205 | [FULL    ] | INFO | full_experiments_using.model_trainers.mobile_vit_trainer |   ↳ new best AUROC; saved checkpoint: /home/oem/choihyunsu/VOGBasedMCIDetection/outputs/checkpoints/run_20260802_112618_full_wvote_artifact30_w0-5-5-10-0-15-15-30_4err/fold_11_best.pth
2026-08-02 15:48:02,209 | [FULL    ] | INFO | full_experiments_using.model_trainers.mobile_vit_trainer | Ep [007/500] T-Acc:  53.4%  V-Acc:  54.9%  V-AUROC: 0.5610  LR: 1.00e-03
2026-08-02 15:48:02,354 | [FULL    ] | INFO | full_experiments_using.model_trainers.mobile_vit_trainer |   ↳ new best AUROC; saved checkpoint: /home/oem/choihyunsu/VOGBasedMCIDetection/outputs/checkpoints/run_20260802_112618_full_wvote_artifact30_w0-5-5-10-0-15-15-30_4err/fold_11_best.pth
2026-08-02 15:48:23,303 | [FULL    ] | INFO | full_experiments_using.model_trainers.mobile_vit_trainer | Ep [008/500] T-Acc:  54.8%  V-Acc:  54.5%  V-AUROC: 0.5674  LR: 1.00e-03
2026-08-02 15:48:23,444 | [FULL    ] | INFO | full_experiments_using.model_trainers.mobile_vit_trainer |   ↳ new best AUROC; saved checkpoint: /home/oem/choihyunsu/VOGBasedMCIDetection/outputs/checkpoints/run_20260802_112618_full_wvote_artifact30_w0-5-5-10-0-15-15-30_4err/fold_11_best.pth
2026-08-02 15:48:44,701 | [FULL    ] | INFO | full_experiments_using.model_trainers.mobile_vit_trainer | Ep [009/500] T-Acc:  54.4%  V-Acc:  56.8%  V-AUROC: 0.5840  LR: 1.00e-03
2026-08-02 15:48:44,848 | [FULL    ] | INFO | full_experiments_using.model_trainers.mobile_vit_trainer |   ↳ new best AUROC; saved checkpoint: /home/oem/choihyunsu/VOGBasedMCIDetection/outputs/checkpoints/run_20260802_112618_full_wvote_artifact30_w0-5-5-10-0-15-15-30_4err/fold_11_best.pth
2026-08-02 15:49:05,880 | [FULL    ] | INFO | full_experiments_using.model_trainers.mobile_vit_trainer | Ep [010/500] T-Acc:  55.4%  V-Acc:  56.2%  V-AUROC: 0.5818  LR: 1.00e-03
2026-08-02 15:49:27,048 | [FULL    ] | INFO | full_experiments_using.model_trainers.mobile_vit_trainer | Ep [011/500] T-Acc:  56.8%  V-Acc:  57.3%  V-AUROC: 0.5970  LR: 1.00e-03
2026-08-02 15:49:27,122 | [FULL    ] | INFO | full_experiments_using.model_trainers.mobile_vit_trainer |   ↳ new best AUROC; saved checkpoint: /home/oem/choihyunsu/VOGBasedMCIDetection/outputs/checkpoints/run_20260802_112618_full_wvote_artifact30_w0-5-5-10-0-15-15-30_4err/fold_11_best.pth
2026-08-02 15:49:48,115 | [FULL    ] | INFO | full_experiments_using.model_trainers.mobile_vit_trainer | Ep [012/500] T-Acc:  54.8%  V-Acc:  57.0%  V-AUROC: 0.5846  LR: 1.00e-03
2026-08-02 15:50:09,314 | [FULL    ] | INFO | full_experiments_using.model_trainers.mobile_vit_trainer | Ep [013/500] T-Acc:  55.1%  V-Acc:  56.9%  V-AUROC: 0.5991  LR: 1.00e-03
2026-08-02 15:50:09,443 | [FULL    ] | INFO | full_experiments_using.model_trainers.mobile_vit_trainer |   ↳ new best AUROC; saved checkpoint: /home/oem/choihyunsu/VOGBasedMCIDetection/outputs/checkpoints/run_20260802_112618_full_wvote_artifact30_w0-5-5-10-0-15-15-30_4err/fold_11_best.pth
2026-08-02 15:50:30,686 | [FULL    ] | INFO | full_experiments_using.model_trainers.mobile_vit_trainer | Ep [014/500] T-Acc:  55.9%  V-Acc:  57.2%  V-AUROC: 0.5986  LR: 1.00e-03
2026-08-02 15:50:51,698 | [FULL    ] | INFO | full_experiments_using.model_trainers.mobile_vit_trainer | Ep [015/500] T-Acc:  57.3%  V-Acc:  58.3%  V-AUROC: 0.6103  LR: 1.00e-03
2026-08-02 15:50:51,839 | [FULL    ] | INFO | full_experiments_using.model_trainers.mobile_vit_trainer |   ↳ new best AUROC; saved checkpoint: /home/oem/choihyunsu/VOGBasedMCIDetection/outputs/checkpoints/run_20260802_112618_full_wvote_artifact30_w0-5-5-10-0-15-15-30_4err/fold_11_best.pth
2026-08-02 15:51:11,287 | [FULL    ] | INFO | full_experiments_using.model_trainers.mobile_vit_trainer | Ep [016/500] T-Acc:  56.0%  V-Acc:  57.1%  V-AUROC: 0.6038  LR: 1.00e-03
2026-08-02 15:51:32,128 | [FULL    ] | INFO | full_experiments_using.model_trainers.mobile_vit_trainer | Ep [017/500] T-Acc:  56.4%  V-Acc:  58.8%  V-AUROC: 0.6123  LR: 1.00e-03
2026-08-02 15:51:32,252 | [FULL    ] | INFO | full_experiments_using.model_trainers.mobile_vit_trainer |   ↳ new best AUROC; saved checkpoint: /home/oem/choihyunsu/VOGBasedMCIDetection/outputs/checkpoints/run_20260802_112618_full_wvote_artifact30_w0-5-5-10-0-15-15-30_4err/fold_11_best.pth
2026-08-02 15:51:51,541 | [FULL    ] | INFO | full_experiments_using.model_trainers.mobile_vit_trainer | Ep [018/500] T-Acc:  57.8%  V-Acc:  58.6%  V-AUROC: 0.6139  LR: 1.00e-03
2026-08-02 15:51:51,660 | [FULL    ] | INFO | full_experiments_using.model_trainers.mobile_vit_trainer |   ↳ new best AUROC; saved checkpoint: /home/oem/choihyunsu/VOGBasedMCIDetection/outputs/checkpoints/run_20260802_112618_full_wvote_artifact30_w0-5-5-10-0-15-15-30_4err/fold_11_best.pth
2026-08-02 15:52:12,422 | [FULL    ] | INFO | full_experiments_using.model_trainers.mobile_vit_trainer | Ep [019/500] T-Acc:  57.0%  V-Acc:  59.4%  V-AUROC: 0.6196  LR: 1.00e-03
2026-08-02 15:52:12,579 | [FULL    ] | INFO | full_experiments_using.model_trainers.mobile_vit_trainer |   ↳ new best AUROC; saved checkpoint: /home/oem/choihyunsu/VOGBasedMCIDetection/outputs/checkpoints/run_20260802_112618_full_wvote_artifact30_w0-5-5-10-0-15-15-30_4err/fold_11_best.pth
2026-08-02 15:52:33,631 | [FULL    ] | INFO | full_experiments_using.model_trainers.mobile_vit_trainer | Ep [020/500] T-Acc:  56.5%  V-Acc:  59.2%  V-AUROC: 0.6138  LR: 1.00e-03
2026-08-02 15:52:54,546 | [FULL    ] | INFO | full_experiments_using.model_trainers.mobile_vit_trainer | Ep [021/500] T-Acc:  57.2%  V-Acc:  60.3%  V-AUROC: 0.6218  LR: 1.00e-03
2026-08-02 15:52:54,674 | [FULL    ] | INFO | full_experiments_using.model_trainers.mobile_vit_trainer |   ↳ new best AUROC; saved checkpoint: /home/oem/choihyunsu/VOGBasedMCIDetection/outputs/checkpoints/run_20260802_112618_full_wvote_artifact30_w0-5-5-10-0-15-15-30_4err/fold_11_best.pth
2026-08-02 15:53:15,763 | [FULL    ] | INFO | full_experiments_using.model_trainers.mobile_vit_trainer | Ep [022/500] T-Acc:  57.3%  V-Acc:  60.4%  V-AUROC: 0.6286  LR: 1.00e-03
2026-08-02 15:53:15,889 | [FULL    ] | INFO | full_experiments_using.model_trainers.mobile_vit_trainer |   ↳ new best AUROC; saved checkpoint: /home/oem/choihyunsu/VOGBasedMCIDetection/outputs/checkpoints/run_20260802_112618_full_wvote_artifact30_w0-5-5-10-0-15-15-30_4err/fold_11_best.pth
2026-08-02 15:53:36,697 | [FULL    ] | INFO | full_experiments_using.model_trainers.mobile_vit_trainer | Ep [023/500] T-Acc:  56.7%  V-Acc:  59.6%  V-AUROC: 0.6156  LR: 1.00e-03
2026-08-02 15:53:57,693 | [FULL    ] | INFO | full_experiments_using.model_trainers.mobile_vit_trainer | Ep [024/500] T-Acc:  57.4%  V-Acc:  60.1%  V-AUROC: 0.6253  LR: 1.00e-03
2026-08-02 15:54:18,699 | [FULL    ] | INFO | full_experiments_using.model_trainers.mobile_vit_trainer | Ep [025/500] T-Acc:  58.9%  V-Acc:  60.3%  V-AUROC: 0.6294  LR: 1.00e-03
2026-08-02 15:54:18,836 | [FULL    ] | INFO | full_experiments_using.model_trainers.mobile_vit_trainer |   ↳ new best AUROC; saved checkpoint: /home/oem/choihyunsu/VOGBasedMCIDetection/outputs/checkpoints/run_20260802_112618_full_wvote_artifact30_w0-5-5-10-0-15-15-30_4err/fold_11_best.pth
2026-08-02 15:54:40,136 | [FULL    ] | INFO | full_experiments_using.model_trainers.mobile_vit_trainer | Ep [026/500] T-Acc:  57.6%  V-Acc:  58.5%  V-AUROC: 0.6056  LR: 1.00e-03
2026-08-02 15:55:01,208 | [FULL    ] | INFO | full_experiments_using.model_trainers.mobile_vit_trainer | Ep [027/500] T-Acc:  58.0%  V-Acc:  59.8%  V-AUROC: 0.6316  LR: 1.00e-03
2026-08-02 15:55:01,355 | [FULL    ] | INFO | full_experiments_using.model_trainers.mobile_vit_trainer |   ↳ new best AUROC; saved checkpoint: /home/oem/choihyunsu/VOGBasedMCIDetection/outputs/checkpoints/run_20260802_112618_full_wvote_artifact30_w0-5-5-10-0-15-15-30_4err/fold_11_best.pth
2026-08-02 15:55:22,515 | [FULL    ] | INFO | full_experiments_using.model_trainers.mobile_vit_trainer | Ep [028/500] T-Acc:  59.3%  V-Acc:  59.6%  V-AUROC: 0.6297  LR: 1.00e-03
2026-08-02 15:55:43,768 | [FULL    ] | INFO | full_experiments_using.model_trainers.mobile_vit_trainer | Ep [029/500] T-Acc:  58.4%  V-Acc:  60.1%  V-AUROC: 0.6348  LR: 1.00e-03
2026-08-02 15:55:43,884 | [FULL    ] | INFO | full_experiments_using.model_trainers.mobile_vit_trainer |   ↳ new best AUROC; saved checkpoint: /home/oem/choihyunsu/VOGBasedMCIDetection/outputs/checkpoints/run_20260802_112618_full_wvote_artifact30_w0-5-5-10-0-15-15-30_4err/fold_11_best.pth
2026-08-02 15:56:05,057 | [FULL    ] | INFO | full_experiments_using.model_trainers.mobile_vit_trainer | Ep [030/500] T-Acc:  58.8%  V-Acc:  59.7%  V-AUROC: 0.6267  LR: 1.00e-03
2026-08-02 15:56:25,899 | [FULL    ] | INFO | full_experiments_using.model_trainers.mobile_vit_trainer | Ep [031/500] T-Acc:  57.8%  V-Acc:  59.0%  V-AUROC: 0.6272  LR: 1.00e-03
2026-08-02 15:56:47,052 | [FULL    ] | INFO | full_experiments_using.model_trainers.mobile_vit_trainer | Ep [032/500] T-Acc:  59.5%  V-Acc:  59.3%  V-AUROC: 0.6250  LR: 1.00e-03
2026-08-02 15:57:08,255 | [FULL    ] | INFO | full_experiments_using.model_trainers.mobile_vit_trainer | Ep [033/500] T-Acc:  59.7%  V-Acc:  60.1%  V-AUROC: 0.6271  LR: 1.00e-03
2026-08-02 15:57:29,452 | [FULL    ] | INFO | full_experiments_using.model_trainers.mobile_vit_trainer | Ep [034/500] T-Acc:  59.7%  V-Acc:  59.9%  V-AUROC: 0.6362  LR: 1.00e-03
2026-08-02 15:57:29,587 | [FULL    ] | INFO | full_experiments_using.model_trainers.mobile_vit_trainer |   ↳ new best AUROC; saved checkpoint: /home/oem/choihyunsu/VOGBasedMCIDetection/outputs/checkpoints/run_20260802_112618_full_wvote_artifact30_w0-5-5-10-0-15-15-30_4err/fold_11_best.pth
2026-08-02 15:57:50,616 | [FULL    ] | INFO | full_experiments_using.model_trainers.mobile_vit_trainer | Ep [035/500] T-Acc:  60.7%  V-Acc:  60.3%  V-AUROC: 0.6326  LR: 1.00e-03
2026-08-02 15:58:11,736 | [FULL    ] | INFO | full_experiments_using.model_trainers.mobile_vit_trainer | Ep [036/500] T-Acc:  59.2%  V-Acc:  60.0%  V-AUROC: 0.6354  LR: 1.00e-03
2026-08-02 15:58:32,723 | [FULL    ] | INFO | full_experiments_using.model_trainers.mobile_vit_trainer | Ep [037/500] T-Acc:  60.8%  V-Acc:  59.4%  V-AUROC: 0.6299  LR: 1.00e-03
2026-08-02 15:58:53,932 | [FULL    ] | INFO | full_experiments_using.model_trainers.mobile_vit_trainer | Ep [038/500] T-Acc:  61.4%  V-Acc:  59.9%  V-AUROC: 0.6234  LR: 1.00e-03
2026-08-02 15:59:14,996 | [FULL    ] | INFO | full_experiments_using.model_trainers.mobile_vit_trainer | Ep [039/500] T-Acc:  59.9%  V-Acc:  59.3%  V-AUROC: 0.6245  LR: 1.00e-03
2026-08-02 15:59:35,968 | [FULL    ] | INFO | full_experiments_using.model_trainers.mobile_vit_trainer | Ep [040/500] T-Acc:  60.2%  V-Acc:  58.5%  V-AUROC: 0.6195  LR: 1.00e-03
2026-08-02 15:59:57,029 | [FULL    ] | INFO | full_experiments_using.model_trainers.mobile_vit_trainer | Ep [041/500] T-Acc:  60.1%  V-Acc:  59.0%  V-AUROC: 0.6268  LR: 1.00e-03
2026-08-02 16:00:17,992 | [FULL    ] | INFO | full_experiments_using.model_trainers.mobile_vit_trainer | Ep [042/500] T-Acc:  60.8%  V-Acc:  59.1%  V-AUROC: 0.6294  LR: 1.00e-03
2026-08-02 16:00:39,125 | [FULL    ] | INFO | full_experiments_using.model_trainers.mobile_vit_trainer | Ep [043/500] T-Acc:  60.8%  V-Acc:  59.4%  V-AUROC: 0.6280  LR: 1.00e-03
2026-08-02 16:01:00,089 | [FULL    ] | INFO | full_experiments_using.model_trainers.mobile_vit_trainer | Ep [044/500] T-Acc:  60.9%  V-Acc:  59.2%  V-AUROC: 0.6237  LR: 1.00e-03
2026-08-02 16:01:21,256 | [FULL    ] | INFO | full_experiments_using.model_trainers.mobile_vit_trainer | Ep [045/500] T-Acc:  61.1%  V-Acc:  58.9%  V-AUROC: 0.6135  LR: 1.00e-03
2026-08-02 16:01:42,304 | [FULL    ] | INFO | full_experiments_using.model_trainers.mobile_vit_trainer | Ep [046/500] T-Acc:  61.2%  V-Acc:  59.4%  V-AUROC: 0.6219  LR: 2.00e-04
2026-08-02 16:02:03,435 | [FULL    ] | INFO | full_experiments_using.model_trainers.mobile_vit_trainer | Ep [047/500] T-Acc:  61.1%  V-Acc:  58.5%  V-AUROC: 0.6259  LR: 2.00e-04
2026-08-02 16:02:24,510 | [FULL    ] | INFO | full_experiments_using.model_trainers.mobile_vit_trainer | Ep [048/500] T-Acc:  61.3%  V-Acc:  58.7%  V-AUROC: 0.6301  LR: 2.00e-04
2026-08-02 16:02:45,599 | [FULL    ] | INFO | full_experiments_using.model_trainers.mobile_vit_trainer | Ep [049/500] T-Acc:  61.9%  V-Acc:  59.2%  V-AUROC: 0.6282  LR: 2.00e-04
2026-08-02 16:03:06,890 | [FULL    ] | INFO | full_experiments_using.model_trainers.mobile_vit_trainer | Ep [050/500] T-Acc:  62.1%  V-Acc:  58.9%  V-AUROC: 0.6288  LR: 2.00e-04
2026-08-02 16:03:26,186 | [FULL    ] | INFO | full_experiments_using.model_trainers.mobile_vit_trainer | Ep [051/500] T-Acc:  61.8%  V-Acc:  59.0%  V-AUROC: 0.6288  LR: 2.00e-04
2026-08-02 16:03:45,744 | [FULL    ] | INFO | full_experiments_using.model_trainers.mobile_vit_trainer | Ep [052/500] T-Acc:  60.8%  V-Acc:  58.8%  V-AUROC: 0.6267  LR: 2.00e-04
2026-08-02 16:04:03,731 | [FULL    ] | INFO | full_experiments_using.model_trainers.mobile_vit_trainer | Ep [053/500] T-Acc:  62.1%  V-Acc:  58.9%  V-AUROC: 0.6296  LR: 2.00e-04
2026-08-02 16:04:24,498 | [FULL    ] | INFO | full_experiments_using.model_trainers.mobile_vit_trainer | Ep [054/500] T-Acc:  62.1%  V-Acc:  58.9%  V-AUROC: 0.6305  LR: 2.00e-04
2026-08-02 16:04:43,365 | [FULL    ] | INFO | full_experiments_using.model_trainers.mobile_vit_trainer | Ep [055/500] T-Acc:  61.9%  V-Acc:  59.1%  V-AUROC: 0.6288  LR: 2.00e-04
2026-08-02 16:05:04,421 | [FULL    ] | INFO | full_experiments_using.model_trainers.mobile_vit_trainer | Ep [056/500] T-Acc:  61.8%  V-Acc:  59.2%  V-AUROC: 0.6305  LR: 2.00e-04
2026-08-02 16:05:25,375 | [FULL    ] | INFO | full_experiments_using.model_trainers.mobile_vit_trainer | Ep [057/500] T-Acc:  62.3%  V-Acc:  59.1%  V-AUROC: 0.6303  LR: 4.00e-05
2026-08-02 16:05:46,413 | [FULL    ] | INFO | full_experiments_using.model_trainers.mobile_vit_trainer | Ep [058/500] T-Acc:  62.3%  V-Acc:  59.3%  V-AUROC: 0.6287  LR: 4.00e-05
2026-08-02 16:06:07,541 | [FULL    ] | INFO | full_experiments_using.model_trainers.mobile_vit_trainer | Ep [059/500] T-Acc:  62.3%  V-Acc:  59.1%  V-AUROC: 0.6293  LR: 4.00e-05
2026-08-02 16:06:28,603 | [FULL    ] | INFO | full_experiments_using.model_trainers.mobile_vit_trainer | Ep [060/500] T-Acc:  61.0%  V-Acc:  58.8%  V-AUROC: 0.6316  LR: 4.00e-05
2026-08-02 16:06:49,639 | [FULL    ] | INFO | full_experiments_using.model_trainers.mobile_vit_trainer | Ep [061/500] T-Acc:  61.1%  V-Acc:  58.7%  V-AUROC: 0.6291  LR: 4.00e-05
2026-08-02 16:07:10,508 | [FULL    ] | INFO | full_experiments_using.model_trainers.mobile_vit_trainer | Ep [062/500] T-Acc:  62.0%  V-Acc:  58.9%  V-AUROC: 0.6299  LR: 4.00e-05
2026-08-02 16:07:31,710 | [FULL    ] | INFO | full_experiments_using.model_trainers.mobile_vit_trainer | Ep [063/500] T-Acc:  61.1%  V-Acc:  58.8%  V-AUROC: 0.6312  LR: 4.00e-05
2026-08-02 16:07:52,705 | [FULL    ] | INFO | full_experiments_using.model_trainers.mobile_vit_trainer | Ep [064/500] T-Acc:  61.4%  V-Acc:  58.6%  V-AUROC: 0.6292  LR: 4.00e-05
2026-08-02 16:07:52,706 | [FULL    ] | INFO | full_experiments_using.model_trainers.mobile_vit_trainer | Early stop — best AUROC 0.6362 at epoch 34 (no improvement for 30 epochs)
2026-08-02 16:07:52,706 | [FULL    ] | INFO | full_experiments_using.model_trainers.mobile_vit_trainer | Done. Best AUROC: 0.6362 (epoch 34) → /home/oem/choihyunsu/VOGBasedMCIDetection/outputs/checkpoints/run_20260802_112618_full_wvote_artifact30_w0-5-5-10-0-15-15-30_4err/fold_11_best.pth
2026-08-02 16:07:59,773 | [FULL    ] | INFO | full_experiments_using.evaluators.monte_carlo_evaluator | -> Fold 12 Result | Acc=0.727 Sens=0.714 Spec=0.750 AUROC=0.929
2026-08-02 16:07:59,780 | [FULL    ] | INFO | full_experiments_using.evaluators.monte_carlo_evaluator | === Fold 13/30 | train: 25 subj (HC=7 MCI=18) / 3777 win | test: 12 subj (HC=7 MCI=5) / 1938 win ===
2026-08-02 16:08:00,007 | [FULL    ] | INFO | httpx | HTTP Request: HEAD https://huggingface.co/apple/mobilevit-small/resolve/main/config.json "HTTP/1.1 307 Temporary Redirect"
2026-08-02 16:08:00,019 | [FULL    ] | INFO | httpx | HTTP Request: HEAD https://huggingface.co/api/resolve-cache/models/apple/mobilevit-small/6c8612545dc98676d27bc518fa521d9e9af23e34/config.json "HTTP/1.1 200 OK"
2026-08-02 16:08:00,238 | [FULL    ] | INFO | httpx | HTTP Request: HEAD https://huggingface.co/apple/mobilevit-small/resolve/main/model.safetensors "HTTP/1.1 404 Not Found"
2026-08-02 16:08:00,443 | [FULL    ] | INFO | httpx | HTTP Request: HEAD https://huggingface.co/apple/mobilevit-small/resolve/main/model.safetensors.index.json "HTTP/1.1 404 Not Found"
2026-08-02 16:08:00,645 | [FULL    ] | INFO | httpx | HTTP Request: HEAD https://huggingface.co/apple/mobilevit-small/resolve/main/pytorch_model.bin "HTTP/1.1 302 Found"
2026-08-02 16:08:00,846 | [FULL    ] | INFO | httpx | HTTP Request: HEAD https://huggingface.co/apple/mobilevit-small/resolve/main/model.safetensors "HTTP/1.1 404 Not Found"
2026-08-02 16:08:01,055 | [FULL    ] | INFO | httpx | HTTP Request: GET https://huggingface.co/api/models/apple/mobilevit-small "HTTP/1.1 200 OK"
2026-08-02 16:08:01,316 | [FULL    ] | INFO | httpx | HTTP Request: GET https://huggingface.co/api/models/apple/mobilevit-small/commits/main "HTTP/1.1 200 OK"
2026-08-02 16:08:01,612 | [FULL    ] | INFO | httpx | HTTP Request: GET https://huggingface.co/api/models/apple/mobilevit-small/discussions?p=0 "HTTP/1.1 200 OK"
2026-08-02 16:08:01,826 | [FULL    ] | INFO | httpx | HTTP Request: GET https://huggingface.co/api/models/apple/mobilevit-small/commits/refs%2Fpr%2F6 "HTTP/1.1 200 OK"
2026-08-02 16:08:02,026 | [FULL    ] | INFO | httpx | HTTP Request: HEAD https://huggingface.co/apple/mobilevit-small/resolve/refs%2Fpr%2F6/model.safetensors.index.json "HTTP/1.1 404 Not Found"
2026-08-02 16:08:02,234 | [FULL    ] | INFO | httpx | HTTP Request: HEAD https://huggingface.co/apple/mobilevit-small/resolve/refs%2Fpr%2F6/model.safetensors "HTTP/1.1 302 Found"
2026-08-02 16:08:02,385 | [FULL    ] | INFO | full_experiments_using.model_trainers.mobile_vit_trainer | Device: cuda | max_epochs=500 | batch=32 | eval_batch=256 | es_patience=30
2026-08-02 16:08:02,393 | [FULL    ] | INFO | full_experiments_using.model_trainers.mobile_vit_trainer | CE weights — HC: 1.488  MCI: 0.753
2026-08-02 16:08:34,853 | [FULL    ] | INFO | full_experiments_using.model_trainers.mobile_vit_trainer | Ep [001/500] T-Acc:  47.4%  V-Acc:  53.5%  V-AUROC: 0.5291  LR: 2.00e-04
2026-08-02 16:08:34,912 | [FULL    ] | INFO | full_experiments_using.model_trainers.mobile_vit_trainer |   ↳ new best AUROC; saved checkpoint: /home/oem/choihyunsu/VOGBasedMCIDetection/outputs/checkpoints/run_20260802_112618_full_wvote_artifact30_w0-5-5-10-0-15-15-30_4err/fold_12_best.pth
2026-08-02 16:08:56,051 | [FULL    ] | INFO | full_experiments_using.model_trainers.mobile_vit_trainer | Ep [002/500] T-Acc:  46.8%  V-Acc:  54.2%  V-AUROC: 0.5279  LR: 4.00e-04
2026-08-02 16:09:16,922 | [FULL    ] | INFO | full_experiments_using.model_trainers.mobile_vit_trainer | Ep [003/500] T-Acc:  49.7%  V-Acc:  55.4%  V-AUROC: 0.5320  LR: 6.00e-04
2026-08-02 16:09:17,050 | [FULL    ] | INFO | full_experiments_using.model_trainers.mobile_vit_trainer |   ↳ new best AUROC; saved checkpoint: /home/oem/choihyunsu/VOGBasedMCIDetection/outputs/checkpoints/run_20260802_112618_full_wvote_artifact30_w0-5-5-10-0-15-15-30_4err/fold_12_best.pth
2026-08-02 16:09:38,239 | [FULL    ] | INFO | full_experiments_using.model_trainers.mobile_vit_trainer | Ep [004/500] T-Acc:  50.1%  V-Acc:  54.1%  V-AUROC: 0.5267  LR: 8.00e-04
2026-08-02 16:09:59,276 | [FULL    ] | INFO | full_experiments_using.model_trainers.mobile_vit_trainer | Ep [005/500] T-Acc:  51.0%  V-Acc:  54.2%  V-AUROC: 0.5269  LR: 1.00e-03
2026-08-02 16:10:20,403 | [FULL    ] | INFO | full_experiments_using.model_trainers.mobile_vit_trainer | Ep [006/500] T-Acc:  51.5%  V-Acc:  52.6%  V-AUROC: 0.5231  LR: 1.00e-03
2026-08-02 16:10:41,282 | [FULL    ] | INFO | full_experiments_using.model_trainers.mobile_vit_trainer | Ep [007/500] T-Acc:  54.7%  V-Acc:  53.6%  V-AUROC: 0.5318  LR: 1.00e-03
2026-08-02 16:11:02,385 | [FULL    ] | INFO | full_experiments_using.model_trainers.mobile_vit_trainer | Ep [008/500] T-Acc:  54.2%  V-Acc:  53.0%  V-AUROC: 0.5222  LR: 1.00e-03
2026-08-02 16:11:23,342 | [FULL    ] | INFO | full_experiments_using.model_trainers.mobile_vit_trainer | Ep [009/500] T-Acc:  56.3%  V-Acc:  52.0%  V-AUROC: 0.5197  LR: 1.00e-03
2026-08-02 16:11:44,207 | [FULL    ] | INFO | full_experiments_using.model_trainers.mobile_vit_trainer | Ep [010/500] T-Acc:  56.6%  V-Acc:  50.7%  V-AUROC: 0.5131  LR: 1.00e-03
2026-08-02 16:12:05,117 | [FULL    ] | INFO | full_experiments_using.model_trainers.mobile_vit_trainer | Ep [011/500] T-Acc:  57.1%  V-Acc:  52.7%  V-AUROC: 0.5130  LR: 1.00e-03
2026-08-02 16:12:26,104 | [FULL    ] | INFO | full_experiments_using.model_trainers.mobile_vit_trainer | Ep [012/500] T-Acc:  57.7%  V-Acc:  52.8%  V-AUROC: 0.5309  LR: 1.00e-03
2026-08-02 16:12:47,020 | [FULL    ] | INFO | full_experiments_using.model_trainers.mobile_vit_trainer | Ep [013/500] T-Acc:  57.3%  V-Acc:  51.5%  V-AUROC: 0.5260  LR: 1.00e-03
2026-08-02 16:13:08,123 | [FULL    ] | INFO | full_experiments_using.model_trainers.mobile_vit_trainer | Ep [014/500] T-Acc:  57.5%  V-Acc:  51.0%  V-AUROC: 0.4981  LR: 1.00e-03
2026-08-02 16:13:29,067 | [FULL    ] | INFO | full_experiments_using.model_trainers.mobile_vit_trainer | Ep [015/500] T-Acc:  58.2%  V-Acc:  52.7%  V-AUROC: 0.5126  LR: 1.00e-03
2026-08-02 16:13:50,126 | [FULL    ] | INFO | full_experiments_using.model_trainers.mobile_vit_trainer | Ep [016/500] T-Acc:  58.8%  V-Acc:  52.7%  V-AUROC: 0.5132  LR: 1.00e-03
2026-08-02 16:14:10,989 | [FULL    ] | INFO | full_experiments_using.model_trainers.mobile_vit_trainer | Ep [017/500] T-Acc:  59.1%  V-Acc:  51.2%  V-AUROC: 0.5050  LR: 1.00e-03
2026-08-02 16:14:32,046 | [FULL    ] | INFO | full_experiments_using.model_trainers.mobile_vit_trainer | Ep [018/500] T-Acc:  60.2%  V-Acc:  51.8%  V-AUROC: 0.4935  LR: 1.00e-03
2026-08-02 16:14:52,988 | [FULL    ] | INFO | full_experiments_using.model_trainers.mobile_vit_trainer | Ep [019/500] T-Acc:  60.5%  V-Acc:  51.7%  V-AUROC: 0.4924  LR: 2.00e-04
2026-08-02 16:15:14,065 | [FULL    ] | INFO | full_experiments_using.model_trainers.mobile_vit_trainer | Ep [020/500] T-Acc:  60.2%  V-Acc:  52.1%  V-AUROC: 0.4937  LR: 2.00e-04
2026-08-02 16:15:35,141 | [FULL    ] | INFO | full_experiments_using.model_trainers.mobile_vit_trainer | Ep [021/500] T-Acc:  60.6%  V-Acc:  50.5%  V-AUROC: 0.4899  LR: 2.00e-04
2026-08-02 16:15:56,226 | [FULL    ] | INFO | full_experiments_using.model_trainers.mobile_vit_trainer | Ep [022/500] T-Acc:  60.4%  V-Acc:  52.7%  V-AUROC: 0.4924  LR: 2.00e-04
2026-08-02 16:16:17,254 | [FULL    ] | INFO | full_experiments_using.model_trainers.mobile_vit_trainer | Ep [023/500] T-Acc:  61.1%  V-Acc:  50.7%  V-AUROC: 0.4896  LR: 2.00e-04
2026-08-02 16:16:38,331 | [FULL    ] | INFO | full_experiments_using.model_trainers.mobile_vit_trainer | Ep [024/500] T-Acc:  60.1%  V-Acc:  52.2%  V-AUROC: 0.4889  LR: 2.00e-04
2026-08-02 16:16:59,340 | [FULL    ] | INFO | full_experiments_using.model_trainers.mobile_vit_trainer | Ep [025/500] T-Acc:  60.8%  V-Acc:  51.5%  V-AUROC: 0.4894  LR: 2.00e-04
2026-08-02 16:17:20,413 | [FULL    ] | INFO | full_experiments_using.model_trainers.mobile_vit_trainer | Ep [026/500] T-Acc:  60.5%  V-Acc:  52.7%  V-AUROC: 0.4908  LR: 2.00e-04
2026-08-02 16:17:41,389 | [FULL    ] | INFO | full_experiments_using.model_trainers.mobile_vit_trainer | Ep [027/500] T-Acc:  61.7%  V-Acc:  51.5%  V-AUROC: 0.4891  LR: 2.00e-04
2026-08-02 16:18:02,456 | [FULL    ] | INFO | full_experiments_using.model_trainers.mobile_vit_trainer | Ep [028/500] T-Acc:  61.4%  V-Acc:  50.9%  V-AUROC: 0.4879  LR: 2.00e-04
2026-08-02 16:18:23,463 | [FULL    ] | INFO | full_experiments_using.model_trainers.mobile_vit_trainer | Ep [029/500] T-Acc:  61.8%  V-Acc:  52.5%  V-AUROC: 0.4893  LR: 2.00e-04
2026-08-02 16:18:44,364 | [FULL    ] | INFO | full_experiments_using.model_trainers.mobile_vit_trainer | Ep [030/500] T-Acc:  62.1%  V-Acc:  51.5%  V-AUROC: 0.4882  LR: 4.00e-05
2026-08-02 16:19:05,191 | [FULL    ] | INFO | full_experiments_using.model_trainers.mobile_vit_trainer | Ep [031/500] T-Acc:  60.3%  V-Acc:  51.8%  V-AUROC: 0.4889  LR: 4.00e-05
2026-08-02 16:19:26,210 | [FULL    ] | INFO | full_experiments_using.model_trainers.mobile_vit_trainer | Ep [032/500] T-Acc:  60.6%  V-Acc:  50.7%  V-AUROC: 0.4890  LR: 4.00e-05
2026-08-02 16:19:47,163 | [FULL    ] | INFO | full_experiments_using.model_trainers.mobile_vit_trainer | Ep [033/500] T-Acc:  60.9%  V-Acc:  51.7%  V-AUROC: 0.4880  LR: 4.00e-05
2026-08-02 16:19:47,163 | [FULL    ] | INFO | full_experiments_using.model_trainers.mobile_vit_trainer | Early stop — best AUROC 0.5320 at epoch 3 (no improvement for 30 epochs)
2026-08-02 16:19:47,163 | [FULL    ] | INFO | full_experiments_using.model_trainers.mobile_vit_trainer | Done. Best AUROC: 0.5320 (epoch 3) → /home/oem/choihyunsu/VOGBasedMCIDetection/outputs/checkpoints/run_20260802_112618_full_wvote_artifact30_w0-5-5-10-0-15-15-30_4err/fold_12_best.pth
2026-08-02 16:19:54,424 | [FULL    ] | INFO | full_experiments_using.evaluators.monte_carlo_evaluator | -> Fold 13 Result | Acc=0.818 Sens=0.800 Spec=0.833 AUROC=0.800
2026-08-02 16:19:54,431 | [FULL    ] | INFO | full_experiments_using.evaluators.monte_carlo_evaluator | === Fold 14/30 | train: 25 subj (HC=8 MCI=17) / 3763 win | test: 12 subj (HC=6 MCI=6) / 1952 win ===
2026-08-02 16:19:54,660 | [FULL    ] | INFO | httpx | HTTP Request: HEAD https://huggingface.co/apple/mobilevit-small/resolve/main/config.json "HTTP/1.1 307 Temporary Redirect"
2026-08-02 16:19:54,671 | [FULL    ] | INFO | httpx | HTTP Request: HEAD https://huggingface.co/api/resolve-cache/models/apple/mobilevit-small/6c8612545dc98676d27bc518fa521d9e9af23e34/config.json "HTTP/1.1 200 OK"
2026-08-02 16:19:54,947 | [FULL    ] | INFO | httpx | HTTP Request: HEAD https://huggingface.co/apple/mobilevit-small/resolve/main/model.safetensors "HTTP/1.1 404 Not Found"
2026-08-02 16:19:55,194 | [FULL    ] | INFO | httpx | HTTP Request: HEAD https://huggingface.co/apple/mobilevit-small/resolve/main/model.safetensors.index.json "HTTP/1.1 404 Not Found"
2026-08-02 16:19:55,479 | [FULL    ] | INFO | httpx | HTTP Request: HEAD https://huggingface.co/apple/mobilevit-small/resolve/main/pytorch_model.bin "HTTP/1.1 302 Found"
2026-08-02 16:19:55,680 | [FULL    ] | INFO | httpx | HTTP Request: HEAD https://huggingface.co/apple/mobilevit-small/resolve/main/model.safetensors "HTTP/1.1 404 Not Found"
2026-08-02 16:19:55,889 | [FULL    ] | INFO | httpx | HTTP Request: GET https://huggingface.co/api/models/apple/mobilevit-small "HTTP/1.1 200 OK"
2026-08-02 16:19:56,150 | [FULL    ] | INFO | httpx | HTTP Request: GET https://huggingface.co/api/models/apple/mobilevit-small/commits/main "HTTP/1.1 200 OK"
2026-08-02 16:19:56,366 | [FULL    ] | INFO | httpx | HTTP Request: GET https://huggingface.co/api/models/apple/mobilevit-small/discussions?p=0 "HTTP/1.1 200 OK"
2026-08-02 16:19:56,577 | [FULL    ] | INFO | httpx | HTTP Request: GET https://huggingface.co/api/models/apple/mobilevit-small/commits/refs%2Fpr%2F6 "HTTP/1.1 200 OK"
2026-08-02 16:19:56,777 | [FULL    ] | INFO | httpx | HTTP Request: HEAD https://huggingface.co/apple/mobilevit-small/resolve/refs%2Fpr%2F6/model.safetensors.index.json "HTTP/1.1 404 Not Found"
2026-08-02 16:19:56,994 | [FULL    ] | INFO | httpx | HTTP Request: HEAD https://huggingface.co/apple/mobilevit-small/resolve/refs%2Fpr%2F6/model.safetensors "HTTP/1.1 302 Found"
2026-08-02 16:19:57,299 | [FULL    ] | INFO | full_experiments_using.model_trainers.mobile_vit_trainer | Device: cuda | max_epochs=500 | batch=32 | eval_batch=256 | es_patience=30
2026-08-02 16:19:57,306 | [FULL    ] | INFO | full_experiments_using.model_trainers.mobile_vit_trainer | CE weights — HC: 1.341  MCI: 0.797
2026-08-02 16:20:29,333 | [FULL    ] | INFO | full_experiments_using.model_trainers.mobile_vit_trainer | Ep [001/500] T-Acc:  56.5%  V-Acc:  50.3%  V-AUROC: 0.5212  LR: 2.00e-04
2026-08-02 16:20:29,391 | [FULL    ] | INFO | full_experiments_using.model_trainers.mobile_vit_trainer |   ↳ new best AUROC; saved checkpoint: /home/oem/choihyunsu/VOGBasedMCIDetection/outputs/checkpoints/run_20260802_112618_full_wvote_artifact30_w0-5-5-10-0-15-15-30_4err/fold_13_best.pth
2026-08-02 16:20:50,275 | [FULL    ] | INFO | full_experiments_using.model_trainers.mobile_vit_trainer | Ep [002/500] T-Acc:  56.1%  V-Acc:  49.8%  V-AUROC: 0.5240  LR: 4.00e-04
2026-08-02 16:20:50,391 | [FULL    ] | INFO | full_experiments_using.model_trainers.mobile_vit_trainer |   ↳ new best AUROC; saved checkpoint: /home/oem/choihyunsu/VOGBasedMCIDetection/outputs/checkpoints/run_20260802_112618_full_wvote_artifact30_w0-5-5-10-0-15-15-30_4err/fold_13_best.pth
2026-08-02 16:21:11,142 | [FULL    ] | INFO | full_experiments_using.model_trainers.mobile_vit_trainer | Ep [003/500] T-Acc:  55.2%  V-Acc:  50.7%  V-AUROC: 0.5308  LR: 6.00e-04
2026-08-02 16:21:11,277 | [FULL    ] | INFO | full_experiments_using.model_trainers.mobile_vit_trainer |   ↳ new best AUROC; saved checkpoint: /home/oem/choihyunsu/VOGBasedMCIDetection/outputs/checkpoints/run_20260802_112618_full_wvote_artifact30_w0-5-5-10-0-15-15-30_4err/fold_13_best.pth
2026-08-02 16:21:32,191 | [FULL    ] | INFO | full_experiments_using.model_trainers.mobile_vit_trainer | Ep [004/500] T-Acc:  56.2%  V-Acc:  49.6%  V-AUROC: 0.5193  LR: 8.00e-04
2026-08-02 16:21:51,284 | [FULL    ] | INFO | full_experiments_using.model_trainers.mobile_vit_trainer | Ep [005/500] T-Acc:  56.1%  V-Acc:  51.8%  V-AUROC: 0.5296  LR: 1.00e-03
2026-08-02 16:22:11,878 | [FULL    ] | INFO | full_experiments_using.model_trainers.mobile_vit_trainer | Ep [006/500] T-Acc:  56.7%  V-Acc:  53.4%  V-AUROC: 0.5456  LR: 1.00e-03
2026-08-02 16:22:11,993 | [FULL    ] | INFO | full_experiments_using.model_trainers.mobile_vit_trainer |   ↳ new best AUROC; saved checkpoint: /home/oem/choihyunsu/VOGBasedMCIDetection/outputs/checkpoints/run_20260802_112618_full_wvote_artifact30_w0-5-5-10-0-15-15-30_4err/fold_13_best.pth
2026-08-02 16:22:30,899 | [FULL    ] | INFO | full_experiments_using.model_trainers.mobile_vit_trainer | Ep [007/500] T-Acc:  57.2%  V-Acc:  53.8%  V-AUROC: 0.5497  LR: 1.00e-03
2026-08-02 16:22:31,112 | [FULL    ] | INFO | full_experiments_using.model_trainers.mobile_vit_trainer |   ↳ new best AUROC; saved checkpoint: /home/oem/choihyunsu/VOGBasedMCIDetection/outputs/checkpoints/run_20260802_112618_full_wvote_artifact30_w0-5-5-10-0-15-15-30_4err/fold_13_best.pth
2026-08-02 16:22:51,997 | [FULL    ] | INFO | full_experiments_using.model_trainers.mobile_vit_trainer | Ep [008/500] T-Acc:  57.9%  V-Acc:  54.4%  V-AUROC: 0.5449  LR: 1.00e-03
2026-08-02 16:23:10,999 | [FULL    ] | INFO | full_experiments_using.model_trainers.mobile_vit_trainer | Ep [009/500] T-Acc:  57.3%  V-Acc:  55.7%  V-AUROC: 0.5484  LR: 1.00e-03
2026-08-02 16:23:30,050 | [FULL    ] | INFO | full_experiments_using.model_trainers.mobile_vit_trainer | Ep [010/500] T-Acc:  57.3%  V-Acc:  55.3%  V-AUROC: 0.5558  LR: 1.00e-03
2026-08-02 16:23:30,167 | [FULL    ] | INFO | full_experiments_using.model_trainers.mobile_vit_trainer |   ↳ new best AUROC; saved checkpoint: /home/oem/choihyunsu/VOGBasedMCIDetection/outputs/checkpoints/run_20260802_112618_full_wvote_artifact30_w0-5-5-10-0-15-15-30_4err/fold_13_best.pth
2026-08-02 16:23:50,984 | [FULL    ] | INFO | full_experiments_using.model_trainers.mobile_vit_trainer | Ep [011/500] T-Acc:  58.6%  V-Acc:  56.8%  V-AUROC: 0.5609  LR: 1.00e-03
2026-08-02 16:23:51,099 | [FULL    ] | INFO | full_experiments_using.model_trainers.mobile_vit_trainer |   ↳ new best AUROC; saved checkpoint: /home/oem/choihyunsu/VOGBasedMCIDetection/outputs/checkpoints/run_20260802_112618_full_wvote_artifact30_w0-5-5-10-0-15-15-30_4err/fold_13_best.pth
2026-08-02 16:24:11,668 | [FULL    ] | INFO | full_experiments_using.model_trainers.mobile_vit_trainer | Ep [012/500] T-Acc:  58.9%  V-Acc:  57.2%  V-AUROC: 0.5621  LR: 1.00e-03
2026-08-02 16:24:11,761 | [FULL    ] | INFO | full_experiments_using.model_trainers.mobile_vit_trainer |   ↳ new best AUROC; saved checkpoint: /home/oem/choihyunsu/VOGBasedMCIDetection/outputs/checkpoints/run_20260802_112618_full_wvote_artifact30_w0-5-5-10-0-15-15-30_4err/fold_13_best.pth
2026-08-02 16:24:32,503 | [FULL    ] | INFO | full_experiments_using.model_trainers.mobile_vit_trainer | Ep [013/500] T-Acc:  59.3%  V-Acc:  55.2%  V-AUROC: 0.5612  LR: 1.00e-03
2026-08-02 16:24:53,389 | [FULL    ] | INFO | full_experiments_using.model_trainers.mobile_vit_trainer | Ep [014/500] T-Acc:  59.4%  V-Acc:  55.8%  V-AUROC: 0.5561  LR: 1.00e-03
2026-08-02 16:25:14,067 | [FULL    ] | INFO | full_experiments_using.model_trainers.mobile_vit_trainer | Ep [015/500] T-Acc:  58.6%  V-Acc:  56.3%  V-AUROC: 0.5642  LR: 1.00e-03
2026-08-02 16:25:14,137 | [FULL    ] | INFO | full_experiments_using.model_trainers.mobile_vit_trainer |   ↳ new best AUROC; saved checkpoint: /home/oem/choihyunsu/VOGBasedMCIDetection/outputs/checkpoints/run_20260802_112618_full_wvote_artifact30_w0-5-5-10-0-15-15-30_4err/fold_13_best.pth
2026-08-02 16:25:34,956 | [FULL    ] | INFO | full_experiments_using.model_trainers.mobile_vit_trainer | Ep [016/500] T-Acc:  58.6%  V-Acc:  56.2%  V-AUROC: 0.5650  LR: 1.00e-03
2026-08-02 16:25:35,075 | [FULL    ] | INFO | full_experiments_using.model_trainers.mobile_vit_trainer |   ↳ new best AUROC; saved checkpoint: /home/oem/choihyunsu/VOGBasedMCIDetection/outputs/checkpoints/run_20260802_112618_full_wvote_artifact30_w0-5-5-10-0-15-15-30_4err/fold_13_best.pth
2026-08-02 16:25:55,926 | [FULL    ] | INFO | full_experiments_using.model_trainers.mobile_vit_trainer | Ep [017/500] T-Acc:  60.0%  V-Acc:  55.4%  V-AUROC: 0.5560  LR: 1.00e-03
2026-08-02 16:26:16,690 | [FULL    ] | INFO | full_experiments_using.model_trainers.mobile_vit_trainer | Ep [018/500] T-Acc:  60.4%  V-Acc:  55.7%  V-AUROC: 0.5557  LR: 1.00e-03
2026-08-02 16:26:37,421 | [FULL    ] | INFO | full_experiments_using.model_trainers.mobile_vit_trainer | Ep [019/500] T-Acc:  60.9%  V-Acc:  55.9%  V-AUROC: 0.5586  LR: 1.00e-03
2026-08-02 16:26:57,998 | [FULL    ] | INFO | full_experiments_using.model_trainers.mobile_vit_trainer | Ep [020/500] T-Acc:  61.4%  V-Acc:  55.9%  V-AUROC: 0.5526  LR: 1.00e-03
2026-08-02 16:27:18,866 | [FULL    ] | INFO | full_experiments_using.model_trainers.mobile_vit_trainer | Ep [021/500] T-Acc:  61.0%  V-Acc:  55.7%  V-AUROC: 0.5525  LR: 1.00e-03
2026-08-02 16:27:39,685 | [FULL    ] | INFO | full_experiments_using.model_trainers.mobile_vit_trainer | Ep [022/500] T-Acc:  61.4%  V-Acc:  55.1%  V-AUROC: 0.5523  LR: 1.00e-03
2026-08-02 16:28:00,626 | [FULL    ] | INFO | full_experiments_using.model_trainers.mobile_vit_trainer | Ep [023/500] T-Acc:  61.5%  V-Acc:  55.3%  V-AUROC: 0.5488  LR: 1.00e-03
2026-08-02 16:28:21,358 | [FULL    ] | INFO | full_experiments_using.model_trainers.mobile_vit_trainer | Ep [024/500] T-Acc:  61.1%  V-Acc:  56.2%  V-AUROC: 0.5504  LR: 1.00e-03
2026-08-02 16:28:42,027 | [FULL    ] | INFO | full_experiments_using.model_trainers.mobile_vit_trainer | Ep [025/500] T-Acc:  63.1%  V-Acc:  54.7%  V-AUROC: 0.5488  LR: 1.00e-03
2026-08-02 16:29:02,877 | [FULL    ] | INFO | full_experiments_using.model_trainers.mobile_vit_trainer | Ep [026/500] T-Acc:  61.0%  V-Acc:  55.0%  V-AUROC: 0.5529  LR: 1.00e-03
2026-08-02 16:29:23,515 | [FULL    ] | INFO | full_experiments_using.model_trainers.mobile_vit_trainer | Ep [027/500] T-Acc:  61.0%  V-Acc:  56.0%  V-AUROC: 0.5549  LR: 1.00e-03
2026-08-02 16:29:44,244 | [FULL    ] | INFO | full_experiments_using.model_trainers.mobile_vit_trainer | Ep [028/500] T-Acc:  62.5%  V-Acc:  55.7%  V-AUROC: 0.5535  LR: 2.00e-04
2026-08-02 16:30:05,124 | [FULL    ] | INFO | full_experiments_using.model_trainers.mobile_vit_trainer | Ep [029/500] T-Acc:  61.8%  V-Acc:  55.4%  V-AUROC: 0.5512  LR: 2.00e-04
2026-08-02 16:30:25,917 | [FULL    ] | INFO | full_experiments_using.model_trainers.mobile_vit_trainer | Ep [030/500] T-Acc:  62.1%  V-Acc:  55.7%  V-AUROC: 0.5497  LR: 2.00e-04
2026-08-02 16:30:46,798 | [FULL    ] | INFO | full_experiments_using.model_trainers.mobile_vit_trainer | Ep [031/500] T-Acc:  63.2%  V-Acc:  56.4%  V-AUROC: 0.5519  LR: 2.00e-04
2026-08-02 16:31:07,509 | [FULL    ] | INFO | full_experiments_using.model_trainers.mobile_vit_trainer | Ep [032/500] T-Acc:  62.2%  V-Acc:  55.8%  V-AUROC: 0.5524  LR: 2.00e-04
2026-08-02 16:31:28,479 | [FULL    ] | INFO | full_experiments_using.model_trainers.mobile_vit_trainer | Ep [033/500] T-Acc:  61.5%  V-Acc:  55.7%  V-AUROC: 0.5522  LR: 2.00e-04
2026-08-02 16:31:49,346 | [FULL    ] | INFO | full_experiments_using.model_trainers.mobile_vit_trainer | Ep [034/500] T-Acc:  61.6%  V-Acc:  55.8%  V-AUROC: 0.5502  LR: 2.00e-04
2026-08-02 16:32:10,160 | [FULL    ] | INFO | full_experiments_using.model_trainers.mobile_vit_trainer | Ep [035/500] T-Acc:  63.3%  V-Acc:  55.7%  V-AUROC: 0.5519  LR: 2.00e-04
2026-08-02 16:32:31,056 | [FULL    ] | INFO | full_experiments_using.model_trainers.mobile_vit_trainer | Ep [036/500] T-Acc:  62.2%  V-Acc:  55.8%  V-AUROC: 0.5517  LR: 2.00e-04
2026-08-02 16:32:51,862 | [FULL    ] | INFO | full_experiments_using.model_trainers.mobile_vit_trainer | Ep [037/500] T-Acc:  63.5%  V-Acc:  55.6%  V-AUROC: 0.5521  LR: 2.00e-04
2026-08-02 16:33:12,728 | [FULL    ] | INFO | full_experiments_using.model_trainers.mobile_vit_trainer | Ep [038/500] T-Acc:  62.5%  V-Acc:  55.6%  V-AUROC: 0.5509  LR: 2.00e-04
2026-08-02 16:33:33,498 | [FULL    ] | INFO | full_experiments_using.model_trainers.mobile_vit_trainer | Ep [039/500] T-Acc:  63.2%  V-Acc:  56.0%  V-AUROC: 0.5503  LR: 4.00e-05
2026-08-02 16:33:54,432 | [FULL    ] | INFO | full_experiments_using.model_trainers.mobile_vit_trainer | Ep [040/500] T-Acc:  63.5%  V-Acc:  55.4%  V-AUROC: 0.5482  LR: 4.00e-05
2026-08-02 16:34:15,241 | [FULL    ] | INFO | full_experiments_using.model_trainers.mobile_vit_trainer | Ep [041/500] T-Acc:  63.1%  V-Acc:  55.5%  V-AUROC: 0.5509  LR: 4.00e-05
2026-08-02 16:34:36,192 | [FULL    ] | INFO | full_experiments_using.model_trainers.mobile_vit_trainer | Ep [042/500] T-Acc:  62.5%  V-Acc:  55.5%  V-AUROC: 0.5514  LR: 4.00e-05
2026-08-02 16:34:57,053 | [FULL    ] | INFO | full_experiments_using.model_trainers.mobile_vit_trainer | Ep [043/500] T-Acc:  62.1%  V-Acc:  55.7%  V-AUROC: 0.5511  LR: 4.00e-05
2026-08-02 16:35:17,883 | [FULL    ] | INFO | full_experiments_using.model_trainers.mobile_vit_trainer | Ep [044/500] T-Acc:  63.2%  V-Acc:  55.8%  V-AUROC: 0.5503  LR: 4.00e-05
2026-08-02 16:35:38,711 | [FULL    ] | INFO | full_experiments_using.model_trainers.mobile_vit_trainer | Ep [045/500] T-Acc:  61.6%  V-Acc:  55.9%  V-AUROC: 0.5512  LR: 4.00e-05
2026-08-02 16:35:59,419 | [FULL    ] | INFO | full_experiments_using.model_trainers.mobile_vit_trainer | Ep [046/500] T-Acc:  62.3%  V-Acc:  55.6%  V-AUROC: 0.5518  LR: 4.00e-05
2026-08-02 16:35:59,419 | [FULL    ] | INFO | full_experiments_using.model_trainers.mobile_vit_trainer | Early stop — best AUROC 0.5650 at epoch 16 (no improvement for 30 epochs)
2026-08-02 16:35:59,419 | [FULL    ] | INFO | full_experiments_using.model_trainers.mobile_vit_trainer | Done. Best AUROC: 0.5650 (epoch 16) → /home/oem/choihyunsu/VOGBasedMCIDetection/outputs/checkpoints/run_20260802_112618_full_wvote_artifact30_w0-5-5-10-0-15-15-30_4err/fold_13_best.pth
2026-08-02 16:36:06,816 | [FULL    ] | INFO | full_experiments_using.evaluators.monte_carlo_evaluator | -> Fold 14 Result | Acc=0.727 Sens=0.833 Spec=0.600 AUROC=0.767
2026-08-02 16:36:06,823 | [FULL    ] | INFO | full_experiments_using.evaluators.monte_carlo_evaluator | === Fold 15/30 | train: 25 subj (HC=10 MCI=15) / 3805 win | test: 12 subj (HC=4 MCI=8) / 1910 win ===
2026-08-02 16:36:07,059 | [FULL    ] | INFO | httpx | HTTP Request: HEAD https://huggingface.co/apple/mobilevit-small/resolve/main/config.json "HTTP/1.1 307 Temporary Redirect"
2026-08-02 16:36:07,072 | [FULL    ] | INFO | httpx | HTTP Request: HEAD https://huggingface.co/api/resolve-cache/models/apple/mobilevit-small/6c8612545dc98676d27bc518fa521d9e9af23e34/config.json "HTTP/1.1 200 OK"
2026-08-02 16:36:07,364 | [FULL    ] | INFO | httpx | HTTP Request: HEAD https://huggingface.co/apple/mobilevit-small/resolve/main/model.safetensors "HTTP/1.1 404 Not Found"
2026-08-02 16:36:07,584 | [FULL    ] | INFO | httpx | HTTP Request: HEAD https://huggingface.co/apple/mobilevit-small/resolve/main/model.safetensors.index.json "HTTP/1.1 404 Not Found"
2026-08-02 16:36:07,854 | [FULL    ] | INFO | httpx | HTTP Request: HEAD https://huggingface.co/apple/mobilevit-small/resolve/main/pytorch_model.bin "HTTP/1.1 302 Found"
2026-08-02 16:36:08,059 | [FULL    ] | INFO | httpx | HTTP Request: HEAD https://huggingface.co/apple/mobilevit-small/resolve/main/model.safetensors "HTTP/1.1 404 Not Found"
2026-08-02 16:36:08,324 | [FULL    ] | INFO | httpx | HTTP Request: GET https://huggingface.co/api/models/apple/mobilevit-small "HTTP/1.1 200 OK"
2026-08-02 16:36:08,589 | [FULL    ] | INFO | httpx | HTTP Request: GET https://huggingface.co/api/models/apple/mobilevit-small/commits/main "HTTP/1.1 200 OK"
2026-08-02 16:36:08,803 | [FULL    ] | INFO | httpx | HTTP Request: GET https://huggingface.co/api/models/apple/mobilevit-small/discussions?p=0 "HTTP/1.1 200 OK"
2026-08-02 16:36:09,032 | [FULL    ] | INFO | httpx | HTTP Request: GET https://huggingface.co/api/models/apple/mobilevit-small/commits/refs%2Fpr%2F6 "HTTP/1.1 200 OK"
2026-08-02 16:36:09,240 | [FULL    ] | INFO | httpx | HTTP Request: HEAD https://huggingface.co/apple/mobilevit-small/resolve/refs%2Fpr%2F6/model.safetensors.index.json "HTTP/1.1 404 Not Found"
2026-08-02 16:36:09,495 | [FULL    ] | INFO | httpx | HTTP Request: HEAD https://huggingface.co/apple/mobilevit-small/resolve/refs%2Fpr%2F6/model.safetensors "HTTP/1.1 302 Found"
2026-08-02 16:36:09,574 | [FULL    ] | INFO | full_experiments_using.model_trainers.mobile_vit_trainer | Device: cuda | max_epochs=500 | batch=32 | eval_batch=256 | es_patience=30
2026-08-02 16:36:09,586 | [FULL    ] | INFO | full_experiments_using.model_trainers.mobile_vit_trainer | CE weights — HC: 1.100  MCI: 0.916
2026-08-02 16:36:40,617 | [FULL    ] | INFO | full_experiments_using.model_trainers.mobile_vit_trainer | Ep [001/500] T-Acc:  50.4%  V-Acc:  49.9%  V-AUROC: 0.4549  LR: 2.00e-04
2026-08-02 16:36:40,661 | [FULL    ] | INFO | full_experiments_using.model_trainers.mobile_vit_trainer |   ↳ new best AUROC; saved checkpoint: /home/oem/choihyunsu/VOGBasedMCIDetection/outputs/checkpoints/run_20260802_112618_full_wvote_artifact30_w0-5-5-10-0-15-15-30_4err/fold_14_best.pth
2026-08-02 16:37:01,638 | [FULL    ] | INFO | full_experiments_using.model_trainers.mobile_vit_trainer | Ep [002/500] T-Acc:  49.1%  V-Acc:  50.0%  V-AUROC: 0.4476  LR: 4.00e-04
2026-08-02 16:37:22,750 | [FULL    ] | INFO | full_experiments_using.model_trainers.mobile_vit_trainer | Ep [003/500] T-Acc:  50.6%  V-Acc:  50.6%  V-AUROC: 0.4735  LR: 6.00e-04
2026-08-02 16:37:22,862 | [FULL    ] | INFO | full_experiments_using.model_trainers.mobile_vit_trainer |   ↳ new best AUROC; saved checkpoint: /home/oem/choihyunsu/VOGBasedMCIDetection/outputs/checkpoints/run_20260802_112618_full_wvote_artifact30_w0-5-5-10-0-15-15-30_4err/fold_14_best.pth
2026-08-02 16:37:43,870 | [FULL    ] | INFO | full_experiments_using.model_trainers.mobile_vit_trainer | Ep [004/500] T-Acc:  51.5%  V-Acc:  50.7%  V-AUROC: 0.4862  LR: 8.00e-04
2026-08-02 16:37:43,987 | [FULL    ] | INFO | full_experiments_using.model_trainers.mobile_vit_trainer |   ↳ new best AUROC; saved checkpoint: /home/oem/choihyunsu/VOGBasedMCIDetection/outputs/checkpoints/run_20260802_112618_full_wvote_artifact30_w0-5-5-10-0-15-15-30_4err/fold_14_best.pth
2026-08-02 16:38:04,894 | [FULL    ] | INFO | full_experiments_using.model_trainers.mobile_vit_trainer | Ep [005/500] T-Acc:  52.4%  V-Acc:  52.1%  V-AUROC: 0.5122  LR: 1.00e-03
2026-08-02 16:38:05,007 | [FULL    ] | INFO | full_experiments_using.model_trainers.mobile_vit_trainer |   ↳ new best AUROC; saved checkpoint: /home/oem/choihyunsu/VOGBasedMCIDetection/outputs/checkpoints/run_20260802_112618_full_wvote_artifact30_w0-5-5-10-0-15-15-30_4err/fold_14_best.pth
2026-08-02 16:38:25,950 | [FULL    ] | INFO | full_experiments_using.model_trainers.mobile_vit_trainer | Ep [006/500] T-Acc:  51.8%  V-Acc:  51.9%  V-AUROC: 0.5084  LR: 1.00e-03
2026-08-02 16:38:46,744 | [FULL    ] | INFO | full_experiments_using.model_trainers.mobile_vit_trainer | Ep [007/500] T-Acc:  51.9%  V-Acc:  50.9%  V-AUROC: 0.5198  LR: 1.00e-03
2026-08-02 16:38:46,884 | [FULL    ] | INFO | full_experiments_using.model_trainers.mobile_vit_trainer |   ↳ new best AUROC; saved checkpoint: /home/oem/choihyunsu/VOGBasedMCIDetection/outputs/checkpoints/run_20260802_112618_full_wvote_artifact30_w0-5-5-10-0-15-15-30_4err/fold_14_best.pth
2026-08-02 16:39:07,813 | [FULL    ] | INFO | full_experiments_using.model_trainers.mobile_vit_trainer | Ep [008/500] T-Acc:  52.3%  V-Acc:  50.5%  V-AUROC: 0.5245  LR: 1.00e-03
2026-08-02 16:39:07,925 | [FULL    ] | INFO | full_experiments_using.model_trainers.mobile_vit_trainer |   ↳ new best AUROC; saved checkpoint: /home/oem/choihyunsu/VOGBasedMCIDetection/outputs/checkpoints/run_20260802_112618_full_wvote_artifact30_w0-5-5-10-0-15-15-30_4err/fold_14_best.pth
2026-08-02 16:39:29,001 | [FULL    ] | INFO | full_experiments_using.model_trainers.mobile_vit_trainer | Ep [009/500] T-Acc:  53.5%  V-Acc:  53.7%  V-AUROC: 0.5618  LR: 1.00e-03
2026-08-02 16:39:29,117 | [FULL    ] | INFO | full_experiments_using.model_trainers.mobile_vit_trainer |   ↳ new best AUROC; saved checkpoint: /home/oem/choihyunsu/VOGBasedMCIDetection/outputs/checkpoints/run_20260802_112618_full_wvote_artifact30_w0-5-5-10-0-15-15-30_4err/fold_14_best.pth
2026-08-02 16:39:50,120 | [FULL    ] | INFO | full_experiments_using.model_trainers.mobile_vit_trainer | Ep [010/500] T-Acc:  54.3%  V-Acc:  54.0%  V-AUROC: 0.5468  LR: 1.00e-03
2026-08-02 16:40:11,107 | [FULL    ] | INFO | full_experiments_using.model_trainers.mobile_vit_trainer | Ep [011/500] T-Acc:  53.1%  V-Acc:  55.3%  V-AUROC: 0.5856  LR: 1.00e-03
2026-08-02 16:40:11,226 | [FULL    ] | INFO | full_experiments_using.model_trainers.mobile_vit_trainer |   ↳ new best AUROC; saved checkpoint: /home/oem/choihyunsu/VOGBasedMCIDetection/outputs/checkpoints/run_20260802_112618_full_wvote_artifact30_w0-5-5-10-0-15-15-30_4err/fold_14_best.pth
2026-08-02 16:40:32,301 | [FULL    ] | INFO | full_experiments_using.model_trainers.mobile_vit_trainer | Ep [012/500] T-Acc:  54.2%  V-Acc:  55.2%  V-AUROC: 0.5892  LR: 1.00e-03
2026-08-02 16:40:32,442 | [FULL    ] | INFO | full_experiments_using.model_trainers.mobile_vit_trainer |   ↳ new best AUROC; saved checkpoint: /home/oem/choihyunsu/VOGBasedMCIDetection/outputs/checkpoints/run_20260802_112618_full_wvote_artifact30_w0-5-5-10-0-15-15-30_4err/fold_14_best.pth
2026-08-02 16:40:53,437 | [FULL    ] | INFO | full_experiments_using.model_trainers.mobile_vit_trainer | Ep [013/500] T-Acc:  54.7%  V-Acc:  55.6%  V-AUROC: 0.5772  LR: 1.00e-03
2026-08-02 16:41:14,452 | [FULL    ] | INFO | full_experiments_using.model_trainers.mobile_vit_trainer | Ep [014/500] T-Acc:  53.3%  V-Acc:  53.6%  V-AUROC: 0.5354  LR: 1.00e-03
2026-08-02 16:41:35,341 | [FULL    ] | INFO | full_experiments_using.model_trainers.mobile_vit_trainer | Ep [015/500] T-Acc:  54.2%  V-Acc:  52.4%  V-AUROC: 0.5619  LR: 1.00e-03
2026-08-02 16:41:56,395 | [FULL    ] | INFO | full_experiments_using.model_trainers.mobile_vit_trainer | Ep [016/500] T-Acc:  54.5%  V-Acc:  56.1%  V-AUROC: 0.5904  LR: 1.00e-03
2026-08-02 16:41:56,516 | [FULL    ] | INFO | full_experiments_using.model_trainers.mobile_vit_trainer |   ↳ new best AUROC; saved checkpoint: /home/oem/choihyunsu/VOGBasedMCIDetection/outputs/checkpoints/run_20260802_112618_full_wvote_artifact30_w0-5-5-10-0-15-15-30_4err/fold_14_best.pth
2026-08-02 16:42:17,589 | [FULL    ] | INFO | full_experiments_using.model_trainers.mobile_vit_trainer | Ep [017/500] T-Acc:  56.2%  V-Acc:  56.6%  V-AUROC: 0.5891  LR: 1.00e-03
2026-08-02 16:42:38,540 | [FULL    ] | INFO | full_experiments_using.model_trainers.mobile_vit_trainer | Ep [018/500] T-Acc:  56.0%  V-Acc:  55.8%  V-AUROC: 0.5848  LR: 1.00e-03
2026-08-02 16:42:59,479 | [FULL    ] | INFO | full_experiments_using.model_trainers.mobile_vit_trainer | Ep [019/500] T-Acc:  54.4%  V-Acc:  56.0%  V-AUROC: 0.5843  LR: 1.00e-03
2026-08-02 16:43:20,370 | [FULL    ] | INFO | full_experiments_using.model_trainers.mobile_vit_trainer | Ep [020/500] T-Acc:  56.7%  V-Acc:  57.2%  V-AUROC: 0.5995  LR: 1.00e-03
2026-08-02 16:43:20,488 | [FULL    ] | INFO | full_experiments_using.model_trainers.mobile_vit_trainer |   ↳ new best AUROC; saved checkpoint: /home/oem/choihyunsu/VOGBasedMCIDetection/outputs/checkpoints/run_20260802_112618_full_wvote_artifact30_w0-5-5-10-0-15-15-30_4err/fold_14_best.pth
2026-08-02 16:43:41,387 | [FULL    ] | INFO | full_experiments_using.model_trainers.mobile_vit_trainer | Ep [021/500] T-Acc:  56.4%  V-Acc:  55.0%  V-AUROC: 0.5931  LR: 1.00e-03
2026-08-02 16:44:02,370 | [FULL    ] | INFO | full_experiments_using.model_trainers.mobile_vit_trainer | Ep [022/500] T-Acc:  56.7%  V-Acc:  58.8%  V-AUROC: 0.6147  LR: 1.00e-03
2026-08-02 16:44:02,533 | [FULL    ] | INFO | full_experiments_using.model_trainers.mobile_vit_trainer |   ↳ new best AUROC; saved checkpoint: /home/oem/choihyunsu/VOGBasedMCIDetection/outputs/checkpoints/run_20260802_112618_full_wvote_artifact30_w0-5-5-10-0-15-15-30_4err/fold_14_best.pth
2026-08-02 16:44:23,489 | [FULL    ] | INFO | full_experiments_using.model_trainers.mobile_vit_trainer | Ep [023/500] T-Acc:  56.5%  V-Acc:  57.0%  V-AUROC: 0.6024  LR: 1.00e-03
2026-08-02 16:44:44,478 | [FULL    ] | INFO | full_experiments_using.model_trainers.mobile_vit_trainer | Ep [024/500] T-Acc:  57.6%  V-Acc:  56.1%  V-AUROC: 0.5989  LR: 1.00e-03
2026-08-02 16:45:05,403 | [FULL    ] | INFO | full_experiments_using.model_trainers.mobile_vit_trainer | Ep [025/500] T-Acc:  57.2%  V-Acc:  57.6%  V-AUROC: 0.6045  LR: 1.00e-03
2026-08-02 16:45:26,282 | [FULL    ] | INFO | full_experiments_using.model_trainers.mobile_vit_trainer | Ep [026/500] T-Acc:  58.4%  V-Acc:  57.5%  V-AUROC: 0.6082  LR: 1.00e-03
2026-08-02 16:45:47,234 | [FULL    ] | INFO | full_experiments_using.model_trainers.mobile_vit_trainer | Ep [027/500] T-Acc:  57.7%  V-Acc:  58.4%  V-AUROC: 0.6155  LR: 1.00e-03
2026-08-02 16:45:47,354 | [FULL    ] | INFO | full_experiments_using.model_trainers.mobile_vit_trainer |   ↳ new best AUROC; saved checkpoint: /home/oem/choihyunsu/VOGBasedMCIDetection/outputs/checkpoints/run_20260802_112618_full_wvote_artifact30_w0-5-5-10-0-15-15-30_4err/fold_14_best.pth
2026-08-02 16:46:08,299 | [FULL    ] | INFO | full_experiments_using.model_trainers.mobile_vit_trainer | Ep [028/500] T-Acc:  57.6%  V-Acc:  57.3%  V-AUROC: 0.6040  LR: 1.00e-03
2026-08-02 16:46:29,233 | [FULL    ] | INFO | full_experiments_using.model_trainers.mobile_vit_trainer | Ep [029/500] T-Acc:  59.2%  V-Acc:  55.8%  V-AUROC: 0.5973  LR: 1.00e-03
2026-08-02 16:46:48,155 | [FULL    ] | INFO | full_experiments_using.model_trainers.mobile_vit_trainer | Ep [030/500] T-Acc:  58.4%  V-Acc:  57.0%  V-AUROC: 0.5954  LR: 1.00e-03
2026-08-02 16:47:07,712 | [FULL    ] | INFO | full_experiments_using.model_trainers.mobile_vit_trainer | Ep [031/500] T-Acc:  58.0%  V-Acc:  56.3%  V-AUROC: 0.6022  LR: 1.00e-03
2026-08-02 16:47:28,669 | [FULL    ] | INFO | full_experiments_using.model_trainers.mobile_vit_trainer | Ep [032/500] T-Acc:  59.0%  V-Acc:  56.8%  V-AUROC: 0.6042  LR: 1.00e-03
2026-08-02 16:47:49,668 | [FULL    ] | INFO | full_experiments_using.model_trainers.mobile_vit_trainer | Ep [033/500] T-Acc:  58.9%  V-Acc:  56.7%  V-AUROC: 0.6179  LR: 1.00e-03
2026-08-02 16:47:49,788 | [FULL    ] | INFO | full_experiments_using.model_trainers.mobile_vit_trainer |   ↳ new best AUROC; saved checkpoint: /home/oem/choihyunsu/VOGBasedMCIDetection/outputs/checkpoints/run_20260802_112618_full_wvote_artifact30_w0-5-5-10-0-15-15-30_4err/fold_14_best.pth
2026-08-02 16:48:10,758 | [FULL    ] | INFO | full_experiments_using.model_trainers.mobile_vit_trainer | Ep [034/500] T-Acc:  59.3%  V-Acc:  58.3%  V-AUROC: 0.6171  LR: 1.00e-03
2026-08-02 16:48:31,634 | [FULL    ] | INFO | full_experiments_using.model_trainers.mobile_vit_trainer | Ep [035/500] T-Acc:  58.7%  V-Acc:  57.5%  V-AUROC: 0.6167  LR: 1.00e-03
2026-08-02 16:48:52,320 | [FULL    ] | INFO | full_experiments_using.model_trainers.mobile_vit_trainer | Ep [036/500] T-Acc:  59.3%  V-Acc:  56.1%  V-AUROC: 0.5971  LR: 1.00e-03
2026-08-02 16:49:13,084 | [FULL    ] | INFO | full_experiments_using.model_trainers.mobile_vit_trainer | Ep [037/500] T-Acc:  59.7%  V-Acc:  57.5%  V-AUROC: 0.6264  LR: 1.00e-03
2026-08-02 16:49:13,201 | [FULL    ] | INFO | full_experiments_using.model_trainers.mobile_vit_trainer |   ↳ new best AUROC; saved checkpoint: /home/oem/choihyunsu/VOGBasedMCIDetection/outputs/checkpoints/run_20260802_112618_full_wvote_artifact30_w0-5-5-10-0-15-15-30_4err/fold_14_best.pth
2026-08-02 16:49:34,107 | [FULL    ] | INFO | full_experiments_using.model_trainers.mobile_vit_trainer | Ep [038/500] T-Acc:  59.1%  V-Acc:  57.7%  V-AUROC: 0.6084  LR: 1.00e-03
2026-08-02 16:49:55,129 | [FULL    ] | INFO | full_experiments_using.model_trainers.mobile_vit_trainer | Ep [039/500] T-Acc:  58.9%  V-Acc:  56.8%  V-AUROC: 0.6064  LR: 1.00e-03
2026-08-02 16:50:16,228 | [FULL    ] | INFO | full_experiments_using.model_trainers.mobile_vit_trainer | Ep [040/500] T-Acc:  60.2%  V-Acc:  57.2%  V-AUROC: 0.6138  LR: 1.00e-03
2026-08-02 16:50:37,165 | [FULL    ] | INFO | full_experiments_using.model_trainers.mobile_vit_trainer | Ep [041/500] T-Acc:  59.9%  V-Acc:  58.4%  V-AUROC: 0.6106  LR: 1.00e-03
2026-08-02 16:50:58,035 | [FULL    ] | INFO | full_experiments_using.model_trainers.mobile_vit_trainer | Ep [042/500] T-Acc:  58.9%  V-Acc:  58.2%  V-AUROC: 0.6231  LR: 1.00e-03
2026-08-02 16:51:18,932 | [FULL    ] | INFO | full_experiments_using.model_trainers.mobile_vit_trainer | Ep [043/500] T-Acc:  59.7%  V-Acc:  58.8%  V-AUROC: 0.6234  LR: 1.00e-03
2026-08-02 16:51:39,795 | [FULL    ] | INFO | full_experiments_using.model_trainers.mobile_vit_trainer | Ep [044/500] T-Acc:  59.0%  V-Acc:  57.3%  V-AUROC: 0.6097  LR: 1.00e-03
2026-08-02 16:52:00,593 | [FULL    ] | INFO | full_experiments_using.model_trainers.mobile_vit_trainer | Ep [045/500] T-Acc:  60.3%  V-Acc:  57.1%  V-AUROC: 0.6050  LR: 1.00e-03
2026-08-02 16:52:21,674 | [FULL    ] | INFO | full_experiments_using.model_trainers.mobile_vit_trainer | Ep [046/500] T-Acc:  58.8%  V-Acc:  58.3%  V-AUROC: 0.6195  LR: 1.00e-03
2026-08-02 16:52:42,599 | [FULL    ] | INFO | full_experiments_using.model_trainers.mobile_vit_trainer | Ep [047/500] T-Acc:  60.8%  V-Acc:  59.0%  V-AUROC: 0.6242  LR: 1.00e-03
2026-08-02 16:53:03,628 | [FULL    ] | INFO | full_experiments_using.model_trainers.mobile_vit_trainer | Ep [048/500] T-Acc:  60.0%  V-Acc:  57.6%  V-AUROC: 0.5981  LR: 1.00e-03
2026-08-02 16:53:24,536 | [FULL    ] | INFO | full_experiments_using.model_trainers.mobile_vit_trainer | Ep [049/500] T-Acc:  59.1%  V-Acc:  57.3%  V-AUROC: 0.6048  LR: 2.00e-04
2026-08-02 16:53:45,561 | [FULL    ] | INFO | full_experiments_using.model_trainers.mobile_vit_trainer | Ep [050/500] T-Acc:  60.8%  V-Acc:  57.9%  V-AUROC: 0.6130  LR: 2.00e-04
2026-08-02 16:54:06,491 | [FULL    ] | INFO | full_experiments_using.model_trainers.mobile_vit_trainer | Ep [051/500] T-Acc:  60.2%  V-Acc:  58.0%  V-AUROC: 0.6148  LR: 2.00e-04
2026-08-02 16:54:27,500 | [FULL    ] | INFO | full_experiments_using.model_trainers.mobile_vit_trainer | Ep [052/500] T-Acc:  60.4%  V-Acc:  58.0%  V-AUROC: 0.6174  LR: 2.00e-04
2026-08-02 16:54:48,535 | [FULL    ] | INFO | full_experiments_using.model_trainers.mobile_vit_trainer | Ep [053/500] T-Acc:  60.5%  V-Acc:  57.8%  V-AUROC: 0.6196  LR: 2.00e-04
2026-08-02 16:55:09,442 | [FULL    ] | INFO | full_experiments_using.model_trainers.mobile_vit_trainer | Ep [054/500] T-Acc:  61.3%  V-Acc:  57.1%  V-AUROC: 0.6197  LR: 2.00e-04
2026-08-02 16:55:30,378 | [FULL    ] | INFO | full_experiments_using.model_trainers.mobile_vit_trainer | Ep [055/500] T-Acc:  60.9%  V-Acc:  58.7%  V-AUROC: 0.6230  LR: 2.00e-04
2026-08-02 16:55:51,369 | [FULL    ] | INFO | full_experiments_using.model_trainers.mobile_vit_trainer | Ep [056/500] T-Acc:  61.0%  V-Acc:  58.9%  V-AUROC: 0.6210  LR: 2.00e-04
2026-08-02 16:56:12,246 | [FULL    ] | INFO | full_experiments_using.model_trainers.mobile_vit_trainer | Ep [057/500] T-Acc:  60.6%  V-Acc:  58.1%  V-AUROC: 0.6205  LR: 2.00e-04
2026-08-02 16:56:33,240 | [FULL    ] | INFO | full_experiments_using.model_trainers.mobile_vit_trainer | Ep [058/500] T-Acc:  61.2%  V-Acc:  58.2%  V-AUROC: 0.6241  LR: 2.00e-04
2026-08-02 16:56:54,319 | [FULL    ] | INFO | full_experiments_using.model_trainers.mobile_vit_trainer | Ep [059/500] T-Acc:  60.6%  V-Acc:  58.8%  V-AUROC: 0.6233  LR: 2.00e-04
2026-08-02 16:57:15,225 | [FULL    ] | INFO | full_experiments_using.model_trainers.mobile_vit_trainer | Ep [060/500] T-Acc:  60.6%  V-Acc:  59.0%  V-AUROC: 0.6226  LR: 4.00e-05
2026-08-02 16:57:35,068 | [FULL    ] | INFO | full_experiments_using.model_trainers.mobile_vit_trainer | Ep [061/500] T-Acc:  61.1%  V-Acc:  59.0%  V-AUROC: 0.6240  LR: 4.00e-05
2026-08-02 16:57:55,687 | [FULL    ] | INFO | full_experiments_using.model_trainers.mobile_vit_trainer | Ep [062/500] T-Acc:  60.7%  V-Acc:  59.2%  V-AUROC: 0.6235  LR: 4.00e-05
2026-08-02 16:58:15,462 | [FULL    ] | INFO | full_experiments_using.model_trainers.mobile_vit_trainer | Ep [063/500] T-Acc:  61.6%  V-Acc:  58.7%  V-AUROC: 0.6218  LR: 4.00e-05
2026-08-02 16:58:36,245 | [FULL    ] | INFO | full_experiments_using.model_trainers.mobile_vit_trainer | Ep [064/500] T-Acc:  61.0%  V-Acc:  58.8%  V-AUROC: 0.6223  LR: 4.00e-05
2026-08-02 16:58:57,297 | [FULL    ] | INFO | full_experiments_using.model_trainers.mobile_vit_trainer | Ep [065/500] T-Acc:  60.5%  V-Acc:  58.8%  V-AUROC: 0.6237  LR: 4.00e-05
2026-08-02 16:59:18,284 | [FULL    ] | INFO | full_experiments_using.model_trainers.mobile_vit_trainer | Ep [066/500] T-Acc:  60.9%  V-Acc:  58.8%  V-AUROC: 0.6212  LR: 4.00e-05
2026-08-02 16:59:38,169 | [FULL    ] | INFO | full_experiments_using.model_trainers.mobile_vit_trainer | Ep [067/500] T-Acc:  61.3%  V-Acc:  58.1%  V-AUROC: 0.6228  LR: 4.00e-05
2026-08-02 16:59:38,169 | [FULL    ] | INFO | full_experiments_using.model_trainers.mobile_vit_trainer | Early stop — best AUROC 0.6264 at epoch 37 (no improvement for 30 epochs)
2026-08-02 16:59:38,169 | [FULL    ] | INFO | full_experiments_using.model_trainers.mobile_vit_trainer | Done. Best AUROC: 0.6264 (epoch 37) → /home/oem/choihyunsu/VOGBasedMCIDetection/outputs/checkpoints/run_20260802_112618_full_wvote_artifact30_w0-5-5-10-0-15-15-30_4err/fold_14_best.pth
2026-08-02 16:59:45,208 | [FULL    ] | INFO | full_experiments_using.evaluators.monte_carlo_evaluator | -> Fold 15 Result | Acc=0.727 Sens=0.714 Spec=0.750 AUROC=0.929
2026-08-02 16:59:45,214 | [FULL    ] | INFO | full_experiments_using.evaluators.monte_carlo_evaluator | === Fold 16/30 | train: 25 subj (HC=8 MCI=17) / 3830 win | test: 12 subj (HC=6 MCI=6) / 1885 win ===
2026-08-02 16:59:45,432 | [FULL    ] | INFO | httpx | HTTP Request: HEAD https://huggingface.co/apple/mobilevit-small/resolve/main/config.json "HTTP/1.1 307 Temporary Redirect"
2026-08-02 16:59:45,445 | [FULL    ] | INFO | httpx | HTTP Request: HEAD https://huggingface.co/api/resolve-cache/models/apple/mobilevit-small/6c8612545dc98676d27bc518fa521d9e9af23e34/config.json "HTTP/1.1 200 OK"
2026-08-02 16:59:45,715 | [FULL    ] | INFO | httpx | HTTP Request: HEAD https://huggingface.co/apple/mobilevit-small/resolve/main/model.safetensors "HTTP/1.1 404 Not Found"
2026-08-02 16:59:45,910 | [FULL    ] | INFO | httpx | HTTP Request: HEAD https://huggingface.co/apple/mobilevit-small/resolve/main/model.safetensors.index.json "HTTP/1.1 404 Not Found"
2026-08-02 16:59:46,114 | [FULL    ] | INFO | httpx | HTTP Request: HEAD https://huggingface.co/apple/mobilevit-small/resolve/main/pytorch_model.bin "HTTP/1.1 302 Found"
2026-08-02 16:59:46,316 | [FULL    ] | INFO | httpx | HTTP Request: HEAD https://huggingface.co/apple/mobilevit-small/resolve/main/model.safetensors "HTTP/1.1 404 Not Found"
2026-08-02 16:59:46,521 | [FULL    ] | INFO | httpx | HTTP Request: GET https://huggingface.co/api/models/apple/mobilevit-small "HTTP/1.1 200 OK"
2026-08-02 16:59:46,742 | [FULL    ] | INFO | httpx | HTTP Request: GET https://huggingface.co/api/models/apple/mobilevit-small/commits/main "HTTP/1.1 200 OK"
2026-08-02 16:59:46,960 | [FULL    ] | INFO | httpx | HTTP Request: GET https://huggingface.co/api/models/apple/mobilevit-small/discussions?p=0 "HTTP/1.1 200 OK"
2026-08-02 16:59:47,170 | [FULL    ] | INFO | httpx | HTTP Request: GET https://huggingface.co/api/models/apple/mobilevit-small/commits/refs%2Fpr%2F6 "HTTP/1.1 200 OK"
2026-08-02 16:59:47,369 | [FULL    ] | INFO | httpx | HTTP Request: HEAD https://huggingface.co/apple/mobilevit-small/resolve/refs%2Fpr%2F6/model.safetensors.index.json "HTTP/1.1 404 Not Found"
2026-08-02 16:59:47,536 | [FULL    ] | INFO | full_experiments_using.model_trainers.mobile_vit_trainer | Device: cuda | max_epochs=500 | batch=32 | eval_batch=256 | es_patience=30
2026-08-02 16:59:47,541 | [FULL    ] | INFO | full_experiments_using.model_trainers.mobile_vit_trainer | CE weights — HC: 1.315  MCI: 0.807
2026-08-02 16:59:47,576 | [FULL    ] | INFO | httpx | HTTP Request: HEAD https://huggingface.co/apple/mobilevit-small/resolve/refs%2Fpr%2F6/model.safetensors "HTTP/1.1 302 Found"
2026-08-02 17:00:06,722 | [FULL    ] | INFO | full_experiments_using.model_trainers.mobile_vit_trainer | Ep [001/500] T-Acc:  51.4%  V-Acc:  49.6%  V-AUROC: 0.5058  LR: 2.00e-04
2026-08-02 17:00:06,779 | [FULL    ] | INFO | full_experiments_using.model_trainers.mobile_vit_trainer |   ↳ new best AUROC; saved checkpoint: /home/oem/choihyunsu/VOGBasedMCIDetection/outputs/checkpoints/run_20260802_112618_full_wvote_artifact30_w0-5-5-10-0-15-15-30_4err/fold_15_best.pth
2026-08-02 17:00:27,846 | [FULL    ] | INFO | full_experiments_using.model_trainers.mobile_vit_trainer | Ep [002/500] T-Acc:  51.3%  V-Acc:  49.4%  V-AUROC: 0.5001  LR: 4.00e-04
2026-08-02 17:00:48,990 | [FULL    ] | INFO | full_experiments_using.model_trainers.mobile_vit_trainer | Ep [003/500] T-Acc:  52.5%  V-Acc:  51.6%  V-AUROC: 0.5037  LR: 6.00e-04
2026-08-02 17:01:09,942 | [FULL    ] | INFO | full_experiments_using.model_trainers.mobile_vit_trainer | Ep [004/500] T-Acc:  50.9%  V-Acc:  50.9%  V-AUROC: 0.5007  LR: 8.00e-04
2026-08-02 17:01:30,881 | [FULL    ] | INFO | full_experiments_using.model_trainers.mobile_vit_trainer | Ep [005/500] T-Acc:  53.6%  V-Acc:  51.1%  V-AUROC: 0.5094  LR: 1.00e-03
2026-08-02 17:01:31,016 | [FULL    ] | INFO | full_experiments_using.model_trainers.mobile_vit_trainer |   ↳ new best AUROC; saved checkpoint: /home/oem/choihyunsu/VOGBasedMCIDetection/outputs/checkpoints/run_20260802_112618_full_wvote_artifact30_w0-5-5-10-0-15-15-30_4err/fold_15_best.pth
2026-08-02 17:01:52,059 | [FULL    ] | INFO | full_experiments_using.model_trainers.mobile_vit_trainer | Ep [006/500] T-Acc:  55.3%  V-Acc:  49.2%  V-AUROC: 0.4912  LR: 1.00e-03
2026-08-02 17:02:13,182 | [FULL    ] | INFO | full_experiments_using.model_trainers.mobile_vit_trainer | Ep [007/500] T-Acc:  56.8%  V-Acc:  48.7%  V-AUROC: 0.4854  LR: 1.00e-03
2026-08-02 17:02:34,199 | [FULL    ] | INFO | full_experiments_using.model_trainers.mobile_vit_trainer | Ep [008/500] T-Acc:  57.1%  V-Acc:  49.3%  V-AUROC: 0.4843  LR: 1.00e-03
2026-08-02 17:02:55,229 | [FULL    ] | INFO | full_experiments_using.model_trainers.mobile_vit_trainer | Ep [009/500] T-Acc:  57.4%  V-Acc:  49.2%  V-AUROC: 0.4793  LR: 1.00e-03
2026-08-02 17:03:16,126 | [FULL    ] | INFO | full_experiments_using.model_trainers.mobile_vit_trainer | Ep [010/500] T-Acc:  59.5%  V-Acc:  48.1%  V-AUROC: 0.4745  LR: 1.00e-03
2026-08-02 17:03:37,141 | [FULL    ] | INFO | full_experiments_using.model_trainers.mobile_vit_trainer | Ep [011/500] T-Acc:  60.1%  V-Acc:  48.2%  V-AUROC: 0.4775  LR: 1.00e-03
2026-08-02 17:03:58,255 | [FULL    ] | INFO | full_experiments_using.model_trainers.mobile_vit_trainer | Ep [012/500] T-Acc:  60.3%  V-Acc:  48.5%  V-AUROC: 0.4795  LR: 1.00e-03
2026-08-02 17:04:19,575 | [FULL    ] | INFO | full_experiments_using.model_trainers.mobile_vit_trainer | Ep [013/500] T-Acc:  59.8%  V-Acc:  49.4%  V-AUROC: 0.4714  LR: 1.00e-03
2026-08-02 17:04:40,699 | [FULL    ] | INFO | full_experiments_using.model_trainers.mobile_vit_trainer | Ep [014/500] T-Acc:  59.4%  V-Acc:  49.3%  V-AUROC: 0.4826  LR: 1.00e-03
2026-08-02 17:05:01,859 | [FULL    ] | INFO | full_experiments_using.model_trainers.mobile_vit_trainer | Ep [015/500] T-Acc:  60.6%  V-Acc:  48.2%  V-AUROC: 0.4839  LR: 1.00e-03
2026-08-02 17:05:22,803 | [FULL    ] | INFO | full_experiments_using.model_trainers.mobile_vit_trainer | Ep [016/500] T-Acc:  62.3%  V-Acc:  48.1%  V-AUROC: 0.4808  LR: 1.00e-03
2026-08-02 17:05:43,896 | [FULL    ] | INFO | full_experiments_using.model_trainers.mobile_vit_trainer | Ep [017/500] T-Acc:  61.4%  V-Acc:  48.0%  V-AUROC: 0.4744  LR: 1.00e-03
2026-08-02 17:06:05,108 | [FULL    ] | INFO | full_experiments_using.model_trainers.mobile_vit_trainer | Ep [018/500] T-Acc:  62.2%  V-Acc:  47.7%  V-AUROC: 0.4789  LR: 2.00e-04
2026-08-02 17:06:26,290 | [FULL    ] | INFO | full_experiments_using.model_trainers.mobile_vit_trainer | Ep [019/500] T-Acc:  62.3%  V-Acc:  48.0%  V-AUROC: 0.4761  LR: 2.00e-04
2026-08-02 17:06:47,426 | [FULL    ] | INFO | full_experiments_using.model_trainers.mobile_vit_trainer | Ep [020/500] T-Acc:  62.7%  V-Acc:  47.6%  V-AUROC: 0.4757  LR: 2.00e-04
2026-08-02 17:07:08,492 | [FULL    ] | INFO | full_experiments_using.model_trainers.mobile_vit_trainer | Ep [021/500] T-Acc:  63.1%  V-Acc:  48.8%  V-AUROC: 0.4776  LR: 2.00e-04
2026-08-02 17:07:29,581 | [FULL    ] | INFO | full_experiments_using.model_trainers.mobile_vit_trainer | Ep [022/500] T-Acc:  62.6%  V-Acc:  48.5%  V-AUROC: 0.4788  LR: 2.00e-04
2026-08-02 17:07:50,722 | [FULL    ] | INFO | full_experiments_using.model_trainers.mobile_vit_trainer | Ep [023/500] T-Acc:  62.5%  V-Acc:  48.1%  V-AUROC: 0.4773  LR: 2.00e-04
2026-08-02 17:08:11,737 | [FULL    ] | INFO | full_experiments_using.model_trainers.mobile_vit_trainer | Ep [024/500] T-Acc:  61.8%  V-Acc:  48.5%  V-AUROC: 0.4782  LR: 2.00e-04
2026-08-02 17:08:32,798 | [FULL    ] | INFO | full_experiments_using.model_trainers.mobile_vit_trainer | Ep [025/500] T-Acc:  64.3%  V-Acc:  49.0%  V-AUROC: 0.4786  LR: 2.00e-04
2026-08-02 17:08:53,882 | [FULL    ] | INFO | full_experiments_using.model_trainers.mobile_vit_trainer | Ep [026/500] T-Acc:  62.4%  V-Acc:  48.5%  V-AUROC: 0.4778  LR: 2.00e-04
2026-08-02 17:09:15,020 | [FULL    ] | INFO | full_experiments_using.model_trainers.mobile_vit_trainer | Ep [027/500] T-Acc:  62.2%  V-Acc:  47.9%  V-AUROC: 0.4765  LR: 2.00e-04
2026-08-02 17:09:36,229 | [FULL    ] | INFO | full_experiments_using.model_trainers.mobile_vit_trainer | Ep [028/500] T-Acc:  61.7%  V-Acc:  49.1%  V-AUROC: 0.4806  LR: 2.00e-04
2026-08-02 17:09:57,143 | [FULL    ] | INFO | full_experiments_using.model_trainers.mobile_vit_trainer | Ep [029/500] T-Acc:  63.2%  V-Acc:  49.7%  V-AUROC: 0.4814  LR: 4.00e-05
2026-08-02 17:10:18,200 | [FULL    ] | INFO | full_experiments_using.model_trainers.mobile_vit_trainer | Ep [030/500] T-Acc:  63.6%  V-Acc:  49.2%  V-AUROC: 0.4798  LR: 4.00e-05
2026-08-02 17:10:39,249 | [FULL    ] | INFO | full_experiments_using.model_trainers.mobile_vit_trainer | Ep [031/500] T-Acc:  62.9%  V-Acc:  48.7%  V-AUROC: 0.4801  LR: 4.00e-05
2026-08-02 17:11:00,313 | [FULL    ] | INFO | full_experiments_using.model_trainers.mobile_vit_trainer | Ep [032/500] T-Acc:  62.7%  V-Acc:  49.0%  V-AUROC: 0.4795  LR: 4.00e-05
2026-08-02 17:11:21,345 | [FULL    ] | INFO | full_experiments_using.model_trainers.mobile_vit_trainer | Ep [033/500] T-Acc:  61.9%  V-Acc:  48.4%  V-AUROC: 0.4797  LR: 4.00e-05
2026-08-02 17:11:42,574 | [FULL    ] | INFO | full_experiments_using.model_trainers.mobile_vit_trainer | Ep [034/500] T-Acc:  63.2%  V-Acc:  48.6%  V-AUROC: 0.4791  LR: 4.00e-05
2026-08-02 17:12:03,635 | [FULL    ] | INFO | full_experiments_using.model_trainers.mobile_vit_trainer | Ep [035/500] T-Acc:  62.5%  V-Acc:  48.9%  V-AUROC: 0.4799  LR: 4.00e-05
2026-08-02 17:12:03,675 | [FULL    ] | INFO | full_experiments_using.model_trainers.mobile_vit_trainer | Early stop — best AUROC 0.5094 at epoch 5 (no improvement for 30 epochs)
2026-08-02 17:12:03,675 | [FULL    ] | INFO | full_experiments_using.model_trainers.mobile_vit_trainer | Done. Best AUROC: 0.5094 (epoch 5) → /home/oem/choihyunsu/VOGBasedMCIDetection/outputs/checkpoints/run_20260802_112618_full_wvote_artifact30_w0-5-5-10-0-15-15-30_4err/fold_15_best.pth
2026-08-02 17:12:08,100 | [FULL    ] | INFO | full_experiments_using.evaluators.monte_carlo_evaluator | -> Fold 16 Result | Acc=0.545 Sens=0.667 Spec=0.400 AUROC=0.700
2026-08-02 17:12:08,107 | [FULL    ] | INFO | full_experiments_using.evaluators.monte_carlo_evaluator | === Fold 17/30 | train: 25 subj (HC=8 MCI=17) / 3716 win | test: 12 subj (HC=6 MCI=6) / 1999 win ===
2026-08-02 17:12:08,329 | [FULL    ] | INFO | httpx | HTTP Request: HEAD https://huggingface.co/apple/mobilevit-small/resolve/main/config.json "HTTP/1.1 307 Temporary Redirect"
2026-08-02 17:12:08,340 | [FULL    ] | INFO | httpx | HTTP Request: HEAD https://huggingface.co/api/resolve-cache/models/apple/mobilevit-small/6c8612545dc98676d27bc518fa521d9e9af23e34/config.json "HTTP/1.1 200 OK"
2026-08-02 17:12:08,582 | [FULL    ] | INFO | httpx | HTTP Request: HEAD https://huggingface.co/apple/mobilevit-small/resolve/main/model.safetensors "HTTP/1.1 404 Not Found"
2026-08-02 17:12:08,782 | [FULL    ] | INFO | httpx | HTTP Request: HEAD https://huggingface.co/apple/mobilevit-small/resolve/main/model.safetensors.index.json "HTTP/1.1 404 Not Found"
2026-08-02 17:12:08,998 | [FULL    ] | INFO | httpx | HTTP Request: HEAD https://huggingface.co/apple/mobilevit-small/resolve/main/pytorch_model.bin "HTTP/1.1 302 Found"
2026-08-02 17:12:09,205 | [FULL    ] | INFO | httpx | HTTP Request: HEAD https://huggingface.co/apple/mobilevit-small/resolve/main/model.safetensors "HTTP/1.1 404 Not Found"
2026-08-02 17:12:09,415 | [FULL    ] | INFO | httpx | HTTP Request: GET https://huggingface.co/api/models/apple/mobilevit-small "HTTP/1.1 200 OK"
2026-08-02 17:12:09,632 | [FULL    ] | INFO | httpx | HTTP Request: GET https://huggingface.co/api/models/apple/mobilevit-small/commits/main "HTTP/1.1 200 OK"
2026-08-02 17:12:09,857 | [FULL    ] | INFO | httpx | HTTP Request: GET https://huggingface.co/api/models/apple/mobilevit-small/discussions?p=0 "HTTP/1.1 200 OK"
2026-08-02 17:12:10,082 | [FULL    ] | INFO | httpx | HTTP Request: GET https://huggingface.co/api/models/apple/mobilevit-small/commits/refs%2Fpr%2F6 "HTTP/1.1 200 OK"
2026-08-02 17:12:10,283 | [FULL    ] | INFO | httpx | HTTP Request: HEAD https://huggingface.co/apple/mobilevit-small/resolve/refs%2Fpr%2F6/model.safetensors.index.json "HTTP/1.1 404 Not Found"
2026-08-02 17:12:10,485 | [FULL    ] | INFO | httpx | HTTP Request: HEAD https://huggingface.co/apple/mobilevit-small/resolve/refs%2Fpr%2F6/model.safetensors "HTTP/1.1 302 Found"
2026-08-02 17:12:10,612 | [FULL    ] | INFO | full_experiments_using.model_trainers.mobile_vit_trainer | Device: cuda | max_epochs=500 | batch=32 | eval_batch=256 | es_patience=30
2026-08-02 17:12:10,618 | [FULL    ] | INFO | full_experiments_using.model_trainers.mobile_vit_trainer | CE weights — HC: 1.337  MCI: 0.799
2026-08-02 17:12:44,357 | [FULL    ] | INFO | full_experiments_using.model_trainers.mobile_vit_trainer | Ep [001/500] T-Acc:  51.4%  V-Acc:  48.1%  V-AUROC: 0.4794  LR: 2.00e-04
2026-08-02 17:12:44,416 | [FULL    ] | INFO | full_experiments_using.model_trainers.mobile_vit_trainer |   ↳ new best AUROC; saved checkpoint: /home/oem/choihyunsu/VOGBasedMCIDetection/outputs/checkpoints/run_20260802_112618_full_wvote_artifact30_w0-5-5-10-0-15-15-30_4err/fold_16_best.pth
2026-08-02 17:13:05,131 | [FULL    ] | INFO | full_experiments_using.model_trainers.mobile_vit_trainer | Ep [002/500] T-Acc:  50.6%  V-Acc:  47.7%  V-AUROC: 0.4897  LR: 4.00e-04
2026-08-02 17:13:05,248 | [FULL    ] | INFO | full_experiments_using.model_trainers.mobile_vit_trainer |   ↳ new best AUROC; saved checkpoint: /home/oem/choihyunsu/VOGBasedMCIDetection/outputs/checkpoints/run_20260802_112618_full_wvote_artifact30_w0-5-5-10-0-15-15-30_4err/fold_16_best.pth
2026-08-02 17:13:26,102 | [FULL    ] | INFO | full_experiments_using.model_trainers.mobile_vit_trainer | Ep [003/500] T-Acc:  51.3%  V-Acc:  48.6%  V-AUROC: 0.4987  LR: 6.00e-04
2026-08-02 17:13:26,219 | [FULL    ] | INFO | full_experiments_using.model_trainers.mobile_vit_trainer |   ↳ new best AUROC; saved checkpoint: /home/oem/choihyunsu/VOGBasedMCIDetection/outputs/checkpoints/run_20260802_112618_full_wvote_artifact30_w0-5-5-10-0-15-15-30_4err/fold_16_best.pth
2026-08-02 17:13:47,032 | [FULL    ] | INFO | full_experiments_using.model_trainers.mobile_vit_trainer | Ep [004/500] T-Acc:  51.0%  V-Acc:  49.5%  V-AUROC: 0.5106  LR: 8.00e-04
2026-08-02 17:13:47,133 | [FULL    ] | INFO | full_experiments_using.model_trainers.mobile_vit_trainer |   ↳ new best AUROC; saved checkpoint: /home/oem/choihyunsu/VOGBasedMCIDetection/outputs/checkpoints/run_20260802_112618_full_wvote_artifact30_w0-5-5-10-0-15-15-30_4err/fold_16_best.pth
2026-08-02 17:14:07,903 | [FULL    ] | INFO | full_experiments_using.model_trainers.mobile_vit_trainer | Ep [005/500] T-Acc:  53.5%  V-Acc:  51.4%  V-AUROC: 0.5204  LR: 1.00e-03
2026-08-02 17:14:08,068 | [FULL    ] | INFO | full_experiments_using.model_trainers.mobile_vit_trainer |   ↳ new best AUROC; saved checkpoint: /home/oem/choihyunsu/VOGBasedMCIDetection/outputs/checkpoints/run_20260802_112618_full_wvote_artifact30_w0-5-5-10-0-15-15-30_4err/fold_16_best.pth
2026-08-02 17:14:28,651 | [FULL    ] | INFO | full_experiments_using.model_trainers.mobile_vit_trainer | Ep [006/500] T-Acc:  53.3%  V-Acc:  52.2%  V-AUROC: 0.5329  LR: 1.00e-03
2026-08-02 17:14:28,761 | [FULL    ] | INFO | full_experiments_using.model_trainers.mobile_vit_trainer |   ↳ new best AUROC; saved checkpoint: /home/oem/choihyunsu/VOGBasedMCIDetection/outputs/checkpoints/run_20260802_112618_full_wvote_artifact30_w0-5-5-10-0-15-15-30_4err/fold_16_best.pth
2026-08-02 17:14:49,525 | [FULL    ] | INFO | full_experiments_using.model_trainers.mobile_vit_trainer | Ep [007/500] T-Acc:  52.5%  V-Acc:  53.2%  V-AUROC: 0.5487  LR: 1.00e-03
2026-08-02 17:14:49,645 | [FULL    ] | INFO | full_experiments_using.model_trainers.mobile_vit_trainer |   ↳ new best AUROC; saved checkpoint: /home/oem/choihyunsu/VOGBasedMCIDetection/outputs/checkpoints/run_20260802_112618_full_wvote_artifact30_w0-5-5-10-0-15-15-30_4err/fold_16_best.pth
2026-08-02 17:15:10,117 | [FULL    ] | INFO | full_experiments_using.model_trainers.mobile_vit_trainer | Ep [008/500] T-Acc:  53.7%  V-Acc:  53.2%  V-AUROC: 0.5659  LR: 1.00e-03
2026-08-02 17:15:10,238 | [FULL    ] | INFO | full_experiments_using.model_trainers.mobile_vit_trainer |   ↳ new best AUROC; saved checkpoint: /home/oem/choihyunsu/VOGBasedMCIDetection/outputs/checkpoints/run_20260802_112618_full_wvote_artifact30_w0-5-5-10-0-15-15-30_4err/fold_16_best.pth
2026-08-02 17:15:31,085 | [FULL    ] | INFO | full_experiments_using.model_trainers.mobile_vit_trainer | Ep [009/500] T-Acc:  55.5%  V-Acc:  52.9%  V-AUROC: 0.5588  LR: 1.00e-03
2026-08-02 17:15:51,930 | [FULL    ] | INFO | full_experiments_using.model_trainers.mobile_vit_trainer | Ep [010/500] T-Acc:  56.8%  V-Acc:  55.1%  V-AUROC: 0.5652  LR: 1.00e-03
2026-08-02 17:16:12,778 | [FULL    ] | INFO | full_experiments_using.model_trainers.mobile_vit_trainer | Ep [011/500] T-Acc:  56.4%  V-Acc:  53.2%  V-AUROC: 0.5557  LR: 1.00e-03
2026-08-02 17:16:33,517 | [FULL    ] | INFO | full_experiments_using.model_trainers.mobile_vit_trainer | Ep [012/500] T-Acc:  56.7%  V-Acc:  54.8%  V-AUROC: 0.5743  LR: 1.00e-03
2026-08-02 17:16:33,635 | [FULL    ] | INFO | full_experiments_using.model_trainers.mobile_vit_trainer |   ↳ new best AUROC; saved checkpoint: /home/oem/choihyunsu/VOGBasedMCIDetection/outputs/checkpoints/run_20260802_112618_full_wvote_artifact30_w0-5-5-10-0-15-15-30_4err/fold_16_best.pth
2026-08-02 17:16:54,494 | [FULL    ] | INFO | full_experiments_using.model_trainers.mobile_vit_trainer | Ep [013/500] T-Acc:  57.6%  V-Acc:  54.7%  V-AUROC: 0.5662  LR: 1.00e-03
2026-08-02 17:17:15,380 | [FULL    ] | INFO | full_experiments_using.model_trainers.mobile_vit_trainer | Ep [014/500] T-Acc:  57.3%  V-Acc:  55.4%  V-AUROC: 0.5846  LR: 1.00e-03
2026-08-02 17:17:15,454 | [FULL    ] | INFO | full_experiments_using.model_trainers.mobile_vit_trainer |   ↳ new best AUROC; saved checkpoint: /home/oem/choihyunsu/VOGBasedMCIDetection/outputs/checkpoints/run_20260802_112618_full_wvote_artifact30_w0-5-5-10-0-15-15-30_4err/fold_16_best.pth
2026-08-02 17:17:36,320 | [FULL    ] | INFO | full_experiments_using.model_trainers.mobile_vit_trainer | Ep [015/500] T-Acc:  57.9%  V-Acc:  56.3%  V-AUROC: 0.5842  LR: 1.00e-03
2026-08-02 17:17:57,083 | [FULL    ] | INFO | full_experiments_using.model_trainers.mobile_vit_trainer | Ep [016/500] T-Acc:  58.3%  V-Acc:  56.6%  V-AUROC: 0.5856  LR: 1.00e-03
2026-08-02 17:17:57,181 | [FULL    ] | INFO | full_experiments_using.model_trainers.mobile_vit_trainer |   ↳ new best AUROC; saved checkpoint: /home/oem/choihyunsu/VOGBasedMCIDetection/outputs/checkpoints/run_20260802_112618_full_wvote_artifact30_w0-5-5-10-0-15-15-30_4err/fold_16_best.pth
2026-08-02 17:18:17,997 | [FULL    ] | INFO | full_experiments_using.model_trainers.mobile_vit_trainer | Ep [017/500] T-Acc:  57.8%  V-Acc:  56.6%  V-AUROC: 0.5891  LR: 1.00e-03
2026-08-02 17:18:18,120 | [FULL    ] | INFO | full_experiments_using.model_trainers.mobile_vit_trainer |   ↳ new best AUROC; saved checkpoint: /home/oem/choihyunsu/VOGBasedMCIDetection/outputs/checkpoints/run_20260802_112618_full_wvote_artifact30_w0-5-5-10-0-15-15-30_4err/fold_16_best.pth
2026-08-02 17:18:38,979 | [FULL    ] | INFO | full_experiments_using.model_trainers.mobile_vit_trainer | Ep [018/500] T-Acc:  59.7%  V-Acc:  55.9%  V-AUROC: 0.5846  LR: 1.00e-03
2026-08-02 17:18:57,861 | [FULL    ] | INFO | full_experiments_using.model_trainers.mobile_vit_trainer | Ep [019/500] T-Acc:  59.1%  V-Acc:  55.4%  V-AUROC: 0.5895  LR: 1.00e-03
2026-08-02 17:18:57,980 | [FULL    ] | INFO | full_experiments_using.model_trainers.mobile_vit_trainer |   ↳ new best AUROC; saved checkpoint: /home/oem/choihyunsu/VOGBasedMCIDetection/outputs/checkpoints/run_20260802_112618_full_wvote_artifact30_w0-5-5-10-0-15-15-30_4err/fold_16_best.pth
2026-08-02 17:19:18,820 | [FULL    ] | INFO | full_experiments_using.model_trainers.mobile_vit_trainer | Ep [020/500] T-Acc:  58.2%  V-Acc:  55.5%  V-AUROC: 0.5867  LR: 1.00e-03
2026-08-02 17:19:39,799 | [FULL    ] | INFO | full_experiments_using.model_trainers.mobile_vit_trainer | Ep [021/500] T-Acc:  59.0%  V-Acc:  56.5%  V-AUROC: 0.5933  LR: 1.00e-03
2026-08-02 17:19:39,918 | [FULL    ] | INFO | full_experiments_using.model_trainers.mobile_vit_trainer |   ↳ new best AUROC; saved checkpoint: /home/oem/choihyunsu/VOGBasedMCIDetection/outputs/checkpoints/run_20260802_112618_full_wvote_artifact30_w0-5-5-10-0-15-15-30_4err/fold_16_best.pth
2026-08-02 17:20:00,572 | [FULL    ] | INFO | full_experiments_using.model_trainers.mobile_vit_trainer | Ep [022/500] T-Acc:  60.2%  V-Acc:  57.9%  V-AUROC: 0.6058  LR: 1.00e-03
2026-08-02 17:20:00,681 | [FULL    ] | INFO | full_experiments_using.model_trainers.mobile_vit_trainer |   ↳ new best AUROC; saved checkpoint: /home/oem/choihyunsu/VOGBasedMCIDetection/outputs/checkpoints/run_20260802_112618_full_wvote_artifact30_w0-5-5-10-0-15-15-30_4err/fold_16_best.pth
2026-08-02 17:20:21,478 | [FULL    ] | INFO | full_experiments_using.model_trainers.mobile_vit_trainer | Ep [023/500] T-Acc:  59.6%  V-Acc:  59.0%  V-AUROC: 0.6088  LR: 1.00e-03
2026-08-02 17:20:21,611 | [FULL    ] | INFO | full_experiments_using.model_trainers.mobile_vit_trainer |   ↳ new best AUROC; saved checkpoint: /home/oem/choihyunsu/VOGBasedMCIDetection/outputs/checkpoints/run_20260802_112618_full_wvote_artifact30_w0-5-5-10-0-15-15-30_4err/fold_16_best.pth
2026-08-02 17:20:42,355 | [FULL    ] | INFO | full_experiments_using.model_trainers.mobile_vit_trainer | Ep [024/500] T-Acc:  58.7%  V-Acc:  56.9%  V-AUROC: 0.5990  LR: 1.00e-03
2026-08-02 17:21:03,143 | [FULL    ] | INFO | full_experiments_using.model_trainers.mobile_vit_trainer | Ep [025/500] T-Acc:  59.6%  V-Acc:  57.0%  V-AUROC: 0.6011  LR: 1.00e-03
2026-08-02 17:21:23,888 | [FULL    ] | INFO | full_experiments_using.model_trainers.mobile_vit_trainer | Ep [026/500] T-Acc:  60.0%  V-Acc:  59.3%  V-AUROC: 0.6151  LR: 1.00e-03
2026-08-02 17:21:24,012 | [FULL    ] | INFO | full_experiments_using.model_trainers.mobile_vit_trainer |   ↳ new best AUROC; saved checkpoint: /home/oem/choihyunsu/VOGBasedMCIDetection/outputs/checkpoints/run_20260802_112618_full_wvote_artifact30_w0-5-5-10-0-15-15-30_4err/fold_16_best.pth
2026-08-02 17:21:45,020 | [FULL    ] | INFO | full_experiments_using.model_trainers.mobile_vit_trainer | Ep [027/500] T-Acc:  59.2%  V-Acc:  59.0%  V-AUROC: 0.6166  LR: 1.00e-03
2026-08-02 17:21:45,137 | [FULL    ] | INFO | full_experiments_using.model_trainers.mobile_vit_trainer |   ↳ new best AUROC; saved checkpoint: /home/oem/choihyunsu/VOGBasedMCIDetection/outputs/checkpoints/run_20260802_112618_full_wvote_artifact30_w0-5-5-10-0-15-15-30_4err/fold_16_best.pth
2026-08-02 17:22:05,875 | [FULL    ] | INFO | full_experiments_using.model_trainers.mobile_vit_trainer | Ep [028/500] T-Acc:  61.4%  V-Acc:  58.5%  V-AUROC: 0.6149  LR: 1.00e-03
2026-08-02 17:22:26,680 | [FULL    ] | INFO | full_experiments_using.model_trainers.mobile_vit_trainer | Ep [029/500] T-Acc:  59.9%  V-Acc:  58.9%  V-AUROC: 0.6210  LR: 1.00e-03
2026-08-02 17:22:26,797 | [FULL    ] | INFO | full_experiments_using.model_trainers.mobile_vit_trainer |   ↳ new best AUROC; saved checkpoint: /home/oem/choihyunsu/VOGBasedMCIDetection/outputs/checkpoints/run_20260802_112618_full_wvote_artifact30_w0-5-5-10-0-15-15-30_4err/fold_16_best.pth
2026-08-02 17:22:47,489 | [FULL    ] | INFO | full_experiments_using.model_trainers.mobile_vit_trainer | Ep [030/500] T-Acc:  61.2%  V-Acc:  57.1%  V-AUROC: 0.5996  LR: 1.00e-03
2026-08-02 17:23:08,477 | [FULL    ] | INFO | full_experiments_using.model_trainers.mobile_vit_trainer | Ep [031/500] T-Acc:  60.9%  V-Acc:  57.8%  V-AUROC: 0.6045  LR: 1.00e-03
2026-08-02 17:23:29,366 | [FULL    ] | INFO | full_experiments_using.model_trainers.mobile_vit_trainer | Ep [032/500] T-Acc:  61.2%  V-Acc:  58.8%  V-AUROC: 0.6107  LR: 1.00e-03
2026-08-02 17:23:50,281 | [FULL    ] | INFO | full_experiments_using.model_trainers.mobile_vit_trainer | Ep [033/500] T-Acc:  61.3%  V-Acc:  59.4%  V-AUROC: 0.6171  LR: 1.00e-03
2026-08-02 17:24:11,046 | [FULL    ] | INFO | full_experiments_using.model_trainers.mobile_vit_trainer | Ep [034/500] T-Acc:  61.4%  V-Acc:  58.0%  V-AUROC: 0.6185  LR: 1.00e-03
2026-08-02 17:24:31,958 | [FULL    ] | INFO | full_experiments_using.model_trainers.mobile_vit_trainer | Ep [035/500] T-Acc:  62.3%  V-Acc:  56.1%  V-AUROC: 0.5930  LR: 1.00e-03
2026-08-02 17:24:52,795 | [FULL    ] | INFO | full_experiments_using.model_trainers.mobile_vit_trainer | Ep [036/500] T-Acc:  62.1%  V-Acc:  57.3%  V-AUROC: 0.6072  LR: 1.00e-03
2026-08-02 17:25:13,587 | [FULL    ] | INFO | full_experiments_using.model_trainers.mobile_vit_trainer | Ep [037/500] T-Acc:  62.3%  V-Acc:  57.8%  V-AUROC: 0.5999  LR: 1.00e-03
2026-08-02 17:25:34,290 | [FULL    ] | INFO | full_experiments_using.model_trainers.mobile_vit_trainer | Ep [038/500] T-Acc:  61.9%  V-Acc:  57.0%  V-AUROC: 0.5948  LR: 1.00e-03
2026-08-02 17:25:55,033 | [FULL    ] | INFO | full_experiments_using.model_trainers.mobile_vit_trainer | Ep [039/500] T-Acc:  61.7%  V-Acc:  57.7%  V-AUROC: 0.6006  LR: 1.00e-03
2026-08-02 17:26:15,810 | [FULL    ] | INFO | full_experiments_using.model_trainers.mobile_vit_trainer | Ep [040/500] T-Acc:  62.1%  V-Acc:  58.0%  V-AUROC: 0.6066  LR: 1.00e-03
2026-08-02 17:26:36,540 | [FULL    ] | INFO | full_experiments_using.model_trainers.mobile_vit_trainer | Ep [041/500] T-Acc:  62.4%  V-Acc:  57.1%  V-AUROC: 0.5981  LR: 2.00e-04
2026-08-02 17:26:55,488 | [FULL    ] | INFO | full_experiments_using.model_trainers.mobile_vit_trainer | Ep [042/500] T-Acc:  62.4%  V-Acc:  56.3%  V-AUROC: 0.5985  LR: 2.00e-04
2026-08-02 17:27:16,236 | [FULL    ] | INFO | full_experiments_using.model_trainers.mobile_vit_trainer | Ep [043/500] T-Acc:  61.9%  V-Acc:  57.1%  V-AUROC: 0.5994  LR: 2.00e-04
2026-08-02 17:27:36,839 | [FULL    ] | INFO | full_experiments_using.model_trainers.mobile_vit_trainer | Ep [044/500] T-Acc:  63.0%  V-Acc:  56.6%  V-AUROC: 0.5984  LR: 2.00e-04
2026-08-02 17:27:57,523 | [FULL    ] | INFO | full_experiments_using.model_trainers.mobile_vit_trainer | Ep [045/500] T-Acc:  62.6%  V-Acc:  56.5%  V-AUROC: 0.5981  LR: 2.00e-04
2026-08-02 17:28:18,273 | [FULL    ] | INFO | full_experiments_using.model_trainers.mobile_vit_trainer | Ep [046/500] T-Acc:  62.8%  V-Acc:  57.0%  V-AUROC: 0.5992  LR: 2.00e-04
2026-08-02 17:28:38,804 | [FULL    ] | INFO | full_experiments_using.model_trainers.mobile_vit_trainer | Ep [047/500] T-Acc:  63.0%  V-Acc:  57.5%  V-AUROC: 0.6014  LR: 2.00e-04
2026-08-02 17:28:59,422 | [FULL    ] | INFO | full_experiments_using.model_trainers.mobile_vit_trainer | Ep [048/500] T-Acc:  62.7%  V-Acc:  57.1%  V-AUROC: 0.6020  LR: 2.00e-04
2026-08-02 17:29:20,237 | [FULL    ] | INFO | full_experiments_using.model_trainers.mobile_vit_trainer | Ep [049/500] T-Acc:  62.9%  V-Acc:  56.9%  V-AUROC: 0.5998  LR: 2.00e-04
2026-08-02 17:29:41,022 | [FULL    ] | INFO | full_experiments_using.model_trainers.mobile_vit_trainer | Ep [050/500] T-Acc:  61.9%  V-Acc:  56.8%  V-AUROC: 0.6012  LR: 2.00e-04
2026-08-02 17:30:01,958 | [FULL    ] | INFO | full_experiments_using.model_trainers.mobile_vit_trainer | Ep [051/500] T-Acc:  62.8%  V-Acc:  57.4%  V-AUROC: 0.6019  LR: 2.00e-04
2026-08-02 17:30:22,751 | [FULL    ] | INFO | full_experiments_using.model_trainers.mobile_vit_trainer | Ep [052/500] T-Acc:  62.7%  V-Acc:  57.3%  V-AUROC: 0.6032  LR: 4.00e-05
2026-08-02 17:30:43,522 | [FULL    ] | INFO | full_experiments_using.model_trainers.mobile_vit_trainer | Ep [053/500] T-Acc:  63.3%  V-Acc:  57.2%  V-AUROC: 0.6020  LR: 4.00e-05
2026-08-02 17:31:04,333 | [FULL    ] | INFO | full_experiments_using.model_trainers.mobile_vit_trainer | Ep [054/500] T-Acc:  61.9%  V-Acc:  56.9%  V-AUROC: 0.6015  LR: 4.00e-05
2026-08-02 17:31:25,055 | [FULL    ] | INFO | full_experiments_using.model_trainers.mobile_vit_trainer | Ep [055/500] T-Acc:  62.8%  V-Acc:  57.3%  V-AUROC: 0.6008  LR: 4.00e-05
2026-08-02 17:31:45,807 | [FULL    ] | INFO | full_experiments_using.model_trainers.mobile_vit_trainer | Ep [056/500] T-Acc:  61.5%  V-Acc:  56.8%  V-AUROC: 0.5997  LR: 4.00e-05
2026-08-02 17:32:06,522 | [FULL    ] | INFO | full_experiments_using.model_trainers.mobile_vit_trainer | Ep [057/500] T-Acc:  61.6%  V-Acc:  57.3%  V-AUROC: 0.5997  LR: 4.00e-05
2026-08-02 17:32:27,192 | [FULL    ] | INFO | full_experiments_using.model_trainers.mobile_vit_trainer | Ep [058/500] T-Acc:  62.3%  V-Acc:  56.1%  V-AUROC: 0.6002  LR: 4.00e-05
2026-08-02 17:32:47,880 | [FULL    ] | INFO | full_experiments_using.model_trainers.mobile_vit_trainer | Ep [059/500] T-Acc:  63.5%  V-Acc:  56.7%  V-AUROC: 0.6003  LR: 4.00e-05
2026-08-02 17:32:47,880 | [FULL    ] | INFO | full_experiments_using.model_trainers.mobile_vit_trainer | Early stop — best AUROC 0.6210 at epoch 29 (no improvement for 30 epochs)
2026-08-02 17:32:47,880 | [FULL    ] | INFO | full_experiments_using.model_trainers.mobile_vit_trainer | Done. Best AUROC: 0.6210 (epoch 29) → /home/oem/choihyunsu/VOGBasedMCIDetection/outputs/checkpoints/run_20260802_112618_full_wvote_artifact30_w0-5-5-10-0-15-15-30_4err/fold_16_best.pth
2026-08-02 17:32:55,862 | [FULL    ] | INFO | full_experiments_using.evaluators.monte_carlo_evaluator | -> Fold 17 Result | Acc=0.917 Sens=1.000 Spec=0.833 AUROC=1.000
2026-08-02 17:32:55,869 | [FULL    ] | INFO | full_experiments_using.evaluators.monte_carlo_evaluator | === Fold 18/30 | train: 25 subj (HC=13 MCI=12) / 3993 win | test: 12 subj (HC=1 MCI=11) / 1722 win ===
2026-08-02 17:32:56,143 | [FULL    ] | INFO | httpx | HTTP Request: HEAD https://huggingface.co/apple/mobilevit-small/resolve/main/config.json "HTTP/1.1 307 Temporary Redirect"
2026-08-02 17:32:56,158 | [FULL    ] | INFO | httpx | HTTP Request: HEAD https://huggingface.co/api/resolve-cache/models/apple/mobilevit-small/6c8612545dc98676d27bc518fa521d9e9af23e34/config.json "HTTP/1.1 200 OK"
2026-08-02 17:32:56,385 | [FULL    ] | INFO | httpx | HTTP Request: HEAD https://huggingface.co/apple/mobilevit-small/resolve/main/model.safetensors "HTTP/1.1 404 Not Found"
2026-08-02 17:32:56,595 | [FULL    ] | INFO | httpx | HTTP Request: HEAD https://huggingface.co/apple/mobilevit-small/resolve/main/model.safetensors.index.json "HTTP/1.1 404 Not Found"
2026-08-02 17:32:56,807 | [FULL    ] | INFO | httpx | HTTP Request: HEAD https://huggingface.co/apple/mobilevit-small/resolve/main/pytorch_model.bin "HTTP/1.1 302 Found"
2026-08-02 17:32:57,019 | [FULL    ] | INFO | httpx | HTTP Request: HEAD https://huggingface.co/apple/mobilevit-small/resolve/main/model.safetensors "HTTP/1.1 404 Not Found"
2026-08-02 17:32:57,233 | [FULL    ] | INFO | httpx | HTTP Request: GET https://huggingface.co/api/models/apple/mobilevit-small "HTTP/1.1 200 OK"
2026-08-02 17:32:57,477 | [FULL    ] | INFO | httpx | HTTP Request: GET https://huggingface.co/api/models/apple/mobilevit-small/commits/main "HTTP/1.1 200 OK"
2026-08-02 17:32:57,700 | [FULL    ] | INFO | httpx | HTTP Request: GET https://huggingface.co/api/models/apple/mobilevit-small/discussions?p=0 "HTTP/1.1 200 OK"
2026-08-02 17:32:57,920 | [FULL    ] | INFO | httpx | HTTP Request: GET https://huggingface.co/api/models/apple/mobilevit-small/commits/refs%2Fpr%2F6 "HTTP/1.1 200 OK"
2026-08-02 17:32:58,108 | [FULL    ] | INFO | full_experiments_using.model_trainers.mobile_vit_trainer | Device: cuda | max_epochs=500 | batch=32 | eval_batch=256 | es_patience=30
2026-08-02 17:32:58,113 | [FULL    ] | INFO | full_experiments_using.model_trainers.mobile_vit_trainer | CE weights — HC: 0.865  MCI: 1.185
2026-08-02 17:32:58,123 | [FULL    ] | INFO | httpx | HTTP Request: HEAD https://huggingface.co/apple/mobilevit-small/resolve/refs%2Fpr%2F6/model.safetensors.index.json "HTTP/1.1 404 Not Found"
2026-08-02 17:32:58,333 | [FULL    ] | INFO | httpx | HTTP Request: HEAD https://huggingface.co/apple/mobilevit-small/resolve/refs%2Fpr%2F6/model.safetensors "HTTP/1.1 302 Found"
2026-08-02 17:33:19,573 | [FULL    ] | INFO | full_experiments_using.model_trainers.mobile_vit_trainer | Ep [001/500] T-Acc:  47.8%  V-Acc:  62.6%  V-AUROC: 0.4535  LR: 2.00e-04
2026-08-02 17:33:19,632 | [FULL    ] | INFO | full_experiments_using.model_trainers.mobile_vit_trainer |   ↳ new best AUROC; saved checkpoint: /home/oem/choihyunsu/VOGBasedMCIDetection/outputs/checkpoints/run_20260802_112618_full_wvote_artifact30_w0-5-5-10-0-15-15-30_4err/fold_17_best.pth
2026-08-02 17:33:41,258 | [FULL    ] | INFO | full_experiments_using.model_trainers.mobile_vit_trainer | Ep [002/500] T-Acc:  47.4%  V-Acc:  62.1%  V-AUROC: 0.4664  LR: 4.00e-04
2026-08-02 17:33:41,375 | [FULL    ] | INFO | full_experiments_using.model_trainers.mobile_vit_trainer |   ↳ new best AUROC; saved checkpoint: /home/oem/choihyunsu/VOGBasedMCIDetection/outputs/checkpoints/run_20260802_112618_full_wvote_artifact30_w0-5-5-10-0-15-15-30_4err/fold_17_best.pth
2026-08-02 17:34:03,018 | [FULL    ] | INFO | full_experiments_using.model_trainers.mobile_vit_trainer | Ep [003/500] T-Acc:  48.1%  V-Acc:  60.4%  V-AUROC: 0.4850  LR: 6.00e-04
2026-08-02 17:34:03,140 | [FULL    ] | INFO | full_experiments_using.model_trainers.mobile_vit_trainer |   ↳ new best AUROC; saved checkpoint: /home/oem/choihyunsu/VOGBasedMCIDetection/outputs/checkpoints/run_20260802_112618_full_wvote_artifact30_w0-5-5-10-0-15-15-30_4err/fold_17_best.pth
2026-08-02 17:34:24,764 | [FULL    ] | INFO | full_experiments_using.model_trainers.mobile_vit_trainer | Ep [004/500] T-Acc:  49.1%  V-Acc:  58.4%  V-AUROC: 0.5223  LR: 8.00e-04
2026-08-02 17:34:24,914 | [FULL    ] | INFO | full_experiments_using.model_trainers.mobile_vit_trainer |   ↳ new best AUROC; saved checkpoint: /home/oem/choihyunsu/VOGBasedMCIDetection/outputs/checkpoints/run_20260802_112618_full_wvote_artifact30_w0-5-5-10-0-15-15-30_4err/fold_17_best.pth
2026-08-02 17:34:46,416 | [FULL    ] | INFO | full_experiments_using.model_trainers.mobile_vit_trainer | Ep [005/500] T-Acc:  50.5%  V-Acc:  59.8%  V-AUROC: 0.5457  LR: 1.00e-03
2026-08-02 17:34:46,534 | [FULL    ] | INFO | full_experiments_using.model_trainers.mobile_vit_trainer |   ↳ new best AUROC; saved checkpoint: /home/oem/choihyunsu/VOGBasedMCIDetection/outputs/checkpoints/run_20260802_112618_full_wvote_artifact30_w0-5-5-10-0-15-15-30_4err/fold_17_best.pth
2026-08-02 17:35:08,102 | [FULL    ] | INFO | full_experiments_using.model_trainers.mobile_vit_trainer | Ep [006/500] T-Acc:  52.9%  V-Acc:  52.6%  V-AUROC: 0.5594  LR: 1.00e-03
2026-08-02 17:35:08,223 | [FULL    ] | INFO | full_experiments_using.model_trainers.mobile_vit_trainer |   ↳ new best AUROC; saved checkpoint: /home/oem/choihyunsu/VOGBasedMCIDetection/outputs/checkpoints/run_20260802_112618_full_wvote_artifact30_w0-5-5-10-0-15-15-30_4err/fold_17_best.pth
2026-08-02 17:35:28,741 | [FULL    ] | INFO | full_experiments_using.model_trainers.mobile_vit_trainer | Ep [007/500] T-Acc:  53.5%  V-Acc:  54.9%  V-AUROC: 0.5776  LR: 1.00e-03
2026-08-02 17:35:28,864 | [FULL    ] | INFO | full_experiments_using.model_trainers.mobile_vit_trainer |   ↳ new best AUROC; saved checkpoint: /home/oem/choihyunsu/VOGBasedMCIDetection/outputs/checkpoints/run_20260802_112618_full_wvote_artifact30_w0-5-5-10-0-15-15-30_4err/fold_17_best.pth
2026-08-02 17:35:49,768 | [FULL    ] | INFO | full_experiments_using.model_trainers.mobile_vit_trainer | Ep [008/500] T-Acc:  54.8%  V-Acc:  51.5%  V-AUROC: 0.5768  LR: 1.00e-03
2026-08-02 17:36:09,661 | [FULL    ] | INFO | full_experiments_using.model_trainers.mobile_vit_trainer | Ep [009/500] T-Acc:  55.3%  V-Acc:  49.5%  V-AUROC: 0.6050  LR: 1.00e-03
2026-08-02 17:36:09,783 | [FULL    ] | INFO | full_experiments_using.model_trainers.mobile_vit_trainer |   ↳ new best AUROC; saved checkpoint: /home/oem/choihyunsu/VOGBasedMCIDetection/outputs/checkpoints/run_20260802_112618_full_wvote_artifact30_w0-5-5-10-0-15-15-30_4err/fold_17_best.pth
2026-08-02 17:36:31,652 | [FULL    ] | INFO | full_experiments_using.model_trainers.mobile_vit_trainer | Ep [010/500] T-Acc:  56.4%  V-Acc:  52.3%  V-AUROC: 0.6020  LR: 1.00e-03
2026-08-02 17:36:53,262 | [FULL    ] | INFO | full_experiments_using.model_trainers.mobile_vit_trainer | Ep [011/500] T-Acc:  56.1%  V-Acc:  54.4%  V-AUROC: 0.6261  LR: 1.00e-03
2026-08-02 17:36:53,397 | [FULL    ] | INFO | full_experiments_using.model_trainers.mobile_vit_trainer |   ↳ new best AUROC; saved checkpoint: /home/oem/choihyunsu/VOGBasedMCIDetection/outputs/checkpoints/run_20260802_112618_full_wvote_artifact30_w0-5-5-10-0-15-15-30_4err/fold_17_best.pth
2026-08-02 17:37:15,084 | [FULL    ] | INFO | full_experiments_using.model_trainers.mobile_vit_trainer | Ep [012/500] T-Acc:  56.9%  V-Acc:  49.7%  V-AUROC: 0.6193  LR: 1.00e-03
2026-08-02 17:37:36,645 | [FULL    ] | INFO | full_experiments_using.model_trainers.mobile_vit_trainer | Ep [013/500] T-Acc:  58.2%  V-Acc:  56.1%  V-AUROC: 0.6319  LR: 1.00e-03
2026-08-02 17:37:36,790 | [FULL    ] | INFO | full_experiments_using.model_trainers.mobile_vit_trainer |   ↳ new best AUROC; saved checkpoint: /home/oem/choihyunsu/VOGBasedMCIDetection/outputs/checkpoints/run_20260802_112618_full_wvote_artifact30_w0-5-5-10-0-15-15-30_4err/fold_17_best.pth
2026-08-02 17:37:58,220 | [FULL    ] | INFO | full_experiments_using.model_trainers.mobile_vit_trainer | Ep [014/500] T-Acc:  59.2%  V-Acc:  52.1%  V-AUROC: 0.6241  LR: 1.00e-03
2026-08-02 17:38:19,674 | [FULL    ] | INFO | full_experiments_using.model_trainers.mobile_vit_trainer | Ep [015/500] T-Acc:  58.8%  V-Acc:  53.4%  V-AUROC: 0.5955  LR: 1.00e-03
2026-08-02 17:38:41,131 | [FULL    ] | INFO | full_experiments_using.model_trainers.mobile_vit_trainer | Ep [016/500] T-Acc:  58.1%  V-Acc:  56.2%  V-AUROC: 0.6293  LR: 1.00e-03
2026-08-02 17:39:02,698 | [FULL    ] | INFO | full_experiments_using.model_trainers.mobile_vit_trainer | Ep [017/500] T-Acc:  58.4%  V-Acc:  50.1%  V-AUROC: 0.6252  LR: 1.00e-03
2026-08-02 17:39:24,344 | [FULL    ] | INFO | full_experiments_using.model_trainers.mobile_vit_trainer | Ep [018/500] T-Acc:  59.1%  V-Acc:  52.1%  V-AUROC: 0.6218  LR: 1.00e-03
2026-08-02 17:39:45,850 | [FULL    ] | INFO | full_experiments_using.model_trainers.mobile_vit_trainer | Ep [019/500] T-Acc:  59.6%  V-Acc:  51.0%  V-AUROC: 0.6280  LR: 1.00e-03
2026-08-02 17:40:07,391 | [FULL    ] | INFO | full_experiments_using.model_trainers.mobile_vit_trainer | Ep [020/500] T-Acc:  60.9%  V-Acc:  51.5%  V-AUROC: 0.6317  LR: 1.00e-03
2026-08-02 17:40:28,796 | [FULL    ] | INFO | full_experiments_using.model_trainers.mobile_vit_trainer | Ep [021/500] T-Acc:  60.3%  V-Acc:  50.6%  V-AUROC: 0.6239  LR: 1.00e-03
2026-08-02 17:40:50,333 | [FULL    ] | INFO | full_experiments_using.model_trainers.mobile_vit_trainer | Ep [022/500] T-Acc:  60.8%  V-Acc:  49.3%  V-AUROC: 0.6237  LR: 1.00e-03
2026-08-02 17:41:11,908 | [FULL    ] | INFO | full_experiments_using.model_trainers.mobile_vit_trainer | Ep [023/500] T-Acc:  61.2%  V-Acc:  53.2%  V-AUROC: 0.6284  LR: 1.00e-03
2026-08-02 17:41:33,348 | [FULL    ] | INFO | full_experiments_using.model_trainers.mobile_vit_trainer | Ep [024/500] T-Acc:  61.5%  V-Acc:  49.7%  V-AUROC: 0.6231  LR: 1.00e-03
2026-08-02 17:41:54,806 | [FULL    ] | INFO | full_experiments_using.model_trainers.mobile_vit_trainer | Ep [025/500] T-Acc:  60.5%  V-Acc:  51.5%  V-AUROC: 0.6159  LR: 2.00e-04
2026-08-02 17:42:16,404 | [FULL    ] | INFO | full_experiments_using.model_trainers.mobile_vit_trainer | Ep [026/500] T-Acc:  62.1%  V-Acc:  51.7%  V-AUROC: 0.6162  LR: 2.00e-04
2026-08-02 17:42:37,950 | [FULL    ] | INFO | full_experiments_using.model_trainers.mobile_vit_trainer | Ep [027/500] T-Acc:  60.2%  V-Acc:  51.0%  V-AUROC: 0.6194  LR: 2.00e-04
2026-08-02 17:42:59,763 | [FULL    ] | INFO | full_experiments_using.model_trainers.mobile_vit_trainer | Ep [028/500] T-Acc:  63.0%  V-Acc:  52.5%  V-AUROC: 0.6221  LR: 2.00e-04
2026-08-02 17:43:21,378 | [FULL    ] | INFO | full_experiments_using.model_trainers.mobile_vit_trainer | Ep [029/500] T-Acc:  60.9%  V-Acc:  52.8%  V-AUROC: 0.6167  LR: 2.00e-04
2026-08-02 17:43:42,909 | [FULL    ] | INFO | full_experiments_using.model_trainers.mobile_vit_trainer | Ep [030/500] T-Acc:  61.2%  V-Acc:  51.4%  V-AUROC: 0.6208  LR: 2.00e-04
2026-08-02 17:44:04,443 | [FULL    ] | INFO | full_experiments_using.model_trainers.mobile_vit_trainer | Ep [031/500] T-Acc:  63.2%  V-Acc:  51.6%  V-AUROC: 0.6182  LR: 2.00e-04
2026-08-02 17:44:26,031 | [FULL    ] | INFO | full_experiments_using.model_trainers.mobile_vit_trainer | Ep [032/500] T-Acc:  61.5%  V-Acc:  51.8%  V-AUROC: 0.6237  LR: 2.00e-04
2026-08-02 17:44:47,615 | [FULL    ] | INFO | full_experiments_using.model_trainers.mobile_vit_trainer | Ep [033/500] T-Acc:  62.2%  V-Acc:  52.5%  V-AUROC: 0.6206  LR: 2.00e-04
2026-08-02 17:45:09,225 | [FULL    ] | INFO | full_experiments_using.model_trainers.mobile_vit_trainer | Ep [034/500] T-Acc:  62.5%  V-Acc:  52.1%  V-AUROC: 0.6228  LR: 2.00e-04
2026-08-02 17:45:30,884 | [FULL    ] | INFO | full_experiments_using.model_trainers.mobile_vit_trainer | Ep [035/500] T-Acc:  61.2%  V-Acc:  52.2%  V-AUROC: 0.6219  LR: 2.00e-04
2026-08-02 17:45:52,545 | [FULL    ] | INFO | full_experiments_using.model_trainers.mobile_vit_trainer | Ep [036/500] T-Acc:  62.2%  V-Acc:  51.2%  V-AUROC: 0.6238  LR: 4.00e-05
2026-08-02 17:46:14,322 | [FULL    ] | INFO | full_experiments_using.model_trainers.mobile_vit_trainer | Ep [037/500] T-Acc:  61.4%  V-Acc:  53.0%  V-AUROC: 0.6212  LR: 4.00e-05
2026-08-02 17:46:35,739 | [FULL    ] | INFO | full_experiments_using.model_trainers.mobile_vit_trainer | Ep [038/500] T-Acc:  63.1%  V-Acc:  52.4%  V-AUROC: 0.6202  LR: 4.00e-05
2026-08-02 17:46:57,450 | [FULL    ] | INFO | full_experiments_using.model_trainers.mobile_vit_trainer | Ep [039/500] T-Acc:  62.3%  V-Acc:  50.8%  V-AUROC: 0.6214  LR: 4.00e-05
2026-08-02 17:47:19,161 | [FULL    ] | INFO | full_experiments_using.model_trainers.mobile_vit_trainer | Ep [040/500] T-Acc:  61.8%  V-Acc:  51.8%  V-AUROC: 0.6220  LR: 4.00e-05
2026-08-02 17:47:40,618 | [FULL    ] | INFO | full_experiments_using.model_trainers.mobile_vit_trainer | Ep [041/500] T-Acc:  63.0%  V-Acc:  52.5%  V-AUROC: 0.6215  LR: 4.00e-05
2026-08-02 17:48:02,116 | [FULL    ] | INFO | full_experiments_using.model_trainers.mobile_vit_trainer | Ep [042/500] T-Acc:  62.1%  V-Acc:  51.3%  V-AUROC: 0.6240  LR: 4.00e-05
2026-08-02 17:48:23,841 | [FULL    ] | INFO | full_experiments_using.model_trainers.mobile_vit_trainer | Ep [043/500] T-Acc:  61.7%  V-Acc:  51.0%  V-AUROC: 0.6251  LR: 4.00e-05
2026-08-02 17:48:23,841 | [FULL    ] | INFO | full_experiments_using.model_trainers.mobile_vit_trainer | Early stop — best AUROC 0.6319 at epoch 13 (no improvement for 30 epochs)
2026-08-02 17:48:23,841 | [FULL    ] | INFO | full_experiments_using.model_trainers.mobile_vit_trainer | Done. Best AUROC: 0.6319 (epoch 13) → /home/oem/choihyunsu/VOGBasedMCIDetection/outputs/checkpoints/run_20260802_112618_full_wvote_artifact30_w0-5-5-10-0-15-15-30_4err/fold_17_best.pth
2026-08-02 17:48:26,752 | [FULL    ] | INFO | full_experiments_using.evaluators.monte_carlo_evaluator | -> Fold 18 Result | Acc=0.700 Sens=0.667 Spec=1.000 AUROC=0.778
2026-08-02 17:48:26,759 | [FULL    ] | INFO | full_experiments_using.evaluators.monte_carlo_evaluator | === Fold 19/30 | train: 25 subj (HC=10 MCI=15) / 3885 win | test: 12 subj (HC=4 MCI=8) / 1830 win ===
2026-08-02 17:48:26,985 | [FULL    ] | INFO | httpx | HTTP Request: HEAD https://huggingface.co/apple/mobilevit-small/resolve/main/config.json "HTTP/1.1 307 Temporary Redirect"
2026-08-02 17:48:27,002 | [FULL    ] | INFO | httpx | HTTP Request: HEAD https://huggingface.co/api/resolve-cache/models/apple/mobilevit-small/6c8612545dc98676d27bc518fa521d9e9af23e34/config.json "HTTP/1.1 200 OK"
2026-08-02 17:48:27,283 | [FULL    ] | INFO | httpx | HTTP Request: HEAD https://huggingface.co/apple/mobilevit-small/resolve/main/model.safetensors "HTTP/1.1 404 Not Found"
2026-08-02 17:48:27,493 | [FULL    ] | INFO | httpx | HTTP Request: HEAD https://huggingface.co/apple/mobilevit-small/resolve/main/model.safetensors.index.json "HTTP/1.1 404 Not Found"
2026-08-02 17:48:27,734 | [FULL    ] | INFO | httpx | HTTP Request: HEAD https://huggingface.co/apple/mobilevit-small/resolve/main/pytorch_model.bin "HTTP/1.1 302 Found"
2026-08-02 17:48:27,950 | [FULL    ] | INFO | httpx | HTTP Request: HEAD https://huggingface.co/apple/mobilevit-small/resolve/main/model.safetensors "HTTP/1.1 404 Not Found"
2026-08-02 17:48:28,157 | [FULL    ] | INFO | httpx | HTTP Request: GET https://huggingface.co/api/models/apple/mobilevit-small "HTTP/1.1 200 OK"
2026-08-02 17:48:28,405 | [FULL    ] | INFO | httpx | HTTP Request: GET https://huggingface.co/api/models/apple/mobilevit-small/commits/main "HTTP/1.1 200 OK"
2026-08-02 17:48:28,635 | [FULL    ] | INFO | httpx | HTTP Request: GET https://huggingface.co/api/models/apple/mobilevit-small/discussions?p=0 "HTTP/1.1 200 OK"
2026-08-02 17:48:28,855 | [FULL    ] | INFO | httpx | HTTP Request: GET https://huggingface.co/api/models/apple/mobilevit-small/commits/refs%2Fpr%2F6 "HTTP/1.1 200 OK"
2026-08-02 17:48:29,068 | [FULL    ] | INFO | httpx | HTTP Request: HEAD https://huggingface.co/apple/mobilevit-small/resolve/refs%2Fpr%2F6/model.safetensors.index.json "HTTP/1.1 404 Not Found"
2026-08-02 17:48:29,278 | [FULL    ] | INFO | httpx | HTTP Request: HEAD https://huggingface.co/apple/mobilevit-small/resolve/refs%2Fpr%2F6/model.safetensors "HTTP/1.1 302 Found"
2026-08-02 17:48:29,554 | [FULL    ] | INFO | full_experiments_using.model_trainers.mobile_vit_trainer | Device: cuda | max_epochs=500 | batch=32 | eval_batch=256 | es_patience=30
2026-08-02 17:48:29,566 | [FULL    ] | INFO | full_experiments_using.model_trainers.mobile_vit_trainer | CE weights — HC: 1.106  MCI: 0.913
2026-08-02 17:48:54,641 | [FULL    ] | INFO | full_experiments_using.model_trainers.mobile_vit_trainer | Ep [001/500] T-Acc:  51.5%  V-Acc:  55.1%  V-AUROC: 0.5472  LR: 2.00e-04
2026-08-02 17:48:54,700 | [FULL    ] | INFO | full_experiments_using.model_trainers.mobile_vit_trainer |   ↳ new best AUROC; saved checkpoint: /home/oem/choihyunsu/VOGBasedMCIDetection/outputs/checkpoints/run_20260802_112618_full_wvote_artifact30_w0-5-5-10-0-15-15-30_4err/fold_18_best.pth
2026-08-02 17:49:15,801 | [FULL    ] | INFO | full_experiments_using.model_trainers.mobile_vit_trainer | Ep [002/500] T-Acc:  52.1%  V-Acc:  55.7%  V-AUROC: 0.5571  LR: 4.00e-04
2026-08-02 17:49:15,920 | [FULL    ] | INFO | full_experiments_using.model_trainers.mobile_vit_trainer |   ↳ new best AUROC; saved checkpoint: /home/oem/choihyunsu/VOGBasedMCIDetection/outputs/checkpoints/run_20260802_112618_full_wvote_artifact30_w0-5-5-10-0-15-15-30_4err/fold_18_best.pth
2026-08-02 17:49:37,284 | [FULL    ] | INFO | full_experiments_using.model_trainers.mobile_vit_trainer | Ep [003/500] T-Acc:  51.9%  V-Acc:  56.6%  V-AUROC: 0.5658  LR: 6.00e-04
2026-08-02 17:49:37,401 | [FULL    ] | INFO | full_experiments_using.model_trainers.mobile_vit_trainer |   ↳ new best AUROC; saved checkpoint: /home/oem/choihyunsu/VOGBasedMCIDetection/outputs/checkpoints/run_20260802_112618_full_wvote_artifact30_w0-5-5-10-0-15-15-30_4err/fold_18_best.pth
2026-08-02 17:49:58,677 | [FULL    ] | INFO | full_experiments_using.model_trainers.mobile_vit_trainer | Ep [004/500] T-Acc:  52.8%  V-Acc:  56.9%  V-AUROC: 0.5611  LR: 8.00e-04
2026-08-02 17:50:19,807 | [FULL    ] | INFO | full_experiments_using.model_trainers.mobile_vit_trainer | Ep [005/500] T-Acc:  54.0%  V-Acc:  56.5%  V-AUROC: 0.5848  LR: 1.00e-03
2026-08-02 17:50:19,932 | [FULL    ] | INFO | full_experiments_using.model_trainers.mobile_vit_trainer |   ↳ new best AUROC; saved checkpoint: /home/oem/choihyunsu/VOGBasedMCIDetection/outputs/checkpoints/run_20260802_112618_full_wvote_artifact30_w0-5-5-10-0-15-15-30_4err/fold_18_best.pth
2026-08-02 17:50:41,054 | [FULL    ] | INFO | full_experiments_using.model_trainers.mobile_vit_trainer | Ep [006/500] T-Acc:  54.1%  V-Acc:  56.1%  V-AUROC: 0.5807  LR: 1.00e-03
2026-08-02 17:51:02,295 | [FULL    ] | INFO | full_experiments_using.model_trainers.mobile_vit_trainer | Ep [007/500] T-Acc:  54.8%  V-Acc:  56.2%  V-AUROC: 0.5823  LR: 1.00e-03
2026-08-02 17:51:23,432 | [FULL    ] | INFO | full_experiments_using.model_trainers.mobile_vit_trainer | Ep [008/500] T-Acc:  55.7%  V-Acc:  56.8%  V-AUROC: 0.5805  LR: 1.00e-03
2026-08-02 17:51:44,729 | [FULL    ] | INFO | full_experiments_using.model_trainers.mobile_vit_trainer | Ep [009/500] T-Acc:  55.7%  V-Acc:  55.6%  V-AUROC: 0.5756  LR: 1.00e-03
2026-08-02 17:52:06,176 | [FULL    ] | INFO | full_experiments_using.model_trainers.mobile_vit_trainer | Ep [010/500] T-Acc:  55.8%  V-Acc:  54.0%  V-AUROC: 0.5681  LR: 1.00e-03
2026-08-02 17:52:25,486 | [FULL    ] | INFO | full_experiments_using.model_trainers.mobile_vit_trainer | Ep [011/500] T-Acc:  56.1%  V-Acc:  54.9%  V-AUROC: 0.5706  LR: 1.00e-03
2026-08-02 17:52:46,220 | [FULL    ] | INFO | full_experiments_using.model_trainers.mobile_vit_trainer | Ep [012/500] T-Acc:  56.9%  V-Acc:  53.7%  V-AUROC: 0.5717  LR: 1.00e-03
2026-08-02 17:53:06,154 | [FULL    ] | INFO | full_experiments_using.model_trainers.mobile_vit_trainer | Ep [013/500] T-Acc:  57.5%  V-Acc:  55.8%  V-AUROC: 0.5753  LR: 1.00e-03
2026-08-02 17:53:27,584 | [FULL    ] | INFO | full_experiments_using.model_trainers.mobile_vit_trainer | Ep [014/500] T-Acc:  57.3%  V-Acc:  53.2%  V-AUROC: 0.5693  LR: 1.00e-03
2026-08-02 17:53:49,076 | [FULL    ] | INFO | full_experiments_using.model_trainers.mobile_vit_trainer | Ep [015/500] T-Acc:  57.3%  V-Acc:  53.0%  V-AUROC: 0.5617  LR: 1.00e-03
2026-08-02 17:54:10,213 | [FULL    ] | INFO | full_experiments_using.model_trainers.mobile_vit_trainer | Ep [016/500] T-Acc:  58.5%  V-Acc:  54.8%  V-AUROC: 0.5748  LR: 1.00e-03
2026-08-02 17:54:31,297 | [FULL    ] | INFO | full_experiments_using.model_trainers.mobile_vit_trainer | Ep [017/500] T-Acc:  59.5%  V-Acc:  55.1%  V-AUROC: 0.5720  LR: 1.00e-03
2026-08-02 17:54:52,471 | [FULL    ] | INFO | full_experiments_using.model_trainers.mobile_vit_trainer | Ep [018/500] T-Acc:  58.2%  V-Acc:  54.3%  V-AUROC: 0.5612  LR: 1.00e-03
2026-08-02 17:55:13,726 | [FULL    ] | INFO | full_experiments_using.model_trainers.mobile_vit_trainer | Ep [019/500] T-Acc:  58.8%  V-Acc:  55.0%  V-AUROC: 0.5640  LR: 2.00e-04
2026-08-02 17:55:35,126 | [FULL    ] | INFO | full_experiments_using.model_trainers.mobile_vit_trainer | Ep [020/500] T-Acc:  59.9%  V-Acc:  54.7%  V-AUROC: 0.5632  LR: 2.00e-04
2026-08-02 17:55:56,416 | [FULL    ] | INFO | full_experiments_using.model_trainers.mobile_vit_trainer | Ep [021/500] T-Acc:  60.3%  V-Acc:  53.8%  V-AUROC: 0.5638  LR: 2.00e-04
2026-08-02 17:56:17,876 | [FULL    ] | INFO | full_experiments_using.model_trainers.mobile_vit_trainer | Ep [022/500] T-Acc:  59.4%  V-Acc:  54.3%  V-AUROC: 0.5661  LR: 2.00e-04
2026-08-02 17:56:39,203 | [FULL    ] | INFO | full_experiments_using.model_trainers.mobile_vit_trainer | Ep [023/500] T-Acc:  58.8%  V-Acc:  53.5%  V-AUROC: 0.5669  LR: 2.00e-04
2026-08-02 17:57:00,424 | [FULL    ] | INFO | full_experiments_using.model_trainers.mobile_vit_trainer | Ep [024/500] T-Acc:  60.2%  V-Acc:  53.2%  V-AUROC: 0.5658  LR: 2.00e-04
2026-08-02 17:57:21,646 | [FULL    ] | INFO | full_experiments_using.model_trainers.mobile_vit_trainer | Ep [025/500] T-Acc:  59.7%  V-Acc:  53.4%  V-AUROC: 0.5637  LR: 2.00e-04
2026-08-02 17:57:42,891 | [FULL    ] | INFO | full_experiments_using.model_trainers.mobile_vit_trainer | Ep [026/500] T-Acc:  59.5%  V-Acc:  54.3%  V-AUROC: 0.5668  LR: 2.00e-04
2026-08-02 17:58:04,057 | [FULL    ] | INFO | full_experiments_using.model_trainers.mobile_vit_trainer | Ep [027/500] T-Acc:  60.2%  V-Acc:  53.9%  V-AUROC: 0.5632  LR: 2.00e-04
2026-08-02 17:58:25,375 | [FULL    ] | INFO | full_experiments_using.model_trainers.mobile_vit_trainer | Ep [028/500] T-Acc:  58.7%  V-Acc:  53.4%  V-AUROC: 0.5615  LR: 2.00e-04
2026-08-02 17:58:46,709 | [FULL    ] | INFO | full_experiments_using.model_trainers.mobile_vit_trainer | Ep [029/500] T-Acc:  59.5%  V-Acc:  53.6%  V-AUROC: 0.5632  LR: 2.00e-04
2026-08-02 17:59:08,073 | [FULL    ] | INFO | full_experiments_using.model_trainers.mobile_vit_trainer | Ep [030/500] T-Acc:  60.3%  V-Acc:  54.0%  V-AUROC: 0.5649  LR: 4.00e-05
2026-08-02 17:59:29,446 | [FULL    ] | INFO | full_experiments_using.model_trainers.mobile_vit_trainer | Ep [031/500] T-Acc:  59.7%  V-Acc:  53.7%  V-AUROC: 0.5648  LR: 4.00e-05
2026-08-02 17:59:50,807 | [FULL    ] | INFO | full_experiments_using.model_trainers.mobile_vit_trainer | Ep [032/500] T-Acc:  60.4%  V-Acc:  53.8%  V-AUROC: 0.5645  LR: 4.00e-05
2026-08-02 18:00:12,368 | [FULL    ] | INFO | full_experiments_using.model_trainers.mobile_vit_trainer | Ep [033/500] T-Acc:  59.4%  V-Acc:  53.1%  V-AUROC: 0.5643  LR: 4.00e-05
2026-08-02 18:00:33,615 | [FULL    ] | INFO | full_experiments_using.model_trainers.mobile_vit_trainer | Ep [034/500] T-Acc:  59.8%  V-Acc:  54.4%  V-AUROC: 0.5653  LR: 4.00e-05
2026-08-02 18:00:54,616 | [FULL    ] | INFO | full_experiments_using.model_trainers.mobile_vit_trainer | Ep [035/500] T-Acc:  59.1%  V-Acc:  53.7%  V-AUROC: 0.5650  LR: 4.00e-05
2026-08-02 18:00:54,616 | [FULL    ] | INFO | full_experiments_using.model_trainers.mobile_vit_trainer | Early stop — best AUROC 0.5848 at epoch 5 (no improvement for 30 epochs)
2026-08-02 18:00:54,616 | [FULL    ] | INFO | full_experiments_using.model_trainers.mobile_vit_trainer | Done. Best AUROC: 0.5848 (epoch 5) → /home/oem/choihyunsu/VOGBasedMCIDetection/outputs/checkpoints/run_20260802_112618_full_wvote_artifact30_w0-5-5-10-0-15-15-30_4err/fold_18_best.pth
2026-08-02 18:01:01,310 | [FULL    ] | INFO | full_experiments_using.evaluators.monte_carlo_evaluator | -> Fold 19 Result | Acc=0.545 Sens=0.286 Spec=1.000 AUROC=0.786
2026-08-02 18:01:01,317 | [FULL    ] | INFO | full_experiments_using.evaluators.monte_carlo_evaluator | === Fold 20/30 | train: 25 subj (HC=11 MCI=14) / 3959 win | test: 12 subj (HC=3 MCI=9) / 1756 win ===
2026-08-02 18:01:01,572 | [FULL    ] | INFO | httpx | HTTP Request: HEAD https://huggingface.co/apple/mobilevit-small/resolve/main/config.json "HTTP/1.1 307 Temporary Redirect"
2026-08-02 18:01:01,588 | [FULL    ] | INFO | httpx | HTTP Request: HEAD https://huggingface.co/api/resolve-cache/models/apple/mobilevit-small/6c8612545dc98676d27bc518fa521d9e9af23e34/config.json "HTTP/1.1 200 OK"
2026-08-02 18:01:01,868 | [FULL    ] | INFO | httpx | HTTP Request: HEAD https://huggingface.co/apple/mobilevit-small/resolve/main/model.safetensors "HTTP/1.1 404 Not Found"
2026-08-02 18:01:02,072 | [FULL    ] | INFO | httpx | HTTP Request: HEAD https://huggingface.co/apple/mobilevit-small/resolve/main/model.safetensors.index.json "HTTP/1.1 404 Not Found"
2026-08-02 18:01:02,283 | [FULL    ] | INFO | httpx | HTTP Request: HEAD https://huggingface.co/apple/mobilevit-small/resolve/main/pytorch_model.bin "HTTP/1.1 302 Found"
2026-08-02 18:01:02,495 | [FULL    ] | INFO | httpx | HTTP Request: HEAD https://huggingface.co/apple/mobilevit-small/resolve/main/model.safetensors "HTTP/1.1 404 Not Found"
2026-08-02 18:01:02,716 | [FULL    ] | INFO | httpx | HTTP Request: GET https://huggingface.co/api/models/apple/mobilevit-small "HTTP/1.1 200 OK"
2026-08-02 18:01:02,933 | [FULL    ] | INFO | httpx | HTTP Request: GET https://huggingface.co/api/models/apple/mobilevit-small/commits/main "HTTP/1.1 200 OK"
2026-08-02 18:01:03,167 | [FULL    ] | INFO | httpx | HTTP Request: GET https://huggingface.co/api/models/apple/mobilevit-small/discussions?p=0 "HTTP/1.1 200 OK"
2026-08-02 18:01:03,375 | [FULL    ] | INFO | httpx | HTTP Request: GET https://huggingface.co/api/models/apple/mobilevit-small/commits/refs%2Fpr%2F6 "HTTP/1.1 200 OK"
2026-08-02 18:01:03,588 | [FULL    ] | INFO | httpx | HTTP Request: HEAD https://huggingface.co/apple/mobilevit-small/resolve/refs%2Fpr%2F6/model.safetensors.index.json "HTTP/1.1 404 Not Found"
2026-08-02 18:01:03,811 | [FULL    ] | INFO | httpx | HTTP Request: HEAD https://huggingface.co/apple/mobilevit-small/resolve/refs%2Fpr%2F6/model.safetensors "HTTP/1.1 302 Found"
2026-08-02 18:01:03,816 | [FULL    ] | INFO | full_experiments_using.model_trainers.mobile_vit_trainer | Device: cuda | max_epochs=500 | batch=32 | eval_batch=256 | es_patience=30
2026-08-02 18:01:03,823 | [FULL    ] | INFO | full_experiments_using.model_trainers.mobile_vit_trainer | CE weights — HC: 1.010  MCI: 0.990
2026-08-02 18:01:38,751 | [FULL    ] | INFO | full_experiments_using.model_trainers.mobile_vit_trainer | Ep [001/500] T-Acc:  51.3%  V-Acc:  54.2%  V-AUROC: 0.5345  LR: 2.00e-04
2026-08-02 18:01:38,809 | [FULL    ] | INFO | full_experiments_using.model_trainers.mobile_vit_trainer |   ↳ new best AUROC; saved checkpoint: /home/oem/choihyunsu/VOGBasedMCIDetection/outputs/checkpoints/run_20260802_112618_full_wvote_artifact30_w0-5-5-10-0-15-15-30_4err/fold_19_best.pth
2026-08-02 18:02:00,322 | [FULL    ] | INFO | full_experiments_using.model_trainers.mobile_vit_trainer | Ep [002/500] T-Acc:  54.1%  V-Acc:  53.7%  V-AUROC: 0.5399  LR: 4.00e-04
2026-08-02 18:02:00,444 | [FULL    ] | INFO | full_experiments_using.model_trainers.mobile_vit_trainer |   ↳ new best AUROC; saved checkpoint: /home/oem/choihyunsu/VOGBasedMCIDetection/outputs/checkpoints/run_20260802_112618_full_wvote_artifact30_w0-5-5-10-0-15-15-30_4err/fold_19_best.pth
2026-08-02 18:02:21,910 | [FULL    ] | INFO | full_experiments_using.model_trainers.mobile_vit_trainer | Ep [003/500] T-Acc:  52.2%  V-Acc:  54.8%  V-AUROC: 0.5513  LR: 6.00e-04
2026-08-02 18:02:22,029 | [FULL    ] | INFO | full_experiments_using.model_trainers.mobile_vit_trainer |   ↳ new best AUROC; saved checkpoint: /home/oem/choihyunsu/VOGBasedMCIDetection/outputs/checkpoints/run_20260802_112618_full_wvote_artifact30_w0-5-5-10-0-15-15-30_4err/fold_19_best.pth
2026-08-02 18:02:43,693 | [FULL    ] | INFO | full_experiments_using.model_trainers.mobile_vit_trainer | Ep [004/500] T-Acc:  51.9%  V-Acc:  54.6%  V-AUROC: 0.5497  LR: 8.00e-04
2026-08-02 18:03:05,126 | [FULL    ] | INFO | full_experiments_using.model_trainers.mobile_vit_trainer | Ep [005/500] T-Acc:  53.4%  V-Acc:  54.7%  V-AUROC: 0.5521  LR: 1.00e-03
2026-08-02 18:03:05,239 | [FULL    ] | INFO | full_experiments_using.model_trainers.mobile_vit_trainer |   ↳ new best AUROC; saved checkpoint: /home/oem/choihyunsu/VOGBasedMCIDetection/outputs/checkpoints/run_20260802_112618_full_wvote_artifact30_w0-5-5-10-0-15-15-30_4err/fold_19_best.pth
2026-08-02 18:03:26,712 | [FULL    ] | INFO | full_experiments_using.model_trainers.mobile_vit_trainer | Ep [006/500] T-Acc:  53.3%  V-Acc:  53.4%  V-AUROC: 0.5359  LR: 1.00e-03
2026-08-02 18:03:48,200 | [FULL    ] | INFO | full_experiments_using.model_trainers.mobile_vit_trainer | Ep [007/500] T-Acc:  54.8%  V-Acc:  55.7%  V-AUROC: 0.5562  LR: 1.00e-03
2026-08-02 18:03:48,321 | [FULL    ] | INFO | full_experiments_using.model_trainers.mobile_vit_trainer |   ↳ new best AUROC; saved checkpoint: /home/oem/choihyunsu/VOGBasedMCIDetection/outputs/checkpoints/run_20260802_112618_full_wvote_artifact30_w0-5-5-10-0-15-15-30_4err/fold_19_best.pth
2026-08-02 18:04:09,661 | [FULL    ] | INFO | full_experiments_using.model_trainers.mobile_vit_trainer | Ep [008/500] T-Acc:  55.5%  V-Acc:  56.4%  V-AUROC: 0.5680  LR: 1.00e-03
2026-08-02 18:04:09,780 | [FULL    ] | INFO | full_experiments_using.model_trainers.mobile_vit_trainer |   ↳ new best AUROC; saved checkpoint: /home/oem/choihyunsu/VOGBasedMCIDetection/outputs/checkpoints/run_20260802_112618_full_wvote_artifact30_w0-5-5-10-0-15-15-30_4err/fold_19_best.pth
2026-08-02 18:04:31,323 | [FULL    ] | INFO | full_experiments_using.model_trainers.mobile_vit_trainer | Ep [009/500] T-Acc:  55.3%  V-Acc:  57.3%  V-AUROC: 0.5757  LR: 1.00e-03
2026-08-02 18:04:31,440 | [FULL    ] | INFO | full_experiments_using.model_trainers.mobile_vit_trainer |   ↳ new best AUROC; saved checkpoint: /home/oem/choihyunsu/VOGBasedMCIDetection/outputs/checkpoints/run_20260802_112618_full_wvote_artifact30_w0-5-5-10-0-15-15-30_4err/fold_19_best.pth
2026-08-02 18:04:52,984 | [FULL    ] | INFO | full_experiments_using.model_trainers.mobile_vit_trainer | Ep [010/500] T-Acc:  55.0%  V-Acc:  56.8%  V-AUROC: 0.5741  LR: 1.00e-03
2026-08-02 18:05:14,514 | [FULL    ] | INFO | full_experiments_using.model_trainers.mobile_vit_trainer | Ep [011/500] T-Acc:  56.6%  V-Acc:  56.4%  V-AUROC: 0.5826  LR: 1.00e-03
2026-08-02 18:05:14,632 | [FULL    ] | INFO | full_experiments_using.model_trainers.mobile_vit_trainer |   ↳ new best AUROC; saved checkpoint: /home/oem/choihyunsu/VOGBasedMCIDetection/outputs/checkpoints/run_20260802_112618_full_wvote_artifact30_w0-5-5-10-0-15-15-30_4err/fold_19_best.pth
2026-08-02 18:05:36,048 | [FULL    ] | INFO | full_experiments_using.model_trainers.mobile_vit_trainer | Ep [012/500] T-Acc:  56.9%  V-Acc:  58.3%  V-AUROC: 0.5927  LR: 1.00e-03
2026-08-02 18:05:36,169 | [FULL    ] | INFO | full_experiments_using.model_trainers.mobile_vit_trainer |   ↳ new best AUROC; saved checkpoint: /home/oem/choihyunsu/VOGBasedMCIDetection/outputs/checkpoints/run_20260802_112618_full_wvote_artifact30_w0-5-5-10-0-15-15-30_4err/fold_19_best.pth
2026-08-02 18:05:57,515 | [FULL    ] | INFO | full_experiments_using.model_trainers.mobile_vit_trainer | Ep [013/500] T-Acc:  56.4%  V-Acc:  58.0%  V-AUROC: 0.5875  LR: 1.00e-03
2026-08-02 18:06:19,106 | [FULL    ] | INFO | full_experiments_using.model_trainers.mobile_vit_trainer | Ep [014/500] T-Acc:  57.1%  V-Acc:  57.3%  V-AUROC: 0.5845  LR: 1.00e-03
2026-08-02 18:06:40,574 | [FULL    ] | INFO | full_experiments_using.model_trainers.mobile_vit_trainer | Ep [015/500] T-Acc:  57.3%  V-Acc:  57.3%  V-AUROC: 0.5749  LR: 1.00e-03
2026-08-02 18:07:02,066 | [FULL    ] | INFO | full_experiments_using.model_trainers.mobile_vit_trainer | Ep [016/500] T-Acc:  56.6%  V-Acc:  56.2%  V-AUROC: 0.5683  LR: 1.00e-03
2026-08-02 18:07:23,468 | [FULL    ] | INFO | full_experiments_using.model_trainers.mobile_vit_trainer | Ep [017/500] T-Acc:  57.0%  V-Acc:  58.0%  V-AUROC: 0.5753  LR: 1.00e-03
2026-08-02 18:07:44,991 | [FULL    ] | INFO | full_experiments_using.model_trainers.mobile_vit_trainer | Ep [018/500] T-Acc:  56.1%  V-Acc:  55.2%  V-AUROC: 0.5721  LR: 1.00e-03
2026-08-02 18:08:06,652 | [FULL    ] | INFO | full_experiments_using.model_trainers.mobile_vit_trainer | Ep [019/500] T-Acc:  57.0%  V-Acc:  57.0%  V-AUROC: 0.5701  LR: 1.00e-03
2026-08-02 18:08:28,269 | [FULL    ] | INFO | full_experiments_using.model_trainers.mobile_vit_trainer | Ep [020/500] T-Acc:  58.5%  V-Acc:  55.6%  V-AUROC: 0.5621  LR: 1.00e-03
2026-08-02 18:08:48,241 | [FULL    ] | INFO | full_experiments_using.model_trainers.mobile_vit_trainer | Ep [021/500] T-Acc:  58.0%  V-Acc:  56.2%  V-AUROC: 0.5786  LR: 1.00e-03
2026-08-02 18:09:07,851 | [FULL    ] | INFO | full_experiments_using.model_trainers.mobile_vit_trainer | Ep [022/500] T-Acc:  57.4%  V-Acc:  57.1%  V-AUROC: 0.5681  LR: 1.00e-03
2026-08-02 18:09:28,590 | [FULL    ] | INFO | full_experiments_using.model_trainers.mobile_vit_trainer | Ep [023/500] T-Acc:  58.5%  V-Acc:  55.9%  V-AUROC: 0.5726  LR: 1.00e-03
2026-08-02 18:09:49,715 | [FULL    ] | INFO | full_experiments_using.model_trainers.mobile_vit_trainer | Ep [024/500] T-Acc:  57.8%  V-Acc:  56.4%  V-AUROC: 0.5771  LR: 2.00e-04
2026-08-02 18:10:10,995 | [FULL    ] | INFO | full_experiments_using.model_trainers.mobile_vit_trainer | Ep [025/500] T-Acc:  58.1%  V-Acc:  55.8%  V-AUROC: 0.5738  LR: 2.00e-04
2026-08-02 18:10:32,564 | [FULL    ] | INFO | full_experiments_using.model_trainers.mobile_vit_trainer | Ep [026/500] T-Acc:  58.3%  V-Acc:  56.7%  V-AUROC: 0.5802  LR: 2.00e-04
2026-08-02 18:10:53,992 | [FULL    ] | INFO | full_experiments_using.model_trainers.mobile_vit_trainer | Ep [027/500] T-Acc:  58.7%  V-Acc:  56.2%  V-AUROC: 0.5793  LR: 2.00e-04
2026-08-02 18:11:15,379 | [FULL    ] | INFO | full_experiments_using.model_trainers.mobile_vit_trainer | Ep [028/500] T-Acc:  59.2%  V-Acc:  57.1%  V-AUROC: 0.5805  LR: 2.00e-04
2026-08-02 18:11:36,841 | [FULL    ] | INFO | full_experiments_using.model_trainers.mobile_vit_trainer | Ep [029/500] T-Acc:  58.6%  V-Acc:  55.9%  V-AUROC: 0.5796  LR: 2.00e-04
2026-08-02 18:11:56,009 | [FULL    ] | INFO | full_experiments_using.model_trainers.mobile_vit_trainer | Ep [030/500] T-Acc:  57.6%  V-Acc:  56.7%  V-AUROC: 0.5757  LR: 2.00e-04
2026-08-02 18:12:17,106 | [FULL    ] | INFO | full_experiments_using.model_trainers.mobile_vit_trainer | Ep [031/500] T-Acc:  59.1%  V-Acc:  55.5%  V-AUROC: 0.5801  LR: 2.00e-04
2026-08-02 18:12:36,551 | [FULL    ] | INFO | full_experiments_using.model_trainers.mobile_vit_trainer | Ep [032/500] T-Acc:  59.6%  V-Acc:  55.5%  V-AUROC: 0.5747  LR: 2.00e-04
2026-08-02 18:12:57,869 | [FULL    ] | INFO | full_experiments_using.model_trainers.mobile_vit_trainer | Ep [033/500] T-Acc:  59.0%  V-Acc:  55.1%  V-AUROC: 0.5730  LR: 2.00e-04
2026-08-02 18:13:19,367 | [FULL    ] | INFO | full_experiments_using.model_trainers.mobile_vit_trainer | Ep [034/500] T-Acc:  59.2%  V-Acc:  54.8%  V-AUROC: 0.5683  LR: 2.00e-04
2026-08-02 18:13:40,865 | [FULL    ] | INFO | full_experiments_using.model_trainers.mobile_vit_trainer | Ep [035/500] T-Acc:  59.1%  V-Acc:  55.0%  V-AUROC: 0.5657  LR: 4.00e-05
2026-08-02 18:14:02,510 | [FULL    ] | INFO | full_experiments_using.model_trainers.mobile_vit_trainer | Ep [036/500] T-Acc:  58.8%  V-Acc:  55.4%  V-AUROC: 0.5673  LR: 4.00e-05
2026-08-02 18:14:23,929 | [FULL    ] | INFO | full_experiments_using.model_trainers.mobile_vit_trainer | Ep [037/500] T-Acc:  57.6%  V-Acc:  55.3%  V-AUROC: 0.5714  LR: 4.00e-05
2026-08-02 18:14:45,215 | [FULL    ] | INFO | full_experiments_using.model_trainers.mobile_vit_trainer | Ep [038/500] T-Acc:  59.8%  V-Acc:  55.6%  V-AUROC: 0.5689  LR: 4.00e-05
2026-08-02 18:15:06,668 | [FULL    ] | INFO | full_experiments_using.model_trainers.mobile_vit_trainer | Ep [039/500] T-Acc:  58.6%  V-Acc:  55.2%  V-AUROC: 0.5714  LR: 4.00e-05
2026-08-02 18:15:28,207 | [FULL    ] | INFO | full_experiments_using.model_trainers.mobile_vit_trainer | Ep [040/500] T-Acc:  59.2%  V-Acc:  55.8%  V-AUROC: 0.5711  LR: 4.00e-05
2026-08-02 18:15:49,680 | [FULL    ] | INFO | full_experiments_using.model_trainers.mobile_vit_trainer | Ep [041/500] T-Acc:  58.4%  V-Acc:  55.3%  V-AUROC: 0.5714  LR: 4.00e-05
2026-08-02 18:16:11,165 | [FULL    ] | INFO | full_experiments_using.model_trainers.mobile_vit_trainer | Ep [042/500] T-Acc:  59.2%  V-Acc:  55.0%  V-AUROC: 0.5701  LR: 4.00e-05
2026-08-02 18:16:11,165 | [FULL    ] | INFO | full_experiments_using.model_trainers.mobile_vit_trainer | Early stop — best AUROC 0.5927 at epoch 12 (no improvement for 30 epochs)
2026-08-02 18:16:11,165 | [FULL    ] | INFO | full_experiments_using.model_trainers.mobile_vit_trainer | Done. Best AUROC: 0.5927 (epoch 12) → /home/oem/choihyunsu/VOGBasedMCIDetection/outputs/checkpoints/run_20260802_112618_full_wvote_artifact30_w0-5-5-10-0-15-15-30_4err/fold_19_best.pth
2026-08-02 18:16:18,765 | [FULL    ] | INFO | full_experiments_using.evaluators.monte_carlo_evaluator | -> Fold 20 Result | Acc=0.700 Sens=1.000 Spec=0.000 AUROC=1.000
2026-08-02 18:16:18,772 | [FULL    ] | INFO | full_experiments_using.evaluators.monte_carlo_evaluator | === Fold 21/30 | train: 25 subj (HC=8 MCI=17) / 3872 win | test: 12 subj (HC=6 MCI=6) / 1843 win ===
2026-08-02 18:16:19,004 | [FULL    ] | INFO | httpx | HTTP Request: HEAD https://huggingface.co/apple/mobilevit-small/resolve/main/config.json "HTTP/1.1 307 Temporary Redirect"
2026-08-02 18:16:19,016 | [FULL    ] | INFO | httpx | HTTP Request: HEAD https://huggingface.co/api/resolve-cache/models/apple/mobilevit-small/6c8612545dc98676d27bc518fa521d9e9af23e34/config.json "HTTP/1.1 200 OK"
2026-08-02 18:16:19,296 | [FULL    ] | INFO | httpx | HTTP Request: HEAD https://huggingface.co/apple/mobilevit-small/resolve/main/model.safetensors "HTTP/1.1 404 Not Found"
2026-08-02 18:16:19,497 | [FULL    ] | INFO | httpx | HTTP Request: HEAD https://huggingface.co/apple/mobilevit-small/resolve/main/model.safetensors.index.json "HTTP/1.1 404 Not Found"
2026-08-02 18:16:19,695 | [FULL    ] | INFO | httpx | HTTP Request: HEAD https://huggingface.co/apple/mobilevit-small/resolve/main/pytorch_model.bin "HTTP/1.1 302 Found"
2026-08-02 18:16:19,901 | [FULL    ] | INFO | httpx | HTTP Request: HEAD https://huggingface.co/apple/mobilevit-small/resolve/main/model.safetensors "HTTP/1.1 404 Not Found"
2026-08-02 18:16:20,104 | [FULL    ] | INFO | httpx | HTTP Request: GET https://huggingface.co/api/models/apple/mobilevit-small "HTTP/1.1 200 OK"
2026-08-02 18:16:20,323 | [FULL    ] | INFO | httpx | HTTP Request: GET https://huggingface.co/api/models/apple/mobilevit-small/commits/main "HTTP/1.1 200 OK"
2026-08-02 18:16:20,553 | [FULL    ] | INFO | httpx | HTTP Request: GET https://huggingface.co/api/models/apple/mobilevit-small/discussions?p=0 "HTTP/1.1 200 OK"
2026-08-02 18:16:20,773 | [FULL    ] | INFO | httpx | HTTP Request: GET https://huggingface.co/api/models/apple/mobilevit-small/commits/refs%2Fpr%2F6 "HTTP/1.1 200 OK"
2026-08-02 18:16:20,979 | [FULL    ] | INFO | httpx | HTTP Request: HEAD https://huggingface.co/apple/mobilevit-small/resolve/refs%2Fpr%2F6/model.safetensors.index.json "HTTP/1.1 404 Not Found"
2026-08-02 18:16:21,099 | [FULL    ] | INFO | full_experiments_using.model_trainers.mobile_vit_trainer | Device: cuda | max_epochs=500 | batch=32 | eval_batch=256 | es_patience=30
2026-08-02 18:16:21,107 | [FULL    ] | INFO | full_experiments_using.model_trainers.mobile_vit_trainer | CE weights — HC: 1.321  MCI: 0.805
2026-08-02 18:16:21,192 | [FULL    ] | INFO | httpx | HTTP Request: HEAD https://huggingface.co/apple/mobilevit-small/resolve/refs%2Fpr%2F6/model.safetensors "HTTP/1.1 302 Found"
2026-08-02 18:16:48,788 | [FULL    ] | INFO | full_experiments_using.model_trainers.mobile_vit_trainer | Ep [001/500] T-Acc:  50.0%  V-Acc:  49.3%  V-AUROC: 0.4924  LR: 2.00e-04
2026-08-02 18:16:48,848 | [FULL    ] | INFO | full_experiments_using.model_trainers.mobile_vit_trainer |   ↳ new best AUROC; saved checkpoint: /home/oem/choihyunsu/VOGBasedMCIDetection/outputs/checkpoints/run_20260802_112618_full_wvote_artifact30_w0-5-5-10-0-15-15-30_4err/fold_20_best.pth
2026-08-02 18:17:10,015 | [FULL    ] | INFO | full_experiments_using.model_trainers.mobile_vit_trainer | Ep [002/500] T-Acc:  50.5%  V-Acc:  49.6%  V-AUROC: 0.4890  LR: 4.00e-04
2026-08-02 18:17:31,253 | [FULL    ] | INFO | full_experiments_using.model_trainers.mobile_vit_trainer | Ep [003/500] T-Acc:  51.3%  V-Acc:  49.7%  V-AUROC: 0.4916  LR: 6.00e-04
2026-08-02 18:17:52,758 | [FULL    ] | INFO | full_experiments_using.model_trainers.mobile_vit_trainer | Ep [004/500] T-Acc:  51.8%  V-Acc:  50.5%  V-AUROC: 0.5202  LR: 8.00e-04
2026-08-02 18:17:52,875 | [FULL    ] | INFO | full_experiments_using.model_trainers.mobile_vit_trainer |   ↳ new best AUROC; saved checkpoint: /home/oem/choihyunsu/VOGBasedMCIDetection/outputs/checkpoints/run_20260802_112618_full_wvote_artifact30_w0-5-5-10-0-15-15-30_4err/fold_20_best.pth
2026-08-02 18:18:14,191 | [FULL    ] | INFO | full_experiments_using.model_trainers.mobile_vit_trainer | Ep [005/500] T-Acc:  53.0%  V-Acc:  52.0%  V-AUROC: 0.5279  LR: 1.00e-03
2026-08-02 18:18:14,312 | [FULL    ] | INFO | full_experiments_using.model_trainers.mobile_vit_trainer |   ↳ new best AUROC; saved checkpoint: /home/oem/choihyunsu/VOGBasedMCIDetection/outputs/checkpoints/run_20260802_112618_full_wvote_artifact30_w0-5-5-10-0-15-15-30_4err/fold_20_best.pth
2026-08-02 18:18:35,646 | [FULL    ] | INFO | full_experiments_using.model_trainers.mobile_vit_trainer | Ep [006/500] T-Acc:  53.5%  V-Acc:  51.2%  V-AUROC: 0.5226  LR: 1.00e-03
2026-08-02 18:18:56,788 | [FULL    ] | INFO | full_experiments_using.model_trainers.mobile_vit_trainer | Ep [007/500] T-Acc:  54.9%  V-Acc:  52.8%  V-AUROC: 0.5539  LR: 1.00e-03
2026-08-02 18:18:56,917 | [FULL    ] | INFO | full_experiments_using.model_trainers.mobile_vit_trainer |   ↳ new best AUROC; saved checkpoint: /home/oem/choihyunsu/VOGBasedMCIDetection/outputs/checkpoints/run_20260802_112618_full_wvote_artifact30_w0-5-5-10-0-15-15-30_4err/fold_20_best.pth
2026-08-02 18:19:18,039 | [FULL    ] | INFO | full_experiments_using.model_trainers.mobile_vit_trainer | Ep [008/500] T-Acc:  55.6%  V-Acc:  52.9%  V-AUROC: 0.5626  LR: 1.00e-03
2026-08-02 18:19:18,220 | [FULL    ] | INFO | full_experiments_using.model_trainers.mobile_vit_trainer |   ↳ new best AUROC; saved checkpoint: /home/oem/choihyunsu/VOGBasedMCIDetection/outputs/checkpoints/run_20260802_112618_full_wvote_artifact30_w0-5-5-10-0-15-15-30_4err/fold_20_best.pth
2026-08-02 18:19:39,454 | [FULL    ] | INFO | full_experiments_using.model_trainers.mobile_vit_trainer | Ep [009/500] T-Acc:  56.0%  V-Acc:  52.0%  V-AUROC: 0.5542  LR: 1.00e-03
2026-08-02 18:20:00,721 | [FULL    ] | INFO | full_experiments_using.model_trainers.mobile_vit_trainer | Ep [010/500] T-Acc:  55.4%  V-Acc:  51.2%  V-AUROC: 0.5452  LR: 1.00e-03
2026-08-02 18:20:22,048 | [FULL    ] | INFO | full_experiments_using.model_trainers.mobile_vit_trainer | Ep [011/500] T-Acc:  55.6%  V-Acc:  53.6%  V-AUROC: 0.5581  LR: 1.00e-03
2026-08-02 18:20:43,431 | [FULL    ] | INFO | full_experiments_using.model_trainers.mobile_vit_trainer | Ep [012/500] T-Acc:  57.7%  V-Acc:  52.0%  V-AUROC: 0.5485  LR: 1.00e-03
2026-08-02 18:21:04,794 | [FULL    ] | INFO | full_experiments_using.model_trainers.mobile_vit_trainer | Ep [013/500] T-Acc:  57.2%  V-Acc:  52.9%  V-AUROC: 0.5583  LR: 1.00e-03
2026-08-02 18:21:26,307 | [FULL    ] | INFO | full_experiments_using.model_trainers.mobile_vit_trainer | Ep [014/500] T-Acc:  58.0%  V-Acc:  52.8%  V-AUROC: 0.5558  LR: 1.00e-03
2026-08-02 18:21:47,652 | [FULL    ] | INFO | full_experiments_using.model_trainers.mobile_vit_trainer | Ep [015/500] T-Acc:  58.8%  V-Acc:  53.3%  V-AUROC: 0.5620  LR: 1.00e-03
2026-08-02 18:22:08,942 | [FULL    ] | INFO | full_experiments_using.model_trainers.mobile_vit_trainer | Ep [016/500] T-Acc:  58.1%  V-Acc:  53.3%  V-AUROC: 0.5599  LR: 1.00e-03
2026-08-02 18:22:30,370 | [FULL    ] | INFO | full_experiments_using.model_trainers.mobile_vit_trainer | Ep [017/500] T-Acc:  59.8%  V-Acc:  53.7%  V-AUROC: 0.5666  LR: 1.00e-03
2026-08-02 18:22:30,488 | [FULL    ] | INFO | full_experiments_using.model_trainers.mobile_vit_trainer |   ↳ new best AUROC; saved checkpoint: /home/oem/choihyunsu/VOGBasedMCIDetection/outputs/checkpoints/run_20260802_112618_full_wvote_artifact30_w0-5-5-10-0-15-15-30_4err/fold_20_best.pth
2026-08-02 18:22:51,731 | [FULL    ] | INFO | full_experiments_using.model_trainers.mobile_vit_trainer | Ep [018/500] T-Acc:  60.7%  V-Acc:  53.1%  V-AUROC: 0.5674  LR: 1.00e-03
2026-08-02 18:22:51,867 | [FULL    ] | INFO | full_experiments_using.model_trainers.mobile_vit_trainer |   ↳ new best AUROC; saved checkpoint: /home/oem/choihyunsu/VOGBasedMCIDetection/outputs/checkpoints/run_20260802_112618_full_wvote_artifact30_w0-5-5-10-0-15-15-30_4err/fold_20_best.pth
2026-08-02 18:23:13,220 | [FULL    ] | INFO | full_experiments_using.model_trainers.mobile_vit_trainer | Ep [019/500] T-Acc:  59.1%  V-Acc:  53.7%  V-AUROC: 0.5670  LR: 1.00e-03
2026-08-02 18:23:34,592 | [FULL    ] | INFO | full_experiments_using.model_trainers.mobile_vit_trainer | Ep [020/500] T-Acc:  60.6%  V-Acc:  53.9%  V-AUROC: 0.5688  LR: 1.00e-03
2026-08-02 18:23:34,744 | [FULL    ] | INFO | full_experiments_using.model_trainers.mobile_vit_trainer |   ↳ new best AUROC; saved checkpoint: /home/oem/choihyunsu/VOGBasedMCIDetection/outputs/checkpoints/run_20260802_112618_full_wvote_artifact30_w0-5-5-10-0-15-15-30_4err/fold_20_best.pth
2026-08-02 18:23:55,969 | [FULL    ] | INFO | full_experiments_using.model_trainers.mobile_vit_trainer | Ep [021/500] T-Acc:  60.3%  V-Acc:  54.5%  V-AUROC: 0.5738  LR: 1.00e-03
2026-08-02 18:23:56,094 | [FULL    ] | INFO | full_experiments_using.model_trainers.mobile_vit_trainer |   ↳ new best AUROC; saved checkpoint: /home/oem/choihyunsu/VOGBasedMCIDetection/outputs/checkpoints/run_20260802_112618_full_wvote_artifact30_w0-5-5-10-0-15-15-30_4err/fold_20_best.pth
2026-08-02 18:24:17,338 | [FULL    ] | INFO | full_experiments_using.model_trainers.mobile_vit_trainer | Ep [022/500] T-Acc:  60.0%  V-Acc:  54.3%  V-AUROC: 0.5726  LR: 1.00e-03
2026-08-02 18:24:38,600 | [FULL    ] | INFO | full_experiments_using.model_trainers.mobile_vit_trainer | Ep [023/500] T-Acc:  60.8%  V-Acc:  54.5%  V-AUROC: 0.5709  LR: 1.00e-03
2026-08-02 18:24:59,701 | [FULL    ] | INFO | full_experiments_using.model_trainers.mobile_vit_trainer | Ep [024/500] T-Acc:  60.6%  V-Acc:  54.2%  V-AUROC: 0.5721  LR: 1.00e-03
2026-08-02 18:25:18,948 | [FULL    ] | INFO | full_experiments_using.model_trainers.mobile_vit_trainer | Ep [025/500] T-Acc:  60.7%  V-Acc:  53.9%  V-AUROC: 0.5688  LR: 1.00e-03
2026-08-02 18:25:38,324 | [FULL    ] | INFO | full_experiments_using.model_trainers.mobile_vit_trainer | Ep [026/500] T-Acc:  60.9%  V-Acc:  53.9%  V-AUROC: 0.5667  LR: 1.00e-03
2026-08-02 18:25:59,331 | [FULL    ] | INFO | full_experiments_using.model_trainers.mobile_vit_trainer | Ep [027/500] T-Acc:  61.4%  V-Acc:  53.4%  V-AUROC: 0.5668  LR: 1.00e-03
2026-08-02 18:26:20,611 | [FULL    ] | INFO | full_experiments_using.model_trainers.mobile_vit_trainer | Ep [028/500] T-Acc:  61.0%  V-Acc:  54.0%  V-AUROC: 0.5698  LR: 1.00e-03
2026-08-02 18:26:41,533 | [FULL    ] | INFO | full_experiments_using.model_trainers.mobile_vit_trainer | Ep [029/500] T-Acc:  61.6%  V-Acc:  55.0%  V-AUROC: 0.5747  LR: 1.00e-03
2026-08-02 18:26:41,659 | [FULL    ] | INFO | full_experiments_using.model_trainers.mobile_vit_trainer |   ↳ new best AUROC; saved checkpoint: /home/oem/choihyunsu/VOGBasedMCIDetection/outputs/checkpoints/run_20260802_112618_full_wvote_artifact30_w0-5-5-10-0-15-15-30_4err/fold_20_best.pth
2026-08-02 18:27:02,997 | [FULL    ] | INFO | full_experiments_using.model_trainers.mobile_vit_trainer | Ep [030/500] T-Acc:  62.8%  V-Acc:  53.8%  V-AUROC: 0.5714  LR: 1.00e-03
2026-08-02 18:27:24,250 | [FULL    ] | INFO | full_experiments_using.model_trainers.mobile_vit_trainer | Ep [031/500] T-Acc:  62.2%  V-Acc:  53.7%  V-AUROC: 0.5646  LR: 1.00e-03
2026-08-02 18:27:45,620 | [FULL    ] | INFO | full_experiments_using.model_trainers.mobile_vit_trainer | Ep [032/500] T-Acc:  61.9%  V-Acc:  54.2%  V-AUROC: 0.5624  LR: 1.00e-03
2026-08-02 18:28:07,052 | [FULL    ] | INFO | full_experiments_using.model_trainers.mobile_vit_trainer | Ep [033/500] T-Acc:  63.1%  V-Acc:  55.3%  V-AUROC: 0.5716  LR: 1.00e-03
2026-08-02 18:28:28,375 | [FULL    ] | INFO | full_experiments_using.model_trainers.mobile_vit_trainer | Ep [034/500] T-Acc:  62.7%  V-Acc:  54.1%  V-AUROC: 0.5698  LR: 1.00e-03
2026-08-02 18:28:49,679 | [FULL    ] | INFO | full_experiments_using.model_trainers.mobile_vit_trainer | Ep [035/500] T-Acc:  61.8%  V-Acc:  54.4%  V-AUROC: 0.5731  LR: 1.00e-03
2026-08-02 18:29:10,927 | [FULL    ] | INFO | full_experiments_using.model_trainers.mobile_vit_trainer | Ep [036/500] T-Acc:  63.6%  V-Acc:  54.0%  V-AUROC: 0.5680  LR: 1.00e-03
2026-08-02 18:29:32,172 | [FULL    ] | INFO | full_experiments_using.model_trainers.mobile_vit_trainer | Ep [037/500] T-Acc:  63.8%  V-Acc:  53.0%  V-AUROC: 0.5613  LR: 1.00e-03
2026-08-02 18:29:53,471 | [FULL    ] | INFO | full_experiments_using.model_trainers.mobile_vit_trainer | Ep [038/500] T-Acc:  63.1%  V-Acc:  51.7%  V-AUROC: 0.5571  LR: 1.00e-03
2026-08-02 18:30:14,818 | [FULL    ] | INFO | full_experiments_using.model_trainers.mobile_vit_trainer | Ep [039/500] T-Acc:  62.7%  V-Acc:  52.8%  V-AUROC: 0.5573  LR: 1.00e-03
2026-08-02 18:30:36,105 | [FULL    ] | INFO | full_experiments_using.model_trainers.mobile_vit_trainer | Ep [040/500] T-Acc:  63.5%  V-Acc:  51.8%  V-AUROC: 0.5609  LR: 1.00e-03
2026-08-02 18:30:57,447 | [FULL    ] | INFO | full_experiments_using.model_trainers.mobile_vit_trainer | Ep [041/500] T-Acc:  64.4%  V-Acc:  51.8%  V-AUROC: 0.5580  LR: 2.00e-04
2026-08-02 18:31:18,749 | [FULL    ] | INFO | full_experiments_using.model_trainers.mobile_vit_trainer | Ep [042/500] T-Acc:  64.4%  V-Acc:  52.8%  V-AUROC: 0.5610  LR: 2.00e-04
2026-08-02 18:31:39,968 | [FULL    ] | INFO | full_experiments_using.model_trainers.mobile_vit_trainer | Ep [043/500] T-Acc:  64.4%  V-Acc:  53.4%  V-AUROC: 0.5618  LR: 2.00e-04
2026-08-02 18:32:01,289 | [FULL    ] | INFO | full_experiments_using.model_trainers.mobile_vit_trainer | Ep [044/500] T-Acc:  64.9%  V-Acc:  52.6%  V-AUROC: 0.5605  LR: 2.00e-04
2026-08-02 18:32:22,509 | [FULL    ] | INFO | full_experiments_using.model_trainers.mobile_vit_trainer | Ep [045/500] T-Acc:  64.4%  V-Acc:  52.0%  V-AUROC: 0.5622  LR: 2.00e-04
2026-08-02 18:32:43,883 | [FULL    ] | INFO | full_experiments_using.model_trainers.mobile_vit_trainer | Ep [046/500] T-Acc:  63.4%  V-Acc:  52.6%  V-AUROC: 0.5598  LR: 2.00e-04
2026-08-02 18:33:05,310 | [FULL    ] | INFO | full_experiments_using.model_trainers.mobile_vit_trainer | Ep [047/500] T-Acc:  64.0%  V-Acc:  52.5%  V-AUROC: 0.5613  LR: 2.00e-04
2026-08-02 18:33:26,548 | [FULL    ] | INFO | full_experiments_using.model_trainers.mobile_vit_trainer | Ep [048/500] T-Acc:  63.6%  V-Acc:  51.9%  V-AUROC: 0.5619  LR: 2.00e-04
2026-08-02 18:33:47,992 | [FULL    ] | INFO | full_experiments_using.model_trainers.mobile_vit_trainer | Ep [049/500] T-Acc:  64.6%  V-Acc:  52.7%  V-AUROC: 0.5611  LR: 2.00e-04
2026-08-02 18:34:09,272 | [FULL    ] | INFO | full_experiments_using.model_trainers.mobile_vit_trainer | Ep [050/500] T-Acc:  63.6%  V-Acc:  52.2%  V-AUROC: 0.5571  LR: 2.00e-04
2026-08-02 18:34:30,809 | [FULL    ] | INFO | full_experiments_using.model_trainers.mobile_vit_trainer | Ep [051/500] T-Acc:  63.6%  V-Acc:  53.6%  V-AUROC: 0.5621  LR: 2.00e-04
2026-08-02 18:34:52,217 | [FULL    ] | INFO | full_experiments_using.model_trainers.mobile_vit_trainer | Ep [052/500] T-Acc:  63.9%  V-Acc:  52.4%  V-AUROC: 0.5575  LR: 4.00e-05
2026-08-02 18:35:11,801 | [FULL    ] | INFO | full_experiments_using.model_trainers.mobile_vit_trainer | Ep [053/500] T-Acc:  64.2%  V-Acc:  52.4%  V-AUROC: 0.5575  LR: 4.00e-05
2026-08-02 18:35:30,954 | [FULL    ] | INFO | full_experiments_using.model_trainers.mobile_vit_trainer | Ep [054/500] T-Acc:  64.9%  V-Acc:  52.6%  V-AUROC: 0.5581  LR: 4.00e-05
2026-08-02 18:35:52,279 | [FULL    ] | INFO | full_experiments_using.model_trainers.mobile_vit_trainer | Ep [055/500] T-Acc:  64.1%  V-Acc:  52.4%  V-AUROC: 0.5616  LR: 4.00e-05
2026-08-02 18:36:13,181 | [FULL    ] | INFO | full_experiments_using.model_trainers.mobile_vit_trainer | Ep [056/500] T-Acc:  63.8%  V-Acc:  52.1%  V-AUROC: 0.5605  LR: 4.00e-05
2026-08-02 18:36:34,573 | [FULL    ] | INFO | full_experiments_using.model_trainers.mobile_vit_trainer | Ep [057/500] T-Acc:  64.0%  V-Acc:  52.7%  V-AUROC: 0.5560  LR: 4.00e-05
2026-08-02 18:36:55,894 | [FULL    ] | INFO | full_experiments_using.model_trainers.mobile_vit_trainer | Ep [058/500] T-Acc:  63.7%  V-Acc:  52.6%  V-AUROC: 0.5566  LR: 4.00e-05
2026-08-02 18:37:17,016 | [FULL    ] | INFO | full_experiments_using.model_trainers.mobile_vit_trainer | Ep [059/500] T-Acc:  64.5%  V-Acc:  52.5%  V-AUROC: 0.5630  LR: 4.00e-05
2026-08-02 18:37:17,016 | [FULL    ] | INFO | full_experiments_using.model_trainers.mobile_vit_trainer | Early stop — best AUROC 0.5747 at epoch 29 (no improvement for 30 epochs)
2026-08-02 18:37:17,016 | [FULL    ] | INFO | full_experiments_using.model_trainers.mobile_vit_trainer | Done. Best AUROC: 0.5747 (epoch 29) → /home/oem/choihyunsu/VOGBasedMCIDetection/outputs/checkpoints/run_20260802_112618_full_wvote_artifact30_w0-5-5-10-0-15-15-30_4err/fold_20_best.pth
2026-08-02 18:37:23,370 | [FULL    ] | INFO | full_experiments_using.evaluators.monte_carlo_evaluator | -> Fold 21 Result | Acc=0.636 Sens=0.833 Spec=0.400 AUROC=0.767
2026-08-02 18:37:23,377 | [FULL    ] | INFO | full_experiments_using.evaluators.monte_carlo_evaluator | === Fold 22/30 | train: 25 subj (HC=9 MCI=16) / 3837 win | test: 12 subj (HC=5 MCI=7) / 1878 win ===
2026-08-02 18:37:23,599 | [FULL    ] | INFO | httpx | HTTP Request: HEAD https://huggingface.co/apple/mobilevit-small/resolve/main/config.json "HTTP/1.1 307 Temporary Redirect"
2026-08-02 18:37:23,611 | [FULL    ] | INFO | httpx | HTTP Request: HEAD https://huggingface.co/api/resolve-cache/models/apple/mobilevit-small/6c8612545dc98676d27bc518fa521d9e9af23e34/config.json "HTTP/1.1 200 OK"
2026-08-02 18:37:23,886 | [FULL    ] | INFO | httpx | HTTP Request: HEAD https://huggingface.co/apple/mobilevit-small/resolve/main/model.safetensors "HTTP/1.1 404 Not Found"
2026-08-02 18:37:24,091 | [FULL    ] | INFO | httpx | HTTP Request: HEAD https://huggingface.co/apple/mobilevit-small/resolve/main/model.safetensors.index.json "HTTP/1.1 404 Not Found"
2026-08-02 18:37:24,291 | [FULL    ] | INFO | httpx | HTTP Request: HEAD https://huggingface.co/apple/mobilevit-small/resolve/main/pytorch_model.bin "HTTP/1.1 302 Found"
2026-08-02 18:37:24,489 | [FULL    ] | INFO | httpx | HTTP Request: HEAD https://huggingface.co/apple/mobilevit-small/resolve/main/model.safetensors "HTTP/1.1 404 Not Found"
2026-08-02 18:37:24,693 | [FULL    ] | INFO | httpx | HTTP Request: GET https://huggingface.co/api/models/apple/mobilevit-small "HTTP/1.1 200 OK"
2026-08-02 18:37:24,933 | [FULL    ] | INFO | httpx | HTTP Request: GET https://huggingface.co/api/models/apple/mobilevit-small/commits/main "HTTP/1.1 200 OK"
2026-08-02 18:37:25,147 | [FULL    ] | INFO | httpx | HTTP Request: GET https://huggingface.co/api/models/apple/mobilevit-small/discussions?p=0 "HTTP/1.1 200 OK"
2026-08-02 18:37:25,352 | [FULL    ] | INFO | httpx | HTTP Request: GET https://huggingface.co/api/models/apple/mobilevit-small/commits/refs%2Fpr%2F6 "HTTP/1.1 200 OK"
2026-08-02 18:37:25,557 | [FULL    ] | INFO | httpx | HTTP Request: HEAD https://huggingface.co/apple/mobilevit-small/resolve/refs%2Fpr%2F6/model.safetensors.index.json "HTTP/1.1 404 Not Found"
2026-08-02 18:37:25,743 | [FULL    ] | INFO | full_experiments_using.model_trainers.mobile_vit_trainer | Device: cuda | max_epochs=500 | batch=32 | eval_batch=256 | es_patience=30
2026-08-02 18:37:25,751 | [FULL    ] | INFO | full_experiments_using.model_trainers.mobile_vit_trainer | CE weights — HC: 1.204  MCI: 0.855
2026-08-02 18:37:25,768 | [FULL    ] | INFO | httpx | HTTP Request: HEAD https://huggingface.co/apple/mobilevit-small/resolve/refs%2Fpr%2F6/model.safetensors "HTTP/1.1 302 Found"
2026-08-02 18:37:56,547 | [FULL    ] | INFO | full_experiments_using.model_trainers.mobile_vit_trainer | Ep [001/500] T-Acc:  52.9%  V-Acc:  49.3%  V-AUROC: 0.4968  LR: 2.00e-04
2026-08-02 18:37:56,607 | [FULL    ] | INFO | full_experiments_using.model_trainers.mobile_vit_trainer |   ↳ new best AUROC; saved checkpoint: /home/oem/choihyunsu/VOGBasedMCIDetection/outputs/checkpoints/run_20260802_112618_full_wvote_artifact30_w0-5-5-10-0-15-15-30_4err/fold_21_best.pth
2026-08-02 18:38:17,584 | [FULL    ] | INFO | full_experiments_using.model_trainers.mobile_vit_trainer | Ep [002/500] T-Acc:  52.9%  V-Acc:  49.9%  V-AUROC: 0.4988  LR: 4.00e-04
2026-08-02 18:38:17,720 | [FULL    ] | INFO | full_experiments_using.model_trainers.mobile_vit_trainer |   ↳ new best AUROC; saved checkpoint: /home/oem/choihyunsu/VOGBasedMCIDetection/outputs/checkpoints/run_20260802_112618_full_wvote_artifact30_w0-5-5-10-0-15-15-30_4err/fold_21_best.pth
2026-08-02 18:38:38,871 | [FULL    ] | INFO | full_experiments_using.model_trainers.mobile_vit_trainer | Ep [003/500] T-Acc:  53.8%  V-Acc:  49.8%  V-AUROC: 0.5051  LR: 6.00e-04
2026-08-02 18:38:39,007 | [FULL    ] | INFO | full_experiments_using.model_trainers.mobile_vit_trainer |   ↳ new best AUROC; saved checkpoint: /home/oem/choihyunsu/VOGBasedMCIDetection/outputs/checkpoints/run_20260802_112618_full_wvote_artifact30_w0-5-5-10-0-15-15-30_4err/fold_21_best.pth
2026-08-02 18:39:00,010 | [FULL    ] | INFO | full_experiments_using.model_trainers.mobile_vit_trainer | Ep [004/500] T-Acc:  52.3%  V-Acc:  50.9%  V-AUROC: 0.5168  LR: 8.00e-04
2026-08-02 18:39:00,180 | [FULL    ] | INFO | full_experiments_using.model_trainers.mobile_vit_trainer |   ↳ new best AUROC; saved checkpoint: /home/oem/choihyunsu/VOGBasedMCIDetection/outputs/checkpoints/run_20260802_112618_full_wvote_artifact30_w0-5-5-10-0-15-15-30_4err/fold_21_best.pth
2026-08-02 18:39:21,235 | [FULL    ] | INFO | full_experiments_using.model_trainers.mobile_vit_trainer | Ep [005/500] T-Acc:  53.5%  V-Acc:  52.4%  V-AUROC: 0.5333  LR: 1.00e-03
2026-08-02 18:39:21,347 | [FULL    ] | INFO | full_experiments_using.model_trainers.mobile_vit_trainer |   ↳ new best AUROC; saved checkpoint: /home/oem/choihyunsu/VOGBasedMCIDetection/outputs/checkpoints/run_20260802_112618_full_wvote_artifact30_w0-5-5-10-0-15-15-30_4err/fold_21_best.pth
2026-08-02 18:39:42,210 | [FULL    ] | INFO | full_experiments_using.model_trainers.mobile_vit_trainer | Ep [006/500] T-Acc:  54.9%  V-Acc:  53.0%  V-AUROC: 0.5543  LR: 1.00e-03
2026-08-02 18:39:42,364 | [FULL    ] | INFO | full_experiments_using.model_trainers.mobile_vit_trainer |   ↳ new best AUROC; saved checkpoint: /home/oem/choihyunsu/VOGBasedMCIDetection/outputs/checkpoints/run_20260802_112618_full_wvote_artifact30_w0-5-5-10-0-15-15-30_4err/fold_21_best.pth
2026-08-02 18:40:03,454 | [FULL    ] | INFO | full_experiments_using.model_trainers.mobile_vit_trainer | Ep [007/500] T-Acc:  53.6%  V-Acc:  55.4%  V-AUROC: 0.5718  LR: 1.00e-03
2026-08-02 18:40:03,601 | [FULL    ] | INFO | full_experiments_using.model_trainers.mobile_vit_trainer |   ↳ new best AUROC; saved checkpoint: /home/oem/choihyunsu/VOGBasedMCIDetection/outputs/checkpoints/run_20260802_112618_full_wvote_artifact30_w0-5-5-10-0-15-15-30_4err/fold_21_best.pth
2026-08-02 18:40:23,218 | [FULL    ] | INFO | full_experiments_using.model_trainers.mobile_vit_trainer | Ep [008/500] T-Acc:  53.4%  V-Acc:  55.7%  V-AUROC: 0.5641  LR: 1.00e-03
2026-08-02 18:40:44,165 | [FULL    ] | INFO | full_experiments_using.model_trainers.mobile_vit_trainer | Ep [009/500] T-Acc:  54.3%  V-Acc:  54.5%  V-AUROC: 0.5642  LR: 1.00e-03
2026-08-02 18:41:02,637 | [FULL    ] | INFO | full_experiments_using.model_trainers.mobile_vit_trainer | Ep [010/500] T-Acc:  56.8%  V-Acc:  55.5%  V-AUROC: 0.5729  LR: 1.00e-03
2026-08-02 18:41:02,764 | [FULL    ] | INFO | full_experiments_using.model_trainers.mobile_vit_trainer |   ↳ new best AUROC; saved checkpoint: /home/oem/choihyunsu/VOGBasedMCIDetection/outputs/checkpoints/run_20260802_112618_full_wvote_artifact30_w0-5-5-10-0-15-15-30_4err/fold_21_best.pth
2026-08-02 18:41:23,959 | [FULL    ] | INFO | full_experiments_using.model_trainers.mobile_vit_trainer | Ep [011/500] T-Acc:  53.4%  V-Acc:  56.7%  V-AUROC: 0.5801  LR: 1.00e-03
2026-08-02 18:41:24,080 | [FULL    ] | INFO | full_experiments_using.model_trainers.mobile_vit_trainer |   ↳ new best AUROC; saved checkpoint: /home/oem/choihyunsu/VOGBasedMCIDetection/outputs/checkpoints/run_20260802_112618_full_wvote_artifact30_w0-5-5-10-0-15-15-30_4err/fold_21_best.pth
2026-08-02 18:41:45,014 | [FULL    ] | INFO | full_experiments_using.model_trainers.mobile_vit_trainer | Ep [012/500] T-Acc:  54.7%  V-Acc:  56.8%  V-AUROC: 0.5865  LR: 1.00e-03
2026-08-02 18:41:45,139 | [FULL    ] | INFO | full_experiments_using.model_trainers.mobile_vit_trainer |   ↳ new best AUROC; saved checkpoint: /home/oem/choihyunsu/VOGBasedMCIDetection/outputs/checkpoints/run_20260802_112618_full_wvote_artifact30_w0-5-5-10-0-15-15-30_4err/fold_21_best.pth
2026-08-02 18:42:06,058 | [FULL    ] | INFO | full_experiments_using.model_trainers.mobile_vit_trainer | Ep [013/500] T-Acc:  56.3%  V-Acc:  57.1%  V-AUROC: 0.5928  LR: 1.00e-03
2026-08-02 18:42:06,209 | [FULL    ] | INFO | full_experiments_using.model_trainers.mobile_vit_trainer |   ↳ new best AUROC; saved checkpoint: /home/oem/choihyunsu/VOGBasedMCIDetection/outputs/checkpoints/run_20260802_112618_full_wvote_artifact30_w0-5-5-10-0-15-15-30_4err/fold_21_best.pth
2026-08-02 18:42:27,078 | [FULL    ] | INFO | full_experiments_using.model_trainers.mobile_vit_trainer | Ep [014/500] T-Acc:  57.1%  V-Acc:  57.2%  V-AUROC: 0.5970  LR: 1.00e-03
2026-08-02 18:42:27,223 | [FULL    ] | INFO | full_experiments_using.model_trainers.mobile_vit_trainer |   ↳ new best AUROC; saved checkpoint: /home/oem/choihyunsu/VOGBasedMCIDetection/outputs/checkpoints/run_20260802_112618_full_wvote_artifact30_w0-5-5-10-0-15-15-30_4err/fold_21_best.pth
2026-08-02 18:42:48,280 | [FULL    ] | INFO | full_experiments_using.model_trainers.mobile_vit_trainer | Ep [015/500] T-Acc:  55.8%  V-Acc:  58.6%  V-AUROC: 0.6041  LR: 1.00e-03
2026-08-02 18:42:48,420 | [FULL    ] | INFO | full_experiments_using.model_trainers.mobile_vit_trainer |   ↳ new best AUROC; saved checkpoint: /home/oem/choihyunsu/VOGBasedMCIDetection/outputs/checkpoints/run_20260802_112618_full_wvote_artifact30_w0-5-5-10-0-15-15-30_4err/fold_21_best.pth
2026-08-02 18:43:09,347 | [FULL    ] | INFO | full_experiments_using.model_trainers.mobile_vit_trainer | Ep [016/500] T-Acc:  56.3%  V-Acc:  56.7%  V-AUROC: 0.5993  LR: 1.00e-03
2026-08-02 18:43:30,295 | [FULL    ] | INFO | full_experiments_using.model_trainers.mobile_vit_trainer | Ep [017/500] T-Acc:  56.3%  V-Acc:  57.5%  V-AUROC: 0.6028  LR: 1.00e-03
2026-08-02 18:43:51,160 | [FULL    ] | INFO | full_experiments_using.model_trainers.mobile_vit_trainer | Ep [018/500] T-Acc:  56.7%  V-Acc:  57.2%  V-AUROC: 0.5957  LR: 1.00e-03
2026-08-02 18:44:12,070 | [FULL    ] | INFO | full_experiments_using.model_trainers.mobile_vit_trainer | Ep [019/500] T-Acc:  58.1%  V-Acc:  58.5%  V-AUROC: 0.6053  LR: 1.00e-03
2026-08-02 18:44:12,186 | [FULL    ] | INFO | full_experiments_using.model_trainers.mobile_vit_trainer |   ↳ new best AUROC; saved checkpoint: /home/oem/choihyunsu/VOGBasedMCIDetection/outputs/checkpoints/run_20260802_112618_full_wvote_artifact30_w0-5-5-10-0-15-15-30_4err/fold_21_best.pth
2026-08-02 18:44:33,306 | [FULL    ] | INFO | full_experiments_using.model_trainers.mobile_vit_trainer | Ep [020/500] T-Acc:  57.7%  V-Acc:  57.5%  V-AUROC: 0.6004  LR: 1.00e-03
2026-08-02 18:44:54,263 | [FULL    ] | INFO | full_experiments_using.model_trainers.mobile_vit_trainer | Ep [021/500] T-Acc:  56.5%  V-Acc:  58.0%  V-AUROC: 0.6040  LR: 1.00e-03
2026-08-02 18:45:15,242 | [FULL    ] | INFO | full_experiments_using.model_trainers.mobile_vit_trainer | Ep [022/500] T-Acc:  58.0%  V-Acc:  57.9%  V-AUROC: 0.6065  LR: 1.00e-03
2026-08-02 18:45:15,368 | [FULL    ] | INFO | full_experiments_using.model_trainers.mobile_vit_trainer |   ↳ new best AUROC; saved checkpoint: /home/oem/choihyunsu/VOGBasedMCIDetection/outputs/checkpoints/run_20260802_112618_full_wvote_artifact30_w0-5-5-10-0-15-15-30_4err/fold_21_best.pth
2026-08-02 18:45:36,351 | [FULL    ] | INFO | full_experiments_using.model_trainers.mobile_vit_trainer | Ep [023/500] T-Acc:  57.6%  V-Acc:  58.2%  V-AUROC: 0.6017  LR: 1.00e-03
2026-08-02 18:45:57,147 | [FULL    ] | INFO | full_experiments_using.model_trainers.mobile_vit_trainer | Ep [024/500] T-Acc:  57.8%  V-Acc:  58.0%  V-AUROC: 0.6007  LR: 1.00e-03
2026-08-02 18:46:18,127 | [FULL    ] | INFO | full_experiments_using.model_trainers.mobile_vit_trainer | Ep [025/500] T-Acc:  58.0%  V-Acc:  58.2%  V-AUROC: 0.6029  LR: 1.00e-03
2026-08-02 18:46:39,153 | [FULL    ] | INFO | full_experiments_using.model_trainers.mobile_vit_trainer | Ep [026/500] T-Acc:  58.8%  V-Acc:  57.6%  V-AUROC: 0.6022  LR: 1.00e-03
2026-08-02 18:47:00,181 | [FULL    ] | INFO | full_experiments_using.model_trainers.mobile_vit_trainer | Ep [027/500] T-Acc:  58.7%  V-Acc:  58.0%  V-AUROC: 0.6045  LR: 1.00e-03
2026-08-02 18:47:21,164 | [FULL    ] | INFO | full_experiments_using.model_trainers.mobile_vit_trainer | Ep [028/500] T-Acc:  59.1%  V-Acc:  57.7%  V-AUROC: 0.6027  LR: 1.00e-03
2026-08-02 18:47:42,211 | [FULL    ] | INFO | full_experiments_using.model_trainers.mobile_vit_trainer | Ep [029/500] T-Acc:  58.6%  V-Acc:  58.4%  V-AUROC: 0.6050  LR: 1.00e-03
2026-08-02 18:48:03,220 | [FULL    ] | INFO | full_experiments_using.model_trainers.mobile_vit_trainer | Ep [030/500] T-Acc:  59.2%  V-Acc:  57.9%  V-AUROC: 0.6074  LR: 1.00e-03
2026-08-02 18:48:03,348 | [FULL    ] | INFO | full_experiments_using.model_trainers.mobile_vit_trainer |   ↳ new best AUROC; saved checkpoint: /home/oem/choihyunsu/VOGBasedMCIDetection/outputs/checkpoints/run_20260802_112618_full_wvote_artifact30_w0-5-5-10-0-15-15-30_4err/fold_21_best.pth
2026-08-02 18:48:24,208 | [FULL    ] | INFO | full_experiments_using.model_trainers.mobile_vit_trainer | Ep [031/500] T-Acc:  58.7%  V-Acc:  58.8%  V-AUROC: 0.6059  LR: 1.00e-03
2026-08-02 18:48:45,090 | [FULL    ] | INFO | full_experiments_using.model_trainers.mobile_vit_trainer | Ep [032/500] T-Acc:  59.5%  V-Acc:  59.4%  V-AUROC: 0.6213  LR: 1.00e-03
2026-08-02 18:48:45,210 | [FULL    ] | INFO | full_experiments_using.model_trainers.mobile_vit_trainer |   ↳ new best AUROC; saved checkpoint: /home/oem/choihyunsu/VOGBasedMCIDetection/outputs/checkpoints/run_20260802_112618_full_wvote_artifact30_w0-5-5-10-0-15-15-30_4err/fold_21_best.pth
2026-08-02 18:49:06,290 | [FULL    ] | INFO | full_experiments_using.model_trainers.mobile_vit_trainer | Ep [033/500] T-Acc:  58.6%  V-Acc:  58.4%  V-AUROC: 0.6057  LR: 1.00e-03
2026-08-02 18:49:27,192 | [FULL    ] | INFO | full_experiments_using.model_trainers.mobile_vit_trainer | Ep [034/500] T-Acc:  59.1%  V-Acc:  58.4%  V-AUROC: 0.6085  LR: 1.00e-03
2026-08-02 18:49:48,175 | [FULL    ] | INFO | full_experiments_using.model_trainers.mobile_vit_trainer | Ep [035/500] T-Acc:  59.4%  V-Acc:  59.1%  V-AUROC: 0.6159  LR: 1.00e-03
2026-08-02 18:50:09,175 | [FULL    ] | INFO | full_experiments_using.model_trainers.mobile_vit_trainer | Ep [036/500] T-Acc:  60.6%  V-Acc:  57.7%  V-AUROC: 0.6051  LR: 1.00e-03
2026-08-02 18:50:28,505 | [FULL    ] | INFO | full_experiments_using.model_trainers.mobile_vit_trainer | Ep [037/500] T-Acc:  61.0%  V-Acc:  57.8%  V-AUROC: 0.6150  LR: 1.00e-03
2026-08-02 18:50:48,856 | [FULL    ] | INFO | full_experiments_using.model_trainers.mobile_vit_trainer | Ep [038/500] T-Acc:  61.1%  V-Acc:  57.2%  V-AUROC: 0.6073  LR: 1.00e-03
2026-08-02 18:51:07,802 | [FULL    ] | INFO | full_experiments_using.model_trainers.mobile_vit_trainer | Ep [039/500] T-Acc:  59.7%  V-Acc:  57.5%  V-AUROC: 0.6042  LR: 1.00e-03
2026-08-02 18:51:28,929 | [FULL    ] | INFO | full_experiments_using.model_trainers.mobile_vit_trainer | Ep [040/500] T-Acc:  59.5%  V-Acc:  57.1%  V-AUROC: 0.6042  LR: 1.00e-03
2026-08-02 18:51:49,922 | [FULL    ] | INFO | full_experiments_using.model_trainers.mobile_vit_trainer | Ep [041/500] T-Acc:  61.4%  V-Acc:  57.1%  V-AUROC: 0.6038  LR: 1.00e-03
2026-08-02 18:52:11,248 | [FULL    ] | INFO | full_experiments_using.model_trainers.mobile_vit_trainer | Ep [042/500] T-Acc:  59.6%  V-Acc:  58.5%  V-AUROC: 0.6109  LR: 1.00e-03
2026-08-02 18:52:32,230 | [FULL    ] | INFO | full_experiments_using.model_trainers.mobile_vit_trainer | Ep [043/500] T-Acc:  61.3%  V-Acc:  58.0%  V-AUROC: 0.6030  LR: 1.00e-03
2026-08-02 18:52:53,257 | [FULL    ] | INFO | full_experiments_using.model_trainers.mobile_vit_trainer | Ep [044/500] T-Acc:  60.8%  V-Acc:  58.4%  V-AUROC: 0.6086  LR: 2.00e-04
2026-08-02 18:53:14,286 | [FULL    ] | INFO | full_experiments_using.model_trainers.mobile_vit_trainer | Ep [045/500] T-Acc:  61.4%  V-Acc:  58.5%  V-AUROC: 0.6129  LR: 2.00e-04
2026-08-02 18:53:35,461 | [FULL    ] | INFO | full_experiments_using.model_trainers.mobile_vit_trainer | Ep [046/500] T-Acc:  61.0%  V-Acc:  58.4%  V-AUROC: 0.6145  LR: 2.00e-04
2026-08-02 18:53:56,561 | [FULL    ] | INFO | full_experiments_using.model_trainers.mobile_vit_trainer | Ep [047/500] T-Acc:  60.7%  V-Acc:  58.5%  V-AUROC: 0.6142  LR: 2.00e-04
2026-08-02 18:54:17,649 | [FULL    ] | INFO | full_experiments_using.model_trainers.mobile_vit_trainer | Ep [048/500] T-Acc:  61.4%  V-Acc:  57.8%  V-AUROC: 0.6101  LR: 2.00e-04
2026-08-02 18:54:38,736 | [FULL    ] | INFO | full_experiments_using.model_trainers.mobile_vit_trainer | Ep [049/500] T-Acc:  61.8%  V-Acc:  58.9%  V-AUROC: 0.6133  LR: 2.00e-04
2026-08-02 18:54:59,706 | [FULL    ] | INFO | full_experiments_using.model_trainers.mobile_vit_trainer | Ep [050/500] T-Acc:  62.6%  V-Acc:  58.8%  V-AUROC: 0.6120  LR: 2.00e-04
2026-08-02 18:55:20,700 | [FULL    ] | INFO | full_experiments_using.model_trainers.mobile_vit_trainer | Ep [051/500] T-Acc:  61.4%  V-Acc:  58.7%  V-AUROC: 0.6125  LR: 2.00e-04
2026-08-02 18:55:41,725 | [FULL    ] | INFO | full_experiments_using.model_trainers.mobile_vit_trainer | Ep [052/500] T-Acc:  62.5%  V-Acc:  57.7%  V-AUROC: 0.6064  LR: 2.00e-04
2026-08-02 18:56:02,683 | [FULL    ] | INFO | full_experiments_using.model_trainers.mobile_vit_trainer | Ep [053/500] T-Acc:  61.1%  V-Acc:  58.1%  V-AUROC: 0.6089  LR: 2.00e-04
2026-08-02 18:56:23,671 | [FULL    ] | INFO | full_experiments_using.model_trainers.mobile_vit_trainer | Ep [054/500] T-Acc:  61.6%  V-Acc:  58.1%  V-AUROC: 0.6091  LR: 2.00e-04
2026-08-02 18:56:44,679 | [FULL    ] | INFO | full_experiments_using.model_trainers.mobile_vit_trainer | Ep [055/500] T-Acc:  62.9%  V-Acc:  57.6%  V-AUROC: 0.6082  LR: 4.00e-05
2026-08-02 18:57:05,731 | [FULL    ] | INFO | full_experiments_using.model_trainers.mobile_vit_trainer | Ep [056/500] T-Acc:  61.8%  V-Acc:  57.1%  V-AUROC: 0.6086  LR: 4.00e-05
2026-08-02 18:57:25,159 | [FULL    ] | INFO | full_experiments_using.model_trainers.mobile_vit_trainer | Ep [057/500] T-Acc:  61.5%  V-Acc:  57.8%  V-AUROC: 0.6049  LR: 4.00e-05
2026-08-02 18:57:43,703 | [FULL    ] | INFO | full_experiments_using.model_trainers.mobile_vit_trainer | Ep [058/500] T-Acc:  61.0%  V-Acc:  58.0%  V-AUROC: 0.6074  LR: 4.00e-05
2026-08-02 18:58:04,494 | [FULL    ] | INFO | full_experiments_using.model_trainers.mobile_vit_trainer | Ep [059/500] T-Acc:  62.1%  V-Acc:  57.9%  V-AUROC: 0.6107  LR: 4.00e-05
2026-08-02 18:58:25,523 | [FULL    ] | INFO | full_experiments_using.model_trainers.mobile_vit_trainer | Ep [060/500] T-Acc:  61.1%  V-Acc:  57.5%  V-AUROC: 0.6080  LR: 4.00e-05
2026-08-02 18:58:46,294 | [FULL    ] | INFO | full_experiments_using.model_trainers.mobile_vit_trainer | Ep [061/500] T-Acc:  61.4%  V-Acc:  57.6%  V-AUROC: 0.6082  LR: 4.00e-05
2026-08-02 18:59:07,185 | [FULL    ] | INFO | full_experiments_using.model_trainers.mobile_vit_trainer | Ep [062/500] T-Acc:  61.4%  V-Acc:  57.9%  V-AUROC: 0.6080  LR: 4.00e-05
2026-08-02 18:59:07,186 | [FULL    ] | INFO | full_experiments_using.model_trainers.mobile_vit_trainer | Early stop — best AUROC 0.6213 at epoch 32 (no improvement for 30 epochs)
2026-08-02 18:59:07,186 | [FULL    ] | INFO | full_experiments_using.model_trainers.mobile_vit_trainer | Done. Best AUROC: 0.6213 (epoch 32) → /home/oem/choihyunsu/VOGBasedMCIDetection/outputs/checkpoints/run_20260802_112618_full_wvote_artifact30_w0-5-5-10-0-15-15-30_4err/fold_21_best.pth
2026-08-02 18:59:14,228 | [FULL    ] | INFO | full_experiments_using.evaluators.monte_carlo_evaluator | -> Fold 22 Result | Acc=0.818 Sens=0.857 Spec=0.750 AUROC=0.893
2026-08-02 18:59:14,236 | [FULL    ] | INFO | full_experiments_using.evaluators.monte_carlo_evaluator | === Fold 23/30 | train: 25 subj (HC=9 MCI=16) / 3847 win | test: 12 subj (HC=5 MCI=7) / 1868 win ===
2026-08-02 18:59:14,458 | [FULL    ] | INFO | httpx | HTTP Request: HEAD https://huggingface.co/apple/mobilevit-small/resolve/main/config.json "HTTP/1.1 307 Temporary Redirect"
2026-08-02 18:59:14,468 | [FULL    ] | INFO | httpx | HTTP Request: HEAD https://huggingface.co/api/resolve-cache/models/apple/mobilevit-small/6c8612545dc98676d27bc518fa521d9e9af23e34/config.json "HTTP/1.1 200 OK"
2026-08-02 18:59:14,695 | [FULL    ] | INFO | httpx | HTTP Request: HEAD https://huggingface.co/apple/mobilevit-small/resolve/main/model.safetensors "HTTP/1.1 404 Not Found"
2026-08-02 18:59:14,893 | [FULL    ] | INFO | httpx | HTTP Request: HEAD https://huggingface.co/apple/mobilevit-small/resolve/main/model.safetensors.index.json "HTTP/1.1 404 Not Found"
2026-08-02 18:59:15,107 | [FULL    ] | INFO | httpx | HTTP Request: HEAD https://huggingface.co/apple/mobilevit-small/resolve/main/pytorch_model.bin "HTTP/1.1 302 Found"
2026-08-02 18:59:15,318 | [FULL    ] | INFO | httpx | HTTP Request: HEAD https://huggingface.co/apple/mobilevit-small/resolve/main/model.safetensors "HTTP/1.1 404 Not Found"
2026-08-02 18:59:15,524 | [FULL    ] | INFO | httpx | HTTP Request: GET https://huggingface.co/api/models/apple/mobilevit-small "HTTP/1.1 200 OK"
2026-08-02 18:59:15,759 | [FULL    ] | INFO | httpx | HTTP Request: GET https://huggingface.co/api/models/apple/mobilevit-small/commits/main "HTTP/1.1 200 OK"
2026-08-02 18:59:15,976 | [FULL    ] | INFO | httpx | HTTP Request: GET https://huggingface.co/api/models/apple/mobilevit-small/discussions?p=0 "HTTP/1.1 200 OK"
2026-08-02 18:59:16,186 | [FULL    ] | INFO | httpx | HTTP Request: GET https://huggingface.co/api/models/apple/mobilevit-small/commits/refs%2Fpr%2F6 "HTTP/1.1 200 OK"
2026-08-02 18:59:16,391 | [FULL    ] | INFO | httpx | HTTP Request: HEAD https://huggingface.co/apple/mobilevit-small/resolve/refs%2Fpr%2F6/model.safetensors.index.json "HTTP/1.1 404 Not Found"
2026-08-02 18:59:16,601 | [FULL    ] | INFO | httpx | HTTP Request: HEAD https://huggingface.co/apple/mobilevit-small/resolve/refs%2Fpr%2F6/model.safetensors "HTTP/1.1 302 Found"
2026-08-02 18:59:16,694 | [FULL    ] | INFO | full_experiments_using.model_trainers.mobile_vit_trainer | Device: cuda | max_epochs=500 | batch=32 | eval_batch=256 | es_patience=30
2026-08-02 18:59:16,702 | [FULL    ] | INFO | full_experiments_using.model_trainers.mobile_vit_trainer | CE weights — HC: 1.196  MCI: 0.859
2026-08-02 18:59:46,089 | [FULL    ] | INFO | full_experiments_using.model_trainers.mobile_vit_trainer | Ep [001/500] T-Acc:  50.0%  V-Acc:  49.2%  V-AUROC: 0.4810  LR: 2.00e-04
2026-08-02 18:59:46,148 | [FULL    ] | INFO | full_experiments_using.model_trainers.mobile_vit_trainer |   ↳ new best AUROC; saved checkpoint: /home/oem/choihyunsu/VOGBasedMCIDetection/outputs/checkpoints/run_20260802_112618_full_wvote_artifact30_w0-5-5-10-0-15-15-30_4err/fold_22_best.pth
2026-08-02 19:00:07,182 | [FULL    ] | INFO | full_experiments_using.model_trainers.mobile_vit_trainer | Ep [002/500] T-Acc:  50.0%  V-Acc:  49.6%  V-AUROC: 0.4824  LR: 4.00e-04
2026-08-02 19:00:07,343 | [FULL    ] | INFO | full_experiments_using.model_trainers.mobile_vit_trainer |   ↳ new best AUROC; saved checkpoint: /home/oem/choihyunsu/VOGBasedMCIDetection/outputs/checkpoints/run_20260802_112618_full_wvote_artifact30_w0-5-5-10-0-15-15-30_4err/fold_22_best.pth
2026-08-02 19:00:28,445 | [FULL    ] | INFO | full_experiments_using.model_trainers.mobile_vit_trainer | Ep [003/500] T-Acc:  50.9%  V-Acc:  50.9%  V-AUROC: 0.4880  LR: 6.00e-04
2026-08-02 19:00:28,562 | [FULL    ] | INFO | full_experiments_using.model_trainers.mobile_vit_trainer |   ↳ new best AUROC; saved checkpoint: /home/oem/choihyunsu/VOGBasedMCIDetection/outputs/checkpoints/run_20260802_112618_full_wvote_artifact30_w0-5-5-10-0-15-15-30_4err/fold_22_best.pth
2026-08-02 19:00:49,714 | [FULL    ] | INFO | full_experiments_using.model_trainers.mobile_vit_trainer | Ep [004/500] T-Acc:  52.3%  V-Acc:  50.5%  V-AUROC: 0.4944  LR: 8.00e-04
2026-08-02 19:00:49,846 | [FULL    ] | INFO | full_experiments_using.model_trainers.mobile_vit_trainer |   ↳ new best AUROC; saved checkpoint: /home/oem/choihyunsu/VOGBasedMCIDetection/outputs/checkpoints/run_20260802_112618_full_wvote_artifact30_w0-5-5-10-0-15-15-30_4err/fold_22_best.pth
2026-08-02 19:01:10,977 | [FULL    ] | INFO | full_experiments_using.model_trainers.mobile_vit_trainer | Ep [005/500] T-Acc:  51.2%  V-Acc:  50.7%  V-AUROC: 0.5020  LR: 1.00e-03
2026-08-02 19:01:11,105 | [FULL    ] | INFO | full_experiments_using.model_trainers.mobile_vit_trainer |   ↳ new best AUROC; saved checkpoint: /home/oem/choihyunsu/VOGBasedMCIDetection/outputs/checkpoints/run_20260802_112618_full_wvote_artifact30_w0-5-5-10-0-15-15-30_4err/fold_22_best.pth
2026-08-02 19:01:32,349 | [FULL    ] | INFO | full_experiments_using.model_trainers.mobile_vit_trainer | Ep [006/500] T-Acc:  53.4%  V-Acc:  50.8%  V-AUROC: 0.5142  LR: 1.00e-03
2026-08-02 19:01:32,504 | [FULL    ] | INFO | full_experiments_using.model_trainers.mobile_vit_trainer |   ↳ new best AUROC; saved checkpoint: /home/oem/choihyunsu/VOGBasedMCIDetection/outputs/checkpoints/run_20260802_112618_full_wvote_artifact30_w0-5-5-10-0-15-15-30_4err/fold_22_best.pth
2026-08-02 19:01:53,573 | [FULL    ] | INFO | full_experiments_using.model_trainers.mobile_vit_trainer | Ep [007/500] T-Acc:  53.0%  V-Acc:  50.7%  V-AUROC: 0.5183  LR: 1.00e-03
2026-08-02 19:01:53,693 | [FULL    ] | INFO | full_experiments_using.model_trainers.mobile_vit_trainer |   ↳ new best AUROC; saved checkpoint: /home/oem/choihyunsu/VOGBasedMCIDetection/outputs/checkpoints/run_20260802_112618_full_wvote_artifact30_w0-5-5-10-0-15-15-30_4err/fold_22_best.pth
2026-08-02 19:02:14,848 | [FULL    ] | INFO | full_experiments_using.model_trainers.mobile_vit_trainer | Ep [008/500] T-Acc:  53.0%  V-Acc:  52.1%  V-AUROC: 0.5404  LR: 1.00e-03
2026-08-02 19:02:15,073 | [FULL    ] | INFO | full_experiments_using.model_trainers.mobile_vit_trainer |   ↳ new best AUROC; saved checkpoint: /home/oem/choihyunsu/VOGBasedMCIDetection/outputs/checkpoints/run_20260802_112618_full_wvote_artifact30_w0-5-5-10-0-15-15-30_4err/fold_22_best.pth
2026-08-02 19:02:36,352 | [FULL    ] | INFO | full_experiments_using.model_trainers.mobile_vit_trainer | Ep [009/500] T-Acc:  54.3%  V-Acc:  53.6%  V-AUROC: 0.5467  LR: 1.00e-03
2026-08-02 19:02:36,471 | [FULL    ] | INFO | full_experiments_using.model_trainers.mobile_vit_trainer |   ↳ new best AUROC; saved checkpoint: /home/oem/choihyunsu/VOGBasedMCIDetection/outputs/checkpoints/run_20260802_112618_full_wvote_artifact30_w0-5-5-10-0-15-15-30_4err/fold_22_best.pth
2026-08-02 19:02:57,677 | [FULL    ] | INFO | full_experiments_using.model_trainers.mobile_vit_trainer | Ep [010/500] T-Acc:  55.0%  V-Acc:  53.2%  V-AUROC: 0.5414  LR: 1.00e-03
2026-08-02 19:03:18,863 | [FULL    ] | INFO | full_experiments_using.model_trainers.mobile_vit_trainer | Ep [011/500] T-Acc:  54.3%  V-Acc:  53.2%  V-AUROC: 0.5528  LR: 1.00e-03
2026-08-02 19:03:19,054 | [FULL    ] | INFO | full_experiments_using.model_trainers.mobile_vit_trainer |   ↳ new best AUROC; saved checkpoint: /home/oem/choihyunsu/VOGBasedMCIDetection/outputs/checkpoints/run_20260802_112618_full_wvote_artifact30_w0-5-5-10-0-15-15-30_4err/fold_22_best.pth
2026-08-02 19:03:40,169 | [FULL    ] | INFO | full_experiments_using.model_trainers.mobile_vit_trainer | Ep [012/500] T-Acc:  55.7%  V-Acc:  53.1%  V-AUROC: 0.5464  LR: 1.00e-03
2026-08-02 19:04:01,313 | [FULL    ] | INFO | full_experiments_using.model_trainers.mobile_vit_trainer | Ep [013/500] T-Acc:  56.7%  V-Acc:  52.3%  V-AUROC: 0.5488  LR: 1.00e-03
2026-08-02 19:04:22,511 | [FULL    ] | INFO | full_experiments_using.model_trainers.mobile_vit_trainer | Ep [014/500] T-Acc:  56.7%  V-Acc:  54.0%  V-AUROC: 0.5514  LR: 1.00e-03
2026-08-02 19:04:43,739 | [FULL    ] | INFO | full_experiments_using.model_trainers.mobile_vit_trainer | Ep [015/500] T-Acc:  57.8%  V-Acc:  53.4%  V-AUROC: 0.5416  LR: 1.00e-03
2026-08-02 19:05:05,088 | [FULL    ] | INFO | full_experiments_using.model_trainers.mobile_vit_trainer | Ep [016/500] T-Acc:  56.6%  V-Acc:  54.7%  V-AUROC: 0.5486  LR: 1.00e-03
2026-08-02 19:05:26,264 | [FULL    ] | INFO | full_experiments_using.model_trainers.mobile_vit_trainer | Ep [017/500] T-Acc:  58.1%  V-Acc:  53.3%  V-AUROC: 0.5411  LR: 1.00e-03
2026-08-02 19:05:47,300 | [FULL    ] | INFO | full_experiments_using.model_trainers.mobile_vit_trainer | Ep [018/500] T-Acc:  58.0%  V-Acc:  54.4%  V-AUROC: 0.5484  LR: 1.00e-03
2026-08-02 19:06:08,570 | [FULL    ] | INFO | full_experiments_using.model_trainers.mobile_vit_trainer | Ep [019/500] T-Acc:  57.4%  V-Acc:  54.2%  V-AUROC: 0.5514  LR: 1.00e-03
2026-08-02 19:06:29,791 | [FULL    ] | INFO | full_experiments_using.model_trainers.mobile_vit_trainer | Ep [020/500] T-Acc:  58.3%  V-Acc:  55.0%  V-AUROC: 0.5566  LR: 1.00e-03
2026-08-02 19:06:29,928 | [FULL    ] | INFO | full_experiments_using.model_trainers.mobile_vit_trainer |   ↳ new best AUROC; saved checkpoint: /home/oem/choihyunsu/VOGBasedMCIDetection/outputs/checkpoints/run_20260802_112618_full_wvote_artifact30_w0-5-5-10-0-15-15-30_4err/fold_22_best.pth
2026-08-02 19:06:51,094 | [FULL    ] | INFO | full_experiments_using.model_trainers.mobile_vit_trainer | Ep [021/500] T-Acc:  57.1%  V-Acc:  54.8%  V-AUROC: 0.5565  LR: 1.00e-03
2026-08-02 19:07:12,456 | [FULL    ] | INFO | full_experiments_using.model_trainers.mobile_vit_trainer | Ep [022/500] T-Acc:  58.8%  V-Acc:  53.3%  V-AUROC: 0.5502  LR: 1.00e-03
2026-08-02 19:07:33,593 | [FULL    ] | INFO | full_experiments_using.model_trainers.mobile_vit_trainer | Ep [023/500] T-Acc:  57.9%  V-Acc:  53.6%  V-AUROC: 0.5501  LR: 1.00e-03
2026-08-02 19:07:54,739 | [FULL    ] | INFO | full_experiments_using.model_trainers.mobile_vit_trainer | Ep [024/500] T-Acc:  58.9%  V-Acc:  54.5%  V-AUROC: 0.5612  LR: 1.00e-03
2026-08-02 19:07:54,862 | [FULL    ] | INFO | full_experiments_using.model_trainers.mobile_vit_trainer |   ↳ new best AUROC; saved checkpoint: /home/oem/choihyunsu/VOGBasedMCIDetection/outputs/checkpoints/run_20260802_112618_full_wvote_artifact30_w0-5-5-10-0-15-15-30_4err/fold_22_best.pth
2026-08-02 19:08:15,956 | [FULL    ] | INFO | full_experiments_using.model_trainers.mobile_vit_trainer | Ep [025/500] T-Acc:  59.7%  V-Acc:  54.2%  V-AUROC: 0.5610  LR: 1.00e-03
2026-08-02 19:08:37,104 | [FULL    ] | INFO | full_experiments_using.model_trainers.mobile_vit_trainer | Ep [026/500] T-Acc:  59.7%  V-Acc:  54.8%  V-AUROC: 0.5620  LR: 1.00e-03
2026-08-02 19:08:37,203 | [FULL    ] | INFO | full_experiments_using.model_trainers.mobile_vit_trainer |   ↳ new best AUROC; saved checkpoint: /home/oem/choihyunsu/VOGBasedMCIDetection/outputs/checkpoints/run_20260802_112618_full_wvote_artifact30_w0-5-5-10-0-15-15-30_4err/fold_22_best.pth
2026-08-02 19:08:58,339 | [FULL    ] | INFO | full_experiments_using.model_trainers.mobile_vit_trainer | Ep [027/500] T-Acc:  60.0%  V-Acc:  54.7%  V-AUROC: 0.5608  LR: 1.00e-03
2026-08-02 19:09:19,547 | [FULL    ] | INFO | full_experiments_using.model_trainers.mobile_vit_trainer | Ep [028/500] T-Acc:  59.6%  V-Acc:  54.7%  V-AUROC: 0.5644  LR: 1.00e-03
2026-08-02 19:09:19,664 | [FULL    ] | INFO | full_experiments_using.model_trainers.mobile_vit_trainer |   ↳ new best AUROC; saved checkpoint: /home/oem/choihyunsu/VOGBasedMCIDetection/outputs/checkpoints/run_20260802_112618_full_wvote_artifact30_w0-5-5-10-0-15-15-30_4err/fold_22_best.pth
2026-08-02 19:09:40,870 | [FULL    ] | INFO | full_experiments_using.model_trainers.mobile_vit_trainer | Ep [029/500] T-Acc:  59.6%  V-Acc:  54.2%  V-AUROC: 0.5637  LR: 1.00e-03
2026-08-02 19:10:02,120 | [FULL    ] | INFO | full_experiments_using.model_trainers.mobile_vit_trainer | Ep [030/500] T-Acc:  60.5%  V-Acc:  54.3%  V-AUROC: 0.5676  LR: 1.00e-03
2026-08-02 19:10:02,238 | [FULL    ] | INFO | full_experiments_using.model_trainers.mobile_vit_trainer |   ↳ new best AUROC; saved checkpoint: /home/oem/choihyunsu/VOGBasedMCIDetection/outputs/checkpoints/run_20260802_112618_full_wvote_artifact30_w0-5-5-10-0-15-15-30_4err/fold_22_best.pth
2026-08-02 19:10:23,344 | [FULL    ] | INFO | full_experiments_using.model_trainers.mobile_vit_trainer | Ep [031/500] T-Acc:  60.1%  V-Acc:  55.1%  V-AUROC: 0.5656  LR: 1.00e-03
2026-08-02 19:10:44,533 | [FULL    ] | INFO | full_experiments_using.model_trainers.mobile_vit_trainer | Ep [032/500] T-Acc:  60.8%  V-Acc:  54.8%  V-AUROC: 0.5649  LR: 1.00e-03
2026-08-02 19:11:03,668 | [FULL    ] | INFO | full_experiments_using.model_trainers.mobile_vit_trainer | Ep [033/500] T-Acc:  61.3%  V-Acc:  55.7%  V-AUROC: 0.5687  LR: 1.00e-03
2026-08-02 19:11:03,777 | [FULL    ] | INFO | full_experiments_using.model_trainers.mobile_vit_trainer |   ↳ new best AUROC; saved checkpoint: /home/oem/choihyunsu/VOGBasedMCIDetection/outputs/checkpoints/run_20260802_112618_full_wvote_artifact30_w0-5-5-10-0-15-15-30_4err/fold_22_best.pth
2026-08-02 19:11:21,774 | [FULL    ] | INFO | full_experiments_using.model_trainers.mobile_vit_trainer | Ep [034/500] T-Acc:  60.7%  V-Acc:  54.6%  V-AUROC: 0.5630  LR: 1.00e-03
2026-08-02 19:11:39,660 | [FULL    ] | INFO | full_experiments_using.model_trainers.mobile_vit_trainer | Ep [035/500] T-Acc:  62.4%  V-Acc:  55.4%  V-AUROC: 0.5675  LR: 1.00e-03
2026-08-02 19:12:00,873 | [FULL    ] | INFO | full_experiments_using.model_trainers.mobile_vit_trainer | Ep [036/500] T-Acc:  60.5%  V-Acc:  55.6%  V-AUROC: 0.5699  LR: 1.00e-03
2026-08-02 19:12:00,993 | [FULL    ] | INFO | full_experiments_using.model_trainers.mobile_vit_trainer |   ↳ new best AUROC; saved checkpoint: /home/oem/choihyunsu/VOGBasedMCIDetection/outputs/checkpoints/run_20260802_112618_full_wvote_artifact30_w0-5-5-10-0-15-15-30_4err/fold_22_best.pth
2026-08-02 19:12:22,089 | [FULL    ] | INFO | full_experiments_using.model_trainers.mobile_vit_trainer | Ep [037/500] T-Acc:  61.0%  V-Acc:  56.0%  V-AUROC: 0.5755  LR: 1.00e-03
2026-08-02 19:12:22,246 | [FULL    ] | INFO | full_experiments_using.model_trainers.mobile_vit_trainer |   ↳ new best AUROC; saved checkpoint: /home/oem/choihyunsu/VOGBasedMCIDetection/outputs/checkpoints/run_20260802_112618_full_wvote_artifact30_w0-5-5-10-0-15-15-30_4err/fold_22_best.pth
2026-08-02 19:12:43,306 | [FULL    ] | INFO | full_experiments_using.model_trainers.mobile_vit_trainer | Ep [038/500] T-Acc:  61.5%  V-Acc:  55.5%  V-AUROC: 0.5695  LR: 1.00e-03
2026-08-02 19:13:04,432 | [FULL    ] | INFO | full_experiments_using.model_trainers.mobile_vit_trainer | Ep [039/500] T-Acc:  61.6%  V-Acc:  55.2%  V-AUROC: 0.5717  LR: 1.00e-03
2026-08-02 19:13:25,586 | [FULL    ] | INFO | full_experiments_using.model_trainers.mobile_vit_trainer | Ep [040/500] T-Acc:  61.4%  V-Acc:  55.0%  V-AUROC: 0.5701  LR: 1.00e-03
2026-08-02 19:13:46,861 | [FULL    ] | INFO | full_experiments_using.model_trainers.mobile_vit_trainer | Ep [041/500] T-Acc:  61.0%  V-Acc:  55.2%  V-AUROC: 0.5692  LR: 1.00e-03
2026-08-02 19:14:07,988 | [FULL    ] | INFO | full_experiments_using.model_trainers.mobile_vit_trainer | Ep [042/500] T-Acc:  61.1%  V-Acc:  55.7%  V-AUROC: 0.5704  LR: 1.00e-03
2026-08-02 19:14:29,236 | [FULL    ] | INFO | full_experiments_using.model_trainers.mobile_vit_trainer | Ep [043/500] T-Acc:  61.8%  V-Acc:  54.8%  V-AUROC: 0.5671  LR: 1.00e-03
2026-08-02 19:14:50,360 | [FULL    ] | INFO | full_experiments_using.model_trainers.mobile_vit_trainer | Ep [044/500] T-Acc:  63.2%  V-Acc:  55.1%  V-AUROC: 0.5657  LR: 1.00e-03
2026-08-02 19:15:11,556 | [FULL    ] | INFO | full_experiments_using.model_trainers.mobile_vit_trainer | Ep [045/500] T-Acc:  62.2%  V-Acc:  55.3%  V-AUROC: 0.5654  LR: 1.00e-03
2026-08-02 19:15:32,578 | [FULL    ] | INFO | full_experiments_using.model_trainers.mobile_vit_trainer | Ep [046/500] T-Acc:  62.8%  V-Acc:  55.7%  V-AUROC: 0.5672  LR: 1.00e-03
2026-08-02 19:15:53,846 | [FULL    ] | INFO | full_experiments_using.model_trainers.mobile_vit_trainer | Ep [047/500] T-Acc:  62.9%  V-Acc:  55.8%  V-AUROC: 0.5719  LR: 1.00e-03
2026-08-02 19:16:15,057 | [FULL    ] | INFO | full_experiments_using.model_trainers.mobile_vit_trainer | Ep [048/500] T-Acc:  62.3%  V-Acc:  55.6%  V-AUROC: 0.5703  LR: 1.00e-03
2026-08-02 19:16:36,309 | [FULL    ] | INFO | full_experiments_using.model_trainers.mobile_vit_trainer | Ep [049/500] T-Acc:  62.6%  V-Acc:  55.7%  V-AUROC: 0.5708  LR: 2.00e-04
2026-08-02 19:16:57,463 | [FULL    ] | INFO | full_experiments_using.model_trainers.mobile_vit_trainer | Ep [050/500] T-Acc:  62.6%  V-Acc:  55.5%  V-AUROC: 0.5702  LR: 2.00e-04
2026-08-02 19:17:18,715 | [FULL    ] | INFO | full_experiments_using.model_trainers.mobile_vit_trainer | Ep [051/500] T-Acc:  63.5%  V-Acc:  55.4%  V-AUROC: 0.5709  LR: 2.00e-04
2026-08-02 19:17:39,886 | [FULL    ] | INFO | full_experiments_using.model_trainers.mobile_vit_trainer | Ep [052/500] T-Acc:  63.4%  V-Acc:  55.1%  V-AUROC: 0.5707  LR: 2.00e-04
2026-08-02 19:18:01,077 | [FULL    ] | INFO | full_experiments_using.model_trainers.mobile_vit_trainer | Ep [053/500] T-Acc:  62.6%  V-Acc:  55.3%  V-AUROC: 0.5709  LR: 2.00e-04
2026-08-02 19:18:22,241 | [FULL    ] | INFO | full_experiments_using.model_trainers.mobile_vit_trainer | Ep [054/500] T-Acc:  62.7%  V-Acc:  55.4%  V-AUROC: 0.5686  LR: 2.00e-04
2026-08-02 19:18:43,527 | [FULL    ] | INFO | full_experiments_using.model_trainers.mobile_vit_trainer | Ep [055/500] T-Acc:  62.7%  V-Acc:  55.1%  V-AUROC: 0.5695  LR: 2.00e-04
2026-08-02 19:19:04,740 | [FULL    ] | INFO | full_experiments_using.model_trainers.mobile_vit_trainer | Ep [056/500] T-Acc:  63.3%  V-Acc:  55.7%  V-AUROC: 0.5690  LR: 2.00e-04
2026-08-02 19:19:25,943 | [FULL    ] | INFO | full_experiments_using.model_trainers.mobile_vit_trainer | Ep [057/500] T-Acc:  62.4%  V-Acc:  55.9%  V-AUROC: 0.5692  LR: 2.00e-04
2026-08-02 19:19:47,223 | [FULL    ] | INFO | full_experiments_using.model_trainers.mobile_vit_trainer | Ep [058/500] T-Acc:  62.8%  V-Acc:  54.9%  V-AUROC: 0.5691  LR: 2.00e-04
2026-08-02 19:20:08,348 | [FULL    ] | INFO | full_experiments_using.model_trainers.mobile_vit_trainer | Ep [059/500] T-Acc:  63.3%  V-Acc:  55.5%  V-AUROC: 0.5691  LR: 2.00e-04
2026-08-02 19:20:29,607 | [FULL    ] | INFO | full_experiments_using.model_trainers.mobile_vit_trainer | Ep [060/500] T-Acc:  63.2%  V-Acc:  55.2%  V-AUROC: 0.5689  LR: 4.00e-05
2026-08-02 19:20:50,623 | [FULL    ] | INFO | full_experiments_using.model_trainers.mobile_vit_trainer | Ep [061/500] T-Acc:  63.4%  V-Acc:  55.3%  V-AUROC: 0.5692  LR: 4.00e-05
2026-08-02 19:21:11,848 | [FULL    ] | INFO | full_experiments_using.model_trainers.mobile_vit_trainer | Ep [062/500] T-Acc:  62.8%  V-Acc:  54.9%  V-AUROC: 0.5679  LR: 4.00e-05
2026-08-02 19:21:33,053 | [FULL    ] | INFO | full_experiments_using.model_trainers.mobile_vit_trainer | Ep [063/500] T-Acc:  63.0%  V-Acc:  55.2%  V-AUROC: 0.5690  LR: 4.00e-05
2026-08-02 19:21:54,264 | [FULL    ] | INFO | full_experiments_using.model_trainers.mobile_vit_trainer | Ep [064/500] T-Acc:  62.8%  V-Acc:  55.3%  V-AUROC: 0.5695  LR: 4.00e-05
2026-08-02 19:22:15,430 | [FULL    ] | INFO | full_experiments_using.model_trainers.mobile_vit_trainer | Ep [065/500] T-Acc:  63.2%  V-Acc:  55.0%  V-AUROC: 0.5692  LR: 4.00e-05
2026-08-02 19:22:36,517 | [FULL    ] | INFO | full_experiments_using.model_trainers.mobile_vit_trainer | Ep [066/500] T-Acc:  63.0%  V-Acc:  55.3%  V-AUROC: 0.5690  LR: 4.00e-05
2026-08-02 19:22:57,709 | [FULL    ] | INFO | full_experiments_using.model_trainers.mobile_vit_trainer | Ep [067/500] T-Acc:  63.3%  V-Acc:  55.3%  V-AUROC: 0.5686  LR: 4.00e-05
2026-08-02 19:22:57,709 | [FULL    ] | INFO | full_experiments_using.model_trainers.mobile_vit_trainer | Early stop — best AUROC 0.5755 at epoch 37 (no improvement for 30 epochs)
2026-08-02 19:22:57,709 | [FULL    ] | INFO | full_experiments_using.model_trainers.mobile_vit_trainer | Done. Best AUROC: 0.5755 (epoch 37) → /home/oem/choihyunsu/VOGBasedMCIDetection/outputs/checkpoints/run_20260802_112618_full_wvote_artifact30_w0-5-5-10-0-15-15-30_4err/fold_22_best.pth
2026-08-02 19:23:04,695 | [FULL    ] | INFO | full_experiments_using.evaluators.monte_carlo_evaluator | -> Fold 23 Result | Acc=0.818 Sens=0.857 Spec=0.750 AUROC=0.821
2026-08-02 19:23:04,702 | [FULL    ] | INFO | full_experiments_using.evaluators.monte_carlo_evaluator | === Fold 24/30 | train: 25 subj (HC=9 MCI=16) / 3900 win | test: 12 subj (HC=5 MCI=7) / 1815 win ===
2026-08-02 19:23:04,929 | [FULL    ] | INFO | httpx | HTTP Request: HEAD https://huggingface.co/apple/mobilevit-small/resolve/main/config.json "HTTP/1.1 307 Temporary Redirect"
2026-08-02 19:23:04,941 | [FULL    ] | INFO | httpx | HTTP Request: HEAD https://huggingface.co/api/resolve-cache/models/apple/mobilevit-small/6c8612545dc98676d27bc518fa521d9e9af23e34/config.json "HTTP/1.1 200 OK"
2026-08-02 19:23:05,213 | [FULL    ] | INFO | httpx | HTTP Request: HEAD https://huggingface.co/apple/mobilevit-small/resolve/main/model.safetensors "HTTP/1.1 404 Not Found"
2026-08-02 19:23:05,416 | [FULL    ] | INFO | httpx | HTTP Request: HEAD https://huggingface.co/apple/mobilevit-small/resolve/main/model.safetensors.index.json "HTTP/1.1 404 Not Found"
2026-08-02 19:23:05,627 | [FULL    ] | INFO | httpx | HTTP Request: HEAD https://huggingface.co/apple/mobilevit-small/resolve/main/pytorch_model.bin "HTTP/1.1 302 Found"
2026-08-02 19:23:05,827 | [FULL    ] | INFO | httpx | HTTP Request: HEAD https://huggingface.co/apple/mobilevit-small/resolve/main/model.safetensors "HTTP/1.1 404 Not Found"
2026-08-02 19:23:06,029 | [FULL    ] | INFO | httpx | HTTP Request: GET https://huggingface.co/api/models/apple/mobilevit-small "HTTP/1.1 200 OK"
2026-08-02 19:23:06,254 | [FULL    ] | INFO | httpx | HTTP Request: GET https://huggingface.co/api/models/apple/mobilevit-small/commits/main "HTTP/1.1 200 OK"
2026-08-02 19:23:06,489 | [FULL    ] | INFO | httpx | HTTP Request: GET https://huggingface.co/api/models/apple/mobilevit-small/discussions?p=0 "HTTP/1.1 200 OK"
2026-08-02 19:23:06,706 | [FULL    ] | INFO | httpx | HTTP Request: GET https://huggingface.co/api/models/apple/mobilevit-small/commits/refs%2Fpr%2F6 "HTTP/1.1 200 OK"
2026-08-02 19:23:06,917 | [FULL    ] | INFO | httpx | HTTP Request: HEAD https://huggingface.co/apple/mobilevit-small/resolve/refs%2Fpr%2F6/model.safetensors.index.json "HTTP/1.1 404 Not Found"
2026-08-02 19:23:07,128 | [FULL    ] | INFO | httpx | HTTP Request: HEAD https://huggingface.co/apple/mobilevit-small/resolve/refs%2Fpr%2F6/model.safetensors "HTTP/1.1 302 Found"
2026-08-02 19:23:07,291 | [FULL    ] | INFO | full_experiments_using.model_trainers.mobile_vit_trainer | Device: cuda | max_epochs=500 | batch=32 | eval_batch=256 | es_patience=30
2026-08-02 19:23:07,299 | [FULL    ] | INFO | full_experiments_using.model_trainers.mobile_vit_trainer | CE weights — HC: 1.200  MCI: 0.857
2026-08-02 19:23:34,756 | [FULL    ] | INFO | full_experiments_using.model_trainers.mobile_vit_trainer | Ep [001/500] T-Acc:  50.2%  V-Acc:  50.0%  V-AUROC: 0.5253  LR: 2.00e-04
2026-08-02 19:23:34,815 | [FULL    ] | INFO | full_experiments_using.model_trainers.mobile_vit_trainer |   ↳ new best AUROC; saved checkpoint: /home/oem/choihyunsu/VOGBasedMCIDetection/outputs/checkpoints/run_20260802_112618_full_wvote_artifact30_w0-5-5-10-0-15-15-30_4err/fold_23_best.pth
2026-08-02 19:23:56,142 | [FULL    ] | INFO | full_experiments_using.model_trainers.mobile_vit_trainer | Ep [002/500] T-Acc:  49.1%  V-Acc:  51.0%  V-AUROC: 0.5299  LR: 4.00e-04
2026-08-02 19:23:56,278 | [FULL    ] | INFO | full_experiments_using.model_trainers.mobile_vit_trainer |   ↳ new best AUROC; saved checkpoint: /home/oem/choihyunsu/VOGBasedMCIDetection/outputs/checkpoints/run_20260802_112618_full_wvote_artifact30_w0-5-5-10-0-15-15-30_4err/fold_23_best.pth
2026-08-02 19:24:17,532 | [FULL    ] | INFO | full_experiments_using.model_trainers.mobile_vit_trainer | Ep [003/500] T-Acc:  50.4%  V-Acc:  51.8%  V-AUROC: 0.5369  LR: 6.00e-04
2026-08-02 19:24:17,705 | [FULL    ] | INFO | full_experiments_using.model_trainers.mobile_vit_trainer |   ↳ new best AUROC; saved checkpoint: /home/oem/choihyunsu/VOGBasedMCIDetection/outputs/checkpoints/run_20260802_112618_full_wvote_artifact30_w0-5-5-10-0-15-15-30_4err/fold_23_best.pth
2026-08-02 19:24:39,005 | [FULL    ] | INFO | full_experiments_using.model_trainers.mobile_vit_trainer | Ep [004/500] T-Acc:  52.0%  V-Acc:  52.2%  V-AUROC: 0.5315  LR: 8.00e-04
2026-08-02 19:25:00,294 | [FULL    ] | INFO | full_experiments_using.model_trainers.mobile_vit_trainer | Ep [005/500] T-Acc:  51.8%  V-Acc:  52.7%  V-AUROC: 0.5354  LR: 1.00e-03
2026-08-02 19:25:20,368 | [FULL    ] | INFO | full_experiments_using.model_trainers.mobile_vit_trainer | Ep [006/500] T-Acc:  51.7%  V-Acc:  54.1%  V-AUROC: 0.5584  LR: 1.00e-03
2026-08-02 19:25:20,441 | [FULL    ] | INFO | full_experiments_using.model_trainers.mobile_vit_trainer |   ↳ new best AUROC; saved checkpoint: /home/oem/choihyunsu/VOGBasedMCIDetection/outputs/checkpoints/run_20260802_112618_full_wvote_artifact30_w0-5-5-10-0-15-15-30_4err/fold_23_best.pth
2026-08-02 19:25:41,057 | [FULL    ] | INFO | full_experiments_using.model_trainers.mobile_vit_trainer | Ep [007/500] T-Acc:  52.5%  V-Acc:  55.6%  V-AUROC: 0.5716  LR: 1.00e-03
2026-08-02 19:25:41,176 | [FULL    ] | INFO | full_experiments_using.model_trainers.mobile_vit_trainer |   ↳ new best AUROC; saved checkpoint: /home/oem/choihyunsu/VOGBasedMCIDetection/outputs/checkpoints/run_20260802_112618_full_wvote_artifact30_w0-5-5-10-0-15-15-30_4err/fold_23_best.pth
2026-08-02 19:26:01,252 | [FULL    ] | INFO | full_experiments_using.model_trainers.mobile_vit_trainer | Ep [008/500] T-Acc:  54.3%  V-Acc:  56.7%  V-AUROC: 0.5831  LR: 1.00e-03
2026-08-02 19:26:01,424 | [FULL    ] | INFO | full_experiments_using.model_trainers.mobile_vit_trainer |   ↳ new best AUROC; saved checkpoint: /home/oem/choihyunsu/VOGBasedMCIDetection/outputs/checkpoints/run_20260802_112618_full_wvote_artifact30_w0-5-5-10-0-15-15-30_4err/fold_23_best.pth
2026-08-02 19:26:22,875 | [FULL    ] | INFO | full_experiments_using.model_trainers.mobile_vit_trainer | Ep [009/500] T-Acc:  54.3%  V-Acc:  56.1%  V-AUROC: 0.5810  LR: 1.00e-03
2026-08-02 19:26:43,988 | [FULL    ] | INFO | full_experiments_using.model_trainers.mobile_vit_trainer | Ep [010/500] T-Acc:  54.0%  V-Acc:  56.8%  V-AUROC: 0.5966  LR: 1.00e-03
2026-08-02 19:26:44,134 | [FULL    ] | INFO | full_experiments_using.model_trainers.mobile_vit_trainer |   ↳ new best AUROC; saved checkpoint: /home/oem/choihyunsu/VOGBasedMCIDetection/outputs/checkpoints/run_20260802_112618_full_wvote_artifact30_w0-5-5-10-0-15-15-30_4err/fold_23_best.pth
2026-08-02 19:27:05,160 | [FULL    ] | INFO | full_experiments_using.model_trainers.mobile_vit_trainer | Ep [011/500] T-Acc:  55.0%  V-Acc:  58.0%  V-AUROC: 0.6023  LR: 1.00e-03
2026-08-02 19:27:05,284 | [FULL    ] | INFO | full_experiments_using.model_trainers.mobile_vit_trainer |   ↳ new best AUROC; saved checkpoint: /home/oem/choihyunsu/VOGBasedMCIDetection/outputs/checkpoints/run_20260802_112618_full_wvote_artifact30_w0-5-5-10-0-15-15-30_4err/fold_23_best.pth
2026-08-02 19:27:26,462 | [FULL    ] | INFO | full_experiments_using.model_trainers.mobile_vit_trainer | Ep [012/500] T-Acc:  56.4%  V-Acc:  57.4%  V-AUROC: 0.5989  LR: 1.00e-03
2026-08-02 19:27:47,887 | [FULL    ] | INFO | full_experiments_using.model_trainers.mobile_vit_trainer | Ep [013/500] T-Acc:  54.9%  V-Acc:  57.6%  V-AUROC: 0.5967  LR: 1.00e-03
2026-08-02 19:28:09,089 | [FULL    ] | INFO | full_experiments_using.model_trainers.mobile_vit_trainer | Ep [014/500] T-Acc:  55.4%  V-Acc:  57.6%  V-AUROC: 0.6033  LR: 1.00e-03
2026-08-02 19:28:09,204 | [FULL    ] | INFO | full_experiments_using.model_trainers.mobile_vit_trainer |   ↳ new best AUROC; saved checkpoint: /home/oem/choihyunsu/VOGBasedMCIDetection/outputs/checkpoints/run_20260802_112618_full_wvote_artifact30_w0-5-5-10-0-15-15-30_4err/fold_23_best.pth
2026-08-02 19:28:30,489 | [FULL    ] | INFO | full_experiments_using.model_trainers.mobile_vit_trainer | Ep [015/500] T-Acc:  57.4%  V-Acc:  58.3%  V-AUROC: 0.6020  LR: 1.00e-03
2026-08-02 19:28:51,694 | [FULL    ] | INFO | full_experiments_using.model_trainers.mobile_vit_trainer | Ep [016/500] T-Acc:  57.2%  V-Acc:  57.5%  V-AUROC: 0.5962  LR: 1.00e-03
2026-08-02 19:29:12,875 | [FULL    ] | INFO | full_experiments_using.model_trainers.mobile_vit_trainer | Ep [017/500] T-Acc:  58.0%  V-Acc:  58.5%  V-AUROC: 0.6051  LR: 1.00e-03
2026-08-02 19:29:13,045 | [FULL    ] | INFO | full_experiments_using.model_trainers.mobile_vit_trainer |   ↳ new best AUROC; saved checkpoint: /home/oem/choihyunsu/VOGBasedMCIDetection/outputs/checkpoints/run_20260802_112618_full_wvote_artifact30_w0-5-5-10-0-15-15-30_4err/fold_23_best.pth
2026-08-02 19:29:34,228 | [FULL    ] | INFO | full_experiments_using.model_trainers.mobile_vit_trainer | Ep [018/500] T-Acc:  58.8%  V-Acc:  58.0%  V-AUROC: 0.6069  LR: 1.00e-03
2026-08-02 19:29:34,358 | [FULL    ] | INFO | full_experiments_using.model_trainers.mobile_vit_trainer |   ↳ new best AUROC; saved checkpoint: /home/oem/choihyunsu/VOGBasedMCIDetection/outputs/checkpoints/run_20260802_112618_full_wvote_artifact30_w0-5-5-10-0-15-15-30_4err/fold_23_best.pth
2026-08-02 19:29:53,782 | [FULL    ] | INFO | full_experiments_using.model_trainers.mobile_vit_trainer | Ep [019/500] T-Acc:  58.3%  V-Acc:  57.7%  V-AUROC: 0.6014  LR: 1.00e-03
2026-08-02 19:30:12,390 | [FULL    ] | INFO | full_experiments_using.model_trainers.mobile_vit_trainer | Ep [020/500] T-Acc:  58.9%  V-Acc:  58.8%  V-AUROC: 0.6069  LR: 1.00e-03
2026-08-02 19:30:12,510 | [FULL    ] | INFO | full_experiments_using.model_trainers.mobile_vit_trainer |   ↳ new best AUROC; saved checkpoint: /home/oem/choihyunsu/VOGBasedMCIDetection/outputs/checkpoints/run_20260802_112618_full_wvote_artifact30_w0-5-5-10-0-15-15-30_4err/fold_23_best.pth
2026-08-02 19:30:33,620 | [FULL    ] | INFO | full_experiments_using.model_trainers.mobile_vit_trainer | Ep [021/500] T-Acc:  57.9%  V-Acc:  58.4%  V-AUROC: 0.6077  LR: 1.00e-03
2026-08-02 19:30:33,739 | [FULL    ] | INFO | full_experiments_using.model_trainers.mobile_vit_trainer |   ↳ new best AUROC; saved checkpoint: /home/oem/choihyunsu/VOGBasedMCIDetection/outputs/checkpoints/run_20260802_112618_full_wvote_artifact30_w0-5-5-10-0-15-15-30_4err/fold_23_best.pth
2026-08-02 19:30:54,997 | [FULL    ] | INFO | full_experiments_using.model_trainers.mobile_vit_trainer | Ep [022/500] T-Acc:  59.5%  V-Acc:  58.6%  V-AUROC: 0.6052  LR: 1.00e-03
2026-08-02 19:31:16,318 | [FULL    ] | INFO | full_experiments_using.model_trainers.mobile_vit_trainer | Ep [023/500] T-Acc:  57.5%  V-Acc:  58.1%  V-AUROC: 0.6032  LR: 1.00e-03
2026-08-02 19:31:37,554 | [FULL    ] | INFO | full_experiments_using.model_trainers.mobile_vit_trainer | Ep [024/500] T-Acc:  60.1%  V-Acc:  59.2%  V-AUROC: 0.6120  LR: 1.00e-03
2026-08-02 19:31:37,690 | [FULL    ] | INFO | full_experiments_using.model_trainers.mobile_vit_trainer |   ↳ new best AUROC; saved checkpoint: /home/oem/choihyunsu/VOGBasedMCIDetection/outputs/checkpoints/run_20260802_112618_full_wvote_artifact30_w0-5-5-10-0-15-15-30_4err/fold_23_best.pth
2026-08-02 19:31:58,802 | [FULL    ] | INFO | full_experiments_using.model_trainers.mobile_vit_trainer | Ep [025/500] T-Acc:  61.2%  V-Acc:  59.7%  V-AUROC: 0.6074  LR: 1.00e-03
2026-08-02 19:32:19,989 | [FULL    ] | INFO | full_experiments_using.model_trainers.mobile_vit_trainer | Ep [026/500] T-Acc:  59.1%  V-Acc:  58.1%  V-AUROC: 0.6095  LR: 1.00e-03
2026-08-02 19:32:41,307 | [FULL    ] | INFO | full_experiments_using.model_trainers.mobile_vit_trainer | Ep [027/500] T-Acc:  61.1%  V-Acc:  57.9%  V-AUROC: 0.6081  LR: 1.00e-03
2026-08-02 19:33:02,519 | [FULL    ] | INFO | full_experiments_using.model_trainers.mobile_vit_trainer | Ep [028/500] T-Acc:  59.3%  V-Acc:  58.6%  V-AUROC: 0.6119  LR: 1.00e-03
2026-08-02 19:33:23,733 | [FULL    ] | INFO | full_experiments_using.model_trainers.mobile_vit_trainer | Ep [029/500] T-Acc:  60.7%  V-Acc:  58.6%  V-AUROC: 0.6064  LR: 1.00e-03
2026-08-02 19:33:44,873 | [FULL    ] | INFO | full_experiments_using.model_trainers.mobile_vit_trainer | Ep [030/500] T-Acc:  61.4%  V-Acc:  59.8%  V-AUROC: 0.6145  LR: 1.00e-03
2026-08-02 19:33:44,990 | [FULL    ] | INFO | full_experiments_using.model_trainers.mobile_vit_trainer |   ↳ new best AUROC; saved checkpoint: /home/oem/choihyunsu/VOGBasedMCIDetection/outputs/checkpoints/run_20260802_112618_full_wvote_artifact30_w0-5-5-10-0-15-15-30_4err/fold_23_best.pth
2026-08-02 19:34:06,172 | [FULL    ] | INFO | full_experiments_using.model_trainers.mobile_vit_trainer | Ep [031/500] T-Acc:  60.5%  V-Acc:  59.2%  V-AUROC: 0.6097  LR: 1.00e-03
2026-08-02 19:34:27,508 | [FULL    ] | INFO | full_experiments_using.model_trainers.mobile_vit_trainer | Ep [032/500] T-Acc:  61.4%  V-Acc:  59.6%  V-AUROC: 0.6135  LR: 1.00e-03
2026-08-02 19:34:48,588 | [FULL    ] | INFO | full_experiments_using.model_trainers.mobile_vit_trainer | Ep [033/500] T-Acc:  60.7%  V-Acc:  58.8%  V-AUROC: 0.6084  LR: 1.00e-03
2026-08-02 19:35:09,892 | [FULL    ] | INFO | full_experiments_using.model_trainers.mobile_vit_trainer | Ep [034/500] T-Acc:  61.3%  V-Acc:  58.1%  V-AUROC: 0.6086  LR: 1.00e-03
2026-08-02 19:35:31,139 | [FULL    ] | INFO | full_experiments_using.model_trainers.mobile_vit_trainer | Ep [035/500] T-Acc:  61.7%  V-Acc:  59.3%  V-AUROC: 0.6167  LR: 1.00e-03
2026-08-02 19:35:31,257 | [FULL    ] | INFO | full_experiments_using.model_trainers.mobile_vit_trainer |   ↳ new best AUROC; saved checkpoint: /home/oem/choihyunsu/VOGBasedMCIDetection/outputs/checkpoints/run_20260802_112618_full_wvote_artifact30_w0-5-5-10-0-15-15-30_4err/fold_23_best.pth
2026-08-02 19:35:52,533 | [FULL    ] | INFO | full_experiments_using.model_trainers.mobile_vit_trainer | Ep [036/500] T-Acc:  60.5%  V-Acc:  56.9%  V-AUROC: 0.6014  LR: 1.00e-03
2026-08-02 19:36:13,746 | [FULL    ] | INFO | full_experiments_using.model_trainers.mobile_vit_trainer | Ep [037/500] T-Acc:  61.0%  V-Acc:  57.8%  V-AUROC: 0.6068  LR: 1.00e-03
2026-08-02 19:36:34,875 | [FULL    ] | INFO | full_experiments_using.model_trainers.mobile_vit_trainer | Ep [038/500] T-Acc:  61.6%  V-Acc:  58.0%  V-AUROC: 0.6046  LR: 1.00e-03
2026-08-02 19:36:56,222 | [FULL    ] | INFO | full_experiments_using.model_trainers.mobile_vit_trainer | Ep [039/500] T-Acc:  61.6%  V-Acc:  57.9%  V-AUROC: 0.6092  LR: 1.00e-03
2026-08-02 19:37:17,510 | [FULL    ] | INFO | full_experiments_using.model_trainers.mobile_vit_trainer | Ep [040/500] T-Acc:  61.7%  V-Acc:  58.0%  V-AUROC: 0.6039  LR: 1.00e-03
2026-08-02 19:37:38,683 | [FULL    ] | INFO | full_experiments_using.model_trainers.mobile_vit_trainer | Ep [041/500] T-Acc:  61.2%  V-Acc:  58.0%  V-AUROC: 0.6128  LR: 1.00e-03
2026-08-02 19:37:59,887 | [FULL    ] | INFO | full_experiments_using.model_trainers.mobile_vit_trainer | Ep [042/500] T-Acc:  61.2%  V-Acc:  58.8%  V-AUROC: 0.6135  LR: 1.00e-03
2026-08-02 19:38:21,136 | [FULL    ] | INFO | full_experiments_using.model_trainers.mobile_vit_trainer | Ep [043/500] T-Acc:  63.4%  V-Acc:  58.5%  V-AUROC: 0.6135  LR: 1.00e-03
2026-08-02 19:38:42,675 | [FULL    ] | INFO | full_experiments_using.model_trainers.mobile_vit_trainer | Ep [044/500] T-Acc:  61.6%  V-Acc:  58.1%  V-AUROC: 0.6149  LR: 1.00e-03
2026-08-02 19:39:03,753 | [FULL    ] | INFO | full_experiments_using.model_trainers.mobile_vit_trainer | Ep [045/500] T-Acc:  62.2%  V-Acc:  58.1%  V-AUROC: 0.6139  LR: 1.00e-03
2026-08-02 19:39:24,915 | [FULL    ] | INFO | full_experiments_using.model_trainers.mobile_vit_trainer | Ep [046/500] T-Acc:  62.2%  V-Acc:  59.0%  V-AUROC: 0.6170  LR: 1.00e-03
2026-08-02 19:39:25,048 | [FULL    ] | INFO | full_experiments_using.model_trainers.mobile_vit_trainer |   ↳ new best AUROC; saved checkpoint: /home/oem/choihyunsu/VOGBasedMCIDetection/outputs/checkpoints/run_20260802_112618_full_wvote_artifact30_w0-5-5-10-0-15-15-30_4err/fold_23_best.pth
2026-08-02 19:39:46,291 | [FULL    ] | INFO | full_experiments_using.model_trainers.mobile_vit_trainer | Ep [047/500] T-Acc:  61.1%  V-Acc:  58.9%  V-AUROC: 0.6154  LR: 1.00e-03
2026-08-02 19:40:07,605 | [FULL    ] | INFO | full_experiments_using.model_trainers.mobile_vit_trainer | Ep [048/500] T-Acc:  62.2%  V-Acc:  59.6%  V-AUROC: 0.6158  LR: 1.00e-03
2026-08-02 19:40:28,790 | [FULL    ] | INFO | full_experiments_using.model_trainers.mobile_vit_trainer | Ep [049/500] T-Acc:  62.6%  V-Acc:  58.1%  V-AUROC: 0.6083  LR: 1.00e-03
2026-08-02 19:40:50,143 | [FULL    ] | INFO | full_experiments_using.model_trainers.mobile_vit_trainer | Ep [050/500] T-Acc:  63.3%  V-Acc:  57.6%  V-AUROC: 0.6127  LR: 1.00e-03
2026-08-02 19:41:11,422 | [FULL    ] | INFO | full_experiments_using.model_trainers.mobile_vit_trainer | Ep [051/500] T-Acc:  62.9%  V-Acc:  58.6%  V-AUROC: 0.6093  LR: 1.00e-03
2026-08-02 19:41:32,777 | [FULL    ] | INFO | full_experiments_using.model_trainers.mobile_vit_trainer | Ep [052/500] T-Acc:  62.2%  V-Acc:  59.0%  V-AUROC: 0.6155  LR: 1.00e-03
2026-08-02 19:41:53,936 | [FULL    ] | INFO | full_experiments_using.model_trainers.mobile_vit_trainer | Ep [053/500] T-Acc:  62.9%  V-Acc:  58.5%  V-AUROC: 0.6148  LR: 1.00e-03
2026-08-02 19:42:15,391 | [FULL    ] | INFO | full_experiments_using.model_trainers.mobile_vit_trainer | Ep [054/500] T-Acc:  63.0%  V-Acc:  57.2%  V-AUROC: 0.6140  LR: 1.00e-03
2026-08-02 19:42:36,556 | [FULL    ] | INFO | full_experiments_using.model_trainers.mobile_vit_trainer | Ep [055/500] T-Acc:  63.8%  V-Acc:  58.6%  V-AUROC: 0.6168  LR: 1.00e-03
2026-08-02 19:42:57,791 | [FULL    ] | INFO | full_experiments_using.model_trainers.mobile_vit_trainer | Ep [056/500] T-Acc:  62.2%  V-Acc:  57.9%  V-AUROC: 0.6107  LR: 1.00e-03
2026-08-02 19:43:19,082 | [FULL    ] | INFO | full_experiments_using.model_trainers.mobile_vit_trainer | Ep [057/500] T-Acc:  62.5%  V-Acc:  56.8%  V-AUROC: 0.6104  LR: 1.00e-03
2026-08-02 19:43:40,331 | [FULL    ] | INFO | full_experiments_using.model_trainers.mobile_vit_trainer | Ep [058/500] T-Acc:  63.0%  V-Acc:  56.8%  V-AUROC: 0.6097  LR: 2.00e-04
2026-08-02 19:44:01,554 | [FULL    ] | INFO | full_experiments_using.model_trainers.mobile_vit_trainer | Ep [059/500] T-Acc:  63.7%  V-Acc:  58.0%  V-AUROC: 0.6120  LR: 2.00e-04
2026-08-02 19:44:22,769 | [FULL    ] | INFO | full_experiments_using.model_trainers.mobile_vit_trainer | Ep [060/500] T-Acc:  62.5%  V-Acc:  57.4%  V-AUROC: 0.6103  LR: 2.00e-04
2026-08-02 19:44:43,941 | [FULL    ] | INFO | full_experiments_using.model_trainers.mobile_vit_trainer | Ep [061/500] T-Acc:  64.4%  V-Acc:  57.0%  V-AUROC: 0.6095  LR: 2.00e-04
2026-08-02 19:45:05,378 | [FULL    ] | INFO | full_experiments_using.model_trainers.mobile_vit_trainer | Ep [062/500] T-Acc:  62.8%  V-Acc:  57.2%  V-AUROC: 0.6096  LR: 2.00e-04
2026-08-02 19:45:24,747 | [FULL    ] | INFO | full_experiments_using.model_trainers.mobile_vit_trainer | Ep [063/500] T-Acc:  64.4%  V-Acc:  57.5%  V-AUROC: 0.6105  LR: 2.00e-04
2026-08-02 19:45:43,581 | [FULL    ] | INFO | full_experiments_using.model_trainers.mobile_vit_trainer | Ep [064/500] T-Acc:  63.3%  V-Acc:  56.6%  V-AUROC: 0.6094  LR: 2.00e-04
2026-08-02 19:46:02,690 | [FULL    ] | INFO | full_experiments_using.model_trainers.mobile_vit_trainer | Ep [065/500] T-Acc:  63.6%  V-Acc:  57.2%  V-AUROC: 0.6102  LR: 2.00e-04
2026-08-02 19:46:23,921 | [FULL    ] | INFO | full_experiments_using.model_trainers.mobile_vit_trainer | Ep [066/500] T-Acc:  63.7%  V-Acc:  57.2%  V-AUROC: 0.6117  LR: 2.00e-04
2026-08-02 19:46:45,023 | [FULL    ] | INFO | full_experiments_using.model_trainers.mobile_vit_trainer | Ep [067/500] T-Acc:  63.1%  V-Acc:  56.2%  V-AUROC: 0.6098  LR: 2.00e-04
2026-08-02 19:47:06,126 | [FULL    ] | INFO | full_experiments_using.model_trainers.mobile_vit_trainer | Ep [068/500] T-Acc:  63.7%  V-Acc:  56.9%  V-AUROC: 0.6107  LR: 2.00e-04
2026-08-02 19:47:27,167 | [FULL    ] | INFO | full_experiments_using.model_trainers.mobile_vit_trainer | Ep [069/500] T-Acc:  63.7%  V-Acc:  57.0%  V-AUROC: 0.6107  LR: 4.00e-05
2026-08-02 19:47:48,395 | [FULL    ] | INFO | full_experiments_using.model_trainers.mobile_vit_trainer | Ep [070/500] T-Acc:  63.1%  V-Acc:  57.2%  V-AUROC: 0.6104  LR: 4.00e-05
2026-08-02 19:48:09,828 | [FULL    ] | INFO | full_experiments_using.model_trainers.mobile_vit_trainer | Ep [071/500] T-Acc:  62.2%  V-Acc:  56.9%  V-AUROC: 0.6104  LR: 4.00e-05
2026-08-02 19:48:30,905 | [FULL    ] | INFO | full_experiments_using.model_trainers.mobile_vit_trainer | Ep [072/500] T-Acc:  63.6%  V-Acc:  57.6%  V-AUROC: 0.6112  LR: 4.00e-05
2026-08-02 19:48:52,072 | [FULL    ] | INFO | full_experiments_using.model_trainers.mobile_vit_trainer | Ep [073/500] T-Acc:  63.0%  V-Acc:  56.9%  V-AUROC: 0.6103  LR: 4.00e-05
2026-08-02 19:49:13,163 | [FULL    ] | INFO | full_experiments_using.model_trainers.mobile_vit_trainer | Ep [074/500] T-Acc:  63.2%  V-Acc:  56.7%  V-AUROC: 0.6113  LR: 4.00e-05
2026-08-02 19:49:34,505 | [FULL    ] | INFO | full_experiments_using.model_trainers.mobile_vit_trainer | Ep [075/500] T-Acc:  62.5%  V-Acc:  56.8%  V-AUROC: 0.6111  LR: 4.00e-05
2026-08-02 19:49:55,601 | [FULL    ] | INFO | full_experiments_using.model_trainers.mobile_vit_trainer | Ep [076/500] T-Acc:  64.1%  V-Acc:  56.4%  V-AUROC: 0.6102  LR: 4.00e-05
2026-08-02 19:49:55,601 | [FULL    ] | INFO | full_experiments_using.model_trainers.mobile_vit_trainer | Early stop — best AUROC 0.6170 at epoch 46 (no improvement for 30 epochs)
2026-08-02 19:49:55,601 | [FULL    ] | INFO | full_experiments_using.model_trainers.mobile_vit_trainer | Done. Best AUROC: 0.6170 (epoch 46) → /home/oem/choihyunsu/VOGBasedMCIDetection/outputs/checkpoints/run_20260802_112618_full_wvote_artifact30_w0-5-5-10-0-15-15-30_4err/fold_23_best.pth
2026-08-02 19:50:02,263 | [FULL    ] | INFO | full_experiments_using.evaluators.monte_carlo_evaluator | -> Fold 24 Result | Acc=0.700 Sens=0.667 Spec=0.750 AUROC=0.833
2026-08-02 19:50:02,270 | [FULL    ] | INFO | full_experiments_using.evaluators.monte_carlo_evaluator | === Fold 25/30 | train: 25 subj (HC=10 MCI=15) / 3799 win | test: 12 subj (HC=4 MCI=8) / 1916 win ===
2026-08-02 19:50:02,516 | [FULL    ] | INFO | httpx | HTTP Request: HEAD https://huggingface.co/apple/mobilevit-small/resolve/main/config.json "HTTP/1.1 307 Temporary Redirect"
2026-08-02 19:50:02,533 | [FULL    ] | INFO | httpx | HTTP Request: HEAD https://huggingface.co/api/resolve-cache/models/apple/mobilevit-small/6c8612545dc98676d27bc518fa521d9e9af23e34/config.json "HTTP/1.1 200 OK"
2026-08-02 19:50:02,805 | [FULL    ] | INFO | httpx | HTTP Request: HEAD https://huggingface.co/apple/mobilevit-small/resolve/main/model.safetensors "HTTP/1.1 404 Not Found"
2026-08-02 19:50:03,010 | [FULL    ] | INFO | httpx | HTTP Request: HEAD https://huggingface.co/apple/mobilevit-small/resolve/main/model.safetensors.index.json "HTTP/1.1 404 Not Found"
2026-08-02 19:50:03,222 | [FULL    ] | INFO | httpx | HTTP Request: HEAD https://huggingface.co/apple/mobilevit-small/resolve/main/pytorch_model.bin "HTTP/1.1 302 Found"
2026-08-02 19:50:03,439 | [FULL    ] | INFO | httpx | HTTP Request: HEAD https://huggingface.co/apple/mobilevit-small/resolve/main/model.safetensors "HTTP/1.1 404 Not Found"
2026-08-02 19:50:03,644 | [FULL    ] | INFO | httpx | HTTP Request: GET https://huggingface.co/api/models/apple/mobilevit-small "HTTP/1.1 200 OK"
2026-08-02 19:50:03,948 | [FULL    ] | INFO | httpx | HTTP Request: GET https://huggingface.co/api/models/apple/mobilevit-small/commits/main "HTTP/1.1 200 OK"
2026-08-02 19:50:04,172 | [FULL    ] | INFO | httpx | HTTP Request: GET https://huggingface.co/api/models/apple/mobilevit-small/discussions?p=0 "HTTP/1.1 200 OK"
2026-08-02 19:50:04,386 | [FULL    ] | INFO | httpx | HTTP Request: GET https://huggingface.co/api/models/apple/mobilevit-small/commits/refs%2Fpr%2F6 "HTTP/1.1 200 OK"
2026-08-02 19:50:04,587 | [FULL    ] | INFO | httpx | HTTP Request: HEAD https://huggingface.co/apple/mobilevit-small/resolve/refs%2Fpr%2F6/model.safetensors.index.json "HTTP/1.1 404 Not Found"
2026-08-02 19:50:04,792 | [FULL    ] | INFO | httpx | HTTP Request: HEAD https://huggingface.co/apple/mobilevit-small/resolve/refs%2Fpr%2F6/model.safetensors "HTTP/1.1 302 Found"
2026-08-02 19:50:04,992 | [FULL    ] | INFO | full_experiments_using.model_trainers.mobile_vit_trainer | Device: cuda | max_epochs=500 | batch=32 | eval_batch=256 | es_patience=30
2026-08-02 19:50:04,997 | [FULL    ] | INFO | full_experiments_using.model_trainers.mobile_vit_trainer | CE weights — HC: 1.076  MCI: 0.934
2026-08-02 19:50:36,009 | [FULL    ] | INFO | full_experiments_using.model_trainers.mobile_vit_trainer | Ep [001/500] T-Acc:  52.6%  V-Acc:  57.3%  V-AUROC: 0.5016  LR: 2.00e-04
2026-08-02 19:50:36,068 | [FULL    ] | INFO | full_experiments_using.model_trainers.mobile_vit_trainer |   ↳ new best AUROC; saved checkpoint: /home/oem/choihyunsu/VOGBasedMCIDetection/outputs/checkpoints/run_20260802_112618_full_wvote_artifact30_w0-5-5-10-0-15-15-30_4err/fold_24_best.pth
2026-08-02 19:50:56,606 | [FULL    ] | INFO | full_experiments_using.model_trainers.mobile_vit_trainer | Ep [002/500] T-Acc:  51.3%  V-Acc:  56.1%  V-AUROC: 0.5053  LR: 4.00e-04
2026-08-02 19:50:56,729 | [FULL    ] | INFO | full_experiments_using.model_trainers.mobile_vit_trainer |   ↳ new best AUROC; saved checkpoint: /home/oem/choihyunsu/VOGBasedMCIDetection/outputs/checkpoints/run_20260802_112618_full_wvote_artifact30_w0-5-5-10-0-15-15-30_4err/fold_24_best.pth
2026-08-02 19:51:17,708 | [FULL    ] | INFO | full_experiments_using.model_trainers.mobile_vit_trainer | Ep [003/500] T-Acc:  53.2%  V-Acc:  55.7%  V-AUROC: 0.5142  LR: 6.00e-04
2026-08-02 19:51:17,826 | [FULL    ] | INFO | full_experiments_using.model_trainers.mobile_vit_trainer |   ↳ new best AUROC; saved checkpoint: /home/oem/choihyunsu/VOGBasedMCIDetection/outputs/checkpoints/run_20260802_112618_full_wvote_artifact30_w0-5-5-10-0-15-15-30_4err/fold_24_best.pth
2026-08-02 19:51:38,748 | [FULL    ] | INFO | full_experiments_using.model_trainers.mobile_vit_trainer | Ep [004/500] T-Acc:  54.2%  V-Acc:  54.7%  V-AUROC: 0.5117  LR: 8.00e-04
2026-08-02 19:51:59,494 | [FULL    ] | INFO | full_experiments_using.model_trainers.mobile_vit_trainer | Ep [005/500] T-Acc:  53.1%  V-Acc:  51.6%  V-AUROC: 0.5093  LR: 1.00e-03
2026-08-02 19:52:20,349 | [FULL    ] | INFO | full_experiments_using.model_trainers.mobile_vit_trainer | Ep [006/500] T-Acc:  53.3%  V-Acc:  53.3%  V-AUROC: 0.5309  LR: 1.00e-03
2026-08-02 19:52:20,472 | [FULL    ] | INFO | full_experiments_using.model_trainers.mobile_vit_trainer |   ↳ new best AUROC; saved checkpoint: /home/oem/choihyunsu/VOGBasedMCIDetection/outputs/checkpoints/run_20260802_112618_full_wvote_artifact30_w0-5-5-10-0-15-15-30_4err/fold_24_best.pth
2026-08-02 19:52:41,346 | [FULL    ] | INFO | full_experiments_using.model_trainers.mobile_vit_trainer | Ep [007/500] T-Acc:  54.0%  V-Acc:  54.0%  V-AUROC: 0.5400  LR: 1.00e-03
2026-08-02 19:52:41,462 | [FULL    ] | INFO | full_experiments_using.model_trainers.mobile_vit_trainer |   ↳ new best AUROC; saved checkpoint: /home/oem/choihyunsu/VOGBasedMCIDetection/outputs/checkpoints/run_20260802_112618_full_wvote_artifact30_w0-5-5-10-0-15-15-30_4err/fold_24_best.pth
2026-08-02 19:53:02,457 | [FULL    ] | INFO | full_experiments_using.model_trainers.mobile_vit_trainer | Ep [008/500] T-Acc:  52.2%  V-Acc:  52.7%  V-AUROC: 0.5363  LR: 1.00e-03
2026-08-02 19:53:23,390 | [FULL    ] | INFO | full_experiments_using.model_trainers.mobile_vit_trainer | Ep [009/500] T-Acc:  54.1%  V-Acc:  52.6%  V-AUROC: 0.5363  LR: 1.00e-03
2026-08-02 19:53:44,282 | [FULL    ] | INFO | full_experiments_using.model_trainers.mobile_vit_trainer | Ep [010/500] T-Acc:  54.6%  V-Acc:  52.3%  V-AUROC: 0.5499  LR: 1.00e-03
2026-08-02 19:53:44,412 | [FULL    ] | INFO | full_experiments_using.model_trainers.mobile_vit_trainer |   ↳ new best AUROC; saved checkpoint: /home/oem/choihyunsu/VOGBasedMCIDetection/outputs/checkpoints/run_20260802_112618_full_wvote_artifact30_w0-5-5-10-0-15-15-30_4err/fold_24_best.pth
2026-08-02 19:54:05,433 | [FULL    ] | INFO | full_experiments_using.model_trainers.mobile_vit_trainer | Ep [011/500] T-Acc:  55.6%  V-Acc:  53.6%  V-AUROC: 0.5540  LR: 1.00e-03
2026-08-02 19:54:05,550 | [FULL    ] | INFO | full_experiments_using.model_trainers.mobile_vit_trainer |   ↳ new best AUROC; saved checkpoint: /home/oem/choihyunsu/VOGBasedMCIDetection/outputs/checkpoints/run_20260802_112618_full_wvote_artifact30_w0-5-5-10-0-15-15-30_4err/fold_24_best.pth
2026-08-02 19:54:26,370 | [FULL    ] | INFO | full_experiments_using.model_trainers.mobile_vit_trainer | Ep [012/500] T-Acc:  54.3%  V-Acc:  53.9%  V-AUROC: 0.5549  LR: 1.00e-03
2026-08-02 19:54:26,498 | [FULL    ] | INFO | full_experiments_using.model_trainers.mobile_vit_trainer |   ↳ new best AUROC; saved checkpoint: /home/oem/choihyunsu/VOGBasedMCIDetection/outputs/checkpoints/run_20260802_112618_full_wvote_artifact30_w0-5-5-10-0-15-15-30_4err/fold_24_best.pth
2026-08-02 19:54:47,583 | [FULL    ] | INFO | full_experiments_using.model_trainers.mobile_vit_trainer | Ep [013/500] T-Acc:  55.5%  V-Acc:  53.2%  V-AUROC: 0.5609  LR: 1.00e-03
2026-08-02 19:54:47,703 | [FULL    ] | INFO | full_experiments_using.model_trainers.mobile_vit_trainer |   ↳ new best AUROC; saved checkpoint: /home/oem/choihyunsu/VOGBasedMCIDetection/outputs/checkpoints/run_20260802_112618_full_wvote_artifact30_w0-5-5-10-0-15-15-30_4err/fold_24_best.pth
2026-08-02 19:55:08,860 | [FULL    ] | INFO | full_experiments_using.model_trainers.mobile_vit_trainer | Ep [014/500] T-Acc:  55.3%  V-Acc:  52.7%  V-AUROC: 0.5592  LR: 1.00e-03
2026-08-02 19:55:29,833 | [FULL    ] | INFO | full_experiments_using.model_trainers.mobile_vit_trainer | Ep [015/500] T-Acc:  56.5%  V-Acc:  52.5%  V-AUROC: 0.5579  LR: 1.00e-03
2026-08-02 19:55:50,927 | [FULL    ] | INFO | full_experiments_using.model_trainers.mobile_vit_trainer | Ep [016/500] T-Acc:  57.6%  V-Acc:  53.4%  V-AUROC: 0.5682  LR: 1.00e-03
2026-08-02 19:55:51,050 | [FULL    ] | INFO | full_experiments_using.model_trainers.mobile_vit_trainer |   ↳ new best AUROC; saved checkpoint: /home/oem/choihyunsu/VOGBasedMCIDetection/outputs/checkpoints/run_20260802_112618_full_wvote_artifact30_w0-5-5-10-0-15-15-30_4err/fold_24_best.pth
2026-08-02 19:56:11,911 | [FULL    ] | INFO | full_experiments_using.model_trainers.mobile_vit_trainer | Ep [017/500] T-Acc:  57.2%  V-Acc:  52.5%  V-AUROC: 0.5680  LR: 1.00e-03
2026-08-02 19:56:32,977 | [FULL    ] | INFO | full_experiments_using.model_trainers.mobile_vit_trainer | Ep [018/500] T-Acc:  57.5%  V-Acc:  53.1%  V-AUROC: 0.5712  LR: 1.00e-03
2026-08-02 19:56:33,101 | [FULL    ] | INFO | full_experiments_using.model_trainers.mobile_vit_trainer |   ↳ new best AUROC; saved checkpoint: /home/oem/choihyunsu/VOGBasedMCIDetection/outputs/checkpoints/run_20260802_112618_full_wvote_artifact30_w0-5-5-10-0-15-15-30_4err/fold_24_best.pth
2026-08-02 19:56:53,968 | [FULL    ] | INFO | full_experiments_using.model_trainers.mobile_vit_trainer | Ep [019/500] T-Acc:  57.8%  V-Acc:  51.3%  V-AUROC: 0.5734  LR: 1.00e-03
2026-08-02 19:56:54,094 | [FULL    ] | INFO | full_experiments_using.model_trainers.mobile_vit_trainer |   ↳ new best AUROC; saved checkpoint: /home/oem/choihyunsu/VOGBasedMCIDetection/outputs/checkpoints/run_20260802_112618_full_wvote_artifact30_w0-5-5-10-0-15-15-30_4err/fold_24_best.pth
2026-08-02 19:57:15,121 | [FULL    ] | INFO | full_experiments_using.model_trainers.mobile_vit_trainer | Ep [020/500] T-Acc:  57.4%  V-Acc:  52.1%  V-AUROC: 0.5653  LR: 1.00e-03
2026-08-02 19:57:35,944 | [FULL    ] | INFO | full_experiments_using.model_trainers.mobile_vit_trainer | Ep [021/500] T-Acc:  58.8%  V-Acc:  53.0%  V-AUROC: 0.5665  LR: 1.00e-03
2026-08-02 19:57:56,711 | [FULL    ] | INFO | full_experiments_using.model_trainers.mobile_vit_trainer | Ep [022/500] T-Acc:  58.0%  V-Acc:  51.4%  V-AUROC: 0.5646  LR: 1.00e-03
2026-08-02 19:58:17,824 | [FULL    ] | INFO | full_experiments_using.model_trainers.mobile_vit_trainer | Ep [023/500] T-Acc:  59.0%  V-Acc:  51.7%  V-AUROC: 0.5631  LR: 1.00e-03
2026-08-02 19:58:38,767 | [FULL    ] | INFO | full_experiments_using.model_trainers.mobile_vit_trainer | Ep [024/500] T-Acc:  57.7%  V-Acc:  52.0%  V-AUROC: 0.5675  LR: 1.00e-03
2026-08-02 19:58:59,800 | [FULL    ] | INFO | full_experiments_using.model_trainers.mobile_vit_trainer | Ep [025/500] T-Acc:  59.7%  V-Acc:  51.6%  V-AUROC: 0.5632  LR: 1.00e-03
2026-08-02 19:59:20,748 | [FULL    ] | INFO | full_experiments_using.model_trainers.mobile_vit_trainer | Ep [026/500] T-Acc:  58.6%  V-Acc:  52.6%  V-AUROC: 0.5584  LR: 1.00e-03
2026-08-02 19:59:41,627 | [FULL    ] | INFO | full_experiments_using.model_trainers.mobile_vit_trainer | Ep [027/500] T-Acc:  60.0%  V-Acc:  51.1%  V-AUROC: 0.5632  LR: 1.00e-03
2026-08-02 20:00:02,644 | [FULL    ] | INFO | full_experiments_using.model_trainers.mobile_vit_trainer | Ep [028/500] T-Acc:  58.2%  V-Acc:  52.3%  V-AUROC: 0.5686  LR: 1.00e-03
2026-08-02 20:00:23,662 | [FULL    ] | INFO | full_experiments_using.model_trainers.mobile_vit_trainer | Ep [029/500] T-Acc:  61.3%  V-Acc:  51.7%  V-AUROC: 0.5734  LR: 1.00e-03
2026-08-02 20:00:23,792 | [FULL    ] | INFO | full_experiments_using.model_trainers.mobile_vit_trainer |   ↳ new best AUROC; saved checkpoint: /home/oem/choihyunsu/VOGBasedMCIDetection/outputs/checkpoints/run_20260802_112618_full_wvote_artifact30_w0-5-5-10-0-15-15-30_4err/fold_24_best.pth
2026-08-02 20:00:44,764 | [FULL    ] | INFO | full_experiments_using.model_trainers.mobile_vit_trainer | Ep [030/500] T-Acc:  60.6%  V-Acc:  53.7%  V-AUROC: 0.5753  LR: 1.00e-03
2026-08-02 20:00:44,897 | [FULL    ] | INFO | full_experiments_using.model_trainers.mobile_vit_trainer |   ↳ new best AUROC; saved checkpoint: /home/oem/choihyunsu/VOGBasedMCIDetection/outputs/checkpoints/run_20260802_112618_full_wvote_artifact30_w0-5-5-10-0-15-15-30_4err/fold_24_best.pth
2026-08-02 20:01:05,892 | [FULL    ] | INFO | full_experiments_using.model_trainers.mobile_vit_trainer | Ep [031/500] T-Acc:  59.6%  V-Acc:  53.8%  V-AUROC: 0.5636  LR: 1.00e-03
2026-08-02 20:01:26,008 | [FULL    ] | INFO | full_experiments_using.model_trainers.mobile_vit_trainer | Ep [032/500] T-Acc:  60.2%  V-Acc:  53.5%  V-AUROC: 0.5684  LR: 1.00e-03
2026-08-02 20:01:46,067 | [FULL    ] | INFO | full_experiments_using.model_trainers.mobile_vit_trainer | Ep [033/500] T-Acc:  60.4%  V-Acc:  52.8%  V-AUROC: 0.5726  LR: 1.00e-03
2026-08-02 20:02:05,260 | [FULL    ] | INFO | full_experiments_using.model_trainers.mobile_vit_trainer | Ep [034/500] T-Acc:  61.4%  V-Acc:  53.2%  V-AUROC: 0.5696  LR: 1.00e-03
2026-08-02 20:02:26,188 | [FULL    ] | INFO | full_experiments_using.model_trainers.mobile_vit_trainer | Ep [035/500] T-Acc:  60.6%  V-Acc:  53.7%  V-AUROC: 0.5815  LR: 1.00e-03
2026-08-02 20:02:26,308 | [FULL    ] | INFO | full_experiments_using.model_trainers.mobile_vit_trainer |   ↳ new best AUROC; saved checkpoint: /home/oem/choihyunsu/VOGBasedMCIDetection/outputs/checkpoints/run_20260802_112618_full_wvote_artifact30_w0-5-5-10-0-15-15-30_4err/fold_24_best.pth
2026-08-02 20:02:47,332 | [FULL    ] | INFO | full_experiments_using.model_trainers.mobile_vit_trainer | Ep [036/500] T-Acc:  60.6%  V-Acc:  53.1%  V-AUROC: 0.5815  LR: 1.00e-03
2026-08-02 20:02:47,449 | [FULL    ] | INFO | full_experiments_using.model_trainers.mobile_vit_trainer |   ↳ new best AUROC; saved checkpoint: /home/oem/choihyunsu/VOGBasedMCIDetection/outputs/checkpoints/run_20260802_112618_full_wvote_artifact30_w0-5-5-10-0-15-15-30_4err/fold_24_best.pth
2026-08-02 20:03:08,329 | [FULL    ] | INFO | full_experiments_using.model_trainers.mobile_vit_trainer | Ep [037/500] T-Acc:  59.5%  V-Acc:  53.0%  V-AUROC: 0.5736  LR: 1.00e-03
2026-08-02 20:03:29,180 | [FULL    ] | INFO | full_experiments_using.model_trainers.mobile_vit_trainer | Ep [038/500] T-Acc:  60.7%  V-Acc:  53.8%  V-AUROC: 0.5640  LR: 1.00e-03
2026-08-02 20:03:50,095 | [FULL    ] | INFO | full_experiments_using.model_trainers.mobile_vit_trainer | Ep [039/500] T-Acc:  61.8%  V-Acc:  52.3%  V-AUROC: 0.5797  LR: 1.00e-03
2026-08-02 20:04:11,054 | [FULL    ] | INFO | full_experiments_using.model_trainers.mobile_vit_trainer | Ep [040/500] T-Acc:  61.2%  V-Acc:  51.9%  V-AUROC: 0.5751  LR: 1.00e-03
2026-08-02 20:04:31,973 | [FULL    ] | INFO | full_experiments_using.model_trainers.mobile_vit_trainer | Ep [041/500] T-Acc:  61.0%  V-Acc:  53.8%  V-AUROC: 0.5791  LR: 1.00e-03
2026-08-02 20:04:52,963 | [FULL    ] | INFO | full_experiments_using.model_trainers.mobile_vit_trainer | Ep [042/500] T-Acc:  60.1%  V-Acc:  54.3%  V-AUROC: 0.5728  LR: 1.00e-03
2026-08-02 20:05:13,812 | [FULL    ] | INFO | full_experiments_using.model_trainers.mobile_vit_trainer | Ep [043/500] T-Acc:  60.8%  V-Acc:  52.8%  V-AUROC: 0.5622  LR: 1.00e-03
2026-08-02 20:05:34,842 | [FULL    ] | INFO | full_experiments_using.model_trainers.mobile_vit_trainer | Ep [044/500] T-Acc:  61.3%  V-Acc:  53.0%  V-AUROC: 0.5569  LR: 1.00e-03
2026-08-02 20:05:55,746 | [FULL    ] | INFO | full_experiments_using.model_trainers.mobile_vit_trainer | Ep [045/500] T-Acc:  61.7%  V-Acc:  51.8%  V-AUROC: 0.5617  LR: 1.00e-03
2026-08-02 20:06:16,628 | [FULL    ] | INFO | full_experiments_using.model_trainers.mobile_vit_trainer | Ep [046/500] T-Acc:  61.6%  V-Acc:  53.7%  V-AUROC: 0.5570  LR: 1.00e-03
2026-08-02 20:06:37,578 | [FULL    ] | INFO | full_experiments_using.model_trainers.mobile_vit_trainer | Ep [047/500] T-Acc:  62.0%  V-Acc:  51.8%  V-AUROC: 0.5637  LR: 2.00e-04
2026-08-02 20:06:58,626 | [FULL    ] | INFO | full_experiments_using.model_trainers.mobile_vit_trainer | Ep [048/500] T-Acc:  62.1%  V-Acc:  52.6%  V-AUROC: 0.5652  LR: 2.00e-04
2026-08-02 20:07:19,504 | [FULL    ] | INFO | full_experiments_using.model_trainers.mobile_vit_trainer | Ep [049/500] T-Acc:  63.1%  V-Acc:  52.7%  V-AUROC: 0.5642  LR: 2.00e-04
2026-08-02 20:07:40,517 | [FULL    ] | INFO | full_experiments_using.model_trainers.mobile_vit_trainer | Ep [050/500] T-Acc:  61.4%  V-Acc:  52.9%  V-AUROC: 0.5649  LR: 2.00e-04
2026-08-02 20:08:01,363 | [FULL    ] | INFO | full_experiments_using.model_trainers.mobile_vit_trainer | Ep [051/500] T-Acc:  61.9%  V-Acc:  51.8%  V-AUROC: 0.5633  LR: 2.00e-04
2026-08-02 20:08:22,446 | [FULL    ] | INFO | full_experiments_using.model_trainers.mobile_vit_trainer | Ep [052/500] T-Acc:  61.4%  V-Acc:  51.9%  V-AUROC: 0.5631  LR: 2.00e-04
2026-08-02 20:08:43,563 | [FULL    ] | INFO | full_experiments_using.model_trainers.mobile_vit_trainer | Ep [053/500] T-Acc:  63.1%  V-Acc:  51.7%  V-AUROC: 0.5622  LR: 2.00e-04
2026-08-02 20:09:04,516 | [FULL    ] | INFO | full_experiments_using.model_trainers.mobile_vit_trainer | Ep [054/500] T-Acc:  61.4%  V-Acc:  53.0%  V-AUROC: 0.5646  LR: 2.00e-04
2026-08-02 20:09:25,613 | [FULL    ] | INFO | full_experiments_using.model_trainers.mobile_vit_trainer | Ep [055/500] T-Acc:  63.0%  V-Acc:  53.1%  V-AUROC: 0.5658  LR: 2.00e-04
2026-08-02 20:09:46,722 | [FULL    ] | INFO | full_experiments_using.model_trainers.mobile_vit_trainer | Ep [056/500] T-Acc:  62.7%  V-Acc:  51.9%  V-AUROC: 0.5623  LR: 2.00e-04
2026-08-02 20:10:07,689 | [FULL    ] | INFO | full_experiments_using.model_trainers.mobile_vit_trainer | Ep [057/500] T-Acc:  62.4%  V-Acc:  51.9%  V-AUROC: 0.5615  LR: 2.00e-04
2026-08-02 20:10:28,830 | [FULL    ] | INFO | full_experiments_using.model_trainers.mobile_vit_trainer | Ep [058/500] T-Acc:  62.6%  V-Acc:  52.2%  V-AUROC: 0.5618  LR: 4.00e-05
2026-08-02 20:10:49,858 | [FULL    ] | INFO | full_experiments_using.model_trainers.mobile_vit_trainer | Ep [059/500] T-Acc:  62.6%  V-Acc:  52.5%  V-AUROC: 0.5624  LR: 4.00e-05
2026-08-02 20:11:10,819 | [FULL    ] | INFO | full_experiments_using.model_trainers.mobile_vit_trainer | Ep [060/500] T-Acc:  62.6%  V-Acc:  52.5%  V-AUROC: 0.5630  LR: 4.00e-05
2026-08-02 20:11:31,708 | [FULL    ] | INFO | full_experiments_using.model_trainers.mobile_vit_trainer | Ep [061/500] T-Acc:  63.2%  V-Acc:  53.0%  V-AUROC: 0.5617  LR: 4.00e-05
2026-08-02 20:11:51,488 | [FULL    ] | INFO | full_experiments_using.model_trainers.mobile_vit_trainer | Ep [062/500] T-Acc:  62.8%  V-Acc:  52.8%  V-AUROC: 0.5634  LR: 4.00e-05
2026-08-02 20:12:10,810 | [FULL    ] | INFO | full_experiments_using.model_trainers.mobile_vit_trainer | Ep [063/500] T-Acc:  62.9%  V-Acc:  53.1%  V-AUROC: 0.5629  LR: 4.00e-05
2026-08-02 20:12:31,644 | [FULL    ] | INFO | full_experiments_using.model_trainers.mobile_vit_trainer | Ep [064/500] T-Acc:  61.9%  V-Acc:  52.3%  V-AUROC: 0.5623  LR: 4.00e-05
2026-08-02 20:12:52,530 | [FULL    ] | INFO | full_experiments_using.model_trainers.mobile_vit_trainer | Ep [065/500] T-Acc:  62.8%  V-Acc:  53.4%  V-AUROC: 0.5632  LR: 4.00e-05
2026-08-02 20:13:13,446 | [FULL    ] | INFO | full_experiments_using.model_trainers.mobile_vit_trainer | Ep [066/500] T-Acc:  62.9%  V-Acc:  52.3%  V-AUROC: 0.5624  LR: 4.00e-05
2026-08-02 20:13:13,447 | [FULL    ] | INFO | full_experiments_using.model_trainers.mobile_vit_trainer | Early stop — best AUROC 0.5815 at epoch 36 (no improvement for 30 epochs)
2026-08-02 20:13:13,447 | [FULL    ] | INFO | full_experiments_using.model_trainers.mobile_vit_trainer | Done. Best AUROC: 0.5815 (epoch 36) → /home/oem/choihyunsu/VOGBasedMCIDetection/outputs/checkpoints/run_20260802_112618_full_wvote_artifact30_w0-5-5-10-0-15-15-30_4err/fold_24_best.pth
2026-08-02 20:13:20,779 | [FULL    ] | INFO | full_experiments_using.evaluators.monte_carlo_evaluator | -> Fold 25 Result | Acc=0.727 Sens=0.714 Spec=0.750 AUROC=0.821
2026-08-02 20:13:20,786 | [FULL    ] | INFO | full_experiments_using.evaluators.monte_carlo_evaluator | === Fold 26/30 | train: 25 subj (HC=8 MCI=17) / 3669 win | test: 12 subj (HC=6 MCI=6) / 2046 win ===
2026-08-02 20:13:21,015 | [FULL    ] | INFO | httpx | HTTP Request: HEAD https://huggingface.co/apple/mobilevit-small/resolve/main/config.json "HTTP/1.1 307 Temporary Redirect"
2026-08-02 20:13:21,052 | [FULL    ] | INFO | httpx | HTTP Request: HEAD https://huggingface.co/api/resolve-cache/models/apple/mobilevit-small/6c8612545dc98676d27bc518fa521d9e9af23e34/config.json "HTTP/1.1 200 OK"
2026-08-02 20:13:21,398 | [FULL    ] | INFO | httpx | HTTP Request: HEAD https://huggingface.co/apple/mobilevit-small/resolve/main/model.safetensors "HTTP/1.1 404 Not Found"
2026-08-02 20:13:21,618 | [FULL    ] | INFO | httpx | HTTP Request: HEAD https://huggingface.co/apple/mobilevit-small/resolve/main/model.safetensors.index.json "HTTP/1.1 404 Not Found"
2026-08-02 20:13:21,838 | [FULL    ] | INFO | httpx | HTTP Request: HEAD https://huggingface.co/apple/mobilevit-small/resolve/main/pytorch_model.bin "HTTP/1.1 302 Found"
2026-08-02 20:13:22,058 | [FULL    ] | INFO | httpx | HTTP Request: HEAD https://huggingface.co/apple/mobilevit-small/resolve/main/model.safetensors "HTTP/1.1 404 Not Found"
2026-08-02 20:13:22,272 | [FULL    ] | INFO | httpx | HTTP Request: GET https://huggingface.co/api/models/apple/mobilevit-small "HTTP/1.1 200 OK"
2026-08-02 20:13:22,522 | [FULL    ] | INFO | httpx | HTTP Request: GET https://huggingface.co/api/models/apple/mobilevit-small/commits/main "HTTP/1.1 200 OK"
2026-08-02 20:13:22,751 | [FULL    ] | INFO | httpx | HTTP Request: GET https://huggingface.co/api/models/apple/mobilevit-small/discussions?p=0 "HTTP/1.1 200 OK"
2026-08-02 20:13:23,010 | [FULL    ] | INFO | httpx | HTTP Request: GET https://huggingface.co/api/models/apple/mobilevit-small/commits/refs%2Fpr%2F6 "HTTP/1.1 200 OK"
2026-08-02 20:13:23,222 | [FULL    ] | INFO | httpx | HTTP Request: HEAD https://huggingface.co/apple/mobilevit-small/resolve/refs%2Fpr%2F6/model.safetensors.index.json "HTTP/1.1 404 Not Found"
2026-08-02 20:13:23,433 | [FULL    ] | INFO | httpx | HTTP Request: HEAD https://huggingface.co/apple/mobilevit-small/resolve/refs%2Fpr%2F6/model.safetensors "HTTP/1.1 302 Found"
2026-08-02 20:13:23,490 | [FULL    ] | INFO | full_experiments_using.model_trainers.mobile_vit_trainer | Device: cuda | max_epochs=500 | batch=32 | eval_batch=256 | es_patience=30
2026-08-02 20:13:23,497 | [FULL    ] | INFO | full_experiments_using.model_trainers.mobile_vit_trainer | CE weights — HC: 1.331  MCI: 0.801
2026-08-02 20:13:58,859 | [FULL    ] | INFO | full_experiments_using.model_trainers.mobile_vit_trainer | Ep [001/500] T-Acc:  49.0%  V-Acc:  51.3%  V-AUROC: 0.5019  LR: 2.00e-04
2026-08-02 20:13:58,918 | [FULL    ] | INFO | full_experiments_using.model_trainers.mobile_vit_trainer |   ↳ new best AUROC; saved checkpoint: /home/oem/choihyunsu/VOGBasedMCIDetection/outputs/checkpoints/run_20260802_112618_full_wvote_artifact30_w0-5-5-10-0-15-15-30_4err/fold_25_best.pth
2026-08-02 20:14:19,538 | [FULL    ] | INFO | full_experiments_using.model_trainers.mobile_vit_trainer | Ep [002/500] T-Acc:  48.8%  V-Acc:  52.2%  V-AUROC: 0.5113  LR: 4.00e-04
2026-08-02 20:14:19,668 | [FULL    ] | INFO | full_experiments_using.model_trainers.mobile_vit_trainer |   ↳ new best AUROC; saved checkpoint: /home/oem/choihyunsu/VOGBasedMCIDetection/outputs/checkpoints/run_20260802_112618_full_wvote_artifact30_w0-5-5-10-0-15-15-30_4err/fold_25_best.pth
2026-08-02 20:14:40,013 | [FULL    ] | INFO | full_experiments_using.model_trainers.mobile_vit_trainer | Ep [003/500] T-Acc:  51.0%  V-Acc:  51.4%  V-AUROC: 0.5176  LR: 6.00e-04
2026-08-02 20:14:40,097 | [FULL    ] | INFO | full_experiments_using.model_trainers.mobile_vit_trainer |   ↳ new best AUROC; saved checkpoint: /home/oem/choihyunsu/VOGBasedMCIDetection/outputs/checkpoints/run_20260802_112618_full_wvote_artifact30_w0-5-5-10-0-15-15-30_4err/fold_25_best.pth
2026-08-02 20:15:00,579 | [FULL    ] | INFO | full_experiments_using.model_trainers.mobile_vit_trainer | Ep [004/500] T-Acc:  52.4%  V-Acc:  52.7%  V-AUROC: 0.5249  LR: 8.00e-04
2026-08-02 20:15:00,645 | [FULL    ] | INFO | full_experiments_using.model_trainers.mobile_vit_trainer |   ↳ new best AUROC; saved checkpoint: /home/oem/choihyunsu/VOGBasedMCIDetection/outputs/checkpoints/run_20260802_112618_full_wvote_artifact30_w0-5-5-10-0-15-15-30_4err/fold_25_best.pth
2026-08-02 20:15:21,203 | [FULL    ] | INFO | full_experiments_using.model_trainers.mobile_vit_trainer | Ep [005/500] T-Acc:  52.6%  V-Acc:  55.0%  V-AUROC: 0.5505  LR: 1.00e-03
2026-08-02 20:15:21,315 | [FULL    ] | INFO | full_experiments_using.model_trainers.mobile_vit_trainer |   ↳ new best AUROC; saved checkpoint: /home/oem/choihyunsu/VOGBasedMCIDetection/outputs/checkpoints/run_20260802_112618_full_wvote_artifact30_w0-5-5-10-0-15-15-30_4err/fold_25_best.pth
2026-08-02 20:15:39,938 | [FULL    ] | INFO | full_experiments_using.model_trainers.mobile_vit_trainer | Ep [006/500] T-Acc:  54.1%  V-Acc:  51.9%  V-AUROC: 0.5303  LR: 1.00e-03
2026-08-02 20:16:00,418 | [FULL    ] | INFO | full_experiments_using.model_trainers.mobile_vit_trainer | Ep [007/500] T-Acc:  54.0%  V-Acc:  54.7%  V-AUROC: 0.5573  LR: 1.00e-03
2026-08-02 20:16:00,536 | [FULL    ] | INFO | full_experiments_using.model_trainers.mobile_vit_trainer |   ↳ new best AUROC; saved checkpoint: /home/oem/choihyunsu/VOGBasedMCIDetection/outputs/checkpoints/run_20260802_112618_full_wvote_artifact30_w0-5-5-10-0-15-15-30_4err/fold_25_best.pth
2026-08-02 20:16:20,937 | [FULL    ] | INFO | full_experiments_using.model_trainers.mobile_vit_trainer | Ep [008/500] T-Acc:  54.0%  V-Acc:  55.4%  V-AUROC: 0.5633  LR: 1.00e-03
2026-08-02 20:16:21,042 | [FULL    ] | INFO | full_experiments_using.model_trainers.mobile_vit_trainer |   ↳ new best AUROC; saved checkpoint: /home/oem/choihyunsu/VOGBasedMCIDetection/outputs/checkpoints/run_20260802_112618_full_wvote_artifact30_w0-5-5-10-0-15-15-30_4err/fold_25_best.pth
2026-08-02 20:16:41,442 | [FULL    ] | INFO | full_experiments_using.model_trainers.mobile_vit_trainer | Ep [009/500] T-Acc:  55.2%  V-Acc:  54.7%  V-AUROC: 0.5602  LR: 1.00e-03
2026-08-02 20:17:01,809 | [FULL    ] | INFO | full_experiments_using.model_trainers.mobile_vit_trainer | Ep [010/500] T-Acc:  56.4%  V-Acc:  54.8%  V-AUROC: 0.5603  LR: 1.00e-03
2026-08-02 20:17:22,330 | [FULL    ] | INFO | full_experiments_using.model_trainers.mobile_vit_trainer | Ep [011/500] T-Acc:  57.2%  V-Acc:  55.5%  V-AUROC: 0.5674  LR: 1.00e-03
2026-08-02 20:17:22,407 | [FULL    ] | INFO | full_experiments_using.model_trainers.mobile_vit_trainer |   ↳ new best AUROC; saved checkpoint: /home/oem/choihyunsu/VOGBasedMCIDetection/outputs/checkpoints/run_20260802_112618_full_wvote_artifact30_w0-5-5-10-0-15-15-30_4err/fold_25_best.pth
2026-08-02 20:17:42,998 | [FULL    ] | INFO | full_experiments_using.model_trainers.mobile_vit_trainer | Ep [012/500] T-Acc:  57.6%  V-Acc:  56.7%  V-AUROC: 0.5752  LR: 1.00e-03
2026-08-02 20:17:43,119 | [FULL    ] | INFO | full_experiments_using.model_trainers.mobile_vit_trainer |   ↳ new best AUROC; saved checkpoint: /home/oem/choihyunsu/VOGBasedMCIDetection/outputs/checkpoints/run_20260802_112618_full_wvote_artifact30_w0-5-5-10-0-15-15-30_4err/fold_25_best.pth
2026-08-02 20:18:03,508 | [FULL    ] | INFO | full_experiments_using.model_trainers.mobile_vit_trainer | Ep [013/500] T-Acc:  56.6%  V-Acc:  55.2%  V-AUROC: 0.5656  LR: 1.00e-03
2026-08-02 20:18:24,011 | [FULL    ] | INFO | full_experiments_using.model_trainers.mobile_vit_trainer | Ep [014/500] T-Acc:  58.6%  V-Acc:  56.1%  V-AUROC: 0.5794  LR: 1.00e-03
2026-08-02 20:18:24,131 | [FULL    ] | INFO | full_experiments_using.model_trainers.mobile_vit_trainer |   ↳ new best AUROC; saved checkpoint: /home/oem/choihyunsu/VOGBasedMCIDetection/outputs/checkpoints/run_20260802_112618_full_wvote_artifact30_w0-5-5-10-0-15-15-30_4err/fold_25_best.pth
2026-08-02 20:18:44,606 | [FULL    ] | INFO | full_experiments_using.model_trainers.mobile_vit_trainer | Ep [015/500] T-Acc:  59.3%  V-Acc:  57.9%  V-AUROC: 0.5904  LR: 1.00e-03
2026-08-02 20:18:44,849 | [FULL    ] | INFO | full_experiments_using.model_trainers.mobile_vit_trainer |   ↳ new best AUROC; saved checkpoint: /home/oem/choihyunsu/VOGBasedMCIDetection/outputs/checkpoints/run_20260802_112618_full_wvote_artifact30_w0-5-5-10-0-15-15-30_4err/fold_25_best.pth
2026-08-02 20:19:05,313 | [FULL    ] | INFO | full_experiments_using.model_trainers.mobile_vit_trainer | Ep [016/500] T-Acc:  59.9%  V-Acc:  56.9%  V-AUROC: 0.5821  LR: 1.00e-03
2026-08-02 20:19:25,633 | [FULL    ] | INFO | full_experiments_using.model_trainers.mobile_vit_trainer | Ep [017/500] T-Acc:  60.0%  V-Acc:  55.6%  V-AUROC: 0.5740  LR: 1.00e-03
2026-08-02 20:19:46,158 | [FULL    ] | INFO | full_experiments_using.model_trainers.mobile_vit_trainer | Ep [018/500] T-Acc:  59.1%  V-Acc:  56.7%  V-AUROC: 0.5794  LR: 1.00e-03
2026-08-02 20:20:06,768 | [FULL    ] | INFO | full_experiments_using.model_trainers.mobile_vit_trainer | Ep [019/500] T-Acc:  58.8%  V-Acc:  56.7%  V-AUROC: 0.5843  LR: 1.00e-03
2026-08-02 20:20:27,171 | [FULL    ] | INFO | full_experiments_using.model_trainers.mobile_vit_trainer | Ep [020/500] T-Acc:  58.8%  V-Acc:  56.7%  V-AUROC: 0.5740  LR: 1.00e-03
2026-08-02 20:20:47,772 | [FULL    ] | INFO | full_experiments_using.model_trainers.mobile_vit_trainer | Ep [021/500] T-Acc:  61.2%  V-Acc:  56.8%  V-AUROC: 0.5835  LR: 1.00e-03
2026-08-02 20:21:08,363 | [FULL    ] | INFO | full_experiments_using.model_trainers.mobile_vit_trainer | Ep [022/500] T-Acc:  60.8%  V-Acc:  56.9%  V-AUROC: 0.5804  LR: 1.00e-03
2026-08-02 20:21:28,819 | [FULL    ] | INFO | full_experiments_using.model_trainers.mobile_vit_trainer | Ep [023/500] T-Acc:  60.0%  V-Acc:  56.6%  V-AUROC: 0.5829  LR: 1.00e-03
2026-08-02 20:21:49,316 | [FULL    ] | INFO | full_experiments_using.model_trainers.mobile_vit_trainer | Ep [024/500] T-Acc:  59.5%  V-Acc:  57.6%  V-AUROC: 0.5848  LR: 1.00e-03
2026-08-02 20:22:09,839 | [FULL    ] | INFO | full_experiments_using.model_trainers.mobile_vit_trainer | Ep [025/500] T-Acc:  61.3%  V-Acc:  55.2%  V-AUROC: 0.5776  LR: 1.00e-03
2026-08-02 20:22:30,406 | [FULL    ] | INFO | full_experiments_using.model_trainers.mobile_vit_trainer | Ep [026/500] T-Acc:  60.1%  V-Acc:  56.5%  V-AUROC: 0.5806  LR: 1.00e-03
2026-08-02 20:22:50,947 | [FULL    ] | INFO | full_experiments_using.model_trainers.mobile_vit_trainer | Ep [027/500] T-Acc:  59.8%  V-Acc:  56.0%  V-AUROC: 0.5770  LR: 2.00e-04
2026-08-02 20:23:11,446 | [FULL    ] | INFO | full_experiments_using.model_trainers.mobile_vit_trainer | Ep [028/500] T-Acc:  60.5%  V-Acc:  57.0%  V-AUROC: 0.5787  LR: 2.00e-04
2026-08-02 20:23:32,002 | [FULL    ] | INFO | full_experiments_using.model_trainers.mobile_vit_trainer | Ep [029/500] T-Acc:  59.4%  V-Acc:  56.6%  V-AUROC: 0.5778  LR: 2.00e-04
2026-08-02 20:23:52,408 | [FULL    ] | INFO | full_experiments_using.model_trainers.mobile_vit_trainer | Ep [030/500] T-Acc:  60.4%  V-Acc:  56.6%  V-AUROC: 0.5795  LR: 2.00e-04
2026-08-02 20:24:13,133 | [FULL    ] | INFO | full_experiments_using.model_trainers.mobile_vit_trainer | Ep [031/500] T-Acc:  61.5%  V-Acc:  57.3%  V-AUROC: 0.5801  LR: 2.00e-04
2026-08-02 20:24:33,798 | [FULL    ] | INFO | full_experiments_using.model_trainers.mobile_vit_trainer | Ep [032/500] T-Acc:  61.2%  V-Acc:  57.1%  V-AUROC: 0.5791  LR: 2.00e-04
2026-08-02 20:24:54,160 | [FULL    ] | INFO | full_experiments_using.model_trainers.mobile_vit_trainer | Ep [033/500] T-Acc:  61.0%  V-Acc:  56.2%  V-AUROC: 0.5807  LR: 2.00e-04
2026-08-02 20:25:14,739 | [FULL    ] | INFO | full_experiments_using.model_trainers.mobile_vit_trainer | Ep [034/500] T-Acc:  62.2%  V-Acc:  56.5%  V-AUROC: 0.5832  LR: 2.00e-04
2026-08-02 20:25:35,368 | [FULL    ] | INFO | full_experiments_using.model_trainers.mobile_vit_trainer | Ep [035/500] T-Acc:  61.4%  V-Acc:  56.0%  V-AUROC: 0.5805  LR: 2.00e-04
2026-08-02 20:25:56,014 | [FULL    ] | INFO | full_experiments_using.model_trainers.mobile_vit_trainer | Ep [036/500] T-Acc:  61.7%  V-Acc:  56.7%  V-AUROC: 0.5807  LR: 2.00e-04
2026-08-02 20:26:16,578 | [FULL    ] | INFO | full_experiments_using.model_trainers.mobile_vit_trainer | Ep [037/500] T-Acc:  61.4%  V-Acc:  57.1%  V-AUROC: 0.5839  LR: 2.00e-04
2026-08-02 20:26:37,054 | [FULL    ] | INFO | full_experiments_using.model_trainers.mobile_vit_trainer | Ep [038/500] T-Acc:  60.9%  V-Acc:  57.3%  V-AUROC: 0.5840  LR: 4.00e-05
2026-08-02 20:26:57,513 | [FULL    ] | INFO | full_experiments_using.model_trainers.mobile_vit_trainer | Ep [039/500] T-Acc:  61.3%  V-Acc:  57.3%  V-AUROC: 0.5846  LR: 4.00e-05
2026-08-02 20:27:18,113 | [FULL    ] | INFO | full_experiments_using.model_trainers.mobile_vit_trainer | Ep [040/500] T-Acc:  60.9%  V-Acc:  57.1%  V-AUROC: 0.5853  LR: 4.00e-05
2026-08-02 20:27:38,601 | [FULL    ] | INFO | full_experiments_using.model_trainers.mobile_vit_trainer | Ep [041/500] T-Acc:  61.8%  V-Acc:  56.9%  V-AUROC: 0.5824  LR: 4.00e-05
2026-08-02 20:27:59,167 | [FULL    ] | INFO | full_experiments_using.model_trainers.mobile_vit_trainer | Ep [042/500] T-Acc:  62.0%  V-Acc:  57.0%  V-AUROC: 0.5827  LR: 4.00e-05
2026-08-02 20:28:19,551 | [FULL    ] | INFO | full_experiments_using.model_trainers.mobile_vit_trainer | Ep [043/500] T-Acc:  62.1%  V-Acc:  56.7%  V-AUROC: 0.5834  LR: 4.00e-05
2026-08-02 20:28:40,162 | [FULL    ] | INFO | full_experiments_using.model_trainers.mobile_vit_trainer | Ep [044/500] T-Acc:  61.9%  V-Acc:  57.5%  V-AUROC: 0.5831  LR: 4.00e-05
2026-08-02 20:29:00,857 | [FULL    ] | INFO | full_experiments_using.model_trainers.mobile_vit_trainer | Ep [045/500] T-Acc:  61.0%  V-Acc:  56.9%  V-AUROC: 0.5829  LR: 4.00e-05
2026-08-02 20:29:00,858 | [FULL    ] | INFO | full_experiments_using.model_trainers.mobile_vit_trainer | Early stop — best AUROC 0.5904 at epoch 15 (no improvement for 30 epochs)
2026-08-02 20:29:00,858 | [FULL    ] | INFO | full_experiments_using.model_trainers.mobile_vit_trainer | Done. Best AUROC: 0.5904 (epoch 15) → /home/oem/choihyunsu/VOGBasedMCIDetection/outputs/checkpoints/run_20260802_112618_full_wvote_artifact30_w0-5-5-10-0-15-15-30_4err/fold_25_best.pth
2026-08-02 20:29:09,496 | [FULL    ] | INFO | full_experiments_using.evaluators.monte_carlo_evaluator | -> Fold 26 Result | Acc=0.750 Sens=0.667 Spec=0.833 AUROC=0.694
2026-08-02 20:29:09,543 | [FULL    ] | INFO | full_experiments_using.evaluators.monte_carlo_evaluator | === Fold 27/30 | train: 25 subj (HC=9 MCI=16) / 3900 win | test: 12 subj (HC=5 MCI=7) / 1815 win ===
2026-08-02 20:29:09,778 | [FULL    ] | INFO | httpx | HTTP Request: HEAD https://huggingface.co/apple/mobilevit-small/resolve/main/config.json "HTTP/1.1 307 Temporary Redirect"
2026-08-02 20:29:09,789 | [FULL    ] | INFO | httpx | HTTP Request: HEAD https://huggingface.co/api/resolve-cache/models/apple/mobilevit-small/6c8612545dc98676d27bc518fa521d9e9af23e34/config.json "HTTP/1.1 200 OK"
2026-08-02 20:29:10,070 | [FULL    ] | INFO | httpx | HTTP Request: HEAD https://huggingface.co/apple/mobilevit-small/resolve/main/model.safetensors "HTTP/1.1 404 Not Found"
2026-08-02 20:29:10,276 | [FULL    ] | INFO | httpx | HTTP Request: HEAD https://huggingface.co/apple/mobilevit-small/resolve/main/model.safetensors.index.json "HTTP/1.1 404 Not Found"
2026-08-02 20:29:10,485 | [FULL    ] | INFO | httpx | HTTP Request: HEAD https://huggingface.co/apple/mobilevit-small/resolve/main/pytorch_model.bin "HTTP/1.1 302 Found"
2026-08-02 20:29:10,688 | [FULL    ] | INFO | httpx | HTTP Request: HEAD https://huggingface.co/apple/mobilevit-small/resolve/main/model.safetensors "HTTP/1.1 404 Not Found"
2026-08-02 20:29:10,906 | [FULL    ] | INFO | httpx | HTTP Request: GET https://huggingface.co/api/models/apple/mobilevit-small "HTTP/1.1 200 OK"
2026-08-02 20:29:11,118 | [FULL    ] | INFO | httpx | HTTP Request: GET https://huggingface.co/api/models/apple/mobilevit-small/commits/main "HTTP/1.1 200 OK"
2026-08-02 20:29:11,346 | [FULL    ] | INFO | httpx | HTTP Request: GET https://huggingface.co/api/models/apple/mobilevit-small/discussions?p=0 "HTTP/1.1 200 OK"
2026-08-02 20:29:11,572 | [FULL    ] | INFO | httpx | HTTP Request: GET https://huggingface.co/api/models/apple/mobilevit-small/commits/refs%2Fpr%2F6 "HTTP/1.1 200 OK"
2026-08-02 20:29:11,791 | [FULL    ] | INFO | httpx | HTTP Request: HEAD https://huggingface.co/apple/mobilevit-small/resolve/refs%2Fpr%2F6/model.safetensors.index.json "HTTP/1.1 404 Not Found"
2026-08-02 20:29:11,859 | [FULL    ] | INFO | full_experiments_using.model_trainers.mobile_vit_trainer | Device: cuda | max_epochs=500 | batch=32 | eval_batch=256 | es_patience=30
2026-08-02 20:29:11,867 | [FULL    ] | INFO | full_experiments_using.model_trainers.mobile_vit_trainer | CE weights — HC: 1.222  MCI: 0.846
2026-08-02 20:29:11,988 | [FULL    ] | INFO | httpx | HTTP Request: HEAD https://huggingface.co/apple/mobilevit-small/resolve/refs%2Fpr%2F6/model.safetensors "HTTP/1.1 302 Found"
2026-08-02 20:29:33,119 | [FULL    ] | INFO | full_experiments_using.model_trainers.mobile_vit_trainer | Ep [001/500] T-Acc:  50.2%  V-Acc:  51.8%  V-AUROC: 0.5291  LR: 2.00e-04
2026-08-02 20:29:33,178 | [FULL    ] | INFO | full_experiments_using.model_trainers.mobile_vit_trainer |   ↳ new best AUROC; saved checkpoint: /home/oem/choihyunsu/VOGBasedMCIDetection/outputs/checkpoints/run_20260802_112618_full_wvote_artifact30_w0-5-5-10-0-15-15-30_4err/fold_26_best.pth
2026-08-02 20:29:54,323 | [FULL    ] | INFO | full_experiments_using.model_trainers.mobile_vit_trainer | Ep [002/500] T-Acc:  51.8%  V-Acc:  52.0%  V-AUROC: 0.5363  LR: 4.00e-04
2026-08-02 20:29:54,440 | [FULL    ] | INFO | full_experiments_using.model_trainers.mobile_vit_trainer |   ↳ new best AUROC; saved checkpoint: /home/oem/choihyunsu/VOGBasedMCIDetection/outputs/checkpoints/run_20260802_112618_full_wvote_artifact30_w0-5-5-10-0-15-15-30_4err/fold_26_best.pth
2026-08-02 20:30:15,722 | [FULL    ] | INFO | full_experiments_using.model_trainers.mobile_vit_trainer | Ep [003/500] T-Acc:  51.5%  V-Acc:  52.7%  V-AUROC: 0.5365  LR: 6.00e-04
2026-08-02 20:30:15,965 | [FULL    ] | INFO | full_experiments_using.model_trainers.mobile_vit_trainer |   ↳ new best AUROC; saved checkpoint: /home/oem/choihyunsu/VOGBasedMCIDetection/outputs/checkpoints/run_20260802_112618_full_wvote_artifact30_w0-5-5-10-0-15-15-30_4err/fold_26_best.pth
2026-08-02 20:30:37,191 | [FULL    ] | INFO | full_experiments_using.model_trainers.mobile_vit_trainer | Ep [004/500] T-Acc:  52.5%  V-Acc:  54.4%  V-AUROC: 0.5482  LR: 8.00e-04
2026-08-02 20:30:37,311 | [FULL    ] | INFO | full_experiments_using.model_trainers.mobile_vit_trainer |   ↳ new best AUROC; saved checkpoint: /home/oem/choihyunsu/VOGBasedMCIDetection/outputs/checkpoints/run_20260802_112618_full_wvote_artifact30_w0-5-5-10-0-15-15-30_4err/fold_26_best.pth
2026-08-02 20:30:58,797 | [FULL    ] | INFO | full_experiments_using.model_trainers.mobile_vit_trainer | Ep [005/500] T-Acc:  52.5%  V-Acc:  53.3%  V-AUROC: 0.5543  LR: 1.00e-03
2026-08-02 20:30:58,896 | [FULL    ] | INFO | full_experiments_using.model_trainers.mobile_vit_trainer |   ↳ new best AUROC; saved checkpoint: /home/oem/choihyunsu/VOGBasedMCIDetection/outputs/checkpoints/run_20260802_112618_full_wvote_artifact30_w0-5-5-10-0-15-15-30_4err/fold_26_best.pth
2026-08-02 20:31:17,747 | [FULL    ] | INFO | full_experiments_using.model_trainers.mobile_vit_trainer | Ep [006/500] T-Acc:  54.1%  V-Acc:  54.8%  V-AUROC: 0.5783  LR: 1.00e-03
2026-08-02 20:31:17,863 | [FULL    ] | INFO | full_experiments_using.model_trainers.mobile_vit_trainer |   ↳ new best AUROC; saved checkpoint: /home/oem/choihyunsu/VOGBasedMCIDetection/outputs/checkpoints/run_20260802_112618_full_wvote_artifact30_w0-5-5-10-0-15-15-30_4err/fold_26_best.pth
2026-08-02 20:31:38,672 | [FULL    ] | INFO | full_experiments_using.model_trainers.mobile_vit_trainer | Ep [007/500] T-Acc:  53.7%  V-Acc:  54.6%  V-AUROC: 0.5752  LR: 1.00e-03
2026-08-02 20:31:57,669 | [FULL    ] | INFO | full_experiments_using.model_trainers.mobile_vit_trainer | Ep [008/500] T-Acc:  53.7%  V-Acc:  54.4%  V-AUROC: 0.5821  LR: 1.00e-03
2026-08-02 20:31:57,830 | [FULL    ] | INFO | full_experiments_using.model_trainers.mobile_vit_trainer |   ↳ new best AUROC; saved checkpoint: /home/oem/choihyunsu/VOGBasedMCIDetection/outputs/checkpoints/run_20260802_112618_full_wvote_artifact30_w0-5-5-10-0-15-15-30_4err/fold_26_best.pth
2026-08-02 20:32:16,936 | [FULL    ] | INFO | full_experiments_using.model_trainers.mobile_vit_trainer | Ep [009/500] T-Acc:  53.5%  V-Acc:  55.3%  V-AUROC: 0.5903  LR: 1.00e-03
2026-08-02 20:32:17,121 | [FULL    ] | INFO | full_experiments_using.model_trainers.mobile_vit_trainer |   ↳ new best AUROC; saved checkpoint: /home/oem/choihyunsu/VOGBasedMCIDetection/outputs/checkpoints/run_20260802_112618_full_wvote_artifact30_w0-5-5-10-0-15-15-30_4err/fold_26_best.pth
2026-08-02 20:32:38,699 | [FULL    ] | INFO | full_experiments_using.model_trainers.mobile_vit_trainer | Ep [010/500] T-Acc:  53.8%  V-Acc:  55.3%  V-AUROC: 0.5856  LR: 1.00e-03
2026-08-02 20:32:59,928 | [FULL    ] | INFO | full_experiments_using.model_trainers.mobile_vit_trainer | Ep [011/500] T-Acc:  56.0%  V-Acc:  58.5%  V-AUROC: 0.6054  LR: 1.00e-03
2026-08-02 20:33:00,111 | [FULL    ] | INFO | full_experiments_using.model_trainers.mobile_vit_trainer |   ↳ new best AUROC; saved checkpoint: /home/oem/choihyunsu/VOGBasedMCIDetection/outputs/checkpoints/run_20260802_112618_full_wvote_artifact30_w0-5-5-10-0-15-15-30_4err/fold_26_best.pth
2026-08-02 20:33:21,186 | [FULL    ] | INFO | full_experiments_using.model_trainers.mobile_vit_trainer | Ep [012/500] T-Acc:  55.8%  V-Acc:  56.4%  V-AUROC: 0.5936  LR: 1.00e-03
2026-08-02 20:33:42,280 | [FULL    ] | INFO | full_experiments_using.model_trainers.mobile_vit_trainer | Ep [013/500] T-Acc:  54.7%  V-Acc:  57.2%  V-AUROC: 0.5872  LR: 1.00e-03
2026-08-02 20:34:03,468 | [FULL    ] | INFO | full_experiments_using.model_trainers.mobile_vit_trainer | Ep [014/500] T-Acc:  57.1%  V-Acc:  56.1%  V-AUROC: 0.5880  LR: 1.00e-03
2026-08-02 20:34:24,783 | [FULL    ] | INFO | full_experiments_using.model_trainers.mobile_vit_trainer | Ep [015/500] T-Acc:  55.3%  V-Acc:  57.4%  V-AUROC: 0.5905  LR: 1.00e-03
2026-08-02 20:34:46,018 | [FULL    ] | INFO | full_experiments_using.model_trainers.mobile_vit_trainer | Ep [016/500] T-Acc:  55.8%  V-Acc:  56.6%  V-AUROC: 0.6039  LR: 1.00e-03
2026-08-02 20:35:07,252 | [FULL    ] | INFO | full_experiments_using.model_trainers.mobile_vit_trainer | Ep [017/500] T-Acc:  58.0%  V-Acc:  58.8%  V-AUROC: 0.6120  LR: 1.00e-03
2026-08-02 20:35:07,415 | [FULL    ] | INFO | full_experiments_using.model_trainers.mobile_vit_trainer |   ↳ new best AUROC; saved checkpoint: /home/oem/choihyunsu/VOGBasedMCIDetection/outputs/checkpoints/run_20260802_112618_full_wvote_artifact30_w0-5-5-10-0-15-15-30_4err/fold_26_best.pth
2026-08-02 20:35:28,589 | [FULL    ] | INFO | full_experiments_using.model_trainers.mobile_vit_trainer | Ep [018/500] T-Acc:  56.9%  V-Acc:  58.2%  V-AUROC: 0.6143  LR: 1.00e-03
2026-08-02 20:35:28,705 | [FULL    ] | INFO | full_experiments_using.model_trainers.mobile_vit_trainer |   ↳ new best AUROC; saved checkpoint: /home/oem/choihyunsu/VOGBasedMCIDetection/outputs/checkpoints/run_20260802_112618_full_wvote_artifact30_w0-5-5-10-0-15-15-30_4err/fold_26_best.pth
2026-08-02 20:35:49,945 | [FULL    ] | INFO | full_experiments_using.model_trainers.mobile_vit_trainer | Ep [019/500] T-Acc:  59.0%  V-Acc:  59.2%  V-AUROC: 0.6261  LR: 1.00e-03
2026-08-02 20:35:50,128 | [FULL    ] | INFO | full_experiments_using.model_trainers.mobile_vit_trainer |   ↳ new best AUROC; saved checkpoint: /home/oem/choihyunsu/VOGBasedMCIDetection/outputs/checkpoints/run_20260802_112618_full_wvote_artifact30_w0-5-5-10-0-15-15-30_4err/fold_26_best.pth
2026-08-02 20:36:11,567 | [FULL    ] | INFO | full_experiments_using.model_trainers.mobile_vit_trainer | Ep [020/500] T-Acc:  58.3%  V-Acc:  59.9%  V-AUROC: 0.6258  LR: 1.00e-03
2026-08-02 20:36:32,821 | [FULL    ] | INFO | full_experiments_using.model_trainers.mobile_vit_trainer | Ep [021/500] T-Acc:  58.9%  V-Acc:  59.6%  V-AUROC: 0.6339  LR: 1.00e-03
2026-08-02 20:36:32,967 | [FULL    ] | INFO | full_experiments_using.model_trainers.mobile_vit_trainer |   ↳ new best AUROC; saved checkpoint: /home/oem/choihyunsu/VOGBasedMCIDetection/outputs/checkpoints/run_20260802_112618_full_wvote_artifact30_w0-5-5-10-0-15-15-30_4err/fold_26_best.pth
2026-08-02 20:36:54,159 | [FULL    ] | INFO | full_experiments_using.model_trainers.mobile_vit_trainer | Ep [022/500] T-Acc:  58.5%  V-Acc:  59.3%  V-AUROC: 0.6231  LR: 1.00e-03
2026-08-02 20:37:15,400 | [FULL    ] | INFO | full_experiments_using.model_trainers.mobile_vit_trainer | Ep [023/500] T-Acc:  59.6%  V-Acc:  60.3%  V-AUROC: 0.6275  LR: 1.00e-03
2026-08-02 20:37:36,634 | [FULL    ] | INFO | full_experiments_using.model_trainers.mobile_vit_trainer | Ep [024/500] T-Acc:  59.4%  V-Acc:  58.8%  V-AUROC: 0.6195  LR: 1.00e-03
2026-08-02 20:37:57,871 | [FULL    ] | INFO | full_experiments_using.model_trainers.mobile_vit_trainer | Ep [025/500] T-Acc:  60.0%  V-Acc:  60.8%  V-AUROC: 0.6374  LR: 1.00e-03
2026-08-02 20:37:57,950 | [FULL    ] | INFO | full_experiments_using.model_trainers.mobile_vit_trainer |   ↳ new best AUROC; saved checkpoint: /home/oem/choihyunsu/VOGBasedMCIDetection/outputs/checkpoints/run_20260802_112618_full_wvote_artifact30_w0-5-5-10-0-15-15-30_4err/fold_26_best.pth
2026-08-02 20:38:19,253 | [FULL    ] | INFO | full_experiments_using.model_trainers.mobile_vit_trainer | Ep [026/500] T-Acc:  59.6%  V-Acc:  60.0%  V-AUROC: 0.6337  LR: 1.00e-03
2026-08-02 20:38:40,503 | [FULL    ] | INFO | full_experiments_using.model_trainers.mobile_vit_trainer | Ep [027/500] T-Acc:  59.0%  V-Acc:  59.6%  V-AUROC: 0.6282  LR: 1.00e-03
2026-08-02 20:39:01,742 | [FULL    ] | INFO | full_experiments_using.model_trainers.mobile_vit_trainer | Ep [028/500] T-Acc:  59.1%  V-Acc:  58.4%  V-AUROC: 0.6217  LR: 1.00e-03
2026-08-02 20:39:22,931 | [FULL    ] | INFO | full_experiments_using.model_trainers.mobile_vit_trainer | Ep [029/500] T-Acc:  59.1%  V-Acc:  59.5%  V-AUROC: 0.6257  LR: 1.00e-03
2026-08-02 20:39:44,073 | [FULL    ] | INFO | full_experiments_using.model_trainers.mobile_vit_trainer | Ep [030/500] T-Acc:  60.2%  V-Acc:  59.6%  V-AUROC: 0.6194  LR: 1.00e-03
2026-08-02 20:40:05,353 | [FULL    ] | INFO | full_experiments_using.model_trainers.mobile_vit_trainer | Ep [031/500] T-Acc:  60.5%  V-Acc:  59.8%  V-AUROC: 0.6276  LR: 1.00e-03
2026-08-02 20:40:26,698 | [FULL    ] | INFO | full_experiments_using.model_trainers.mobile_vit_trainer | Ep [032/500] T-Acc:  58.8%  V-Acc:  59.5%  V-AUROC: 0.6261  LR: 1.00e-03
2026-08-02 20:40:47,802 | [FULL    ] | INFO | full_experiments_using.model_trainers.mobile_vit_trainer | Ep [033/500] T-Acc:  60.7%  V-Acc:  59.7%  V-AUROC: 0.6294  LR: 1.00e-03
2026-08-02 20:41:09,127 | [FULL    ] | INFO | full_experiments_using.model_trainers.mobile_vit_trainer | Ep [034/500] T-Acc:  60.5%  V-Acc:  59.1%  V-AUROC: 0.6287  LR: 1.00e-03
2026-08-02 20:41:30,398 | [FULL    ] | INFO | full_experiments_using.model_trainers.mobile_vit_trainer | Ep [035/500] T-Acc:  59.0%  V-Acc:  59.7%  V-AUROC: 0.6205  LR: 1.00e-03
2026-08-02 20:41:51,724 | [FULL    ] | INFO | full_experiments_using.model_trainers.mobile_vit_trainer | Ep [036/500] T-Acc:  60.3%  V-Acc:  59.4%  V-AUROC: 0.6259  LR: 1.00e-03
2026-08-02 20:42:12,864 | [FULL    ] | INFO | full_experiments_using.model_trainers.mobile_vit_trainer | Ep [037/500] T-Acc:  61.2%  V-Acc:  59.3%  V-AUROC: 0.6239  LR: 2.00e-04
2026-08-02 20:42:34,302 | [FULL    ] | INFO | full_experiments_using.model_trainers.mobile_vit_trainer | Ep [038/500] T-Acc:  61.6%  V-Acc:  59.4%  V-AUROC: 0.6246  LR: 2.00e-04
2026-08-02 20:42:55,563 | [FULL    ] | INFO | full_experiments_using.model_trainers.mobile_vit_trainer | Ep [039/500] T-Acc:  61.4%  V-Acc:  59.8%  V-AUROC: 0.6271  LR: 2.00e-04
2026-08-02 20:43:16,841 | [FULL    ] | INFO | full_experiments_using.model_trainers.mobile_vit_trainer | Ep [040/500] T-Acc:  61.2%  V-Acc:  59.7%  V-AUROC: 0.6276  LR: 2.00e-04
2026-08-02 20:43:38,119 | [FULL    ] | INFO | full_experiments_using.model_trainers.mobile_vit_trainer | Ep [041/500] T-Acc:  61.0%  V-Acc:  60.1%  V-AUROC: 0.6284  LR: 2.00e-04
2026-08-02 20:43:59,418 | [FULL    ] | INFO | full_experiments_using.model_trainers.mobile_vit_trainer | Ep [042/500] T-Acc:  60.7%  V-Acc:  59.4%  V-AUROC: 0.6272  LR: 2.00e-04
2026-08-02 20:44:20,673 | [FULL    ] | INFO | full_experiments_using.model_trainers.mobile_vit_trainer | Ep [043/500] T-Acc:  60.7%  V-Acc:  58.8%  V-AUROC: 0.6241  LR: 2.00e-04
2026-08-02 20:44:41,989 | [FULL    ] | INFO | full_experiments_using.model_trainers.mobile_vit_trainer | Ep [044/500] T-Acc:  61.5%  V-Acc:  59.4%  V-AUROC: 0.6256  LR: 2.00e-04
2026-08-02 20:45:03,252 | [FULL    ] | INFO | full_experiments_using.model_trainers.mobile_vit_trainer | Ep [045/500] T-Acc:  62.0%  V-Acc:  60.0%  V-AUROC: 0.6281  LR: 2.00e-04
2026-08-02 20:45:24,411 | [FULL    ] | INFO | full_experiments_using.model_trainers.mobile_vit_trainer | Ep [046/500] T-Acc:  61.7%  V-Acc:  59.2%  V-AUROC: 0.6267  LR: 2.00e-04
2026-08-02 20:45:45,650 | [FULL    ] | INFO | full_experiments_using.model_trainers.mobile_vit_trainer | Ep [047/500] T-Acc:  61.8%  V-Acc:  59.6%  V-AUROC: 0.6285  LR: 2.00e-04
2026-08-02 20:46:06,812 | [FULL    ] | INFO | full_experiments_using.model_trainers.mobile_vit_trainer | Ep [048/500] T-Acc:  61.4%  V-Acc:  59.7%  V-AUROC: 0.6284  LR: 4.00e-05
2026-08-02 20:46:28,220 | [FULL    ] | INFO | full_experiments_using.model_trainers.mobile_vit_trainer | Ep [049/500] T-Acc:  61.4%  V-Acc:  59.9%  V-AUROC: 0.6269  LR: 4.00e-05
2026-08-02 20:46:49,564 | [FULL    ] | INFO | full_experiments_using.model_trainers.mobile_vit_trainer | Ep [050/500] T-Acc:  61.6%  V-Acc:  59.6%  V-AUROC: 0.6273  LR: 4.00e-05
2026-08-02 20:47:10,955 | [FULL    ] | INFO | full_experiments_using.model_trainers.mobile_vit_trainer | Ep [051/500] T-Acc:  61.4%  V-Acc:  59.4%  V-AUROC: 0.6273  LR: 4.00e-05
2026-08-02 20:47:32,184 | [FULL    ] | INFO | full_experiments_using.model_trainers.mobile_vit_trainer | Ep [052/500] T-Acc:  62.0%  V-Acc:  59.8%  V-AUROC: 0.6269  LR: 4.00e-05
2026-08-02 20:47:51,405 | [FULL    ] | INFO | full_experiments_using.model_trainers.mobile_vit_trainer | Ep [053/500] T-Acc:  60.4%  V-Acc:  59.7%  V-AUROC: 0.6268  LR: 4.00e-05
2026-08-02 20:48:12,195 | [FULL    ] | INFO | full_experiments_using.model_trainers.mobile_vit_trainer | Ep [054/500] T-Acc:  61.0%  V-Acc:  59.5%  V-AUROC: 0.6263  LR: 4.00e-05
2026-08-02 20:48:32,098 | [FULL    ] | INFO | full_experiments_using.model_trainers.mobile_vit_trainer | Ep [055/500] T-Acc:  61.4%  V-Acc:  59.5%  V-AUROC: 0.6271  LR: 4.00e-05
2026-08-02 20:48:32,098 | [FULL    ] | INFO | full_experiments_using.model_trainers.mobile_vit_trainer | Early stop — best AUROC 0.6374 at epoch 25 (no improvement for 30 epochs)
2026-08-02 20:48:32,098 | [FULL    ] | INFO | full_experiments_using.model_trainers.mobile_vit_trainer | Done. Best AUROC: 0.6374 (epoch 25) → /home/oem/choihyunsu/VOGBasedMCIDetection/outputs/checkpoints/run_20260802_112618_full_wvote_artifact30_w0-5-5-10-0-15-15-30_4err/fold_26_best.pth
2026-08-02 20:48:36,309 | [FULL    ] | INFO | full_experiments_using.evaluators.monte_carlo_evaluator | -> Fold 27 Result | Acc=1.000 Sens=1.000 Spec=1.000 AUROC=1.000
2026-08-02 20:48:36,316 | [FULL    ] | INFO | full_experiments_using.evaluators.monte_carlo_evaluator | === Fold 28/30 | train: 25 subj (HC=9 MCI=16) / 3915 win | test: 12 subj (HC=5 MCI=7) / 1800 win ===
2026-08-02 20:48:36,558 | [FULL    ] | INFO | httpx | HTTP Request: HEAD https://huggingface.co/apple/mobilevit-small/resolve/main/config.json "HTTP/1.1 307 Temporary Redirect"
2026-08-02 20:48:36,573 | [FULL    ] | INFO | httpx | HTTP Request: HEAD https://huggingface.co/api/resolve-cache/models/apple/mobilevit-small/6c8612545dc98676d27bc518fa521d9e9af23e34/config.json "HTTP/1.1 200 OK"
2026-08-02 20:48:36,846 | [FULL    ] | INFO | httpx | HTTP Request: HEAD https://huggingface.co/apple/mobilevit-small/resolve/main/model.safetensors "HTTP/1.1 404 Not Found"
2026-08-02 20:48:37,071 | [FULL    ] | INFO | httpx | HTTP Request: HEAD https://huggingface.co/apple/mobilevit-small/resolve/main/model.safetensors.index.json "HTTP/1.1 404 Not Found"
2026-08-02 20:48:37,277 | [FULL    ] | INFO | httpx | HTTP Request: HEAD https://huggingface.co/apple/mobilevit-small/resolve/main/pytorch_model.bin "HTTP/1.1 302 Found"
2026-08-02 20:48:37,496 | [FULL    ] | INFO | httpx | HTTP Request: HEAD https://huggingface.co/apple/mobilevit-small/resolve/main/model.safetensors "HTTP/1.1 404 Not Found"
2026-08-02 20:48:37,714 | [FULL    ] | INFO | httpx | HTTP Request: GET https://huggingface.co/api/models/apple/mobilevit-small "HTTP/1.1 200 OK"
2026-08-02 20:48:37,968 | [FULL    ] | INFO | httpx | HTTP Request: GET https://huggingface.co/api/models/apple/mobilevit-small/commits/main "HTTP/1.1 200 OK"
2026-08-02 20:48:38,197 | [FULL    ] | INFO | httpx | HTTP Request: GET https://huggingface.co/api/models/apple/mobilevit-small/discussions?p=0 "HTTP/1.1 200 OK"
2026-08-02 20:48:38,410 | [FULL    ] | INFO | httpx | HTTP Request: GET https://huggingface.co/api/models/apple/mobilevit-small/commits/refs%2Fpr%2F6 "HTTP/1.1 200 OK"
2026-08-02 20:48:38,596 | [FULL    ] | INFO | full_experiments_using.model_trainers.mobile_vit_trainer | Device: cuda | max_epochs=500 | batch=32 | eval_batch=256 | es_patience=30
2026-08-02 20:48:38,608 | [FULL    ] | INFO | full_experiments_using.model_trainers.mobile_vit_trainer | CE weights — HC: 1.171  MCI: 0.873
2026-08-02 20:48:38,682 | [FULL    ] | INFO | httpx | HTTP Request: HEAD https://huggingface.co/apple/mobilevit-small/resolve/refs%2Fpr%2F6/model.safetensors.index.json "HTTP/1.1 404 Not Found"
2026-08-02 20:48:38,944 | [FULL    ] | INFO | httpx | HTTP Request: HEAD https://huggingface.co/apple/mobilevit-small/resolve/refs%2Fpr%2F6/model.safetensors "HTTP/1.1 302 Found"
2026-08-02 20:49:05,474 | [FULL    ] | INFO | full_experiments_using.model_trainers.mobile_vit_trainer | Ep [001/500] T-Acc:  52.7%  V-Acc:  53.0%  V-AUROC: 0.5270  LR: 2.00e-04
2026-08-02 20:49:05,532 | [FULL    ] | INFO | full_experiments_using.model_trainers.mobile_vit_trainer |   ↳ new best AUROC; saved checkpoint: /home/oem/choihyunsu/VOGBasedMCIDetection/outputs/checkpoints/run_20260802_112618_full_wvote_artifact30_w0-5-5-10-0-15-15-30_4err/fold_27_best.pth
2026-08-02 20:49:27,145 | [FULL    ] | INFO | full_experiments_using.model_trainers.mobile_vit_trainer | Ep [002/500] T-Acc:  52.6%  V-Acc:  53.8%  V-AUROC: 0.5400  LR: 4.00e-04
2026-08-02 20:49:27,291 | [FULL    ] | INFO | full_experiments_using.model_trainers.mobile_vit_trainer |   ↳ new best AUROC; saved checkpoint: /home/oem/choihyunsu/VOGBasedMCIDetection/outputs/checkpoints/run_20260802_112618_full_wvote_artifact30_w0-5-5-10-0-15-15-30_4err/fold_27_best.pth
2026-08-02 20:49:48,729 | [FULL    ] | INFO | full_experiments_using.model_trainers.mobile_vit_trainer | Ep [003/500] T-Acc:  53.0%  V-Acc:  55.1%  V-AUROC: 0.5466  LR: 6.00e-04
2026-08-02 20:49:48,845 | [FULL    ] | INFO | full_experiments_using.model_trainers.mobile_vit_trainer |   ↳ new best AUROC; saved checkpoint: /home/oem/choihyunsu/VOGBasedMCIDetection/outputs/checkpoints/run_20260802_112618_full_wvote_artifact30_w0-5-5-10-0-15-15-30_4err/fold_27_best.pth
2026-08-02 20:50:10,300 | [FULL    ] | INFO | full_experiments_using.model_trainers.mobile_vit_trainer | Ep [004/500] T-Acc:  52.9%  V-Acc:  53.6%  V-AUROC: 0.5462  LR: 8.00e-04
2026-08-02 20:50:31,825 | [FULL    ] | INFO | full_experiments_using.model_trainers.mobile_vit_trainer | Ep [005/500] T-Acc:  55.2%  V-Acc:  55.0%  V-AUROC: 0.5488  LR: 1.00e-03
2026-08-02 20:50:31,940 | [FULL    ] | INFO | full_experiments_using.model_trainers.mobile_vit_trainer |   ↳ new best AUROC; saved checkpoint: /home/oem/choihyunsu/VOGBasedMCIDetection/outputs/checkpoints/run_20260802_112618_full_wvote_artifact30_w0-5-5-10-0-15-15-30_4err/fold_27_best.pth
2026-08-02 20:50:53,145 | [FULL    ] | INFO | full_experiments_using.model_trainers.mobile_vit_trainer | Ep [006/500] T-Acc:  55.1%  V-Acc:  53.8%  V-AUROC: 0.5470  LR: 1.00e-03
2026-08-02 20:51:14,651 | [FULL    ] | INFO | full_experiments_using.model_trainers.mobile_vit_trainer | Ep [007/500] T-Acc:  55.6%  V-Acc:  55.2%  V-AUROC: 0.5531  LR: 1.00e-03
2026-08-02 20:51:14,768 | [FULL    ] | INFO | full_experiments_using.model_trainers.mobile_vit_trainer |   ↳ new best AUROC; saved checkpoint: /home/oem/choihyunsu/VOGBasedMCIDetection/outputs/checkpoints/run_20260802_112618_full_wvote_artifact30_w0-5-5-10-0-15-15-30_4err/fold_27_best.pth
2026-08-02 20:51:36,191 | [FULL    ] | INFO | full_experiments_using.model_trainers.mobile_vit_trainer | Ep [008/500] T-Acc:  54.6%  V-Acc:  53.2%  V-AUROC: 0.5529  LR: 1.00e-03
2026-08-02 20:51:57,580 | [FULL    ] | INFO | full_experiments_using.model_trainers.mobile_vit_trainer | Ep [009/500] T-Acc:  55.7%  V-Acc:  54.8%  V-AUROC: 0.5598  LR: 1.00e-03
2026-08-02 20:51:57,718 | [FULL    ] | INFO | full_experiments_using.model_trainers.mobile_vit_trainer |   ↳ new best AUROC; saved checkpoint: /home/oem/choihyunsu/VOGBasedMCIDetection/outputs/checkpoints/run_20260802_112618_full_wvote_artifact30_w0-5-5-10-0-15-15-30_4err/fold_27_best.pth
2026-08-02 20:52:19,111 | [FULL    ] | INFO | full_experiments_using.model_trainers.mobile_vit_trainer | Ep [010/500] T-Acc:  56.6%  V-Acc:  55.8%  V-AUROC: 0.5653  LR: 1.00e-03
2026-08-02 20:52:19,227 | [FULL    ] | INFO | full_experiments_using.model_trainers.mobile_vit_trainer |   ↳ new best AUROC; saved checkpoint: /home/oem/choihyunsu/VOGBasedMCIDetection/outputs/checkpoints/run_20260802_112618_full_wvote_artifact30_w0-5-5-10-0-15-15-30_4err/fold_27_best.pth
2026-08-02 20:52:40,606 | [FULL    ] | INFO | full_experiments_using.model_trainers.mobile_vit_trainer | Ep [011/500] T-Acc:  57.4%  V-Acc:  54.3%  V-AUROC: 0.5571  LR: 1.00e-03
2026-08-02 20:53:01,896 | [FULL    ] | INFO | full_experiments_using.model_trainers.mobile_vit_trainer | Ep [012/500] T-Acc:  57.9%  V-Acc:  54.2%  V-AUROC: 0.5608  LR: 1.00e-03
2026-08-02 20:53:23,188 | [FULL    ] | INFO | full_experiments_using.model_trainers.mobile_vit_trainer | Ep [013/500] T-Acc:  58.1%  V-Acc:  55.1%  V-AUROC: 0.5664  LR: 1.00e-03
2026-08-02 20:53:23,307 | [FULL    ] | INFO | full_experiments_using.model_trainers.mobile_vit_trainer |   ↳ new best AUROC; saved checkpoint: /home/oem/choihyunsu/VOGBasedMCIDetection/outputs/checkpoints/run_20260802_112618_full_wvote_artifact30_w0-5-5-10-0-15-15-30_4err/fold_27_best.pth
2026-08-02 20:53:44,654 | [FULL    ] | INFO | full_experiments_using.model_trainers.mobile_vit_trainer | Ep [014/500] T-Acc:  57.6%  V-Acc:  55.6%  V-AUROC: 0.5656  LR: 1.00e-03
2026-08-02 20:54:06,088 | [FULL    ] | INFO | full_experiments_using.model_trainers.mobile_vit_trainer | Ep [015/500] T-Acc:  58.5%  V-Acc:  54.8%  V-AUROC: 0.5644  LR: 1.00e-03
2026-08-02 20:54:27,437 | [FULL    ] | INFO | full_experiments_using.model_trainers.mobile_vit_trainer | Ep [016/500] T-Acc:  58.2%  V-Acc:  53.9%  V-AUROC: 0.5676  LR: 1.00e-03
2026-08-02 20:54:27,557 | [FULL    ] | INFO | full_experiments_using.model_trainers.mobile_vit_trainer |   ↳ new best AUROC; saved checkpoint: /home/oem/choihyunsu/VOGBasedMCIDetection/outputs/checkpoints/run_20260802_112618_full_wvote_artifact30_w0-5-5-10-0-15-15-30_4err/fold_27_best.pth
2026-08-02 20:54:48,950 | [FULL    ] | INFO | full_experiments_using.model_trainers.mobile_vit_trainer | Ep [017/500] T-Acc:  58.6%  V-Acc:  53.9%  V-AUROC: 0.5563  LR: 1.00e-03
2026-08-02 20:55:10,226 | [FULL    ] | INFO | full_experiments_using.model_trainers.mobile_vit_trainer | Ep [018/500] T-Acc:  59.3%  V-Acc:  53.9%  V-AUROC: 0.5619  LR: 1.00e-03
2026-08-02 20:55:31,716 | [FULL    ] | INFO | full_experiments_using.model_trainers.mobile_vit_trainer | Ep [019/500] T-Acc:  60.3%  V-Acc:  54.7%  V-AUROC: 0.5652  LR: 1.00e-03
2026-08-02 20:55:53,013 | [FULL    ] | INFO | full_experiments_using.model_trainers.mobile_vit_trainer | Ep [020/500] T-Acc:  59.7%  V-Acc:  55.3%  V-AUROC: 0.5717  LR: 1.00e-03
2026-08-02 20:55:53,457 | [FULL    ] | INFO | full_experiments_using.model_trainers.mobile_vit_trainer |   ↳ new best AUROC; saved checkpoint: /home/oem/choihyunsu/VOGBasedMCIDetection/outputs/checkpoints/run_20260802_112618_full_wvote_artifact30_w0-5-5-10-0-15-15-30_4err/fold_27_best.pth
2026-08-02 20:56:14,686 | [FULL    ] | INFO | full_experiments_using.model_trainers.mobile_vit_trainer | Ep [021/500] T-Acc:  60.0%  V-Acc:  54.3%  V-AUROC: 0.5710  LR: 1.00e-03
2026-08-02 20:56:36,114 | [FULL    ] | INFO | full_experiments_using.model_trainers.mobile_vit_trainer | Ep [022/500] T-Acc:  59.4%  V-Acc:  55.7%  V-AUROC: 0.5735  LR: 1.00e-03
2026-08-02 20:56:36,237 | [FULL    ] | INFO | full_experiments_using.model_trainers.mobile_vit_trainer |   ↳ new best AUROC; saved checkpoint: /home/oem/choihyunsu/VOGBasedMCIDetection/outputs/checkpoints/run_20260802_112618_full_wvote_artifact30_w0-5-5-10-0-15-15-30_4err/fold_27_best.pth
2026-08-02 20:56:57,763 | [FULL    ] | INFO | full_experiments_using.model_trainers.mobile_vit_trainer | Ep [023/500] T-Acc:  59.8%  V-Acc:  56.1%  V-AUROC: 0.5720  LR: 1.00e-03
2026-08-02 20:57:17,142 | [FULL    ] | INFO | full_experiments_using.model_trainers.mobile_vit_trainer | Ep [024/500] T-Acc:  59.6%  V-Acc:  55.3%  V-AUROC: 0.5686  LR: 1.00e-03
2026-08-02 20:57:37,892 | [FULL    ] | INFO | full_experiments_using.model_trainers.mobile_vit_trainer | Ep [025/500] T-Acc:  60.7%  V-Acc:  55.5%  V-AUROC: 0.5735  LR: 1.00e-03
2026-08-02 20:57:58,279 | [FULL    ] | INFO | full_experiments_using.model_trainers.mobile_vit_trainer | Ep [026/500] T-Acc:  60.2%  V-Acc:  54.8%  V-AUROC: 0.5779  LR: 1.00e-03
2026-08-02 20:57:58,397 | [FULL    ] | INFO | full_experiments_using.model_trainers.mobile_vit_trainer |   ↳ new best AUROC; saved checkpoint: /home/oem/choihyunsu/VOGBasedMCIDetection/outputs/checkpoints/run_20260802_112618_full_wvote_artifact30_w0-5-5-10-0-15-15-30_4err/fold_27_best.pth
2026-08-02 20:58:19,773 | [FULL    ] | INFO | full_experiments_using.model_trainers.mobile_vit_trainer | Ep [027/500] T-Acc:  62.6%  V-Acc:  56.5%  V-AUROC: 0.5800  LR: 1.00e-03
2026-08-02 20:58:19,904 | [FULL    ] | INFO | full_experiments_using.model_trainers.mobile_vit_trainer |   ↳ new best AUROC; saved checkpoint: /home/oem/choihyunsu/VOGBasedMCIDetection/outputs/checkpoints/run_20260802_112618_full_wvote_artifact30_w0-5-5-10-0-15-15-30_4err/fold_27_best.pth
2026-08-02 20:58:41,215 | [FULL    ] | INFO | full_experiments_using.model_trainers.mobile_vit_trainer | Ep [028/500] T-Acc:  61.7%  V-Acc:  54.9%  V-AUROC: 0.5766  LR: 1.00e-03
2026-08-02 20:59:02,520 | [FULL    ] | INFO | full_experiments_using.model_trainers.mobile_vit_trainer | Ep [029/500] T-Acc:  61.1%  V-Acc:  55.9%  V-AUROC: 0.5856  LR: 1.00e-03
2026-08-02 20:59:02,669 | [FULL    ] | INFO | full_experiments_using.model_trainers.mobile_vit_trainer |   ↳ new best AUROC; saved checkpoint: /home/oem/choihyunsu/VOGBasedMCIDetection/outputs/checkpoints/run_20260802_112618_full_wvote_artifact30_w0-5-5-10-0-15-15-30_4err/fold_27_best.pth
2026-08-02 20:59:24,019 | [FULL    ] | INFO | full_experiments_using.model_trainers.mobile_vit_trainer | Ep [030/500] T-Acc:  61.0%  V-Acc:  56.4%  V-AUROC: 0.5870  LR: 1.00e-03
2026-08-02 20:59:24,106 | [FULL    ] | INFO | full_experiments_using.model_trainers.mobile_vit_trainer |   ↳ new best AUROC; saved checkpoint: /home/oem/choihyunsu/VOGBasedMCIDetection/outputs/checkpoints/run_20260802_112618_full_wvote_artifact30_w0-5-5-10-0-15-15-30_4err/fold_27_best.pth
2026-08-02 20:59:45,515 | [FULL    ] | INFO | full_experiments_using.model_trainers.mobile_vit_trainer | Ep [031/500] T-Acc:  61.3%  V-Acc:  56.0%  V-AUROC: 0.5817  LR: 1.00e-03
2026-08-02 21:00:07,009 | [FULL    ] | INFO | full_experiments_using.model_trainers.mobile_vit_trainer | Ep [032/500] T-Acc:  61.6%  V-Acc:  56.4%  V-AUROC: 0.5827  LR: 1.00e-03
2026-08-02 21:00:28,461 | [FULL    ] | INFO | full_experiments_using.model_trainers.mobile_vit_trainer | Ep [033/500] T-Acc:  60.3%  V-Acc:  55.3%  V-AUROC: 0.5784  LR: 1.00e-03
2026-08-02 21:00:49,697 | [FULL    ] | INFO | full_experiments_using.model_trainers.mobile_vit_trainer | Ep [034/500] T-Acc:  61.2%  V-Acc:  55.3%  V-AUROC: 0.5758  LR: 1.00e-03
2026-08-02 21:01:11,053 | [FULL    ] | INFO | full_experiments_using.model_trainers.mobile_vit_trainer | Ep [035/500] T-Acc:  61.8%  V-Acc:  55.6%  V-AUROC: 0.5856  LR: 1.00e-03
2026-08-02 21:01:32,352 | [FULL    ] | INFO | full_experiments_using.model_trainers.mobile_vit_trainer | Ep [036/500] T-Acc:  62.6%  V-Acc:  56.3%  V-AUROC: 0.5896  LR: 1.00e-03
2026-08-02 21:01:32,466 | [FULL    ] | INFO | full_experiments_using.model_trainers.mobile_vit_trainer |   ↳ new best AUROC; saved checkpoint: /home/oem/choihyunsu/VOGBasedMCIDetection/outputs/checkpoints/run_20260802_112618_full_wvote_artifact30_w0-5-5-10-0-15-15-30_4err/fold_27_best.pth
2026-08-02 21:01:53,900 | [FULL    ] | INFO | full_experiments_using.model_trainers.mobile_vit_trainer | Ep [037/500] T-Acc:  61.1%  V-Acc:  55.4%  V-AUROC: 0.5852  LR: 1.00e-03
2026-08-02 21:02:15,304 | [FULL    ] | INFO | full_experiments_using.model_trainers.mobile_vit_trainer | Ep [038/500] T-Acc:  62.2%  V-Acc:  55.8%  V-AUROC: 0.5853  LR: 1.00e-03
2026-08-02 21:02:36,774 | [FULL    ] | INFO | full_experiments_using.model_trainers.mobile_vit_trainer | Ep [039/500] T-Acc:  61.8%  V-Acc:  56.2%  V-AUROC: 0.5897  LR: 1.00e-03
2026-08-02 21:02:36,891 | [FULL    ] | INFO | full_experiments_using.model_trainers.mobile_vit_trainer |   ↳ new best AUROC; saved checkpoint: /home/oem/choihyunsu/VOGBasedMCIDetection/outputs/checkpoints/run_20260802_112618_full_wvote_artifact30_w0-5-5-10-0-15-15-30_4err/fold_27_best.pth
2026-08-02 21:02:58,470 | [FULL    ] | INFO | full_experiments_using.model_trainers.mobile_vit_trainer | Ep [040/500] T-Acc:  61.8%  V-Acc:  55.6%  V-AUROC: 0.5851  LR: 1.00e-03
2026-08-02 21:03:19,871 | [FULL    ] | INFO | full_experiments_using.model_trainers.mobile_vit_trainer | Ep [041/500] T-Acc:  63.1%  V-Acc:  56.7%  V-AUROC: 0.5872  LR: 1.00e-03
2026-08-02 21:03:41,310 | [FULL    ] | INFO | full_experiments_using.model_trainers.mobile_vit_trainer | Ep [042/500] T-Acc:  63.3%  V-Acc:  55.4%  V-AUROC: 0.5854  LR: 1.00e-03
2026-08-02 21:04:02,659 | [FULL    ] | INFO | full_experiments_using.model_trainers.mobile_vit_trainer | Ep [043/500] T-Acc:  61.3%  V-Acc:  56.3%  V-AUROC: 0.5897  LR: 1.00e-03
2026-08-02 21:04:02,781 | [FULL    ] | INFO | full_experiments_using.model_trainers.mobile_vit_trainer |   ↳ new best AUROC; saved checkpoint: /home/oem/choihyunsu/VOGBasedMCIDetection/outputs/checkpoints/run_20260802_112618_full_wvote_artifact30_w0-5-5-10-0-15-15-30_4err/fold_27_best.pth
2026-08-02 21:04:24,281 | [FULL    ] | INFO | full_experiments_using.model_trainers.mobile_vit_trainer | Ep [044/500] T-Acc:  62.6%  V-Acc:  55.3%  V-AUROC: 0.5918  LR: 1.00e-03
2026-08-02 21:04:24,404 | [FULL    ] | INFO | full_experiments_using.model_trainers.mobile_vit_trainer |   ↳ new best AUROC; saved checkpoint: /home/oem/choihyunsu/VOGBasedMCIDetection/outputs/checkpoints/run_20260802_112618_full_wvote_artifact30_w0-5-5-10-0-15-15-30_4err/fold_27_best.pth
2026-08-02 21:04:45,647 | [FULL    ] | INFO | full_experiments_using.model_trainers.mobile_vit_trainer | Ep [045/500] T-Acc:  63.2%  V-Acc:  56.0%  V-AUROC: 0.5828  LR: 1.00e-03
2026-08-02 21:05:07,036 | [FULL    ] | INFO | full_experiments_using.model_trainers.mobile_vit_trainer | Ep [046/500] T-Acc:  63.0%  V-Acc:  55.5%  V-AUROC: 0.5882  LR: 1.00e-03
2026-08-02 21:05:28,456 | [FULL    ] | INFO | full_experiments_using.model_trainers.mobile_vit_trainer | Ep [047/500] T-Acc:  63.1%  V-Acc:  56.2%  V-AUROC: 0.5852  LR: 1.00e-03
2026-08-02 21:05:48,917 | [FULL    ] | INFO | full_experiments_using.model_trainers.mobile_vit_trainer | Ep [048/500] T-Acc:  63.2%  V-Acc:  55.6%  V-AUROC: 0.5815  LR: 1.00e-03
2026-08-02 21:06:09,236 | [FULL    ] | INFO | full_experiments_using.model_trainers.mobile_vit_trainer | Ep [049/500] T-Acc:  63.4%  V-Acc:  55.4%  V-AUROC: 0.5890  LR: 1.00e-03
2026-08-02 21:06:28,461 | [FULL    ] | INFO | full_experiments_using.model_trainers.mobile_vit_trainer | Ep [050/500] T-Acc:  62.7%  V-Acc:  55.8%  V-AUROC: 0.5880  LR: 1.00e-03
2026-08-02 21:06:49,840 | [FULL    ] | INFO | full_experiments_using.model_trainers.mobile_vit_trainer | Ep [051/500] T-Acc:  62.7%  V-Acc:  55.8%  V-AUROC: 0.5895  LR: 1.00e-03
2026-08-02 21:07:11,107 | [FULL    ] | INFO | full_experiments_using.model_trainers.mobile_vit_trainer | Ep [052/500] T-Acc:  63.1%  V-Acc:  56.8%  V-AUROC: 0.5983  LR: 1.00e-03
2026-08-02 21:07:11,225 | [FULL    ] | INFO | full_experiments_using.model_trainers.mobile_vit_trainer |   ↳ new best AUROC; saved checkpoint: /home/oem/choihyunsu/VOGBasedMCIDetection/outputs/checkpoints/run_20260802_112618_full_wvote_artifact30_w0-5-5-10-0-15-15-30_4err/fold_27_best.pth
2026-08-02 21:07:32,569 | [FULL    ] | INFO | full_experiments_using.model_trainers.mobile_vit_trainer | Ep [053/500] T-Acc:  62.0%  V-Acc:  56.6%  V-AUROC: 0.5913  LR: 1.00e-03
2026-08-02 21:07:53,939 | [FULL    ] | INFO | full_experiments_using.model_trainers.mobile_vit_trainer | Ep [054/500] T-Acc:  62.8%  V-Acc:  57.1%  V-AUROC: 0.5919  LR: 1.00e-03
2026-08-02 21:08:15,239 | [FULL    ] | INFO | full_experiments_using.model_trainers.mobile_vit_trainer | Ep [055/500] T-Acc:  63.7%  V-Acc:  55.6%  V-AUROC: 0.5888  LR: 1.00e-03
2026-08-02 21:08:36,583 | [FULL    ] | INFO | full_experiments_using.model_trainers.mobile_vit_trainer | Ep [056/500] T-Acc:  63.2%  V-Acc:  56.5%  V-AUROC: 0.5921  LR: 1.00e-03
2026-08-02 21:08:57,976 | [FULL    ] | INFO | full_experiments_using.model_trainers.mobile_vit_trainer | Ep [057/500] T-Acc:  63.6%  V-Acc:  55.8%  V-AUROC: 0.5907  LR: 1.00e-03
2026-08-02 21:09:19,287 | [FULL    ] | INFO | full_experiments_using.model_trainers.mobile_vit_trainer | Ep [058/500] T-Acc:  63.1%  V-Acc:  56.7%  V-AUROC: 0.5918  LR: 1.00e-03
2026-08-02 21:09:40,765 | [FULL    ] | INFO | full_experiments_using.model_trainers.mobile_vit_trainer | Ep [059/500] T-Acc:  63.9%  V-Acc:  55.2%  V-AUROC: 0.5849  LR: 1.00e-03
2026-08-02 21:10:02,003 | [FULL    ] | INFO | full_experiments_using.model_trainers.mobile_vit_trainer | Ep [060/500] T-Acc:  63.7%  V-Acc:  56.0%  V-AUROC: 0.5912  LR: 1.00e-03
2026-08-02 21:10:23,420 | [FULL    ] | INFO | full_experiments_using.model_trainers.mobile_vit_trainer | Ep [061/500] T-Acc:  62.6%  V-Acc:  56.3%  V-AUROC: 0.5876  LR: 1.00e-03
2026-08-02 21:10:44,864 | [FULL    ] | INFO | full_experiments_using.model_trainers.mobile_vit_trainer | Ep [062/500] T-Acc:  64.0%  V-Acc:  55.4%  V-AUROC: 0.5876  LR: 1.00e-03
2026-08-02 21:11:06,222 | [FULL    ] | INFO | full_experiments_using.model_trainers.mobile_vit_trainer | Ep [063/500] T-Acc:  64.1%  V-Acc:  55.9%  V-AUROC: 0.5867  LR: 1.00e-03
2026-08-02 21:11:27,637 | [FULL    ] | INFO | full_experiments_using.model_trainers.mobile_vit_trainer | Ep [064/500] T-Acc:  63.5%  V-Acc:  56.8%  V-AUROC: 0.5894  LR: 2.00e-04
2026-08-02 21:11:48,950 | [FULL    ] | INFO | full_experiments_using.model_trainers.mobile_vit_trainer | Ep [065/500] T-Acc:  64.3%  V-Acc:  56.5%  V-AUROC: 0.5900  LR: 2.00e-04
2026-08-02 21:12:10,299 | [FULL    ] | INFO | full_experiments_using.model_trainers.mobile_vit_trainer | Ep [066/500] T-Acc:  63.8%  V-Acc:  56.3%  V-AUROC: 0.5901  LR: 2.00e-04
2026-08-02 21:12:31,790 | [FULL    ] | INFO | full_experiments_using.model_trainers.mobile_vit_trainer | Ep [067/500] T-Acc:  63.6%  V-Acc:  55.8%  V-AUROC: 0.5883  LR: 2.00e-04
2026-08-02 21:12:53,154 | [FULL    ] | INFO | full_experiments_using.model_trainers.mobile_vit_trainer | Ep [068/500] T-Acc:  63.6%  V-Acc:  56.4%  V-AUROC: 0.5908  LR: 2.00e-04
2026-08-02 21:13:14,480 | [FULL    ] | INFO | full_experiments_using.model_trainers.mobile_vit_trainer | Ep [069/500] T-Acc:  62.9%  V-Acc:  55.4%  V-AUROC: 0.5897  LR: 2.00e-04
2026-08-02 21:13:35,856 | [FULL    ] | INFO | full_experiments_using.model_trainers.mobile_vit_trainer | Ep [070/500] T-Acc:  64.2%  V-Acc:  56.9%  V-AUROC: 0.5920  LR: 2.00e-04
2026-08-02 21:13:57,302 | [FULL    ] | INFO | full_experiments_using.model_trainers.mobile_vit_trainer | Ep [071/500] T-Acc:  63.8%  V-Acc:  56.1%  V-AUROC: 0.5890  LR: 2.00e-04
2026-08-02 21:14:18,885 | [FULL    ] | INFO | full_experiments_using.model_trainers.mobile_vit_trainer | Ep [072/500] T-Acc:  63.7%  V-Acc:  56.4%  V-AUROC: 0.5925  LR: 2.00e-04
2026-08-02 21:14:40,299 | [FULL    ] | INFO | full_experiments_using.model_trainers.mobile_vit_trainer | Ep [073/500] T-Acc:  62.8%  V-Acc:  56.2%  V-AUROC: 0.5915  LR: 2.00e-04
2026-08-02 21:15:01,705 | [FULL    ] | INFO | full_experiments_using.model_trainers.mobile_vit_trainer | Ep [074/500] T-Acc:  64.0%  V-Acc:  55.9%  V-AUROC: 0.5919  LR: 2.00e-04
2026-08-02 21:15:23,110 | [FULL    ] | INFO | full_experiments_using.model_trainers.mobile_vit_trainer | Ep [075/500] T-Acc:  64.5%  V-Acc:  55.9%  V-AUROC: 0.5913  LR: 4.00e-05
2026-08-02 21:15:44,549 | [FULL    ] | INFO | full_experiments_using.model_trainers.mobile_vit_trainer | Ep [076/500] T-Acc:  62.9%  V-Acc:  56.2%  V-AUROC: 0.5914  LR: 4.00e-05
2026-08-02 21:16:06,142 | [FULL    ] | INFO | full_experiments_using.model_trainers.mobile_vit_trainer | Ep [077/500] T-Acc:  64.2%  V-Acc:  55.7%  V-AUROC: 0.5916  LR: 4.00e-05
2026-08-02 21:16:27,618 | [FULL    ] | INFO | full_experiments_using.model_trainers.mobile_vit_trainer | Ep [078/500] T-Acc:  64.3%  V-Acc:  55.6%  V-AUROC: 0.5920  LR: 4.00e-05
2026-08-02 21:16:45,290 | [FULL    ] | INFO | full_experiments_using.model_trainers.mobile_vit_trainer | Ep [079/500] T-Acc:  63.9%  V-Acc:  56.0%  V-AUROC: 0.5929  LR: 4.00e-05
2026-08-02 21:16:59,765 | [FULL    ] | INFO | full_experiments_using.model_trainers.mobile_vit_trainer | Ep [080/500] T-Acc:  64.0%  V-Acc:  55.9%  V-AUROC: 0.5919  LR: 4.00e-05
2026-08-02 21:17:14,009 | [FULL    ] | INFO | full_experiments_using.model_trainers.mobile_vit_trainer | Ep [081/500] T-Acc:  64.8%  V-Acc:  55.8%  V-AUROC: 0.5923  LR: 4.00e-05
2026-08-02 21:17:28,291 | [FULL    ] | INFO | full_experiments_using.model_trainers.mobile_vit_trainer | Ep [082/500] T-Acc:  63.9%  V-Acc:  55.9%  V-AUROC: 0.5920  LR: 4.00e-05
2026-08-02 21:17:28,291 | [FULL    ] | INFO | full_experiments_using.model_trainers.mobile_vit_trainer | Early stop — best AUROC 0.5983 at epoch 52 (no improvement for 30 epochs)
2026-08-02 21:17:28,331 | [FULL    ] | INFO | full_experiments_using.model_trainers.mobile_vit_trainer | Done. Best AUROC: 0.5983 (epoch 52) → /home/oem/choihyunsu/VOGBasedMCIDetection/outputs/checkpoints/run_20260802_112618_full_wvote_artifact30_w0-5-5-10-0-15-15-30_4err/fold_27_best.pth
2026-08-02 21:17:32,131 | [FULL    ] | INFO | full_experiments_using.evaluators.monte_carlo_evaluator | -> Fold 28 Result | Acc=0.800 Sens=1.000 Spec=0.500 AUROC=0.917
2026-08-02 21:17:32,135 | [FULL    ] | INFO | full_experiments_using.evaluators.monte_carlo_evaluator | === Fold 29/30 | train: 25 subj (HC=12 MCI=13) / 3949 win | test: 12 subj (HC=2 MCI=10) / 1766 win ===
2026-08-02 21:17:32,432 | [FULL    ] | INFO | httpx | HTTP Request: HEAD https://huggingface.co/apple/mobilevit-small/resolve/main/config.json "HTTP/1.1 307 Temporary Redirect"
2026-08-02 21:17:32,443 | [FULL    ] | INFO | httpx | HTTP Request: HEAD https://huggingface.co/api/resolve-cache/models/apple/mobilevit-small/6c8612545dc98676d27bc518fa521d9e9af23e34/config.json "HTTP/1.1 200 OK"
2026-08-02 21:17:32,687 | [FULL    ] | INFO | httpx | HTTP Request: HEAD https://huggingface.co/apple/mobilevit-small/resolve/main/model.safetensors "HTTP/1.1 404 Not Found"
2026-08-02 21:17:32,888 | [FULL    ] | INFO | httpx | HTTP Request: HEAD https://huggingface.co/apple/mobilevit-small/resolve/main/model.safetensors.index.json "HTTP/1.1 404 Not Found"
2026-08-02 21:17:33,096 | [FULL    ] | INFO | httpx | HTTP Request: HEAD https://huggingface.co/apple/mobilevit-small/resolve/main/pytorch_model.bin "HTTP/1.1 302 Found"
2026-08-02 21:17:33,293 | [FULL    ] | INFO | httpx | HTTP Request: HEAD https://huggingface.co/apple/mobilevit-small/resolve/main/model.safetensors "HTTP/1.1 404 Not Found"
2026-08-02 21:17:33,542 | [FULL    ] | INFO | httpx | HTTP Request: GET https://huggingface.co/api/models/apple/mobilevit-small "HTTP/1.1 200 OK"
2026-08-02 21:17:33,744 | [FULL    ] | INFO | full_experiments_using.model_trainers.mobile_vit_trainer | Device: cuda | max_epochs=500 | batch=32 | eval_batch=256 | es_patience=30
2026-08-02 21:17:33,749 | [FULL    ] | INFO | full_experiments_using.model_trainers.mobile_vit_trainer | CE weights — HC: 0.939  MCI: 1.070
2026-08-02 21:17:33,763 | [FULL    ] | INFO | httpx | HTTP Request: GET https://huggingface.co/api/models/apple/mobilevit-small/commits/main "HTTP/1.1 200 OK"
2026-08-02 21:17:33,998 | [FULL    ] | INFO | httpx | HTTP Request: GET https://huggingface.co/api/models/apple/mobilevit-small/discussions?p=0 "HTTP/1.1 200 OK"
2026-08-02 21:17:34,229 | [FULL    ] | INFO | httpx | HTTP Request: GET https://huggingface.co/api/models/apple/mobilevit-small/commits/refs%2Fpr%2F6 "HTTP/1.1 200 OK"
2026-08-02 21:17:34,428 | [FULL    ] | INFO | httpx | HTTP Request: HEAD https://huggingface.co/apple/mobilevit-small/resolve/refs%2Fpr%2F6/model.safetensors.index.json "HTTP/1.1 404 Not Found"
2026-08-02 21:17:34,641 | [FULL    ] | INFO | httpx | HTTP Request: HEAD https://huggingface.co/apple/mobilevit-small/resolve/refs%2Fpr%2F6/model.safetensors "HTTP/1.1 302 Found"
2026-08-02 21:17:57,252 | [FULL    ] | INFO | full_experiments_using.model_trainers.mobile_vit_trainer | Ep [001/500] T-Acc:  51.5%  V-Acc:  52.5%  V-AUROC: 0.5247  LR: 2.00e-04
2026-08-02 21:17:57,295 | [FULL    ] | INFO | full_experiments_using.model_trainers.mobile_vit_trainer |   ↳ new best AUROC; saved checkpoint: /home/oem/choihyunsu/VOGBasedMCIDetection/outputs/checkpoints/run_20260802_112618_full_wvote_artifact30_w0-5-5-10-0-15-15-30_4err/fold_28_best.pth
2026-08-02 21:18:11,696 | [FULL    ] | INFO | full_experiments_using.model_trainers.mobile_vit_trainer | Ep [002/500] T-Acc:  50.5%  V-Acc:  53.3%  V-AUROC: 0.5332  LR: 4.00e-04
2026-08-02 21:18:11,796 | [FULL    ] | INFO | full_experiments_using.model_trainers.mobile_vit_trainer |   ↳ new best AUROC; saved checkpoint: /home/oem/choihyunsu/VOGBasedMCIDetection/outputs/checkpoints/run_20260802_112618_full_wvote_artifact30_w0-5-5-10-0-15-15-30_4err/fold_28_best.pth
2026-08-02 21:18:26,290 | [FULL    ] | INFO | full_experiments_using.model_trainers.mobile_vit_trainer | Ep [003/500] T-Acc:  52.0%  V-Acc:  50.2%  V-AUROC: 0.5516  LR: 6.00e-04
2026-08-02 21:18:26,405 | [FULL    ] | INFO | full_experiments_using.model_trainers.mobile_vit_trainer |   ↳ new best AUROC; saved checkpoint: /home/oem/choihyunsu/VOGBasedMCIDetection/outputs/checkpoints/run_20260802_112618_full_wvote_artifact30_w0-5-5-10-0-15-15-30_4err/fold_28_best.pth
2026-08-02 21:18:41,037 | [FULL    ] | INFO | full_experiments_using.model_trainers.mobile_vit_trainer | Ep [004/500] T-Acc:  53.1%  V-Acc:  56.3%  V-AUROC: 0.5883  LR: 8.00e-04
2026-08-02 21:18:41,135 | [FULL    ] | INFO | full_experiments_using.model_trainers.mobile_vit_trainer |   ↳ new best AUROC; saved checkpoint: /home/oem/choihyunsu/VOGBasedMCIDetection/outputs/checkpoints/run_20260802_112618_full_wvote_artifact30_w0-5-5-10-0-15-15-30_4err/fold_28_best.pth
2026-08-02 21:18:55,546 | [FULL    ] | INFO | full_experiments_using.model_trainers.mobile_vit_trainer | Ep [005/500] T-Acc:  52.1%  V-Acc:  51.4%  V-AUROC: 0.5991  LR: 1.00e-03
2026-08-02 21:18:55,659 | [FULL    ] | INFO | full_experiments_using.model_trainers.mobile_vit_trainer |   ↳ new best AUROC; saved checkpoint: /home/oem/choihyunsu/VOGBasedMCIDetection/outputs/checkpoints/run_20260802_112618_full_wvote_artifact30_w0-5-5-10-0-15-15-30_4err/fold_28_best.pth
2026-08-02 21:19:09,959 | [FULL    ] | INFO | full_experiments_using.model_trainers.mobile_vit_trainer | Ep [006/500] T-Acc:  52.7%  V-Acc:  54.2%  V-AUROC: 0.5827  LR: 1.00e-03
2026-08-02 21:19:24,263 | [FULL    ] | INFO | full_experiments_using.model_trainers.mobile_vit_trainer | Ep [007/500] T-Acc:  53.9%  V-Acc:  51.8%  V-AUROC: 0.5999  LR: 1.00e-03
2026-08-02 21:19:24,379 | [FULL    ] | INFO | full_experiments_using.model_trainers.mobile_vit_trainer |   ↳ new best AUROC; saved checkpoint: /home/oem/choihyunsu/VOGBasedMCIDetection/outputs/checkpoints/run_20260802_112618_full_wvote_artifact30_w0-5-5-10-0-15-15-30_4err/fold_28_best.pth
2026-08-02 21:19:38,802 | [FULL    ] | INFO | full_experiments_using.model_trainers.mobile_vit_trainer | Ep [008/500] T-Acc:  54.3%  V-Acc:  51.4%  V-AUROC: 0.5983  LR: 1.00e-03
2026-08-02 21:19:53,079 | [FULL    ] | INFO | full_experiments_using.model_trainers.mobile_vit_trainer | Ep [009/500] T-Acc:  54.1%  V-Acc:  54.4%  V-AUROC: 0.6120  LR: 1.00e-03
2026-08-02 21:19:53,195 | [FULL    ] | INFO | full_experiments_using.model_trainers.mobile_vit_trainer |   ↳ new best AUROC; saved checkpoint: /home/oem/choihyunsu/VOGBasedMCIDetection/outputs/checkpoints/run_20260802_112618_full_wvote_artifact30_w0-5-5-10-0-15-15-30_4err/fold_28_best.pth
2026-08-02 21:20:07,363 | [FULL    ] | INFO | full_experiments_using.model_trainers.mobile_vit_trainer | Ep [010/500] T-Acc:  54.7%  V-Acc:  54.5%  V-AUROC: 0.6208  LR: 1.00e-03
2026-08-02 21:20:07,480 | [FULL    ] | INFO | full_experiments_using.model_trainers.mobile_vit_trainer |   ↳ new best AUROC; saved checkpoint: /home/oem/choihyunsu/VOGBasedMCIDetection/outputs/checkpoints/run_20260802_112618_full_wvote_artifact30_w0-5-5-10-0-15-15-30_4err/fold_28_best.pth
2026-08-02 21:20:21,900 | [FULL    ] | INFO | full_experiments_using.model_trainers.mobile_vit_trainer | Ep [011/500] T-Acc:  55.5%  V-Acc:  56.9%  V-AUROC: 0.6063  LR: 1.00e-03
2026-08-02 21:20:36,148 | [FULL    ] | INFO | full_experiments_using.model_trainers.mobile_vit_trainer | Ep [012/500] T-Acc:  54.5%  V-Acc:  56.1%  V-AUROC: 0.6216  LR: 1.00e-03
2026-08-02 21:20:36,264 | [FULL    ] | INFO | full_experiments_using.model_trainers.mobile_vit_trainer |   ↳ new best AUROC; saved checkpoint: /home/oem/choihyunsu/VOGBasedMCIDetection/outputs/checkpoints/run_20260802_112618_full_wvote_artifact30_w0-5-5-10-0-15-15-30_4err/fold_28_best.pth
2026-08-02 21:20:48,114 | [FULL    ] | INFO | full_experiments_using.model_trainers.mobile_vit_trainer | Ep [013/500] T-Acc:  55.7%  V-Acc:  54.4%  V-AUROC: 0.6396  LR: 1.00e-03
2026-08-02 21:20:48,212 | [FULL    ] | INFO | full_experiments_using.model_trainers.mobile_vit_trainer |   ↳ new best AUROC; saved checkpoint: /home/oem/choihyunsu/VOGBasedMCIDetection/outputs/checkpoints/run_20260802_112618_full_wvote_artifact30_w0-5-5-10-0-15-15-30_4err/fold_28_best.pth
2026-08-02 21:20:55,511 | [FULL    ] | INFO | full_experiments_using.model_trainers.mobile_vit_trainer | Ep [014/500] T-Acc:  56.7%  V-Acc:  54.6%  V-AUROC: 0.6111  LR: 1.00e-03
2026-08-02 21:21:02,745 | [FULL    ] | INFO | full_experiments_using.model_trainers.mobile_vit_trainer | Ep [015/500] T-Acc:  56.5%  V-Acc:  55.8%  V-AUROC: 0.6362  LR: 1.00e-03
2026-08-02 21:21:10,009 | [FULL    ] | INFO | full_experiments_using.model_trainers.mobile_vit_trainer | Ep [016/500] T-Acc:  57.5%  V-Acc:  54.9%  V-AUROC: 0.6335  LR: 1.00e-03
2026-08-02 21:21:17,711 | [FULL    ] | INFO | full_experiments_using.model_trainers.mobile_vit_trainer | Ep [017/500] T-Acc:  54.6%  V-Acc:  54.5%  V-AUROC: 0.6273  LR: 1.00e-03
2026-08-02 21:21:25,409 | [FULL    ] | INFO | full_experiments_using.model_trainers.mobile_vit_trainer | Ep [018/500] T-Acc:  56.7%  V-Acc:  56.3%  V-AUROC: 0.6429  LR: 1.00e-03
2026-08-02 21:21:25,517 | [FULL    ] | INFO | full_experiments_using.model_trainers.mobile_vit_trainer |   ↳ new best AUROC; saved checkpoint: /home/oem/choihyunsu/VOGBasedMCIDetection/outputs/checkpoints/run_20260802_112618_full_wvote_artifact30_w0-5-5-10-0-15-15-30_4err/fold_28_best.pth
2026-08-02 21:21:32,770 | [FULL    ] | INFO | full_experiments_using.model_trainers.mobile_vit_trainer | Ep [019/500] T-Acc:  57.1%  V-Acc:  49.7%  V-AUROC: 0.6368  LR: 1.00e-03
2026-08-02 21:21:40,305 | [FULL    ] | INFO | full_experiments_using.model_trainers.mobile_vit_trainer | Ep [020/500] T-Acc:  56.6%  V-Acc:  56.7%  V-AUROC: 0.6329  LR: 1.00e-03
2026-08-02 21:21:47,659 | [FULL    ] | INFO | full_experiments_using.model_trainers.mobile_vit_trainer | Ep [021/500] T-Acc:  56.8%  V-Acc:  52.7%  V-AUROC: 0.6434  LR: 1.00e-03
2026-08-02 21:21:47,756 | [FULL    ] | INFO | full_experiments_using.model_trainers.mobile_vit_trainer |   ↳ new best AUROC; saved checkpoint: /home/oem/choihyunsu/VOGBasedMCIDetection/outputs/checkpoints/run_20260802_112618_full_wvote_artifact30_w0-5-5-10-0-15-15-30_4err/fold_28_best.pth
2026-08-02 21:21:55,320 | [FULL    ] | INFO | full_experiments_using.model_trainers.mobile_vit_trainer | Ep [022/500] T-Acc:  57.5%  V-Acc:  57.1%  V-AUROC: 0.6389  LR: 1.00e-03
2026-08-02 21:22:03,031 | [FULL    ] | INFO | full_experiments_using.model_trainers.mobile_vit_trainer | Ep [023/500] T-Acc:  58.8%  V-Acc:  57.2%  V-AUROC: 0.6423  LR: 1.00e-03
2026-08-02 21:22:10,766 | [FULL    ] | INFO | full_experiments_using.model_trainers.mobile_vit_trainer | Ep [024/500] T-Acc:  56.8%  V-Acc:  56.8%  V-AUROC: 0.6428  LR: 1.00e-03
2026-08-02 21:22:18,474 | [FULL    ] | INFO | full_experiments_using.model_trainers.mobile_vit_trainer | Ep [025/500] T-Acc:  59.2%  V-Acc:  56.2%  V-AUROC: 0.6331  LR: 1.00e-03
2026-08-02 21:22:26,189 | [FULL    ] | INFO | full_experiments_using.model_trainers.mobile_vit_trainer | Ep [026/500] T-Acc:  58.2%  V-Acc:  53.9%  V-AUROC: 0.6299  LR: 1.00e-03
2026-08-02 21:22:33,907 | [FULL    ] | INFO | full_experiments_using.model_trainers.mobile_vit_trainer | Ep [027/500] T-Acc:  58.7%  V-Acc:  54.9%  V-AUROC: 0.6360  LR: 1.00e-03
2026-08-02 21:22:41,622 | [FULL    ] | INFO | full_experiments_using.model_trainers.mobile_vit_trainer | Ep [028/500] T-Acc:  57.9%  V-Acc:  55.2%  V-AUROC: 0.6284  LR: 1.00e-03
2026-08-02 21:22:49,339 | [FULL    ] | INFO | full_experiments_using.model_trainers.mobile_vit_trainer | Ep [029/500] T-Acc:  58.0%  V-Acc:  56.2%  V-AUROC: 0.6311  LR: 1.00e-03
2026-08-02 21:22:57,054 | [FULL    ] | INFO | full_experiments_using.model_trainers.mobile_vit_trainer | Ep [030/500] T-Acc:  59.5%  V-Acc:  56.1%  V-AUROC: 0.6293  LR: 1.00e-03
2026-08-02 21:23:04,772 | [FULL    ] | INFO | full_experiments_using.model_trainers.mobile_vit_trainer | Ep [031/500] T-Acc:  58.8%  V-Acc:  54.7%  V-AUROC: 0.6381  LR: 1.00e-03
2026-08-02 21:23:12,491 | [FULL    ] | INFO | full_experiments_using.model_trainers.mobile_vit_trainer | Ep [032/500] T-Acc:  59.3%  V-Acc:  57.0%  V-AUROC: 0.6348  LR: 1.00e-03
2026-08-02 21:23:19,939 | [FULL    ] | INFO | full_experiments_using.model_trainers.mobile_vit_trainer | Ep [033/500] T-Acc:  59.6%  V-Acc:  57.2%  V-AUROC: 0.6291  LR: 2.00e-04
2026-08-02 21:23:27,639 | [FULL    ] | INFO | full_experiments_using.model_trainers.mobile_vit_trainer | Ep [034/500] T-Acc:  58.5%  V-Acc:  56.3%  V-AUROC: 0.6340  LR: 2.00e-04
2026-08-02 21:23:35,505 | [FULL    ] | INFO | full_experiments_using.model_trainers.mobile_vit_trainer | Ep [035/500] T-Acc:  58.6%  V-Acc:  57.6%  V-AUROC: 0.6277  LR: 2.00e-04
2026-08-02 21:23:43,360 | [FULL    ] | INFO | full_experiments_using.model_trainers.mobile_vit_trainer | Ep [036/500] T-Acc:  59.2%  V-Acc:  55.9%  V-AUROC: 0.6295  LR: 2.00e-04
2026-08-02 21:23:51,059 | [FULL    ] | INFO | full_experiments_using.model_trainers.mobile_vit_trainer | Ep [037/500] T-Acc:  60.4%  V-Acc:  57.1%  V-AUROC: 0.6277  LR: 2.00e-04
2026-08-02 21:23:58,761 | [FULL    ] | INFO | full_experiments_using.model_trainers.mobile_vit_trainer | Ep [038/500] T-Acc:  59.8%  V-Acc:  56.4%  V-AUROC: 0.6330  LR: 2.00e-04
2026-08-02 21:24:06,526 | [FULL    ] | INFO | full_experiments_using.model_trainers.mobile_vit_trainer | Ep [039/500] T-Acc:  59.3%  V-Acc:  55.9%  V-AUROC: 0.6353  LR: 2.00e-04
2026-08-02 21:24:14,241 | [FULL    ] | INFO | full_experiments_using.model_trainers.mobile_vit_trainer | Ep [040/500] T-Acc:  59.6%  V-Acc:  57.6%  V-AUROC: 0.6358  LR: 2.00e-04
2026-08-02 21:24:21,848 | [FULL    ] | INFO | full_experiments_using.model_trainers.mobile_vit_trainer | Ep [041/500] T-Acc:  60.7%  V-Acc:  56.2%  V-AUROC: 0.6369  LR: 2.00e-04
2026-08-02 21:24:29,425 | [FULL    ] | INFO | full_experiments_using.model_trainers.mobile_vit_trainer | Ep [042/500] T-Acc:  60.0%  V-Acc:  57.9%  V-AUROC: 0.6410  LR: 2.00e-04
2026-08-02 21:24:37,140 | [FULL    ] | INFO | full_experiments_using.model_trainers.mobile_vit_trainer | Ep [043/500] T-Acc:  59.8%  V-Acc:  58.6%  V-AUROC: 0.6368  LR: 2.00e-04
2026-08-02 21:24:44,846 | [FULL    ] | INFO | full_experiments_using.model_trainers.mobile_vit_trainer | Ep [044/500] T-Acc:  59.3%  V-Acc:  59.6%  V-AUROC: 0.6389  LR: 4.00e-05
2026-08-02 21:24:52,878 | [FULL    ] | INFO | full_experiments_using.model_trainers.mobile_vit_trainer | Ep [045/500] T-Acc:  59.7%  V-Acc:  57.9%  V-AUROC: 0.6373  LR: 4.00e-05
2026-08-02 21:25:00,349 | [FULL    ] | INFO | full_experiments_using.model_trainers.mobile_vit_trainer | Ep [046/500] T-Acc:  59.9%  V-Acc:  56.5%  V-AUROC: 0.6372  LR: 4.00e-05
2026-08-02 21:25:07,665 | [FULL    ] | INFO | full_experiments_using.model_trainers.mobile_vit_trainer | Ep [047/500] T-Acc:  60.3%  V-Acc:  57.6%  V-AUROC: 0.6383  LR: 4.00e-05
2026-08-02 21:25:15,488 | [FULL    ] | INFO | full_experiments_using.model_trainers.mobile_vit_trainer | Ep [048/500] T-Acc:  58.7%  V-Acc:  57.9%  V-AUROC: 0.6378  LR: 4.00e-05
2026-08-02 21:25:22,375 | [FULL    ] | INFO | full_experiments_using.model_trainers.mobile_vit_trainer | Ep [049/500] T-Acc:  60.4%  V-Acc:  56.0%  V-AUROC: 0.6409  LR: 4.00e-05
2026-08-02 21:25:29,409 | [FULL    ] | INFO | full_experiments_using.model_trainers.mobile_vit_trainer | Ep [050/500] T-Acc:  59.3%  V-Acc:  57.9%  V-AUROC: 0.6381  LR: 4.00e-05
2026-08-02 21:25:36,247 | [FULL    ] | INFO | full_experiments_using.model_trainers.mobile_vit_trainer | Ep [051/500] T-Acc:  59.8%  V-Acc:  58.6%  V-AUROC: 0.6429  LR: 4.00e-05
2026-08-02 21:25:36,247 | [FULL    ] | INFO | full_experiments_using.model_trainers.mobile_vit_trainer | Early stop — best AUROC 0.6434 at epoch 21 (no improvement for 30 epochs)
2026-08-02 21:25:36,248 | [FULL    ] | INFO | full_experiments_using.model_trainers.mobile_vit_trainer | Done. Best AUROC: 0.6434 (epoch 21) → /home/oem/choihyunsu/VOGBasedMCIDetection/outputs/checkpoints/run_20260802_112618_full_wvote_artifact30_w0-5-5-10-0-15-15-30_4err/fold_28_best.pth
2026-08-02 21:25:38,436 | [FULL    ] | INFO | full_experiments_using.evaluators.monte_carlo_evaluator | -> Fold 29 Result | Acc=1.000 Sens=1.000 Spec=1.000 AUROC=1.000
2026-08-02 21:25:38,439 | [FULL    ] | INFO | full_experiments_using.evaluators.monte_carlo_evaluator | === Fold 30/30 | train: 25 subj (HC=11 MCI=14) / 3928 win | test: 12 subj (HC=3 MCI=9) / 1787 win ===
2026-08-02 21:25:38,684 | [FULL    ] | INFO | httpx | HTTP Request: HEAD https://huggingface.co/apple/mobilevit-small/resolve/main/config.json "HTTP/1.1 307 Temporary Redirect"
2026-08-02 21:25:38,703 | [FULL    ] | INFO | httpx | HTTP Request: HEAD https://huggingface.co/api/resolve-cache/models/apple/mobilevit-small/6c8612545dc98676d27bc518fa521d9e9af23e34/config.json "HTTP/1.1 200 OK"
2026-08-02 21:25:38,951 | [FULL    ] | INFO | httpx | HTTP Request: HEAD https://huggingface.co/apple/mobilevit-small/resolve/main/model.safetensors "HTTP/1.1 404 Not Found"
2026-08-02 21:25:39,246 | [FULL    ] | INFO | httpx | HTTP Request: HEAD https://huggingface.co/apple/mobilevit-small/resolve/main/model.safetensors.index.json "HTTP/1.1 404 Not Found"
2026-08-02 21:25:39,471 | [FULL    ] | INFO | httpx | HTTP Request: HEAD https://huggingface.co/apple/mobilevit-small/resolve/main/pytorch_model.bin "HTTP/1.1 302 Found"
2026-08-02 21:25:39,688 | [FULL    ] | INFO | httpx | HTTP Request: HEAD https://huggingface.co/apple/mobilevit-small/resolve/main/model.safetensors "HTTP/1.1 404 Not Found"
2026-08-02 21:25:39,913 | [FULL    ] | INFO | httpx | HTTP Request: GET https://huggingface.co/api/models/apple/mobilevit-small "HTTP/1.1 200 OK"
2026-08-02 21:25:39,938 | [FULL    ] | INFO | full_experiments_using.model_trainers.mobile_vit_trainer | Device: cuda | max_epochs=500 | batch=32 | eval_batch=256 | es_patience=30
2026-08-02 21:25:39,941 | [FULL    ] | INFO | full_experiments_using.model_trainers.mobile_vit_trainer | CE weights — HC: 1.006  MCI: 0.994
2026-08-02 21:25:40,140 | [FULL    ] | INFO | httpx | HTTP Request: GET https://huggingface.co/api/models/apple/mobilevit-small/commits/main "HTTP/1.1 200 OK"
2026-08-02 21:25:40,363 | [FULL    ] | INFO | httpx | HTTP Request: GET https://huggingface.co/api/models/apple/mobilevit-small/discussions?p=0 "HTTP/1.1 200 OK"
2026-08-02 21:25:40,589 | [FULL    ] | INFO | httpx | HTTP Request: GET https://huggingface.co/api/models/apple/mobilevit-small/commits/refs%2Fpr%2F6 "HTTP/1.1 200 OK"
2026-08-02 21:25:40,868 | [FULL    ] | INFO | httpx | HTTP Request: HEAD https://huggingface.co/apple/mobilevit-small/resolve/refs%2Fpr%2F6/model.safetensors.index.json "HTTP/1.1 404 Not Found"
2026-08-02 21:25:41,098 | [FULL    ] | INFO | httpx | HTTP Request: HEAD https://huggingface.co/apple/mobilevit-small/resolve/refs%2Fpr%2F6/model.safetensors "HTTP/1.1 302 Found"
2026-08-02 21:25:52,241 | [FULL    ] | INFO | full_experiments_using.model_trainers.mobile_vit_trainer | Ep [001/500] T-Acc:  50.5%  V-Acc:  41.6%  V-AUROC: 0.4998  LR: 2.00e-04
2026-08-02 21:25:52,276 | [FULL    ] | INFO | full_experiments_using.model_trainers.mobile_vit_trainer |   ↳ new best AUROC; saved checkpoint: /home/oem/choihyunsu/VOGBasedMCIDetection/outputs/checkpoints/run_20260802_112618_full_wvote_artifact30_w0-5-5-10-0-15-15-30_4err/fold_29_best.pth
2026-08-02 21:25:59,454 | [FULL    ] | INFO | full_experiments_using.model_trainers.mobile_vit_trainer | Ep [002/500] T-Acc:  51.0%  V-Acc:  41.5%  V-AUROC: 0.5026  LR: 4.00e-04
2026-08-02 21:25:59,550 | [FULL    ] | INFO | full_experiments_using.model_trainers.mobile_vit_trainer |   ↳ new best AUROC; saved checkpoint: /home/oem/choihyunsu/VOGBasedMCIDetection/outputs/checkpoints/run_20260802_112618_full_wvote_artifact30_w0-5-5-10-0-15-15-30_4err/fold_29_best.pth
2026-08-02 21:26:07,024 | [FULL    ] | INFO | full_experiments_using.model_trainers.mobile_vit_trainer | Ep [003/500] T-Acc:  51.6%  V-Acc:  41.8%  V-AUROC: 0.5171  LR: 6.00e-04
2026-08-02 21:26:07,142 | [FULL    ] | INFO | full_experiments_using.model_trainers.mobile_vit_trainer |   ↳ new best AUROC; saved checkpoint: /home/oem/choihyunsu/VOGBasedMCIDetection/outputs/checkpoints/run_20260802_112618_full_wvote_artifact30_w0-5-5-10-0-15-15-30_4err/fold_29_best.pth
2026-08-02 21:26:14,342 | [FULL    ] | INFO | full_experiments_using.model_trainers.mobile_vit_trainer | Ep [004/500] T-Acc:  51.1%  V-Acc:  44.9%  V-AUROC: 0.5218  LR: 8.00e-04
2026-08-02 21:26:14,438 | [FULL    ] | INFO | full_experiments_using.model_trainers.mobile_vit_trainer |   ↳ new best AUROC; saved checkpoint: /home/oem/choihyunsu/VOGBasedMCIDetection/outputs/checkpoints/run_20260802_112618_full_wvote_artifact30_w0-5-5-10-0-15-15-30_4err/fold_29_best.pth
2026-08-02 21:26:21,945 | [FULL    ] | INFO | full_experiments_using.model_trainers.mobile_vit_trainer | Ep [005/500] T-Acc:  53.6%  V-Acc:  47.6%  V-AUROC: 0.5250  LR: 1.00e-03
2026-08-02 21:26:22,042 | [FULL    ] | INFO | full_experiments_using.model_trainers.mobile_vit_trainer |   ↳ new best AUROC; saved checkpoint: /home/oem/choihyunsu/VOGBasedMCIDetection/outputs/checkpoints/run_20260802_112618_full_wvote_artifact30_w0-5-5-10-0-15-15-30_4err/fold_29_best.pth
2026-08-02 21:26:29,033 | [FULL    ] | INFO | full_experiments_using.model_trainers.mobile_vit_trainer | Ep [006/500] T-Acc:  53.1%  V-Acc:  51.2%  V-AUROC: 0.5367  LR: 1.00e-03
2026-08-02 21:26:29,130 | [FULL    ] | INFO | full_experiments_using.model_trainers.mobile_vit_trainer |   ↳ new best AUROC; saved checkpoint: /home/oem/choihyunsu/VOGBasedMCIDetection/outputs/checkpoints/run_20260802_112618_full_wvote_artifact30_w0-5-5-10-0-15-15-30_4err/fold_29_best.pth
2026-08-02 21:26:36,138 | [FULL    ] | INFO | full_experiments_using.model_trainers.mobile_vit_trainer | Ep [007/500] T-Acc:  53.4%  V-Acc:  52.2%  V-AUROC: 0.5401  LR: 1.00e-03
2026-08-02 21:26:36,234 | [FULL    ] | INFO | full_experiments_using.model_trainers.mobile_vit_trainer |   ↳ new best AUROC; saved checkpoint: /home/oem/choihyunsu/VOGBasedMCIDetection/outputs/checkpoints/run_20260802_112618_full_wvote_artifact30_w0-5-5-10-0-15-15-30_4err/fold_29_best.pth
2026-08-02 21:26:44,091 | [FULL    ] | INFO | full_experiments_using.model_trainers.mobile_vit_trainer | Ep [008/500] T-Acc:  53.5%  V-Acc:  57.0%  V-AUROC: 0.5396  LR: 1.00e-03
2026-08-02 21:26:51,367 | [FULL    ] | INFO | full_experiments_using.model_trainers.mobile_vit_trainer | Ep [009/500] T-Acc:  55.7%  V-Acc:  52.2%  V-AUROC: 0.5654  LR: 1.00e-03
2026-08-02 21:26:51,463 | [FULL    ] | INFO | full_experiments_using.model_trainers.mobile_vit_trainer |   ↳ new best AUROC; saved checkpoint: /home/oem/choihyunsu/VOGBasedMCIDetection/outputs/checkpoints/run_20260802_112618_full_wvote_artifact30_w0-5-5-10-0-15-15-30_4err/fold_29_best.pth
2026-08-02 21:26:58,748 | [FULL    ] | INFO | full_experiments_using.model_trainers.mobile_vit_trainer | Ep [010/500] T-Acc:  55.1%  V-Acc:  55.5%  V-AUROC: 0.5664  LR: 1.00e-03
2026-08-02 21:26:58,844 | [FULL    ] | INFO | full_experiments_using.model_trainers.mobile_vit_trainer |   ↳ new best AUROC; saved checkpoint: /home/oem/choihyunsu/VOGBasedMCIDetection/outputs/checkpoints/run_20260802_112618_full_wvote_artifact30_w0-5-5-10-0-15-15-30_4err/fold_29_best.pth
2026-08-02 21:27:05,952 | [FULL    ] | INFO | full_experiments_using.model_trainers.mobile_vit_trainer | Ep [011/500] T-Acc:  56.4%  V-Acc:  55.0%  V-AUROC: 0.5800  LR: 1.00e-03
2026-08-02 21:27:06,049 | [FULL    ] | INFO | full_experiments_using.model_trainers.mobile_vit_trainer |   ↳ new best AUROC; saved checkpoint: /home/oem/choihyunsu/VOGBasedMCIDetection/outputs/checkpoints/run_20260802_112618_full_wvote_artifact30_w0-5-5-10-0-15-15-30_4err/fold_29_best.pth
2026-08-02 21:27:13,383 | [FULL    ] | INFO | full_experiments_using.model_trainers.mobile_vit_trainer | Ep [012/500] T-Acc:  56.2%  V-Acc:  55.8%  V-AUROC: 0.5481  LR: 1.00e-03
2026-08-02 21:27:20,786 | [FULL    ] | INFO | full_experiments_using.model_trainers.mobile_vit_trainer | Ep [013/500] T-Acc:  58.0%  V-Acc:  54.7%  V-AUROC: 0.5642  LR: 1.00e-03
2026-08-02 21:27:28,243 | [FULL    ] | INFO | full_experiments_using.model_trainers.mobile_vit_trainer | Ep [014/500] T-Acc:  55.9%  V-Acc:  54.2%  V-AUROC: 0.5717  LR: 1.00e-03
2026-08-02 21:27:35,564 | [FULL    ] | INFO | full_experiments_using.model_trainers.mobile_vit_trainer | Ep [015/500] T-Acc:  57.0%  V-Acc:  56.6%  V-AUROC: 0.5773  LR: 1.00e-03
2026-08-02 21:27:42,925 | [FULL    ] | INFO | full_experiments_using.model_trainers.mobile_vit_trainer | Ep [016/500] T-Acc:  57.2%  V-Acc:  55.7%  V-AUROC: 0.5867  LR: 1.00e-03
2026-08-02 21:27:43,032 | [FULL    ] | INFO | full_experiments_using.model_trainers.mobile_vit_trainer |   ↳ new best AUROC; saved checkpoint: /home/oem/choihyunsu/VOGBasedMCIDetection/outputs/checkpoints/run_20260802_112618_full_wvote_artifact30_w0-5-5-10-0-15-15-30_4err/fold_29_best.pth
2026-08-02 21:27:51,078 | [FULL    ] | INFO | full_experiments_using.model_trainers.mobile_vit_trainer | Ep [017/500] T-Acc:  58.7%  V-Acc:  54.4%  V-AUROC: 0.5717  LR: 1.00e-03
2026-08-02 21:27:59,142 | [FULL    ] | INFO | full_experiments_using.model_trainers.mobile_vit_trainer | Ep [018/500] T-Acc:  57.4%  V-Acc:  53.9%  V-AUROC: 0.5754  LR: 1.00e-03
2026-08-02 21:28:06,297 | [FULL    ] | INFO | full_experiments_using.model_trainers.mobile_vit_trainer | Ep [019/500] T-Acc:  57.2%  V-Acc:  55.3%  V-AUROC: 0.5715  LR: 1.00e-03
2026-08-02 21:28:13,762 | [FULL    ] | INFO | full_experiments_using.model_trainers.mobile_vit_trainer | Ep [020/500] T-Acc:  57.9%  V-Acc:  54.1%  V-AUROC: 0.5415  LR: 1.00e-03
2026-08-02 21:28:21,065 | [FULL    ] | INFO | full_experiments_using.model_trainers.mobile_vit_trainer | Ep [021/500] T-Acc:  58.7%  V-Acc:  55.0%  V-AUROC: 0.5711  LR: 1.00e-03
2026-08-02 21:28:28,392 | [FULL    ] | INFO | full_experiments_using.model_trainers.mobile_vit_trainer | Ep [022/500] T-Acc:  59.7%  V-Acc:  55.1%  V-AUROC: 0.5645  LR: 1.00e-03
2026-08-02 21:28:35,256 | [FULL    ] | INFO | full_experiments_using.model_trainers.mobile_vit_trainer | Ep [023/500] T-Acc:  59.5%  V-Acc:  56.2%  V-AUROC: 0.5846  LR: 1.00e-03
2026-08-02 21:28:42,119 | [FULL    ] | INFO | full_experiments_using.model_trainers.mobile_vit_trainer | Ep [024/500] T-Acc:  58.8%  V-Acc:  57.8%  V-AUROC: 0.5801  LR: 1.00e-03
2026-08-02 21:28:49,156 | [FULL    ] | INFO | full_experiments_using.model_trainers.mobile_vit_trainer | Ep [025/500] T-Acc:  60.0%  V-Acc:  55.5%  V-AUROC: 0.5863  LR: 1.00e-03
2026-08-02 21:28:56,830 | [FULL    ] | INFO | full_experiments_using.model_trainers.mobile_vit_trainer | Ep [026/500] T-Acc:  60.2%  V-Acc:  53.9%  V-AUROC: 0.5776  LR: 1.00e-03
2026-08-02 21:29:04,515 | [FULL    ] | INFO | full_experiments_using.model_trainers.mobile_vit_trainer | Ep [027/500] T-Acc:  59.4%  V-Acc:  56.2%  V-AUROC: 0.5935  LR: 1.00e-03
2026-08-02 21:29:04,635 | [FULL    ] | INFO | full_experiments_using.model_trainers.mobile_vit_trainer |   ↳ new best AUROC; saved checkpoint: /home/oem/choihyunsu/VOGBasedMCIDetection/outputs/checkpoints/run_20260802_112618_full_wvote_artifact30_w0-5-5-10-0-15-15-30_4err/fold_29_best.pth
2026-08-02 21:29:12,319 | [FULL    ] | INFO | full_experiments_using.model_trainers.mobile_vit_trainer | Ep [028/500] T-Acc:  60.5%  V-Acc:  56.6%  V-AUROC: 0.5951  LR: 1.00e-03
2026-08-02 21:29:12,428 | [FULL    ] | INFO | full_experiments_using.model_trainers.mobile_vit_trainer |   ↳ new best AUROC; saved checkpoint: /home/oem/choihyunsu/VOGBasedMCIDetection/outputs/checkpoints/run_20260802_112618_full_wvote_artifact30_w0-5-5-10-0-15-15-30_4err/fold_29_best.pth
2026-08-02 21:29:20,126 | [FULL    ] | INFO | full_experiments_using.model_trainers.mobile_vit_trainer | Ep [029/500] T-Acc:  61.4%  V-Acc:  55.1%  V-AUROC: 0.5918  LR: 1.00e-03
2026-08-02 21:29:27,808 | [FULL    ] | INFO | full_experiments_using.model_trainers.mobile_vit_trainer | Ep [030/500] T-Acc:  61.0%  V-Acc:  55.1%  V-AUROC: 0.5715  LR: 1.00e-03
2026-08-02 21:29:35,501 | [FULL    ] | INFO | full_experiments_using.model_trainers.mobile_vit_trainer | Ep [031/500] T-Acc:  61.0%  V-Acc:  54.3%  V-AUROC: 0.5808  LR: 1.00e-03
2026-08-02 21:29:43,182 | [FULL    ] | INFO | full_experiments_using.model_trainers.mobile_vit_trainer | Ep [032/500] T-Acc:  61.8%  V-Acc:  55.3%  V-AUROC: 0.5698  LR: 1.00e-03
2026-08-02 21:29:50,981 | [FULL    ] | INFO | full_experiments_using.model_trainers.mobile_vit_trainer | Ep [033/500] T-Acc:  62.0%  V-Acc:  54.4%  V-AUROC: 0.5817  LR: 1.00e-03
2026-08-02 21:29:57,850 | [FULL    ] | INFO | full_experiments_using.model_trainers.mobile_vit_trainer | Ep [034/500] T-Acc:  61.3%  V-Acc:  54.3%  V-AUROC: 0.5700  LR: 1.00e-03
2026-08-02 21:30:04,967 | [FULL    ] | INFO | full_experiments_using.model_trainers.mobile_vit_trainer | Ep [035/500] T-Acc:  61.9%  V-Acc:  53.4%  V-AUROC: 0.5711  LR: 1.00e-03
2026-08-02 21:30:11,972 | [FULL    ] | INFO | full_experiments_using.model_trainers.mobile_vit_trainer | Ep [036/500] T-Acc:  61.4%  V-Acc:  54.3%  V-AUROC: 0.5617  LR: 1.00e-03
2026-08-02 21:30:19,429 | [FULL    ] | INFO | full_experiments_using.model_trainers.mobile_vit_trainer | Ep [037/500] T-Acc:  61.7%  V-Acc:  55.1%  V-AUROC: 0.5728  LR: 1.00e-03
2026-08-02 21:30:26,368 | [FULL    ] | INFO | full_experiments_using.model_trainers.mobile_vit_trainer | Ep [038/500] T-Acc:  62.7%  V-Acc:  53.2%  V-AUROC: 0.5745  LR: 1.00e-03
2026-08-02 21:30:33,231 | [FULL    ] | INFO | full_experiments_using.model_trainers.mobile_vit_trainer | Ep [039/500] T-Acc:  61.0%  V-Acc:  54.6%  V-AUROC: 0.5754  LR: 1.00e-03
2026-08-02 21:30:40,094 | [FULL    ] | INFO | full_experiments_using.model_trainers.mobile_vit_trainer | Ep [040/500] T-Acc:  61.9%  V-Acc:  56.5%  V-AUROC: 0.5799  LR: 2.00e-04
2026-08-02 21:30:46,967 | [FULL    ] | INFO | full_experiments_using.model_trainers.mobile_vit_trainer | Ep [041/500] T-Acc:  61.6%  V-Acc:  55.4%  V-AUROC: 0.5715  LR: 2.00e-04
2026-08-02 21:30:54,108 | [FULL    ] | INFO | full_experiments_using.model_trainers.mobile_vit_trainer | Ep [042/500] T-Acc:  62.4%  V-Acc:  54.6%  V-AUROC: 0.5723  LR: 2.00e-04
2026-08-02 21:31:01,253 | [FULL    ] | INFO | full_experiments_using.model_trainers.mobile_vit_trainer | Ep [043/500] T-Acc:  61.6%  V-Acc:  55.3%  V-AUROC: 0.5731  LR: 2.00e-04
2026-08-02 21:31:08,530 | [FULL    ] | INFO | full_experiments_using.model_trainers.mobile_vit_trainer | Ep [044/500] T-Acc:  62.2%  V-Acc:  55.8%  V-AUROC: 0.5736  LR: 2.00e-04
2026-08-02 21:31:15,553 | [FULL    ] | INFO | full_experiments_using.model_trainers.mobile_vit_trainer | Ep [045/500] T-Acc:  63.7%  V-Acc:  56.1%  V-AUROC: 0.5756  LR: 2.00e-04
2026-08-02 21:31:23,172 | [FULL    ] | INFO | full_experiments_using.model_trainers.mobile_vit_trainer | Ep [046/500] T-Acc:  62.7%  V-Acc:  55.6%  V-AUROC: 0.5759  LR: 2.00e-04
2026-08-02 21:31:30,584 | [FULL    ] | INFO | full_experiments_using.model_trainers.mobile_vit_trainer | Ep [047/500] T-Acc:  62.9%  V-Acc:  55.7%  V-AUROC: 0.5746  LR: 2.00e-04
2026-08-02 21:31:38,286 | [FULL    ] | INFO | full_experiments_using.model_trainers.mobile_vit_trainer | Ep [048/500] T-Acc:  63.6%  V-Acc:  55.5%  V-AUROC: 0.5705  LR: 2.00e-04
2026-08-02 21:31:45,308 | [FULL    ] | INFO | full_experiments_using.model_trainers.mobile_vit_trainer | Ep [049/500] T-Acc:  62.6%  V-Acc:  53.9%  V-AUROC: 0.5705  LR: 2.00e-04
2026-08-02 21:31:52,171 | [FULL    ] | INFO | full_experiments_using.model_trainers.mobile_vit_trainer | Ep [050/500] T-Acc:  62.1%  V-Acc:  55.8%  V-AUROC: 0.5719  LR: 2.00e-04
2026-08-02 21:31:59,335 | [FULL    ] | INFO | full_experiments_using.model_trainers.mobile_vit_trainer | Ep [051/500] T-Acc:  63.0%  V-Acc:  56.2%  V-AUROC: 0.5706  LR: 4.00e-05
2026-08-02 21:32:06,548 | [FULL    ] | INFO | full_experiments_using.model_trainers.mobile_vit_trainer | Ep [052/500] T-Acc:  62.5%  V-Acc:  55.4%  V-AUROC: 0.5727  LR: 4.00e-05
2026-08-02 21:32:13,396 | [FULL    ] | INFO | full_experiments_using.model_trainers.mobile_vit_trainer | Ep [053/500] T-Acc:  63.3%  V-Acc:  55.0%  V-AUROC: 0.5716  LR: 4.00e-05
2026-08-02 21:32:20,234 | [FULL    ] | INFO | full_experiments_using.model_trainers.mobile_vit_trainer | Ep [054/500] T-Acc:  62.6%  V-Acc:  55.8%  V-AUROC: 0.5755  LR: 4.00e-05
2026-08-02 21:32:28,072 | [FULL    ] | INFO | full_experiments_using.model_trainers.mobile_vit_trainer | Ep [055/500] T-Acc:  63.5%  V-Acc:  55.5%  V-AUROC: 0.5741  LR: 4.00e-05
2026-08-02 21:32:35,199 | [FULL    ] | INFO | full_experiments_using.model_trainers.mobile_vit_trainer | Ep [056/500] T-Acc:  63.7%  V-Acc:  55.7%  V-AUROC: 0.5722  LR: 4.00e-05
2026-08-02 21:32:42,873 | [FULL    ] | INFO | full_experiments_using.model_trainers.mobile_vit_trainer | Ep [057/500] T-Acc:  62.3%  V-Acc:  55.5%  V-AUROC: 0.5715  LR: 4.00e-05
2026-08-02 21:32:50,542 | [FULL    ] | INFO | full_experiments_using.model_trainers.mobile_vit_trainer | Ep [058/500] T-Acc:  63.7%  V-Acc:  56.1%  V-AUROC: 0.5733  LR: 4.00e-05
2026-08-02 21:32:50,542 | [FULL    ] | INFO | full_experiments_using.model_trainers.mobile_vit_trainer | Early stop — best AUROC 0.5951 at epoch 28 (no improvement for 30 epochs)
2026-08-02 21:32:50,542 | [FULL    ] | INFO | full_experiments_using.model_trainers.mobile_vit_trainer | Done. Best AUROC: 0.5951 (epoch 28) → /home/oem/choihyunsu/VOGBasedMCIDetection/outputs/checkpoints/run_20260802_112618_full_wvote_artifact30_w0-5-5-10-0-15-15-30_4err/fold_29_best.pth
2026-08-02 21:32:52,865 | [FULL    ] | INFO | full_experiments_using.evaluators.monte_carlo_evaluator | -> Fold 30 Result | Acc=0.700 Sens=0.714 Spec=0.667 AUROC=0.857
2026-08-02 21:32:52,865 | [FULL    ] | INFO | full_experiments_using.evaluators.monte_carlo_evaluator | ============================================================
2026-08-02 21:32:52,865 | [FULL    ] | INFO | full_experiments_using.evaluators.monte_carlo_evaluator |   MC-CV Results [grouped (unstratified) sampling] (30 folds)
2026-08-02 21:32:52,866 | [FULL    ] | INFO | full_experiments_using.evaluators.monte_carlo_evaluator |   Accuracy    : 0.747 ± 0.122
2026-08-02 21:32:52,866 | [FULL    ] | INFO | full_experiments_using.evaluators.monte_carlo_evaluator |   Sensitivity : 0.823 ± 0.163
2026-08-02 21:32:52,866 | [FULL    ] | INFO | full_experiments_using.evaluators.monte_carlo_evaluator |   Specificity : 0.655 ± 0.257
2026-08-02 21:32:52,866 | [FULL    ] | INFO | full_experiments_using.evaluators.monte_carlo_evaluator |   AUROC       : 0.836 ± 0.122
2026-08-02 21:32:52,866 | [FULL    ] | INFO | full_experiments_using.evaluators.monte_carlo_evaluator | ============================================================
2026-08-02 21:32:52,866 | [FULL    ] | INFO | full_experiments_using.evaluators.monte_carlo_evaluator | Evaluator lifecycle end: writing probe report...
2026-08-02 21:32:53,381 | [FULL    ] | INFO | probe_generators.probe_generator | Task-Contribution Probe report written: /home/oem/choihyunsu/VOGBasedMCIDetection/outputs/reports/run_20260802_112618_full_wvote_artifact30_w0-5-5-10-0-15-15-30_4err_task_wise_probe.md
