2026-08-01 20:29:01,206 | [FULL    ] | INFO | __main__ | Run ID: 20260801_202901_full_wvote_artifact30_4err | augment=False | dropout=0.50 | patience=30 | batch_size=32 | artifact_threshold=30.0 | signal_mode=four_error | stratified=False | weighted_vote={0: 0.0, 1: 0.5, 2: 0.5, 3: 0.5, 4: 0.0, 5: 1.5, 6: 1.5, 7: 1.5}
2026-08-01 20:29:01,246 | [FULL    ] | INFO | __main__ | Log file: /home/oem/choihyunsu/VOGBasedMCIDetection/outputs/logs/run_20260801_202901_full_wvote_artifact30_4err.log
2026-08-01 20:29:01,247 | [FULL    ] | INFO | __main__ | Loading full 8-task VOG saccade tensors from: /home/oem/choihyunsu/VOGBasedMCIDetection/data
2026-08-01 20:29:01,372 | [FULL    ] | INFO | full_experiments_using.data_processor.data_engineering | Loaded preprocessed data_store from cache: /home/oem/choihyunsu/VOGBasedMCIDetection/outputs/cache/data_store_full_4err.pkl (5715 epochs)
2026-08-01 20:29:01,481 | [FULL    ] | INFO | __main__ | Total epoched samples: 5715
2026-08-01 20:29:01,617 | [FULL    ] | INFO | full_experiments_using.evaluators.monte_carlo_evaluator | MC Group CV [grouped (unstratified)] — 30 folds | device=cuda | num_tasks=8 | augment=False | dropout=0.50 | weighted_vote={0: 0.0, 1: 0.5, 2: 0.5, 3: 0.5, 4: 0.0, 5: 1.5, 6: 1.5, 7: 1.5}
2026-08-01 20:29:01,637 | [FULL    ] | INFO | full_experiments_using.evaluators.monte_carlo_evaluator | === Fold 01/30 | train: 25 subj (HC=10 MCI=15) / 3788 win | test: 12 subj (HC=4 MCI=8) / 1927 win ===
2026-08-01 20:29:01,913 | [FULL    ] | INFO | httpx | HTTP Request: HEAD https://huggingface.co/apple/mobilevit-small/resolve/main/config.json "HTTP/1.1 307 Temporary Redirect"
2026-08-01 20:29:01,935 | [FULL    ] | INFO | httpx | HTTP Request: HEAD https://huggingface.co/api/resolve-cache/models/apple/mobilevit-small/6c8612545dc98676d27bc518fa521d9e9af23e34/config.json "HTTP/1.1 200 OK"
2026-08-01 20:29:02,215 | [FULL    ] | INFO | httpx | HTTP Request: HEAD https://huggingface.co/apple/mobilevit-small/resolve/main/model.safetensors "HTTP/1.1 404 Not Found"
2026-08-01 20:29:02,432 | [FULL    ] | INFO | httpx | HTTP Request: HEAD https://huggingface.co/apple/mobilevit-small/resolve/main/model.safetensors.index.json "HTTP/1.1 404 Not Found"
2026-08-01 20:29:02,432 | [FULL    ] | WARNING | huggingface_hub.utils._http | Warning: You are sending unauthenticated requests to the HF Hub. Please set a HF_TOKEN to enable higher rate limits and faster downloads.
2026-08-01 20:29:02,637 | [FULL    ] | INFO | httpx | HTTP Request: HEAD https://huggingface.co/apple/mobilevit-small/resolve/main/pytorch_model.bin "HTTP/1.1 302 Found"
2026-08-01 20:29:02,845 | [FULL    ] | INFO | httpx | HTTP Request: HEAD https://huggingface.co/apple/mobilevit-small/resolve/main/model.safetensors "HTTP/1.1 404 Not Found"
2026-08-01 20:29:03,072 | [FULL    ] | INFO | httpx | HTTP Request: GET https://huggingface.co/api/models/apple/mobilevit-small "HTTP/1.1 200 OK"
2026-08-01 20:29:03,300 | [FULL    ] | INFO | httpx | HTTP Request: GET https://huggingface.co/api/models/apple/mobilevit-small/commits/main "HTTP/1.1 200 OK"
2026-08-01 20:29:03,395 | [FULL    ] | INFO | full_experiments_using.model_trainers.mobile_vit_trainer | Device: cuda | max_epochs=500 | batch=32 | eval_batch=256 | es_patience=30
2026-08-01 20:29:03,400 | [FULL    ] | INFO | full_experiments_using.model_trainers.mobile_vit_trainer | CE weights — HC: 1.063  MCI: 0.944
2026-08-01 20:29:03,524 | [FULL    ] | INFO | httpx | HTTP Request: GET https://huggingface.co/api/models/apple/mobilevit-small/discussions?p=0 "HTTP/1.1 200 OK"
2026-08-01 20:29:03,745 | [FULL    ] | INFO | httpx | HTTP Request: GET https://huggingface.co/api/models/apple/mobilevit-small/commits/refs%2Fpr%2F6 "HTTP/1.1 200 OK"
2026-08-01 20:29:03,965 | [FULL    ] | INFO | httpx | HTTP Request: HEAD https://huggingface.co/apple/mobilevit-small/resolve/refs%2Fpr%2F6/model.safetensors.index.json "HTTP/1.1 404 Not Found"
2026-08-01 20:29:04,177 | [FULL    ] | INFO | httpx | HTTP Request: HEAD https://huggingface.co/apple/mobilevit-small/resolve/refs%2Fpr%2F6/model.safetensors "HTTP/1.1 302 Found"
2026-08-01 20:29:25,703 | [FULL    ] | INFO | full_experiments_using.model_trainers.mobile_vit_trainer | Ep [001/500] T-Acc:  49.5%  V-Acc:  46.9%  V-AUROC: 0.4895  LR: 2.00e-04
2026-08-01 20:29:25,739 | [FULL    ] | INFO | full_experiments_using.model_trainers.mobile_vit_trainer |   ↳ new best AUROC; saved checkpoint: /home/oem/choihyunsu/VOGBasedMCIDetection/outputs/checkpoints/run_20260801_202901_full_wvote_artifact30_4err/fold_00_best.pth
2026-08-01 20:29:32,997 | [FULL    ] | INFO | full_experiments_using.model_trainers.mobile_vit_trainer | Ep [002/500] T-Acc:  49.0%  V-Acc:  48.4%  V-AUROC: 0.5070  LR: 4.00e-04
2026-08-01 20:29:33,123 | [FULL    ] | INFO | full_experiments_using.model_trainers.mobile_vit_trainer |   ↳ new best AUROC; saved checkpoint: /home/oem/choihyunsu/VOGBasedMCIDetection/outputs/checkpoints/run_20260801_202901_full_wvote_artifact30_4err/fold_00_best.pth
2026-08-01 20:29:40,444 | [FULL    ] | INFO | full_experiments_using.model_trainers.mobile_vit_trainer | Ep [003/500] T-Acc:  49.8%  V-Acc:  50.2%  V-AUROC: 0.5187  LR: 6.00e-04
2026-08-01 20:29:40,568 | [FULL    ] | INFO | full_experiments_using.model_trainers.mobile_vit_trainer |   ↳ new best AUROC; saved checkpoint: /home/oem/choihyunsu/VOGBasedMCIDetection/outputs/checkpoints/run_20260801_202901_full_wvote_artifact30_4err/fold_00_best.pth
2026-08-01 20:29:47,609 | [FULL    ] | INFO | full_experiments_using.model_trainers.mobile_vit_trainer | Ep [004/500] T-Acc:  51.9%  V-Acc:  52.8%  V-AUROC: 0.5441  LR: 8.00e-04
2026-08-01 20:29:47,735 | [FULL    ] | INFO | full_experiments_using.model_trainers.mobile_vit_trainer |   ↳ new best AUROC; saved checkpoint: /home/oem/choihyunsu/VOGBasedMCIDetection/outputs/checkpoints/run_20260801_202901_full_wvote_artifact30_4err/fold_00_best.pth
2026-08-01 20:29:55,025 | [FULL    ] | INFO | full_experiments_using.model_trainers.mobile_vit_trainer | Ep [005/500] T-Acc:  52.1%  V-Acc:  53.9%  V-AUROC: 0.5482  LR: 1.00e-03
2026-08-01 20:29:55,149 | [FULL    ] | INFO | full_experiments_using.model_trainers.mobile_vit_trainer |   ↳ new best AUROC; saved checkpoint: /home/oem/choihyunsu/VOGBasedMCIDetection/outputs/checkpoints/run_20260801_202901_full_wvote_artifact30_4err/fold_00_best.pth
2026-08-01 20:30:02,294 | [FULL    ] | INFO | full_experiments_using.model_trainers.mobile_vit_trainer | Ep [006/500] T-Acc:  52.4%  V-Acc:  53.9%  V-AUROC: 0.5462  LR: 1.00e-03
2026-08-01 20:30:10,026 | [FULL    ] | INFO | full_experiments_using.model_trainers.mobile_vit_trainer | Ep [007/500] T-Acc:  51.9%  V-Acc:  53.9%  V-AUROC: 0.5513  LR: 1.00e-03
2026-08-01 20:30:10,152 | [FULL    ] | INFO | full_experiments_using.model_trainers.mobile_vit_trainer |   ↳ new best AUROC; saved checkpoint: /home/oem/choihyunsu/VOGBasedMCIDetection/outputs/checkpoints/run_20260801_202901_full_wvote_artifact30_4err/fold_00_best.pth
2026-08-01 20:30:17,572 | [FULL    ] | INFO | full_experiments_using.model_trainers.mobile_vit_trainer | Ep [008/500] T-Acc:  54.1%  V-Acc:  55.8%  V-AUROC: 0.5456  LR: 1.00e-03
2026-08-01 20:30:24,767 | [FULL    ] | INFO | full_experiments_using.model_trainers.mobile_vit_trainer | Ep [009/500] T-Acc:  53.8%  V-Acc:  54.1%  V-AUROC: 0.5422  LR: 1.00e-03
2026-08-01 20:30:32,320 | [FULL    ] | INFO | full_experiments_using.model_trainers.mobile_vit_trainer | Ep [010/500] T-Acc:  52.8%  V-Acc:  54.3%  V-AUROC: 0.5564  LR: 1.00e-03
2026-08-01 20:30:32,458 | [FULL    ] | INFO | full_experiments_using.model_trainers.mobile_vit_trainer |   ↳ new best AUROC; saved checkpoint: /home/oem/choihyunsu/VOGBasedMCIDetection/outputs/checkpoints/run_20260801_202901_full_wvote_artifact30_4err/fold_00_best.pth
2026-08-01 20:30:40,024 | [FULL    ] | INFO | full_experiments_using.model_trainers.mobile_vit_trainer | Ep [011/500] T-Acc:  54.7%  V-Acc:  55.1%  V-AUROC: 0.5598  LR: 1.00e-03
2026-08-01 20:30:40,162 | [FULL    ] | INFO | full_experiments_using.model_trainers.mobile_vit_trainer |   ↳ new best AUROC; saved checkpoint: /home/oem/choihyunsu/VOGBasedMCIDetection/outputs/checkpoints/run_20260801_202901_full_wvote_artifact30_4err/fold_00_best.pth
2026-08-01 20:30:47,696 | [FULL    ] | INFO | full_experiments_using.model_trainers.mobile_vit_trainer | Ep [012/500] T-Acc:  55.6%  V-Acc:  54.9%  V-AUROC: 0.5690  LR: 1.00e-03
2026-08-01 20:30:47,779 | [FULL    ] | INFO | full_experiments_using.model_trainers.mobile_vit_trainer |   ↳ new best AUROC; saved checkpoint: /home/oem/choihyunsu/VOGBasedMCIDetection/outputs/checkpoints/run_20260801_202901_full_wvote_artifact30_4err/fold_00_best.pth
2026-08-01 20:30:54,810 | [FULL    ] | INFO | full_experiments_using.model_trainers.mobile_vit_trainer | Ep [013/500] T-Acc:  54.8%  V-Acc:  54.9%  V-AUROC: 0.5689  LR: 1.00e-03
2026-08-01 20:31:02,362 | [FULL    ] | INFO | full_experiments_using.model_trainers.mobile_vit_trainer | Ep [014/500] T-Acc:  56.0%  V-Acc:  55.1%  V-AUROC: 0.5771  LR: 1.00e-03
2026-08-01 20:31:02,498 | [FULL    ] | INFO | full_experiments_using.model_trainers.mobile_vit_trainer |   ↳ new best AUROC; saved checkpoint: /home/oem/choihyunsu/VOGBasedMCIDetection/outputs/checkpoints/run_20260801_202901_full_wvote_artifact30_4err/fold_00_best.pth
2026-08-01 20:31:09,595 | [FULL    ] | INFO | full_experiments_using.model_trainers.mobile_vit_trainer | Ep [015/500] T-Acc:  56.9%  V-Acc:  55.2%  V-AUROC: 0.5815  LR: 1.00e-03
2026-08-01 20:31:09,722 | [FULL    ] | INFO | full_experiments_using.model_trainers.mobile_vit_trainer |   ↳ new best AUROC; saved checkpoint: /home/oem/choihyunsu/VOGBasedMCIDetection/outputs/checkpoints/run_20260801_202901_full_wvote_artifact30_4err/fold_00_best.pth
2026-08-01 20:31:17,246 | [FULL    ] | INFO | full_experiments_using.model_trainers.mobile_vit_trainer | Ep [016/500] T-Acc:  55.8%  V-Acc:  57.0%  V-AUROC: 0.5898  LR: 1.00e-03
2026-08-01 20:31:17,373 | [FULL    ] | INFO | full_experiments_using.model_trainers.mobile_vit_trainer |   ↳ new best AUROC; saved checkpoint: /home/oem/choihyunsu/VOGBasedMCIDetection/outputs/checkpoints/run_20260801_202901_full_wvote_artifact30_4err/fold_00_best.pth
2026-08-01 20:31:24,407 | [FULL    ] | INFO | full_experiments_using.model_trainers.mobile_vit_trainer | Ep [017/500] T-Acc:  57.0%  V-Acc:  56.1%  V-AUROC: 0.5904  LR: 1.00e-03
2026-08-01 20:31:24,533 | [FULL    ] | INFO | full_experiments_using.model_trainers.mobile_vit_trainer |   ↳ new best AUROC; saved checkpoint: /home/oem/choihyunsu/VOGBasedMCIDetection/outputs/checkpoints/run_20260801_202901_full_wvote_artifact30_4err/fold_00_best.pth
2026-08-01 20:31:31,422 | [FULL    ] | INFO | full_experiments_using.model_trainers.mobile_vit_trainer | Ep [018/500] T-Acc:  56.1%  V-Acc:  56.9%  V-AUROC: 0.6026  LR: 1.00e-03
2026-08-01 20:31:31,547 | [FULL    ] | INFO | full_experiments_using.model_trainers.mobile_vit_trainer |   ↳ new best AUROC; saved checkpoint: /home/oem/choihyunsu/VOGBasedMCIDetection/outputs/checkpoints/run_20260801_202901_full_wvote_artifact30_4err/fold_00_best.pth
2026-08-01 20:31:38,603 | [FULL    ] | INFO | full_experiments_using.model_trainers.mobile_vit_trainer | Ep [019/500] T-Acc:  56.5%  V-Acc:  55.6%  V-AUROC: 0.5769  LR: 1.00e-03
2026-08-01 20:31:45,404 | [FULL    ] | INFO | full_experiments_using.model_trainers.mobile_vit_trainer | Ep [020/500] T-Acc:  56.9%  V-Acc:  56.2%  V-AUROC: 0.5935  LR: 1.00e-03
2026-08-01 20:31:52,469 | [FULL    ] | INFO | full_experiments_using.model_trainers.mobile_vit_trainer | Ep [021/500] T-Acc:  57.8%  V-Acc:  57.2%  V-AUROC: 0.5971  LR: 1.00e-03
2026-08-01 20:31:59,786 | [FULL    ] | INFO | full_experiments_using.model_trainers.mobile_vit_trainer | Ep [022/500] T-Acc:  57.7%  V-Acc:  57.5%  V-AUROC: 0.6058  LR: 1.00e-03
2026-08-01 20:31:59,912 | [FULL    ] | INFO | full_experiments_using.model_trainers.mobile_vit_trainer |   ↳ new best AUROC; saved checkpoint: /home/oem/choihyunsu/VOGBasedMCIDetection/outputs/checkpoints/run_20260801_202901_full_wvote_artifact30_4err/fold_00_best.pth
2026-08-01 20:32:07,077 | [FULL    ] | INFO | full_experiments_using.model_trainers.mobile_vit_trainer | Ep [023/500] T-Acc:  58.6%  V-Acc:  57.4%  V-AUROC: 0.5973  LR: 1.00e-03
2026-08-01 20:32:14,624 | [FULL    ] | INFO | full_experiments_using.model_trainers.mobile_vit_trainer | Ep [024/500] T-Acc:  60.0%  V-Acc:  56.6%  V-AUROC: 0.6015  LR: 1.00e-03
2026-08-01 20:32:21,631 | [FULL    ] | INFO | full_experiments_using.model_trainers.mobile_vit_trainer | Ep [025/500] T-Acc:  57.4%  V-Acc:  57.4%  V-AUROC: 0.6028  LR: 1.00e-03
2026-08-01 20:32:29,143 | [FULL    ] | INFO | full_experiments_using.model_trainers.mobile_vit_trainer | Ep [026/500] T-Acc:  58.9%  V-Acc:  57.8%  V-AUROC: 0.6006  LR: 1.00e-03
2026-08-01 20:32:36,198 | [FULL    ] | INFO | full_experiments_using.model_trainers.mobile_vit_trainer | Ep [027/500] T-Acc:  57.9%  V-Acc:  57.6%  V-AUROC: 0.6016  LR: 1.00e-03
2026-08-01 20:32:43,236 | [FULL    ] | INFO | full_experiments_using.model_trainers.mobile_vit_trainer | Ep [028/500] T-Acc:  59.2%  V-Acc:  56.8%  V-AUROC: 0.6030  LR: 1.00e-03
2026-08-01 20:32:50,271 | [FULL    ] | INFO | full_experiments_using.model_trainers.mobile_vit_trainer | Ep [029/500] T-Acc:  59.7%  V-Acc:  56.0%  V-AUROC: 0.5962  LR: 1.00e-03
2026-08-01 20:32:57,542 | [FULL    ] | INFO | full_experiments_using.model_trainers.mobile_vit_trainer | Ep [030/500] T-Acc:  58.6%  V-Acc:  56.5%  V-AUROC: 0.5951  LR: 1.00e-03
2026-08-01 20:33:04,914 | [FULL    ] | INFO | full_experiments_using.model_trainers.mobile_vit_trainer | Ep [031/500] T-Acc:  59.7%  V-Acc:  57.0%  V-AUROC: 0.6018  LR: 1.00e-03
2026-08-01 20:33:12,004 | [FULL    ] | INFO | full_experiments_using.model_trainers.mobile_vit_trainer | Ep [032/500] T-Acc:  59.7%  V-Acc:  56.5%  V-AUROC: 0.6015  LR: 1.00e-03
2026-08-01 20:33:19,176 | [FULL    ] | INFO | full_experiments_using.model_trainers.mobile_vit_trainer | Ep [033/500] T-Acc:  58.5%  V-Acc:  56.6%  V-AUROC: 0.5955  LR: 1.00e-03
2026-08-01 20:33:26,306 | [FULL    ] | INFO | full_experiments_using.model_trainers.mobile_vit_trainer | Ep [034/500] T-Acc:  60.0%  V-Acc:  56.3%  V-AUROC: 0.5976  LR: 2.00e-04
2026-08-01 20:33:33,407 | [FULL    ] | INFO | full_experiments_using.model_trainers.mobile_vit_trainer | Ep [035/500] T-Acc:  58.8%  V-Acc:  56.4%  V-AUROC: 0.6016  LR: 2.00e-04
2026-08-01 20:33:40,506 | [FULL    ] | INFO | full_experiments_using.model_trainers.mobile_vit_trainer | Ep [036/500] T-Acc:  59.3%  V-Acc:  56.9%  V-AUROC: 0.5995  LR: 2.00e-04
2026-08-01 20:33:48,034 | [FULL    ] | INFO | full_experiments_using.model_trainers.mobile_vit_trainer | Ep [037/500] T-Acc:  59.3%  V-Acc:  57.2%  V-AUROC: 0.5993  LR: 2.00e-04
2026-08-01 20:33:55,639 | [FULL    ] | INFO | full_experiments_using.model_trainers.mobile_vit_trainer | Ep [038/500] T-Acc:  60.4%  V-Acc:  56.1%  V-AUROC: 0.6015  LR: 2.00e-04
2026-08-01 20:34:03,113 | [FULL    ] | INFO | full_experiments_using.model_trainers.mobile_vit_trainer | Ep [039/500] T-Acc:  59.2%  V-Acc:  57.4%  V-AUROC: 0.6015  LR: 2.00e-04
2026-08-01 20:34:10,561 | [FULL    ] | INFO | full_experiments_using.model_trainers.mobile_vit_trainer | Ep [040/500] T-Acc:  58.5%  V-Acc:  57.6%  V-AUROC: 0.6050  LR: 2.00e-04
2026-08-01 20:34:18,059 | [FULL    ] | INFO | full_experiments_using.model_trainers.mobile_vit_trainer | Ep [041/500] T-Acc:  59.1%  V-Acc:  58.0%  V-AUROC: 0.6046  LR: 2.00e-04
2026-08-01 20:34:25,529 | [FULL    ] | INFO | full_experiments_using.model_trainers.mobile_vit_trainer | Ep [042/500] T-Acc:  59.6%  V-Acc:  57.0%  V-AUROC: 0.6042  LR: 2.00e-04
2026-08-01 20:34:32,959 | [FULL    ] | INFO | full_experiments_using.model_trainers.mobile_vit_trainer | Ep [043/500] T-Acc:  60.4%  V-Acc:  56.5%  V-AUROC: 0.6038  LR: 2.00e-04
2026-08-01 20:34:40,401 | [FULL    ] | INFO | full_experiments_using.model_trainers.mobile_vit_trainer | Ep [044/500] T-Acc:  59.1%  V-Acc:  56.8%  V-AUROC: 0.6000  LR: 2.00e-04
2026-08-01 20:34:47,832 | [FULL    ] | INFO | full_experiments_using.model_trainers.mobile_vit_trainer | Ep [045/500] T-Acc:  58.6%  V-Acc:  56.8%  V-AUROC: 0.6029  LR: 4.00e-05
2026-08-01 20:34:55,272 | [FULL    ] | INFO | full_experiments_using.model_trainers.mobile_vit_trainer | Ep [046/500] T-Acc:  59.8%  V-Acc:  57.3%  V-AUROC: 0.6024  LR: 4.00e-05
2026-08-01 20:35:02,717 | [FULL    ] | INFO | full_experiments_using.model_trainers.mobile_vit_trainer | Ep [047/500] T-Acc:  59.7%  V-Acc:  57.2%  V-AUROC: 0.6027  LR: 4.00e-05
2026-08-01 20:35:10,169 | [FULL    ] | INFO | full_experiments_using.model_trainers.mobile_vit_trainer | Ep [048/500] T-Acc:  59.2%  V-Acc:  57.1%  V-AUROC: 0.6026  LR: 4.00e-05
2026-08-01 20:35:17,601 | [FULL    ] | INFO | full_experiments_using.model_trainers.mobile_vit_trainer | Ep [049/500] T-Acc:  60.2%  V-Acc:  57.3%  V-AUROC: 0.6023  LR: 4.00e-05
2026-08-01 20:35:25,123 | [FULL    ] | INFO | full_experiments_using.model_trainers.mobile_vit_trainer | Ep [050/500] T-Acc:  60.2%  V-Acc:  57.3%  V-AUROC: 0.6032  LR: 4.00e-05
2026-08-01 20:35:32,676 | [FULL    ] | INFO | full_experiments_using.model_trainers.mobile_vit_trainer | Ep [051/500] T-Acc:  60.1%  V-Acc:  57.4%  V-AUROC: 0.6017  LR: 4.00e-05
2026-08-01 20:35:40,155 | [FULL    ] | INFO | full_experiments_using.model_trainers.mobile_vit_trainer | Ep [052/500] T-Acc:  59.9%  V-Acc:  57.4%  V-AUROC: 0.6040  LR: 4.00e-05
2026-08-01 20:35:40,155 | [FULL    ] | INFO | full_experiments_using.model_trainers.mobile_vit_trainer | Early stop — best AUROC 0.6058 at epoch 22 (no improvement for 30 epochs)
2026-08-01 20:35:40,155 | [FULL    ] | INFO | full_experiments_using.model_trainers.mobile_vit_trainer | Done. Best AUROC: 0.6058 (epoch 22) → /home/oem/choihyunsu/VOGBasedMCIDetection/outputs/checkpoints/run_20260801_202901_full_wvote_artifact30_4err/fold_00_best.pth
2026-08-01 20:35:44,121 | [FULL    ] | INFO | full_experiments_using.evaluators.monte_carlo_evaluator | -> Fold 01 Result | Acc=0.727 Sens=0.750 Spec=0.667 AUROC=0.917
2026-08-01 20:35:44,127 | [FULL    ] | INFO | full_experiments_using.evaluators.monte_carlo_evaluator | === Fold 02/30 | train: 25 subj (HC=9 MCI=16) / 3890 win | test: 12 subj (HC=5 MCI=7) / 1825 win ===
2026-08-01 20:35:44,381 | [FULL    ] | INFO | httpx | HTTP Request: HEAD https://huggingface.co/apple/mobilevit-small/resolve/main/config.json "HTTP/1.1 307 Temporary Redirect"
2026-08-01 20:35:44,398 | [FULL    ] | INFO | httpx | HTTP Request: HEAD https://huggingface.co/api/resolve-cache/models/apple/mobilevit-small/6c8612545dc98676d27bc518fa521d9e9af23e34/config.json "HTTP/1.1 200 OK"
2026-08-01 20:35:44,647 | [FULL    ] | INFO | httpx | HTTP Request: HEAD https://huggingface.co/apple/mobilevit-small/resolve/main/model.safetensors "HTTP/1.1 404 Not Found"
2026-08-01 20:35:44,861 | [FULL    ] | INFO | httpx | HTTP Request: HEAD https://huggingface.co/apple/mobilevit-small/resolve/main/model.safetensors.index.json "HTTP/1.1 404 Not Found"
2026-08-01 20:35:45,089 | [FULL    ] | INFO | httpx | HTTP Request: HEAD https://huggingface.co/apple/mobilevit-small/resolve/main/pytorch_model.bin "HTTP/1.1 302 Found"
2026-08-01 20:35:45,303 | [FULL    ] | INFO | httpx | HTTP Request: HEAD https://huggingface.co/apple/mobilevit-small/resolve/main/model.safetensors "HTTP/1.1 404 Not Found"
2026-08-01 20:35:45,483 | [FULL    ] | INFO | full_experiments_using.model_trainers.mobile_vit_trainer | Device: cuda | max_epochs=500 | batch=32 | eval_batch=256 | es_patience=30
2026-08-01 20:35:45,485 | [FULL    ] | INFO | full_experiments_using.model_trainers.mobile_vit_trainer | CE weights — HC: 1.220  MCI: 0.847
2026-08-01 20:35:45,513 | [FULL    ] | INFO | httpx | HTTP Request: GET https://huggingface.co/api/models/apple/mobilevit-small "HTTP/1.1 200 OK"
2026-08-01 20:35:45,738 | [FULL    ] | INFO | httpx | HTTP Request: GET https://huggingface.co/api/models/apple/mobilevit-small/commits/main "HTTP/1.1 200 OK"
2026-08-01 20:35:45,964 | [FULL    ] | INFO | httpx | HTTP Request: GET https://huggingface.co/api/models/apple/mobilevit-small/discussions?p=0 "HTTP/1.1 200 OK"
2026-08-01 20:35:46,187 | [FULL    ] | INFO | httpx | HTTP Request: GET https://huggingface.co/api/models/apple/mobilevit-small/commits/refs%2Fpr%2F6 "HTTP/1.1 200 OK"
2026-08-01 20:35:46,394 | [FULL    ] | INFO | httpx | HTTP Request: HEAD https://huggingface.co/apple/mobilevit-small/resolve/refs%2Fpr%2F6/model.safetensors.index.json "HTTP/1.1 404 Not Found"
2026-08-01 20:35:46,600 | [FULL    ] | INFO | httpx | HTTP Request: HEAD https://huggingface.co/apple/mobilevit-small/resolve/refs%2Fpr%2F6/model.safetensors "HTTP/1.1 302 Found"
2026-08-01 20:35:55,141 | [FULL    ] | INFO | full_experiments_using.model_trainers.mobile_vit_trainer | Ep [001/500] T-Acc:  46.4%  V-Acc:  49.4%  V-AUROC: 0.4972  LR: 2.00e-04
2026-08-01 20:35:55,177 | [FULL    ] | INFO | full_experiments_using.model_trainers.mobile_vit_trainer |   ↳ new best AUROC; saved checkpoint: /home/oem/choihyunsu/VOGBasedMCIDetection/outputs/checkpoints/run_20260801_202901_full_wvote_artifact30_4err/fold_01_best.pth
2026-08-01 20:36:02,782 | [FULL    ] | INFO | full_experiments_using.model_trainers.mobile_vit_trainer | Ep [002/500] T-Acc:  45.7%  V-Acc:  49.8%  V-AUROC: 0.5024  LR: 4.00e-04
2026-08-01 20:36:02,927 | [FULL    ] | INFO | full_experiments_using.model_trainers.mobile_vit_trainer |   ↳ new best AUROC; saved checkpoint: /home/oem/choihyunsu/VOGBasedMCIDetection/outputs/checkpoints/run_20260801_202901_full_wvote_artifact30_4err/fold_01_best.pth
2026-08-01 20:36:10,527 | [FULL    ] | INFO | full_experiments_using.model_trainers.mobile_vit_trainer | Ep [003/500] T-Acc:  48.3%  V-Acc:  50.0%  V-AUROC: 0.4918  LR: 6.00e-04
2026-08-01 20:36:18,110 | [FULL    ] | INFO | full_experiments_using.model_trainers.mobile_vit_trainer | Ep [004/500] T-Acc:  50.2%  V-Acc:  51.1%  V-AUROC: 0.5069  LR: 8.00e-04
2026-08-01 20:36:18,224 | [FULL    ] | INFO | full_experiments_using.model_trainers.mobile_vit_trainer |   ↳ new best AUROC; saved checkpoint: /home/oem/choihyunsu/VOGBasedMCIDetection/outputs/checkpoints/run_20260801_202901_full_wvote_artifact30_4err/fold_01_best.pth
2026-08-01 20:36:25,818 | [FULL    ] | INFO | full_experiments_using.model_trainers.mobile_vit_trainer | Ep [005/500] T-Acc:  52.4%  V-Acc:  51.7%  V-AUROC: 0.5332  LR: 1.00e-03
2026-08-01 20:36:25,930 | [FULL    ] | INFO | full_experiments_using.model_trainers.mobile_vit_trainer |   ↳ new best AUROC; saved checkpoint: /home/oem/choihyunsu/VOGBasedMCIDetection/outputs/checkpoints/run_20260801_202901_full_wvote_artifact30_4err/fold_01_best.pth
2026-08-01 20:36:33,459 | [FULL    ] | INFO | full_experiments_using.model_trainers.mobile_vit_trainer | Ep [006/500] T-Acc:  51.9%  V-Acc:  50.7%  V-AUROC: 0.5213  LR: 1.00e-03
2026-08-01 20:36:40,993 | [FULL    ] | INFO | full_experiments_using.model_trainers.mobile_vit_trainer | Ep [007/500] T-Acc:  52.8%  V-Acc:  51.0%  V-AUROC: 0.5121  LR: 1.00e-03
2026-08-01 20:36:48,508 | [FULL    ] | INFO | full_experiments_using.model_trainers.mobile_vit_trainer | Ep [008/500] T-Acc:  53.5%  V-Acc:  51.8%  V-AUROC: 0.5194  LR: 1.00e-03
2026-08-01 20:36:56,017 | [FULL    ] | INFO | full_experiments_using.model_trainers.mobile_vit_trainer | Ep [009/500] T-Acc:  55.7%  V-Acc:  52.5%  V-AUROC: 0.5374  LR: 1.00e-03
2026-08-01 20:36:56,129 | [FULL    ] | INFO | full_experiments_using.model_trainers.mobile_vit_trainer |   ↳ new best AUROC; saved checkpoint: /home/oem/choihyunsu/VOGBasedMCIDetection/outputs/checkpoints/run_20260801_202901_full_wvote_artifact30_4err/fold_01_best.pth
2026-08-01 20:37:03,876 | [FULL    ] | INFO | full_experiments_using.model_trainers.mobile_vit_trainer | Ep [010/500] T-Acc:  54.9%  V-Acc:  53.9%  V-AUROC: 0.5634  LR: 1.00e-03
2026-08-01 20:37:03,991 | [FULL    ] | INFO | full_experiments_using.model_trainers.mobile_vit_trainer |   ↳ new best AUROC; saved checkpoint: /home/oem/choihyunsu/VOGBasedMCIDetection/outputs/checkpoints/run_20260801_202901_full_wvote_artifact30_4err/fold_01_best.pth
2026-08-01 20:37:11,585 | [FULL    ] | INFO | full_experiments_using.model_trainers.mobile_vit_trainer | Ep [011/500] T-Acc:  56.0%  V-Acc:  53.8%  V-AUROC: 0.5539  LR: 1.00e-03
2026-08-01 20:37:19,221 | [FULL    ] | INFO | full_experiments_using.model_trainers.mobile_vit_trainer | Ep [012/500] T-Acc:  56.0%  V-Acc:  53.4%  V-AUROC: 0.5564  LR: 1.00e-03
2026-08-01 20:37:26,875 | [FULL    ] | INFO | full_experiments_using.model_trainers.mobile_vit_trainer | Ep [013/500] T-Acc:  57.2%  V-Acc:  53.8%  V-AUROC: 0.5635  LR: 1.00e-03
2026-08-01 20:37:26,989 | [FULL    ] | INFO | full_experiments_using.model_trainers.mobile_vit_trainer |   ↳ new best AUROC; saved checkpoint: /home/oem/choihyunsu/VOGBasedMCIDetection/outputs/checkpoints/run_20260801_202901_full_wvote_artifact30_4err/fold_01_best.pth
2026-08-01 20:37:34,657 | [FULL    ] | INFO | full_experiments_using.model_trainers.mobile_vit_trainer | Ep [014/500] T-Acc:  56.9%  V-Acc:  54.6%  V-AUROC: 0.5662  LR: 1.00e-03
2026-08-01 20:37:34,772 | [FULL    ] | INFO | full_experiments_using.model_trainers.mobile_vit_trainer |   ↳ new best AUROC; saved checkpoint: /home/oem/choihyunsu/VOGBasedMCIDetection/outputs/checkpoints/run_20260801_202901_full_wvote_artifact30_4err/fold_01_best.pth
2026-08-01 20:37:42,334 | [FULL    ] | INFO | full_experiments_using.model_trainers.mobile_vit_trainer | Ep [015/500] T-Acc:  56.8%  V-Acc:  54.8%  V-AUROC: 0.5786  LR: 1.00e-03
2026-08-01 20:37:42,447 | [FULL    ] | INFO | full_experiments_using.model_trainers.mobile_vit_trainer |   ↳ new best AUROC; saved checkpoint: /home/oem/choihyunsu/VOGBasedMCIDetection/outputs/checkpoints/run_20260801_202901_full_wvote_artifact30_4err/fold_01_best.pth
2026-08-01 20:37:49,958 | [FULL    ] | INFO | full_experiments_using.model_trainers.mobile_vit_trainer | Ep [016/500] T-Acc:  57.8%  V-Acc:  53.6%  V-AUROC: 0.5637  LR: 1.00e-03
2026-08-01 20:37:57,505 | [FULL    ] | INFO | full_experiments_using.model_trainers.mobile_vit_trainer | Ep [017/500] T-Acc:  57.4%  V-Acc:  54.9%  V-AUROC: 0.5924  LR: 1.00e-03
2026-08-01 20:37:57,618 | [FULL    ] | INFO | full_experiments_using.model_trainers.mobile_vit_trainer |   ↳ new best AUROC; saved checkpoint: /home/oem/choihyunsu/VOGBasedMCIDetection/outputs/checkpoints/run_20260801_202901_full_wvote_artifact30_4err/fold_01_best.pth
2026-08-01 20:38:05,246 | [FULL    ] | INFO | full_experiments_using.model_trainers.mobile_vit_trainer | Ep [018/500] T-Acc:  58.9%  V-Acc:  55.1%  V-AUROC: 0.5734  LR: 1.00e-03
2026-08-01 20:38:12,890 | [FULL    ] | INFO | full_experiments_using.model_trainers.mobile_vit_trainer | Ep [019/500] T-Acc:  57.7%  V-Acc:  53.9%  V-AUROC: 0.5636  LR: 1.00e-03
2026-08-01 20:38:20,447 | [FULL    ] | INFO | full_experiments_using.model_trainers.mobile_vit_trainer | Ep [020/500] T-Acc:  57.1%  V-Acc:  55.5%  V-AUROC: 0.5744  LR: 1.00e-03
2026-08-01 20:38:28,017 | [FULL    ] | INFO | full_experiments_using.model_trainers.mobile_vit_trainer | Ep [021/500] T-Acc:  58.1%  V-Acc:  53.3%  V-AUROC: 0.5520  LR: 1.00e-03
2026-08-01 20:38:35,578 | [FULL    ] | INFO | full_experiments_using.model_trainers.mobile_vit_trainer | Ep [022/500] T-Acc:  59.1%  V-Acc:  55.4%  V-AUROC: 0.5785  LR: 1.00e-03
2026-08-01 20:38:43,142 | [FULL    ] | INFO | full_experiments_using.model_trainers.mobile_vit_trainer | Ep [023/500] T-Acc:  58.9%  V-Acc:  55.0%  V-AUROC: 0.5680  LR: 1.00e-03
2026-08-01 20:38:50,694 | [FULL    ] | INFO | full_experiments_using.model_trainers.mobile_vit_trainer | Ep [024/500] T-Acc:  59.3%  V-Acc:  54.8%  V-AUROC: 0.5815  LR: 1.00e-03
2026-08-01 20:38:58,238 | [FULL    ] | INFO | full_experiments_using.model_trainers.mobile_vit_trainer | Ep [025/500] T-Acc:  58.9%  V-Acc:  54.2%  V-AUROC: 0.5802  LR: 1.00e-03
2026-08-01 20:39:05,798 | [FULL    ] | INFO | full_experiments_using.model_trainers.mobile_vit_trainer | Ep [026/500] T-Acc:  61.0%  V-Acc:  55.2%  V-AUROC: 0.5790  LR: 1.00e-03
2026-08-01 20:39:13,345 | [FULL    ] | INFO | full_experiments_using.model_trainers.mobile_vit_trainer | Ep [027/500] T-Acc:  58.5%  V-Acc:  56.1%  V-AUROC: 0.5850  LR: 1.00e-03
2026-08-01 20:39:20,913 | [FULL    ] | INFO | full_experiments_using.model_trainers.mobile_vit_trainer | Ep [028/500] T-Acc:  58.9%  V-Acc:  55.1%  V-AUROC: 0.5825  LR: 1.00e-03
2026-08-01 20:39:28,450 | [FULL    ] | INFO | full_experiments_using.model_trainers.mobile_vit_trainer | Ep [029/500] T-Acc:  60.0%  V-Acc:  56.5%  V-AUROC: 0.5923  LR: 2.00e-04
2026-08-01 20:39:35,992 | [FULL    ] | INFO | full_experiments_using.model_trainers.mobile_vit_trainer | Ep [030/500] T-Acc:  59.8%  V-Acc:  56.1%  V-AUROC: 0.5891  LR: 2.00e-04
2026-08-01 20:39:43,547 | [FULL    ] | INFO | full_experiments_using.model_trainers.mobile_vit_trainer | Ep [031/500] T-Acc:  60.8%  V-Acc:  56.3%  V-AUROC: 0.5883  LR: 2.00e-04
2026-08-01 20:39:50,779 | [FULL    ] | INFO | full_experiments_using.model_trainers.mobile_vit_trainer | Ep [032/500] T-Acc:  60.1%  V-Acc:  55.6%  V-AUROC: 0.5915  LR: 2.00e-04
2026-08-01 20:39:58,422 | [FULL    ] | INFO | full_experiments_using.model_trainers.mobile_vit_trainer | Ep [033/500] T-Acc:  60.1%  V-Acc:  55.8%  V-AUROC: 0.5922  LR: 2.00e-04
2026-08-01 20:40:06,084 | [FULL    ] | INFO | full_experiments_using.model_trainers.mobile_vit_trainer | Ep [034/500] T-Acc:  60.1%  V-Acc:  55.8%  V-AUROC: 0.5900  LR: 2.00e-04
2026-08-01 20:40:13,752 | [FULL    ] | INFO | full_experiments_using.model_trainers.mobile_vit_trainer | Ep [035/500] T-Acc:  61.0%  V-Acc:  55.9%  V-AUROC: 0.5917  LR: 2.00e-04
2026-08-01 20:40:22,058 | [FULL    ] | INFO | full_experiments_using.model_trainers.mobile_vit_trainer | Ep [036/500] T-Acc:  60.9%  V-Acc:  55.3%  V-AUROC: 0.5872  LR: 2.00e-04
2026-08-01 20:40:29,466 | [FULL    ] | INFO | full_experiments_using.model_trainers.mobile_vit_trainer | Ep [037/500] T-Acc:  60.8%  V-Acc:  55.3%  V-AUROC: 0.5884  LR: 2.00e-04
2026-08-01 20:40:37,396 | [FULL    ] | INFO | full_experiments_using.model_trainers.mobile_vit_trainer | Ep [038/500] T-Acc:  60.3%  V-Acc:  54.4%  V-AUROC: 0.5851  LR: 2.00e-04
2026-08-01 20:40:44,215 | [FULL    ] | INFO | full_experiments_using.model_trainers.mobile_vit_trainer | Ep [039/500] T-Acc:  60.3%  V-Acc:  55.7%  V-AUROC: 0.5859  LR: 2.00e-04
2026-08-01 20:40:51,146 | [FULL    ] | INFO | full_experiments_using.model_trainers.mobile_vit_trainer | Ep [040/500] T-Acc:  60.3%  V-Acc:  55.4%  V-AUROC: 0.5872  LR: 4.00e-05
2026-08-01 20:40:57,943 | [FULL    ] | INFO | full_experiments_using.model_trainers.mobile_vit_trainer | Ep [041/500] T-Acc:  59.9%  V-Acc:  55.8%  V-AUROC: 0.5903  LR: 4.00e-05
2026-08-01 20:41:05,075 | [FULL    ] | INFO | full_experiments_using.model_trainers.mobile_vit_trainer | Ep [042/500] T-Acc:  60.7%  V-Acc:  55.8%  V-AUROC: 0.5897  LR: 4.00e-05
2026-08-01 20:41:11,871 | [FULL    ] | INFO | full_experiments_using.model_trainers.mobile_vit_trainer | Ep [043/500] T-Acc:  60.4%  V-Acc:  55.1%  V-AUROC: 0.5884  LR: 4.00e-05
2026-08-01 20:41:18,948 | [FULL    ] | INFO | full_experiments_using.model_trainers.mobile_vit_trainer | Ep [044/500] T-Acc:  59.2%  V-Acc:  55.4%  V-AUROC: 0.5889  LR: 4.00e-05
2026-08-01 20:41:25,789 | [FULL    ] | INFO | full_experiments_using.model_trainers.mobile_vit_trainer | Ep [045/500] T-Acc:  61.0%  V-Acc:  55.8%  V-AUROC: 0.5893  LR: 4.00e-05
2026-08-01 20:41:32,716 | [FULL    ] | INFO | full_experiments_using.model_trainers.mobile_vit_trainer | Ep [046/500] T-Acc:  60.3%  V-Acc:  55.3%  V-AUROC: 0.5905  LR: 4.00e-05
2026-08-01 20:41:39,557 | [FULL    ] | INFO | full_experiments_using.model_trainers.mobile_vit_trainer | Ep [047/500] T-Acc:  60.8%  V-Acc:  55.2%  V-AUROC: 0.5874  LR: 4.00e-05
2026-08-01 20:41:39,557 | [FULL    ] | INFO | full_experiments_using.model_trainers.mobile_vit_trainer | Early stop — best AUROC 0.5924 at epoch 17 (no improvement for 30 epochs)
2026-08-01 20:41:39,557 | [FULL    ] | INFO | full_experiments_using.model_trainers.mobile_vit_trainer | Done. Best AUROC: 0.5924 (epoch 17) → /home/oem/choihyunsu/VOGBasedMCIDetection/outputs/checkpoints/run_20260801_202901_full_wvote_artifact30_4err/fold_01_best.pth
2026-08-01 20:41:41,352 | [FULL    ] | INFO | full_experiments_using.evaluators.monte_carlo_evaluator | -> Fold 02 Result | Acc=0.818 Sens=1.000 Spec=0.500 AUROC=0.857
2026-08-01 20:41:41,356 | [FULL    ] | INFO | full_experiments_using.evaluators.monte_carlo_evaluator | === Fold 03/30 | train: 25 subj (HC=7 MCI=18) / 3757 win | test: 12 subj (HC=7 MCI=5) / 1958 win ===
2026-08-01 20:41:41,590 | [FULL    ] | INFO | httpx | HTTP Request: HEAD https://huggingface.co/apple/mobilevit-small/resolve/main/config.json "HTTP/1.1 307 Temporary Redirect"
2026-08-01 20:41:41,611 | [FULL    ] | INFO | httpx | HTTP Request: HEAD https://huggingface.co/api/resolve-cache/models/apple/mobilevit-small/6c8612545dc98676d27bc518fa521d9e9af23e34/config.json "HTTP/1.1 200 OK"
2026-08-01 20:41:41,859 | [FULL    ] | INFO | httpx | HTTP Request: HEAD https://huggingface.co/apple/mobilevit-small/resolve/main/model.safetensors "HTTP/1.1 404 Not Found"
2026-08-01 20:41:42,067 | [FULL    ] | INFO | httpx | HTTP Request: HEAD https://huggingface.co/apple/mobilevit-small/resolve/main/model.safetensors.index.json "HTTP/1.1 404 Not Found"
2026-08-01 20:41:42,290 | [FULL    ] | INFO | httpx | HTTP Request: HEAD https://huggingface.co/apple/mobilevit-small/resolve/main/pytorch_model.bin "HTTP/1.1 302 Found"
2026-08-01 20:41:42,493 | [FULL    ] | INFO | httpx | HTTP Request: HEAD https://huggingface.co/apple/mobilevit-small/resolve/main/model.safetensors "HTTP/1.1 404 Not Found"
2026-08-01 20:41:42,714 | [FULL    ] | INFO | httpx | HTTP Request: GET https://huggingface.co/api/models/apple/mobilevit-small "HTTP/1.1 200 OK"
2026-08-01 20:41:42,787 | [FULL    ] | INFO | full_experiments_using.model_trainers.mobile_vit_trainer | Device: cuda | max_epochs=500 | batch=32 | eval_batch=256 | es_patience=30
2026-08-01 20:41:42,790 | [FULL    ] | INFO | full_experiments_using.model_trainers.mobile_vit_trainer | CE weights — HC: 1.545  MCI: 0.739
2026-08-01 20:41:42,978 | [FULL    ] | INFO | httpx | HTTP Request: GET https://huggingface.co/api/models/apple/mobilevit-small/commits/main "HTTP/1.1 200 OK"
2026-08-01 20:41:43,193 | [FULL    ] | INFO | httpx | HTTP Request: GET https://huggingface.co/api/models/apple/mobilevit-small/discussions?p=0 "HTTP/1.1 200 OK"
2026-08-01 20:41:43,414 | [FULL    ] | INFO | httpx | HTTP Request: GET https://huggingface.co/api/models/apple/mobilevit-small/commits/refs%2Fpr%2F6 "HTTP/1.1 200 OK"
2026-08-01 20:41:43,619 | [FULL    ] | INFO | httpx | HTTP Request: HEAD https://huggingface.co/apple/mobilevit-small/resolve/refs%2Fpr%2F6/model.safetensors.index.json "HTTP/1.1 404 Not Found"
2026-08-01 20:41:43,828 | [FULL    ] | INFO | httpx | HTTP Request: HEAD https://huggingface.co/apple/mobilevit-small/resolve/refs%2Fpr%2F6/model.safetensors "HTTP/1.1 302 Found"
2026-08-01 20:41:53,922 | [FULL    ] | INFO | full_experiments_using.model_trainers.mobile_vit_trainer | Ep [001/500] T-Acc:  48.6%  V-Acc:  53.3%  V-AUROC: 0.4896  LR: 2.00e-04
2026-08-01 20:41:53,958 | [FULL    ] | INFO | full_experiments_using.model_trainers.mobile_vit_trainer |   ↳ new best AUROC; saved checkpoint: /home/oem/choihyunsu/VOGBasedMCIDetection/outputs/checkpoints/run_20260801_202901_full_wvote_artifact30_4err/fold_02_best.pth
2026-08-01 20:42:00,640 | [FULL    ] | INFO | full_experiments_using.model_trainers.mobile_vit_trainer | Ep [002/500] T-Acc:  49.2%  V-Acc:  54.1%  V-AUROC: 0.4981  LR: 4.00e-04
2026-08-01 20:42:00,736 | [FULL    ] | INFO | full_experiments_using.model_trainers.mobile_vit_trainer |   ↳ new best AUROC; saved checkpoint: /home/oem/choihyunsu/VOGBasedMCIDetection/outputs/checkpoints/run_20260801_202901_full_wvote_artifact30_4err/fold_02_best.pth
2026-08-01 20:42:07,432 | [FULL    ] | INFO | full_experiments_using.model_trainers.mobile_vit_trainer | Ep [003/500] T-Acc:  50.2%  V-Acc:  54.4%  V-AUROC: 0.5200  LR: 6.00e-04
2026-08-01 20:42:07,529 | [FULL    ] | INFO | full_experiments_using.model_trainers.mobile_vit_trainer |   ↳ new best AUROC; saved checkpoint: /home/oem/choihyunsu/VOGBasedMCIDetection/outputs/checkpoints/run_20260801_202901_full_wvote_artifact30_4err/fold_02_best.pth
2026-08-01 20:42:14,232 | [FULL    ] | INFO | full_experiments_using.model_trainers.mobile_vit_trainer | Ep [004/500] T-Acc:  50.7%  V-Acc:  56.2%  V-AUROC: 0.5470  LR: 8.00e-04
2026-08-01 20:42:14,328 | [FULL    ] | INFO | full_experiments_using.model_trainers.mobile_vit_trainer |   ↳ new best AUROC; saved checkpoint: /home/oem/choihyunsu/VOGBasedMCIDetection/outputs/checkpoints/run_20260801_202901_full_wvote_artifact30_4err/fold_02_best.pth
2026-08-01 20:42:21,374 | [FULL    ] | INFO | full_experiments_using.model_trainers.mobile_vit_trainer | Ep [005/500] T-Acc:  51.1%  V-Acc:  56.8%  V-AUROC: 0.5508  LR: 1.00e-03
2026-08-01 20:42:21,471 | [FULL    ] | INFO | full_experiments_using.model_trainers.mobile_vit_trainer |   ↳ new best AUROC; saved checkpoint: /home/oem/choihyunsu/VOGBasedMCIDetection/outputs/checkpoints/run_20260801_202901_full_wvote_artifact30_4err/fold_02_best.pth
2026-08-01 20:42:29,052 | [FULL    ] | INFO | full_experiments_using.model_trainers.mobile_vit_trainer | Ep [006/500] T-Acc:  53.0%  V-Acc:  57.4%  V-AUROC: 0.5607  LR: 1.00e-03
2026-08-01 20:42:29,158 | [FULL    ] | INFO | full_experiments_using.model_trainers.mobile_vit_trainer |   ↳ new best AUROC; saved checkpoint: /home/oem/choihyunsu/VOGBasedMCIDetection/outputs/checkpoints/run_20260801_202901_full_wvote_artifact30_4err/fold_02_best.pth
2026-08-01 20:42:36,715 | [FULL    ] | INFO | full_experiments_using.model_trainers.mobile_vit_trainer | Ep [007/500] T-Acc:  52.1%  V-Acc:  56.1%  V-AUROC: 0.5519  LR: 1.00e-03
2026-08-01 20:42:44,418 | [FULL    ] | INFO | full_experiments_using.model_trainers.mobile_vit_trainer | Ep [008/500] T-Acc:  54.0%  V-Acc:  55.7%  V-AUROC: 0.5639  LR: 1.00e-03
2026-08-01 20:42:44,526 | [FULL    ] | INFO | full_experiments_using.model_trainers.mobile_vit_trainer |   ↳ new best AUROC; saved checkpoint: /home/oem/choihyunsu/VOGBasedMCIDetection/outputs/checkpoints/run_20260801_202901_full_wvote_artifact30_4err/fold_02_best.pth
2026-08-01 20:42:52,039 | [FULL    ] | INFO | full_experiments_using.model_trainers.mobile_vit_trainer | Ep [009/500] T-Acc:  53.8%  V-Acc:  56.4%  V-AUROC: 0.5674  LR: 1.00e-03
2026-08-01 20:42:52,147 | [FULL    ] | INFO | full_experiments_using.model_trainers.mobile_vit_trainer |   ↳ new best AUROC; saved checkpoint: /home/oem/choihyunsu/VOGBasedMCIDetection/outputs/checkpoints/run_20260801_202901_full_wvote_artifact30_4err/fold_02_best.pth
2026-08-01 20:42:59,248 | [FULL    ] | INFO | full_experiments_using.model_trainers.mobile_vit_trainer | Ep [010/500] T-Acc:  55.4%  V-Acc:  56.0%  V-AUROC: 0.5802  LR: 1.00e-03
2026-08-01 20:42:59,345 | [FULL    ] | INFO | full_experiments_using.model_trainers.mobile_vit_trainer |   ↳ new best AUROC; saved checkpoint: /home/oem/choihyunsu/VOGBasedMCIDetection/outputs/checkpoints/run_20260801_202901_full_wvote_artifact30_4err/fold_02_best.pth
2026-08-01 20:43:06,685 | [FULL    ] | INFO | full_experiments_using.model_trainers.mobile_vit_trainer | Ep [011/500] T-Acc:  56.0%  V-Acc:  58.0%  V-AUROC: 0.5962  LR: 1.00e-03
2026-08-01 20:43:06,792 | [FULL    ] | INFO | full_experiments_using.model_trainers.mobile_vit_trainer |   ↳ new best AUROC; saved checkpoint: /home/oem/choihyunsu/VOGBasedMCIDetection/outputs/checkpoints/run_20260801_202901_full_wvote_artifact30_4err/fold_02_best.pth
2026-08-01 20:43:14,313 | [FULL    ] | INFO | full_experiments_using.model_trainers.mobile_vit_trainer | Ep [012/500] T-Acc:  55.7%  V-Acc:  57.8%  V-AUROC: 0.5920  LR: 1.00e-03
2026-08-01 20:43:21,732 | [FULL    ] | INFO | full_experiments_using.model_trainers.mobile_vit_trainer | Ep [013/500] T-Acc:  57.0%  V-Acc:  56.3%  V-AUROC: 0.5851  LR: 1.00e-03
2026-08-01 20:43:29,133 | [FULL    ] | INFO | full_experiments_using.model_trainers.mobile_vit_trainer | Ep [014/500] T-Acc:  59.4%  V-Acc:  57.2%  V-AUROC: 0.5829  LR: 1.00e-03
2026-08-01 20:43:36,269 | [FULL    ] | INFO | full_experiments_using.model_trainers.mobile_vit_trainer | Ep [015/500] T-Acc:  58.3%  V-Acc:  57.6%  V-AUROC: 0.5857  LR: 1.00e-03
2026-08-01 20:43:43,721 | [FULL    ] | INFO | full_experiments_using.model_trainers.mobile_vit_trainer | Ep [016/500] T-Acc:  57.8%  V-Acc:  56.1%  V-AUROC: 0.5836  LR: 1.00e-03
2026-08-01 20:43:51,370 | [FULL    ] | INFO | full_experiments_using.model_trainers.mobile_vit_trainer | Ep [017/500] T-Acc:  57.7%  V-Acc:  56.5%  V-AUROC: 0.5873  LR: 1.00e-03
2026-08-01 20:43:58,527 | [FULL    ] | INFO | full_experiments_using.model_trainers.mobile_vit_trainer | Ep [018/500] T-Acc:  57.7%  V-Acc:  57.2%  V-AUROC: 0.5917  LR: 1.00e-03
2026-08-01 20:44:05,613 | [FULL    ] | INFO | full_experiments_using.model_trainers.mobile_vit_trainer | Ep [019/500] T-Acc:  59.9%  V-Acc:  57.8%  V-AUROC: 0.5852  LR: 1.00e-03
2026-08-01 20:44:12,972 | [FULL    ] | INFO | full_experiments_using.model_trainers.mobile_vit_trainer | Ep [020/500] T-Acc:  59.6%  V-Acc:  58.9%  V-AUROC: 0.5921  LR: 1.00e-03
2026-08-01 20:44:20,511 | [FULL    ] | INFO | full_experiments_using.model_trainers.mobile_vit_trainer | Ep [021/500] T-Acc:  59.8%  V-Acc:  57.2%  V-AUROC: 0.5875  LR: 1.00e-03
2026-08-01 20:44:27,786 | [FULL    ] | INFO | full_experiments_using.model_trainers.mobile_vit_trainer | Ep [022/500] T-Acc:  60.2%  V-Acc:  58.2%  V-AUROC: 0.5932  LR: 1.00e-03
2026-08-01 20:44:34,770 | [FULL    ] | INFO | full_experiments_using.model_trainers.mobile_vit_trainer | Ep [023/500] T-Acc:  60.9%  V-Acc:  57.6%  V-AUROC: 0.5955  LR: 2.00e-04
2026-08-01 20:44:41,885 | [FULL    ] | INFO | full_experiments_using.model_trainers.mobile_vit_trainer | Ep [024/500] T-Acc:  61.0%  V-Acc:  57.3%  V-AUROC: 0.5941  LR: 2.00e-04
2026-08-01 20:44:49,187 | [FULL    ] | INFO | full_experiments_using.model_trainers.mobile_vit_trainer | Ep [025/500] T-Acc:  61.8%  V-Acc:  57.3%  V-AUROC: 0.5950  LR: 2.00e-04
2026-08-01 20:44:56,705 | [FULL    ] | INFO | full_experiments_using.model_trainers.mobile_vit_trainer | Ep [026/500] T-Acc:  59.7%  V-Acc:  57.5%  V-AUROC: 0.5935  LR: 2.00e-04
2026-08-01 20:45:04,288 | [FULL    ] | INFO | full_experiments_using.model_trainers.mobile_vit_trainer | Ep [027/500] T-Acc:  59.6%  V-Acc:  58.5%  V-AUROC: 0.5925  LR: 2.00e-04
2026-08-01 20:45:11,242 | [FULL    ] | INFO | full_experiments_using.model_trainers.mobile_vit_trainer | Ep [028/500] T-Acc:  60.3%  V-Acc:  57.1%  V-AUROC: 0.5958  LR: 2.00e-04
2026-08-01 20:45:17,921 | [FULL    ] | INFO | full_experiments_using.model_trainers.mobile_vit_trainer | Ep [029/500] T-Acc:  59.9%  V-Acc:  58.3%  V-AUROC: 0.5953  LR: 2.00e-04
2026-08-01 20:45:24,600 | [FULL    ] | INFO | full_experiments_using.model_trainers.mobile_vit_trainer | Ep [030/500] T-Acc:  61.1%  V-Acc:  57.4%  V-AUROC: 0.5941  LR: 2.00e-04
2026-08-01 20:45:31,610 | [FULL    ] | INFO | full_experiments_using.model_trainers.mobile_vit_trainer | Ep [031/500] T-Acc:  60.1%  V-Acc:  58.7%  V-AUROC: 0.5930  LR: 2.00e-04
2026-08-01 20:45:38,289 | [FULL    ] | INFO | full_experiments_using.model_trainers.mobile_vit_trainer | Ep [032/500] T-Acc:  61.1%  V-Acc:  57.6%  V-AUROC: 0.5954  LR: 2.00e-04
2026-08-01 20:45:44,987 | [FULL    ] | INFO | full_experiments_using.model_trainers.mobile_vit_trainer | Ep [033/500] T-Acc:  60.7%  V-Acc:  57.0%  V-AUROC: 0.5965  LR: 2.00e-04
2026-08-01 20:45:45,083 | [FULL    ] | INFO | full_experiments_using.model_trainers.mobile_vit_trainer |   ↳ new best AUROC; saved checkpoint: /home/oem/choihyunsu/VOGBasedMCIDetection/outputs/checkpoints/run_20260801_202901_full_wvote_artifact30_4err/fold_02_best.pth
2026-08-01 20:45:52,033 | [FULL    ] | INFO | full_experiments_using.model_trainers.mobile_vit_trainer | Ep [034/500] T-Acc:  61.1%  V-Acc:  59.3%  V-AUROC: 0.5981  LR: 2.00e-04
2026-08-01 20:45:52,132 | [FULL    ] | INFO | full_experiments_using.model_trainers.mobile_vit_trainer |   ↳ new best AUROC; saved checkpoint: /home/oem/choihyunsu/VOGBasedMCIDetection/outputs/checkpoints/run_20260801_202901_full_wvote_artifact30_4err/fold_02_best.pth
2026-08-01 20:45:59,539 | [FULL    ] | INFO | full_experiments_using.model_trainers.mobile_vit_trainer | Ep [035/500] T-Acc:  61.7%  V-Acc:  57.5%  V-AUROC: 0.5982  LR: 2.00e-04
2026-08-01 20:45:59,635 | [FULL    ] | INFO | full_experiments_using.model_trainers.mobile_vit_trainer |   ↳ new best AUROC; saved checkpoint: /home/oem/choihyunsu/VOGBasedMCIDetection/outputs/checkpoints/run_20260801_202901_full_wvote_artifact30_4err/fold_02_best.pth
2026-08-01 20:46:06,840 | [FULL    ] | INFO | full_experiments_using.model_trainers.mobile_vit_trainer | Ep [036/500] T-Acc:  61.1%  V-Acc:  57.8%  V-AUROC: 0.5991  LR: 2.00e-04
2026-08-01 20:46:06,948 | [FULL    ] | INFO | full_experiments_using.model_trainers.mobile_vit_trainer |   ↳ new best AUROC; saved checkpoint: /home/oem/choihyunsu/VOGBasedMCIDetection/outputs/checkpoints/run_20260801_202901_full_wvote_artifact30_4err/fold_02_best.pth
2026-08-01 20:46:14,549 | [FULL    ] | INFO | full_experiments_using.model_trainers.mobile_vit_trainer | Ep [037/500] T-Acc:  61.3%  V-Acc:  58.6%  V-AUROC: 0.5981  LR: 2.00e-04
2026-08-01 20:46:21,604 | [FULL    ] | INFO | full_experiments_using.model_trainers.mobile_vit_trainer | Ep [038/500] T-Acc:  61.2%  V-Acc:  58.7%  V-AUROC: 0.5976  LR: 2.00e-04
2026-08-01 20:46:28,833 | [FULL    ] | INFO | full_experiments_using.model_trainers.mobile_vit_trainer | Ep [039/500] T-Acc:  61.3%  V-Acc:  57.3%  V-AUROC: 0.5987  LR: 2.00e-04
2026-08-01 20:46:35,936 | [FULL    ] | INFO | full_experiments_using.model_trainers.mobile_vit_trainer | Ep [040/500] T-Acc:  60.1%  V-Acc:  58.9%  V-AUROC: 0.5975  LR: 2.00e-04
2026-08-01 20:46:43,211 | [FULL    ] | INFO | full_experiments_using.model_trainers.mobile_vit_trainer | Ep [041/500] T-Acc:  61.4%  V-Acc:  58.9%  V-AUROC: 0.5975  LR: 2.00e-04
2026-08-01 20:46:50,739 | [FULL    ] | INFO | full_experiments_using.model_trainers.mobile_vit_trainer | Ep [042/500] T-Acc:  63.0%  V-Acc:  57.5%  V-AUROC: 0.5959  LR: 2.00e-04
2026-08-01 20:46:58,316 | [FULL    ] | INFO | full_experiments_using.model_trainers.mobile_vit_trainer | Ep [043/500] T-Acc:  61.3%  V-Acc:  59.0%  V-AUROC: 0.5977  LR: 2.00e-04
2026-08-01 20:47:05,976 | [FULL    ] | INFO | full_experiments_using.model_trainers.mobile_vit_trainer | Ep [044/500] T-Acc:  60.4%  V-Acc:  57.1%  V-AUROC: 0.5982  LR: 2.00e-04
2026-08-01 20:47:13,531 | [FULL    ] | INFO | full_experiments_using.model_trainers.mobile_vit_trainer | Ep [045/500] T-Acc:  62.2%  V-Acc:  57.0%  V-AUROC: 0.5961  LR: 2.00e-04
2026-08-01 20:47:20,529 | [FULL    ] | INFO | full_experiments_using.model_trainers.mobile_vit_trainer | Ep [046/500] T-Acc:  61.6%  V-Acc:  59.0%  V-AUROC: 0.5975  LR: 2.00e-04
2026-08-01 20:47:27,560 | [FULL    ] | INFO | full_experiments_using.model_trainers.mobile_vit_trainer | Ep [047/500] T-Acc:  60.9%  V-Acc:  56.9%  V-AUROC: 0.5985  LR: 2.00e-04
2026-08-01 20:47:34,782 | [FULL    ] | INFO | full_experiments_using.model_trainers.mobile_vit_trainer | Ep [048/500] T-Acc:  61.1%  V-Acc:  58.5%  V-AUROC: 0.5954  LR: 4.00e-05
2026-08-01 20:47:41,960 | [FULL    ] | INFO | full_experiments_using.model_trainers.mobile_vit_trainer | Ep [049/500] T-Acc:  62.3%  V-Acc:  58.6%  V-AUROC: 0.5987  LR: 4.00e-05
2026-08-01 20:47:49,255 | [FULL    ] | INFO | full_experiments_using.model_trainers.mobile_vit_trainer | Ep [050/500] T-Acc:  61.4%  V-Acc:  57.7%  V-AUROC: 0.5975  LR: 4.00e-05
2026-08-01 20:47:56,708 | [FULL    ] | INFO | full_experiments_using.model_trainers.mobile_vit_trainer | Ep [051/500] T-Acc:  61.8%  V-Acc:  56.9%  V-AUROC: 0.5954  LR: 4.00e-05
2026-08-01 20:48:03,805 | [FULL    ] | INFO | full_experiments_using.model_trainers.mobile_vit_trainer | Ep [052/500] T-Acc:  61.2%  V-Acc:  58.3%  V-AUROC: 0.5975  LR: 4.00e-05
2026-08-01 20:48:11,312 | [FULL    ] | INFO | full_experiments_using.model_trainers.mobile_vit_trainer | Ep [053/500] T-Acc:  62.3%  V-Acc:  58.5%  V-AUROC: 0.5959  LR: 4.00e-05
2026-08-01 20:48:18,825 | [FULL    ] | INFO | full_experiments_using.model_trainers.mobile_vit_trainer | Ep [054/500] T-Acc:  61.1%  V-Acc:  58.8%  V-AUROC: 0.5932  LR: 4.00e-05
2026-08-01 20:48:26,314 | [FULL    ] | INFO | full_experiments_using.model_trainers.mobile_vit_trainer | Ep [055/500] T-Acc:  61.5%  V-Acc:  56.6%  V-AUROC: 0.5978  LR: 4.00e-05
2026-08-01 20:48:33,824 | [FULL    ] | INFO | full_experiments_using.model_trainers.mobile_vit_trainer | Ep [056/500] T-Acc:  61.8%  V-Acc:  59.5%  V-AUROC: 0.5968  LR: 4.00e-05
2026-08-01 20:48:41,057 | [FULL    ] | INFO | full_experiments_using.model_trainers.mobile_vit_trainer | Ep [057/500] T-Acc:  61.4%  V-Acc:  58.6%  V-AUROC: 0.5960  LR: 4.00e-05
2026-08-01 20:48:48,570 | [FULL    ] | INFO | full_experiments_using.model_trainers.mobile_vit_trainer | Ep [058/500] T-Acc:  62.1%  V-Acc:  58.5%  V-AUROC: 0.5951  LR: 4.00e-05
2026-08-01 20:48:56,046 | [FULL    ] | INFO | full_experiments_using.model_trainers.mobile_vit_trainer | Ep [059/500] T-Acc:  62.8%  V-Acc:  57.7%  V-AUROC: 0.5971  LR: 8.00e-06
2026-08-01 20:49:03,058 | [FULL    ] | INFO | full_experiments_using.model_trainers.mobile_vit_trainer | Ep [060/500] T-Acc:  61.4%  V-Acc:  58.3%  V-AUROC: 0.5956  LR: 8.00e-06
2026-08-01 20:49:10,804 | [FULL    ] | INFO | full_experiments_using.model_trainers.mobile_vit_trainer | Ep [061/500] T-Acc:  62.5%  V-Acc:  58.3%  V-AUROC: 0.5962  LR: 8.00e-06
2026-08-01 20:49:18,358 | [FULL    ] | INFO | full_experiments_using.model_trainers.mobile_vit_trainer | Ep [062/500] T-Acc:  61.9%  V-Acc:  58.2%  V-AUROC: 0.5977  LR: 8.00e-06
2026-08-01 20:49:25,906 | [FULL    ] | INFO | full_experiments_using.model_trainers.mobile_vit_trainer | Ep [063/500] T-Acc:  61.8%  V-Acc:  58.5%  V-AUROC: 0.5976  LR: 8.00e-06
2026-08-01 20:49:33,434 | [FULL    ] | INFO | full_experiments_using.model_trainers.mobile_vit_trainer | Ep [064/500] T-Acc:  61.7%  V-Acc:  58.7%  V-AUROC: 0.5975  LR: 8.00e-06
2026-08-01 20:49:40,962 | [FULL    ] | INFO | full_experiments_using.model_trainers.mobile_vit_trainer | Ep [065/500] T-Acc:  61.7%  V-Acc:  57.1%  V-AUROC: 0.5982  LR: 8.00e-06
2026-08-01 20:49:48,488 | [FULL    ] | INFO | full_experiments_using.model_trainers.mobile_vit_trainer | Ep [066/500] T-Acc:  61.7%  V-Acc:  58.5%  V-AUROC: 0.5976  LR: 8.00e-06
2026-08-01 20:49:48,488 | [FULL    ] | INFO | full_experiments_using.model_trainers.mobile_vit_trainer | Early stop — best AUROC 0.5991 at epoch 36 (no improvement for 30 epochs)
2026-08-01 20:49:48,489 | [FULL    ] | INFO | full_experiments_using.model_trainers.mobile_vit_trainer | Done. Best AUROC: 0.5991 (epoch 36) → /home/oem/choihyunsu/VOGBasedMCIDetection/outputs/checkpoints/run_20260801_202901_full_wvote_artifact30_4err/fold_02_best.pth
2026-08-01 20:49:50,693 | [FULL    ] | INFO | full_experiments_using.evaluators.monte_carlo_evaluator | -> Fold 03 Result | Acc=0.727 Sens=0.750 Spec=0.714 AUROC=0.857
2026-08-01 20:49:50,698 | [FULL    ] | INFO | full_experiments_using.evaluators.monte_carlo_evaluator | === Fold 04/30 | train: 25 subj (HC=9 MCI=16) / 3896 win | test: 12 subj (HC=5 MCI=7) / 1819 win ===
2026-08-01 20:49:50,934 | [FULL    ] | INFO | httpx | HTTP Request: HEAD https://huggingface.co/apple/mobilevit-small/resolve/main/config.json "HTTP/1.1 307 Temporary Redirect"
2026-08-01 20:49:50,946 | [FULL    ] | INFO | httpx | HTTP Request: HEAD https://huggingface.co/api/resolve-cache/models/apple/mobilevit-small/6c8612545dc98676d27bc518fa521d9e9af23e34/config.json "HTTP/1.1 200 OK"
2026-08-01 20:49:51,190 | [FULL    ] | INFO | httpx | HTTP Request: HEAD https://huggingface.co/apple/mobilevit-small/resolve/main/model.safetensors "HTTP/1.1 404 Not Found"
2026-08-01 20:49:51,402 | [FULL    ] | INFO | httpx | HTTP Request: HEAD https://huggingface.co/apple/mobilevit-small/resolve/main/model.safetensors.index.json "HTTP/1.1 404 Not Found"
2026-08-01 20:49:51,629 | [FULL    ] | INFO | httpx | HTTP Request: HEAD https://huggingface.co/apple/mobilevit-small/resolve/main/pytorch_model.bin "HTTP/1.1 302 Found"
2026-08-01 20:49:51,854 | [FULL    ] | INFO | httpx | HTTP Request: HEAD https://huggingface.co/apple/mobilevit-small/resolve/main/model.safetensors "HTTP/1.1 404 Not Found"
2026-08-01 20:49:52,063 | [FULL    ] | INFO | httpx | HTTP Request: GET https://huggingface.co/api/models/apple/mobilevit-small "HTTP/1.1 200 OK"
2026-08-01 20:49:52,121 | [FULL    ] | INFO | full_experiments_using.model_trainers.mobile_vit_trainer | Device: cuda | max_epochs=500 | batch=32 | eval_batch=256 | es_patience=30
2026-08-01 20:49:52,125 | [FULL    ] | INFO | full_experiments_using.model_trainers.mobile_vit_trainer | CE weights — HC: 1.213  MCI: 0.851
2026-08-01 20:49:52,283 | [FULL    ] | INFO | httpx | HTTP Request: GET https://huggingface.co/api/models/apple/mobilevit-small/commits/main "HTTP/1.1 200 OK"
2026-08-01 20:49:52,497 | [FULL    ] | INFO | httpx | HTTP Request: GET https://huggingface.co/api/models/apple/mobilevit-small/discussions?p=0 "HTTP/1.1 200 OK"
2026-08-01 20:49:52,717 | [FULL    ] | INFO | httpx | HTTP Request: GET https://huggingface.co/api/models/apple/mobilevit-small/commits/refs%2Fpr%2F6 "HTTP/1.1 200 OK"
2026-08-01 20:49:52,923 | [FULL    ] | INFO | httpx | HTTP Request: HEAD https://huggingface.co/apple/mobilevit-small/resolve/refs%2Fpr%2F6/model.safetensors.index.json "HTTP/1.1 404 Not Found"
2026-08-01 20:49:53,129 | [FULL    ] | INFO | httpx | HTTP Request: HEAD https://huggingface.co/apple/mobilevit-small/resolve/refs%2Fpr%2F6/model.safetensors "HTTP/1.1 302 Found"
2026-08-01 20:50:02,858 | [FULL    ] | INFO | full_experiments_using.model_trainers.mobile_vit_trainer | Ep [001/500] T-Acc:  50.1%  V-Acc:  50.0%  V-AUROC: 0.4919  LR: 2.00e-04
2026-08-01 20:50:02,896 | [FULL    ] | INFO | full_experiments_using.model_trainers.mobile_vit_trainer |   ↳ new best AUROC; saved checkpoint: /home/oem/choihyunsu/VOGBasedMCIDetection/outputs/checkpoints/run_20260801_202901_full_wvote_artifact30_4err/fold_03_best.pth
2026-08-01 20:50:10,064 | [FULL    ] | INFO | full_experiments_using.model_trainers.mobile_vit_trainer | Ep [002/500] T-Acc:  50.0%  V-Acc:  50.5%  V-AUROC: 0.4959  LR: 4.00e-04
2026-08-01 20:50:10,121 | [FULL    ] | INFO | full_experiments_using.model_trainers.mobile_vit_trainer |   ↳ new best AUROC; saved checkpoint: /home/oem/choihyunsu/VOGBasedMCIDetection/outputs/checkpoints/run_20260801_202901_full_wvote_artifact30_4err/fold_03_best.pth
2026-08-01 20:50:17,290 | [FULL    ] | INFO | full_experiments_using.model_trainers.mobile_vit_trainer | Ep [003/500] T-Acc:  49.9%  V-Acc:  52.1%  V-AUROC: 0.5032  LR: 6.00e-04
2026-08-01 20:50:17,386 | [FULL    ] | INFO | full_experiments_using.model_trainers.mobile_vit_trainer |   ↳ new best AUROC; saved checkpoint: /home/oem/choihyunsu/VOGBasedMCIDetection/outputs/checkpoints/run_20260801_202901_full_wvote_artifact30_4err/fold_03_best.pth
2026-08-01 20:50:25,080 | [FULL    ] | INFO | full_experiments_using.model_trainers.mobile_vit_trainer | Ep [004/500] T-Acc:  51.7%  V-Acc:  52.1%  V-AUROC: 0.5268  LR: 8.00e-04
2026-08-01 20:50:25,175 | [FULL    ] | INFO | full_experiments_using.model_trainers.mobile_vit_trainer |   ↳ new best AUROC; saved checkpoint: /home/oem/choihyunsu/VOGBasedMCIDetection/outputs/checkpoints/run_20260801_202901_full_wvote_artifact30_4err/fold_03_best.pth
2026-08-01 20:50:32,579 | [FULL    ] | INFO | full_experiments_using.model_trainers.mobile_vit_trainer | Ep [005/500] T-Acc:  52.3%  V-Acc:  53.5%  V-AUROC: 0.5487  LR: 1.00e-03
2026-08-01 20:50:32,686 | [FULL    ] | INFO | full_experiments_using.model_trainers.mobile_vit_trainer |   ↳ new best AUROC; saved checkpoint: /home/oem/choihyunsu/VOGBasedMCIDetection/outputs/checkpoints/run_20260801_202901_full_wvote_artifact30_4err/fold_03_best.pth
2026-08-01 20:50:39,676 | [FULL    ] | INFO | full_experiments_using.model_trainers.mobile_vit_trainer | Ep [006/500] T-Acc:  53.3%  V-Acc:  53.3%  V-AUROC: 0.5565  LR: 1.00e-03
2026-08-01 20:50:39,741 | [FULL    ] | INFO | full_experiments_using.model_trainers.mobile_vit_trainer |   ↳ new best AUROC; saved checkpoint: /home/oem/choihyunsu/VOGBasedMCIDetection/outputs/checkpoints/run_20260801_202901_full_wvote_artifact30_4err/fold_03_best.pth
2026-08-01 20:50:47,248 | [FULL    ] | INFO | full_experiments_using.model_trainers.mobile_vit_trainer | Ep [007/500] T-Acc:  54.0%  V-Acc:  52.7%  V-AUROC: 0.5598  LR: 1.00e-03
2026-08-01 20:50:47,355 | [FULL    ] | INFO | full_experiments_using.model_trainers.mobile_vit_trainer |   ↳ new best AUROC; saved checkpoint: /home/oem/choihyunsu/VOGBasedMCIDetection/outputs/checkpoints/run_20260801_202901_full_wvote_artifact30_4err/fold_03_best.pth
2026-08-01 20:50:54,205 | [FULL    ] | INFO | full_experiments_using.model_trainers.mobile_vit_trainer | Ep [008/500] T-Acc:  54.3%  V-Acc:  52.5%  V-AUROC: 0.5504  LR: 1.00e-03
2026-08-01 20:51:01,039 | [FULL    ] | INFO | full_experiments_using.model_trainers.mobile_vit_trainer | Ep [009/500] T-Acc:  52.3%  V-Acc:  53.9%  V-AUROC: 0.5656  LR: 1.00e-03
2026-08-01 20:51:01,135 | [FULL    ] | INFO | full_experiments_using.model_trainers.mobile_vit_trainer |   ↳ new best AUROC; saved checkpoint: /home/oem/choihyunsu/VOGBasedMCIDetection/outputs/checkpoints/run_20260801_202901_full_wvote_artifact30_4err/fold_03_best.pth
2026-08-01 20:51:07,963 | [FULL    ] | INFO | full_experiments_using.model_trainers.mobile_vit_trainer | Ep [010/500] T-Acc:  55.9%  V-Acc:  54.1%  V-AUROC: 0.5727  LR: 1.00e-03
2026-08-01 20:51:08,061 | [FULL    ] | INFO | full_experiments_using.model_trainers.mobile_vit_trainer |   ↳ new best AUROC; saved checkpoint: /home/oem/choihyunsu/VOGBasedMCIDetection/outputs/checkpoints/run_20260801_202901_full_wvote_artifact30_4err/fold_03_best.pth
2026-08-01 20:51:14,917 | [FULL    ] | INFO | full_experiments_using.model_trainers.mobile_vit_trainer | Ep [011/500] T-Acc:  53.6%  V-Acc:  54.8%  V-AUROC: 0.5657  LR: 1.00e-03
2026-08-01 20:51:21,751 | [FULL    ] | INFO | full_experiments_using.model_trainers.mobile_vit_trainer | Ep [012/500] T-Acc:  56.0%  V-Acc:  56.5%  V-AUROC: 0.5823  LR: 1.00e-03
2026-08-01 20:51:21,848 | [FULL    ] | INFO | full_experiments_using.model_trainers.mobile_vit_trainer |   ↳ new best AUROC; saved checkpoint: /home/oem/choihyunsu/VOGBasedMCIDetection/outputs/checkpoints/run_20260801_202901_full_wvote_artifact30_4err/fold_03_best.pth
2026-08-01 20:51:28,708 | [FULL    ] | INFO | full_experiments_using.model_trainers.mobile_vit_trainer | Ep [013/500] T-Acc:  55.9%  V-Acc:  54.3%  V-AUROC: 0.5736  LR: 1.00e-03
2026-08-01 20:51:35,569 | [FULL    ] | INFO | full_experiments_using.model_trainers.mobile_vit_trainer | Ep [014/500] T-Acc:  55.5%  V-Acc:  54.0%  V-AUROC: 0.5687  LR: 1.00e-03
2026-08-01 20:51:42,562 | [FULL    ] | INFO | full_experiments_using.model_trainers.mobile_vit_trainer | Ep [015/500] T-Acc:  55.2%  V-Acc:  55.6%  V-AUROC: 0.5711  LR: 1.00e-03
2026-08-01 20:51:50,222 | [FULL    ] | INFO | full_experiments_using.model_trainers.mobile_vit_trainer | Ep [016/500] T-Acc:  57.5%  V-Acc:  54.1%  V-AUROC: 0.5609  LR: 1.00e-03
2026-08-01 20:51:57,874 | [FULL    ] | INFO | full_experiments_using.model_trainers.mobile_vit_trainer | Ep [017/500] T-Acc:  58.1%  V-Acc:  55.4%  V-AUROC: 0.5776  LR: 1.00e-03
2026-08-01 20:52:05,036 | [FULL    ] | INFO | full_experiments_using.model_trainers.mobile_vit_trainer | Ep [018/500] T-Acc:  57.3%  V-Acc:  54.3%  V-AUROC: 0.5631  LR: 1.00e-03
2026-08-01 20:52:12,552 | [FULL    ] | INFO | full_experiments_using.model_trainers.mobile_vit_trainer | Ep [019/500] T-Acc:  59.0%  V-Acc:  55.0%  V-AUROC: 0.5590  LR: 1.00e-03
2026-08-01 20:52:19,751 | [FULL    ] | INFO | full_experiments_using.model_trainers.mobile_vit_trainer | Ep [020/500] T-Acc:  59.9%  V-Acc:  55.5%  V-AUROC: 0.5643  LR: 1.00e-03
2026-08-01 20:52:27,126 | [FULL    ] | INFO | full_experiments_using.model_trainers.mobile_vit_trainer | Ep [021/500] T-Acc:  58.6%  V-Acc:  53.3%  V-AUROC: 0.5667  LR: 1.00e-03
2026-08-01 20:52:34,794 | [FULL    ] | INFO | full_experiments_using.model_trainers.mobile_vit_trainer | Ep [022/500] T-Acc:  60.1%  V-Acc:  54.0%  V-AUROC: 0.5649  LR: 1.00e-03
2026-08-01 20:52:42,586 | [FULL    ] | INFO | full_experiments_using.model_trainers.mobile_vit_trainer | Ep [023/500] T-Acc:  58.5%  V-Acc:  55.2%  V-AUROC: 0.5691  LR: 1.00e-03
2026-08-01 20:52:49,936 | [FULL    ] | INFO | full_experiments_using.model_trainers.mobile_vit_trainer | Ep [024/500] T-Acc:  59.0%  V-Acc:  54.5%  V-AUROC: 0.5683  LR: 2.00e-04
2026-08-01 20:52:57,347 | [FULL    ] | INFO | full_experiments_using.model_trainers.mobile_vit_trainer | Ep [025/500] T-Acc:  60.8%  V-Acc:  53.9%  V-AUROC: 0.5641  LR: 2.00e-04
2026-08-01 20:53:05,004 | [FULL    ] | INFO | full_experiments_using.model_trainers.mobile_vit_trainer | Ep [026/500] T-Acc:  59.0%  V-Acc:  53.8%  V-AUROC: 0.5640  LR: 2.00e-04
2026-08-01 20:53:12,870 | [FULL    ] | INFO | full_experiments_using.model_trainers.mobile_vit_trainer | Ep [027/500] T-Acc:  60.3%  V-Acc:  53.7%  V-AUROC: 0.5662  LR: 2.00e-04
2026-08-01 20:53:20,536 | [FULL    ] | INFO | full_experiments_using.model_trainers.mobile_vit_trainer | Ep [028/500] T-Acc:  60.5%  V-Acc:  54.0%  V-AUROC: 0.5634  LR: 2.00e-04
2026-08-01 20:53:28,355 | [FULL    ] | INFO | full_experiments_using.model_trainers.mobile_vit_trainer | Ep [029/500] T-Acc:  60.9%  V-Acc:  54.1%  V-AUROC: 0.5655  LR: 2.00e-04
2026-08-01 20:53:35,966 | [FULL    ] | INFO | full_experiments_using.model_trainers.mobile_vit_trainer | Ep [030/500] T-Acc:  59.8%  V-Acc:  54.2%  V-AUROC: 0.5648  LR: 2.00e-04
2026-08-01 20:53:43,429 | [FULL    ] | INFO | full_experiments_using.model_trainers.mobile_vit_trainer | Ep [031/500] T-Acc:  59.7%  V-Acc:  54.3%  V-AUROC: 0.5648  LR: 2.00e-04
2026-08-01 20:53:50,536 | [FULL    ] | INFO | full_experiments_using.model_trainers.mobile_vit_trainer | Ep [032/500] T-Acc:  60.1%  V-Acc:  53.4%  V-AUROC: 0.5638  LR: 2.00e-04
2026-08-01 20:53:57,658 | [FULL    ] | INFO | full_experiments_using.model_trainers.mobile_vit_trainer | Ep [033/500] T-Acc:  60.7%  V-Acc:  53.9%  V-AUROC: 0.5663  LR: 2.00e-04
2026-08-01 20:54:04,961 | [FULL    ] | INFO | full_experiments_using.model_trainers.mobile_vit_trainer | Ep [034/500] T-Acc:  59.9%  V-Acc:  53.7%  V-AUROC: 0.5621  LR: 2.00e-04
2026-08-01 20:54:12,146 | [FULL    ] | INFO | full_experiments_using.model_trainers.mobile_vit_trainer | Ep [035/500] T-Acc:  59.8%  V-Acc:  53.6%  V-AUROC: 0.5616  LR: 4.00e-05
2026-08-01 20:54:19,567 | [FULL    ] | INFO | full_experiments_using.model_trainers.mobile_vit_trainer | Ep [036/500] T-Acc:  60.4%  V-Acc:  53.3%  V-AUROC: 0.5613  LR: 4.00e-05
2026-08-01 20:54:26,835 | [FULL    ] | INFO | full_experiments_using.model_trainers.mobile_vit_trainer | Ep [037/500] T-Acc:  61.0%  V-Acc:  53.2%  V-AUROC: 0.5607  LR: 4.00e-05
2026-08-01 20:54:34,194 | [FULL    ] | INFO | full_experiments_using.model_trainers.mobile_vit_trainer | Ep [038/500] T-Acc:  61.0%  V-Acc:  53.5%  V-AUROC: 0.5613  LR: 4.00e-05
2026-08-01 20:54:41,519 | [FULL    ] | INFO | full_experiments_using.model_trainers.mobile_vit_trainer | Ep [039/500] T-Acc:  60.7%  V-Acc:  53.2%  V-AUROC: 0.5599  LR: 4.00e-05
2026-08-01 20:54:48,963 | [FULL    ] | INFO | full_experiments_using.model_trainers.mobile_vit_trainer | Ep [040/500] T-Acc:  61.2%  V-Acc:  53.8%  V-AUROC: 0.5615  LR: 4.00e-05
2026-08-01 20:54:56,164 | [FULL    ] | INFO | full_experiments_using.model_trainers.mobile_vit_trainer | Ep [041/500] T-Acc:  60.7%  V-Acc:  53.8%  V-AUROC: 0.5615  LR: 4.00e-05
2026-08-01 20:55:03,136 | [FULL    ] | INFO | full_experiments_using.model_trainers.mobile_vit_trainer | Ep [042/500] T-Acc:  61.4%  V-Acc:  53.5%  V-AUROC: 0.5623  LR: 4.00e-05
2026-08-01 20:55:03,137 | [FULL    ] | INFO | full_experiments_using.model_trainers.mobile_vit_trainer | Early stop — best AUROC 0.5823 at epoch 12 (no improvement for 30 epochs)
2026-08-01 20:55:03,137 | [FULL    ] | INFO | full_experiments_using.model_trainers.mobile_vit_trainer | Done. Best AUROC: 0.5823 (epoch 12) → /home/oem/choihyunsu/VOGBasedMCIDetection/outputs/checkpoints/run_20260801_202901_full_wvote_artifact30_4err/fold_03_best.pth
2026-08-01 20:55:04,819 | [FULL    ] | INFO | full_experiments_using.evaluators.monte_carlo_evaluator | -> Fold 04 Result | Acc=0.600 Sens=0.667 Spec=0.500 AUROC=0.667
2026-08-01 20:55:04,823 | [FULL    ] | INFO | full_experiments_using.evaluators.monte_carlo_evaluator | === Fold 05/30 | train: 25 subj (HC=8 MCI=17) / 3784 win | test: 12 subj (HC=6 MCI=6) / 1931 win ===
2026-08-01 20:55:05,107 | [FULL    ] | INFO | httpx | HTTP Request: HEAD https://huggingface.co/apple/mobilevit-small/resolve/main/config.json "HTTP/1.1 307 Temporary Redirect"
2026-08-01 20:55:05,124 | [FULL    ] | INFO | httpx | HTTP Request: HEAD https://huggingface.co/api/resolve-cache/models/apple/mobilevit-small/6c8612545dc98676d27bc518fa521d9e9af23e34/config.json "HTTP/1.1 200 OK"
2026-08-01 20:55:05,371 | [FULL    ] | INFO | httpx | HTTP Request: HEAD https://huggingface.co/apple/mobilevit-small/resolve/main/model.safetensors "HTTP/1.1 404 Not Found"
2026-08-01 20:55:05,580 | [FULL    ] | INFO | httpx | HTTP Request: HEAD https://huggingface.co/apple/mobilevit-small/resolve/main/model.safetensors.index.json "HTTP/1.1 404 Not Found"
2026-08-01 20:55:05,787 | [FULL    ] | INFO | httpx | HTTP Request: HEAD https://huggingface.co/apple/mobilevit-small/resolve/main/pytorch_model.bin "HTTP/1.1 302 Found"
2026-08-01 20:55:06,006 | [FULL    ] | INFO | httpx | HTTP Request: HEAD https://huggingface.co/apple/mobilevit-small/resolve/main/model.safetensors "HTTP/1.1 404 Not Found"
2026-08-01 20:55:06,182 | [FULL    ] | INFO | full_experiments_using.model_trainers.mobile_vit_trainer | Device: cuda | max_epochs=500 | batch=32 | eval_batch=256 | es_patience=30
2026-08-01 20:55:06,184 | [FULL    ] | INFO | full_experiments_using.model_trainers.mobile_vit_trainer | CE weights — HC: 1.334  MCI: 0.800
2026-08-01 20:55:06,231 | [FULL    ] | INFO | httpx | HTTP Request: GET https://huggingface.co/api/models/apple/mobilevit-small "HTTP/1.1 200 OK"
2026-08-01 20:55:06,456 | [FULL    ] | INFO | httpx | HTTP Request: GET https://huggingface.co/api/models/apple/mobilevit-small/commits/main "HTTP/1.1 200 OK"
2026-08-01 20:55:06,687 | [FULL    ] | INFO | httpx | HTTP Request: GET https://huggingface.co/api/models/apple/mobilevit-small/discussions?p=0 "HTTP/1.1 200 OK"
2026-08-01 20:55:06,907 | [FULL    ] | INFO | httpx | HTTP Request: GET https://huggingface.co/api/models/apple/mobilevit-small/commits/refs%2Fpr%2F6 "HTTP/1.1 200 OK"
2026-08-01 20:55:07,116 | [FULL    ] | INFO | httpx | HTTP Request: HEAD https://huggingface.co/apple/mobilevit-small/resolve/refs%2Fpr%2F6/model.safetensors.index.json "HTTP/1.1 404 Not Found"
2026-08-01 20:55:07,329 | [FULL    ] | INFO | httpx | HTTP Request: HEAD https://huggingface.co/apple/mobilevit-small/resolve/refs%2Fpr%2F6/model.safetensors "HTTP/1.1 302 Found"
2026-08-01 20:55:17,109 | [FULL    ] | INFO | full_experiments_using.model_trainers.mobile_vit_trainer | Ep [001/500] T-Acc:  53.5%  V-Acc:  51.6%  V-AUROC: 0.5476  LR: 2.00e-04
2026-08-01 20:55:17,147 | [FULL    ] | INFO | full_experiments_using.model_trainers.mobile_vit_trainer |   ↳ new best AUROC; saved checkpoint: /home/oem/choihyunsu/VOGBasedMCIDetection/outputs/checkpoints/run_20260801_202901_full_wvote_artifact30_4err/fold_04_best.pth
2026-08-01 20:55:23,918 | [FULL    ] | INFO | full_experiments_using.model_trainers.mobile_vit_trainer | Ep [002/500] T-Acc:  52.0%  V-Acc:  51.5%  V-AUROC: 0.5523  LR: 4.00e-04
2026-08-01 20:55:24,014 | [FULL    ] | INFO | full_experiments_using.model_trainers.mobile_vit_trainer |   ↳ new best AUROC; saved checkpoint: /home/oem/choihyunsu/VOGBasedMCIDetection/outputs/checkpoints/run_20260801_202901_full_wvote_artifact30_4err/fold_04_best.pth
2026-08-01 20:55:31,347 | [FULL    ] | INFO | full_experiments_using.model_trainers.mobile_vit_trainer | Ep [003/500] T-Acc:  52.7%  V-Acc:  53.7%  V-AUROC: 0.5683  LR: 6.00e-04
2026-08-01 20:55:31,443 | [FULL    ] | INFO | full_experiments_using.model_trainers.mobile_vit_trainer |   ↳ new best AUROC; saved checkpoint: /home/oem/choihyunsu/VOGBasedMCIDetection/outputs/checkpoints/run_20260801_202901_full_wvote_artifact30_4err/fold_04_best.pth
2026-08-01 20:55:39,016 | [FULL    ] | INFO | full_experiments_using.model_trainers.mobile_vit_trainer | Ep [004/500] T-Acc:  52.5%  V-Acc:  54.0%  V-AUROC: 0.5820  LR: 8.00e-04
2026-08-01 20:55:39,132 | [FULL    ] | INFO | full_experiments_using.model_trainers.mobile_vit_trainer |   ↳ new best AUROC; saved checkpoint: /home/oem/choihyunsu/VOGBasedMCIDetection/outputs/checkpoints/run_20260801_202901_full_wvote_artifact30_4err/fold_04_best.pth
2026-08-01 20:55:46,859 | [FULL    ] | INFO | full_experiments_using.model_trainers.mobile_vit_trainer | Ep [005/500] T-Acc:  55.5%  V-Acc:  55.1%  V-AUROC: 0.5948  LR: 1.00e-03
2026-08-01 20:55:46,955 | [FULL    ] | INFO | full_experiments_using.model_trainers.mobile_vit_trainer |   ↳ new best AUROC; saved checkpoint: /home/oem/choihyunsu/VOGBasedMCIDetection/outputs/checkpoints/run_20260801_202901_full_wvote_artifact30_4err/fold_04_best.pth
2026-08-01 20:55:54,212 | [FULL    ] | INFO | full_experiments_using.model_trainers.mobile_vit_trainer | Ep [006/500] T-Acc:  53.9%  V-Acc:  55.7%  V-AUROC: 0.5925  LR: 1.00e-03
2026-08-01 20:56:01,764 | [FULL    ] | INFO | full_experiments_using.model_trainers.mobile_vit_trainer | Ep [007/500] T-Acc:  54.8%  V-Acc:  58.3%  V-AUROC: 0.6110  LR: 1.00e-03
2026-08-01 20:56:01,871 | [FULL    ] | INFO | full_experiments_using.model_trainers.mobile_vit_trainer |   ↳ new best AUROC; saved checkpoint: /home/oem/choihyunsu/VOGBasedMCIDetection/outputs/checkpoints/run_20260801_202901_full_wvote_artifact30_4err/fold_04_best.pth
2026-08-01 20:56:09,150 | [FULL    ] | INFO | full_experiments_using.model_trainers.mobile_vit_trainer | Ep [008/500] T-Acc:  54.4%  V-Acc:  53.4%  V-AUROC: 0.5857  LR: 1.00e-03
2026-08-01 20:56:16,489 | [FULL    ] | INFO | full_experiments_using.model_trainers.mobile_vit_trainer | Ep [009/500] T-Acc:  55.4%  V-Acc:  58.1%  V-AUROC: 0.6057  LR: 1.00e-03
2026-08-01 20:56:23,507 | [FULL    ] | INFO | full_experiments_using.model_trainers.mobile_vit_trainer | Ep [010/500] T-Acc:  55.6%  V-Acc:  58.1%  V-AUROC: 0.6097  LR: 1.00e-03
2026-08-01 20:56:31,117 | [FULL    ] | INFO | full_experiments_using.model_trainers.mobile_vit_trainer | Ep [011/500] T-Acc:  57.4%  V-Acc:  57.7%  V-AUROC: 0.6096  LR: 1.00e-03
2026-08-01 20:56:37,926 | [FULL    ] | INFO | full_experiments_using.model_trainers.mobile_vit_trainer | Ep [012/500] T-Acc:  56.9%  V-Acc:  59.3%  V-AUROC: 0.6133  LR: 1.00e-03
2026-08-01 20:56:38,043 | [FULL    ] | INFO | full_experiments_using.model_trainers.mobile_vit_trainer |   ↳ new best AUROC; saved checkpoint: /home/oem/choihyunsu/VOGBasedMCIDetection/outputs/checkpoints/run_20260801_202901_full_wvote_artifact30_4err/fold_04_best.pth
2026-08-01 20:56:45,614 | [FULL    ] | INFO | full_experiments_using.model_trainers.mobile_vit_trainer | Ep [013/500] T-Acc:  55.1%  V-Acc:  58.3%  V-AUROC: 0.6100  LR: 1.00e-03
2026-08-01 20:56:53,199 | [FULL    ] | INFO | full_experiments_using.model_trainers.mobile_vit_trainer | Ep [014/500] T-Acc:  56.8%  V-Acc:  58.4%  V-AUROC: 0.6152  LR: 1.00e-03
2026-08-01 20:56:53,308 | [FULL    ] | INFO | full_experiments_using.model_trainers.mobile_vit_trainer |   ↳ new best AUROC; saved checkpoint: /home/oem/choihyunsu/VOGBasedMCIDetection/outputs/checkpoints/run_20260801_202901_full_wvote_artifact30_4err/fold_04_best.pth
2026-08-01 20:57:00,969 | [FULL    ] | INFO | full_experiments_using.model_trainers.mobile_vit_trainer | Ep [015/500] T-Acc:  58.9%  V-Acc:  59.6%  V-AUROC: 0.6162  LR: 1.00e-03
2026-08-01 20:57:01,077 | [FULL    ] | INFO | full_experiments_using.model_trainers.mobile_vit_trainer |   ↳ new best AUROC; saved checkpoint: /home/oem/choihyunsu/VOGBasedMCIDetection/outputs/checkpoints/run_20260801_202901_full_wvote_artifact30_4err/fold_04_best.pth
2026-08-01 20:57:08,805 | [FULL    ] | INFO | full_experiments_using.model_trainers.mobile_vit_trainer | Ep [016/500] T-Acc:  57.9%  V-Acc:  60.5%  V-AUROC: 0.6290  LR: 1.00e-03
2026-08-01 20:57:08,863 | [FULL    ] | INFO | full_experiments_using.model_trainers.mobile_vit_trainer |   ↳ new best AUROC; saved checkpoint: /home/oem/choihyunsu/VOGBasedMCIDetection/outputs/checkpoints/run_20260801_202901_full_wvote_artifact30_4err/fold_04_best.pth
2026-08-01 20:57:16,010 | [FULL    ] | INFO | full_experiments_using.model_trainers.mobile_vit_trainer | Ep [017/500] T-Acc:  58.2%  V-Acc:  60.0%  V-AUROC: 0.6286  LR: 1.00e-03
2026-08-01 20:57:24,121 | [FULL    ] | INFO | full_experiments_using.model_trainers.mobile_vit_trainer | Ep [018/500] T-Acc:  59.3%  V-Acc:  60.1%  V-AUROC: 0.6273  LR: 1.00e-03
2026-08-01 20:57:31,568 | [FULL    ] | INFO | full_experiments_using.model_trainers.mobile_vit_trainer | Ep [019/500] T-Acc:  59.6%  V-Acc:  60.2%  V-AUROC: 0.6371  LR: 1.00e-03
2026-08-01 20:57:31,683 | [FULL    ] | INFO | full_experiments_using.model_trainers.mobile_vit_trainer |   ↳ new best AUROC; saved checkpoint: /home/oem/choihyunsu/VOGBasedMCIDetection/outputs/checkpoints/run_20260801_202901_full_wvote_artifact30_4err/fold_04_best.pth
2026-08-01 20:57:39,272 | [FULL    ] | INFO | full_experiments_using.model_trainers.mobile_vit_trainer | Ep [020/500] T-Acc:  57.8%  V-Acc:  60.7%  V-AUROC: 0.6394  LR: 1.00e-03
2026-08-01 20:57:39,387 | [FULL    ] | INFO | full_experiments_using.model_trainers.mobile_vit_trainer |   ↳ new best AUROC; saved checkpoint: /home/oem/choihyunsu/VOGBasedMCIDetection/outputs/checkpoints/run_20260801_202901_full_wvote_artifact30_4err/fold_04_best.pth
2026-08-01 20:57:46,985 | [FULL    ] | INFO | full_experiments_using.model_trainers.mobile_vit_trainer | Ep [021/500] T-Acc:  58.1%  V-Acc:  61.9%  V-AUROC: 0.6534  LR: 1.00e-03
2026-08-01 20:57:47,100 | [FULL    ] | INFO | full_experiments_using.model_trainers.mobile_vit_trainer |   ↳ new best AUROC; saved checkpoint: /home/oem/choihyunsu/VOGBasedMCIDetection/outputs/checkpoints/run_20260801_202901_full_wvote_artifact30_4err/fold_04_best.pth
2026-08-01 20:57:54,537 | [FULL    ] | INFO | full_experiments_using.model_trainers.mobile_vit_trainer | Ep [022/500] T-Acc:  57.8%  V-Acc:  61.8%  V-AUROC: 0.6494  LR: 1.00e-03
2026-08-01 20:58:01,986 | [FULL    ] | INFO | full_experiments_using.model_trainers.mobile_vit_trainer | Ep [023/500] T-Acc:  59.2%  V-Acc:  60.4%  V-AUROC: 0.6394  LR: 1.00e-03
2026-08-01 20:58:09,434 | [FULL    ] | INFO | full_experiments_using.model_trainers.mobile_vit_trainer | Ep [024/500] T-Acc:  59.1%  V-Acc:  61.8%  V-AUROC: 0.6374  LR: 1.00e-03
2026-08-01 20:58:16,887 | [FULL    ] | INFO | full_experiments_using.model_trainers.mobile_vit_trainer | Ep [025/500] T-Acc:  59.6%  V-Acc:  61.3%  V-AUROC: 0.6398  LR: 1.00e-03
2026-08-01 20:58:24,170 | [FULL    ] | INFO | full_experiments_using.model_trainers.mobile_vit_trainer | Ep [026/500] T-Acc:  59.6%  V-Acc:  61.7%  V-AUROC: 0.6496  LR: 1.00e-03
2026-08-01 20:58:31,142 | [FULL    ] | INFO | full_experiments_using.model_trainers.mobile_vit_trainer | Ep [027/500] T-Acc:  59.5%  V-Acc:  61.2%  V-AUROC: 0.6502  LR: 1.00e-03
2026-08-01 20:58:38,018 | [FULL    ] | INFO | full_experiments_using.model_trainers.mobile_vit_trainer | Ep [028/500] T-Acc:  59.6%  V-Acc:  60.8%  V-AUROC: 0.6523  LR: 1.00e-03
2026-08-01 20:58:45,406 | [FULL    ] | INFO | full_experiments_using.model_trainers.mobile_vit_trainer | Ep [029/500] T-Acc:  60.6%  V-Acc:  60.5%  V-AUROC: 0.6439  LR: 1.00e-03
2026-08-01 20:58:53,034 | [FULL    ] | INFO | full_experiments_using.model_trainers.mobile_vit_trainer | Ep [030/500] T-Acc:  60.5%  V-Acc:  61.4%  V-AUROC: 0.6478  LR: 1.00e-03
2026-08-01 20:59:00,712 | [FULL    ] | INFO | full_experiments_using.model_trainers.mobile_vit_trainer | Ep [031/500] T-Acc:  60.2%  V-Acc:  62.2%  V-AUROC: 0.6463  LR: 1.00e-03
2026-08-01 20:59:08,486 | [FULL    ] | INFO | full_experiments_using.model_trainers.mobile_vit_trainer | Ep [032/500] T-Acc:  60.9%  V-Acc:  60.7%  V-AUROC: 0.6427  LR: 1.00e-03
2026-08-01 20:59:16,979 | [FULL    ] | INFO | full_experiments_using.model_trainers.mobile_vit_trainer | Ep [033/500] T-Acc:  61.3%  V-Acc:  61.0%  V-AUROC: 0.6388  LR: 2.00e-04
2026-08-01 20:59:29,968 | [FULL    ] | INFO | full_experiments_using.model_trainers.mobile_vit_trainer | Ep [034/500] T-Acc:  61.0%  V-Acc:  60.8%  V-AUROC: 0.6415  LR: 2.00e-04
2026-08-01 20:59:41,478 | [FULL    ] | INFO | full_experiments_using.model_trainers.mobile_vit_trainer | Ep [035/500] T-Acc:  61.2%  V-Acc:  60.5%  V-AUROC: 0.6463  LR: 2.00e-04
2026-08-01 20:59:52,902 | [FULL    ] | INFO | full_experiments_using.model_trainers.mobile_vit_trainer | Ep [036/500] T-Acc:  60.1%  V-Acc:  61.4%  V-AUROC: 0.6474  LR: 2.00e-04
2026-08-01 21:00:07,019 | [FULL    ] | INFO | full_experiments_using.model_trainers.mobile_vit_trainer | Ep [037/500] T-Acc:  60.6%  V-Acc:  61.3%  V-AUROC: 0.6479  LR: 2.00e-04
2026-08-01 21:00:20,861 | [FULL    ] | INFO | full_experiments_using.model_trainers.mobile_vit_trainer | Ep [038/500] T-Acc:  61.5%  V-Acc:  61.4%  V-AUROC: 0.6480  LR: 2.00e-04
2026-08-01 21:00:34,831 | [FULL    ] | INFO | full_experiments_using.model_trainers.mobile_vit_trainer | Ep [039/500] T-Acc:  61.4%  V-Acc:  62.0%  V-AUROC: 0.6503  LR: 2.00e-04
2026-08-01 21:00:48,682 | [FULL    ] | INFO | full_experiments_using.model_trainers.mobile_vit_trainer | Ep [040/500] T-Acc:  60.9%  V-Acc:  61.2%  V-AUROC: 0.6494  LR: 2.00e-04
2026-08-01 21:01:02,709 | [FULL    ] | INFO | full_experiments_using.model_trainers.mobile_vit_trainer | Ep [041/500] T-Acc:  61.0%  V-Acc:  61.6%  V-AUROC: 0.6492  LR: 2.00e-04
2026-08-01 21:01:15,961 | [FULL    ] | INFO | full_experiments_using.model_trainers.mobile_vit_trainer | Ep [042/500] T-Acc:  61.0%  V-Acc:  60.6%  V-AUROC: 0.6506  LR: 2.00e-04
2026-08-01 21:01:29,911 | [FULL    ] | INFO | full_experiments_using.model_trainers.mobile_vit_trainer | Ep [043/500] T-Acc:  61.7%  V-Acc:  61.6%  V-AUROC: 0.6497  LR: 2.00e-04
2026-08-01 21:01:43,720 | [FULL    ] | INFO | full_experiments_using.model_trainers.mobile_vit_trainer | Ep [044/500] T-Acc:  61.4%  V-Acc:  61.0%  V-AUROC: 0.6485  LR: 4.00e-05
2026-08-01 21:01:57,627 | [FULL    ] | INFO | full_experiments_using.model_trainers.mobile_vit_trainer | Ep [045/500] T-Acc:  61.1%  V-Acc:  61.3%  V-AUROC: 0.6499  LR: 4.00e-05
2026-08-01 21:02:11,460 | [FULL    ] | INFO | full_experiments_using.model_trainers.mobile_vit_trainer | Ep [046/500] T-Acc:  60.7%  V-Acc:  61.6%  V-AUROC: 0.6500  LR: 4.00e-05
2026-08-01 21:02:25,288 | [FULL    ] | INFO | full_experiments_using.model_trainers.mobile_vit_trainer | Ep [047/500] T-Acc:  61.1%  V-Acc:  60.7%  V-AUROC: 0.6494  LR: 4.00e-05
2026-08-01 21:02:39,292 | [FULL    ] | INFO | full_experiments_using.model_trainers.mobile_vit_trainer | Ep [048/500] T-Acc:  61.0%  V-Acc:  60.9%  V-AUROC: 0.6501  LR: 4.00e-05
2026-08-01 21:02:53,171 | [FULL    ] | INFO | full_experiments_using.model_trainers.mobile_vit_trainer | Ep [049/500] T-Acc:  62.4%  V-Acc:  60.8%  V-AUROC: 0.6494  LR: 4.00e-05
2026-08-01 21:03:07,168 | [FULL    ] | INFO | full_experiments_using.model_trainers.mobile_vit_trainer | Ep [050/500] T-Acc:  61.5%  V-Acc:  61.7%  V-AUROC: 0.6505  LR: 4.00e-05
2026-08-01 21:03:21,095 | [FULL    ] | INFO | full_experiments_using.model_trainers.mobile_vit_trainer | Ep [051/500] T-Acc:  62.3%  V-Acc:  61.6%  V-AUROC: 0.6523  LR: 4.00e-05
2026-08-01 21:03:21,095 | [FULL    ] | INFO | full_experiments_using.model_trainers.mobile_vit_trainer | Early stop — best AUROC 0.6534 at epoch 21 (no improvement for 30 epochs)
2026-08-01 21:03:21,095 | [FULL    ] | INFO | full_experiments_using.model_trainers.mobile_vit_trainer | Done. Best AUROC: 0.6534 (epoch 21) → /home/oem/choihyunsu/VOGBasedMCIDetection/outputs/checkpoints/run_20260801_202901_full_wvote_artifact30_4err/fold_04_best.pth
2026-08-01 21:03:25,735 | [FULL    ] | INFO | full_experiments_using.evaluators.monte_carlo_evaluator | -> Fold 05 Result | Acc=0.909 Sens=1.000 Spec=0.800 AUROC=1.000
2026-08-01 21:03:25,739 | [FULL    ] | INFO | full_experiments_using.evaluators.monte_carlo_evaluator | === Fold 06/30 | train: 25 subj (HC=10 MCI=15) / 3940 win | test: 12 subj (HC=4 MCI=8) / 1775 win ===
2026-08-01 21:03:25,971 | [FULL    ] | INFO | httpx | HTTP Request: HEAD https://huggingface.co/apple/mobilevit-small/resolve/main/config.json "HTTP/1.1 307 Temporary Redirect"
2026-08-01 21:03:25,983 | [FULL    ] | INFO | httpx | HTTP Request: HEAD https://huggingface.co/api/resolve-cache/models/apple/mobilevit-small/6c8612545dc98676d27bc518fa521d9e9af23e34/config.json "HTTP/1.1 200 OK"
2026-08-01 21:03:26,226 | [FULL    ] | INFO | httpx | HTTP Request: HEAD https://huggingface.co/apple/mobilevit-small/resolve/main/model.safetensors "HTTP/1.1 404 Not Found"
2026-08-01 21:03:26,432 | [FULL    ] | INFO | httpx | HTTP Request: HEAD https://huggingface.co/apple/mobilevit-small/resolve/main/model.safetensors.index.json "HTTP/1.1 404 Not Found"
2026-08-01 21:03:26,641 | [FULL    ] | INFO | httpx | HTTP Request: HEAD https://huggingface.co/apple/mobilevit-small/resolve/main/pytorch_model.bin "HTTP/1.1 302 Found"
2026-08-01 21:03:26,842 | [FULL    ] | INFO | httpx | HTTP Request: HEAD https://huggingface.co/apple/mobilevit-small/resolve/main/model.safetensors "HTTP/1.1 404 Not Found"
2026-08-01 21:03:27,053 | [FULL    ] | INFO | httpx | HTTP Request: GET https://huggingface.co/api/models/apple/mobilevit-small "HTTP/1.1 200 OK"
2026-08-01 21:03:27,287 | [FULL    ] | INFO | httpx | HTTP Request: GET https://huggingface.co/api/models/apple/mobilevit-small/commits/main "HTTP/1.1 200 OK"
2026-08-01 21:03:27,383 | [FULL    ] | INFO | full_experiments_using.model_trainers.mobile_vit_trainer | Device: cuda | max_epochs=500 | batch=32 | eval_batch=256 | es_patience=30
2026-08-01 21:03:27,389 | [FULL    ] | INFO | full_experiments_using.model_trainers.mobile_vit_trainer | CE weights — HC: 1.072  MCI: 0.937
2026-08-01 21:03:27,502 | [FULL    ] | INFO | httpx | HTTP Request: GET https://huggingface.co/api/models/apple/mobilevit-small/discussions?p=0 "HTTP/1.1 200 OK"
2026-08-01 21:03:27,716 | [FULL    ] | INFO | httpx | HTTP Request: GET https://huggingface.co/api/models/apple/mobilevit-small/commits/refs%2Fpr%2F6 "HTTP/1.1 200 OK"
2026-08-01 21:03:27,930 | [FULL    ] | INFO | httpx | HTTP Request: HEAD https://huggingface.co/apple/mobilevit-small/resolve/refs%2Fpr%2F6/model.safetensors.index.json "HTTP/1.1 404 Not Found"
2026-08-01 21:03:28,141 | [FULL    ] | INFO | httpx | HTTP Request: HEAD https://huggingface.co/apple/mobilevit-small/resolve/refs%2Fpr%2F6/model.safetensors "HTTP/1.1 302 Found"
2026-08-01 21:03:51,823 | [FULL    ] | INFO | full_experiments_using.model_trainers.mobile_vit_trainer | Ep [001/500] T-Acc:  48.6%  V-Acc:  42.0%  V-AUROC: 0.5215  LR: 2.00e-04
2026-08-01 21:03:51,866 | [FULL    ] | INFO | full_experiments_using.model_trainers.mobile_vit_trainer |   ↳ new best AUROC; saved checkpoint: /home/oem/choihyunsu/VOGBasedMCIDetection/outputs/checkpoints/run_20260801_202901_full_wvote_artifact30_4err/fold_05_best.pth
2026-08-01 21:04:06,126 | [FULL    ] | INFO | full_experiments_using.model_trainers.mobile_vit_trainer | Ep [002/500] T-Acc:  48.6%  V-Acc:  44.1%  V-AUROC: 0.5299  LR: 4.00e-04
2026-08-01 21:04:06,241 | [FULL    ] | INFO | full_experiments_using.model_trainers.mobile_vit_trainer |   ↳ new best AUROC; saved checkpoint: /home/oem/choihyunsu/VOGBasedMCIDetection/outputs/checkpoints/run_20260801_202901_full_wvote_artifact30_4err/fold_05_best.pth
2026-08-01 21:04:20,556 | [FULL    ] | INFO | full_experiments_using.model_trainers.mobile_vit_trainer | Ep [003/500] T-Acc:  50.3%  V-Acc:  47.3%  V-AUROC: 0.5471  LR: 6.00e-04
2026-08-01 21:04:20,670 | [FULL    ] | INFO | full_experiments_using.model_trainers.mobile_vit_trainer |   ↳ new best AUROC; saved checkpoint: /home/oem/choihyunsu/VOGBasedMCIDetection/outputs/checkpoints/run_20260801_202901_full_wvote_artifact30_4err/fold_05_best.pth
2026-08-01 21:04:34,946 | [FULL    ] | INFO | full_experiments_using.model_trainers.mobile_vit_trainer | Ep [004/500] T-Acc:  50.3%  V-Acc:  50.0%  V-AUROC: 0.5517  LR: 8.00e-04
2026-08-01 21:04:35,043 | [FULL    ] | INFO | full_experiments_using.model_trainers.mobile_vit_trainer |   ↳ new best AUROC; saved checkpoint: /home/oem/choihyunsu/VOGBasedMCIDetection/outputs/checkpoints/run_20260801_202901_full_wvote_artifact30_4err/fold_05_best.pth
2026-08-01 21:04:49,342 | [FULL    ] | INFO | full_experiments_using.model_trainers.mobile_vit_trainer | Ep [005/500] T-Acc:  51.1%  V-Acc:  53.0%  V-AUROC: 0.5506  LR: 1.00e-03
2026-08-01 21:05:03,616 | [FULL    ] | INFO | full_experiments_using.model_trainers.mobile_vit_trainer | Ep [006/500] T-Acc:  51.0%  V-Acc:  55.7%  V-AUROC: 0.5815  LR: 1.00e-03
2026-08-01 21:05:03,716 | [FULL    ] | INFO | full_experiments_using.model_trainers.mobile_vit_trainer |   ↳ new best AUROC; saved checkpoint: /home/oem/choihyunsu/VOGBasedMCIDetection/outputs/checkpoints/run_20260801_202901_full_wvote_artifact30_4err/fold_05_best.pth
2026-08-01 21:05:17,915 | [FULL    ] | INFO | full_experiments_using.model_trainers.mobile_vit_trainer | Ep [007/500] T-Acc:  52.5%  V-Acc:  55.1%  V-AUROC: 0.5822  LR: 1.00e-03
2026-08-01 21:05:18,026 | [FULL    ] | INFO | full_experiments_using.model_trainers.mobile_vit_trainer |   ↳ new best AUROC; saved checkpoint: /home/oem/choihyunsu/VOGBasedMCIDetection/outputs/checkpoints/run_20260801_202901_full_wvote_artifact30_4err/fold_05_best.pth
2026-08-01 21:05:32,278 | [FULL    ] | INFO | full_experiments_using.model_trainers.mobile_vit_trainer | Ep [008/500] T-Acc:  53.7%  V-Acc:  54.9%  V-AUROC: 0.5656  LR: 1.00e-03
2026-08-01 21:05:46,521 | [FULL    ] | INFO | full_experiments_using.model_trainers.mobile_vit_trainer | Ep [009/500] T-Acc:  53.4%  V-Acc:  55.9%  V-AUROC: 0.5826  LR: 1.00e-03
2026-08-01 21:05:46,594 | [FULL    ] | INFO | full_experiments_using.model_trainers.mobile_vit_trainer |   ↳ new best AUROC; saved checkpoint: /home/oem/choihyunsu/VOGBasedMCIDetection/outputs/checkpoints/run_20260801_202901_full_wvote_artifact30_4err/fold_05_best.pth
2026-08-01 21:06:00,812 | [FULL    ] | INFO | full_experiments_using.model_trainers.mobile_vit_trainer | Ep [010/500] T-Acc:  56.0%  V-Acc:  59.0%  V-AUROC: 0.5937  LR: 1.00e-03
2026-08-01 21:06:00,927 | [FULL    ] | INFO | full_experiments_using.model_trainers.mobile_vit_trainer |   ↳ new best AUROC; saved checkpoint: /home/oem/choihyunsu/VOGBasedMCIDetection/outputs/checkpoints/run_20260801_202901_full_wvote_artifact30_4err/fold_05_best.pth
2026-08-01 21:06:15,368 | [FULL    ] | INFO | full_experiments_using.model_trainers.mobile_vit_trainer | Ep [011/500] T-Acc:  55.1%  V-Acc:  56.1%  V-AUROC: 0.5895  LR: 1.00e-03
2026-08-01 21:06:29,650 | [FULL    ] | INFO | full_experiments_using.model_trainers.mobile_vit_trainer | Ep [012/500] T-Acc:  55.1%  V-Acc:  58.3%  V-AUROC: 0.5919  LR: 1.00e-03
2026-08-01 21:06:43,943 | [FULL    ] | INFO | full_experiments_using.model_trainers.mobile_vit_trainer | Ep [013/500] T-Acc:  56.0%  V-Acc:  56.9%  V-AUROC: 0.5780  LR: 1.00e-03
2026-08-01 21:06:58,229 | [FULL    ] | INFO | full_experiments_using.model_trainers.mobile_vit_trainer | Ep [014/500] T-Acc:  57.1%  V-Acc:  57.3%  V-AUROC: 0.5803  LR: 1.00e-03
2026-08-01 21:07:12,526 | [FULL    ] | INFO | full_experiments_using.model_trainers.mobile_vit_trainer | Ep [015/500] T-Acc:  56.8%  V-Acc:  58.1%  V-AUROC: 0.5750  LR: 1.00e-03
2026-08-01 21:07:26,835 | [FULL    ] | INFO | full_experiments_using.model_trainers.mobile_vit_trainer | Ep [016/500] T-Acc:  56.5%  V-Acc:  57.2%  V-AUROC: 0.6053  LR: 1.00e-03
2026-08-01 21:07:26,946 | [FULL    ] | INFO | full_experiments_using.model_trainers.mobile_vit_trainer |   ↳ new best AUROC; saved checkpoint: /home/oem/choihyunsu/VOGBasedMCIDetection/outputs/checkpoints/run_20260801_202901_full_wvote_artifact30_4err/fold_05_best.pth
2026-08-01 21:07:41,248 | [FULL    ] | INFO | full_experiments_using.model_trainers.mobile_vit_trainer | Ep [017/500] T-Acc:  57.7%  V-Acc:  57.4%  V-AUROC: 0.5783  LR: 1.00e-03
2026-08-01 21:07:55,762 | [FULL    ] | INFO | full_experiments_using.model_trainers.mobile_vit_trainer | Ep [018/500] T-Acc:  58.3%  V-Acc:  58.8%  V-AUROC: 0.6114  LR: 1.00e-03
2026-08-01 21:07:55,870 | [FULL    ] | INFO | full_experiments_using.model_trainers.mobile_vit_trainer |   ↳ new best AUROC; saved checkpoint: /home/oem/choihyunsu/VOGBasedMCIDetection/outputs/checkpoints/run_20260801_202901_full_wvote_artifact30_4err/fold_05_best.pth
2026-08-01 21:08:10,113 | [FULL    ] | INFO | full_experiments_using.model_trainers.mobile_vit_trainer | Ep [019/500] T-Acc:  57.3%  V-Acc:  57.7%  V-AUROC: 0.5819  LR: 1.00e-03
2026-08-01 21:08:24,599 | [FULL    ] | INFO | full_experiments_using.model_trainers.mobile_vit_trainer | Ep [020/500] T-Acc:  58.7%  V-Acc:  58.3%  V-AUROC: 0.5838  LR: 1.00e-03
2026-08-01 21:08:38,828 | [FULL    ] | INFO | full_experiments_using.model_trainers.mobile_vit_trainer | Ep [021/500] T-Acc:  58.8%  V-Acc:  58.9%  V-AUROC: 0.5944  LR: 1.00e-03
2026-08-01 21:08:53,242 | [FULL    ] | INFO | full_experiments_using.model_trainers.mobile_vit_trainer | Ep [022/500] T-Acc:  59.9%  V-Acc:  59.9%  V-AUROC: 0.5970  LR: 1.00e-03
2026-08-01 21:09:07,702 | [FULL    ] | INFO | full_experiments_using.model_trainers.mobile_vit_trainer | Ep [023/500] T-Acc:  58.7%  V-Acc:  59.6%  V-AUROC: 0.5924  LR: 1.00e-03
2026-08-01 21:09:21,984 | [FULL    ] | INFO | full_experiments_using.model_trainers.mobile_vit_trainer | Ep [024/500] T-Acc:  60.3%  V-Acc:  59.3%  V-AUROC: 0.5952  LR: 1.00e-03
2026-08-01 21:09:36,301 | [FULL    ] | INFO | full_experiments_using.model_trainers.mobile_vit_trainer | Ep [025/500] T-Acc:  59.0%  V-Acc:  58.5%  V-AUROC: 0.5874  LR: 1.00e-03
2026-08-01 21:09:50,600 | [FULL    ] | INFO | full_experiments_using.model_trainers.mobile_vit_trainer | Ep [026/500] T-Acc:  61.5%  V-Acc:  58.8%  V-AUROC: 0.5968  LR: 1.00e-03
2026-08-01 21:10:05,022 | [FULL    ] | INFO | full_experiments_using.model_trainers.mobile_vit_trainer | Ep [027/500] T-Acc:  60.3%  V-Acc:  58.5%  V-AUROC: 0.5938  LR: 1.00e-03
2026-08-01 21:10:19,327 | [FULL    ] | INFO | full_experiments_using.model_trainers.mobile_vit_trainer | Ep [028/500] T-Acc:  60.4%  V-Acc:  58.1%  V-AUROC: 0.5992  LR: 1.00e-03
2026-08-01 21:10:33,796 | [FULL    ] | INFO | full_experiments_using.model_trainers.mobile_vit_trainer | Ep [029/500] T-Acc:  60.8%  V-Acc:  58.3%  V-AUROC: 0.5779  LR: 1.00e-03
2026-08-01 21:10:48,080 | [FULL    ] | INFO | full_experiments_using.model_trainers.mobile_vit_trainer | Ep [030/500] T-Acc:  60.7%  V-Acc:  58.6%  V-AUROC: 0.5852  LR: 2.00e-04
2026-08-01 21:11:02,356 | [FULL    ] | INFO | full_experiments_using.model_trainers.mobile_vit_trainer | Ep [031/500] T-Acc:  61.2%  V-Acc:  59.9%  V-AUROC: 0.5856  LR: 2.00e-04
2026-08-01 21:11:16,656 | [FULL    ] | INFO | full_experiments_using.model_trainers.mobile_vit_trainer | Ep [032/500] T-Acc:  60.6%  V-Acc:  59.1%  V-AUROC: 0.5902  LR: 2.00e-04
2026-08-01 21:11:30,936 | [FULL    ] | INFO | full_experiments_using.model_trainers.mobile_vit_trainer | Ep [033/500] T-Acc:  62.2%  V-Acc:  59.8%  V-AUROC: 0.5889  LR: 2.00e-04
2026-08-01 21:11:45,200 | [FULL    ] | INFO | full_experiments_using.model_trainers.mobile_vit_trainer | Ep [034/500] T-Acc:  60.6%  V-Acc:  58.6%  V-AUROC: 0.5874  LR: 2.00e-04
2026-08-01 21:11:59,571 | [FULL    ] | INFO | full_experiments_using.model_trainers.mobile_vit_trainer | Ep [035/500] T-Acc:  61.4%  V-Acc:  59.4%  V-AUROC: 0.5903  LR: 2.00e-04
2026-08-01 21:12:13,870 | [FULL    ] | INFO | full_experiments_using.model_trainers.mobile_vit_trainer | Ep [036/500] T-Acc:  61.4%  V-Acc:  58.6%  V-AUROC: 0.5898  LR: 2.00e-04
2026-08-01 21:12:28,152 | [FULL    ] | INFO | full_experiments_using.model_trainers.mobile_vit_trainer | Ep [037/500] T-Acc:  61.9%  V-Acc:  59.4%  V-AUROC: 0.5910  LR: 2.00e-04
2026-08-01 21:12:42,448 | [FULL    ] | INFO | full_experiments_using.model_trainers.mobile_vit_trainer | Ep [038/500] T-Acc:  60.5%  V-Acc:  59.9%  V-AUROC: 0.5931  LR: 2.00e-04
2026-08-01 21:12:56,097 | [FULL    ] | INFO | full_experiments_using.model_trainers.mobile_vit_trainer | Ep [039/500] T-Acc:  60.4%  V-Acc:  59.5%  V-AUROC: 0.5924  LR: 2.00e-04
2026-08-01 21:13:09,140 | [FULL    ] | INFO | full_experiments_using.model_trainers.mobile_vit_trainer | Ep [040/500] T-Acc:  60.5%  V-Acc:  59.0%  V-AUROC: 0.5925  LR: 2.00e-04
2026-08-01 21:13:20,670 | [FULL    ] | INFO | full_experiments_using.model_trainers.mobile_vit_trainer | Ep [041/500] T-Acc:  60.7%  V-Acc:  59.6%  V-AUROC: 0.5941  LR: 4.00e-05
2026-08-01 21:13:35,001 | [FULL    ] | INFO | full_experiments_using.model_trainers.mobile_vit_trainer | Ep [042/500] T-Acc:  60.6%  V-Acc:  58.9%  V-AUROC: 0.5915  LR: 4.00e-05
2026-08-01 21:13:49,641 | [FULL    ] | INFO | full_experiments_using.model_trainers.mobile_vit_trainer | Ep [043/500] T-Acc:  60.6%  V-Acc:  59.7%  V-AUROC: 0.5935  LR: 4.00e-05
2026-08-01 21:14:03,999 | [FULL    ] | INFO | full_experiments_using.model_trainers.mobile_vit_trainer | Ep [044/500] T-Acc:  60.7%  V-Acc:  59.0%  V-AUROC: 0.5931  LR: 4.00e-05
2026-08-01 21:14:18,176 | [FULL    ] | INFO | full_experiments_using.model_trainers.mobile_vit_trainer | Ep [045/500] T-Acc:  61.8%  V-Acc:  59.4%  V-AUROC: 0.5919  LR: 4.00e-05
2026-08-01 21:14:32,472 | [FULL    ] | INFO | full_experiments_using.model_trainers.mobile_vit_trainer | Ep [046/500] T-Acc:  60.5%  V-Acc:  59.4%  V-AUROC: 0.5926  LR: 4.00e-05
2026-08-01 21:14:46,947 | [FULL    ] | INFO | full_experiments_using.model_trainers.mobile_vit_trainer | Ep [047/500] T-Acc:  61.0%  V-Acc:  59.9%  V-AUROC: 0.5933  LR: 4.00e-05
2026-08-01 21:15:01,518 | [FULL    ] | INFO | full_experiments_using.model_trainers.mobile_vit_trainer | Ep [048/500] T-Acc:  60.5%  V-Acc:  59.4%  V-AUROC: 0.5924  LR: 4.00e-05
2026-08-01 21:15:01,518 | [FULL    ] | INFO | full_experiments_using.model_trainers.mobile_vit_trainer | Early stop — best AUROC 0.6114 at epoch 18 (no improvement for 30 epochs)
2026-08-01 21:15:01,518 | [FULL    ] | INFO | full_experiments_using.model_trainers.mobile_vit_trainer | Done. Best AUROC: 0.6114 (epoch 18) → /home/oem/choihyunsu/VOGBasedMCIDetection/outputs/checkpoints/run_20260801_202901_full_wvote_artifact30_4err/fold_05_best.pth
2026-08-01 21:15:06,480 | [FULL    ] | INFO | full_experiments_using.evaluators.monte_carlo_evaluator | -> Fold 06 Result | Acc=0.900 Sens=1.000 Spec=0.667 AUROC=0.952
2026-08-01 21:15:06,484 | [FULL    ] | INFO | full_experiments_using.evaluators.monte_carlo_evaluator | === Fold 07/30 | train: 25 subj (HC=8 MCI=17) / 3947 win | test: 12 subj (HC=6 MCI=6) / 1768 win ===
2026-08-01 21:15:06,744 | [FULL    ] | INFO | httpx | HTTP Request: HEAD https://huggingface.co/apple/mobilevit-small/resolve/main/config.json "HTTP/1.1 307 Temporary Redirect"
2026-08-01 21:15:06,756 | [FULL    ] | INFO | httpx | HTTP Request: HEAD https://huggingface.co/api/resolve-cache/models/apple/mobilevit-small/6c8612545dc98676d27bc518fa521d9e9af23e34/config.json "HTTP/1.1 200 OK"
2026-08-01 21:15:06,990 | [FULL    ] | INFO | httpx | HTTP Request: HEAD https://huggingface.co/apple/mobilevit-small/resolve/main/model.safetensors "HTTP/1.1 404 Not Found"
2026-08-01 21:15:07,194 | [FULL    ] | INFO | httpx | HTTP Request: HEAD https://huggingface.co/apple/mobilevit-small/resolve/main/model.safetensors.index.json "HTTP/1.1 404 Not Found"
2026-08-01 21:15:07,413 | [FULL    ] | INFO | httpx | HTTP Request: HEAD https://huggingface.co/apple/mobilevit-small/resolve/main/pytorch_model.bin "HTTP/1.1 302 Found"
2026-08-01 21:15:07,610 | [FULL    ] | INFO | httpx | HTTP Request: HEAD https://huggingface.co/apple/mobilevit-small/resolve/main/model.safetensors "HTTP/1.1 404 Not Found"
2026-08-01 21:15:07,830 | [FULL    ] | INFO | httpx | HTTP Request: GET https://huggingface.co/api/models/apple/mobilevit-small "HTTP/1.1 200 OK"
2026-08-01 21:15:07,856 | [FULL    ] | INFO | full_experiments_using.model_trainers.mobile_vit_trainer | Device: cuda | max_epochs=500 | batch=32 | eval_batch=256 | es_patience=30
2026-08-01 21:15:07,860 | [FULL    ] | INFO | full_experiments_using.model_trainers.mobile_vit_trainer | CE weights — HC: 1.327  MCI: 0.802
2026-08-01 21:15:08,055 | [FULL    ] | INFO | httpx | HTTP Request: GET https://huggingface.co/api/models/apple/mobilevit-small/commits/main "HTTP/1.1 200 OK"
2026-08-01 21:15:08,274 | [FULL    ] | INFO | httpx | HTTP Request: GET https://huggingface.co/api/models/apple/mobilevit-small/discussions?p=0 "HTTP/1.1 200 OK"
2026-08-01 21:15:08,497 | [FULL    ] | INFO | httpx | HTTP Request: GET https://huggingface.co/api/models/apple/mobilevit-small/commits/refs%2Fpr%2F6 "HTTP/1.1 200 OK"
2026-08-01 21:15:08,706 | [FULL    ] | INFO | httpx | HTTP Request: HEAD https://huggingface.co/apple/mobilevit-small/resolve/refs%2Fpr%2F6/model.safetensors.index.json "HTTP/1.1 404 Not Found"
2026-08-01 21:15:08,927 | [FULL    ] | INFO | httpx | HTTP Request: HEAD https://huggingface.co/apple/mobilevit-small/resolve/refs%2Fpr%2F6/model.safetensors "HTTP/1.1 302 Found"
2026-08-01 21:15:32,350 | [FULL    ] | INFO | full_experiments_using.model_trainers.mobile_vit_trainer | Ep [001/500] T-Acc:  52.0%  V-Acc:  53.6%  V-AUROC: 0.5166  LR: 2.00e-04
2026-08-01 21:15:32,419 | [FULL    ] | INFO | full_experiments_using.model_trainers.mobile_vit_trainer |   ↳ new best AUROC; saved checkpoint: /home/oem/choihyunsu/VOGBasedMCIDetection/outputs/checkpoints/run_20260801_202901_full_wvote_artifact30_4err/fold_06_best.pth
2026-08-01 21:15:46,634 | [FULL    ] | INFO | full_experiments_using.model_trainers.mobile_vit_trainer | Ep [002/500] T-Acc:  51.7%  V-Acc:  53.4%  V-AUROC: 0.5161  LR: 4.00e-04
2026-08-01 21:16:00,792 | [FULL    ] | INFO | full_experiments_using.model_trainers.mobile_vit_trainer | Ep [003/500] T-Acc:  52.8%  V-Acc:  52.7%  V-AUROC: 0.5249  LR: 6.00e-04
2026-08-01 21:16:00,876 | [FULL    ] | INFO | full_experiments_using.model_trainers.mobile_vit_trainer |   ↳ new best AUROC; saved checkpoint: /home/oem/choihyunsu/VOGBasedMCIDetection/outputs/checkpoints/run_20260801_202901_full_wvote_artifact30_4err/fold_06_best.pth
2026-08-01 21:16:15,136 | [FULL    ] | INFO | full_experiments_using.model_trainers.mobile_vit_trainer | Ep [004/500] T-Acc:  54.7%  V-Acc:  52.5%  V-AUROC: 0.5213  LR: 8.00e-04
2026-08-01 21:16:29,641 | [FULL    ] | INFO | full_experiments_using.model_trainers.mobile_vit_trainer | Ep [005/500] T-Acc:  53.7%  V-Acc:  53.2%  V-AUROC: 0.5360  LR: 1.00e-03
2026-08-01 21:16:29,749 | [FULL    ] | INFO | full_experiments_using.model_trainers.mobile_vit_trainer |   ↳ new best AUROC; saved checkpoint: /home/oem/choihyunsu/VOGBasedMCIDetection/outputs/checkpoints/run_20260801_202901_full_wvote_artifact30_4err/fold_06_best.pth
2026-08-01 21:16:44,080 | [FULL    ] | INFO | full_experiments_using.model_trainers.mobile_vit_trainer | Ep [006/500] T-Acc:  55.5%  V-Acc:  53.5%  V-AUROC: 0.5296  LR: 1.00e-03
2026-08-01 21:16:58,383 | [FULL    ] | INFO | full_experiments_using.model_trainers.mobile_vit_trainer | Ep [007/500] T-Acc:  55.9%  V-Acc:  51.6%  V-AUROC: 0.5255  LR: 1.00e-03
2026-08-01 21:17:12,610 | [FULL    ] | INFO | full_experiments_using.model_trainers.mobile_vit_trainer | Ep [008/500] T-Acc:  57.7%  V-Acc:  51.9%  V-AUROC: 0.5231  LR: 1.00e-03
2026-08-01 21:17:26,949 | [FULL    ] | INFO | full_experiments_using.model_trainers.mobile_vit_trainer | Ep [009/500] T-Acc:  57.2%  V-Acc:  53.7%  V-AUROC: 0.5337  LR: 1.00e-03
2026-08-01 21:17:41,465 | [FULL    ] | INFO | full_experiments_using.model_trainers.mobile_vit_trainer | Ep [010/500] T-Acc:  58.0%  V-Acc:  53.7%  V-AUROC: 0.5247  LR: 1.00e-03
2026-08-01 21:17:55,801 | [FULL    ] | INFO | full_experiments_using.model_trainers.mobile_vit_trainer | Ep [011/500] T-Acc:  57.6%  V-Acc:  54.0%  V-AUROC: 0.5362  LR: 1.00e-03
2026-08-01 21:17:55,901 | [FULL    ] | INFO | full_experiments_using.model_trainers.mobile_vit_trainer |   ↳ new best AUROC; saved checkpoint: /home/oem/choihyunsu/VOGBasedMCIDetection/outputs/checkpoints/run_20260801_202901_full_wvote_artifact30_4err/fold_06_best.pth
2026-08-01 21:18:10,215 | [FULL    ] | INFO | full_experiments_using.model_trainers.mobile_vit_trainer | Ep [012/500] T-Acc:  59.0%  V-Acc:  52.0%  V-AUROC: 0.5154  LR: 1.00e-03
2026-08-01 21:18:24,419 | [FULL    ] | INFO | full_experiments_using.model_trainers.mobile_vit_trainer | Ep [013/500] T-Acc:  59.1%  V-Acc:  54.4%  V-AUROC: 0.5294  LR: 1.00e-03
2026-08-01 21:18:38,711 | [FULL    ] | INFO | full_experiments_using.model_trainers.mobile_vit_trainer | Ep [014/500] T-Acc:  60.4%  V-Acc:  52.8%  V-AUROC: 0.5331  LR: 1.00e-03
2026-08-01 21:18:53,054 | [FULL    ] | INFO | full_experiments_using.model_trainers.mobile_vit_trainer | Ep [015/500] T-Acc:  60.5%  V-Acc:  52.0%  V-AUROC: 0.5227  LR: 1.00e-03
2026-08-01 21:19:07,384 | [FULL    ] | INFO | full_experiments_using.model_trainers.mobile_vit_trainer | Ep [016/500] T-Acc:  61.1%  V-Acc:  54.2%  V-AUROC: 0.5267  LR: 1.00e-03
2026-08-01 21:19:21,687 | [FULL    ] | INFO | full_experiments_using.model_trainers.mobile_vit_trainer | Ep [017/500] T-Acc:  60.7%  V-Acc:  54.8%  V-AUROC: 0.5271  LR: 1.00e-03
2026-08-01 21:19:36,027 | [FULL    ] | INFO | full_experiments_using.model_trainers.mobile_vit_trainer | Ep [018/500] T-Acc:  60.8%  V-Acc:  53.2%  V-AUROC: 0.5264  LR: 1.00e-03
2026-08-01 21:19:50,550 | [FULL    ] | INFO | full_experiments_using.model_trainers.mobile_vit_trainer | Ep [019/500] T-Acc:  61.6%  V-Acc:  53.1%  V-AUROC: 0.5184  LR: 1.00e-03
2026-08-01 21:20:04,882 | [FULL    ] | INFO | full_experiments_using.model_trainers.mobile_vit_trainer | Ep [020/500] T-Acc:  62.9%  V-Acc:  51.9%  V-AUROC: 0.5103  LR: 1.00e-03
2026-08-01 21:20:19,204 | [FULL    ] | INFO | full_experiments_using.model_trainers.mobile_vit_trainer | Ep [021/500] T-Acc:  62.4%  V-Acc:  53.7%  V-AUROC: 0.5166  LR: 1.00e-03
2026-08-01 21:20:33,711 | [FULL    ] | INFO | full_experiments_using.model_trainers.mobile_vit_trainer | Ep [022/500] T-Acc:  61.4%  V-Acc:  52.8%  V-AUROC: 0.5229  LR: 1.00e-03
2026-08-01 21:20:48,037 | [FULL    ] | INFO | full_experiments_using.model_trainers.mobile_vit_trainer | Ep [023/500] T-Acc:  61.9%  V-Acc:  52.8%  V-AUROC: 0.5175  LR: 2.00e-04
2026-08-01 21:21:02,353 | [FULL    ] | INFO | full_experiments_using.model_trainers.mobile_vit_trainer | Ep [024/500] T-Acc:  62.1%  V-Acc:  53.5%  V-AUROC: 0.5182  LR: 2.00e-04
2026-08-01 21:21:16,868 | [FULL    ] | INFO | full_experiments_using.model_trainers.mobile_vit_trainer | Ep [025/500] T-Acc:  63.2%  V-Acc:  54.0%  V-AUROC: 0.5196  LR: 2.00e-04
2026-08-01 21:21:31,243 | [FULL    ] | INFO | full_experiments_using.model_trainers.mobile_vit_trainer | Ep [026/500] T-Acc:  61.7%  V-Acc:  53.2%  V-AUROC: 0.5195  LR: 2.00e-04
2026-08-01 21:21:45,569 | [FULL    ] | INFO | full_experiments_using.model_trainers.mobile_vit_trainer | Ep [027/500] T-Acc:  62.2%  V-Acc:  53.6%  V-AUROC: 0.5167  LR: 2.00e-04
2026-08-01 21:21:59,891 | [FULL    ] | INFO | full_experiments_using.model_trainers.mobile_vit_trainer | Ep [028/500] T-Acc:  62.7%  V-Acc:  53.6%  V-AUROC: 0.5138  LR: 2.00e-04
2026-08-01 21:22:14,361 | [FULL    ] | INFO | full_experiments_using.model_trainers.mobile_vit_trainer | Ep [029/500] T-Acc:  63.3%  V-Acc:  53.0%  V-AUROC: 0.5148  LR: 2.00e-04
2026-08-01 21:22:28,849 | [FULL    ] | INFO | full_experiments_using.model_trainers.mobile_vit_trainer | Ep [030/500] T-Acc:  62.3%  V-Acc:  53.0%  V-AUROC: 0.5115  LR: 2.00e-04
2026-08-01 21:22:43,204 | [FULL    ] | INFO | full_experiments_using.model_trainers.mobile_vit_trainer | Ep [031/500] T-Acc:  62.7%  V-Acc:  53.4%  V-AUROC: 0.5132  LR: 2.00e-04
2026-08-01 21:22:57,528 | [FULL    ] | INFO | full_experiments_using.model_trainers.mobile_vit_trainer | Ep [032/500] T-Acc:  61.5%  V-Acc:  52.7%  V-AUROC: 0.5131  LR: 2.00e-04
2026-08-01 21:23:11,725 | [FULL    ] | INFO | full_experiments_using.model_trainers.mobile_vit_trainer | Ep [033/500] T-Acc:  62.5%  V-Acc:  52.7%  V-AUROC: 0.5148  LR: 2.00e-04
2026-08-01 21:23:26,043 | [FULL    ] | INFO | full_experiments_using.model_trainers.mobile_vit_trainer | Ep [034/500] T-Acc:  63.0%  V-Acc:  53.1%  V-AUROC: 0.5145  LR: 4.00e-05
2026-08-01 21:23:40,418 | [FULL    ] | INFO | full_experiments_using.model_trainers.mobile_vit_trainer | Ep [035/500] T-Acc:  64.1%  V-Acc:  53.3%  V-AUROC: 0.5156  LR: 4.00e-05
2026-08-01 21:23:54,891 | [FULL    ] | INFO | full_experiments_using.model_trainers.mobile_vit_trainer | Ep [036/500] T-Acc:  62.2%  V-Acc:  54.2%  V-AUROC: 0.5153  LR: 4.00e-05
2026-08-01 21:24:09,380 | [FULL    ] | INFO | full_experiments_using.model_trainers.mobile_vit_trainer | Ep [037/500] T-Acc:  63.0%  V-Acc:  53.5%  V-AUROC: 0.5148  LR: 4.00e-05
2026-08-01 21:24:23,853 | [FULL    ] | INFO | full_experiments_using.model_trainers.mobile_vit_trainer | Ep [038/500] T-Acc:  63.1%  V-Acc:  52.9%  V-AUROC: 0.5166  LR: 4.00e-05
2026-08-01 21:24:38,312 | [FULL    ] | INFO | full_experiments_using.model_trainers.mobile_vit_trainer | Ep [039/500] T-Acc:  62.7%  V-Acc:  53.1%  V-AUROC: 0.5153  LR: 4.00e-05
2026-08-01 21:24:52,569 | [FULL    ] | INFO | full_experiments_using.model_trainers.mobile_vit_trainer | Ep [040/500] T-Acc:  62.8%  V-Acc:  53.1%  V-AUROC: 0.5144  LR: 4.00e-05
2026-08-01 21:25:07,020 | [FULL    ] | INFO | full_experiments_using.model_trainers.mobile_vit_trainer | Ep [041/500] T-Acc:  63.7%  V-Acc:  52.5%  V-AUROC: 0.5159  LR: 4.00e-05
2026-08-01 21:25:07,020 | [FULL    ] | INFO | full_experiments_using.model_trainers.mobile_vit_trainer | Early stop — best AUROC 0.5362 at epoch 11 (no improvement for 30 epochs)
2026-08-01 21:25:07,020 | [FULL    ] | INFO | full_experiments_using.model_trainers.mobile_vit_trainer | Done. Best AUROC: 0.5362 (epoch 11) → /home/oem/choihyunsu/VOGBasedMCIDetection/outputs/checkpoints/run_20260801_202901_full_wvote_artifact30_4err/fold_06_best.pth
2026-08-01 21:25:11,973 | [FULL    ] | INFO | full_experiments_using.evaluators.monte_carlo_evaluator | -> Fold 07 Result | Acc=0.600 Sens=0.600 Spec=0.600 AUROC=0.640
2026-08-01 21:25:11,977 | [FULL    ] | INFO | full_experiments_using.evaluators.monte_carlo_evaluator | === Fold 08/30 | train: 25 subj (HC=9 MCI=16) / 3993 win | test: 12 subj (HC=5 MCI=7) / 1722 win ===
2026-08-01 21:25:12,223 | [FULL    ] | INFO | httpx | HTTP Request: HEAD https://huggingface.co/apple/mobilevit-small/resolve/main/config.json "HTTP/1.1 307 Temporary Redirect"
2026-08-01 21:25:12,241 | [FULL    ] | INFO | httpx | HTTP Request: HEAD https://huggingface.co/api/resolve-cache/models/apple/mobilevit-small/6c8612545dc98676d27bc518fa521d9e9af23e34/config.json "HTTP/1.1 200 OK"
2026-08-01 21:25:12,500 | [FULL    ] | INFO | httpx | HTTP Request: HEAD https://huggingface.co/apple/mobilevit-small/resolve/main/model.safetensors "HTTP/1.1 404 Not Found"
2026-08-01 21:25:12,744 | [FULL    ] | INFO | httpx | HTTP Request: HEAD https://huggingface.co/apple/mobilevit-small/resolve/main/model.safetensors.index.json "HTTP/1.1 404 Not Found"
2026-08-01 21:25:12,961 | [FULL    ] | INFO | httpx | HTTP Request: HEAD https://huggingface.co/apple/mobilevit-small/resolve/main/pytorch_model.bin "HTTP/1.1 302 Found"
2026-08-01 21:25:13,168 | [FULL    ] | INFO | httpx | HTTP Request: HEAD https://huggingface.co/apple/mobilevit-small/resolve/main/model.safetensors "HTTP/1.1 404 Not Found"
2026-08-01 21:25:13,376 | [FULL    ] | INFO | httpx | HTTP Request: GET https://huggingface.co/api/models/apple/mobilevit-small "HTTP/1.1 200 OK"
2026-08-01 21:25:13,598 | [FULL    ] | INFO | httpx | HTTP Request: GET https://huggingface.co/api/models/apple/mobilevit-small/commits/main "HTTP/1.1 200 OK"
2026-08-01 21:25:13,824 | [FULL    ] | INFO | httpx | HTTP Request: GET https://huggingface.co/api/models/apple/mobilevit-small/discussions?p=0 "HTTP/1.1 200 OK"
2026-08-01 21:25:13,854 | [FULL    ] | INFO | full_experiments_using.model_trainers.mobile_vit_trainer | Device: cuda | max_epochs=500 | batch=32 | eval_batch=256 | es_patience=30
2026-08-01 21:25:13,859 | [FULL    ] | INFO | full_experiments_using.model_trainers.mobile_vit_trainer | CE weights — HC: 1.213  MCI: 0.851
2026-08-01 21:25:14,049 | [FULL    ] | INFO | httpx | HTTP Request: GET https://huggingface.co/api/models/apple/mobilevit-small/commits/refs%2Fpr%2F6 "HTTP/1.1 200 OK"
2026-08-01 21:25:14,259 | [FULL    ] | INFO | httpx | HTTP Request: HEAD https://huggingface.co/apple/mobilevit-small/resolve/refs%2Fpr%2F6/model.safetensors.index.json "HTTP/1.1 404 Not Found"
2026-08-01 21:25:14,478 | [FULL    ] | INFO | httpx | HTTP Request: HEAD https://huggingface.co/apple/mobilevit-small/resolve/refs%2Fpr%2F6/model.safetensors "HTTP/1.1 302 Found"
2026-08-01 21:25:34,762 | [FULL    ] | INFO | full_experiments_using.model_trainers.mobile_vit_trainer | Ep [001/500] T-Acc:  47.5%  V-Acc:  49.8%  V-AUROC: 0.5074  LR: 2.00e-04
2026-08-01 21:25:34,799 | [FULL    ] | INFO | full_experiments_using.model_trainers.mobile_vit_trainer |   ↳ new best AUROC; saved checkpoint: /home/oem/choihyunsu/VOGBasedMCIDetection/outputs/checkpoints/run_20260801_202901_full_wvote_artifact30_4err/fold_07_best.pth
2026-08-01 21:25:48,798 | [FULL    ] | INFO | full_experiments_using.model_trainers.mobile_vit_trainer | Ep [002/500] T-Acc:  48.2%  V-Acc:  50.6%  V-AUROC: 0.5087  LR: 4.00e-04
2026-08-01 21:25:48,915 | [FULL    ] | INFO | full_experiments_using.model_trainers.mobile_vit_trainer |   ↳ new best AUROC; saved checkpoint: /home/oem/choihyunsu/VOGBasedMCIDetection/outputs/checkpoints/run_20260801_202901_full_wvote_artifact30_4err/fold_07_best.pth
2026-08-01 21:26:00,326 | [FULL    ] | INFO | full_experiments_using.model_trainers.mobile_vit_trainer | Ep [003/500] T-Acc:  51.7%  V-Acc:  51.3%  V-AUROC: 0.5210  LR: 6.00e-04
2026-08-01 21:26:00,430 | [FULL    ] | INFO | full_experiments_using.model_trainers.mobile_vit_trainer |   ↳ new best AUROC; saved checkpoint: /home/oem/choihyunsu/VOGBasedMCIDetection/outputs/checkpoints/run_20260801_202901_full_wvote_artifact30_4err/fold_07_best.pth
2026-08-01 21:26:14,736 | [FULL    ] | INFO | full_experiments_using.model_trainers.mobile_vit_trainer | Ep [004/500] T-Acc:  51.3%  V-Acc:  50.6%  V-AUROC: 0.5210  LR: 8.00e-04
2026-08-01 21:26:14,839 | [FULL    ] | INFO | full_experiments_using.model_trainers.mobile_vit_trainer |   ↳ new best AUROC; saved checkpoint: /home/oem/choihyunsu/VOGBasedMCIDetection/outputs/checkpoints/run_20260801_202901_full_wvote_artifact30_4err/fold_07_best.pth
2026-08-01 21:26:29,240 | [FULL    ] | INFO | full_experiments_using.model_trainers.mobile_vit_trainer | Ep [005/500] T-Acc:  53.5%  V-Acc:  51.2%  V-AUROC: 0.5100  LR: 1.00e-03
2026-08-01 21:26:43,508 | [FULL    ] | INFO | full_experiments_using.model_trainers.mobile_vit_trainer | Ep [006/500] T-Acc:  54.7%  V-Acc:  50.3%  V-AUROC: 0.5142  LR: 1.00e-03
2026-08-01 21:26:57,917 | [FULL    ] | INFO | full_experiments_using.model_trainers.mobile_vit_trainer | Ep [007/500] T-Acc:  56.8%  V-Acc:  51.6%  V-AUROC: 0.5297  LR: 1.00e-03
2026-08-01 21:26:58,057 | [FULL    ] | INFO | full_experiments_using.model_trainers.mobile_vit_trainer |   ↳ new best AUROC; saved checkpoint: /home/oem/choihyunsu/VOGBasedMCIDetection/outputs/checkpoints/run_20260801_202901_full_wvote_artifact30_4err/fold_07_best.pth
2026-08-01 21:27:12,479 | [FULL    ] | INFO | full_experiments_using.model_trainers.mobile_vit_trainer | Ep [008/500] T-Acc:  56.6%  V-Acc:  50.9%  V-AUROC: 0.5121  LR: 1.00e-03
2026-08-01 21:27:26,956 | [FULL    ] | INFO | full_experiments_using.model_trainers.mobile_vit_trainer | Ep [009/500] T-Acc:  57.7%  V-Acc:  51.7%  V-AUROC: 0.5205  LR: 1.00e-03
2026-08-01 21:27:41,241 | [FULL    ] | INFO | full_experiments_using.model_trainers.mobile_vit_trainer | Ep [010/500] T-Acc:  58.7%  V-Acc:  51.9%  V-AUROC: 0.5223  LR: 1.00e-03
2026-08-01 21:27:55,583 | [FULL    ] | INFO | full_experiments_using.model_trainers.mobile_vit_trainer | Ep [011/500] T-Acc:  59.2%  V-Acc:  52.6%  V-AUROC: 0.5268  LR: 1.00e-03
2026-08-01 21:28:09,930 | [FULL    ] | INFO | full_experiments_using.model_trainers.mobile_vit_trainer | Ep [012/500] T-Acc:  59.9%  V-Acc:  51.7%  V-AUROC: 0.5272  LR: 1.00e-03
2026-08-01 21:28:24,281 | [FULL    ] | INFO | full_experiments_using.model_trainers.mobile_vit_trainer | Ep [013/500] T-Acc:  60.8%  V-Acc:  51.2%  V-AUROC: 0.5274  LR: 1.00e-03
2026-08-01 21:28:38,564 | [FULL    ] | INFO | full_experiments_using.model_trainers.mobile_vit_trainer | Ep [014/500] T-Acc:  61.2%  V-Acc:  51.9%  V-AUROC: 0.5249  LR: 1.00e-03
2026-08-01 21:28:52,879 | [FULL    ] | INFO | full_experiments_using.model_trainers.mobile_vit_trainer | Ep [015/500] T-Acc:  61.1%  V-Acc:  52.8%  V-AUROC: 0.5409  LR: 1.00e-03
2026-08-01 21:28:52,995 | [FULL    ] | INFO | full_experiments_using.model_trainers.mobile_vit_trainer |   ↳ new best AUROC; saved checkpoint: /home/oem/choihyunsu/VOGBasedMCIDetection/outputs/checkpoints/run_20260801_202901_full_wvote_artifact30_4err/fold_07_best.pth
2026-08-01 21:29:07,397 | [FULL    ] | INFO | full_experiments_using.model_trainers.mobile_vit_trainer | Ep [016/500] T-Acc:  59.4%  V-Acc:  51.0%  V-AUROC: 0.5293  LR: 1.00e-03
2026-08-01 21:29:21,669 | [FULL    ] | INFO | full_experiments_using.model_trainers.mobile_vit_trainer | Ep [017/500] T-Acc:  61.1%  V-Acc:  50.9%  V-AUROC: 0.5240  LR: 1.00e-03
2026-08-01 21:29:35,987 | [FULL    ] | INFO | full_experiments_using.model_trainers.mobile_vit_trainer | Ep [018/500] T-Acc:  60.9%  V-Acc:  52.1%  V-AUROC: 0.5271  LR: 1.00e-03
2026-08-01 21:29:50,428 | [FULL    ] | INFO | full_experiments_using.model_trainers.mobile_vit_trainer | Ep [019/500] T-Acc:  61.6%  V-Acc:  51.9%  V-AUROC: 0.5358  LR: 1.00e-03
2026-08-01 21:30:04,884 | [FULL    ] | INFO | full_experiments_using.model_trainers.mobile_vit_trainer | Ep [020/500] T-Acc:  61.8%  V-Acc:  53.2%  V-AUROC: 0.5371  LR: 1.00e-03
2026-08-01 21:30:19,148 | [FULL    ] | INFO | full_experiments_using.model_trainers.mobile_vit_trainer | Ep [021/500] T-Acc:  61.3%  V-Acc:  53.5%  V-AUROC: 0.5438  LR: 1.00e-03
2026-08-01 21:30:19,251 | [FULL    ] | INFO | full_experiments_using.model_trainers.mobile_vit_trainer |   ↳ new best AUROC; saved checkpoint: /home/oem/choihyunsu/VOGBasedMCIDetection/outputs/checkpoints/run_20260801_202901_full_wvote_artifact30_4err/fold_07_best.pth
2026-08-01 21:30:33,495 | [FULL    ] | INFO | full_experiments_using.model_trainers.mobile_vit_trainer | Ep [022/500] T-Acc:  61.9%  V-Acc:  52.4%  V-AUROC: 0.5374  LR: 1.00e-03
2026-08-01 21:30:47,919 | [FULL    ] | INFO | full_experiments_using.model_trainers.mobile_vit_trainer | Ep [023/500] T-Acc:  62.1%  V-Acc:  53.4%  V-AUROC: 0.5431  LR: 1.00e-03
2026-08-01 21:31:02,163 | [FULL    ] | INFO | full_experiments_using.model_trainers.mobile_vit_trainer | Ep [024/500] T-Acc:  62.6%  V-Acc:  53.1%  V-AUROC: 0.5367  LR: 1.00e-03
2026-08-01 21:31:16,722 | [FULL    ] | INFO | full_experiments_using.model_trainers.mobile_vit_trainer | Ep [025/500] T-Acc:  63.5%  V-Acc:  52.4%  V-AUROC: 0.5344  LR: 1.00e-03
2026-08-01 21:31:31,093 | [FULL    ] | INFO | full_experiments_using.model_trainers.mobile_vit_trainer | Ep [026/500] T-Acc:  62.1%  V-Acc:  52.4%  V-AUROC: 0.5391  LR: 1.00e-03
2026-08-01 21:31:45,438 | [FULL    ] | INFO | full_experiments_using.model_trainers.mobile_vit_trainer | Ep [027/500] T-Acc:  63.2%  V-Acc:  53.0%  V-AUROC: 0.5337  LR: 1.00e-03
2026-08-01 21:31:59,853 | [FULL    ] | INFO | full_experiments_using.model_trainers.mobile_vit_trainer | Ep [028/500] T-Acc:  63.3%  V-Acc:  53.4%  V-AUROC: 0.5410  LR: 1.00e-03
2026-08-01 21:32:14,290 | [FULL    ] | INFO | full_experiments_using.model_trainers.mobile_vit_trainer | Ep [029/500] T-Acc:  63.1%  V-Acc:  53.6%  V-AUROC: 0.5389  LR: 1.00e-03
2026-08-01 21:32:28,752 | [FULL    ] | INFO | full_experiments_using.model_trainers.mobile_vit_trainer | Ep [030/500] T-Acc:  63.5%  V-Acc:  53.2%  V-AUROC: 0.5439  LR: 1.00e-03
2026-08-01 21:32:28,853 | [FULL    ] | INFO | full_experiments_using.model_trainers.mobile_vit_trainer |   ↳ new best AUROC; saved checkpoint: /home/oem/choihyunsu/VOGBasedMCIDetection/outputs/checkpoints/run_20260801_202901_full_wvote_artifact30_4err/fold_07_best.pth
2026-08-01 21:32:43,182 | [FULL    ] | INFO | full_experiments_using.model_trainers.mobile_vit_trainer | Ep [031/500] T-Acc:  63.3%  V-Acc:  53.2%  V-AUROC: 0.5439  LR: 1.00e-03
2026-08-01 21:32:43,286 | [FULL    ] | INFO | full_experiments_using.model_trainers.mobile_vit_trainer |   ↳ new best AUROC; saved checkpoint: /home/oem/choihyunsu/VOGBasedMCIDetection/outputs/checkpoints/run_20260801_202901_full_wvote_artifact30_4err/fold_07_best.pth
2026-08-01 21:32:57,652 | [FULL    ] | INFO | full_experiments_using.model_trainers.mobile_vit_trainer | Ep [032/500] T-Acc:  63.7%  V-Acc:  51.9%  V-AUROC: 0.5387  LR: 1.00e-03
2026-08-01 21:33:12,029 | [FULL    ] | INFO | full_experiments_using.model_trainers.mobile_vit_trainer | Ep [033/500] T-Acc:  63.2%  V-Acc:  52.8%  V-AUROC: 0.5405  LR: 2.00e-04
2026-08-01 21:33:26,434 | [FULL    ] | INFO | full_experiments_using.model_trainers.mobile_vit_trainer | Ep [034/500] T-Acc:  64.6%  V-Acc:  53.1%  V-AUROC: 0.5413  LR: 2.00e-04
2026-08-01 21:33:40,808 | [FULL    ] | INFO | full_experiments_using.model_trainers.mobile_vit_trainer | Ep [035/500] T-Acc:  63.8%  V-Acc:  52.6%  V-AUROC: 0.5396  LR: 2.00e-04
2026-08-01 21:33:55,286 | [FULL    ] | INFO | full_experiments_using.model_trainers.mobile_vit_trainer | Ep [036/500] T-Acc:  64.2%  V-Acc:  52.4%  V-AUROC: 0.5386  LR: 2.00e-04
2026-08-01 21:34:09,801 | [FULL    ] | INFO | full_experiments_using.model_trainers.mobile_vit_trainer | Ep [037/500] T-Acc:  63.4%  V-Acc:  53.1%  V-AUROC: 0.5407  LR: 2.00e-04
2026-08-01 21:34:24,179 | [FULL    ] | INFO | full_experiments_using.model_trainers.mobile_vit_trainer | Ep [038/500] T-Acc:  64.5%  V-Acc:  52.8%  V-AUROC: 0.5376  LR: 2.00e-04
2026-08-01 21:34:38,459 | [FULL    ] | INFO | full_experiments_using.model_trainers.mobile_vit_trainer | Ep [039/500] T-Acc:  64.1%  V-Acc:  53.1%  V-AUROC: 0.5400  LR: 2.00e-04
2026-08-01 21:34:52,815 | [FULL    ] | INFO | full_experiments_using.model_trainers.mobile_vit_trainer | Ep [040/500] T-Acc:  63.4%  V-Acc:  52.8%  V-AUROC: 0.5391  LR: 2.00e-04
2026-08-01 21:35:07,125 | [FULL    ] | INFO | full_experiments_using.model_trainers.mobile_vit_trainer | Ep [041/500] T-Acc:  64.0%  V-Acc:  52.4%  V-AUROC: 0.5392  LR: 2.00e-04
2026-08-01 21:35:21,530 | [FULL    ] | INFO | full_experiments_using.model_trainers.mobile_vit_trainer | Ep [042/500] T-Acc:  64.8%  V-Acc:  52.7%  V-AUROC: 0.5411  LR: 2.00e-04
2026-08-01 21:35:36,002 | [FULL    ] | INFO | full_experiments_using.model_trainers.mobile_vit_trainer | Ep [043/500] T-Acc:  64.7%  V-Acc:  51.9%  V-AUROC: 0.5381  LR: 2.00e-04
2026-08-01 21:35:50,372 | [FULL    ] | INFO | full_experiments_using.model_trainers.mobile_vit_trainer | Ep [044/500] T-Acc:  64.9%  V-Acc:  52.8%  V-AUROC: 0.5386  LR: 4.00e-05
2026-08-01 21:36:04,823 | [FULL    ] | INFO | full_experiments_using.model_trainers.mobile_vit_trainer | Ep [045/500] T-Acc:  64.4%  V-Acc:  52.6%  V-AUROC: 0.5392  LR: 4.00e-05
2026-08-01 21:36:19,195 | [FULL    ] | INFO | full_experiments_using.model_trainers.mobile_vit_trainer | Ep [046/500] T-Acc:  64.4%  V-Acc:  52.5%  V-AUROC: 0.5383  LR: 4.00e-05
2026-08-01 21:36:33,573 | [FULL    ] | INFO | full_experiments_using.model_trainers.mobile_vit_trainer | Ep [047/500] T-Acc:  64.1%  V-Acc:  52.7%  V-AUROC: 0.5397  LR: 4.00e-05
2026-08-01 21:36:47,934 | [FULL    ] | INFO | full_experiments_using.model_trainers.mobile_vit_trainer | Ep [048/500] T-Acc:  64.7%  V-Acc:  52.7%  V-AUROC: 0.5393  LR: 4.00e-05
2026-08-01 21:37:02,332 | [FULL    ] | INFO | full_experiments_using.model_trainers.mobile_vit_trainer | Ep [049/500] T-Acc:  64.8%  V-Acc:  52.7%  V-AUROC: 0.5387  LR: 4.00e-05
2026-08-01 21:37:16,658 | [FULL    ] | INFO | full_experiments_using.model_trainers.mobile_vit_trainer | Ep [050/500] T-Acc:  64.4%  V-Acc:  52.8%  V-AUROC: 0.5395  LR: 4.00e-05
2026-08-01 21:37:31,041 | [FULL    ] | INFO | full_experiments_using.model_trainers.mobile_vit_trainer | Ep [051/500] T-Acc:  64.3%  V-Acc:  53.0%  V-AUROC: 0.5391  LR: 4.00e-05
2026-08-01 21:37:45,362 | [FULL    ] | INFO | full_experiments_using.model_trainers.mobile_vit_trainer | Ep [052/500] T-Acc:  64.3%  V-Acc:  52.7%  V-AUROC: 0.5391  LR: 4.00e-05
2026-08-01 21:37:59,766 | [FULL    ] | INFO | full_experiments_using.model_trainers.mobile_vit_trainer | Ep [053/500] T-Acc:  64.7%  V-Acc:  53.1%  V-AUROC: 0.5412  LR: 4.00e-05
2026-08-01 21:38:14,240 | [FULL    ] | INFO | full_experiments_using.model_trainers.mobile_vit_trainer | Ep [054/500] T-Acc:  63.6%  V-Acc:  53.3%  V-AUROC: 0.5397  LR: 4.00e-05
2026-08-01 21:38:28,650 | [FULL    ] | INFO | full_experiments_using.model_trainers.mobile_vit_trainer | Ep [055/500] T-Acc:  64.8%  V-Acc:  53.4%  V-AUROC: 0.5410  LR: 8.00e-06
2026-08-01 21:38:43,000 | [FULL    ] | INFO | full_experiments_using.model_trainers.mobile_vit_trainer | Ep [056/500] T-Acc:  64.9%  V-Acc:  53.0%  V-AUROC: 0.5407  LR: 8.00e-06
2026-08-01 21:38:57,499 | [FULL    ] | INFO | full_experiments_using.model_trainers.mobile_vit_trainer | Ep [057/500] T-Acc:  64.5%  V-Acc:  52.7%  V-AUROC: 0.5402  LR: 8.00e-06
2026-08-01 21:39:11,983 | [FULL    ] | INFO | full_experiments_using.model_trainers.mobile_vit_trainer | Ep [058/500] T-Acc:  63.8%  V-Acc:  53.0%  V-AUROC: 0.5401  LR: 8.00e-06
2026-08-01 21:39:26,265 | [FULL    ] | INFO | full_experiments_using.model_trainers.mobile_vit_trainer | Ep [059/500] T-Acc:  64.0%  V-Acc:  53.0%  V-AUROC: 0.5400  LR: 8.00e-06
2026-08-01 21:39:40,574 | [FULL    ] | INFO | full_experiments_using.model_trainers.mobile_vit_trainer | Ep [060/500] T-Acc:  63.4%  V-Acc:  52.7%  V-AUROC: 0.5403  LR: 8.00e-06
2026-08-01 21:39:54,951 | [FULL    ] | INFO | full_experiments_using.model_trainers.mobile_vit_trainer | Ep [061/500] T-Acc:  64.2%  V-Acc:  53.4%  V-AUROC: 0.5401  LR: 8.00e-06
2026-08-01 21:39:54,952 | [FULL    ] | INFO | full_experiments_using.model_trainers.mobile_vit_trainer | Early stop — best AUROC 0.5439 at epoch 31 (no improvement for 30 epochs)
2026-08-01 21:39:54,952 | [FULL    ] | INFO | full_experiments_using.model_trainers.mobile_vit_trainer | Done. Best AUROC: 0.5439 (epoch 31) → /home/oem/choihyunsu/VOGBasedMCIDetection/outputs/checkpoints/run_20260801_202901_full_wvote_artifact30_4err/fold_07_best.pth
2026-08-01 21:39:59,527 | [FULL    ] | INFO | full_experiments_using.evaluators.monte_carlo_evaluator | -> Fold 08 Result | Acc=0.600 Sens=0.833 Spec=0.250 AUROC=0.625
2026-08-01 21:39:59,533 | [FULL    ] | INFO | full_experiments_using.evaluators.monte_carlo_evaluator | === Fold 09/30 | train: 25 subj (HC=8 MCI=17) / 3792 win | test: 12 subj (HC=6 MCI=6) / 1923 win ===
2026-08-01 21:39:59,761 | [FULL    ] | INFO | httpx | HTTP Request: HEAD https://huggingface.co/apple/mobilevit-small/resolve/main/config.json "HTTP/1.1 307 Temporary Redirect"
2026-08-01 21:39:59,771 | [FULL    ] | INFO | httpx | HTTP Request: HEAD https://huggingface.co/api/resolve-cache/models/apple/mobilevit-small/6c8612545dc98676d27bc518fa521d9e9af23e34/config.json "HTTP/1.1 200 OK"
2026-08-01 21:40:00,001 | [FULL    ] | INFO | httpx | HTTP Request: HEAD https://huggingface.co/apple/mobilevit-small/resolve/main/model.safetensors "HTTP/1.1 404 Not Found"
2026-08-01 21:40:00,241 | [FULL    ] | INFO | httpx | HTTP Request: HEAD https://huggingface.co/apple/mobilevit-small/resolve/main/model.safetensors.index.json "HTTP/1.1 404 Not Found"
2026-08-01 21:40:00,447 | [FULL    ] | INFO | httpx | HTTP Request: HEAD https://huggingface.co/apple/mobilevit-small/resolve/main/pytorch_model.bin "HTTP/1.1 302 Found"
2026-08-01 21:40:00,645 | [FULL    ] | INFO | httpx | HTTP Request: HEAD https://huggingface.co/apple/mobilevit-small/resolve/main/model.safetensors "HTTP/1.1 404 Not Found"
2026-08-01 21:40:00,861 | [FULL    ] | INFO | httpx | HTTP Request: GET https://huggingface.co/api/models/apple/mobilevit-small "HTTP/1.1 200 OK"
2026-08-01 21:40:01,089 | [FULL    ] | INFO | httpx | HTTP Request: GET https://huggingface.co/api/models/apple/mobilevit-small/commits/main "HTTP/1.1 200 OK"
2026-08-01 21:40:01,185 | [FULL    ] | INFO | full_experiments_using.model_trainers.mobile_vit_trainer | Device: cuda | max_epochs=500 | batch=32 | eval_batch=256 | es_patience=30
2026-08-01 21:40:01,190 | [FULL    ] | INFO | full_experiments_using.model_trainers.mobile_vit_trainer | CE weights — HC: 1.331  MCI: 0.801
2026-08-01 21:40:01,313 | [FULL    ] | INFO | httpx | HTTP Request: GET https://huggingface.co/api/models/apple/mobilevit-small/discussions?p=0 "HTTP/1.1 200 OK"
2026-08-01 21:40:01,536 | [FULL    ] | INFO | httpx | HTTP Request: GET https://huggingface.co/api/models/apple/mobilevit-small/commits/refs%2Fpr%2F6 "HTTP/1.1 200 OK"
2026-08-01 21:40:01,747 | [FULL    ] | INFO | httpx | HTTP Request: HEAD https://huggingface.co/apple/mobilevit-small/resolve/refs%2Fpr%2F6/model.safetensors.index.json "HTTP/1.1 404 Not Found"
2026-08-01 21:40:01,951 | [FULL    ] | INFO | httpx | HTTP Request: HEAD https://huggingface.co/apple/mobilevit-small/resolve/refs%2Fpr%2F6/model.safetensors "HTTP/1.1 302 Found"
2026-08-01 21:40:22,651 | [FULL    ] | INFO | full_experiments_using.model_trainers.mobile_vit_trainer | Ep [001/500] T-Acc:  46.3%  V-Acc:  49.9%  V-AUROC: 0.4780  LR: 2.00e-04
2026-08-01 21:40:22,694 | [FULL    ] | INFO | full_experiments_using.model_trainers.mobile_vit_trainer |   ↳ new best AUROC; saved checkpoint: /home/oem/choihyunsu/VOGBasedMCIDetection/outputs/checkpoints/run_20260801_202901_full_wvote_artifact30_4err/fold_08_best.pth
2026-08-01 21:40:36,662 | [FULL    ] | INFO | full_experiments_using.model_trainers.mobile_vit_trainer | Ep [002/500] T-Acc:  45.9%  V-Acc:  50.0%  V-AUROC: 0.4800  LR: 4.00e-04
2026-08-01 21:40:36,778 | [FULL    ] | INFO | full_experiments_using.model_trainers.mobile_vit_trainer |   ↳ new best AUROC; saved checkpoint: /home/oem/choihyunsu/VOGBasedMCIDetection/outputs/checkpoints/run_20260801_202901_full_wvote_artifact30_4err/fold_08_best.pth
2026-08-01 21:40:50,719 | [FULL    ] | INFO | full_experiments_using.model_trainers.mobile_vit_trainer | Ep [003/500] T-Acc:  45.8%  V-Acc:  50.3%  V-AUROC: 0.4862  LR: 6.00e-04
2026-08-01 21:40:50,796 | [FULL    ] | INFO | full_experiments_using.model_trainers.mobile_vit_trainer |   ↳ new best AUROC; saved checkpoint: /home/oem/choihyunsu/VOGBasedMCIDetection/outputs/checkpoints/run_20260801_202901_full_wvote_artifact30_4err/fold_08_best.pth
2026-08-01 21:41:04,777 | [FULL    ] | INFO | full_experiments_using.model_trainers.mobile_vit_trainer | Ep [004/500] T-Acc:  49.3%  V-Acc:  51.5%  V-AUROC: 0.4984  LR: 8.00e-04
2026-08-01 21:41:04,891 | [FULL    ] | INFO | full_experiments_using.model_trainers.mobile_vit_trainer |   ↳ new best AUROC; saved checkpoint: /home/oem/choihyunsu/VOGBasedMCIDetection/outputs/checkpoints/run_20260801_202901_full_wvote_artifact30_4err/fold_08_best.pth
2026-08-01 21:41:18,832 | [FULL    ] | INFO | full_experiments_using.model_trainers.mobile_vit_trainer | Ep [005/500] T-Acc:  51.9%  V-Acc:  52.0%  V-AUROC: 0.5106  LR: 1.00e-03
2026-08-01 21:41:18,946 | [FULL    ] | INFO | full_experiments_using.model_trainers.mobile_vit_trainer |   ↳ new best AUROC; saved checkpoint: /home/oem/choihyunsu/VOGBasedMCIDetection/outputs/checkpoints/run_20260801_202901_full_wvote_artifact30_4err/fold_08_best.pth
2026-08-01 21:41:33,032 | [FULL    ] | INFO | full_experiments_using.model_trainers.mobile_vit_trainer | Ep [006/500] T-Acc:  53.3%  V-Acc:  51.5%  V-AUROC: 0.5095  LR: 1.00e-03
2026-08-01 21:41:46,970 | [FULL    ] | INFO | full_experiments_using.model_trainers.mobile_vit_trainer | Ep [007/500] T-Acc:  54.0%  V-Acc:  52.9%  V-AUROC: 0.5264  LR: 1.00e-03
2026-08-01 21:41:47,084 | [FULL    ] | INFO | full_experiments_using.model_trainers.mobile_vit_trainer |   ↳ new best AUROC; saved checkpoint: /home/oem/choihyunsu/VOGBasedMCIDetection/outputs/checkpoints/run_20260801_202901_full_wvote_artifact30_4err/fold_08_best.pth
2026-08-01 21:42:01,124 | [FULL    ] | INFO | full_experiments_using.model_trainers.mobile_vit_trainer | Ep [008/500] T-Acc:  54.3%  V-Acc:  52.5%  V-AUROC: 0.5386  LR: 1.00e-03
2026-08-01 21:42:01,237 | [FULL    ] | INFO | full_experiments_using.model_trainers.mobile_vit_trainer |   ↳ new best AUROC; saved checkpoint: /home/oem/choihyunsu/VOGBasedMCIDetection/outputs/checkpoints/run_20260801_202901_full_wvote_artifact30_4err/fold_08_best.pth
2026-08-01 21:42:15,218 | [FULL    ] | INFO | full_experiments_using.model_trainers.mobile_vit_trainer | Ep [009/500] T-Acc:  55.7%  V-Acc:  51.3%  V-AUROC: 0.5390  LR: 1.00e-03
2026-08-01 21:42:15,332 | [FULL    ] | INFO | full_experiments_using.model_trainers.mobile_vit_trainer |   ↳ new best AUROC; saved checkpoint: /home/oem/choihyunsu/VOGBasedMCIDetection/outputs/checkpoints/run_20260801_202901_full_wvote_artifact30_4err/fold_08_best.pth
2026-08-01 21:42:29,359 | [FULL    ] | INFO | full_experiments_using.model_trainers.mobile_vit_trainer | Ep [010/500] T-Acc:  56.8%  V-Acc:  52.7%  V-AUROC: 0.5429  LR: 1.00e-03
2026-08-01 21:42:29,472 | [FULL    ] | INFO | full_experiments_using.model_trainers.mobile_vit_trainer |   ↳ new best AUROC; saved checkpoint: /home/oem/choihyunsu/VOGBasedMCIDetection/outputs/checkpoints/run_20260801_202901_full_wvote_artifact30_4err/fold_08_best.pth
2026-08-01 21:42:43,509 | [FULL    ] | INFO | full_experiments_using.model_trainers.mobile_vit_trainer | Ep [011/500] T-Acc:  57.5%  V-Acc:  52.9%  V-AUROC: 0.5465  LR: 1.00e-03
2026-08-01 21:42:43,625 | [FULL    ] | INFO | full_experiments_using.model_trainers.mobile_vit_trainer |   ↳ new best AUROC; saved checkpoint: /home/oem/choihyunsu/VOGBasedMCIDetection/outputs/checkpoints/run_20260801_202901_full_wvote_artifact30_4err/fold_08_best.pth
2026-08-01 21:42:57,552 | [FULL    ] | INFO | full_experiments_using.model_trainers.mobile_vit_trainer | Ep [012/500] T-Acc:  56.6%  V-Acc:  53.4%  V-AUROC: 0.5429  LR: 1.00e-03
2026-08-01 21:43:11,503 | [FULL    ] | INFO | full_experiments_using.model_trainers.mobile_vit_trainer | Ep [013/500] T-Acc:  58.3%  V-Acc:  52.9%  V-AUROC: 0.5472  LR: 1.00e-03
2026-08-01 21:43:11,619 | [FULL    ] | INFO | full_experiments_using.model_trainers.mobile_vit_trainer |   ↳ new best AUROC; saved checkpoint: /home/oem/choihyunsu/VOGBasedMCIDetection/outputs/checkpoints/run_20260801_202901_full_wvote_artifact30_4err/fold_08_best.pth
2026-08-01 21:43:25,656 | [FULL    ] | INFO | full_experiments_using.model_trainers.mobile_vit_trainer | Ep [014/500] T-Acc:  59.6%  V-Acc:  52.2%  V-AUROC: 0.5465  LR: 1.00e-03
2026-08-01 21:43:39,666 | [FULL    ] | INFO | full_experiments_using.model_trainers.mobile_vit_trainer | Ep [015/500] T-Acc:  59.8%  V-Acc:  53.6%  V-AUROC: 0.5574  LR: 1.00e-03
2026-08-01 21:43:39,734 | [FULL    ] | INFO | full_experiments_using.model_trainers.mobile_vit_trainer |   ↳ new best AUROC; saved checkpoint: /home/oem/choihyunsu/VOGBasedMCIDetection/outputs/checkpoints/run_20260801_202901_full_wvote_artifact30_4err/fold_08_best.pth
2026-08-01 21:43:53,783 | [FULL    ] | INFO | full_experiments_using.model_trainers.mobile_vit_trainer | Ep [016/500] T-Acc:  59.1%  V-Acc:  53.1%  V-AUROC: 0.5583  LR: 1.00e-03
2026-08-01 21:43:53,899 | [FULL    ] | INFO | full_experiments_using.model_trainers.mobile_vit_trainer |   ↳ new best AUROC; saved checkpoint: /home/oem/choihyunsu/VOGBasedMCIDetection/outputs/checkpoints/run_20260801_202901_full_wvote_artifact30_4err/fold_08_best.pth
2026-08-01 21:44:07,923 | [FULL    ] | INFO | full_experiments_using.model_trainers.mobile_vit_trainer | Ep [017/500] T-Acc:  59.2%  V-Acc:  53.0%  V-AUROC: 0.5579  LR: 1.00e-03
2026-08-01 21:44:21,867 | [FULL    ] | INFO | full_experiments_using.model_trainers.mobile_vit_trainer | Ep [018/500] T-Acc:  59.5%  V-Acc:  52.9%  V-AUROC: 0.5598  LR: 1.00e-03
2026-08-01 21:44:21,982 | [FULL    ] | INFO | full_experiments_using.model_trainers.mobile_vit_trainer |   ↳ new best AUROC; saved checkpoint: /home/oem/choihyunsu/VOGBasedMCIDetection/outputs/checkpoints/run_20260801_202901_full_wvote_artifact30_4err/fold_08_best.pth
2026-08-01 21:44:35,919 | [FULL    ] | INFO | full_experiments_using.model_trainers.mobile_vit_trainer | Ep [019/500] T-Acc:  59.0%  V-Acc:  54.1%  V-AUROC: 0.5624  LR: 1.00e-03
2026-08-01 21:44:36,035 | [FULL    ] | INFO | full_experiments_using.model_trainers.mobile_vit_trainer |   ↳ new best AUROC; saved checkpoint: /home/oem/choihyunsu/VOGBasedMCIDetection/outputs/checkpoints/run_20260801_202901_full_wvote_artifact30_4err/fold_08_best.pth
2026-08-01 21:44:50,064 | [FULL    ] | INFO | full_experiments_using.model_trainers.mobile_vit_trainer | Ep [020/500] T-Acc:  59.6%  V-Acc:  53.4%  V-AUROC: 0.5592  LR: 1.00e-03
2026-08-01 21:45:04,015 | [FULL    ] | INFO | full_experiments_using.model_trainers.mobile_vit_trainer | Ep [021/500] T-Acc:  60.6%  V-Acc:  54.1%  V-AUROC: 0.5650  LR: 1.00e-03
2026-08-01 21:45:04,131 | [FULL    ] | INFO | full_experiments_using.model_trainers.mobile_vit_trainer |   ↳ new best AUROC; saved checkpoint: /home/oem/choihyunsu/VOGBasedMCIDetection/outputs/checkpoints/run_20260801_202901_full_wvote_artifact30_4err/fold_08_best.pth
2026-08-01 21:45:18,177 | [FULL    ] | INFO | full_experiments_using.model_trainers.mobile_vit_trainer | Ep [022/500] T-Acc:  60.8%  V-Acc:  54.3%  V-AUROC: 0.5625  LR: 1.00e-03
2026-08-01 21:45:32,131 | [FULL    ] | INFO | full_experiments_using.model_trainers.mobile_vit_trainer | Ep [023/500] T-Acc:  61.4%  V-Acc:  54.2%  V-AUROC: 0.5625  LR: 1.00e-03
2026-08-01 21:45:46,126 | [FULL    ] | INFO | full_experiments_using.model_trainers.mobile_vit_trainer | Ep [024/500] T-Acc:  60.9%  V-Acc:  54.7%  V-AUROC: 0.5652  LR: 1.00e-03
2026-08-01 21:45:46,241 | [FULL    ] | INFO | full_experiments_using.model_trainers.mobile_vit_trainer |   ↳ new best AUROC; saved checkpoint: /home/oem/choihyunsu/VOGBasedMCIDetection/outputs/checkpoints/run_20260801_202901_full_wvote_artifact30_4err/fold_08_best.pth
2026-08-01 21:46:00,189 | [FULL    ] | INFO | full_experiments_using.model_trainers.mobile_vit_trainer | Ep [025/500] T-Acc:  60.6%  V-Acc:  54.9%  V-AUROC: 0.5654  LR: 1.00e-03
2026-08-01 21:46:00,304 | [FULL    ] | INFO | full_experiments_using.model_trainers.mobile_vit_trainer |   ↳ new best AUROC; saved checkpoint: /home/oem/choihyunsu/VOGBasedMCIDetection/outputs/checkpoints/run_20260801_202901_full_wvote_artifact30_4err/fold_08_best.pth
2026-08-01 21:46:12,200 | [FULL    ] | INFO | full_experiments_using.model_trainers.mobile_vit_trainer | Ep [026/500] T-Acc:  61.1%  V-Acc:  54.6%  V-AUROC: 0.5634  LR: 1.00e-03
2026-08-01 21:46:26,294 | [FULL    ] | INFO | full_experiments_using.model_trainers.mobile_vit_trainer | Ep [027/500] T-Acc:  61.3%  V-Acc:  54.9%  V-AUROC: 0.5672  LR: 1.00e-03
2026-08-01 21:46:26,409 | [FULL    ] | INFO | full_experiments_using.model_trainers.mobile_vit_trainer |   ↳ new best AUROC; saved checkpoint: /home/oem/choihyunsu/VOGBasedMCIDetection/outputs/checkpoints/run_20260801_202901_full_wvote_artifact30_4err/fold_08_best.pth
2026-08-01 21:46:38,064 | [FULL    ] | INFO | full_experiments_using.model_trainers.mobile_vit_trainer | Ep [028/500] T-Acc:  62.0%  V-Acc:  55.2%  V-AUROC: 0.5652  LR: 1.00e-03
2026-08-01 21:46:51,984 | [FULL    ] | INFO | full_experiments_using.model_trainers.mobile_vit_trainer | Ep [029/500] T-Acc:  61.1%  V-Acc:  54.9%  V-AUROC: 0.5667  LR: 1.00e-03
2026-08-01 21:47:05,942 | [FULL    ] | INFO | full_experiments_using.model_trainers.mobile_vit_trainer | Ep [030/500] T-Acc:  61.9%  V-Acc:  54.4%  V-AUROC: 0.5665  LR: 1.00e-03
2026-08-01 21:47:19,936 | [FULL    ] | INFO | full_experiments_using.model_trainers.mobile_vit_trainer | Ep [031/500] T-Acc:  61.3%  V-Acc:  54.1%  V-AUROC: 0.5646  LR: 1.00e-03
2026-08-01 21:47:33,998 | [FULL    ] | INFO | full_experiments_using.model_trainers.mobile_vit_trainer | Ep [032/500] T-Acc:  61.8%  V-Acc:  54.4%  V-AUROC: 0.5711  LR: 1.00e-03
2026-08-01 21:47:34,113 | [FULL    ] | INFO | full_experiments_using.model_trainers.mobile_vit_trainer |   ↳ new best AUROC; saved checkpoint: /home/oem/choihyunsu/VOGBasedMCIDetection/outputs/checkpoints/run_20260801_202901_full_wvote_artifact30_4err/fold_08_best.pth
2026-08-01 21:47:48,162 | [FULL    ] | INFO | full_experiments_using.model_trainers.mobile_vit_trainer | Ep [033/500] T-Acc:  62.0%  V-Acc:  54.3%  V-AUROC: 0.5714  LR: 1.00e-03
2026-08-01 21:47:48,278 | [FULL    ] | INFO | full_experiments_using.model_trainers.mobile_vit_trainer |   ↳ new best AUROC; saved checkpoint: /home/oem/choihyunsu/VOGBasedMCIDetection/outputs/checkpoints/run_20260801_202901_full_wvote_artifact30_4err/fold_08_best.pth
2026-08-01 21:48:02,290 | [FULL    ] | INFO | full_experiments_using.model_trainers.mobile_vit_trainer | Ep [034/500] T-Acc:  61.2%  V-Acc:  53.6%  V-AUROC: 0.5694  LR: 1.00e-03
2026-08-01 21:48:16,219 | [FULL    ] | INFO | full_experiments_using.model_trainers.mobile_vit_trainer | Ep [035/500] T-Acc:  62.4%  V-Acc:  54.1%  V-AUROC: 0.5684  LR: 1.00e-03
2026-08-01 21:48:30,340 | [FULL    ] | INFO | full_experiments_using.model_trainers.mobile_vit_trainer | Ep [036/500] T-Acc:  61.1%  V-Acc:  54.0%  V-AUROC: 0.5671  LR: 1.00e-03
2026-08-01 21:48:44,471 | [FULL    ] | INFO | full_experiments_using.model_trainers.mobile_vit_trainer | Ep [037/500] T-Acc:  62.8%  V-Acc:  55.1%  V-AUROC: 0.5740  LR: 1.00e-03
2026-08-01 21:48:44,588 | [FULL    ] | INFO | full_experiments_using.model_trainers.mobile_vit_trainer |   ↳ new best AUROC; saved checkpoint: /home/oem/choihyunsu/VOGBasedMCIDetection/outputs/checkpoints/run_20260801_202901_full_wvote_artifact30_4err/fold_08_best.pth
2026-08-01 21:48:58,533 | [FULL    ] | INFO | full_experiments_using.model_trainers.mobile_vit_trainer | Ep [038/500] T-Acc:  61.5%  V-Acc:  54.8%  V-AUROC: 0.5719  LR: 1.00e-03
2026-08-01 21:49:12,544 | [FULL    ] | INFO | full_experiments_using.model_trainers.mobile_vit_trainer | Ep [039/500] T-Acc:  62.3%  V-Acc:  55.2%  V-AUROC: 0.5734  LR: 1.00e-03
2026-08-01 21:49:26,511 | [FULL    ] | INFO | full_experiments_using.model_trainers.mobile_vit_trainer | Ep [040/500] T-Acc:  62.3%  V-Acc:  54.2%  V-AUROC: 0.5749  LR: 1.00e-03
2026-08-01 21:49:26,626 | [FULL    ] | INFO | full_experiments_using.model_trainers.mobile_vit_trainer |   ↳ new best AUROC; saved checkpoint: /home/oem/choihyunsu/VOGBasedMCIDetection/outputs/checkpoints/run_20260801_202901_full_wvote_artifact30_4err/fold_08_best.pth
2026-08-01 21:49:41,216 | [FULL    ] | INFO | full_experiments_using.model_trainers.mobile_vit_trainer | Ep [041/500] T-Acc:  62.7%  V-Acc:  54.9%  V-AUROC: 0.5718  LR: 1.00e-03
2026-08-01 21:49:55,716 | [FULL    ] | INFO | full_experiments_using.model_trainers.mobile_vit_trainer | Ep [042/500] T-Acc:  62.4%  V-Acc:  55.1%  V-AUROC: 0.5743  LR: 1.00e-03
2026-08-01 21:50:09,791 | [FULL    ] | INFO | full_experiments_using.model_trainers.mobile_vit_trainer | Ep [043/500] T-Acc:  63.2%  V-Acc:  54.7%  V-AUROC: 0.5729  LR: 1.00e-03
2026-08-01 21:50:23,687 | [FULL    ] | INFO | full_experiments_using.model_trainers.mobile_vit_trainer | Ep [044/500] T-Acc:  62.6%  V-Acc:  55.3%  V-AUROC: 0.5747  LR: 1.00e-03
2026-08-01 21:50:38,028 | [FULL    ] | INFO | full_experiments_using.model_trainers.mobile_vit_trainer | Ep [045/500] T-Acc:  62.7%  V-Acc:  55.1%  V-AUROC: 0.5790  LR: 1.00e-03
2026-08-01 21:50:38,144 | [FULL    ] | INFO | full_experiments_using.model_trainers.mobile_vit_trainer |   ↳ new best AUROC; saved checkpoint: /home/oem/choihyunsu/VOGBasedMCIDetection/outputs/checkpoints/run_20260801_202901_full_wvote_artifact30_4err/fold_08_best.pth
2026-08-01 21:50:52,167 | [FULL    ] | INFO | full_experiments_using.model_trainers.mobile_vit_trainer | Ep [046/500] T-Acc:  62.2%  V-Acc:  54.4%  V-AUROC: 0.5755  LR: 1.00e-03
2026-08-01 21:51:06,151 | [FULL    ] | INFO | full_experiments_using.model_trainers.mobile_vit_trainer | Ep [047/500] T-Acc:  62.3%  V-Acc:  55.3%  V-AUROC: 0.5738  LR: 1.00e-03
2026-08-01 21:51:20,113 | [FULL    ] | INFO | full_experiments_using.model_trainers.mobile_vit_trainer | Ep [048/500] T-Acc:  62.3%  V-Acc:  55.2%  V-AUROC: 0.5770  LR: 1.00e-03
2026-08-01 21:51:34,311 | [FULL    ] | INFO | full_experiments_using.model_trainers.mobile_vit_trainer | Ep [049/500] T-Acc:  62.8%  V-Acc:  54.7%  V-AUROC: 0.5726  LR: 1.00e-03
2026-08-01 21:51:48,264 | [FULL    ] | INFO | full_experiments_using.model_trainers.mobile_vit_trainer | Ep [050/500] T-Acc:  63.0%  V-Acc:  54.7%  V-AUROC: 0.5702  LR: 1.00e-03
2026-08-01 21:52:02,253 | [FULL    ] | INFO | full_experiments_using.model_trainers.mobile_vit_trainer | Ep [051/500] T-Acc:  63.5%  V-Acc:  54.6%  V-AUROC: 0.5764  LR: 1.00e-03
2026-08-01 21:52:16,199 | [FULL    ] | INFO | full_experiments_using.model_trainers.mobile_vit_trainer | Ep [052/500] T-Acc:  63.8%  V-Acc:  54.7%  V-AUROC: 0.5766  LR: 1.00e-03
2026-08-01 21:52:30,062 | [FULL    ] | INFO | full_experiments_using.model_trainers.mobile_vit_trainer | Ep [053/500] T-Acc:  62.5%  V-Acc:  54.4%  V-AUROC: 0.5720  LR: 1.00e-03
2026-08-01 21:52:43,835 | [FULL    ] | INFO | full_experiments_using.model_trainers.mobile_vit_trainer | Ep [054/500] T-Acc:  62.8%  V-Acc:  54.4%  V-AUROC: 0.5760  LR: 1.00e-03
2026-08-01 21:52:57,915 | [FULL    ] | INFO | full_experiments_using.model_trainers.mobile_vit_trainer | Ep [055/500] T-Acc:  63.1%  V-Acc:  54.6%  V-AUROC: 0.5731  LR: 1.00e-03
2026-08-01 21:53:11,892 | [FULL    ] | INFO | full_experiments_using.model_trainers.mobile_vit_trainer | Ep [056/500] T-Acc:  64.0%  V-Acc:  55.1%  V-AUROC: 0.5729  LR: 1.00e-03
2026-08-01 21:53:25,864 | [FULL    ] | INFO | full_experiments_using.model_trainers.mobile_vit_trainer | Ep [057/500] T-Acc:  62.9%  V-Acc:  55.5%  V-AUROC: 0.5700  LR: 2.00e-04
2026-08-01 21:53:39,792 | [FULL    ] | INFO | full_experiments_using.model_trainers.mobile_vit_trainer | Ep [058/500] T-Acc:  63.3%  V-Acc:  55.5%  V-AUROC: 0.5753  LR: 2.00e-04
2026-08-01 21:53:53,758 | [FULL    ] | INFO | full_experiments_using.model_trainers.mobile_vit_trainer | Ep [059/500] T-Acc:  62.7%  V-Acc:  54.7%  V-AUROC: 0.5758  LR: 2.00e-04
2026-08-01 21:54:08,193 | [FULL    ] | INFO | full_experiments_using.model_trainers.mobile_vit_trainer | Ep [060/500] T-Acc:  64.0%  V-Acc:  55.5%  V-AUROC: 0.5761  LR: 2.00e-04
2026-08-01 21:54:22,431 | [FULL    ] | INFO | full_experiments_using.model_trainers.mobile_vit_trainer | Ep [061/500] T-Acc:  63.1%  V-Acc:  55.3%  V-AUROC: 0.5761  LR: 2.00e-04
2026-08-01 21:54:36,521 | [FULL    ] | INFO | full_experiments_using.model_trainers.mobile_vit_trainer | Ep [062/500] T-Acc:  63.4%  V-Acc:  55.1%  V-AUROC: 0.5767  LR: 2.00e-04
2026-08-01 21:54:50,470 | [FULL    ] | INFO | full_experiments_using.model_trainers.mobile_vit_trainer | Ep [063/500] T-Acc:  63.9%  V-Acc:  55.6%  V-AUROC: 0.5758  LR: 2.00e-04
2026-08-01 21:55:04,223 | [FULL    ] | INFO | full_experiments_using.model_trainers.mobile_vit_trainer | Ep [064/500] T-Acc:  63.7%  V-Acc:  55.4%  V-AUROC: 0.5763  LR: 2.00e-04
2026-08-01 21:55:18,139 | [FULL    ] | INFO | full_experiments_using.model_trainers.mobile_vit_trainer | Ep [065/500] T-Acc:  64.1%  V-Acc:  55.3%  V-AUROC: 0.5775  LR: 2.00e-04
2026-08-01 21:55:32,089 | [FULL    ] | INFO | full_experiments_using.model_trainers.mobile_vit_trainer | Ep [066/500] T-Acc:  63.3%  V-Acc:  55.3%  V-AUROC: 0.5763  LR: 2.00e-04
2026-08-01 21:55:46,226 | [FULL    ] | INFO | full_experiments_using.model_trainers.mobile_vit_trainer | Ep [067/500] T-Acc:  64.4%  V-Acc:  55.3%  V-AUROC: 0.5740  LR: 2.00e-04
2026-08-01 21:56:00,331 | [FULL    ] | INFO | full_experiments_using.model_trainers.mobile_vit_trainer | Ep [068/500] T-Acc:  63.6%  V-Acc:  55.1%  V-AUROC: 0.5785  LR: 4.00e-05
2026-08-01 21:56:14,272 | [FULL    ] | INFO | full_experiments_using.model_trainers.mobile_vit_trainer | Ep [069/500] T-Acc:  64.7%  V-Acc:  55.2%  V-AUROC: 0.5765  LR: 4.00e-05
2026-08-01 21:56:28,241 | [FULL    ] | INFO | full_experiments_using.model_trainers.mobile_vit_trainer | Ep [070/500] T-Acc:  64.1%  V-Acc:  55.3%  V-AUROC: 0.5770  LR: 4.00e-05
2026-08-01 21:56:42,255 | [FULL    ] | INFO | full_experiments_using.model_trainers.mobile_vit_trainer | Ep [071/500] T-Acc:  63.2%  V-Acc:  55.3%  V-AUROC: 0.5761  LR: 4.00e-05
2026-08-01 21:56:56,154 | [FULL    ] | INFO | full_experiments_using.model_trainers.mobile_vit_trainer | Ep [072/500] T-Acc:  64.3%  V-Acc:  55.2%  V-AUROC: 0.5772  LR: 4.00e-05
2026-08-01 21:57:10,168 | [FULL    ] | INFO | full_experiments_using.model_trainers.mobile_vit_trainer | Ep [073/500] T-Acc:  63.5%  V-Acc:  55.0%  V-AUROC: 0.5766  LR: 4.00e-05
2026-08-01 21:57:24,345 | [FULL    ] | INFO | full_experiments_using.model_trainers.mobile_vit_trainer | Ep [074/500] T-Acc:  64.5%  V-Acc:  55.0%  V-AUROC: 0.5777  LR: 4.00e-05
2026-08-01 21:57:38,319 | [FULL    ] | INFO | full_experiments_using.model_trainers.mobile_vit_trainer | Ep [075/500] T-Acc:  63.0%  V-Acc:  54.8%  V-AUROC: 0.5765  LR: 4.00e-05
2026-08-01 21:57:38,320 | [FULL    ] | INFO | full_experiments_using.model_trainers.mobile_vit_trainer | Early stop — best AUROC 0.5790 at epoch 45 (no improvement for 30 epochs)
2026-08-01 21:57:38,320 | [FULL    ] | INFO | full_experiments_using.model_trainers.mobile_vit_trainer | Done. Best AUROC: 0.5790 (epoch 45) → /home/oem/choihyunsu/VOGBasedMCIDetection/outputs/checkpoints/run_20260801_202901_full_wvote_artifact30_4err/fold_08_best.pth
2026-08-01 21:57:42,943 | [FULL    ] | INFO | full_experiments_using.evaluators.monte_carlo_evaluator | -> Fold 09 Result | Acc=0.545 Sens=0.500 Spec=0.600 AUROC=0.667
2026-08-01 21:57:42,947 | [FULL    ] | INFO | full_experiments_using.evaluators.monte_carlo_evaluator | === Fold 10/30 | train: 25 subj (HC=10 MCI=15) / 3814 win | test: 12 subj (HC=4 MCI=8) / 1901 win ===
2026-08-01 21:57:43,186 | [FULL    ] | INFO | httpx | HTTP Request: HEAD https://huggingface.co/apple/mobilevit-small/resolve/main/config.json "HTTP/1.1 307 Temporary Redirect"
2026-08-01 21:57:43,198 | [FULL    ] | INFO | httpx | HTTP Request: HEAD https://huggingface.co/api/resolve-cache/models/apple/mobilevit-small/6c8612545dc98676d27bc518fa521d9e9af23e34/config.json "HTTP/1.1 200 OK"
2026-08-01 21:57:43,440 | [FULL    ] | INFO | httpx | HTTP Request: HEAD https://huggingface.co/apple/mobilevit-small/resolve/main/model.safetensors "HTTP/1.1 404 Not Found"
2026-08-01 21:57:43,681 | [FULL    ] | INFO | httpx | HTTP Request: HEAD https://huggingface.co/apple/mobilevit-small/resolve/main/model.safetensors.index.json "HTTP/1.1 404 Not Found"
2026-08-01 21:57:43,890 | [FULL    ] | INFO | httpx | HTTP Request: HEAD https://huggingface.co/apple/mobilevit-small/resolve/main/pytorch_model.bin "HTTP/1.1 302 Found"
2026-08-01 21:57:44,094 | [FULL    ] | INFO | httpx | HTTP Request: HEAD https://huggingface.co/apple/mobilevit-small/resolve/main/model.safetensors "HTTP/1.1 404 Not Found"
2026-08-01 21:57:44,309 | [FULL    ] | INFO | httpx | HTTP Request: GET https://huggingface.co/api/models/apple/mobilevit-small "HTTP/1.1 200 OK"
2026-08-01 21:57:44,530 | [FULL    ] | INFO | httpx | HTTP Request: GET https://huggingface.co/api/models/apple/mobilevit-small/commits/main "HTTP/1.1 200 OK"
2026-08-01 21:57:44,624 | [FULL    ] | INFO | full_experiments_using.model_trainers.mobile_vit_trainer | Device: cuda | max_epochs=500 | batch=32 | eval_batch=256 | es_patience=30
2026-08-01 21:57:44,629 | [FULL    ] | INFO | full_experiments_using.model_trainers.mobile_vit_trainer | CE weights — HC: 1.077  MCI: 0.933
2026-08-01 21:57:44,750 | [FULL    ] | INFO | httpx | HTTP Request: GET https://huggingface.co/api/models/apple/mobilevit-small/discussions?p=0 "HTTP/1.1 200 OK"
2026-08-01 21:57:44,972 | [FULL    ] | INFO | httpx | HTTP Request: GET https://huggingface.co/api/models/apple/mobilevit-small/commits/refs%2Fpr%2F6 "HTTP/1.1 200 OK"
2026-08-01 21:57:45,176 | [FULL    ] | INFO | httpx | HTTP Request: HEAD https://huggingface.co/apple/mobilevit-small/resolve/refs%2Fpr%2F6/model.safetensors.index.json "HTTP/1.1 404 Not Found"
2026-08-01 21:57:45,401 | [FULL    ] | INFO | httpx | HTTP Request: HEAD https://huggingface.co/apple/mobilevit-small/resolve/refs%2Fpr%2F6/model.safetensors "HTTP/1.1 302 Found"
2026-08-01 21:58:05,602 | [FULL    ] | INFO | full_experiments_using.model_trainers.mobile_vit_trainer | Ep [001/500] T-Acc:  49.2%  V-Acc:  49.1%  V-AUROC: 0.5177  LR: 2.00e-04
2026-08-01 21:58:05,645 | [FULL    ] | INFO | full_experiments_using.model_trainers.mobile_vit_trainer |   ↳ new best AUROC; saved checkpoint: /home/oem/choihyunsu/VOGBasedMCIDetection/outputs/checkpoints/run_20260801_202901_full_wvote_artifact30_4err/fold_09_best.pth
2026-08-01 21:58:19,871 | [FULL    ] | INFO | full_experiments_using.model_trainers.mobile_vit_trainer | Ep [002/500] T-Acc:  50.3%  V-Acc:  49.1%  V-AUROC: 0.5179  LR: 4.00e-04
2026-08-01 21:58:19,993 | [FULL    ] | INFO | full_experiments_using.model_trainers.mobile_vit_trainer |   ↳ new best AUROC; saved checkpoint: /home/oem/choihyunsu/VOGBasedMCIDetection/outputs/checkpoints/run_20260801_202901_full_wvote_artifact30_4err/fold_09_best.pth
2026-08-01 21:58:34,145 | [FULL    ] | INFO | full_experiments_using.model_trainers.mobile_vit_trainer | Ep [003/500] T-Acc:  49.5%  V-Acc:  49.4%  V-AUROC: 0.5294  LR: 6.00e-04
2026-08-01 21:58:34,260 | [FULL    ] | INFO | full_experiments_using.model_trainers.mobile_vit_trainer |   ↳ new best AUROC; saved checkpoint: /home/oem/choihyunsu/VOGBasedMCIDetection/outputs/checkpoints/run_20260801_202901_full_wvote_artifact30_4err/fold_09_best.pth
2026-08-01 21:58:47,994 | [FULL    ] | INFO | full_experiments_using.model_trainers.mobile_vit_trainer | Ep [004/500] T-Acc:  51.0%  V-Acc:  52.4%  V-AUROC: 0.5536  LR: 8.00e-04
2026-08-01 21:58:48,109 | [FULL    ] | INFO | full_experiments_using.model_trainers.mobile_vit_trainer |   ↳ new best AUROC; saved checkpoint: /home/oem/choihyunsu/VOGBasedMCIDetection/outputs/checkpoints/run_20260801_202901_full_wvote_artifact30_4err/fold_09_best.pth
2026-08-01 21:59:02,170 | [FULL    ] | INFO | full_experiments_using.model_trainers.mobile_vit_trainer | Ep [005/500] T-Acc:  52.6%  V-Acc:  54.4%  V-AUROC: 0.5558  LR: 1.00e-03
2026-08-01 21:59:02,286 | [FULL    ] | INFO | full_experiments_using.model_trainers.mobile_vit_trainer |   ↳ new best AUROC; saved checkpoint: /home/oem/choihyunsu/VOGBasedMCIDetection/outputs/checkpoints/run_20260801_202901_full_wvote_artifact30_4err/fold_09_best.pth
2026-08-01 21:59:16,481 | [FULL    ] | INFO | full_experiments_using.model_trainers.mobile_vit_trainer | Ep [006/500] T-Acc:  53.8%  V-Acc:  50.7%  V-AUROC: 0.5593  LR: 1.00e-03
2026-08-01 21:59:16,596 | [FULL    ] | INFO | full_experiments_using.model_trainers.mobile_vit_trainer |   ↳ new best AUROC; saved checkpoint: /home/oem/choihyunsu/VOGBasedMCIDetection/outputs/checkpoints/run_20260801_202901_full_wvote_artifact30_4err/fold_09_best.pth
2026-08-01 21:59:30,628 | [FULL    ] | INFO | full_experiments_using.model_trainers.mobile_vit_trainer | Ep [007/500] T-Acc:  54.4%  V-Acc:  55.7%  V-AUROC: 0.5741  LR: 1.00e-03
2026-08-01 21:59:30,743 | [FULL    ] | INFO | full_experiments_using.model_trainers.mobile_vit_trainer |   ↳ new best AUROC; saved checkpoint: /home/oem/choihyunsu/VOGBasedMCIDetection/outputs/checkpoints/run_20260801_202901_full_wvote_artifact30_4err/fold_09_best.pth
2026-08-01 21:59:44,820 | [FULL    ] | INFO | full_experiments_using.model_trainers.mobile_vit_trainer | Ep [008/500] T-Acc:  55.6%  V-Acc:  56.7%  V-AUROC: 0.5842  LR: 1.00e-03
2026-08-01 21:59:44,935 | [FULL    ] | INFO | full_experiments_using.model_trainers.mobile_vit_trainer |   ↳ new best AUROC; saved checkpoint: /home/oem/choihyunsu/VOGBasedMCIDetection/outputs/checkpoints/run_20260801_202901_full_wvote_artifact30_4err/fold_09_best.pth
2026-08-01 21:59:58,972 | [FULL    ] | INFO | full_experiments_using.model_trainers.mobile_vit_trainer | Ep [009/500] T-Acc:  56.2%  V-Acc:  57.3%  V-AUROC: 0.5897  LR: 1.00e-03
2026-08-01 21:59:59,086 | [FULL    ] | INFO | full_experiments_using.model_trainers.mobile_vit_trainer |   ↳ new best AUROC; saved checkpoint: /home/oem/choihyunsu/VOGBasedMCIDetection/outputs/checkpoints/run_20260801_202901_full_wvote_artifact30_4err/fold_09_best.pth
2026-08-01 22:00:13,275 | [FULL    ] | INFO | full_experiments_using.model_trainers.mobile_vit_trainer | Ep [010/500] T-Acc:  57.1%  V-Acc:  56.0%  V-AUROC: 0.5861  LR: 1.00e-03
2026-08-01 22:00:27,315 | [FULL    ] | INFO | full_experiments_using.model_trainers.mobile_vit_trainer | Ep [011/500] T-Acc:  57.0%  V-Acc:  55.3%  V-AUROC: 0.5829  LR: 1.00e-03
2026-08-01 22:00:41,517 | [FULL    ] | INFO | full_experiments_using.model_trainers.mobile_vit_trainer | Ep [012/500] T-Acc:  57.4%  V-Acc:  54.7%  V-AUROC: 0.5899  LR: 1.00e-03
2026-08-01 22:00:41,631 | [FULL    ] | INFO | full_experiments_using.model_trainers.mobile_vit_trainer |   ↳ new best AUROC; saved checkpoint: /home/oem/choihyunsu/VOGBasedMCIDetection/outputs/checkpoints/run_20260801_202901_full_wvote_artifact30_4err/fold_09_best.pth
2026-08-01 22:00:55,787 | [FULL    ] | INFO | full_experiments_using.model_trainers.mobile_vit_trainer | Ep [013/500] T-Acc:  57.0%  V-Acc:  57.3%  V-AUROC: 0.6180  LR: 1.00e-03
2026-08-01 22:00:55,898 | [FULL    ] | INFO | full_experiments_using.model_trainers.mobile_vit_trainer |   ↳ new best AUROC; saved checkpoint: /home/oem/choihyunsu/VOGBasedMCIDetection/outputs/checkpoints/run_20260801_202901_full_wvote_artifact30_4err/fold_09_best.pth
2026-08-01 22:01:09,936 | [FULL    ] | INFO | full_experiments_using.model_trainers.mobile_vit_trainer | Ep [014/500] T-Acc:  57.5%  V-Acc:  56.2%  V-AUROC: 0.6102  LR: 1.00e-03
2026-08-01 22:01:24,114 | [FULL    ] | INFO | full_experiments_using.model_trainers.mobile_vit_trainer | Ep [015/500] T-Acc:  58.1%  V-Acc:  56.0%  V-AUROC: 0.5990  LR: 1.00e-03
2026-08-01 22:01:38,126 | [FULL    ] | INFO | full_experiments_using.model_trainers.mobile_vit_trainer | Ep [016/500] T-Acc:  59.0%  V-Acc:  58.1%  V-AUROC: 0.6137  LR: 1.00e-03
2026-08-01 22:01:52,175 | [FULL    ] | INFO | full_experiments_using.model_trainers.mobile_vit_trainer | Ep [017/500] T-Acc:  59.0%  V-Acc:  57.9%  V-AUROC: 0.6046  LR: 1.00e-03
2026-08-01 22:02:06,385 | [FULL    ] | INFO | full_experiments_using.model_trainers.mobile_vit_trainer | Ep [018/500] T-Acc:  58.3%  V-Acc:  57.0%  V-AUROC: 0.6154  LR: 1.00e-03
2026-08-01 22:02:20,503 | [FULL    ] | INFO | full_experiments_using.model_trainers.mobile_vit_trainer | Ep [019/500] T-Acc:  59.5%  V-Acc:  57.1%  V-AUROC: 0.6121  LR: 1.00e-03
2026-08-01 22:02:34,661 | [FULL    ] | INFO | full_experiments_using.model_trainers.mobile_vit_trainer | Ep [020/500] T-Acc:  59.1%  V-Acc:  58.1%  V-AUROC: 0.6159  LR: 1.00e-03
2026-08-01 22:02:48,720 | [FULL    ] | INFO | full_experiments_using.model_trainers.mobile_vit_trainer | Ep [021/500] T-Acc:  59.5%  V-Acc:  57.3%  V-AUROC: 0.6115  LR: 1.00e-03
2026-08-01 22:03:02,746 | [FULL    ] | INFO | full_experiments_using.model_trainers.mobile_vit_trainer | Ep [022/500] T-Acc:  59.5%  V-Acc:  58.2%  V-AUROC: 0.6188  LR: 1.00e-03
2026-08-01 22:03:02,863 | [FULL    ] | INFO | full_experiments_using.model_trainers.mobile_vit_trainer |   ↳ new best AUROC; saved checkpoint: /home/oem/choihyunsu/VOGBasedMCIDetection/outputs/checkpoints/run_20260801_202901_full_wvote_artifact30_4err/fold_09_best.pth
2026-08-01 22:03:16,834 | [FULL    ] | INFO | full_experiments_using.model_trainers.mobile_vit_trainer | Ep [023/500] T-Acc:  59.9%  V-Acc:  57.0%  V-AUROC: 0.6075  LR: 1.00e-03
2026-08-01 22:03:31,059 | [FULL    ] | INFO | full_experiments_using.model_trainers.mobile_vit_trainer | Ep [024/500] T-Acc:  60.5%  V-Acc:  56.5%  V-AUROC: 0.6124  LR: 1.00e-03
2026-08-01 22:03:45,073 | [FULL    ] | INFO | full_experiments_using.model_trainers.mobile_vit_trainer | Ep [025/500] T-Acc:  60.3%  V-Acc:  56.2%  V-AUROC: 0.6117  LR: 1.00e-03
2026-08-01 22:03:59,301 | [FULL    ] | INFO | full_experiments_using.model_trainers.mobile_vit_trainer | Ep [026/500] T-Acc:  59.4%  V-Acc:  56.7%  V-AUROC: 0.6139  LR: 1.00e-03
2026-08-01 22:04:11,455 | [FULL    ] | INFO | full_experiments_using.model_trainers.mobile_vit_trainer | Ep [027/500] T-Acc:  61.2%  V-Acc:  57.7%  V-AUROC: 0.6138  LR: 1.00e-03
2026-08-01 22:04:23,918 | [FULL    ] | INFO | full_experiments_using.model_trainers.mobile_vit_trainer | Ep [028/500] T-Acc:  59.9%  V-Acc:  57.0%  V-AUROC: 0.6169  LR: 1.00e-03
2026-08-01 22:04:37,207 | [FULL    ] | INFO | full_experiments_using.model_trainers.mobile_vit_trainer | Ep [029/500] T-Acc:  59.7%  V-Acc:  56.3%  V-AUROC: 0.6100  LR: 1.00e-03
2026-08-01 22:04:51,210 | [FULL    ] | INFO | full_experiments_using.model_trainers.mobile_vit_trainer | Ep [030/500] T-Acc:  61.1%  V-Acc:  57.7%  V-AUROC: 0.6143  LR: 1.00e-03
2026-08-01 22:05:05,143 | [FULL    ] | INFO | full_experiments_using.model_trainers.mobile_vit_trainer | Ep [031/500] T-Acc:  60.6%  V-Acc:  56.6%  V-AUROC: 0.6149  LR: 1.00e-03
2026-08-01 22:05:19,095 | [FULL    ] | INFO | full_experiments_using.model_trainers.mobile_vit_trainer | Ep [032/500] T-Acc:  59.9%  V-Acc:  56.0%  V-AUROC: 0.6182  LR: 1.00e-03
2026-08-01 22:05:33,084 | [FULL    ] | INFO | full_experiments_using.model_trainers.mobile_vit_trainer | Ep [033/500] T-Acc:  61.2%  V-Acc:  56.2%  V-AUROC: 0.6137  LR: 1.00e-03
2026-08-01 22:05:47,045 | [FULL    ] | INFO | full_experiments_using.model_trainers.mobile_vit_trainer | Ep [034/500] T-Acc:  61.7%  V-Acc:  56.4%  V-AUROC: 0.6149  LR: 2.00e-04
2026-08-01 22:06:01,042 | [FULL    ] | INFO | full_experiments_using.model_trainers.mobile_vit_trainer | Ep [035/500] T-Acc:  60.8%  V-Acc:  57.1%  V-AUROC: 0.6131  LR: 2.00e-04
2026-08-01 22:06:14,979 | [FULL    ] | INFO | full_experiments_using.model_trainers.mobile_vit_trainer | Ep [036/500] T-Acc:  61.4%  V-Acc:  56.9%  V-AUROC: 0.6126  LR: 2.00e-04
2026-08-01 22:06:28,938 | [FULL    ] | INFO | full_experiments_using.model_trainers.mobile_vit_trainer | Ep [037/500] T-Acc:  61.9%  V-Acc:  57.0%  V-AUROC: 0.6173  LR: 2.00e-04
2026-08-01 22:06:42,818 | [FULL    ] | INFO | full_experiments_using.model_trainers.mobile_vit_trainer | Ep [038/500] T-Acc:  61.3%  V-Acc:  56.5%  V-AUROC: 0.6141  LR: 2.00e-04
2026-08-01 22:06:57,025 | [FULL    ] | INFO | full_experiments_using.model_trainers.mobile_vit_trainer | Ep [039/500] T-Acc:  61.7%  V-Acc:  56.4%  V-AUROC: 0.6127  LR: 2.00e-04
2026-08-01 22:07:11,164 | [FULL    ] | INFO | full_experiments_using.model_trainers.mobile_vit_trainer | Ep [040/500] T-Acc:  61.4%  V-Acc:  56.9%  V-AUROC: 0.6136  LR: 2.00e-04
2026-08-01 22:07:25,126 | [FULL    ] | INFO | full_experiments_using.model_trainers.mobile_vit_trainer | Ep [041/500] T-Acc:  61.0%  V-Acc:  57.2%  V-AUROC: 0.6155  LR: 2.00e-04
2026-08-01 22:07:39,089 | [FULL    ] | INFO | full_experiments_using.model_trainers.mobile_vit_trainer | Ep [042/500] T-Acc:  61.6%  V-Acc:  56.3%  V-AUROC: 0.6137  LR: 2.00e-04
2026-08-01 22:07:53,037 | [FULL    ] | INFO | full_experiments_using.model_trainers.mobile_vit_trainer | Ep [043/500] T-Acc:  61.7%  V-Acc:  56.4%  V-AUROC: 0.6145  LR: 2.00e-04
2026-08-01 22:08:07,260 | [FULL    ] | INFO | full_experiments_using.model_trainers.mobile_vit_trainer | Ep [044/500] T-Acc:  60.8%  V-Acc:  56.7%  V-AUROC: 0.6167  LR: 2.00e-04
2026-08-01 22:08:21,309 | [FULL    ] | INFO | full_experiments_using.model_trainers.mobile_vit_trainer | Ep [045/500] T-Acc:  62.0%  V-Acc:  56.2%  V-AUROC: 0.6164  LR: 4.00e-05
2026-08-01 22:08:35,376 | [FULL    ] | INFO | full_experiments_using.model_trainers.mobile_vit_trainer | Ep [046/500] T-Acc:  61.3%  V-Acc:  56.4%  V-AUROC: 0.6156  LR: 4.00e-05
2026-08-01 22:08:49,131 | [FULL    ] | INFO | full_experiments_using.model_trainers.mobile_vit_trainer | Ep [047/500] T-Acc:  60.8%  V-Acc:  57.2%  V-AUROC: 0.6162  LR: 4.00e-05
2026-08-01 22:09:03,123 | [FULL    ] | INFO | full_experiments_using.model_trainers.mobile_vit_trainer | Ep [048/500] T-Acc:  61.1%  V-Acc:  56.9%  V-AUROC: 0.6149  LR: 4.00e-05
2026-08-01 22:09:17,334 | [FULL    ] | INFO | full_experiments_using.model_trainers.mobile_vit_trainer | Ep [049/500] T-Acc:  61.9%  V-Acc:  57.4%  V-AUROC: 0.6159  LR: 4.00e-05
2026-08-01 22:09:31,287 | [FULL    ] | INFO | full_experiments_using.model_trainers.mobile_vit_trainer | Ep [050/500] T-Acc:  61.1%  V-Acc:  56.7%  V-AUROC: 0.6170  LR: 4.00e-05
2026-08-01 22:09:45,255 | [FULL    ] | INFO | full_experiments_using.model_trainers.mobile_vit_trainer | Ep [051/500] T-Acc:  61.8%  V-Acc:  57.0%  V-AUROC: 0.6171  LR: 4.00e-05
2026-08-01 22:09:59,331 | [FULL    ] | INFO | full_experiments_using.model_trainers.mobile_vit_trainer | Ep [052/500] T-Acc:  62.0%  V-Acc:  56.4%  V-AUROC: 0.6154  LR: 4.00e-05
2026-08-01 22:09:59,331 | [FULL    ] | INFO | full_experiments_using.model_trainers.mobile_vit_trainer | Early stop — best AUROC 0.6188 at epoch 22 (no improvement for 30 epochs)
2026-08-01 22:09:59,331 | [FULL    ] | INFO | full_experiments_using.model_trainers.mobile_vit_trainer | Done. Best AUROC: 0.6188 (epoch 22) → /home/oem/choihyunsu/VOGBasedMCIDetection/outputs/checkpoints/run_20260801_202901_full_wvote_artifact30_4err/fold_09_best.pth
2026-08-01 22:10:03,894 | [FULL    ] | INFO | full_experiments_using.evaluators.monte_carlo_evaluator | -> Fold 10 Result | Acc=0.545 Sens=0.375 Spec=1.000 AUROC=0.917
2026-08-01 22:10:03,901 | [FULL    ] | INFO | full_experiments_using.evaluators.monte_carlo_evaluator | === Fold 11/30 | train: 25 subj (HC=8 MCI=17) / 3933 win | test: 12 subj (HC=6 MCI=6) / 1782 win ===
2026-08-01 22:10:04,167 | [FULL    ] | INFO | httpx | HTTP Request: HEAD https://huggingface.co/apple/mobilevit-small/resolve/main/config.json "HTTP/1.1 307 Temporary Redirect"
2026-08-01 22:10:04,183 | [FULL    ] | INFO | httpx | HTTP Request: HEAD https://huggingface.co/api/resolve-cache/models/apple/mobilevit-small/6c8612545dc98676d27bc518fa521d9e9af23e34/config.json "HTTP/1.1 200 OK"
2026-08-01 22:10:04,421 | [FULL    ] | INFO | httpx | HTTP Request: HEAD https://huggingface.co/apple/mobilevit-small/resolve/main/model.safetensors "HTTP/1.1 404 Not Found"
2026-08-01 22:10:04,652 | [FULL    ] | INFO | httpx | HTTP Request: HEAD https://huggingface.co/apple/mobilevit-small/resolve/main/model.safetensors.index.json "HTTP/1.1 404 Not Found"
2026-08-01 22:10:04,862 | [FULL    ] | INFO | httpx | HTTP Request: HEAD https://huggingface.co/apple/mobilevit-small/resolve/main/pytorch_model.bin "HTTP/1.1 302 Found"
2026-08-01 22:10:05,077 | [FULL    ] | INFO | httpx | HTTP Request: HEAD https://huggingface.co/apple/mobilevit-small/resolve/main/model.safetensors "HTTP/1.1 404 Not Found"
2026-08-01 22:10:05,297 | [FULL    ] | INFO | httpx | HTTP Request: GET https://huggingface.co/api/models/apple/mobilevit-small "HTTP/1.1 200 OK"
2026-08-01 22:10:05,522 | [FULL    ] | INFO | httpx | HTTP Request: GET https://huggingface.co/api/models/apple/mobilevit-small/commits/main "HTTP/1.1 200 OK"
2026-08-01 22:10:05,625 | [FULL    ] | INFO | full_experiments_using.model_trainers.mobile_vit_trainer | Device: cuda | max_epochs=500 | batch=32 | eval_batch=256 | es_patience=30
2026-08-01 22:10:05,630 | [FULL    ] | INFO | full_experiments_using.model_trainers.mobile_vit_trainer | CE weights — HC: 1.344  MCI: 0.796
2026-08-01 22:10:05,740 | [FULL    ] | INFO | httpx | HTTP Request: GET https://huggingface.co/api/models/apple/mobilevit-small/discussions?p=0 "HTTP/1.1 200 OK"
2026-08-01 22:10:05,970 | [FULL    ] | INFO | httpx | HTTP Request: GET https://huggingface.co/api/models/apple/mobilevit-small/commits/refs%2Fpr%2F6 "HTTP/1.1 200 OK"
2026-08-01 22:10:06,180 | [FULL    ] | INFO | httpx | HTTP Request: HEAD https://huggingface.co/apple/mobilevit-small/resolve/refs%2Fpr%2F6/model.safetensors.index.json "HTTP/1.1 404 Not Found"
2026-08-01 22:10:06,457 | [FULL    ] | INFO | httpx | HTTP Request: HEAD https://huggingface.co/apple/mobilevit-small/resolve/refs%2Fpr%2F6/model.safetensors "HTTP/1.1 302 Found"
2026-08-01 22:10:30,066 | [FULL    ] | INFO | full_experiments_using.model_trainers.mobile_vit_trainer | Ep [001/500] T-Acc:  44.5%  V-Acc:  52.9%  V-AUROC: 0.4856  LR: 2.00e-04
2026-08-01 22:10:30,124 | [FULL    ] | INFO | full_experiments_using.model_trainers.mobile_vit_trainer |   ↳ new best AUROC; saved checkpoint: /home/oem/choihyunsu/VOGBasedMCIDetection/outputs/checkpoints/run_20260801_202901_full_wvote_artifact30_4err/fold_10_best.pth
2026-08-01 22:10:44,452 | [FULL    ] | INFO | full_experiments_using.model_trainers.mobile_vit_trainer | Ep [002/500] T-Acc:  44.8%  V-Acc:  53.4%  V-AUROC: 0.4763  LR: 4.00e-04
2026-08-01 22:10:58,584 | [FULL    ] | INFO | full_experiments_using.model_trainers.mobile_vit_trainer | Ep [003/500] T-Acc:  46.5%  V-Acc:  52.8%  V-AUROC: 0.4902  LR: 6.00e-04
2026-08-01 22:10:58,681 | [FULL    ] | INFO | full_experiments_using.model_trainers.mobile_vit_trainer |   ↳ new best AUROC; saved checkpoint: /home/oem/choihyunsu/VOGBasedMCIDetection/outputs/checkpoints/run_20260801_202901_full_wvote_artifact30_4err/fold_10_best.pth
2026-08-01 22:11:12,818 | [FULL    ] | INFO | full_experiments_using.model_trainers.mobile_vit_trainer | Ep [004/500] T-Acc:  49.5%  V-Acc:  51.0%  V-AUROC: 0.4827  LR: 8.00e-04
2026-08-01 22:11:27,120 | [FULL    ] | INFO | full_experiments_using.model_trainers.mobile_vit_trainer | Ep [005/500] T-Acc:  51.0%  V-Acc:  52.0%  V-AUROC: 0.5067  LR: 1.00e-03
2026-08-01 22:11:27,218 | [FULL    ] | INFO | full_experiments_using.model_trainers.mobile_vit_trainer |   ↳ new best AUROC; saved checkpoint: /home/oem/choihyunsu/VOGBasedMCIDetection/outputs/checkpoints/run_20260801_202901_full_wvote_artifact30_4err/fold_10_best.pth
2026-08-01 22:11:41,398 | [FULL    ] | INFO | full_experiments_using.model_trainers.mobile_vit_trainer | Ep [006/500] T-Acc:  55.4%  V-Acc:  48.3%  V-AUROC: 0.5036  LR: 1.00e-03
2026-08-01 22:11:55,661 | [FULL    ] | INFO | full_experiments_using.model_trainers.mobile_vit_trainer | Ep [007/500] T-Acc:  53.6%  V-Acc:  51.4%  V-AUROC: 0.5013  LR: 1.00e-03
2026-08-01 22:12:09,909 | [FULL    ] | INFO | full_experiments_using.model_trainers.mobile_vit_trainer | Ep [008/500] T-Acc:  54.0%  V-Acc:  50.4%  V-AUROC: 0.5009  LR: 1.00e-03
2026-08-01 22:12:24,381 | [FULL    ] | INFO | full_experiments_using.model_trainers.mobile_vit_trainer | Ep [009/500] T-Acc:  56.4%  V-Acc:  50.4%  V-AUROC: 0.5045  LR: 1.00e-03
2026-08-01 22:12:38,631 | [FULL    ] | INFO | full_experiments_using.model_trainers.mobile_vit_trainer | Ep [010/500] T-Acc:  57.2%  V-Acc:  50.3%  V-AUROC: 0.4982  LR: 1.00e-03
2026-08-01 22:12:52,792 | [FULL    ] | INFO | full_experiments_using.model_trainers.mobile_vit_trainer | Ep [011/500] T-Acc:  58.7%  V-Acc:  51.7%  V-AUROC: 0.4967  LR: 1.00e-03
2026-08-01 22:13:07,127 | [FULL    ] | INFO | full_experiments_using.model_trainers.mobile_vit_trainer | Ep [012/500] T-Acc:  58.9%  V-Acc:  52.6%  V-AUROC: 0.5021  LR: 1.00e-03
2026-08-01 22:13:21,195 | [FULL    ] | INFO | full_experiments_using.model_trainers.mobile_vit_trainer | Ep [013/500] T-Acc:  61.0%  V-Acc:  53.1%  V-AUROC: 0.5075  LR: 1.00e-03
2026-08-01 22:13:21,309 | [FULL    ] | INFO | full_experiments_using.model_trainers.mobile_vit_trainer |   ↳ new best AUROC; saved checkpoint: /home/oem/choihyunsu/VOGBasedMCIDetection/outputs/checkpoints/run_20260801_202901_full_wvote_artifact30_4err/fold_10_best.pth
2026-08-01 22:13:35,537 | [FULL    ] | INFO | full_experiments_using.model_trainers.mobile_vit_trainer | Ep [014/500] T-Acc:  59.8%  V-Acc:  51.7%  V-AUROC: 0.5115  LR: 1.00e-03
2026-08-01 22:13:35,634 | [FULL    ] | INFO | full_experiments_using.model_trainers.mobile_vit_trainer |   ↳ new best AUROC; saved checkpoint: /home/oem/choihyunsu/VOGBasedMCIDetection/outputs/checkpoints/run_20260801_202901_full_wvote_artifact30_4err/fold_10_best.pth
2026-08-01 22:13:49,899 | [FULL    ] | INFO | full_experiments_using.model_trainers.mobile_vit_trainer | Ep [015/500] T-Acc:  61.0%  V-Acc:  50.7%  V-AUROC: 0.4875  LR: 1.00e-03
2026-08-01 22:14:04,301 | [FULL    ] | INFO | full_experiments_using.model_trainers.mobile_vit_trainer | Ep [016/500] T-Acc:  59.2%  V-Acc:  51.5%  V-AUROC: 0.5075  LR: 1.00e-03
2026-08-01 22:14:18,559 | [FULL    ] | INFO | full_experiments_using.model_trainers.mobile_vit_trainer | Ep [017/500] T-Acc:  61.4%  V-Acc:  50.3%  V-AUROC: 0.4987  LR: 1.00e-03
2026-08-01 22:14:32,795 | [FULL    ] | INFO | full_experiments_using.model_trainers.mobile_vit_trainer | Ep [018/500] T-Acc:  62.4%  V-Acc:  51.0%  V-AUROC: 0.4999  LR: 1.00e-03
2026-08-01 22:14:47,090 | [FULL    ] | INFO | full_experiments_using.model_trainers.mobile_vit_trainer | Ep [019/500] T-Acc:  62.5%  V-Acc:  50.2%  V-AUROC: 0.4890  LR: 1.00e-03
2026-08-01 22:15:01,454 | [FULL    ] | INFO | full_experiments_using.model_trainers.mobile_vit_trainer | Ep [020/500] T-Acc:  62.1%  V-Acc:  50.2%  V-AUROC: 0.4907  LR: 1.00e-03
2026-08-01 22:15:15,816 | [FULL    ] | INFO | full_experiments_using.model_trainers.mobile_vit_trainer | Ep [021/500] T-Acc:  62.5%  V-Acc:  49.6%  V-AUROC: 0.4906  LR: 1.00e-03
2026-08-01 22:15:30,051 | [FULL    ] | INFO | full_experiments_using.model_trainers.mobile_vit_trainer | Ep [022/500] T-Acc:  62.9%  V-Acc:  51.1%  V-AUROC: 0.4971  LR: 1.00e-03
2026-08-01 22:15:44,305 | [FULL    ] | INFO | full_experiments_using.model_trainers.mobile_vit_trainer | Ep [023/500] T-Acc:  62.2%  V-Acc:  50.3%  V-AUROC: 0.4947  LR: 1.00e-03
2026-08-01 22:15:58,549 | [FULL    ] | INFO | full_experiments_using.model_trainers.mobile_vit_trainer | Ep [024/500] T-Acc:  63.0%  V-Acc:  50.1%  V-AUROC: 0.4917  LR: 1.00e-03
2026-08-01 22:16:12,644 | [FULL    ] | INFO | full_experiments_using.model_trainers.mobile_vit_trainer | Ep [025/500] T-Acc:  63.4%  V-Acc:  49.0%  V-AUROC: 0.4881  LR: 1.00e-03
2026-08-01 22:16:27,152 | [FULL    ] | INFO | full_experiments_using.model_trainers.mobile_vit_trainer | Ep [026/500] T-Acc:  64.0%  V-Acc:  49.6%  V-AUROC: 0.4845  LR: 2.00e-04
2026-08-01 22:16:41,147 | [FULL    ] | INFO | full_experiments_using.model_trainers.mobile_vit_trainer | Ep [027/500] T-Acc:  63.4%  V-Acc:  49.2%  V-AUROC: 0.4863  LR: 2.00e-04
2026-08-01 22:16:55,396 | [FULL    ] | INFO | full_experiments_using.model_trainers.mobile_vit_trainer | Ep [028/500] T-Acc:  63.7%  V-Acc:  49.8%  V-AUROC: 0.4876  LR: 2.00e-04
2026-08-01 22:17:09,825 | [FULL    ] | INFO | full_experiments_using.model_trainers.mobile_vit_trainer | Ep [029/500] T-Acc:  63.7%  V-Acc:  48.9%  V-AUROC: 0.4779  LR: 2.00e-04
2026-08-01 22:17:24,248 | [FULL    ] | INFO | full_experiments_using.model_trainers.mobile_vit_trainer | Ep [030/500] T-Acc:  64.6%  V-Acc:  49.6%  V-AUROC: 0.4837  LR: 2.00e-04
2026-08-01 22:17:38,613 | [FULL    ] | INFO | full_experiments_using.model_trainers.mobile_vit_trainer | Ep [031/500] T-Acc:  64.1%  V-Acc:  49.9%  V-AUROC: 0.4851  LR: 2.00e-04
2026-08-01 22:17:52,971 | [FULL    ] | INFO | full_experiments_using.model_trainers.mobile_vit_trainer | Ep [032/500] T-Acc:  63.5%  V-Acc:  51.1%  V-AUROC: 0.4900  LR: 2.00e-04
2026-08-01 22:18:07,362 | [FULL    ] | INFO | full_experiments_using.model_trainers.mobile_vit_trainer | Ep [033/500] T-Acc:  64.2%  V-Acc:  49.2%  V-AUROC: 0.4872  LR: 2.00e-04
2026-08-01 22:18:21,600 | [FULL    ] | INFO | full_experiments_using.model_trainers.mobile_vit_trainer | Ep [034/500] T-Acc:  62.9%  V-Acc:  49.8%  V-AUROC: 0.4886  LR: 2.00e-04
2026-08-01 22:18:35,823 | [FULL    ] | INFO | full_experiments_using.model_trainers.mobile_vit_trainer | Ep [035/500] T-Acc:  64.1%  V-Acc:  49.4%  V-AUROC: 0.4837  LR: 2.00e-04
2026-08-01 22:18:50,210 | [FULL    ] | INFO | full_experiments_using.model_trainers.mobile_vit_trainer | Ep [036/500] T-Acc:  64.6%  V-Acc:  49.7%  V-AUROC: 0.4867  LR: 2.00e-04
2026-08-01 22:19:04,457 | [FULL    ] | INFO | full_experiments_using.model_trainers.mobile_vit_trainer | Ep [037/500] T-Acc:  64.3%  V-Acc:  49.0%  V-AUROC: 0.4857  LR: 4.00e-05
2026-08-01 22:19:18,862 | [FULL    ] | INFO | full_experiments_using.model_trainers.mobile_vit_trainer | Ep [038/500] T-Acc:  64.4%  V-Acc:  49.3%  V-AUROC: 0.4852  LR: 4.00e-05
2026-08-01 22:19:33,184 | [FULL    ] | INFO | full_experiments_using.model_trainers.mobile_vit_trainer | Ep [039/500] T-Acc:  65.0%  V-Acc:  49.5%  V-AUROC: 0.4845  LR: 4.00e-05
2026-08-01 22:19:47,479 | [FULL    ] | INFO | full_experiments_using.model_trainers.mobile_vit_trainer | Ep [040/500] T-Acc:  64.0%  V-Acc:  49.4%  V-AUROC: 0.4842  LR: 4.00e-05
2026-08-01 22:20:01,876 | [FULL    ] | INFO | full_experiments_using.model_trainers.mobile_vit_trainer | Ep [041/500] T-Acc:  65.0%  V-Acc:  49.4%  V-AUROC: 0.4854  LR: 4.00e-05
2026-08-01 22:20:16,290 | [FULL    ] | INFO | full_experiments_using.model_trainers.mobile_vit_trainer | Ep [042/500] T-Acc:  64.1%  V-Acc:  49.3%  V-AUROC: 0.4844  LR: 4.00e-05
2026-08-01 22:20:30,610 | [FULL    ] | INFO | full_experiments_using.model_trainers.mobile_vit_trainer | Ep [043/500] T-Acc:  64.8%  V-Acc:  48.9%  V-AUROC: 0.4849  LR: 4.00e-05
2026-08-01 22:20:45,018 | [FULL    ] | INFO | full_experiments_using.model_trainers.mobile_vit_trainer | Ep [044/500] T-Acc:  64.1%  V-Acc:  49.8%  V-AUROC: 0.4837  LR: 4.00e-05
2026-08-01 22:20:45,018 | [FULL    ] | INFO | full_experiments_using.model_trainers.mobile_vit_trainer | Early stop — best AUROC 0.5115 at epoch 14 (no improvement for 30 epochs)
2026-08-01 22:20:45,018 | [FULL    ] | INFO | full_experiments_using.model_trainers.mobile_vit_trainer | Done. Best AUROC: 0.5115 (epoch 14) → /home/oem/choihyunsu/VOGBasedMCIDetection/outputs/checkpoints/run_20260801_202901_full_wvote_artifact30_4err/fold_10_best.pth
2026-08-01 22:20:50,099 | [FULL    ] | INFO | full_experiments_using.evaluators.monte_carlo_evaluator | -> Fold 11 Result | Acc=0.600 Sens=0.600 Spec=0.600 AUROC=0.480
2026-08-01 22:20:50,103 | [FULL    ] | INFO | full_experiments_using.evaluators.monte_carlo_evaluator | === Fold 12/30 | train: 25 subj (HC=9 MCI=16) / 3830 win | test: 12 subj (HC=5 MCI=7) / 1885 win ===
2026-08-01 22:20:50,326 | [FULL    ] | INFO | httpx | HTTP Request: HEAD https://huggingface.co/apple/mobilevit-small/resolve/main/config.json "HTTP/1.1 307 Temporary Redirect"
2026-08-01 22:20:50,340 | [FULL    ] | INFO | httpx | HTTP Request: HEAD https://huggingface.co/api/resolve-cache/models/apple/mobilevit-small/6c8612545dc98676d27bc518fa521d9e9af23e34/config.json "HTTP/1.1 200 OK"
2026-08-01 22:20:50,584 | [FULL    ] | INFO | httpx | HTTP Request: HEAD https://huggingface.co/apple/mobilevit-small/resolve/main/model.safetensors "HTTP/1.1 404 Not Found"
2026-08-01 22:20:50,783 | [FULL    ] | INFO | httpx | HTTP Request: HEAD https://huggingface.co/apple/mobilevit-small/resolve/main/model.safetensors.index.json "HTTP/1.1 404 Not Found"
2026-08-01 22:20:50,987 | [FULL    ] | INFO | httpx | HTTP Request: HEAD https://huggingface.co/apple/mobilevit-small/resolve/main/pytorch_model.bin "HTTP/1.1 302 Found"
2026-08-01 22:20:51,191 | [FULL    ] | INFO | httpx | HTTP Request: HEAD https://huggingface.co/apple/mobilevit-small/resolve/main/model.safetensors "HTTP/1.1 404 Not Found"
2026-08-01 22:20:51,395 | [FULL    ] | INFO | httpx | HTTP Request: GET https://huggingface.co/api/models/apple/mobilevit-small "HTTP/1.1 200 OK"
2026-08-01 22:20:51,552 | [FULL    ] | INFO | full_experiments_using.model_trainers.mobile_vit_trainer | Device: cuda | max_epochs=500 | batch=32 | eval_batch=256 | es_patience=30
2026-08-01 22:20:51,557 | [FULL    ] | INFO | full_experiments_using.model_trainers.mobile_vit_trainer | CE weights — HC: 1.206  MCI: 0.854
2026-08-01 22:20:51,629 | [FULL    ] | INFO | httpx | HTTP Request: GET https://huggingface.co/api/models/apple/mobilevit-small/commits/main "HTTP/1.1 200 OK"
2026-08-01 22:20:51,844 | [FULL    ] | INFO | httpx | HTTP Request: GET https://huggingface.co/api/models/apple/mobilevit-small/discussions?p=0 "HTTP/1.1 200 OK"
2026-08-01 22:20:52,060 | [FULL    ] | INFO | httpx | HTTP Request: GET https://huggingface.co/api/models/apple/mobilevit-small/commits/refs%2Fpr%2F6 "HTTP/1.1 200 OK"
2026-08-01 22:20:52,262 | [FULL    ] | INFO | httpx | HTTP Request: HEAD https://huggingface.co/apple/mobilevit-small/resolve/refs%2Fpr%2F6/model.safetensors.index.json "HTTP/1.1 404 Not Found"
2026-08-01 22:20:52,476 | [FULL    ] | INFO | httpx | HTTP Request: HEAD https://huggingface.co/apple/mobilevit-small/resolve/refs%2Fpr%2F6/model.safetensors "HTTP/1.1 302 Found"
2026-08-01 22:21:11,306 | [FULL    ] | INFO | full_experiments_using.model_trainers.mobile_vit_trainer | Ep [001/500] T-Acc:  46.5%  V-Acc:  48.0%  V-AUROC: 0.4675  LR: 2.00e-04
2026-08-01 22:21:11,460 | [FULL    ] | INFO | full_experiments_using.model_trainers.mobile_vit_trainer |   ↳ new best AUROC; saved checkpoint: /home/oem/choihyunsu/VOGBasedMCIDetection/outputs/checkpoints/run_20260801_202901_full_wvote_artifact30_4err/fold_11_best.pth
2026-08-01 22:21:25,672 | [FULL    ] | INFO | full_experiments_using.model_trainers.mobile_vit_trainer | Ep [002/500] T-Acc:  46.7%  V-Acc:  48.8%  V-AUROC: 0.4790  LR: 4.00e-04
2026-08-01 22:21:25,790 | [FULL    ] | INFO | full_experiments_using.model_trainers.mobile_vit_trainer |   ↳ new best AUROC; saved checkpoint: /home/oem/choihyunsu/VOGBasedMCIDetection/outputs/checkpoints/run_20260801_202901_full_wvote_artifact30_4err/fold_11_best.pth
2026-08-01 22:21:39,977 | [FULL    ] | INFO | full_experiments_using.model_trainers.mobile_vit_trainer | Ep [003/500] T-Acc:  48.2%  V-Acc:  48.8%  V-AUROC: 0.4866  LR: 6.00e-04
2026-08-01 22:21:40,091 | [FULL    ] | INFO | full_experiments_using.model_trainers.mobile_vit_trainer |   ↳ new best AUROC; saved checkpoint: /home/oem/choihyunsu/VOGBasedMCIDetection/outputs/checkpoints/run_20260801_202901_full_wvote_artifact30_4err/fold_11_best.pth
2026-08-01 22:21:54,135 | [FULL    ] | INFO | full_experiments_using.model_trainers.mobile_vit_trainer | Ep [004/500] T-Acc:  47.8%  V-Acc:  50.6%  V-AUROC: 0.5108  LR: 8.00e-04
2026-08-01 22:21:54,250 | [FULL    ] | INFO | full_experiments_using.model_trainers.mobile_vit_trainer |   ↳ new best AUROC; saved checkpoint: /home/oem/choihyunsu/VOGBasedMCIDetection/outputs/checkpoints/run_20260801_202901_full_wvote_artifact30_4err/fold_11_best.pth
2026-08-01 22:22:08,295 | [FULL    ] | INFO | full_experiments_using.model_trainers.mobile_vit_trainer | Ep [005/500] T-Acc:  48.9%  V-Acc:  50.9%  V-AUROC: 0.5248  LR: 1.00e-03
2026-08-01 22:22:08,427 | [FULL    ] | INFO | full_experiments_using.model_trainers.mobile_vit_trainer |   ↳ new best AUROC; saved checkpoint: /home/oem/choihyunsu/VOGBasedMCIDetection/outputs/checkpoints/run_20260801_202901_full_wvote_artifact30_4err/fold_11_best.pth
2026-08-01 22:22:22,452 | [FULL    ] | INFO | full_experiments_using.model_trainers.mobile_vit_trainer | Ep [006/500] T-Acc:  50.5%  V-Acc:  53.8%  V-AUROC: 0.5500  LR: 1.00e-03
2026-08-01 22:22:22,583 | [FULL    ] | INFO | full_experiments_using.model_trainers.mobile_vit_trainer |   ↳ new best AUROC; saved checkpoint: /home/oem/choihyunsu/VOGBasedMCIDetection/outputs/checkpoints/run_20260801_202901_full_wvote_artifact30_4err/fold_11_best.pth
2026-08-01 22:22:36,801 | [FULL    ] | INFO | full_experiments_using.model_trainers.mobile_vit_trainer | Ep [007/500] T-Acc:  51.2%  V-Acc:  55.1%  V-AUROC: 0.5609  LR: 1.00e-03
2026-08-01 22:22:36,916 | [FULL    ] | INFO | full_experiments_using.model_trainers.mobile_vit_trainer |   ↳ new best AUROC; saved checkpoint: /home/oem/choihyunsu/VOGBasedMCIDetection/outputs/checkpoints/run_20260801_202901_full_wvote_artifact30_4err/fold_11_best.pth
2026-08-01 22:22:50,954 | [FULL    ] | INFO | full_experiments_using.model_trainers.mobile_vit_trainer | Ep [008/500] T-Acc:  52.3%  V-Acc:  56.2%  V-AUROC: 0.5826  LR: 1.00e-03
2026-08-01 22:22:51,069 | [FULL    ] | INFO | full_experiments_using.model_trainers.mobile_vit_trainer |   ↳ new best AUROC; saved checkpoint: /home/oem/choihyunsu/VOGBasedMCIDetection/outputs/checkpoints/run_20260801_202901_full_wvote_artifact30_4err/fold_11_best.pth
2026-08-01 22:23:05,218 | [FULL    ] | INFO | full_experiments_using.model_trainers.mobile_vit_trainer | Ep [009/500] T-Acc:  52.0%  V-Acc:  55.7%  V-AUROC: 0.5835  LR: 1.00e-03
2026-08-01 22:23:05,355 | [FULL    ] | INFO | full_experiments_using.model_trainers.mobile_vit_trainer |   ↳ new best AUROC; saved checkpoint: /home/oem/choihyunsu/VOGBasedMCIDetection/outputs/checkpoints/run_20260801_202901_full_wvote_artifact30_4err/fold_11_best.pth
2026-08-01 22:23:17,608 | [FULL    ] | INFO | full_experiments_using.model_trainers.mobile_vit_trainer | Ep [010/500] T-Acc:  52.8%  V-Acc:  56.8%  V-AUROC: 0.5921  LR: 1.00e-03
2026-08-01 22:23:17,725 | [FULL    ] | INFO | full_experiments_using.model_trainers.mobile_vit_trainer |   ↳ new best AUROC; saved checkpoint: /home/oem/choihyunsu/VOGBasedMCIDetection/outputs/checkpoints/run_20260801_202901_full_wvote_artifact30_4err/fold_11_best.pth
2026-08-01 22:23:30,460 | [FULL    ] | INFO | full_experiments_using.model_trainers.mobile_vit_trainer | Ep [011/500] T-Acc:  52.9%  V-Acc:  57.8%  V-AUROC: 0.6085  LR: 1.00e-03
2026-08-01 22:23:30,557 | [FULL    ] | INFO | full_experiments_using.model_trainers.mobile_vit_trainer |   ↳ new best AUROC; saved checkpoint: /home/oem/choihyunsu/VOGBasedMCIDetection/outputs/checkpoints/run_20260801_202901_full_wvote_artifact30_4err/fold_11_best.pth
2026-08-01 22:23:43,431 | [FULL    ] | INFO | full_experiments_using.model_trainers.mobile_vit_trainer | Ep [012/500] T-Acc:  53.1%  V-Acc:  57.8%  V-AUROC: 0.6082  LR: 1.00e-03
2026-08-01 22:23:57,373 | [FULL    ] | INFO | full_experiments_using.model_trainers.mobile_vit_trainer | Ep [013/500] T-Acc:  55.8%  V-Acc:  57.4%  V-AUROC: 0.6115  LR: 1.00e-03
2026-08-01 22:23:57,489 | [FULL    ] | INFO | full_experiments_using.model_trainers.mobile_vit_trainer |   ↳ new best AUROC; saved checkpoint: /home/oem/choihyunsu/VOGBasedMCIDetection/outputs/checkpoints/run_20260801_202901_full_wvote_artifact30_4err/fold_11_best.pth
2026-08-01 22:24:11,522 | [FULL    ] | INFO | full_experiments_using.model_trainers.mobile_vit_trainer | Ep [014/500] T-Acc:  56.3%  V-Acc:  57.9%  V-AUROC: 0.6095  LR: 1.00e-03
2026-08-01 22:24:25,526 | [FULL    ] | INFO | full_experiments_using.model_trainers.mobile_vit_trainer | Ep [015/500] T-Acc:  55.9%  V-Acc:  58.4%  V-AUROC: 0.6178  LR: 1.00e-03
2026-08-01 22:24:25,642 | [FULL    ] | INFO | full_experiments_using.model_trainers.mobile_vit_trainer |   ↳ new best AUROC; saved checkpoint: /home/oem/choihyunsu/VOGBasedMCIDetection/outputs/checkpoints/run_20260801_202901_full_wvote_artifact30_4err/fold_11_best.pth
2026-08-01 22:24:39,705 | [FULL    ] | INFO | full_experiments_using.model_trainers.mobile_vit_trainer | Ep [016/500] T-Acc:  55.6%  V-Acc:  59.2%  V-AUROC: 0.6250  LR: 1.00e-03
2026-08-01 22:24:39,822 | [FULL    ] | INFO | full_experiments_using.model_trainers.mobile_vit_trainer |   ↳ new best AUROC; saved checkpoint: /home/oem/choihyunsu/VOGBasedMCIDetection/outputs/checkpoints/run_20260801_202901_full_wvote_artifact30_4err/fold_11_best.pth
2026-08-01 22:24:53,707 | [FULL    ] | INFO | full_experiments_using.model_trainers.mobile_vit_trainer | Ep [017/500] T-Acc:  54.9%  V-Acc:  59.8%  V-AUROC: 0.6311  LR: 1.00e-03
2026-08-01 22:24:53,832 | [FULL    ] | INFO | full_experiments_using.model_trainers.mobile_vit_trainer |   ↳ new best AUROC; saved checkpoint: /home/oem/choihyunsu/VOGBasedMCIDetection/outputs/checkpoints/run_20260801_202901_full_wvote_artifact30_4err/fold_11_best.pth
2026-08-01 22:25:07,945 | [FULL    ] | INFO | full_experiments_using.model_trainers.mobile_vit_trainer | Ep [018/500] T-Acc:  58.0%  V-Acc:  58.6%  V-AUROC: 0.6206  LR: 1.00e-03
2026-08-01 22:25:21,949 | [FULL    ] | INFO | full_experiments_using.model_trainers.mobile_vit_trainer | Ep [019/500] T-Acc:  56.7%  V-Acc:  57.2%  V-AUROC: 0.6165  LR: 1.00e-03
2026-08-01 22:25:35,981 | [FULL    ] | INFO | full_experiments_using.model_trainers.mobile_vit_trainer | Ep [020/500] T-Acc:  56.4%  V-Acc:  58.1%  V-AUROC: 0.6217  LR: 1.00e-03
2026-08-01 22:25:49,920 | [FULL    ] | INFO | full_experiments_using.model_trainers.mobile_vit_trainer | Ep [021/500] T-Acc:  57.6%  V-Acc:  58.5%  V-AUROC: 0.6243  LR: 1.00e-03
2026-08-01 22:26:03,832 | [FULL    ] | INFO | full_experiments_using.model_trainers.mobile_vit_trainer | Ep [022/500] T-Acc:  57.3%  V-Acc:  59.6%  V-AUROC: 0.6349  LR: 1.00e-03
2026-08-01 22:26:03,948 | [FULL    ] | INFO | full_experiments_using.model_trainers.mobile_vit_trainer |   ↳ new best AUROC; saved checkpoint: /home/oem/choihyunsu/VOGBasedMCIDetection/outputs/checkpoints/run_20260801_202901_full_wvote_artifact30_4err/fold_11_best.pth
2026-08-01 22:26:18,060 | [FULL    ] | INFO | full_experiments_using.model_trainers.mobile_vit_trainer | Ep [023/500] T-Acc:  57.1%  V-Acc:  58.8%  V-AUROC: 0.6273  LR: 1.00e-03
2026-08-01 22:26:32,180 | [FULL    ] | INFO | full_experiments_using.model_trainers.mobile_vit_trainer | Ep [024/500] T-Acc:  57.5%  V-Acc:  59.9%  V-AUROC: 0.6364  LR: 1.00e-03
2026-08-01 22:26:32,294 | [FULL    ] | INFO | full_experiments_using.model_trainers.mobile_vit_trainer |   ↳ new best AUROC; saved checkpoint: /home/oem/choihyunsu/VOGBasedMCIDetection/outputs/checkpoints/run_20260801_202901_full_wvote_artifact30_4err/fold_11_best.pth
2026-08-01 22:26:46,381 | [FULL    ] | INFO | full_experiments_using.model_trainers.mobile_vit_trainer | Ep [025/500] T-Acc:  57.4%  V-Acc:  58.7%  V-AUROC: 0.6318  LR: 1.00e-03
2026-08-01 22:27:00,336 | [FULL    ] | INFO | full_experiments_using.model_trainers.mobile_vit_trainer | Ep [026/500] T-Acc:  57.6%  V-Acc:  58.1%  V-AUROC: 0.6284  LR: 1.00e-03
2026-08-01 22:27:14,349 | [FULL    ] | INFO | full_experiments_using.model_trainers.mobile_vit_trainer | Ep [027/500] T-Acc:  57.8%  V-Acc:  58.2%  V-AUROC: 0.6230  LR: 1.00e-03
2026-08-01 22:27:28,366 | [FULL    ] | INFO | full_experiments_using.model_trainers.mobile_vit_trainer | Ep [028/500] T-Acc:  58.5%  V-Acc:  58.5%  V-AUROC: 0.6238  LR: 1.00e-03
2026-08-01 22:27:42,395 | [FULL    ] | INFO | full_experiments_using.model_trainers.mobile_vit_trainer | Ep [029/500] T-Acc:  58.4%  V-Acc:  58.0%  V-AUROC: 0.6275  LR: 1.00e-03
2026-08-01 22:27:56,331 | [FULL    ] | INFO | full_experiments_using.model_trainers.mobile_vit_trainer | Ep [030/500] T-Acc:  59.3%  V-Acc:  57.9%  V-AUROC: 0.6215  LR: 1.00e-03
2026-08-01 22:28:10,453 | [FULL    ] | INFO | full_experiments_using.model_trainers.mobile_vit_trainer | Ep [031/500] T-Acc:  59.2%  V-Acc:  59.2%  V-AUROC: 0.6296  LR: 1.00e-03
2026-08-01 22:28:24,519 | [FULL    ] | INFO | full_experiments_using.model_trainers.mobile_vit_trainer | Ep [032/500] T-Acc:  58.4%  V-Acc:  60.3%  V-AUROC: 0.6355  LR: 1.00e-03
2026-08-01 22:28:38,367 | [FULL    ] | INFO | full_experiments_using.model_trainers.mobile_vit_trainer | Ep [033/500] T-Acc:  60.0%  V-Acc:  59.6%  V-AUROC: 0.6249  LR: 1.00e-03
2026-08-01 22:28:52,369 | [FULL    ] | INFO | full_experiments_using.model_trainers.mobile_vit_trainer | Ep [034/500] T-Acc:  59.4%  V-Acc:  58.8%  V-AUROC: 0.6314  LR: 1.00e-03
2026-08-01 22:29:06,349 | [FULL    ] | INFO | full_experiments_using.model_trainers.mobile_vit_trainer | Ep [035/500] T-Acc:  59.1%  V-Acc:  59.1%  V-AUROC: 0.6365  LR: 1.00e-03
2026-08-01 22:29:06,464 | [FULL    ] | INFO | full_experiments_using.model_trainers.mobile_vit_trainer |   ↳ new best AUROC; saved checkpoint: /home/oem/choihyunsu/VOGBasedMCIDetection/outputs/checkpoints/run_20260801_202901_full_wvote_artifact30_4err/fold_11_best.pth
2026-08-01 22:29:20,568 | [FULL    ] | INFO | full_experiments_using.model_trainers.mobile_vit_trainer | Ep [036/500] T-Acc:  59.2%  V-Acc:  58.5%  V-AUROC: 0.6335  LR: 1.00e-03
2026-08-01 22:29:34,601 | [FULL    ] | INFO | full_experiments_using.model_trainers.mobile_vit_trainer | Ep [037/500] T-Acc:  58.9%  V-Acc:  59.6%  V-AUROC: 0.6366  LR: 1.00e-03
2026-08-01 22:29:34,716 | [FULL    ] | INFO | full_experiments_using.model_trainers.mobile_vit_trainer |   ↳ new best AUROC; saved checkpoint: /home/oem/choihyunsu/VOGBasedMCIDetection/outputs/checkpoints/run_20260801_202901_full_wvote_artifact30_4err/fold_11_best.pth
2026-08-01 22:29:48,746 | [FULL    ] | INFO | full_experiments_using.model_trainers.mobile_vit_trainer | Ep [038/500] T-Acc:  58.0%  V-Acc:  59.7%  V-AUROC: 0.6265  LR: 1.00e-03
2026-08-01 22:30:02,767 | [FULL    ] | INFO | full_experiments_using.model_trainers.mobile_vit_trainer | Ep [039/500] T-Acc:  59.8%  V-Acc:  59.2%  V-AUROC: 0.6257  LR: 1.00e-03
2026-08-01 22:30:16,815 | [FULL    ] | INFO | full_experiments_using.model_trainers.mobile_vit_trainer | Ep [040/500] T-Acc:  60.2%  V-Acc:  59.5%  V-AUROC: 0.6357  LR: 1.00e-03
2026-08-01 22:30:30,809 | [FULL    ] | INFO | full_experiments_using.model_trainers.mobile_vit_trainer | Ep [041/500] T-Acc:  59.4%  V-Acc:  59.7%  V-AUROC: 0.6425  LR: 1.00e-03
2026-08-01 22:30:30,930 | [FULL    ] | INFO | full_experiments_using.model_trainers.mobile_vit_trainer |   ↳ new best AUROC; saved checkpoint: /home/oem/choihyunsu/VOGBasedMCIDetection/outputs/checkpoints/run_20260801_202901_full_wvote_artifact30_4err/fold_11_best.pth
2026-08-01 22:30:44,949 | [FULL    ] | INFO | full_experiments_using.model_trainers.mobile_vit_trainer | Ep [042/500] T-Acc:  58.8%  V-Acc:  59.9%  V-AUROC: 0.6353  LR: 1.00e-03
2026-08-01 22:30:58,972 | [FULL    ] | INFO | full_experiments_using.model_trainers.mobile_vit_trainer | Ep [043/500] T-Acc:  60.3%  V-Acc:  59.7%  V-AUROC: 0.6354  LR: 1.00e-03
2026-08-01 22:31:13,000 | [FULL    ] | INFO | full_experiments_using.model_trainers.mobile_vit_trainer | Ep [044/500] T-Acc:  60.4%  V-Acc:  59.7%  V-AUROC: 0.6220  LR: 1.00e-03
2026-08-01 22:31:27,027 | [FULL    ] | INFO | full_experiments_using.model_trainers.mobile_vit_trainer | Ep [045/500] T-Acc:  60.1%  V-Acc:  59.5%  V-AUROC: 0.6251  LR: 1.00e-03
2026-08-01 22:31:41,029 | [FULL    ] | INFO | full_experiments_using.model_trainers.mobile_vit_trainer | Ep [046/500] T-Acc:  60.2%  V-Acc:  59.5%  V-AUROC: 0.6229  LR: 1.00e-03
2026-08-01 22:31:55,225 | [FULL    ] | INFO | full_experiments_using.model_trainers.mobile_vit_trainer | Ep [047/500] T-Acc:  60.0%  V-Acc:  59.7%  V-AUROC: 0.6252  LR: 1.00e-03
2026-08-01 22:32:09,421 | [FULL    ] | INFO | full_experiments_using.model_trainers.mobile_vit_trainer | Ep [048/500] T-Acc:  60.3%  V-Acc:  59.7%  V-AUROC: 0.6309  LR: 1.00e-03
2026-08-01 22:32:23,416 | [FULL    ] | INFO | full_experiments_using.model_trainers.mobile_vit_trainer | Ep [049/500] T-Acc:  60.7%  V-Acc:  59.3%  V-AUROC: 0.6285  LR: 1.00e-03
2026-08-01 22:32:37,418 | [FULL    ] | INFO | full_experiments_using.model_trainers.mobile_vit_trainer | Ep [050/500] T-Acc:  59.8%  V-Acc:  60.2%  V-AUROC: 0.6303  LR: 1.00e-03
2026-08-01 22:32:51,609 | [FULL    ] | INFO | full_experiments_using.model_trainers.mobile_vit_trainer | Ep [051/500] T-Acc:  60.5%  V-Acc:  58.9%  V-AUROC: 0.6219  LR: 1.00e-03
2026-08-01 22:33:05,729 | [FULL    ] | INFO | full_experiments_using.model_trainers.mobile_vit_trainer | Ep [052/500] T-Acc:  60.4%  V-Acc:  58.0%  V-AUROC: 0.6164  LR: 1.00e-03
2026-08-01 22:33:19,733 | [FULL    ] | INFO | full_experiments_using.model_trainers.mobile_vit_trainer | Ep [053/500] T-Acc:  62.1%  V-Acc:  58.5%  V-AUROC: 0.6230  LR: 2.00e-04
2026-08-01 22:33:33,760 | [FULL    ] | INFO | full_experiments_using.model_trainers.mobile_vit_trainer | Ep [054/500] T-Acc:  60.3%  V-Acc:  59.3%  V-AUROC: 0.6224  LR: 2.00e-04
2026-08-01 22:33:47,789 | [FULL    ] | INFO | full_experiments_using.model_trainers.mobile_vit_trainer | Ep [055/500] T-Acc:  61.1%  V-Acc:  59.6%  V-AUROC: 0.6268  LR: 2.00e-04
2026-08-01 22:34:01,939 | [FULL    ] | INFO | full_experiments_using.model_trainers.mobile_vit_trainer | Ep [056/500] T-Acc:  60.9%  V-Acc:  59.3%  V-AUROC: 0.6262  LR: 2.00e-04
2026-08-01 22:34:15,971 | [FULL    ] | INFO | full_experiments_using.model_trainers.mobile_vit_trainer | Ep [057/500] T-Acc:  61.8%  V-Acc:  59.5%  V-AUROC: 0.6272  LR: 2.00e-04
2026-08-01 22:34:29,972 | [FULL    ] | INFO | full_experiments_using.model_trainers.mobile_vit_trainer | Ep [058/500] T-Acc:  61.6%  V-Acc:  60.6%  V-AUROC: 0.6321  LR: 2.00e-04
2026-08-01 22:34:44,010 | [FULL    ] | INFO | full_experiments_using.model_trainers.mobile_vit_trainer | Ep [059/500] T-Acc:  61.0%  V-Acc:  59.4%  V-AUROC: 0.6282  LR: 2.00e-04
2026-08-01 22:34:58,067 | [FULL    ] | INFO | full_experiments_using.model_trainers.mobile_vit_trainer | Ep [060/500] T-Acc:  61.6%  V-Acc:  59.7%  V-AUROC: 0.6299  LR: 2.00e-04
2026-08-01 22:35:12,217 | [FULL    ] | INFO | full_experiments_using.model_trainers.mobile_vit_trainer | Ep [061/500] T-Acc:  61.7%  V-Acc:  59.4%  V-AUROC: 0.6276  LR: 2.00e-04
2026-08-01 22:35:26,277 | [FULL    ] | INFO | full_experiments_using.model_trainers.mobile_vit_trainer | Ep [062/500] T-Acc:  61.7%  V-Acc:  60.1%  V-AUROC: 0.6300  LR: 2.00e-04
2026-08-01 22:35:40,334 | [FULL    ] | INFO | full_experiments_using.model_trainers.mobile_vit_trainer | Ep [063/500] T-Acc:  61.9%  V-Acc:  59.5%  V-AUROC: 0.6299  LR: 2.00e-04
2026-08-01 22:35:52,459 | [FULL    ] | INFO | full_experiments_using.model_trainers.mobile_vit_trainer | Ep [064/500] T-Acc:  61.1%  V-Acc:  59.7%  V-AUROC: 0.6288  LR: 4.00e-05
2026-08-01 22:36:06,368 | [FULL    ] | INFO | full_experiments_using.model_trainers.mobile_vit_trainer | Ep [065/500] T-Acc:  61.4%  V-Acc:  59.9%  V-AUROC: 0.6300  LR: 4.00e-05
2026-08-01 22:36:18,404 | [FULL    ] | INFO | full_experiments_using.model_trainers.mobile_vit_trainer | Ep [066/500] T-Acc:  61.4%  V-Acc:  59.6%  V-AUROC: 0.6285  LR: 4.00e-05
2026-08-01 22:36:32,453 | [FULL    ] | INFO | full_experiments_using.model_trainers.mobile_vit_trainer | Ep [067/500] T-Acc:  61.5%  V-Acc:  59.6%  V-AUROC: 0.6272  LR: 4.00e-05
2026-08-01 22:36:46,475 | [FULL    ] | INFO | full_experiments_using.model_trainers.mobile_vit_trainer | Ep [068/500] T-Acc:  61.5%  V-Acc:  59.4%  V-AUROC: 0.6297  LR: 4.00e-05
2026-08-01 22:37:00,513 | [FULL    ] | INFO | full_experiments_using.model_trainers.mobile_vit_trainer | Ep [069/500] T-Acc:  61.8%  V-Acc:  59.6%  V-AUROC: 0.6270  LR: 4.00e-05
2026-08-01 22:37:14,411 | [FULL    ] | INFO | full_experiments_using.model_trainers.mobile_vit_trainer | Ep [070/500] T-Acc:  61.9%  V-Acc:  59.6%  V-AUROC: 0.6278  LR: 4.00e-05
2026-08-01 22:37:28,348 | [FULL    ] | INFO | full_experiments_using.model_trainers.mobile_vit_trainer | Ep [071/500] T-Acc:  61.3%  V-Acc:  59.6%  V-AUROC: 0.6278  LR: 4.00e-05
2026-08-01 22:37:28,348 | [FULL    ] | INFO | full_experiments_using.model_trainers.mobile_vit_trainer | Early stop — best AUROC 0.6425 at epoch 41 (no improvement for 30 epochs)
2026-08-01 22:37:28,348 | [FULL    ] | INFO | full_experiments_using.model_trainers.mobile_vit_trainer | Done. Best AUROC: 0.6425 (epoch 41) → /home/oem/choihyunsu/VOGBasedMCIDetection/outputs/checkpoints/run_20260801_202901_full_wvote_artifact30_4err/fold_11_best.pth
2026-08-01 22:37:32,712 | [FULL    ] | INFO | full_experiments_using.evaluators.monte_carlo_evaluator | -> Fold 12 Result | Acc=0.636 Sens=0.571 Spec=0.750 AUROC=0.857
2026-08-01 22:37:32,716 | [FULL    ] | INFO | full_experiments_using.evaluators.monte_carlo_evaluator | === Fold 13/30 | train: 25 subj (HC=7 MCI=18) / 3777 win | test: 12 subj (HC=7 MCI=5) / 1938 win ===
2026-08-01 22:37:32,950 | [FULL    ] | INFO | httpx | HTTP Request: HEAD https://huggingface.co/apple/mobilevit-small/resolve/main/config.json "HTTP/1.1 307 Temporary Redirect"
2026-08-01 22:37:32,960 | [FULL    ] | INFO | httpx | HTTP Request: HEAD https://huggingface.co/api/resolve-cache/models/apple/mobilevit-small/6c8612545dc98676d27bc518fa521d9e9af23e34/config.json "HTTP/1.1 200 OK"
2026-08-01 22:37:33,213 | [FULL    ] | INFO | httpx | HTTP Request: HEAD https://huggingface.co/apple/mobilevit-small/resolve/main/model.safetensors "HTTP/1.1 404 Not Found"
2026-08-01 22:37:33,431 | [FULL    ] | INFO | httpx | HTTP Request: HEAD https://huggingface.co/apple/mobilevit-small/resolve/main/model.safetensors.index.json "HTTP/1.1 404 Not Found"
2026-08-01 22:37:33,636 | [FULL    ] | INFO | httpx | HTTP Request: HEAD https://huggingface.co/apple/mobilevit-small/resolve/main/pytorch_model.bin "HTTP/1.1 302 Found"
2026-08-01 22:37:33,870 | [FULL    ] | INFO | httpx | HTTP Request: HEAD https://huggingface.co/apple/mobilevit-small/resolve/main/model.safetensors "HTTP/1.1 404 Not Found"
2026-08-01 22:37:34,080 | [FULL    ] | INFO | httpx | HTTP Request: GET https://huggingface.co/api/models/apple/mobilevit-small "HTTP/1.1 200 OK"
2026-08-01 22:37:34,291 | [FULL    ] | INFO | httpx | HTTP Request: GET https://huggingface.co/api/models/apple/mobilevit-small/commits/main "HTTP/1.1 200 OK"
2026-08-01 22:37:34,413 | [FULL    ] | INFO | full_experiments_using.model_trainers.mobile_vit_trainer | Device: cuda | max_epochs=500 | batch=32 | eval_batch=256 | es_patience=30
2026-08-01 22:37:34,418 | [FULL    ] | INFO | full_experiments_using.model_trainers.mobile_vit_trainer | CE weights — HC: 1.488  MCI: 0.753
2026-08-01 22:37:34,505 | [FULL    ] | INFO | httpx | HTTP Request: GET https://huggingface.co/api/models/apple/mobilevit-small/discussions?p=0 "HTTP/1.1 200 OK"
2026-08-01 22:37:34,730 | [FULL    ] | INFO | httpx | HTTP Request: GET https://huggingface.co/api/models/apple/mobilevit-small/commits/refs%2Fpr%2F6 "HTTP/1.1 200 OK"
2026-08-01 22:37:34,937 | [FULL    ] | INFO | httpx | HTTP Request: HEAD https://huggingface.co/apple/mobilevit-small/resolve/refs%2Fpr%2F6/model.safetensors.index.json "HTTP/1.1 404 Not Found"
2026-08-01 22:37:35,142 | [FULL    ] | INFO | httpx | HTTP Request: HEAD https://huggingface.co/apple/mobilevit-small/resolve/refs%2Fpr%2F6/model.safetensors "HTTP/1.1 302 Found"
2026-08-01 22:37:56,822 | [FULL    ] | INFO | full_experiments_using.model_trainers.mobile_vit_trainer | Ep [001/500] T-Acc:  47.4%  V-Acc:  47.2%  V-AUROC: 0.4700  LR: 2.00e-04
2026-08-01 22:37:56,880 | [FULL    ] | INFO | full_experiments_using.model_trainers.mobile_vit_trainer |   ↳ new best AUROC; saved checkpoint: /home/oem/choihyunsu/VOGBasedMCIDetection/outputs/checkpoints/run_20260801_202901_full_wvote_artifact30_4err/fold_12_best.pth
2026-08-01 22:38:10,857 | [FULL    ] | INFO | full_experiments_using.model_trainers.mobile_vit_trainer | Ep [002/500] T-Acc:  48.8%  V-Acc:  47.6%  V-AUROC: 0.4799  LR: 4.00e-04
2026-08-01 22:38:10,972 | [FULL    ] | INFO | full_experiments_using.model_trainers.mobile_vit_trainer |   ↳ new best AUROC; saved checkpoint: /home/oem/choihyunsu/VOGBasedMCIDetection/outputs/checkpoints/run_20260801_202901_full_wvote_artifact30_4err/fold_12_best.pth
2026-08-01 22:38:25,205 | [FULL    ] | INFO | full_experiments_using.model_trainers.mobile_vit_trainer | Ep [003/500] T-Acc:  49.9%  V-Acc:  48.9%  V-AUROC: 0.4736  LR: 6.00e-04
2026-08-01 22:38:39,548 | [FULL    ] | INFO | full_experiments_using.model_trainers.mobile_vit_trainer | Ep [004/500] T-Acc:  52.7%  V-Acc:  50.2%  V-AUROC: 0.4928  LR: 8.00e-04
2026-08-01 22:38:39,660 | [FULL    ] | INFO | full_experiments_using.model_trainers.mobile_vit_trainer |   ↳ new best AUROC; saved checkpoint: /home/oem/choihyunsu/VOGBasedMCIDetection/outputs/checkpoints/run_20260801_202901_full_wvote_artifact30_4err/fold_12_best.pth
2026-08-01 22:38:53,772 | [FULL    ] | INFO | full_experiments_using.model_trainers.mobile_vit_trainer | Ep [005/500] T-Acc:  51.2%  V-Acc:  49.4%  V-AUROC: 0.4930  LR: 1.00e-03
2026-08-01 22:38:53,887 | [FULL    ] | INFO | full_experiments_using.model_trainers.mobile_vit_trainer |   ↳ new best AUROC; saved checkpoint: /home/oem/choihyunsu/VOGBasedMCIDetection/outputs/checkpoints/run_20260801_202901_full_wvote_artifact30_4err/fold_12_best.pth
2026-08-01 22:39:07,961 | [FULL    ] | INFO | full_experiments_using.model_trainers.mobile_vit_trainer | Ep [006/500] T-Acc:  53.2%  V-Acc:  48.9%  V-AUROC: 0.4799  LR: 1.00e-03
2026-08-01 22:39:21,869 | [FULL    ] | INFO | full_experiments_using.model_trainers.mobile_vit_trainer | Ep [007/500] T-Acc:  54.2%  V-Acc:  49.9%  V-AUROC: 0.4935  LR: 1.00e-03
2026-08-01 22:39:21,983 | [FULL    ] | INFO | full_experiments_using.model_trainers.mobile_vit_trainer |   ↳ new best AUROC; saved checkpoint: /home/oem/choihyunsu/VOGBasedMCIDetection/outputs/checkpoints/run_20260801_202901_full_wvote_artifact30_4err/fold_12_best.pth
2026-08-01 22:39:36,057 | [FULL    ] | INFO | full_experiments_using.model_trainers.mobile_vit_trainer | Ep [008/500] T-Acc:  54.2%  V-Acc:  51.2%  V-AUROC: 0.4955  LR: 1.00e-03
2026-08-01 22:39:36,171 | [FULL    ] | INFO | full_experiments_using.model_trainers.mobile_vit_trainer |   ↳ new best AUROC; saved checkpoint: /home/oem/choihyunsu/VOGBasedMCIDetection/outputs/checkpoints/run_20260801_202901_full_wvote_artifact30_4err/fold_12_best.pth
2026-08-01 22:39:50,080 | [FULL    ] | INFO | full_experiments_using.model_trainers.mobile_vit_trainer | Ep [009/500] T-Acc:  55.9%  V-Acc:  51.0%  V-AUROC: 0.4999  LR: 1.00e-03
2026-08-01 22:39:50,194 | [FULL    ] | INFO | full_experiments_using.model_trainers.mobile_vit_trainer |   ↳ new best AUROC; saved checkpoint: /home/oem/choihyunsu/VOGBasedMCIDetection/outputs/checkpoints/run_20260801_202901_full_wvote_artifact30_4err/fold_12_best.pth
2026-08-01 22:40:04,079 | [FULL    ] | INFO | full_experiments_using.model_trainers.mobile_vit_trainer | Ep [010/500] T-Acc:  57.4%  V-Acc:  51.3%  V-AUROC: 0.5075  LR: 1.00e-03
2026-08-01 22:40:04,194 | [FULL    ] | INFO | full_experiments_using.model_trainers.mobile_vit_trainer |   ↳ new best AUROC; saved checkpoint: /home/oem/choihyunsu/VOGBasedMCIDetection/outputs/checkpoints/run_20260801_202901_full_wvote_artifact30_4err/fold_12_best.pth
2026-08-01 22:40:18,150 | [FULL    ] | INFO | full_experiments_using.model_trainers.mobile_vit_trainer | Ep [011/500] T-Acc:  59.1%  V-Acc:  50.7%  V-AUROC: 0.5053  LR: 1.00e-03
2026-08-01 22:40:32,003 | [FULL    ] | INFO | full_experiments_using.model_trainers.mobile_vit_trainer | Ep [012/500] T-Acc:  57.4%  V-Acc:  51.4%  V-AUROC: 0.4907  LR: 1.00e-03
2026-08-01 22:40:46,194 | [FULL    ] | INFO | full_experiments_using.model_trainers.mobile_vit_trainer | Ep [013/500] T-Acc:  59.2%  V-Acc:  51.7%  V-AUROC: 0.5042  LR: 1.00e-03
2026-08-01 22:41:00,065 | [FULL    ] | INFO | full_experiments_using.model_trainers.mobile_vit_trainer | Ep [014/500] T-Acc:  60.5%  V-Acc:  52.7%  V-AUROC: 0.5091  LR: 1.00e-03
2026-08-01 22:41:00,178 | [FULL    ] | INFO | full_experiments_using.model_trainers.mobile_vit_trainer |   ↳ new best AUROC; saved checkpoint: /home/oem/choihyunsu/VOGBasedMCIDetection/outputs/checkpoints/run_20260801_202901_full_wvote_artifact30_4err/fold_12_best.pth
2026-08-01 22:41:14,258 | [FULL    ] | INFO | full_experiments_using.model_trainers.mobile_vit_trainer | Ep [015/500] T-Acc:  60.1%  V-Acc:  50.9%  V-AUROC: 0.5048  LR: 1.00e-03
2026-08-01 22:41:28,187 | [FULL    ] | INFO | full_experiments_using.model_trainers.mobile_vit_trainer | Ep [016/500] T-Acc:  61.0%  V-Acc:  51.1%  V-AUROC: 0.4940  LR: 1.00e-03
2026-08-01 22:41:42,337 | [FULL    ] | INFO | full_experiments_using.model_trainers.mobile_vit_trainer | Ep [017/500] T-Acc:  60.7%  V-Acc:  51.2%  V-AUROC: 0.5043  LR: 1.00e-03
2026-08-01 22:41:56,314 | [FULL    ] | INFO | full_experiments_using.model_trainers.mobile_vit_trainer | Ep [018/500] T-Acc:  61.1%  V-Acc:  52.7%  V-AUROC: 0.4986  LR: 1.00e-03
2026-08-01 22:42:10,464 | [FULL    ] | INFO | full_experiments_using.model_trainers.mobile_vit_trainer | Ep [019/500] T-Acc:  61.9%  V-Acc:  52.2%  V-AUROC: 0.5156  LR: 1.00e-03
2026-08-01 22:42:10,578 | [FULL    ] | INFO | full_experiments_using.model_trainers.mobile_vit_trainer |   ↳ new best AUROC; saved checkpoint: /home/oem/choihyunsu/VOGBasedMCIDetection/outputs/checkpoints/run_20260801_202901_full_wvote_artifact30_4err/fold_12_best.pth
2026-08-01 22:42:24,621 | [FULL    ] | INFO | full_experiments_using.model_trainers.mobile_vit_trainer | Ep [020/500] T-Acc:  61.9%  V-Acc:  52.6%  V-AUROC: 0.5131  LR: 1.00e-03
2026-08-01 22:42:38,544 | [FULL    ] | INFO | full_experiments_using.model_trainers.mobile_vit_trainer | Ep [021/500] T-Acc:  60.9%  V-Acc:  52.8%  V-AUROC: 0.5045  LR: 1.00e-03
2026-08-01 22:42:52,514 | [FULL    ] | INFO | full_experiments_using.model_trainers.mobile_vit_trainer | Ep [022/500] T-Acc:  62.7%  V-Acc:  52.1%  V-AUROC: 0.5015  LR: 1.00e-03
2026-08-01 22:43:06,632 | [FULL    ] | INFO | full_experiments_using.model_trainers.mobile_vit_trainer | Ep [023/500] T-Acc:  61.7%  V-Acc:  53.2%  V-AUROC: 0.5113  LR: 1.00e-03
2026-08-01 22:43:20,597 | [FULL    ] | INFO | full_experiments_using.model_trainers.mobile_vit_trainer | Ep [024/500] T-Acc:  62.7%  V-Acc:  53.4%  V-AUROC: 0.5052  LR: 1.00e-03
2026-08-01 22:43:34,572 | [FULL    ] | INFO | full_experiments_using.model_trainers.mobile_vit_trainer | Ep [025/500] T-Acc:  62.8%  V-Acc:  52.6%  V-AUROC: 0.5052  LR: 1.00e-03
2026-08-01 22:43:48,527 | [FULL    ] | INFO | full_experiments_using.model_trainers.mobile_vit_trainer | Ep [026/500] T-Acc:  63.4%  V-Acc:  52.4%  V-AUROC: 0.5076  LR: 1.00e-03
2026-08-01 22:44:02,410 | [FULL    ] | INFO | full_experiments_using.model_trainers.mobile_vit_trainer | Ep [027/500] T-Acc:  62.4%  V-Acc:  51.3%  V-AUROC: 0.5128  LR: 1.00e-03
2026-08-01 22:44:16,559 | [FULL    ] | INFO | full_experiments_using.model_trainers.mobile_vit_trainer | Ep [028/500] T-Acc:  63.6%  V-Acc:  53.6%  V-AUROC: 0.5112  LR: 1.00e-03
2026-08-01 22:44:30,557 | [FULL    ] | INFO | full_experiments_using.model_trainers.mobile_vit_trainer | Ep [029/500] T-Acc:  61.6%  V-Acc:  53.4%  V-AUROC: 0.5070  LR: 1.00e-03
2026-08-01 22:44:44,536 | [FULL    ] | INFO | full_experiments_using.model_trainers.mobile_vit_trainer | Ep [030/500] T-Acc:  62.8%  V-Acc:  54.9%  V-AUROC: 0.5235  LR: 1.00e-03
2026-08-01 22:44:44,649 | [FULL    ] | INFO | full_experiments_using.model_trainers.mobile_vit_trainer |   ↳ new best AUROC; saved checkpoint: /home/oem/choihyunsu/VOGBasedMCIDetection/outputs/checkpoints/run_20260801_202901_full_wvote_artifact30_4err/fold_12_best.pth
2026-08-01 22:44:58,716 | [FULL    ] | INFO | full_experiments_using.model_trainers.mobile_vit_trainer | Ep [031/500] T-Acc:  62.8%  V-Acc:  53.8%  V-AUROC: 0.5153  LR: 1.00e-03
2026-08-01 22:45:12,750 | [FULL    ] | INFO | full_experiments_using.model_trainers.mobile_vit_trainer | Ep [032/500] T-Acc:  64.0%  V-Acc:  52.7%  V-AUROC: 0.5222  LR: 1.00e-03
2026-08-01 22:45:26,667 | [FULL    ] | INFO | full_experiments_using.model_trainers.mobile_vit_trainer | Ep [033/500] T-Acc:  63.1%  V-Acc:  52.0%  V-AUROC: 0.5116  LR: 1.00e-03
2026-08-01 22:45:40,751 | [FULL    ] | INFO | full_experiments_using.model_trainers.mobile_vit_trainer | Ep [034/500] T-Acc:  62.9%  V-Acc:  53.0%  V-AUROC: 0.5048  LR: 1.00e-03
2026-08-01 22:45:54,780 | [FULL    ] | INFO | full_experiments_using.model_trainers.mobile_vit_trainer | Ep [035/500] T-Acc:  63.2%  V-Acc:  53.8%  V-AUROC: 0.5058  LR: 1.00e-03
2026-08-01 22:46:08,881 | [FULL    ] | INFO | full_experiments_using.model_trainers.mobile_vit_trainer | Ep [036/500] T-Acc:  64.2%  V-Acc:  52.6%  V-AUROC: 0.5153  LR: 1.00e-03
2026-08-01 22:46:22,812 | [FULL    ] | INFO | full_experiments_using.model_trainers.mobile_vit_trainer | Ep [037/500] T-Acc:  63.5%  V-Acc:  52.4%  V-AUROC: 0.5218  LR: 1.00e-03
2026-08-01 22:46:36,811 | [FULL    ] | INFO | full_experiments_using.model_trainers.mobile_vit_trainer | Ep [038/500] T-Acc:  64.4%  V-Acc:  53.3%  V-AUROC: 0.5130  LR: 1.00e-03
2026-08-01 22:46:50,751 | [FULL    ] | INFO | full_experiments_using.model_trainers.mobile_vit_trainer | Ep [039/500] T-Acc:  64.5%  V-Acc:  54.5%  V-AUROC: 0.5134  LR: 1.00e-03
2026-08-01 22:47:04,652 | [FULL    ] | INFO | full_experiments_using.model_trainers.mobile_vit_trainer | Ep [040/500] T-Acc:  64.0%  V-Acc:  52.5%  V-AUROC: 0.5083  LR: 1.00e-03
2026-08-01 22:47:18,691 | [FULL    ] | INFO | full_experiments_using.model_trainers.mobile_vit_trainer | Ep [041/500] T-Acc:  64.5%  V-Acc:  53.6%  V-AUROC: 0.5104  LR: 1.00e-03
2026-08-01 22:47:32,665 | [FULL    ] | INFO | full_experiments_using.model_trainers.mobile_vit_trainer | Ep [042/500] T-Acc:  64.7%  V-Acc:  51.9%  V-AUROC: 0.5070  LR: 2.00e-04
2026-08-01 22:47:46,554 | [FULL    ] | INFO | full_experiments_using.model_trainers.mobile_vit_trainer | Ep [043/500] T-Acc:  64.8%  V-Acc:  53.4%  V-AUROC: 0.5073  LR: 2.00e-04
2026-08-01 22:48:00,552 | [FULL    ] | INFO | full_experiments_using.model_trainers.mobile_vit_trainer | Ep [044/500] T-Acc:  64.1%  V-Acc:  52.8%  V-AUROC: 0.5089  LR: 2.00e-04
2026-08-01 22:48:14,667 | [FULL    ] | INFO | full_experiments_using.model_trainers.mobile_vit_trainer | Ep [045/500] T-Acc:  65.0%  V-Acc:  53.0%  V-AUROC: 0.5090  LR: 2.00e-04
2026-08-01 22:48:28,772 | [FULL    ] | INFO | full_experiments_using.model_trainers.mobile_vit_trainer | Ep [046/500] T-Acc:  64.5%  V-Acc:  52.2%  V-AUROC: 0.5074  LR: 2.00e-04
2026-08-01 22:48:43,065 | [FULL    ] | INFO | full_experiments_using.model_trainers.mobile_vit_trainer | Ep [047/500] T-Acc:  64.9%  V-Acc:  53.5%  V-AUROC: 0.5182  LR: 2.00e-04
2026-08-01 22:48:57,268 | [FULL    ] | INFO | full_experiments_using.model_trainers.mobile_vit_trainer | Ep [048/500] T-Acc:  64.9%  V-Acc:  54.0%  V-AUROC: 0.5206  LR: 2.00e-04
2026-08-01 22:49:11,242 | [FULL    ] | INFO | full_experiments_using.model_trainers.mobile_vit_trainer | Ep [049/500] T-Acc:  65.0%  V-Acc:  53.8%  V-AUROC: 0.5163  LR: 2.00e-04
2026-08-01 22:49:25,216 | [FULL    ] | INFO | full_experiments_using.model_trainers.mobile_vit_trainer | Ep [050/500] T-Acc:  64.5%  V-Acc:  53.8%  V-AUROC: 0.5166  LR: 2.00e-04
2026-08-01 22:49:39,091 | [FULL    ] | INFO | full_experiments_using.model_trainers.mobile_vit_trainer | Ep [051/500] T-Acc:  64.7%  V-Acc:  53.7%  V-AUROC: 0.5170  LR: 2.00e-04
2026-08-01 22:49:53,185 | [FULL    ] | INFO | full_experiments_using.model_trainers.mobile_vit_trainer | Ep [052/500] T-Acc:  64.5%  V-Acc:  55.4%  V-AUROC: 0.5162  LR: 2.00e-04
2026-08-01 22:50:07,217 | [FULL    ] | INFO | full_experiments_using.model_trainers.mobile_vit_trainer | Ep [053/500] T-Acc:  64.7%  V-Acc:  54.2%  V-AUROC: 0.5145  LR: 4.00e-05
2026-08-01 22:50:21,191 | [FULL    ] | INFO | full_experiments_using.model_trainers.mobile_vit_trainer | Ep [054/500] T-Acc:  65.0%  V-Acc:  53.8%  V-AUROC: 0.5153  LR: 4.00e-05
2026-08-01 22:50:35,245 | [FULL    ] | INFO | full_experiments_using.model_trainers.mobile_vit_trainer | Ep [055/500] T-Acc:  64.8%  V-Acc:  54.2%  V-AUROC: 0.5154  LR: 4.00e-05
2026-08-01 22:50:49,400 | [FULL    ] | INFO | full_experiments_using.model_trainers.mobile_vit_trainer | Ep [056/500] T-Acc:  64.6%  V-Acc:  54.8%  V-AUROC: 0.5158  LR: 4.00e-05
2026-08-01 22:51:03,364 | [FULL    ] | INFO | full_experiments_using.model_trainers.mobile_vit_trainer | Ep [057/500] T-Acc:  65.5%  V-Acc:  53.2%  V-AUROC: 0.5159  LR: 4.00e-05
2026-08-01 22:51:17,414 | [FULL    ] | INFO | full_experiments_using.model_trainers.mobile_vit_trainer | Ep [058/500] T-Acc:  65.6%  V-Acc:  54.2%  V-AUROC: 0.5154  LR: 4.00e-05
2026-08-01 22:51:31,451 | [FULL    ] | INFO | full_experiments_using.model_trainers.mobile_vit_trainer | Ep [059/500] T-Acc:  65.7%  V-Acc:  53.9%  V-AUROC: 0.5146  LR: 4.00e-05
2026-08-01 22:51:45,415 | [FULL    ] | INFO | full_experiments_using.model_trainers.mobile_vit_trainer | Ep [060/500] T-Acc:  65.0%  V-Acc:  54.1%  V-AUROC: 0.5165  LR: 4.00e-05
2026-08-01 22:51:45,415 | [FULL    ] | INFO | full_experiments_using.model_trainers.mobile_vit_trainer | Early stop — best AUROC 0.5235 at epoch 30 (no improvement for 30 epochs)
2026-08-01 22:51:45,415 | [FULL    ] | INFO | full_experiments_using.model_trainers.mobile_vit_trainer | Done. Best AUROC: 0.5235 (epoch 30) → /home/oem/choihyunsu/VOGBasedMCIDetection/outputs/checkpoints/run_20260801_202901_full_wvote_artifact30_4err/fold_12_best.pth
2026-08-01 22:51:50,119 | [FULL    ] | INFO | full_experiments_using.evaluators.monte_carlo_evaluator | -> Fold 13 Result | Acc=0.818 Sens=0.800 Spec=0.833 AUROC=0.800
2026-08-01 22:51:50,126 | [FULL    ] | INFO | full_experiments_using.evaluators.monte_carlo_evaluator | === Fold 14/30 | train: 25 subj (HC=8 MCI=17) / 3763 win | test: 12 subj (HC=6 MCI=6) / 1952 win ===
2026-08-01 22:51:50,371 | [FULL    ] | INFO | httpx | HTTP Request: HEAD https://huggingface.co/apple/mobilevit-small/resolve/main/config.json "HTTP/1.1 307 Temporary Redirect"
2026-08-01 22:51:50,386 | [FULL    ] | INFO | httpx | HTTP Request: HEAD https://huggingface.co/api/resolve-cache/models/apple/mobilevit-small/6c8612545dc98676d27bc518fa521d9e9af23e34/config.json "HTTP/1.1 200 OK"
2026-08-01 22:51:50,622 | [FULL    ] | INFO | httpx | HTTP Request: HEAD https://huggingface.co/apple/mobilevit-small/resolve/main/model.safetensors "HTTP/1.1 404 Not Found"
2026-08-01 22:51:50,827 | [FULL    ] | INFO | httpx | HTTP Request: HEAD https://huggingface.co/apple/mobilevit-small/resolve/main/model.safetensors.index.json "HTTP/1.1 404 Not Found"
2026-08-01 22:51:51,039 | [FULL    ] | INFO | httpx | HTTP Request: HEAD https://huggingface.co/apple/mobilevit-small/resolve/main/pytorch_model.bin "HTTP/1.1 302 Found"
2026-08-01 22:51:51,244 | [FULL    ] | INFO | httpx | HTTP Request: HEAD https://huggingface.co/apple/mobilevit-small/resolve/main/model.safetensors "HTTP/1.1 404 Not Found"
2026-08-01 22:51:51,466 | [FULL    ] | INFO | httpx | HTTP Request: GET https://huggingface.co/api/models/apple/mobilevit-small "HTTP/1.1 200 OK"
2026-08-01 22:51:51,683 | [FULL    ] | INFO | httpx | HTTP Request: GET https://huggingface.co/api/models/apple/mobilevit-small/commits/main "HTTP/1.1 200 OK"
2026-08-01 22:51:51,756 | [FULL    ] | INFO | full_experiments_using.model_trainers.mobile_vit_trainer | Device: cuda | max_epochs=500 | batch=32 | eval_batch=256 | es_patience=30
2026-08-01 22:51:51,761 | [FULL    ] | INFO | full_experiments_using.model_trainers.mobile_vit_trainer | CE weights — HC: 1.341  MCI: 0.797
2026-08-01 22:51:51,914 | [FULL    ] | INFO | httpx | HTTP Request: GET https://huggingface.co/api/models/apple/mobilevit-small/discussions?p=0 "HTTP/1.1 200 OK"
2026-08-01 22:51:52,144 | [FULL    ] | INFO | httpx | HTTP Request: GET https://huggingface.co/api/models/apple/mobilevit-small/commits/refs%2Fpr%2F6 "HTTP/1.1 200 OK"
2026-08-01 22:51:52,351 | [FULL    ] | INFO | httpx | HTTP Request: HEAD https://huggingface.co/apple/mobilevit-small/resolve/refs%2Fpr%2F6/model.safetensors.index.json "HTTP/1.1 404 Not Found"
2026-08-01 22:51:52,567 | [FULL    ] | INFO | httpx | HTTP Request: HEAD https://huggingface.co/apple/mobilevit-small/resolve/refs%2Fpr%2F6/model.safetensors "HTTP/1.1 302 Found"
2026-08-01 22:52:12,641 | [FULL    ] | INFO | full_experiments_using.model_trainers.mobile_vit_trainer | Ep [001/500] T-Acc:  51.4%  V-Acc:  51.5%  V-AUROC: 0.5122  LR: 2.00e-04
2026-08-01 22:52:12,684 | [FULL    ] | INFO | full_experiments_using.model_trainers.mobile_vit_trainer |   ↳ new best AUROC; saved checkpoint: /home/oem/choihyunsu/VOGBasedMCIDetection/outputs/checkpoints/run_20260801_202901_full_wvote_artifact30_4err/fold_13_best.pth
2026-08-01 22:52:26,728 | [FULL    ] | INFO | full_experiments_using.model_trainers.mobile_vit_trainer | Ep [002/500] T-Acc:  50.6%  V-Acc:  49.6%  V-AUROC: 0.5068  LR: 4.00e-04
2026-08-01 22:52:40,692 | [FULL    ] | INFO | full_experiments_using.model_trainers.mobile_vit_trainer | Ep [003/500] T-Acc:  52.2%  V-Acc:  51.8%  V-AUROC: 0.5114  LR: 6.00e-04
2026-08-01 22:52:54,565 | [FULL    ] | INFO | full_experiments_using.model_trainers.mobile_vit_trainer | Ep [004/500] T-Acc:  52.8%  V-Acc:  52.1%  V-AUROC: 0.5077  LR: 8.00e-04
2026-08-01 22:53:08,639 | [FULL    ] | INFO | full_experiments_using.model_trainers.mobile_vit_trainer | Ep [005/500] T-Acc:  52.8%  V-Acc:  53.1%  V-AUROC: 0.5208  LR: 1.00e-03
2026-08-01 22:53:08,856 | [FULL    ] | INFO | full_experiments_using.model_trainers.mobile_vit_trainer |   ↳ new best AUROC; saved checkpoint: /home/oem/choihyunsu/VOGBasedMCIDetection/outputs/checkpoints/run_20260801_202901_full_wvote_artifact30_4err/fold_13_best.pth
2026-08-01 22:53:22,916 | [FULL    ] | INFO | full_experiments_using.model_trainers.mobile_vit_trainer | Ep [006/500] T-Acc:  54.4%  V-Acc:  53.4%  V-AUROC: 0.5239  LR: 1.00e-03
2026-08-01 22:53:23,024 | [FULL    ] | INFO | full_experiments_using.model_trainers.mobile_vit_trainer |   ↳ new best AUROC; saved checkpoint: /home/oem/choihyunsu/VOGBasedMCIDetection/outputs/checkpoints/run_20260801_202901_full_wvote_artifact30_4err/fold_13_best.pth
2026-08-01 22:53:37,031 | [FULL    ] | INFO | full_experiments_using.model_trainers.mobile_vit_trainer | Ep [007/500] T-Acc:  55.6%  V-Acc:  51.4%  V-AUROC: 0.5168  LR: 1.00e-03
2026-08-01 22:53:51,143 | [FULL    ] | INFO | full_experiments_using.model_trainers.mobile_vit_trainer | Ep [008/500] T-Acc:  54.8%  V-Acc:  52.9%  V-AUROC: 0.5144  LR: 1.00e-03
2026-08-01 22:54:05,047 | [FULL    ] | INFO | full_experiments_using.model_trainers.mobile_vit_trainer | Ep [009/500] T-Acc:  54.5%  V-Acc:  49.5%  V-AUROC: 0.5049  LR: 1.00e-03
2026-08-01 22:54:18,922 | [FULL    ] | INFO | full_experiments_using.model_trainers.mobile_vit_trainer | Ep [010/500] T-Acc:  55.3%  V-Acc:  52.6%  V-AUROC: 0.5100  LR: 1.00e-03
2026-08-01 22:54:33,000 | [FULL    ] | INFO | full_experiments_using.model_trainers.mobile_vit_trainer | Ep [011/500] T-Acc:  55.4%  V-Acc:  53.9%  V-AUROC: 0.5229  LR: 1.00e-03
2026-08-01 22:54:46,771 | [FULL    ] | INFO | full_experiments_using.model_trainers.mobile_vit_trainer | Ep [012/500] T-Acc:  57.4%  V-Acc:  53.1%  V-AUROC: 0.5247  LR: 1.00e-03
2026-08-01 22:54:46,880 | [FULL    ] | INFO | full_experiments_using.model_trainers.mobile_vit_trainer |   ↳ new best AUROC; saved checkpoint: /home/oem/choihyunsu/VOGBasedMCIDetection/outputs/checkpoints/run_20260801_202901_full_wvote_artifact30_4err/fold_13_best.pth
2026-08-01 22:55:00,778 | [FULL    ] | INFO | full_experiments_using.model_trainers.mobile_vit_trainer | Ep [013/500] T-Acc:  57.9%  V-Acc:  55.5%  V-AUROC: 0.5440  LR: 1.00e-03
2026-08-01 22:55:00,893 | [FULL    ] | INFO | full_experiments_using.model_trainers.mobile_vit_trainer |   ↳ new best AUROC; saved checkpoint: /home/oem/choihyunsu/VOGBasedMCIDetection/outputs/checkpoints/run_20260801_202901_full_wvote_artifact30_4err/fold_13_best.pth
2026-08-01 22:55:14,766 | [FULL    ] | INFO | full_experiments_using.model_trainers.mobile_vit_trainer | Ep [014/500] T-Acc:  58.0%  V-Acc:  54.5%  V-AUROC: 0.5357  LR: 1.00e-03
2026-08-01 22:55:28,822 | [FULL    ] | INFO | full_experiments_using.model_trainers.mobile_vit_trainer | Ep [015/500] T-Acc:  57.7%  V-Acc:  53.5%  V-AUROC: 0.5331  LR: 1.00e-03
2026-08-01 22:55:42,719 | [FULL    ] | INFO | full_experiments_using.model_trainers.mobile_vit_trainer | Ep [016/500] T-Acc:  57.6%  V-Acc:  54.0%  V-AUROC: 0.5270  LR: 1.00e-03
2026-08-01 22:55:56,615 | [FULL    ] | INFO | full_experiments_using.model_trainers.mobile_vit_trainer | Ep [017/500] T-Acc:  58.9%  V-Acc:  54.9%  V-AUROC: 0.5361  LR: 1.00e-03
2026-08-01 22:56:10,534 | [FULL    ] | INFO | full_experiments_using.model_trainers.mobile_vit_trainer | Ep [018/500] T-Acc:  58.4%  V-Acc:  55.1%  V-AUROC: 0.5350  LR: 1.00e-03
2026-08-01 22:56:24,514 | [FULL    ] | INFO | full_experiments_using.model_trainers.mobile_vit_trainer | Ep [019/500] T-Acc:  59.5%  V-Acc:  54.1%  V-AUROC: 0.5335  LR: 1.00e-03
2026-08-01 22:56:38,427 | [FULL    ] | INFO | full_experiments_using.model_trainers.mobile_vit_trainer | Ep [020/500] T-Acc:  58.4%  V-Acc:  54.2%  V-AUROC: 0.5341  LR: 1.00e-03
2026-08-01 22:56:52,315 | [FULL    ] | INFO | full_experiments_using.model_trainers.mobile_vit_trainer | Ep [021/500] T-Acc:  59.5%  V-Acc:  53.9%  V-AUROC: 0.5281  LR: 1.00e-03
2026-08-01 22:57:06,196 | [FULL    ] | INFO | full_experiments_using.model_trainers.mobile_vit_trainer | Ep [022/500] T-Acc:  59.5%  V-Acc:  55.7%  V-AUROC: 0.5448  LR: 1.00e-03
2026-08-01 22:57:06,312 | [FULL    ] | INFO | full_experiments_using.model_trainers.mobile_vit_trainer |   ↳ new best AUROC; saved checkpoint: /home/oem/choihyunsu/VOGBasedMCIDetection/outputs/checkpoints/run_20260801_202901_full_wvote_artifact30_4err/fold_13_best.pth
2026-08-01 22:57:20,174 | [FULL    ] | INFO | full_experiments_using.model_trainers.mobile_vit_trainer | Ep [023/500] T-Acc:  59.5%  V-Acc:  54.1%  V-AUROC: 0.5363  LR: 1.00e-03
2026-08-01 22:57:33,939 | [FULL    ] | INFO | full_experiments_using.model_trainers.mobile_vit_trainer | Ep [024/500] T-Acc:  60.0%  V-Acc:  54.4%  V-AUROC: 0.5385  LR: 1.00e-03
2026-08-01 22:57:47,830 | [FULL    ] | INFO | full_experiments_using.model_trainers.mobile_vit_trainer | Ep [025/500] T-Acc:  60.8%  V-Acc:  55.7%  V-AUROC: 0.5426  LR: 1.00e-03
2026-08-01 22:58:01,802 | [FULL    ] | INFO | full_experiments_using.model_trainers.mobile_vit_trainer | Ep [026/500] T-Acc:  60.2%  V-Acc:  55.1%  V-AUROC: 0.5560  LR: 1.00e-03
2026-08-01 22:58:01,912 | [FULL    ] | INFO | full_experiments_using.model_trainers.mobile_vit_trainer |   ↳ new best AUROC; saved checkpoint: /home/oem/choihyunsu/VOGBasedMCIDetection/outputs/checkpoints/run_20260801_202901_full_wvote_artifact30_4err/fold_13_best.pth
2026-08-01 22:58:15,864 | [FULL    ] | INFO | full_experiments_using.model_trainers.mobile_vit_trainer | Ep [027/500] T-Acc:  60.5%  V-Acc:  54.0%  V-AUROC: 0.5439  LR: 1.00e-03
2026-08-01 22:58:29,756 | [FULL    ] | INFO | full_experiments_using.model_trainers.mobile_vit_trainer | Ep [028/500] T-Acc:  60.1%  V-Acc:  55.4%  V-AUROC: 0.5454  LR: 1.00e-03
2026-08-01 22:58:43,648 | [FULL    ] | INFO | full_experiments_using.model_trainers.mobile_vit_trainer | Ep [029/500] T-Acc:  61.4%  V-Acc:  54.6%  V-AUROC: 0.5417  LR: 1.00e-03
2026-08-01 22:58:57,551 | [FULL    ] | INFO | full_experiments_using.model_trainers.mobile_vit_trainer | Ep [030/500] T-Acc:  61.5%  V-Acc:  54.9%  V-AUROC: 0.5475  LR: 1.00e-03
2026-08-01 22:59:11,198 | [FULL    ] | INFO | full_experiments_using.model_trainers.mobile_vit_trainer | Ep [031/500] T-Acc:  61.3%  V-Acc:  54.6%  V-AUROC: 0.5533  LR: 1.00e-03
2026-08-01 22:59:23,429 | [FULL    ] | INFO | full_experiments_using.model_trainers.mobile_vit_trainer | Ep [032/500] T-Acc:  61.3%  V-Acc:  55.9%  V-AUROC: 0.5539  LR: 1.00e-03
2026-08-01 22:59:35,235 | [FULL    ] | INFO | full_experiments_using.model_trainers.mobile_vit_trainer | Ep [033/500] T-Acc:  62.4%  V-Acc:  54.9%  V-AUROC: 0.5442  LR: 1.00e-03
2026-08-01 22:59:49,019 | [FULL    ] | INFO | full_experiments_using.model_trainers.mobile_vit_trainer | Ep [034/500] T-Acc:  62.1%  V-Acc:  57.3%  V-AUROC: 0.5501  LR: 1.00e-03
2026-08-01 23:00:02,833 | [FULL    ] | INFO | full_experiments_using.model_trainers.mobile_vit_trainer | Ep [035/500] T-Acc:  61.7%  V-Acc:  55.8%  V-AUROC: 0.5460  LR: 1.00e-03
2026-08-01 23:00:16,790 | [FULL    ] | INFO | full_experiments_using.model_trainers.mobile_vit_trainer | Ep [036/500] T-Acc:  61.9%  V-Acc:  55.7%  V-AUROC: 0.5501  LR: 1.00e-03
2026-08-01 23:00:30,615 | [FULL    ] | INFO | full_experiments_using.model_trainers.mobile_vit_trainer | Ep [037/500] T-Acc:  62.0%  V-Acc:  56.6%  V-AUROC: 0.5534  LR: 1.00e-03
2026-08-01 23:00:44,462 | [FULL    ] | INFO | full_experiments_using.model_trainers.mobile_vit_trainer | Ep [038/500] T-Acc:  62.2%  V-Acc:  56.7%  V-AUROC: 0.5559  LR: 2.00e-04
2026-08-01 23:00:58,437 | [FULL    ] | INFO | full_experiments_using.model_trainers.mobile_vit_trainer | Ep [039/500] T-Acc:  62.9%  V-Acc:  56.0%  V-AUROC: 0.5516  LR: 2.00e-04
2026-08-01 23:01:12,503 | [FULL    ] | INFO | full_experiments_using.model_trainers.mobile_vit_trainer | Ep [040/500] T-Acc:  61.9%  V-Acc:  56.4%  V-AUROC: 0.5503  LR: 2.00e-04
2026-08-01 23:01:26,459 | [FULL    ] | INFO | full_experiments_using.model_trainers.mobile_vit_trainer | Ep [041/500] T-Acc:  62.4%  V-Acc:  56.2%  V-AUROC: 0.5544  LR: 2.00e-04
2026-08-01 23:01:40,401 | [FULL    ] | INFO | full_experiments_using.model_trainers.mobile_vit_trainer | Ep [042/500] T-Acc:  62.1%  V-Acc:  56.5%  V-AUROC: 0.5522  LR: 2.00e-04
2026-08-01 23:01:54,399 | [FULL    ] | INFO | full_experiments_using.model_trainers.mobile_vit_trainer | Ep [043/500] T-Acc:  62.8%  V-Acc:  56.4%  V-AUROC: 0.5509  LR: 2.00e-04
2026-08-01 23:02:08,280 | [FULL    ] | INFO | full_experiments_using.model_trainers.mobile_vit_trainer | Ep [044/500] T-Acc:  61.4%  V-Acc:  56.3%  V-AUROC: 0.5519  LR: 2.00e-04
2026-08-01 23:02:22,204 | [FULL    ] | INFO | full_experiments_using.model_trainers.mobile_vit_trainer | Ep [045/500] T-Acc:  61.6%  V-Acc:  55.6%  V-AUROC: 0.5490  LR: 2.00e-04
2026-08-01 23:02:36,216 | [FULL    ] | INFO | full_experiments_using.model_trainers.mobile_vit_trainer | Ep [046/500] T-Acc:  62.6%  V-Acc:  55.4%  V-AUROC: 0.5490  LR: 2.00e-04
2026-08-01 23:02:50,329 | [FULL    ] | INFO | full_experiments_using.model_trainers.mobile_vit_trainer | Ep [047/500] T-Acc:  63.2%  V-Acc:  56.0%  V-AUROC: 0.5548  LR: 2.00e-04
2026-08-01 23:03:04,214 | [FULL    ] | INFO | full_experiments_using.model_trainers.mobile_vit_trainer | Ep [048/500] T-Acc:  62.3%  V-Acc:  55.8%  V-AUROC: 0.5505  LR: 2.00e-04
2026-08-01 23:03:18,258 | [FULL    ] | INFO | full_experiments_using.model_trainers.mobile_vit_trainer | Ep [049/500] T-Acc:  61.2%  V-Acc:  56.1%  V-AUROC: 0.5506  LR: 4.00e-05
2026-08-01 23:03:32,263 | [FULL    ] | INFO | full_experiments_using.model_trainers.mobile_vit_trainer | Ep [050/500] T-Acc:  63.0%  V-Acc:  56.0%  V-AUROC: 0.5491  LR: 4.00e-05
2026-08-01 23:03:46,148 | [FULL    ] | INFO | full_experiments_using.model_trainers.mobile_vit_trainer | Ep [051/500] T-Acc:  62.2%  V-Acc:  55.9%  V-AUROC: 0.5512  LR: 4.00e-05
2026-08-01 23:04:00,055 | [FULL    ] | INFO | full_experiments_using.model_trainers.mobile_vit_trainer | Ep [052/500] T-Acc:  62.7%  V-Acc:  55.9%  V-AUROC: 0.5515  LR: 4.00e-05
2026-08-01 23:04:14,052 | [FULL    ] | INFO | full_experiments_using.model_trainers.mobile_vit_trainer | Ep [053/500] T-Acc:  63.1%  V-Acc:  55.7%  V-AUROC: 0.5514  LR: 4.00e-05
2026-08-01 23:04:27,980 | [FULL    ] | INFO | full_experiments_using.model_trainers.mobile_vit_trainer | Ep [054/500] T-Acc:  62.7%  V-Acc:  56.1%  V-AUROC: 0.5519  LR: 4.00e-05
2026-08-01 23:04:42,025 | [FULL    ] | INFO | full_experiments_using.model_trainers.mobile_vit_trainer | Ep [055/500] T-Acc:  63.5%  V-Acc:  56.0%  V-AUROC: 0.5522  LR: 4.00e-05
2026-08-01 23:04:56,054 | [FULL    ] | INFO | full_experiments_using.model_trainers.mobile_vit_trainer | Ep [056/500] T-Acc:  62.9%  V-Acc:  55.8%  V-AUROC: 0.5522  LR: 4.00e-05
2026-08-01 23:04:56,054 | [FULL    ] | INFO | full_experiments_using.model_trainers.mobile_vit_trainer | Early stop — best AUROC 0.5560 at epoch 26 (no improvement for 30 epochs)
2026-08-01 23:04:56,054 | [FULL    ] | INFO | full_experiments_using.model_trainers.mobile_vit_trainer | Done. Best AUROC: 0.5560 (epoch 26) → /home/oem/choihyunsu/VOGBasedMCIDetection/outputs/checkpoints/run_20260801_202901_full_wvote_artifact30_4err/fold_13_best.pth
2026-08-01 23:05:00,738 | [FULL    ] | INFO | full_experiments_using.evaluators.monte_carlo_evaluator | -> Fold 14 Result | Acc=0.545 Sens=0.500 Spec=0.600 AUROC=0.600
2026-08-01 23:05:00,742 | [FULL    ] | INFO | full_experiments_using.evaluators.monte_carlo_evaluator | === Fold 15/30 | train: 25 subj (HC=10 MCI=15) / 3805 win | test: 12 subj (HC=4 MCI=8) / 1910 win ===
2026-08-01 23:05:01,009 | [FULL    ] | INFO | httpx | HTTP Request: HEAD https://huggingface.co/apple/mobilevit-small/resolve/main/config.json "HTTP/1.1 307 Temporary Redirect"
2026-08-01 23:05:01,025 | [FULL    ] | INFO | httpx | HTTP Request: HEAD https://huggingface.co/api/resolve-cache/models/apple/mobilevit-small/6c8612545dc98676d27bc518fa521d9e9af23e34/config.json "HTTP/1.1 200 OK"
2026-08-01 23:05:01,269 | [FULL    ] | INFO | httpx | HTTP Request: HEAD https://huggingface.co/apple/mobilevit-small/resolve/main/model.safetensors "HTTP/1.1 404 Not Found"
2026-08-01 23:05:01,479 | [FULL    ] | INFO | httpx | HTTP Request: HEAD https://huggingface.co/apple/mobilevit-small/resolve/main/model.safetensors.index.json "HTTP/1.1 404 Not Found"
2026-08-01 23:05:01,699 | [FULL    ] | INFO | httpx | HTTP Request: HEAD https://huggingface.co/apple/mobilevit-small/resolve/main/pytorch_model.bin "HTTP/1.1 302 Found"
2026-08-01 23:05:01,905 | [FULL    ] | INFO | httpx | HTTP Request: HEAD https://huggingface.co/apple/mobilevit-small/resolve/main/model.safetensors "HTTP/1.1 404 Not Found"
2026-08-01 23:05:02,128 | [FULL    ] | INFO | httpx | HTTP Request: GET https://huggingface.co/api/models/apple/mobilevit-small "HTTP/1.1 200 OK"
2026-08-01 23:05:02,329 | [FULL    ] | INFO | full_experiments_using.model_trainers.mobile_vit_trainer | Device: cuda | max_epochs=500 | batch=32 | eval_batch=256 | es_patience=30
2026-08-01 23:05:02,332 | [FULL    ] | INFO | full_experiments_using.model_trainers.mobile_vit_trainer | CE weights — HC: 1.100  MCI: 0.916
2026-08-01 23:05:02,356 | [FULL    ] | INFO | httpx | HTTP Request: GET https://huggingface.co/api/models/apple/mobilevit-small/commits/main "HTTP/1.1 200 OK"
2026-08-01 23:05:02,580 | [FULL    ] | INFO | httpx | HTTP Request: GET https://huggingface.co/api/models/apple/mobilevit-small/discussions?p=0 "HTTP/1.1 200 OK"
2026-08-01 23:05:02,806 | [FULL    ] | INFO | httpx | HTTP Request: GET https://huggingface.co/api/models/apple/mobilevit-small/commits/refs%2Fpr%2F6 "HTTP/1.1 200 OK"
2026-08-01 23:05:03,009 | [FULL    ] | INFO | httpx | HTTP Request: HEAD https://huggingface.co/apple/mobilevit-small/resolve/refs%2Fpr%2F6/model.safetensors.index.json "HTTP/1.1 404 Not Found"
2026-08-01 23:05:03,222 | [FULL    ] | INFO | httpx | HTTP Request: HEAD https://huggingface.co/apple/mobilevit-small/resolve/refs%2Fpr%2F6/model.safetensors "HTTP/1.1 302 Found"
2026-08-01 23:05:23,160 | [FULL    ] | INFO | full_experiments_using.model_trainers.mobile_vit_trainer | Ep [001/500] T-Acc:  51.6%  V-Acc:  49.3%  V-AUROC: 0.5218  LR: 2.00e-04
2026-08-01 23:05:23,205 | [FULL    ] | INFO | full_experiments_using.model_trainers.mobile_vit_trainer |   ↳ new best AUROC; saved checkpoint: /home/oem/choihyunsu/VOGBasedMCIDetection/outputs/checkpoints/run_20260801_202901_full_wvote_artifact30_4err/fold_14_best.pth
2026-08-01 23:05:37,287 | [FULL    ] | INFO | full_experiments_using.model_trainers.mobile_vit_trainer | Ep [002/500] T-Acc:  49.4%  V-Acc:  50.0%  V-AUROC: 0.5275  LR: 4.00e-04
2026-08-01 23:05:37,403 | [FULL    ] | INFO | full_experiments_using.model_trainers.mobile_vit_trainer |   ↳ new best AUROC; saved checkpoint: /home/oem/choihyunsu/VOGBasedMCIDetection/outputs/checkpoints/run_20260801_202901_full_wvote_artifact30_4err/fold_14_best.pth
2026-08-01 23:05:51,470 | [FULL    ] | INFO | full_experiments_using.model_trainers.mobile_vit_trainer | Ep [003/500] T-Acc:  52.9%  V-Acc:  48.6%  V-AUROC: 0.5387  LR: 6.00e-04
2026-08-01 23:05:51,586 | [FULL    ] | INFO | full_experiments_using.model_trainers.mobile_vit_trainer |   ↳ new best AUROC; saved checkpoint: /home/oem/choihyunsu/VOGBasedMCIDetection/outputs/checkpoints/run_20260801_202901_full_wvote_artifact30_4err/fold_14_best.pth
2026-08-01 23:06:05,531 | [FULL    ] | INFO | full_experiments_using.model_trainers.mobile_vit_trainer | Ep [004/500] T-Acc:  52.4%  V-Acc:  51.7%  V-AUROC: 0.5539  LR: 8.00e-04
2026-08-01 23:06:05,637 | [FULL    ] | INFO | full_experiments_using.model_trainers.mobile_vit_trainer |   ↳ new best AUROC; saved checkpoint: /home/oem/choihyunsu/VOGBasedMCIDetection/outputs/checkpoints/run_20260801_202901_full_wvote_artifact30_4err/fold_14_best.pth
2026-08-01 23:06:19,632 | [FULL    ] | INFO | full_experiments_using.model_trainers.mobile_vit_trainer | Ep [005/500] T-Acc:  54.6%  V-Acc:  54.0%  V-AUROC: 0.5615  LR: 1.00e-03
2026-08-01 23:06:19,747 | [FULL    ] | INFO | full_experiments_using.model_trainers.mobile_vit_trainer |   ↳ new best AUROC; saved checkpoint: /home/oem/choihyunsu/VOGBasedMCIDetection/outputs/checkpoints/run_20260801_202901_full_wvote_artifact30_4err/fold_14_best.pth
2026-08-01 23:06:33,752 | [FULL    ] | INFO | full_experiments_using.model_trainers.mobile_vit_trainer | Ep [006/500] T-Acc:  53.3%  V-Acc:  53.7%  V-AUROC: 0.5668  LR: 1.00e-03
2026-08-01 23:06:33,868 | [FULL    ] | INFO | full_experiments_using.model_trainers.mobile_vit_trainer |   ↳ new best AUROC; saved checkpoint: /home/oem/choihyunsu/VOGBasedMCIDetection/outputs/checkpoints/run_20260801_202901_full_wvote_artifact30_4err/fold_14_best.pth
2026-08-01 23:06:47,980 | [FULL    ] | INFO | full_experiments_using.model_trainers.mobile_vit_trainer | Ep [007/500] T-Acc:  54.2%  V-Acc:  56.8%  V-AUROC: 0.5878  LR: 1.00e-03
2026-08-01 23:06:48,093 | [FULL    ] | INFO | full_experiments_using.model_trainers.mobile_vit_trainer |   ↳ new best AUROC; saved checkpoint: /home/oem/choihyunsu/VOGBasedMCIDetection/outputs/checkpoints/run_20260801_202901_full_wvote_artifact30_4err/fold_14_best.pth
2026-08-01 23:07:02,047 | [FULL    ] | INFO | full_experiments_using.model_trainers.mobile_vit_trainer | Ep [008/500] T-Acc:  54.9%  V-Acc:  56.2%  V-AUROC: 0.5864  LR: 1.00e-03
2026-08-01 23:07:16,043 | [FULL    ] | INFO | full_experiments_using.model_trainers.mobile_vit_trainer | Ep [009/500] T-Acc:  54.8%  V-Acc:  55.4%  V-AUROC: 0.5855  LR: 1.00e-03
2026-08-01 23:07:30,163 | [FULL    ] | INFO | full_experiments_using.model_trainers.mobile_vit_trainer | Ep [010/500] T-Acc:  56.0%  V-Acc:  58.2%  V-AUROC: 0.6043  LR: 1.00e-03
2026-08-01 23:07:30,279 | [FULL    ] | INFO | full_experiments_using.model_trainers.mobile_vit_trainer |   ↳ new best AUROC; saved checkpoint: /home/oem/choihyunsu/VOGBasedMCIDetection/outputs/checkpoints/run_20260801_202901_full_wvote_artifact30_4err/fold_14_best.pth
2026-08-01 23:07:44,268 | [FULL    ] | INFO | full_experiments_using.model_trainers.mobile_vit_trainer | Ep [011/500] T-Acc:  55.6%  V-Acc:  56.6%  V-AUROC: 0.6086  LR: 1.00e-03
2026-08-01 23:07:44,383 | [FULL    ] | INFO | full_experiments_using.model_trainers.mobile_vit_trainer |   ↳ new best AUROC; saved checkpoint: /home/oem/choihyunsu/VOGBasedMCIDetection/outputs/checkpoints/run_20260801_202901_full_wvote_artifact30_4err/fold_14_best.pth
2026-08-01 23:07:58,361 | [FULL    ] | INFO | full_experiments_using.model_trainers.mobile_vit_trainer | Ep [012/500] T-Acc:  56.5%  V-Acc:  57.1%  V-AUROC: 0.6024  LR: 1.00e-03
2026-08-01 23:08:12,329 | [FULL    ] | INFO | full_experiments_using.model_trainers.mobile_vit_trainer | Ep [013/500] T-Acc:  56.4%  V-Acc:  58.5%  V-AUROC: 0.6100  LR: 1.00e-03
2026-08-01 23:08:12,443 | [FULL    ] | INFO | full_experiments_using.model_trainers.mobile_vit_trainer |   ↳ new best AUROC; saved checkpoint: /home/oem/choihyunsu/VOGBasedMCIDetection/outputs/checkpoints/run_20260801_202901_full_wvote_artifact30_4err/fold_14_best.pth
2026-08-01 23:08:26,277 | [FULL    ] | INFO | full_experiments_using.model_trainers.mobile_vit_trainer | Ep [014/500] T-Acc:  56.4%  V-Acc:  57.5%  V-AUROC: 0.6106  LR: 1.00e-03
2026-08-01 23:08:26,393 | [FULL    ] | INFO | full_experiments_using.model_trainers.mobile_vit_trainer |   ↳ new best AUROC; saved checkpoint: /home/oem/choihyunsu/VOGBasedMCIDetection/outputs/checkpoints/run_20260801_202901_full_wvote_artifact30_4err/fold_14_best.pth
2026-08-01 23:08:40,298 | [FULL    ] | INFO | full_experiments_using.model_trainers.mobile_vit_trainer | Ep [015/500] T-Acc:  57.5%  V-Acc:  57.4%  V-AUROC: 0.6111  LR: 1.00e-03
2026-08-01 23:08:40,425 | [FULL    ] | INFO | full_experiments_using.model_trainers.mobile_vit_trainer |   ↳ new best AUROC; saved checkpoint: /home/oem/choihyunsu/VOGBasedMCIDetection/outputs/checkpoints/run_20260801_202901_full_wvote_artifact30_4err/fold_14_best.pth
2026-08-01 23:08:54,409 | [FULL    ] | INFO | full_experiments_using.model_trainers.mobile_vit_trainer | Ep [016/500] T-Acc:  57.3%  V-Acc:  57.7%  V-AUROC: 0.6073  LR: 1.00e-03
2026-08-01 23:09:08,401 | [FULL    ] | INFO | full_experiments_using.model_trainers.mobile_vit_trainer | Ep [017/500] T-Acc:  57.8%  V-Acc:  58.8%  V-AUROC: 0.6132  LR: 1.00e-03
2026-08-01 23:09:08,516 | [FULL    ] | INFO | full_experiments_using.model_trainers.mobile_vit_trainer |   ↳ new best AUROC; saved checkpoint: /home/oem/choihyunsu/VOGBasedMCIDetection/outputs/checkpoints/run_20260801_202901_full_wvote_artifact30_4err/fold_14_best.pth
2026-08-01 23:09:20,624 | [FULL    ] | INFO | full_experiments_using.model_trainers.mobile_vit_trainer | Ep [018/500] T-Acc:  58.3%  V-Acc:  59.6%  V-AUROC: 0.6123  LR: 1.00e-03
2026-08-01 23:09:33,616 | [FULL    ] | INFO | full_experiments_using.model_trainers.mobile_vit_trainer | Ep [019/500] T-Acc:  57.8%  V-Acc:  57.8%  V-AUROC: 0.6105  LR: 1.00e-03
2026-08-01 23:09:46,353 | [FULL    ] | INFO | full_experiments_using.model_trainers.mobile_vit_trainer | Ep [020/500] T-Acc:  59.0%  V-Acc:  58.9%  V-AUROC: 0.6272  LR: 1.00e-03
2026-08-01 23:09:46,469 | [FULL    ] | INFO | full_experiments_using.model_trainers.mobile_vit_trainer |   ↳ new best AUROC; saved checkpoint: /home/oem/choihyunsu/VOGBasedMCIDetection/outputs/checkpoints/run_20260801_202901_full_wvote_artifact30_4err/fold_14_best.pth
2026-08-01 23:10:00,333 | [FULL    ] | INFO | full_experiments_using.model_trainers.mobile_vit_trainer | Ep [021/500] T-Acc:  59.2%  V-Acc:  59.2%  V-AUROC: 0.6288  LR: 1.00e-03
2026-08-01 23:10:00,450 | [FULL    ] | INFO | full_experiments_using.model_trainers.mobile_vit_trainer |   ↳ new best AUROC; saved checkpoint: /home/oem/choihyunsu/VOGBasedMCIDetection/outputs/checkpoints/run_20260801_202901_full_wvote_artifact30_4err/fold_14_best.pth
2026-08-01 23:10:14,418 | [FULL    ] | INFO | full_experiments_using.model_trainers.mobile_vit_trainer | Ep [022/500] T-Acc:  58.5%  V-Acc:  58.1%  V-AUROC: 0.6125  LR: 1.00e-03
2026-08-01 23:10:28,373 | [FULL    ] | INFO | full_experiments_using.model_trainers.mobile_vit_trainer | Ep [023/500] T-Acc:  57.1%  V-Acc:  58.9%  V-AUROC: 0.6219  LR: 1.00e-03
2026-08-01 23:10:42,403 | [FULL    ] | INFO | full_experiments_using.model_trainers.mobile_vit_trainer | Ep [024/500] T-Acc:  59.6%  V-Acc:  59.8%  V-AUROC: 0.6243  LR: 1.00e-03
2026-08-01 23:10:56,268 | [FULL    ] | INFO | full_experiments_using.model_trainers.mobile_vit_trainer | Ep [025/500] T-Acc:  59.4%  V-Acc:  58.6%  V-AUROC: 0.6205  LR: 1.00e-03
2026-08-01 23:11:10,077 | [FULL    ] | INFO | full_experiments_using.model_trainers.mobile_vit_trainer | Ep [026/500] T-Acc:  58.3%  V-Acc:  59.5%  V-AUROC: 0.6260  LR: 1.00e-03
2026-08-01 23:11:24,044 | [FULL    ] | INFO | full_experiments_using.model_trainers.mobile_vit_trainer | Ep [027/500] T-Acc:  60.1%  V-Acc:  59.1%  V-AUROC: 0.6232  LR: 1.00e-03
2026-08-01 23:11:37,917 | [FULL    ] | INFO | full_experiments_using.model_trainers.mobile_vit_trainer | Ep [028/500] T-Acc:  59.3%  V-Acc:  58.1%  V-AUROC: 0.6146  LR: 1.00e-03
2026-08-01 23:11:51,962 | [FULL    ] | INFO | full_experiments_using.model_trainers.mobile_vit_trainer | Ep [029/500] T-Acc:  58.9%  V-Acc:  58.1%  V-AUROC: 0.6223  LR: 1.00e-03
2026-08-01 23:12:05,901 | [FULL    ] | INFO | full_experiments_using.model_trainers.mobile_vit_trainer | Ep [030/500] T-Acc:  59.5%  V-Acc:  59.3%  V-AUROC: 0.6263  LR: 1.00e-03
2026-08-01 23:12:19,722 | [FULL    ] | INFO | full_experiments_using.model_trainers.mobile_vit_trainer | Ep [031/500] T-Acc:  58.7%  V-Acc:  59.0%  V-AUROC: 0.6277  LR: 1.00e-03
2026-08-01 23:12:33,681 | [FULL    ] | INFO | full_experiments_using.model_trainers.mobile_vit_trainer | Ep [032/500] T-Acc:  59.8%  V-Acc:  58.3%  V-AUROC: 0.6297  LR: 1.00e-03
2026-08-01 23:12:33,798 | [FULL    ] | INFO | full_experiments_using.model_trainers.mobile_vit_trainer |   ↳ new best AUROC; saved checkpoint: /home/oem/choihyunsu/VOGBasedMCIDetection/outputs/checkpoints/run_20260801_202901_full_wvote_artifact30_4err/fold_14_best.pth
2026-08-01 23:12:47,754 | [FULL    ] | INFO | full_experiments_using.model_trainers.mobile_vit_trainer | Ep [033/500] T-Acc:  60.4%  V-Acc:  59.8%  V-AUROC: 0.6258  LR: 1.00e-03
2026-08-01 23:13:01,725 | [FULL    ] | INFO | full_experiments_using.model_trainers.mobile_vit_trainer | Ep [034/500] T-Acc:  60.1%  V-Acc:  57.7%  V-AUROC: 0.6225  LR: 1.00e-03
2026-08-01 23:13:15,770 | [FULL    ] | INFO | full_experiments_using.model_trainers.mobile_vit_trainer | Ep [035/500] T-Acc:  59.8%  V-Acc:  58.9%  V-AUROC: 0.6224  LR: 1.00e-03
2026-08-01 23:13:29,661 | [FULL    ] | INFO | full_experiments_using.model_trainers.mobile_vit_trainer | Ep [036/500] T-Acc:  60.9%  V-Acc:  58.5%  V-AUROC: 0.6172  LR: 1.00e-03
2026-08-01 23:13:43,688 | [FULL    ] | INFO | full_experiments_using.model_trainers.mobile_vit_trainer | Ep [037/500] T-Acc:  60.9%  V-Acc:  58.6%  V-AUROC: 0.6186  LR: 1.00e-03
2026-08-01 23:13:57,621 | [FULL    ] | INFO | full_experiments_using.model_trainers.mobile_vit_trainer | Ep [038/500] T-Acc:  59.8%  V-Acc:  59.3%  V-AUROC: 0.6349  LR: 1.00e-03
2026-08-01 23:13:57,737 | [FULL    ] | INFO | full_experiments_using.model_trainers.mobile_vit_trainer |   ↳ new best AUROC; saved checkpoint: /home/oem/choihyunsu/VOGBasedMCIDetection/outputs/checkpoints/run_20260801_202901_full_wvote_artifact30_4err/fold_14_best.pth
2026-08-01 23:14:11,683 | [FULL    ] | INFO | full_experiments_using.model_trainers.mobile_vit_trainer | Ep [039/500] T-Acc:  60.3%  V-Acc:  59.0%  V-AUROC: 0.6353  LR: 1.00e-03
2026-08-01 23:14:11,800 | [FULL    ] | INFO | full_experiments_using.model_trainers.mobile_vit_trainer |   ↳ new best AUROC; saved checkpoint: /home/oem/choihyunsu/VOGBasedMCIDetection/outputs/checkpoints/run_20260801_202901_full_wvote_artifact30_4err/fold_14_best.pth
2026-08-01 23:14:25,805 | [FULL    ] | INFO | full_experiments_using.model_trainers.mobile_vit_trainer | Ep [040/500] T-Acc:  60.2%  V-Acc:  59.5%  V-AUROC: 0.6367  LR: 1.00e-03
2026-08-01 23:14:25,921 | [FULL    ] | INFO | full_experiments_using.model_trainers.mobile_vit_trainer |   ↳ new best AUROC; saved checkpoint: /home/oem/choihyunsu/VOGBasedMCIDetection/outputs/checkpoints/run_20260801_202901_full_wvote_artifact30_4err/fold_14_best.pth
2026-08-01 23:14:39,753 | [FULL    ] | INFO | full_experiments_using.model_trainers.mobile_vit_trainer | Ep [041/500] T-Acc:  60.2%  V-Acc:  58.7%  V-AUROC: 0.6331  LR: 1.00e-03
2026-08-01 23:14:53,600 | [FULL    ] | INFO | full_experiments_using.model_trainers.mobile_vit_trainer | Ep [042/500] T-Acc:  60.0%  V-Acc:  59.0%  V-AUROC: 0.6317  LR: 1.00e-03
2026-08-01 23:15:07,561 | [FULL    ] | INFO | full_experiments_using.model_trainers.mobile_vit_trainer | Ep [043/500] T-Acc:  61.0%  V-Acc:  58.1%  V-AUROC: 0.6124  LR: 1.00e-03
2026-08-01 23:15:21,370 | [FULL    ] | INFO | full_experiments_using.model_trainers.mobile_vit_trainer | Ep [044/500] T-Acc:  61.0%  V-Acc:  56.9%  V-AUROC: 0.6165  LR: 1.00e-03
2026-08-01 23:15:35,355 | [FULL    ] | INFO | full_experiments_using.model_trainers.mobile_vit_trainer | Ep [045/500] T-Acc:  61.0%  V-Acc:  57.5%  V-AUROC: 0.6101  LR: 1.00e-03
2026-08-01 23:15:49,409 | [FULL    ] | INFO | full_experiments_using.model_trainers.mobile_vit_trainer | Ep [046/500] T-Acc:  60.5%  V-Acc:  57.1%  V-AUROC: 0.6115  LR: 1.00e-03
2026-08-01 23:16:03,365 | [FULL    ] | INFO | full_experiments_using.model_trainers.mobile_vit_trainer | Ep [047/500] T-Acc:  61.5%  V-Acc:  57.0%  V-AUROC: 0.6135  LR: 1.00e-03
2026-08-01 23:16:17,403 | [FULL    ] | INFO | full_experiments_using.model_trainers.mobile_vit_trainer | Ep [048/500] T-Acc:  60.0%  V-Acc:  58.0%  V-AUROC: 0.6111  LR: 1.00e-03
2026-08-01 23:16:31,362 | [FULL    ] | INFO | full_experiments_using.model_trainers.mobile_vit_trainer | Ep [049/500] T-Acc:  61.5%  V-Acc:  57.6%  V-AUROC: 0.6084  LR: 1.00e-03
2026-08-01 23:16:45,372 | [FULL    ] | INFO | full_experiments_using.model_trainers.mobile_vit_trainer | Ep [050/500] T-Acc:  61.7%  V-Acc:  59.0%  V-AUROC: 0.6257  LR: 1.00e-03
2026-08-01 23:16:59,288 | [FULL    ] | INFO | full_experiments_using.model_trainers.mobile_vit_trainer | Ep [051/500] T-Acc:  60.2%  V-Acc:  58.8%  V-AUROC: 0.6290  LR: 1.00e-03
2026-08-01 23:17:13,113 | [FULL    ] | INFO | full_experiments_using.model_trainers.mobile_vit_trainer | Ep [052/500] T-Acc:  61.5%  V-Acc:  59.0%  V-AUROC: 0.6267  LR: 2.00e-04
2026-08-01 23:17:27,151 | [FULL    ] | INFO | full_experiments_using.model_trainers.mobile_vit_trainer | Ep [053/500] T-Acc:  61.8%  V-Acc:  58.4%  V-AUROC: 0.6261  LR: 2.00e-04
2026-08-01 23:17:41,107 | [FULL    ] | INFO | full_experiments_using.model_trainers.mobile_vit_trainer | Ep [054/500] T-Acc:  60.1%  V-Acc:  58.3%  V-AUROC: 0.6232  LR: 2.00e-04
2026-08-01 23:17:55,238 | [FULL    ] | INFO | full_experiments_using.model_trainers.mobile_vit_trainer | Ep [055/500] T-Acc:  61.8%  V-Acc:  58.0%  V-AUROC: 0.6238  LR: 2.00e-04
2026-08-01 23:18:09,175 | [FULL    ] | INFO | full_experiments_using.model_trainers.mobile_vit_trainer | Ep [056/500] T-Acc:  60.8%  V-Acc:  58.1%  V-AUROC: 0.6229  LR: 2.00e-04
2026-08-01 23:18:23,297 | [FULL    ] | INFO | full_experiments_using.model_trainers.mobile_vit_trainer | Ep [057/500] T-Acc:  61.5%  V-Acc:  57.3%  V-AUROC: 0.6200  LR: 2.00e-04
2026-08-01 23:18:37,256 | [FULL    ] | INFO | full_experiments_using.model_trainers.mobile_vit_trainer | Ep [058/500] T-Acc:  61.8%  V-Acc:  57.9%  V-AUROC: 0.6219  LR: 2.00e-04
2026-08-01 23:18:51,311 | [FULL    ] | INFO | full_experiments_using.model_trainers.mobile_vit_trainer | Ep [059/500] T-Acc:  61.0%  V-Acc:  58.4%  V-AUROC: 0.6224  LR: 2.00e-04
2026-08-01 23:19:05,217 | [FULL    ] | INFO | full_experiments_using.model_trainers.mobile_vit_trainer | Ep [060/500] T-Acc:  61.4%  V-Acc:  57.4%  V-AUROC: 0.6194  LR: 2.00e-04
2026-08-01 23:19:19,163 | [FULL    ] | INFO | full_experiments_using.model_trainers.mobile_vit_trainer | Ep [061/500] T-Acc:  62.4%  V-Acc:  58.0%  V-AUROC: 0.6208  LR: 2.00e-04
2026-08-01 23:19:32,979 | [FULL    ] | INFO | full_experiments_using.model_trainers.mobile_vit_trainer | Ep [062/500] T-Acc:  62.5%  V-Acc:  57.9%  V-AUROC: 0.6202  LR: 2.00e-04
2026-08-01 23:19:46,990 | [FULL    ] | INFO | full_experiments_using.model_trainers.mobile_vit_trainer | Ep [063/500] T-Acc:  61.9%  V-Acc:  58.2%  V-AUROC: 0.6228  LR: 4.00e-05
2026-08-01 23:20:00,926 | [FULL    ] | INFO | full_experiments_using.model_trainers.mobile_vit_trainer | Ep [064/500] T-Acc:  61.3%  V-Acc:  57.9%  V-AUROC: 0.6217  LR: 4.00e-05
2026-08-01 23:20:15,040 | [FULL    ] | INFO | full_experiments_using.model_trainers.mobile_vit_trainer | Ep [065/500] T-Acc:  62.6%  V-Acc:  58.3%  V-AUROC: 0.6220  LR: 4.00e-05
2026-08-01 23:20:28,974 | [FULL    ] | INFO | full_experiments_using.model_trainers.mobile_vit_trainer | Ep [066/500] T-Acc:  62.0%  V-Acc:  57.6%  V-AUROC: 0.6216  LR: 4.00e-05
2026-08-01 23:20:42,925 | [FULL    ] | INFO | full_experiments_using.model_trainers.mobile_vit_trainer | Ep [067/500] T-Acc:  62.4%  V-Acc:  57.3%  V-AUROC: 0.6214  LR: 4.00e-05
2026-08-01 23:20:57,047 | [FULL    ] | INFO | full_experiments_using.model_trainers.mobile_vit_trainer | Ep [068/500] T-Acc:  61.3%  V-Acc:  57.6%  V-AUROC: 0.6226  LR: 4.00e-05
2026-08-01 23:21:11,136 | [FULL    ] | INFO | full_experiments_using.model_trainers.mobile_vit_trainer | Ep [069/500] T-Acc:  61.9%  V-Acc:  57.6%  V-AUROC: 0.6230  LR: 4.00e-05
2026-08-01 23:21:25,126 | [FULL    ] | INFO | full_experiments_using.model_trainers.mobile_vit_trainer | Ep [070/500] T-Acc:  62.0%  V-Acc:  57.3%  V-AUROC: 0.6216  LR: 4.00e-05
2026-08-01 23:21:25,166 | [FULL    ] | INFO | full_experiments_using.model_trainers.mobile_vit_trainer | Early stop — best AUROC 0.6367 at epoch 40 (no improvement for 30 epochs)
2026-08-01 23:21:25,166 | [FULL    ] | INFO | full_experiments_using.model_trainers.mobile_vit_trainer | Done. Best AUROC: 0.6367 (epoch 40) → /home/oem/choihyunsu/VOGBasedMCIDetection/outputs/checkpoints/run_20260801_202901_full_wvote_artifact30_4err/fold_14_best.pth
2026-08-01 23:21:29,428 | [FULL    ] | INFO | full_experiments_using.evaluators.monte_carlo_evaluator | -> Fold 15 Result | Acc=0.818 Sens=0.714 Spec=1.000 AUROC=0.929
2026-08-01 23:21:29,431 | [FULL    ] | INFO | full_experiments_using.evaluators.monte_carlo_evaluator | === Fold 16/30 | train: 25 subj (HC=8 MCI=17) / 3830 win | test: 12 subj (HC=6 MCI=6) / 1885 win ===
2026-08-01 23:21:29,667 | [FULL    ] | INFO | httpx | HTTP Request: HEAD https://huggingface.co/apple/mobilevit-small/resolve/main/config.json "HTTP/1.1 307 Temporary Redirect"
2026-08-01 23:21:29,679 | [FULL    ] | INFO | httpx | HTTP Request: HEAD https://huggingface.co/api/resolve-cache/models/apple/mobilevit-small/6c8612545dc98676d27bc518fa521d9e9af23e34/config.json "HTTP/1.1 200 OK"
2026-08-01 23:21:29,919 | [FULL    ] | INFO | httpx | HTTP Request: HEAD https://huggingface.co/apple/mobilevit-small/resolve/main/model.safetensors "HTTP/1.1 404 Not Found"
2026-08-01 23:21:30,116 | [FULL    ] | INFO | httpx | HTTP Request: HEAD https://huggingface.co/apple/mobilevit-small/resolve/main/model.safetensors.index.json "HTTP/1.1 404 Not Found"
2026-08-01 23:21:30,335 | [FULL    ] | INFO | httpx | HTTP Request: HEAD https://huggingface.co/apple/mobilevit-small/resolve/main/pytorch_model.bin "HTTP/1.1 302 Found"
2026-08-01 23:21:30,584 | [FULL    ] | INFO | httpx | HTTP Request: HEAD https://huggingface.co/apple/mobilevit-small/resolve/main/model.safetensors "HTTP/1.1 404 Not Found"
2026-08-01 23:21:30,794 | [FULL    ] | INFO | httpx | HTTP Request: GET https://huggingface.co/api/models/apple/mobilevit-small "HTTP/1.1 200 OK"
2026-08-01 23:21:31,013 | [FULL    ] | INFO | httpx | HTTP Request: GET https://huggingface.co/api/models/apple/mobilevit-small/commits/main "HTTP/1.1 200 OK"
2026-08-01 23:21:31,121 | [FULL    ] | INFO | full_experiments_using.model_trainers.mobile_vit_trainer | Device: cuda | max_epochs=500 | batch=32 | eval_batch=256 | es_patience=30
2026-08-01 23:21:31,126 | [FULL    ] | INFO | full_experiments_using.model_trainers.mobile_vit_trainer | CE weights — HC: 1.315  MCI: 0.807
2026-08-01 23:21:31,231 | [FULL    ] | INFO | httpx | HTTP Request: GET https://huggingface.co/api/models/apple/mobilevit-small/discussions?p=0 "HTTP/1.1 200 OK"
2026-08-01 23:21:31,455 | [FULL    ] | INFO | httpx | HTTP Request: GET https://huggingface.co/api/models/apple/mobilevit-small/commits/refs%2Fpr%2F6 "HTTP/1.1 200 OK"
2026-08-01 23:21:31,664 | [FULL    ] | INFO | httpx | HTTP Request: HEAD https://huggingface.co/apple/mobilevit-small/resolve/refs%2Fpr%2F6/model.safetensors.index.json "HTTP/1.1 404 Not Found"
2026-08-01 23:21:31,874 | [FULL    ] | INFO | httpx | HTTP Request: HEAD https://huggingface.co/apple/mobilevit-small/resolve/refs%2Fpr%2F6/model.safetensors "HTTP/1.1 302 Found"
2026-08-01 23:21:45,142 | [FULL    ] | INFO | full_experiments_using.model_trainers.mobile_vit_trainer | Ep [001/500] T-Acc:  48.2%  V-Acc:  51.3%  V-AUROC: 0.4974  LR: 2.00e-04
2026-08-01 23:21:45,200 | [FULL    ] | INFO | full_experiments_using.model_trainers.mobile_vit_trainer |   ↳ new best AUROC; saved checkpoint: /home/oem/choihyunsu/VOGBasedMCIDetection/outputs/checkpoints/run_20260801_202901_full_wvote_artifact30_4err/fold_15_best.pth
2026-08-01 23:21:59,393 | [FULL    ] | INFO | full_experiments_using.model_trainers.mobile_vit_trainer | Ep [002/500] T-Acc:  49.7%  V-Acc:  49.8%  V-AUROC: 0.4881  LR: 4.00e-04
2026-08-01 23:22:13,396 | [FULL    ] | INFO | full_experiments_using.model_trainers.mobile_vit_trainer | Ep [003/500] T-Acc:  50.1%  V-Acc:  49.6%  V-AUROC: 0.4894  LR: 6.00e-04
2026-08-01 23:22:27,611 | [FULL    ] | INFO | full_experiments_using.model_trainers.mobile_vit_trainer | Ep [004/500] T-Acc:  53.1%  V-Acc:  49.2%  V-AUROC: 0.4918  LR: 8.00e-04
2026-08-01 23:22:41,651 | [FULL    ] | INFO | full_experiments_using.model_trainers.mobile_vit_trainer | Ep [005/500] T-Acc:  55.0%  V-Acc:  48.8%  V-AUROC: 0.4929  LR: 1.00e-03
2026-08-01 23:22:55,550 | [FULL    ] | INFO | full_experiments_using.model_trainers.mobile_vit_trainer | Ep [006/500] T-Acc:  55.7%  V-Acc:  48.6%  V-AUROC: 0.4728  LR: 1.00e-03
2026-08-01 23:23:09,621 | [FULL    ] | INFO | full_experiments_using.model_trainers.mobile_vit_trainer | Ep [007/500] T-Acc:  56.5%  V-Acc:  48.1%  V-AUROC: 0.4727  LR: 1.00e-03
2026-08-01 23:23:23,636 | [FULL    ] | INFO | full_experiments_using.model_trainers.mobile_vit_trainer | Ep [008/500] T-Acc:  58.4%  V-Acc:  48.0%  V-AUROC: 0.4721  LR: 1.00e-03
2026-08-01 23:23:37,789 | [FULL    ] | INFO | full_experiments_using.model_trainers.mobile_vit_trainer | Ep [009/500] T-Acc:  58.7%  V-Acc:  48.1%  V-AUROC: 0.4681  LR: 1.00e-03
2026-08-01 23:23:51,806 | [FULL    ] | INFO | full_experiments_using.model_trainers.mobile_vit_trainer | Ep [010/500] T-Acc:  60.5%  V-Acc:  48.0%  V-AUROC: 0.4628  LR: 1.00e-03
2026-08-01 23:24:06,005 | [FULL    ] | INFO | full_experiments_using.model_trainers.mobile_vit_trainer | Ep [011/500] T-Acc:  61.4%  V-Acc:  46.4%  V-AUROC: 0.4580  LR: 1.00e-03
2026-08-01 23:24:18,009 | [FULL    ] | INFO | full_experiments_using.model_trainers.mobile_vit_trainer | Ep [012/500] T-Acc:  61.7%  V-Acc:  47.3%  V-AUROC: 0.4575  LR: 1.00e-03
2026-08-01 23:24:31,087 | [FULL    ] | INFO | full_experiments_using.model_trainers.mobile_vit_trainer | Ep [013/500] T-Acc:  61.4%  V-Acc:  47.6%  V-AUROC: 0.4630  LR: 1.00e-03
2026-08-01 23:24:43,555 | [FULL    ] | INFO | full_experiments_using.model_trainers.mobile_vit_trainer | Ep [014/500] T-Acc:  63.2%  V-Acc:  48.4%  V-AUROC: 0.4668  LR: 1.00e-03
2026-08-01 23:24:57,484 | [FULL    ] | INFO | full_experiments_using.model_trainers.mobile_vit_trainer | Ep [015/500] T-Acc:  62.2%  V-Acc:  47.5%  V-AUROC: 0.4603  LR: 1.00e-03
2026-08-01 23:25:11,430 | [FULL    ] | INFO | full_experiments_using.model_trainers.mobile_vit_trainer | Ep [016/500] T-Acc:  62.8%  V-Acc:  47.5%  V-AUROC: 0.4627  LR: 1.00e-03
2026-08-01 23:25:25,432 | [FULL    ] | INFO | full_experiments_using.model_trainers.mobile_vit_trainer | Ep [017/500] T-Acc:  63.2%  V-Acc:  47.2%  V-AUROC: 0.4591  LR: 1.00e-03
2026-08-01 23:25:39,343 | [FULL    ] | INFO | full_experiments_using.model_trainers.mobile_vit_trainer | Ep [018/500] T-Acc:  63.1%  V-Acc:  47.7%  V-AUROC: 0.4597  LR: 2.00e-04
2026-08-01 23:25:53,369 | [FULL    ] | INFO | full_experiments_using.model_trainers.mobile_vit_trainer | Ep [019/500] T-Acc:  62.6%  V-Acc:  47.2%  V-AUROC: 0.4584  LR: 2.00e-04
2026-08-01 23:26:07,393 | [FULL    ] | INFO | full_experiments_using.model_trainers.mobile_vit_trainer | Ep [020/500] T-Acc:  63.1%  V-Acc:  47.0%  V-AUROC: 0.4588  LR: 2.00e-04
2026-08-01 23:26:21,332 | [FULL    ] | INFO | full_experiments_using.model_trainers.mobile_vit_trainer | Ep [021/500] T-Acc:  62.6%  V-Acc:  46.9%  V-AUROC: 0.4591  LR: 2.00e-04
2026-08-01 23:26:35,516 | [FULL    ] | INFO | full_experiments_using.model_trainers.mobile_vit_trainer | Ep [022/500] T-Acc:  63.4%  V-Acc:  47.5%  V-AUROC: 0.4594  LR: 2.00e-04
2026-08-01 23:26:49,712 | [FULL    ] | INFO | full_experiments_using.model_trainers.mobile_vit_trainer | Ep [023/500] T-Acc:  63.8%  V-Acc:  47.4%  V-AUROC: 0.4590  LR: 2.00e-04
2026-08-01 23:27:03,650 | [FULL    ] | INFO | full_experiments_using.model_trainers.mobile_vit_trainer | Ep [024/500] T-Acc:  63.2%  V-Acc:  47.2%  V-AUROC: 0.4587  LR: 2.00e-04
2026-08-01 23:27:17,657 | [FULL    ] | INFO | full_experiments_using.model_trainers.mobile_vit_trainer | Ep [025/500] T-Acc:  64.0%  V-Acc:  47.3%  V-AUROC: 0.4587  LR: 2.00e-04
2026-08-01 23:27:31,694 | [FULL    ] | INFO | full_experiments_using.model_trainers.mobile_vit_trainer | Ep [026/500] T-Acc:  63.1%  V-Acc:  47.4%  V-AUROC: 0.4584  LR: 2.00e-04
2026-08-01 23:27:45,646 | [FULL    ] | INFO | full_experiments_using.model_trainers.mobile_vit_trainer | Ep [027/500] T-Acc:  63.7%  V-Acc:  47.5%  V-AUROC: 0.4573  LR: 2.00e-04
2026-08-01 23:27:59,614 | [FULL    ] | INFO | full_experiments_using.model_trainers.mobile_vit_trainer | Ep [028/500] T-Acc:  62.8%  V-Acc:  47.7%  V-AUROC: 0.4586  LR: 2.00e-04
2026-08-01 23:28:13,647 | [FULL    ] | INFO | full_experiments_using.model_trainers.mobile_vit_trainer | Ep [029/500] T-Acc:  64.1%  V-Acc:  47.5%  V-AUROC: 0.4592  LR: 4.00e-05
2026-08-01 23:28:27,757 | [FULL    ] | INFO | full_experiments_using.model_trainers.mobile_vit_trainer | Ep [030/500] T-Acc:  63.8%  V-Acc:  47.7%  V-AUROC: 0.4596  LR: 4.00e-05
2026-08-01 23:28:41,681 | [FULL    ] | INFO | full_experiments_using.model_trainers.mobile_vit_trainer | Ep [031/500] T-Acc:  62.8%  V-Acc:  47.5%  V-AUROC: 0.4567  LR: 4.00e-05
2026-08-01 23:28:41,682 | [FULL    ] | INFO | full_experiments_using.model_trainers.mobile_vit_trainer | Early stop — best AUROC 0.4974 at epoch 1 (no improvement for 30 epochs)
2026-08-01 23:28:41,682 | [FULL    ] | INFO | full_experiments_using.model_trainers.mobile_vit_trainer | Done. Best AUROC: 0.4974 (epoch 1) → /home/oem/choihyunsu/VOGBasedMCIDetection/outputs/checkpoints/run_20260801_202901_full_wvote_artifact30_4err/fold_15_best.pth
2026-08-01 23:28:44,633 | [FULL    ] | INFO | full_experiments_using.evaluators.monte_carlo_evaluator | -> Fold 16 Result | Acc=0.545 Sens=0.500 Spec=0.600 AUROC=0.533
2026-08-01 23:28:44,640 | [FULL    ] | INFO | full_experiments_using.evaluators.monte_carlo_evaluator | === Fold 17/30 | train: 25 subj (HC=8 MCI=17) / 3716 win | test: 12 subj (HC=6 MCI=6) / 1999 win ===
2026-08-01 23:28:44,867 | [FULL    ] | INFO | httpx | HTTP Request: HEAD https://huggingface.co/apple/mobilevit-small/resolve/main/config.json "HTTP/1.1 307 Temporary Redirect"
2026-08-01 23:28:44,879 | [FULL    ] | INFO | httpx | HTTP Request: HEAD https://huggingface.co/api/resolve-cache/models/apple/mobilevit-small/6c8612545dc98676d27bc518fa521d9e9af23e34/config.json "HTTP/1.1 200 OK"
2026-08-01 23:28:45,124 | [FULL    ] | INFO | httpx | HTTP Request: HEAD https://huggingface.co/apple/mobilevit-small/resolve/main/model.safetensors "HTTP/1.1 404 Not Found"
2026-08-01 23:28:45,334 | [FULL    ] | INFO | httpx | HTTP Request: HEAD https://huggingface.co/apple/mobilevit-small/resolve/main/model.safetensors.index.json "HTTP/1.1 404 Not Found"
2026-08-01 23:28:45,536 | [FULL    ] | INFO | httpx | HTTP Request: HEAD https://huggingface.co/apple/mobilevit-small/resolve/main/pytorch_model.bin "HTTP/1.1 302 Found"
2026-08-01 23:28:45,735 | [FULL    ] | INFO | httpx | HTTP Request: HEAD https://huggingface.co/apple/mobilevit-small/resolve/main/model.safetensors "HTTP/1.1 404 Not Found"
2026-08-01 23:28:45,959 | [FULL    ] | INFO | httpx | HTTP Request: GET https://huggingface.co/api/models/apple/mobilevit-small "HTTP/1.1 200 OK"
2026-08-01 23:28:46,185 | [FULL    ] | INFO | httpx | HTTP Request: GET https://huggingface.co/api/models/apple/mobilevit-small/commits/main "HTTP/1.1 200 OK"
2026-08-01 23:28:46,266 | [FULL    ] | INFO | full_experiments_using.model_trainers.mobile_vit_trainer | Device: cuda | max_epochs=500 | batch=32 | eval_batch=256 | es_patience=30
2026-08-01 23:28:46,271 | [FULL    ] | INFO | full_experiments_using.model_trainers.mobile_vit_trainer | CE weights — HC: 1.337  MCI: 0.799
2026-08-01 23:28:46,413 | [FULL    ] | INFO | httpx | HTTP Request: GET https://huggingface.co/api/models/apple/mobilevit-small/discussions?p=0 "HTTP/1.1 200 OK"
2026-08-01 23:28:46,632 | [FULL    ] | INFO | httpx | HTTP Request: GET https://huggingface.co/api/models/apple/mobilevit-small/commits/refs%2Fpr%2F6 "HTTP/1.1 200 OK"
2026-08-01 23:28:46,835 | [FULL    ] | INFO | httpx | HTTP Request: HEAD https://huggingface.co/apple/mobilevit-small/resolve/refs%2Fpr%2F6/model.safetensors.index.json "HTTP/1.1 404 Not Found"
2026-08-01 23:28:47,082 | [FULL    ] | INFO | httpx | HTTP Request: HEAD https://huggingface.co/apple/mobilevit-small/resolve/refs%2Fpr%2F6/model.safetensors "HTTP/1.1 302 Found"
2026-08-01 23:29:08,841 | [FULL    ] | INFO | full_experiments_using.model_trainers.mobile_vit_trainer | Ep [001/500] T-Acc:  51.9%  V-Acc:  49.9%  V-AUROC: 0.4947  LR: 2.00e-04
2026-08-01 23:29:08,884 | [FULL    ] | INFO | full_experiments_using.model_trainers.mobile_vit_trainer |   ↳ new best AUROC; saved checkpoint: /home/oem/choihyunsu/VOGBasedMCIDetection/outputs/checkpoints/run_20260801_202901_full_wvote_artifact30_4err/fold_16_best.pth
2026-08-01 23:29:22,679 | [FULL    ] | INFO | full_experiments_using.model_trainers.mobile_vit_trainer | Ep [002/500] T-Acc:  51.6%  V-Acc:  50.6%  V-AUROC: 0.4988  LR: 4.00e-04
2026-08-01 23:29:22,776 | [FULL    ] | INFO | full_experiments_using.model_trainers.mobile_vit_trainer |   ↳ new best AUROC; saved checkpoint: /home/oem/choihyunsu/VOGBasedMCIDetection/outputs/checkpoints/run_20260801_202901_full_wvote_artifact30_4err/fold_16_best.pth
2026-08-01 23:29:36,628 | [FULL    ] | INFO | full_experiments_using.model_trainers.mobile_vit_trainer | Ep [003/500] T-Acc:  51.7%  V-Acc:  50.7%  V-AUROC: 0.5046  LR: 6.00e-04
2026-08-01 23:29:36,727 | [FULL    ] | INFO | full_experiments_using.model_trainers.mobile_vit_trainer |   ↳ new best AUROC; saved checkpoint: /home/oem/choihyunsu/VOGBasedMCIDetection/outputs/checkpoints/run_20260801_202901_full_wvote_artifact30_4err/fold_16_best.pth
2026-08-01 23:29:50,565 | [FULL    ] | INFO | full_experiments_using.model_trainers.mobile_vit_trainer | Ep [004/500] T-Acc:  51.6%  V-Acc:  50.3%  V-AUROC: 0.5110  LR: 8.00e-04
2026-08-01 23:29:50,676 | [FULL    ] | INFO | full_experiments_using.model_trainers.mobile_vit_trainer |   ↳ new best AUROC; saved checkpoint: /home/oem/choihyunsu/VOGBasedMCIDetection/outputs/checkpoints/run_20260801_202901_full_wvote_artifact30_4err/fold_16_best.pth
2026-08-01 23:30:04,474 | [FULL    ] | INFO | full_experiments_using.model_trainers.mobile_vit_trainer | Ep [005/500] T-Acc:  52.9%  V-Acc:  52.0%  V-AUROC: 0.5257  LR: 1.00e-03
2026-08-01 23:30:04,588 | [FULL    ] | INFO | full_experiments_using.model_trainers.mobile_vit_trainer |   ↳ new best AUROC; saved checkpoint: /home/oem/choihyunsu/VOGBasedMCIDetection/outputs/checkpoints/run_20260801_202901_full_wvote_artifact30_4err/fold_16_best.pth
2026-08-01 23:30:18,441 | [FULL    ] | INFO | full_experiments_using.model_trainers.mobile_vit_trainer | Ep [006/500] T-Acc:  53.6%  V-Acc:  52.2%  V-AUROC: 0.5427  LR: 1.00e-03
2026-08-01 23:30:18,556 | [FULL    ] | INFO | full_experiments_using.model_trainers.mobile_vit_trainer |   ↳ new best AUROC; saved checkpoint: /home/oem/choihyunsu/VOGBasedMCIDetection/outputs/checkpoints/run_20260801_202901_full_wvote_artifact30_4err/fold_16_best.pth
2026-08-01 23:30:32,366 | [FULL    ] | INFO | full_experiments_using.model_trainers.mobile_vit_trainer | Ep [007/500] T-Acc:  54.5%  V-Acc:  54.6%  V-AUROC: 0.5484  LR: 1.00e-03
2026-08-01 23:30:32,481 | [FULL    ] | INFO | full_experiments_using.model_trainers.mobile_vit_trainer |   ↳ new best AUROC; saved checkpoint: /home/oem/choihyunsu/VOGBasedMCIDetection/outputs/checkpoints/run_20260801_202901_full_wvote_artifact30_4err/fold_16_best.pth
2026-08-01 23:30:46,302 | [FULL    ] | INFO | full_experiments_using.model_trainers.mobile_vit_trainer | Ep [008/500] T-Acc:  55.4%  V-Acc:  55.5%  V-AUROC: 0.5555  LR: 1.00e-03
2026-08-01 23:30:46,399 | [FULL    ] | INFO | full_experiments_using.model_trainers.mobile_vit_trainer |   ↳ new best AUROC; saved checkpoint: /home/oem/choihyunsu/VOGBasedMCIDetection/outputs/checkpoints/run_20260801_202901_full_wvote_artifact30_4err/fold_16_best.pth
2026-08-01 23:31:00,326 | [FULL    ] | INFO | full_experiments_using.model_trainers.mobile_vit_trainer | Ep [009/500] T-Acc:  56.3%  V-Acc:  54.5%  V-AUROC: 0.5624  LR: 1.00e-03
2026-08-01 23:31:00,440 | [FULL    ] | INFO | full_experiments_using.model_trainers.mobile_vit_trainer |   ↳ new best AUROC; saved checkpoint: /home/oem/choihyunsu/VOGBasedMCIDetection/outputs/checkpoints/run_20260801_202901_full_wvote_artifact30_4err/fold_16_best.pth
2026-08-01 23:31:14,262 | [FULL    ] | INFO | full_experiments_using.model_trainers.mobile_vit_trainer | Ep [010/500] T-Acc:  57.0%  V-Acc:  55.7%  V-AUROC: 0.5710  LR: 1.00e-03
2026-08-01 23:31:14,376 | [FULL    ] | INFO | full_experiments_using.model_trainers.mobile_vit_trainer |   ↳ new best AUROC; saved checkpoint: /home/oem/choihyunsu/VOGBasedMCIDetection/outputs/checkpoints/run_20260801_202901_full_wvote_artifact30_4err/fold_16_best.pth
2026-08-01 23:31:28,266 | [FULL    ] | INFO | full_experiments_using.model_trainers.mobile_vit_trainer | Ep [011/500] T-Acc:  56.0%  V-Acc:  54.9%  V-AUROC: 0.5630  LR: 1.00e-03
2026-08-01 23:31:42,167 | [FULL    ] | INFO | full_experiments_using.model_trainers.mobile_vit_trainer | Ep [012/500] T-Acc:  57.2%  V-Acc:  56.8%  V-AUROC: 0.5820  LR: 1.00e-03
2026-08-01 23:31:42,263 | [FULL    ] | INFO | full_experiments_using.model_trainers.mobile_vit_trainer |   ↳ new best AUROC; saved checkpoint: /home/oem/choihyunsu/VOGBasedMCIDetection/outputs/checkpoints/run_20260801_202901_full_wvote_artifact30_4err/fold_16_best.pth
2026-08-01 23:31:56,218 | [FULL    ] | INFO | full_experiments_using.model_trainers.mobile_vit_trainer | Ep [013/500] T-Acc:  58.6%  V-Acc:  54.6%  V-AUROC: 0.5714  LR: 1.00e-03
2026-08-01 23:32:10,054 | [FULL    ] | INFO | full_experiments_using.model_trainers.mobile_vit_trainer | Ep [014/500] T-Acc:  56.9%  V-Acc:  56.6%  V-AUROC: 0.5716  LR: 1.00e-03
2026-08-01 23:32:23,881 | [FULL    ] | INFO | full_experiments_using.model_trainers.mobile_vit_trainer | Ep [015/500] T-Acc:  58.6%  V-Acc:  55.6%  V-AUROC: 0.5703  LR: 1.00e-03
2026-08-01 23:32:37,809 | [FULL    ] | INFO | full_experiments_using.model_trainers.mobile_vit_trainer | Ep [016/500] T-Acc:  59.3%  V-Acc:  55.5%  V-AUROC: 0.5724  LR: 1.00e-03
2026-08-01 23:32:51,628 | [FULL    ] | INFO | full_experiments_using.model_trainers.mobile_vit_trainer | Ep [017/500] T-Acc:  58.7%  V-Acc:  56.4%  V-AUROC: 0.5775  LR: 1.00e-03
2026-08-01 23:33:05,461 | [FULL    ] | INFO | full_experiments_using.model_trainers.mobile_vit_trainer | Ep [018/500] T-Acc:  58.4%  V-Acc:  57.1%  V-AUROC: 0.5801  LR: 1.00e-03
2026-08-01 23:33:19,400 | [FULL    ] | INFO | full_experiments_using.model_trainers.mobile_vit_trainer | Ep [019/500] T-Acc:  60.3%  V-Acc:  56.0%  V-AUROC: 0.5790  LR: 1.00e-03
2026-08-01 23:33:33,263 | [FULL    ] | INFO | full_experiments_using.model_trainers.mobile_vit_trainer | Ep [020/500] T-Acc:  60.5%  V-Acc:  55.5%  V-AUROC: 0.5779  LR: 1.00e-03
2026-08-01 23:33:47,226 | [FULL    ] | INFO | full_experiments_using.model_trainers.mobile_vit_trainer | Ep [021/500] T-Acc:  58.1%  V-Acc:  57.6%  V-AUROC: 0.5836  LR: 1.00e-03
2026-08-01 23:33:47,342 | [FULL    ] | INFO | full_experiments_using.model_trainers.mobile_vit_trainer |   ↳ new best AUROC; saved checkpoint: /home/oem/choihyunsu/VOGBasedMCIDetection/outputs/checkpoints/run_20260801_202901_full_wvote_artifact30_4err/fold_16_best.pth
2026-08-01 23:34:01,275 | [FULL    ] | INFO | full_experiments_using.model_trainers.mobile_vit_trainer | Ep [022/500] T-Acc:  59.5%  V-Acc:  56.5%  V-AUROC: 0.5824  LR: 1.00e-03
2026-08-01 23:34:15,144 | [FULL    ] | INFO | full_experiments_using.model_trainers.mobile_vit_trainer | Ep [023/500] T-Acc:  60.7%  V-Acc:  55.8%  V-AUROC: 0.5730  LR: 1.00e-03
2026-08-01 23:34:29,036 | [FULL    ] | INFO | full_experiments_using.model_trainers.mobile_vit_trainer | Ep [024/500] T-Acc:  59.1%  V-Acc:  56.4%  V-AUROC: 0.5821  LR: 1.00e-03
2026-08-01 23:34:43,052 | [FULL    ] | INFO | full_experiments_using.model_trainers.mobile_vit_trainer | Ep [025/500] T-Acc:  60.7%  V-Acc:  57.6%  V-AUROC: 0.5837  LR: 1.00e-03
2026-08-01 23:34:43,169 | [FULL    ] | INFO | full_experiments_using.model_trainers.mobile_vit_trainer |   ↳ new best AUROC; saved checkpoint: /home/oem/choihyunsu/VOGBasedMCIDetection/outputs/checkpoints/run_20260801_202901_full_wvote_artifact30_4err/fold_16_best.pth
2026-08-01 23:34:57,003 | [FULL    ] | INFO | full_experiments_using.model_trainers.mobile_vit_trainer | Ep [026/500] T-Acc:  60.4%  V-Acc:  56.5%  V-AUROC: 0.5837  LR: 1.00e-03
2026-08-01 23:35:10,812 | [FULL    ] | INFO | full_experiments_using.model_trainers.mobile_vit_trainer | Ep [027/500] T-Acc:  60.5%  V-Acc:  55.6%  V-AUROC: 0.5849  LR: 1.00e-03
2026-08-01 23:35:10,915 | [FULL    ] | INFO | full_experiments_using.model_trainers.mobile_vit_trainer |   ↳ new best AUROC; saved checkpoint: /home/oem/choihyunsu/VOGBasedMCIDetection/outputs/checkpoints/run_20260801_202901_full_wvote_artifact30_4err/fold_16_best.pth
2026-08-01 23:35:24,861 | [FULL    ] | INFO | full_experiments_using.model_trainers.mobile_vit_trainer | Ep [028/500] T-Acc:  60.5%  V-Acc:  55.8%  V-AUROC: 0.5848  LR: 1.00e-03
2026-08-01 23:35:38,756 | [FULL    ] | INFO | full_experiments_using.model_trainers.mobile_vit_trainer | Ep [029/500] T-Acc:  61.7%  V-Acc:  56.6%  V-AUROC: 0.5845  LR: 1.00e-03
2026-08-01 23:35:52,671 | [FULL    ] | INFO | full_experiments_using.model_trainers.mobile_vit_trainer | Ep [030/500] T-Acc:  60.6%  V-Acc:  58.0%  V-AUROC: 0.5939  LR: 1.00e-03
2026-08-01 23:35:52,775 | [FULL    ] | INFO | full_experiments_using.model_trainers.mobile_vit_trainer |   ↳ new best AUROC; saved checkpoint: /home/oem/choihyunsu/VOGBasedMCIDetection/outputs/checkpoints/run_20260801_202901_full_wvote_artifact30_4err/fold_16_best.pth
2026-08-01 23:36:06,615 | [FULL    ] | INFO | full_experiments_using.model_trainers.mobile_vit_trainer | Ep [031/500] T-Acc:  61.5%  V-Acc:  56.9%  V-AUROC: 0.5861  LR: 1.00e-03
2026-08-01 23:36:20,459 | [FULL    ] | INFO | full_experiments_using.model_trainers.mobile_vit_trainer | Ep [032/500] T-Acc:  60.7%  V-Acc:  56.8%  V-AUROC: 0.5875  LR: 1.00e-03
2026-08-01 23:36:34,264 | [FULL    ] | INFO | full_experiments_using.model_trainers.mobile_vit_trainer | Ep [033/500] T-Acc:  61.9%  V-Acc:  56.5%  V-AUROC: 0.5823  LR: 1.00e-03
2026-08-01 23:36:48,081 | [FULL    ] | INFO | full_experiments_using.model_trainers.mobile_vit_trainer | Ep [034/500] T-Acc:  59.8%  V-Acc:  56.6%  V-AUROC: 0.5881  LR: 1.00e-03
2026-08-01 23:37:01,986 | [FULL    ] | INFO | full_experiments_using.model_trainers.mobile_vit_trainer | Ep [035/500] T-Acc:  61.6%  V-Acc:  58.0%  V-AUROC: 0.5882  LR: 1.00e-03
2026-08-01 23:37:13,474 | [FULL    ] | INFO | full_experiments_using.model_trainers.mobile_vit_trainer | Ep [036/500] T-Acc:  61.7%  V-Acc:  58.9%  V-AUROC: 0.5965  LR: 1.00e-03
2026-08-01 23:37:13,572 | [FULL    ] | INFO | full_experiments_using.model_trainers.mobile_vit_trainer |   ↳ new best AUROC; saved checkpoint: /home/oem/choihyunsu/VOGBasedMCIDetection/outputs/checkpoints/run_20260801_202901_full_wvote_artifact30_4err/fold_16_best.pth
2026-08-01 23:37:26,633 | [FULL    ] | INFO | full_experiments_using.model_trainers.mobile_vit_trainer | Ep [037/500] T-Acc:  61.2%  V-Acc:  56.9%  V-AUROC: 0.5847  LR: 1.00e-03
2026-08-01 23:37:39,227 | [FULL    ] | INFO | full_experiments_using.model_trainers.mobile_vit_trainer | Ep [038/500] T-Acc:  61.6%  V-Acc:  57.3%  V-AUROC: 0.5857  LR: 1.00e-03
2026-08-01 23:37:53,061 | [FULL    ] | INFO | full_experiments_using.model_trainers.mobile_vit_trainer | Ep [039/500] T-Acc:  61.0%  V-Acc:  56.6%  V-AUROC: 0.5903  LR: 1.00e-03
2026-08-01 23:38:06,842 | [FULL    ] | INFO | full_experiments_using.model_trainers.mobile_vit_trainer | Ep [040/500] T-Acc:  61.6%  V-Acc:  57.5%  V-AUROC: 0.5795  LR: 1.00e-03
2026-08-01 23:38:20,785 | [FULL    ] | INFO | full_experiments_using.model_trainers.mobile_vit_trainer | Ep [041/500] T-Acc:  62.0%  V-Acc:  56.9%  V-AUROC: 0.5884  LR: 1.00e-03
2026-08-01 23:38:34,532 | [FULL    ] | INFO | full_experiments_using.model_trainers.mobile_vit_trainer | Ep [042/500] T-Acc:  62.6%  V-Acc:  56.1%  V-AUROC: 0.5864  LR: 1.00e-03
2026-08-01 23:38:48,399 | [FULL    ] | INFO | full_experiments_using.model_trainers.mobile_vit_trainer | Ep [043/500] T-Acc:  62.1%  V-Acc:  57.7%  V-AUROC: 0.5943  LR: 1.00e-03
2026-08-01 23:39:02,256 | [FULL    ] | INFO | full_experiments_using.model_trainers.mobile_vit_trainer | Ep [044/500] T-Acc:  61.4%  V-Acc:  56.0%  V-AUROC: 0.5857  LR: 1.00e-03
2026-08-01 23:39:15,949 | [FULL    ] | INFO | full_experiments_using.model_trainers.mobile_vit_trainer | Ep [045/500] T-Acc:  62.5%  V-Acc:  57.0%  V-AUROC: 0.5961  LR: 1.00e-03
2026-08-01 23:39:29,772 | [FULL    ] | INFO | full_experiments_using.model_trainers.mobile_vit_trainer | Ep [046/500] T-Acc:  62.2%  V-Acc:  56.4%  V-AUROC: 0.5866  LR: 1.00e-03
2026-08-01 23:39:43,372 | [FULL    ] | INFO | full_experiments_using.model_trainers.mobile_vit_trainer | Ep [047/500] T-Acc:  61.1%  V-Acc:  55.9%  V-AUROC: 0.5828  LR: 1.00e-03
2026-08-01 23:39:57,268 | [FULL    ] | INFO | full_experiments_using.model_trainers.mobile_vit_trainer | Ep [048/500] T-Acc:  62.5%  V-Acc:  56.5%  V-AUROC: 0.5843  LR: 2.00e-04
2026-08-01 23:40:11,264 | [FULL    ] | INFO | full_experiments_using.model_trainers.mobile_vit_trainer | Ep [049/500] T-Acc:  63.9%  V-Acc:  56.6%  V-AUROC: 0.5836  LR: 2.00e-04
2026-08-01 23:40:25,101 | [FULL    ] | INFO | full_experiments_using.model_trainers.mobile_vit_trainer | Ep [050/500] T-Acc:  61.4%  V-Acc:  56.3%  V-AUROC: 0.5844  LR: 2.00e-04
2026-08-01 23:40:38,907 | [FULL    ] | INFO | full_experiments_using.model_trainers.mobile_vit_trainer | Ep [051/500] T-Acc:  61.9%  V-Acc:  56.2%  V-AUROC: 0.5839  LR: 2.00e-04
2026-08-01 23:40:52,716 | [FULL    ] | INFO | full_experiments_using.model_trainers.mobile_vit_trainer | Ep [052/500] T-Acc:  61.8%  V-Acc:  56.4%  V-AUROC: 0.5813  LR: 2.00e-04
2026-08-01 23:41:06,694 | [FULL    ] | INFO | full_experiments_using.model_trainers.mobile_vit_trainer | Ep [053/500] T-Acc:  62.0%  V-Acc:  55.8%  V-AUROC: 0.5844  LR: 2.00e-04
2026-08-01 23:41:20,523 | [FULL    ] | INFO | full_experiments_using.model_trainers.mobile_vit_trainer | Ep [054/500] T-Acc:  63.5%  V-Acc:  56.1%  V-AUROC: 0.5837  LR: 2.00e-04
2026-08-01 23:41:34,367 | [FULL    ] | INFO | full_experiments_using.model_trainers.mobile_vit_trainer | Ep [055/500] T-Acc:  62.8%  V-Acc:  55.8%  V-AUROC: 0.5848  LR: 2.00e-04
2026-08-01 23:41:48,189 | [FULL    ] | INFO | full_experiments_using.model_trainers.mobile_vit_trainer | Ep [056/500] T-Acc:  62.1%  V-Acc:  57.0%  V-AUROC: 0.5847  LR: 2.00e-04
2026-08-01 23:42:02,028 | [FULL    ] | INFO | full_experiments_using.model_trainers.mobile_vit_trainer | Ep [057/500] T-Acc:  62.8%  V-Acc:  56.8%  V-AUROC: 0.5846  LR: 2.00e-04
2026-08-01 23:42:15,850 | [FULL    ] | INFO | full_experiments_using.model_trainers.mobile_vit_trainer | Ep [058/500] T-Acc:  63.4%  V-Acc:  57.0%  V-AUROC: 0.5850  LR: 2.00e-04
2026-08-01 23:42:29,571 | [FULL    ] | INFO | full_experiments_using.model_trainers.mobile_vit_trainer | Ep [059/500] T-Acc:  61.9%  V-Acc:  56.1%  V-AUROC: 0.5836  LR: 4.00e-05
2026-08-01 23:42:43,357 | [FULL    ] | INFO | full_experiments_using.model_trainers.mobile_vit_trainer | Ep [060/500] T-Acc:  62.7%  V-Acc:  55.9%  V-AUROC: 0.5827  LR: 4.00e-05
2026-08-01 23:42:56,791 | [FULL    ] | INFO | full_experiments_using.model_trainers.mobile_vit_trainer | Ep [061/500] T-Acc:  62.3%  V-Acc:  56.6%  V-AUROC: 0.5852  LR: 4.00e-05
2026-08-01 23:43:10,654 | [FULL    ] | INFO | full_experiments_using.model_trainers.mobile_vit_trainer | Ep [062/500] T-Acc:  63.1%  V-Acc:  56.1%  V-AUROC: 0.5843  LR: 4.00e-05
2026-08-01 23:43:24,627 | [FULL    ] | INFO | full_experiments_using.model_trainers.mobile_vit_trainer | Ep [063/500] T-Acc:  63.0%  V-Acc:  56.4%  V-AUROC: 0.5846  LR: 4.00e-05
2026-08-01 23:43:38,468 | [FULL    ] | INFO | full_experiments_using.model_trainers.mobile_vit_trainer | Ep [064/500] T-Acc:  62.2%  V-Acc:  56.0%  V-AUROC: 0.5834  LR: 4.00e-05
2026-08-01 23:43:52,385 | [FULL    ] | INFO | full_experiments_using.model_trainers.mobile_vit_trainer | Ep [065/500] T-Acc:  62.6%  V-Acc:  55.6%  V-AUROC: 0.5837  LR: 4.00e-05
2026-08-01 23:44:06,248 | [FULL    ] | INFO | full_experiments_using.model_trainers.mobile_vit_trainer | Ep [066/500] T-Acc:  62.3%  V-Acc:  55.9%  V-AUROC: 0.5834  LR: 4.00e-05
2026-08-01 23:44:06,248 | [FULL    ] | INFO | full_experiments_using.model_trainers.mobile_vit_trainer | Early stop — best AUROC 0.5965 at epoch 36 (no improvement for 30 epochs)
2026-08-01 23:44:06,248 | [FULL    ] | INFO | full_experiments_using.model_trainers.mobile_vit_trainer | Done. Best AUROC: 0.5965 (epoch 36) → /home/oem/choihyunsu/VOGBasedMCIDetection/outputs/checkpoints/run_20260801_202901_full_wvote_artifact30_4err/fold_16_best.pth
2026-08-01 23:44:11,423 | [FULL    ] | INFO | full_experiments_using.evaluators.monte_carlo_evaluator | -> Fold 17 Result | Acc=0.750 Sens=0.500 Spec=1.000 AUROC=0.778
2026-08-01 23:44:11,430 | [FULL    ] | INFO | full_experiments_using.evaluators.monte_carlo_evaluator | === Fold 18/30 | train: 25 subj (HC=13 MCI=12) / 3993 win | test: 12 subj (HC=1 MCI=11) / 1722 win ===
2026-08-01 23:44:11,674 | [FULL    ] | INFO | httpx | HTTP Request: HEAD https://huggingface.co/apple/mobilevit-small/resolve/main/config.json "HTTP/1.1 307 Temporary Redirect"
2026-08-01 23:44:11,687 | [FULL    ] | INFO | httpx | HTTP Request: HEAD https://huggingface.co/api/resolve-cache/models/apple/mobilevit-small/6c8612545dc98676d27bc518fa521d9e9af23e34/config.json "HTTP/1.1 200 OK"
2026-08-01 23:44:11,931 | [FULL    ] | INFO | httpx | HTTP Request: HEAD https://huggingface.co/apple/mobilevit-small/resolve/main/model.safetensors "HTTP/1.1 404 Not Found"
2026-08-01 23:44:12,128 | [FULL    ] | INFO | httpx | HTTP Request: HEAD https://huggingface.co/apple/mobilevit-small/resolve/main/model.safetensors.index.json "HTTP/1.1 404 Not Found"
2026-08-01 23:44:12,335 | [FULL    ] | INFO | httpx | HTTP Request: HEAD https://huggingface.co/apple/mobilevit-small/resolve/main/pytorch_model.bin "HTTP/1.1 302 Found"
2026-08-01 23:44:12,546 | [FULL    ] | INFO | httpx | HTTP Request: HEAD https://huggingface.co/apple/mobilevit-small/resolve/main/model.safetensors "HTTP/1.1 404 Not Found"
2026-08-01 23:44:12,773 | [FULL    ] | INFO | httpx | HTTP Request: GET https://huggingface.co/api/models/apple/mobilevit-small "HTTP/1.1 200 OK"
2026-08-01 23:44:12,979 | [FULL    ] | INFO | full_experiments_using.model_trainers.mobile_vit_trainer | Device: cuda | max_epochs=500 | batch=32 | eval_batch=256 | es_patience=30
2026-08-01 23:44:12,984 | [FULL    ] | INFO | full_experiments_using.model_trainers.mobile_vit_trainer | CE weights — HC: 0.865  MCI: 1.185
2026-08-01 23:44:12,997 | [FULL    ] | INFO | httpx | HTTP Request: GET https://huggingface.co/api/models/apple/mobilevit-small/commits/main "HTTP/1.1 200 OK"
2026-08-01 23:44:13,219 | [FULL    ] | INFO | httpx | HTTP Request: GET https://huggingface.co/api/models/apple/mobilevit-small/discussions?p=0 "HTTP/1.1 200 OK"
2026-08-01 23:44:13,443 | [FULL    ] | INFO | httpx | HTTP Request: GET https://huggingface.co/api/models/apple/mobilevit-small/commits/refs%2Fpr%2F6 "HTTP/1.1 200 OK"
2026-08-01 23:44:13,648 | [FULL    ] | INFO | httpx | HTTP Request: HEAD https://huggingface.co/apple/mobilevit-small/resolve/refs%2Fpr%2F6/model.safetensors.index.json "HTTP/1.1 404 Not Found"
2026-08-01 23:44:13,848 | [FULL    ] | INFO | httpx | HTTP Request: HEAD https://huggingface.co/apple/mobilevit-small/resolve/refs%2Fpr%2F6/model.safetensors "HTTP/1.1 302 Found"
2026-08-01 23:44:27,420 | [FULL    ] | INFO | full_experiments_using.model_trainers.mobile_vit_trainer | Ep [001/500] T-Acc:  53.5%  V-Acc:  32.0%  V-AUROC: 0.4970  LR: 2.00e-04
2026-08-01 23:44:27,468 | [FULL    ] | INFO | full_experiments_using.model_trainers.mobile_vit_trainer |   ↳ new best AUROC; saved checkpoint: /home/oem/choihyunsu/VOGBasedMCIDetection/outputs/checkpoints/run_20260801_202901_full_wvote_artifact30_4err/fold_17_best.pth
2026-08-01 23:44:41,792 | [FULL    ] | INFO | full_experiments_using.model_trainers.mobile_vit_trainer | Ep [002/500] T-Acc:  53.1%  V-Acc:  32.9%  V-AUROC: 0.5113  LR: 4.00e-04
2026-08-01 23:44:41,894 | [FULL    ] | INFO | full_experiments_using.model_trainers.mobile_vit_trainer |   ↳ new best AUROC; saved checkpoint: /home/oem/choihyunsu/VOGBasedMCIDetection/outputs/checkpoints/run_20260801_202901_full_wvote_artifact30_4err/fold_17_best.pth
2026-08-01 23:44:56,242 | [FULL    ] | INFO | full_experiments_using.model_trainers.mobile_vit_trainer | Ep [003/500] T-Acc:  53.3%  V-Acc:  36.1%  V-AUROC: 0.5361  LR: 6.00e-04
2026-08-01 23:44:56,344 | [FULL    ] | INFO | full_experiments_using.model_trainers.mobile_vit_trainer |   ↳ new best AUROC; saved checkpoint: /home/oem/choihyunsu/VOGBasedMCIDetection/outputs/checkpoints/run_20260801_202901_full_wvote_artifact30_4err/fold_17_best.pth
2026-08-01 23:45:10,864 | [FULL    ] | INFO | full_experiments_using.model_trainers.mobile_vit_trainer | Ep [004/500] T-Acc:  54.3%  V-Acc:  38.3%  V-AUROC: 0.5562  LR: 8.00e-04
2026-08-01 23:45:10,969 | [FULL    ] | INFO | full_experiments_using.model_trainers.mobile_vit_trainer |   ↳ new best AUROC; saved checkpoint: /home/oem/choihyunsu/VOGBasedMCIDetection/outputs/checkpoints/run_20260801_202901_full_wvote_artifact30_4err/fold_17_best.pth
2026-08-01 23:45:25,210 | [FULL    ] | INFO | full_experiments_using.model_trainers.mobile_vit_trainer | Ep [005/500] T-Acc:  54.3%  V-Acc:  41.9%  V-AUROC: 0.5667  LR: 1.00e-03
2026-08-01 23:45:25,327 | [FULL    ] | INFO | full_experiments_using.model_trainers.mobile_vit_trainer |   ↳ new best AUROC; saved checkpoint: /home/oem/choihyunsu/VOGBasedMCIDetection/outputs/checkpoints/run_20260801_202901_full_wvote_artifact30_4err/fold_17_best.pth
2026-08-01 23:45:39,669 | [FULL    ] | INFO | full_experiments_using.model_trainers.mobile_vit_trainer | Ep [006/500] T-Acc:  53.9%  V-Acc:  44.1%  V-AUROC: 0.5788  LR: 1.00e-03
2026-08-01 23:45:39,783 | [FULL    ] | INFO | full_experiments_using.model_trainers.mobile_vit_trainer |   ↳ new best AUROC; saved checkpoint: /home/oem/choihyunsu/VOGBasedMCIDetection/outputs/checkpoints/run_20260801_202901_full_wvote_artifact30_4err/fold_17_best.pth
2026-08-01 23:45:54,186 | [FULL    ] | INFO | full_experiments_using.model_trainers.mobile_vit_trainer | Ep [007/500] T-Acc:  55.4%  V-Acc:  46.1%  V-AUROC: 0.5861  LR: 1.00e-03
2026-08-01 23:45:54,289 | [FULL    ] | INFO | full_experiments_using.model_trainers.mobile_vit_trainer |   ↳ new best AUROC; saved checkpoint: /home/oem/choihyunsu/VOGBasedMCIDetection/outputs/checkpoints/run_20260801_202901_full_wvote_artifact30_4err/fold_17_best.pth
2026-08-01 23:46:08,697 | [FULL    ] | INFO | full_experiments_using.model_trainers.mobile_vit_trainer | Ep [008/500] T-Acc:  55.2%  V-Acc:  45.9%  V-AUROC: 0.5854  LR: 1.00e-03
2026-08-01 23:46:23,119 | [FULL    ] | INFO | full_experiments_using.model_trainers.mobile_vit_trainer | Ep [009/500] T-Acc:  56.7%  V-Acc:  48.4%  V-AUROC: 0.5998  LR: 1.00e-03
2026-08-01 23:46:23,235 | [FULL    ] | INFO | full_experiments_using.model_trainers.mobile_vit_trainer |   ↳ new best AUROC; saved checkpoint: /home/oem/choihyunsu/VOGBasedMCIDetection/outputs/checkpoints/run_20260801_202901_full_wvote_artifact30_4err/fold_17_best.pth
2026-08-01 23:46:37,740 | [FULL    ] | INFO | full_experiments_using.model_trainers.mobile_vit_trainer | Ep [010/500] T-Acc:  57.1%  V-Acc:  47.9%  V-AUROC: 0.6013  LR: 1.00e-03
2026-08-01 23:46:37,842 | [FULL    ] | INFO | full_experiments_using.model_trainers.mobile_vit_trainer |   ↳ new best AUROC; saved checkpoint: /home/oem/choihyunsu/VOGBasedMCIDetection/outputs/checkpoints/run_20260801_202901_full_wvote_artifact30_4err/fold_17_best.pth
2026-08-01 23:46:52,199 | [FULL    ] | INFO | full_experiments_using.model_trainers.mobile_vit_trainer | Ep [011/500] T-Acc:  57.1%  V-Acc:  48.9%  V-AUROC: 0.5932  LR: 1.00e-03
2026-08-01 23:47:06,424 | [FULL    ] | INFO | full_experiments_using.model_trainers.mobile_vit_trainer | Ep [012/500] T-Acc:  58.4%  V-Acc:  46.8%  V-AUROC: 0.5998  LR: 1.00e-03
2026-08-01 23:47:20,784 | [FULL    ] | INFO | full_experiments_using.model_trainers.mobile_vit_trainer | Ep [013/500] T-Acc:  58.0%  V-Acc:  45.2%  V-AUROC: 0.5971  LR: 1.00e-03
2026-08-01 23:47:35,201 | [FULL    ] | INFO | full_experiments_using.model_trainers.mobile_vit_trainer | Ep [014/500] T-Acc:  57.8%  V-Acc:  47.5%  V-AUROC: 0.6091  LR: 1.00e-03
2026-08-01 23:47:35,302 | [FULL    ] | INFO | full_experiments_using.model_trainers.mobile_vit_trainer |   ↳ new best AUROC; saved checkpoint: /home/oem/choihyunsu/VOGBasedMCIDetection/outputs/checkpoints/run_20260801_202901_full_wvote_artifact30_4err/fold_17_best.pth
2026-08-01 23:47:49,658 | [FULL    ] | INFO | full_experiments_using.model_trainers.mobile_vit_trainer | Ep [015/500] T-Acc:  60.3%  V-Acc:  46.5%  V-AUROC: 0.6130  LR: 1.00e-03
2026-08-01 23:47:49,762 | [FULL    ] | INFO | full_experiments_using.model_trainers.mobile_vit_trainer |   ↳ new best AUROC; saved checkpoint: /home/oem/choihyunsu/VOGBasedMCIDetection/outputs/checkpoints/run_20260801_202901_full_wvote_artifact30_4err/fold_17_best.pth
2026-08-01 23:48:04,338 | [FULL    ] | INFO | full_experiments_using.model_trainers.mobile_vit_trainer | Ep [016/500] T-Acc:  60.3%  V-Acc:  52.0%  V-AUROC: 0.5995  LR: 1.00e-03
2026-08-01 23:48:18,695 | [FULL    ] | INFO | full_experiments_using.model_trainers.mobile_vit_trainer | Ep [017/500] T-Acc:  60.6%  V-Acc:  49.9%  V-AUROC: 0.6074  LR: 1.00e-03
2026-08-01 23:48:33,045 | [FULL    ] | INFO | full_experiments_using.model_trainers.mobile_vit_trainer | Ep [018/500] T-Acc:  60.9%  V-Acc:  48.6%  V-AUROC: 0.6128  LR: 1.00e-03
2026-08-01 23:48:47,405 | [FULL    ] | INFO | full_experiments_using.model_trainers.mobile_vit_trainer | Ep [019/500] T-Acc:  60.6%  V-Acc:  50.4%  V-AUROC: 0.6051  LR: 1.00e-03
2026-08-01 23:49:01,758 | [FULL    ] | INFO | full_experiments_using.model_trainers.mobile_vit_trainer | Ep [020/500] T-Acc:  60.4%  V-Acc:  50.7%  V-AUROC: 0.6103  LR: 1.00e-03
2026-08-01 23:49:16,186 | [FULL    ] | INFO | full_experiments_using.model_trainers.mobile_vit_trainer | Ep [021/500] T-Acc:  61.5%  V-Acc:  46.9%  V-AUROC: 0.6107  LR: 1.00e-03
2026-08-01 23:49:30,602 | [FULL    ] | INFO | full_experiments_using.model_trainers.mobile_vit_trainer | Ep [022/500] T-Acc:  61.3%  V-Acc:  49.5%  V-AUROC: 0.6171  LR: 1.00e-03
2026-08-01 23:49:30,718 | [FULL    ] | INFO | full_experiments_using.model_trainers.mobile_vit_trainer |   ↳ new best AUROC; saved checkpoint: /home/oem/choihyunsu/VOGBasedMCIDetection/outputs/checkpoints/run_20260801_202901_full_wvote_artifact30_4err/fold_17_best.pth
2026-08-01 23:49:45,095 | [FULL    ] | INFO | full_experiments_using.model_trainers.mobile_vit_trainer | Ep [023/500] T-Acc:  61.4%  V-Acc:  51.2%  V-AUROC: 0.6161  LR: 1.00e-03
2026-08-01 23:49:59,463 | [FULL    ] | INFO | full_experiments_using.model_trainers.mobile_vit_trainer | Ep [024/500] T-Acc:  61.9%  V-Acc:  49.7%  V-AUROC: 0.6140  LR: 1.00e-03
2026-08-01 23:50:13,807 | [FULL    ] | INFO | full_experiments_using.model_trainers.mobile_vit_trainer | Ep [025/500] T-Acc:  62.7%  V-Acc:  47.7%  V-AUROC: 0.6273  LR: 1.00e-03
2026-08-01 23:50:13,910 | [FULL    ] | INFO | full_experiments_using.model_trainers.mobile_vit_trainer |   ↳ new best AUROC; saved checkpoint: /home/oem/choihyunsu/VOGBasedMCIDetection/outputs/checkpoints/run_20260801_202901_full_wvote_artifact30_4err/fold_17_best.pth
2026-08-01 23:50:28,265 | [FULL    ] | INFO | full_experiments_using.model_trainers.mobile_vit_trainer | Ep [026/500] T-Acc:  62.0%  V-Acc:  49.7%  V-AUROC: 0.6205  LR: 1.00e-03
2026-08-01 23:50:42,641 | [FULL    ] | INFO | full_experiments_using.model_trainers.mobile_vit_trainer | Ep [027/500] T-Acc:  62.3%  V-Acc:  48.5%  V-AUROC: 0.6195  LR: 1.00e-03
2026-08-01 23:50:57,082 | [FULL    ] | INFO | full_experiments_using.model_trainers.mobile_vit_trainer | Ep [028/500] T-Acc:  62.7%  V-Acc:  50.2%  V-AUROC: 0.6270  LR: 1.00e-03
2026-08-01 23:51:11,514 | [FULL    ] | INFO | full_experiments_using.model_trainers.mobile_vit_trainer | Ep [029/500] T-Acc:  63.1%  V-Acc:  49.8%  V-AUROC: 0.6227  LR: 1.00e-03
2026-08-01 23:51:25,957 | [FULL    ] | INFO | full_experiments_using.model_trainers.mobile_vit_trainer | Ep [030/500] T-Acc:  62.6%  V-Acc:  48.7%  V-AUROC: 0.6184  LR: 1.00e-03
2026-08-01 23:51:40,394 | [FULL    ] | INFO | full_experiments_using.model_trainers.mobile_vit_trainer | Ep [031/500] T-Acc:  62.9%  V-Acc:  52.7%  V-AUROC: 0.6210  LR: 1.00e-03
2026-08-01 23:51:54,998 | [FULL    ] | INFO | full_experiments_using.model_trainers.mobile_vit_trainer | Ep [032/500] T-Acc:  62.3%  V-Acc:  50.1%  V-AUROC: 0.6213  LR: 1.00e-03
2026-08-01 23:52:09,487 | [FULL    ] | INFO | full_experiments_using.model_trainers.mobile_vit_trainer | Ep [033/500] T-Acc:  64.1%  V-Acc:  50.5%  V-AUROC: 0.6253  LR: 1.00e-03
2026-08-01 23:52:23,943 | [FULL    ] | INFO | full_experiments_using.model_trainers.mobile_vit_trainer | Ep [034/500] T-Acc:  63.0%  V-Acc:  49.7%  V-AUROC: 0.6269  LR: 1.00e-03
2026-08-01 23:52:36,638 | [FULL    ] | INFO | full_experiments_using.model_trainers.mobile_vit_trainer | Ep [035/500] T-Acc:  63.3%  V-Acc:  47.6%  V-AUROC: 0.6260  LR: 1.00e-03
2026-08-01 23:52:50,247 | [FULL    ] | INFO | full_experiments_using.model_trainers.mobile_vit_trainer | Ep [036/500] T-Acc:  63.5%  V-Acc:  46.2%  V-AUROC: 0.6268  LR: 1.00e-03
2026-08-01 23:53:00,889 | [FULL    ] | INFO | full_experiments_using.model_trainers.mobile_vit_trainer | Ep [037/500] T-Acc:  63.2%  V-Acc:  45.3%  V-AUROC: 0.6274  LR: 2.00e-04
2026-08-01 23:53:01,004 | [FULL    ] | INFO | full_experiments_using.model_trainers.mobile_vit_trainer |   ↳ new best AUROC; saved checkpoint: /home/oem/choihyunsu/VOGBasedMCIDetection/outputs/checkpoints/run_20260801_202901_full_wvote_artifact30_4err/fold_17_best.pth
2026-08-01 23:53:15,393 | [FULL    ] | INFO | full_experiments_using.model_trainers.mobile_vit_trainer | Ep [038/500] T-Acc:  63.9%  V-Acc:  50.6%  V-AUROC: 0.6283  LR: 2.00e-04
2026-08-01 23:53:15,496 | [FULL    ] | INFO | full_experiments_using.model_trainers.mobile_vit_trainer |   ↳ new best AUROC; saved checkpoint: /home/oem/choihyunsu/VOGBasedMCIDetection/outputs/checkpoints/run_20260801_202901_full_wvote_artifact30_4err/fold_17_best.pth
2026-08-01 23:53:29,777 | [FULL    ] | INFO | full_experiments_using.model_trainers.mobile_vit_trainer | Ep [039/500] T-Acc:  63.6%  V-Acc:  50.3%  V-AUROC: 0.6255  LR: 2.00e-04
2026-08-01 23:53:44,223 | [FULL    ] | INFO | full_experiments_using.model_trainers.mobile_vit_trainer | Ep [040/500] T-Acc:  64.6%  V-Acc:  49.2%  V-AUROC: 0.6271  LR: 2.00e-04
2026-08-01 23:53:58,709 | [FULL    ] | INFO | full_experiments_using.model_trainers.mobile_vit_trainer | Ep [041/500] T-Acc:  64.0%  V-Acc:  48.4%  V-AUROC: 0.6299  LR: 2.00e-04
2026-08-01 23:53:58,812 | [FULL    ] | INFO | full_experiments_using.model_trainers.mobile_vit_trainer |   ↳ new best AUROC; saved checkpoint: /home/oem/choihyunsu/VOGBasedMCIDetection/outputs/checkpoints/run_20260801_202901_full_wvote_artifact30_4err/fold_17_best.pth
2026-08-01 23:54:13,110 | [FULL    ] | INFO | full_experiments_using.model_trainers.mobile_vit_trainer | Ep [042/500] T-Acc:  64.4%  V-Acc:  46.8%  V-AUROC: 0.6267  LR: 2.00e-04
2026-08-01 23:54:27,397 | [FULL    ] | INFO | full_experiments_using.model_trainers.mobile_vit_trainer | Ep [043/500] T-Acc:  63.7%  V-Acc:  49.7%  V-AUROC: 0.6270  LR: 2.00e-04
2026-08-01 23:54:41,978 | [FULL    ] | INFO | full_experiments_using.model_trainers.mobile_vit_trainer | Ep [044/500] T-Acc:  63.8%  V-Acc:  49.9%  V-AUROC: 0.6265  LR: 2.00e-04
2026-08-01 23:54:56,361 | [FULL    ] | INFO | full_experiments_using.model_trainers.mobile_vit_trainer | Ep [045/500] T-Acc:  64.5%  V-Acc:  49.6%  V-AUROC: 0.6266  LR: 2.00e-04
2026-08-01 23:55:10,638 | [FULL    ] | INFO | full_experiments_using.model_trainers.mobile_vit_trainer | Ep [046/500] T-Acc:  64.4%  V-Acc:  49.5%  V-AUROC: 0.6262  LR: 2.00e-04
2026-08-01 23:55:25,056 | [FULL    ] | INFO | full_experiments_using.model_trainers.mobile_vit_trainer | Ep [047/500] T-Acc:  63.4%  V-Acc:  49.4%  V-AUROC: 0.6249  LR: 2.00e-04
2026-08-01 23:55:39,488 | [FULL    ] | INFO | full_experiments_using.model_trainers.mobile_vit_trainer | Ep [048/500] T-Acc:  63.9%  V-Acc:  49.4%  V-AUROC: 0.6241  LR: 2.00e-04
2026-08-01 23:55:53,675 | [FULL    ] | INFO | full_experiments_using.model_trainers.mobile_vit_trainer | Ep [049/500] T-Acc:  64.1%  V-Acc:  49.2%  V-AUROC: 0.6302  LR: 2.00e-04
2026-08-01 23:55:53,748 | [FULL    ] | INFO | full_experiments_using.model_trainers.mobile_vit_trainer |   ↳ new best AUROC; saved checkpoint: /home/oem/choihyunsu/VOGBasedMCIDetection/outputs/checkpoints/run_20260801_202901_full_wvote_artifact30_4err/fold_17_best.pth
2026-08-01 23:56:08,137 | [FULL    ] | INFO | full_experiments_using.model_trainers.mobile_vit_trainer | Ep [050/500] T-Acc:  64.2%  V-Acc:  49.3%  V-AUROC: 0.6276  LR: 2.00e-04
2026-08-01 23:56:22,508 | [FULL    ] | INFO | full_experiments_using.model_trainers.mobile_vit_trainer | Ep [051/500] T-Acc:  64.0%  V-Acc:  51.0%  V-AUROC: 0.6252  LR: 2.00e-04
2026-08-01 23:56:36,977 | [FULL    ] | INFO | full_experiments_using.model_trainers.mobile_vit_trainer | Ep [052/500] T-Acc:  64.0%  V-Acc:  50.9%  V-AUROC: 0.6249  LR: 2.00e-04
2026-08-01 23:56:51,353 | [FULL    ] | INFO | full_experiments_using.model_trainers.mobile_vit_trainer | Ep [053/500] T-Acc:  64.2%  V-Acc:  49.3%  V-AUROC: 0.6277  LR: 2.00e-04
2026-08-01 23:57:05,721 | [FULL    ] | INFO | full_experiments_using.model_trainers.mobile_vit_trainer | Ep [054/500] T-Acc:  64.6%  V-Acc:  48.7%  V-AUROC: 0.6290  LR: 2.00e-04
2026-08-01 23:57:20,079 | [FULL    ] | INFO | full_experiments_using.model_trainers.mobile_vit_trainer | Ep [055/500] T-Acc:  64.3%  V-Acc:  51.6%  V-AUROC: 0.6286  LR: 2.00e-04
2026-08-01 23:57:34,516 | [FULL    ] | INFO | full_experiments_using.model_trainers.mobile_vit_trainer | Ep [056/500] T-Acc:  64.1%  V-Acc:  48.8%  V-AUROC: 0.6275  LR: 2.00e-04
2026-08-01 23:57:48,883 | [FULL    ] | INFO | full_experiments_using.model_trainers.mobile_vit_trainer | Ep [057/500] T-Acc:  64.0%  V-Acc:  49.0%  V-AUROC: 0.6260  LR: 2.00e-04
2026-08-01 23:58:03,127 | [FULL    ] | INFO | full_experiments_using.model_trainers.mobile_vit_trainer | Ep [058/500] T-Acc:  64.1%  V-Acc:  51.7%  V-AUROC: 0.6265  LR: 2.00e-04
2026-08-01 23:58:17,504 | [FULL    ] | INFO | full_experiments_using.model_trainers.mobile_vit_trainer | Ep [059/500] T-Acc:  64.7%  V-Acc:  49.7%  V-AUROC: 0.6264  LR: 2.00e-04
2026-08-01 23:58:31,876 | [FULL    ] | INFO | full_experiments_using.model_trainers.mobile_vit_trainer | Ep [060/500] T-Acc:  65.7%  V-Acc:  50.1%  V-AUROC: 0.6217  LR: 2.00e-04
2026-08-01 23:58:46,260 | [FULL    ] | INFO | full_experiments_using.model_trainers.mobile_vit_trainer | Ep [061/500] T-Acc:  64.7%  V-Acc:  49.9%  V-AUROC: 0.6230  LR: 4.00e-05
2026-08-01 23:59:00,526 | [FULL    ] | INFO | full_experiments_using.model_trainers.mobile_vit_trainer | Ep [062/500] T-Acc:  64.2%  V-Acc:  50.5%  V-AUROC: 0.6247  LR: 4.00e-05
2026-08-01 23:59:15,064 | [FULL    ] | INFO | full_experiments_using.model_trainers.mobile_vit_trainer | Ep [063/500] T-Acc:  65.0%  V-Acc:  51.4%  V-AUROC: 0.6216  LR: 4.00e-05
2026-08-01 23:59:29,342 | [FULL    ] | INFO | full_experiments_using.model_trainers.mobile_vit_trainer | Ep [064/500] T-Acc:  64.2%  V-Acc:  48.3%  V-AUROC: 0.6241  LR: 4.00e-05
2026-08-01 23:59:43,661 | [FULL    ] | INFO | full_experiments_using.model_trainers.mobile_vit_trainer | Ep [065/500] T-Acc:  64.6%  V-Acc:  49.9%  V-AUROC: 0.6260  LR: 4.00e-05
2026-08-01 23:59:58,157 | [FULL    ] | INFO | full_experiments_using.model_trainers.mobile_vit_trainer | Ep [066/500] T-Acc:  64.2%  V-Acc:  49.6%  V-AUROC: 0.6267  LR: 4.00e-05
2026-08-02 00:00:12,502 | [FULL    ] | INFO | full_experiments_using.model_trainers.mobile_vit_trainer | Ep [067/500] T-Acc:  64.7%  V-Acc:  49.7%  V-AUROC: 0.6255  LR: 4.00e-05
2026-08-02 00:00:27,013 | [FULL    ] | INFO | full_experiments_using.model_trainers.mobile_vit_trainer | Ep [068/500] T-Acc:  64.4%  V-Acc:  53.1%  V-AUROC: 0.6249  LR: 4.00e-05
2026-08-02 00:00:41,614 | [FULL    ] | INFO | full_experiments_using.model_trainers.mobile_vit_trainer | Ep [069/500] T-Acc:  64.3%  V-Acc:  49.7%  V-AUROC: 0.6257  LR: 4.00e-05
2026-08-02 00:00:56,313 | [FULL    ] | INFO | full_experiments_using.model_trainers.mobile_vit_trainer | Ep [070/500] T-Acc:  64.2%  V-Acc:  50.1%  V-AUROC: 0.6241  LR: 4.00e-05
2026-08-02 00:01:10,358 | [FULL    ] | INFO | full_experiments_using.model_trainers.mobile_vit_trainer | Ep [071/500] T-Acc:  64.9%  V-Acc:  50.3%  V-AUROC: 0.6235  LR: 4.00e-05
2026-08-02 00:01:24,848 | [FULL    ] | INFO | full_experiments_using.model_trainers.mobile_vit_trainer | Ep [072/500] T-Acc:  65.2%  V-Acc:  50.1%  V-AUROC: 0.6263  LR: 8.00e-06
2026-08-02 00:01:39,370 | [FULL    ] | INFO | full_experiments_using.model_trainers.mobile_vit_trainer | Ep [073/500] T-Acc:  65.2%  V-Acc:  49.1%  V-AUROC: 0.6244  LR: 8.00e-06
2026-08-02 00:01:53,759 | [FULL    ] | INFO | full_experiments_using.model_trainers.mobile_vit_trainer | Ep [074/500] T-Acc:  64.3%  V-Acc:  52.6%  V-AUROC: 0.6240  LR: 8.00e-06
2026-08-02 00:02:08,270 | [FULL    ] | INFO | full_experiments_using.model_trainers.mobile_vit_trainer | Ep [075/500] T-Acc:  64.0%  V-Acc:  48.6%  V-AUROC: 0.6262  LR: 8.00e-06
2026-08-02 00:02:22,833 | [FULL    ] | INFO | full_experiments_using.model_trainers.mobile_vit_trainer | Ep [076/500] T-Acc:  64.9%  V-Acc:  49.4%  V-AUROC: 0.6243  LR: 8.00e-06
2026-08-02 00:02:37,382 | [FULL    ] | INFO | full_experiments_using.model_trainers.mobile_vit_trainer | Ep [077/500] T-Acc:  64.6%  V-Acc:  48.5%  V-AUROC: 0.6271  LR: 8.00e-06
2026-08-02 00:02:51,812 | [FULL    ] | INFO | full_experiments_using.model_trainers.mobile_vit_trainer | Ep [078/500] T-Acc:  64.6%  V-Acc:  52.0%  V-AUROC: 0.6219  LR: 8.00e-06
2026-08-02 00:03:06,327 | [FULL    ] | INFO | full_experiments_using.model_trainers.mobile_vit_trainer | Ep [079/500] T-Acc:  64.0%  V-Acc:  48.4%  V-AUROC: 0.6242  LR: 8.00e-06
2026-08-02 00:03:06,327 | [FULL    ] | INFO | full_experiments_using.model_trainers.mobile_vit_trainer | Early stop — best AUROC 0.6302 at epoch 49 (no improvement for 30 epochs)
2026-08-02 00:03:06,327 | [FULL    ] | INFO | full_experiments_using.model_trainers.mobile_vit_trainer | Done. Best AUROC: 0.6302 (epoch 49) → /home/oem/choihyunsu/VOGBasedMCIDetection/outputs/checkpoints/run_20260801_202901_full_wvote_artifact30_4err/fold_17_best.pth
2026-08-02 00:03:09,047 | [FULL    ] | INFO | full_experiments_using.evaluators.monte_carlo_evaluator | -> Fold 18 Result | Acc=0.700 Sens=0.667 Spec=1.000 AUROC=0.778
2026-08-02 00:03:09,054 | [FULL    ] | INFO | full_experiments_using.evaluators.monte_carlo_evaluator | === Fold 19/30 | train: 25 subj (HC=10 MCI=15) / 3885 win | test: 12 subj (HC=4 MCI=8) / 1830 win ===
2026-08-02 00:03:09,321 | [FULL    ] | INFO | httpx | HTTP Request: HEAD https://huggingface.co/apple/mobilevit-small/resolve/main/config.json "HTTP/1.1 307 Temporary Redirect"
2026-08-02 00:03:09,340 | [FULL    ] | INFO | httpx | HTTP Request: HEAD https://huggingface.co/api/resolve-cache/models/apple/mobilevit-small/6c8612545dc98676d27bc518fa521d9e9af23e34/config.json "HTTP/1.1 200 OK"
2026-08-02 00:03:09,588 | [FULL    ] | INFO | httpx | HTTP Request: HEAD https://huggingface.co/apple/mobilevit-small/resolve/main/model.safetensors "HTTP/1.1 404 Not Found"
2026-08-02 00:03:09,807 | [FULL    ] | INFO | httpx | HTTP Request: HEAD https://huggingface.co/apple/mobilevit-small/resolve/main/model.safetensors.index.json "HTTP/1.1 404 Not Found"
2026-08-02 00:03:10,022 | [FULL    ] | INFO | httpx | HTTP Request: HEAD https://huggingface.co/apple/mobilevit-small/resolve/main/pytorch_model.bin "HTTP/1.1 302 Found"
2026-08-02 00:03:10,234 | [FULL    ] | INFO | httpx | HTTP Request: HEAD https://huggingface.co/apple/mobilevit-small/resolve/main/model.safetensors "HTTP/1.1 404 Not Found"
2026-08-02 00:03:10,454 | [FULL    ] | INFO | httpx | HTTP Request: GET https://huggingface.co/api/models/apple/mobilevit-small "HTTP/1.1 200 OK"
2026-08-02 00:03:10,687 | [FULL    ] | INFO | httpx | HTTP Request: GET https://huggingface.co/api/models/apple/mobilevit-small/commits/main "HTTP/1.1 200 OK"
2026-08-02 00:03:10,778 | [FULL    ] | INFO | full_experiments_using.model_trainers.mobile_vit_trainer | Device: cuda | max_epochs=500 | batch=32 | eval_batch=256 | es_patience=30
2026-08-02 00:03:10,783 | [FULL    ] | INFO | full_experiments_using.model_trainers.mobile_vit_trainer | CE weights — HC: 1.106  MCI: 0.913
2026-08-02 00:03:10,920 | [FULL    ] | INFO | httpx | HTTP Request: GET https://huggingface.co/api/models/apple/mobilevit-small/discussions?p=0 "HTTP/1.1 200 OK"
2026-08-02 00:03:11,152 | [FULL    ] | INFO | httpx | HTTP Request: GET https://huggingface.co/api/models/apple/mobilevit-small/commits/refs%2Fpr%2F6 "HTTP/1.1 200 OK"
2026-08-02 00:03:11,358 | [FULL    ] | INFO | httpx | HTTP Request: HEAD https://huggingface.co/apple/mobilevit-small/resolve/refs%2Fpr%2F6/model.safetensors.index.json "HTTP/1.1 404 Not Found"
2026-08-02 00:03:11,620 | [FULL    ] | INFO | httpx | HTTP Request: HEAD https://huggingface.co/apple/mobilevit-small/resolve/refs%2Fpr%2F6/model.safetensors "HTTP/1.1 302 Found"
2026-08-02 00:03:28,474 | [FULL    ] | INFO | full_experiments_using.model_trainers.mobile_vit_trainer | Ep [001/500] T-Acc:  51.9%  V-Acc:  51.7%  V-AUROC: 0.4961  LR: 2.00e-04
2026-08-02 00:03:28,518 | [FULL    ] | INFO | full_experiments_using.model_trainers.mobile_vit_trainer |   ↳ new best AUROC; saved checkpoint: /home/oem/choihyunsu/VOGBasedMCIDetection/outputs/checkpoints/run_20260801_202901_full_wvote_artifact30_4err/fold_18_best.pth
2026-08-02 00:03:42,684 | [FULL    ] | INFO | full_experiments_using.model_trainers.mobile_vit_trainer | Ep [002/500] T-Acc:  52.1%  V-Acc:  51.5%  V-AUROC: 0.4990  LR: 4.00e-04
2026-08-02 00:03:42,800 | [FULL    ] | INFO | full_experiments_using.model_trainers.mobile_vit_trainer |   ↳ new best AUROC; saved checkpoint: /home/oem/choihyunsu/VOGBasedMCIDetection/outputs/checkpoints/run_20260801_202901_full_wvote_artifact30_4err/fold_18_best.pth
2026-08-02 00:03:57,116 | [FULL    ] | INFO | full_experiments_using.model_trainers.mobile_vit_trainer | Ep [003/500] T-Acc:  51.7%  V-Acc:  51.0%  V-AUROC: 0.4999  LR: 6.00e-04
2026-08-02 00:03:57,234 | [FULL    ] | INFO | full_experiments_using.model_trainers.mobile_vit_trainer |   ↳ new best AUROC; saved checkpoint: /home/oem/choihyunsu/VOGBasedMCIDetection/outputs/checkpoints/run_20260801_202901_full_wvote_artifact30_4err/fold_18_best.pth
2026-08-02 00:04:11,582 | [FULL    ] | INFO | full_experiments_using.model_trainers.mobile_vit_trainer | Ep [004/500] T-Acc:  53.6%  V-Acc:  51.5%  V-AUROC: 0.5066  LR: 8.00e-04
2026-08-02 00:04:11,698 | [FULL    ] | INFO | full_experiments_using.model_trainers.mobile_vit_trainer |   ↳ new best AUROC; saved checkpoint: /home/oem/choihyunsu/VOGBasedMCIDetection/outputs/checkpoints/run_20260801_202901_full_wvote_artifact30_4err/fold_18_best.pth
2026-08-02 00:04:25,802 | [FULL    ] | INFO | full_experiments_using.model_trainers.mobile_vit_trainer | Ep [005/500] T-Acc:  54.5%  V-Acc:  50.8%  V-AUROC: 0.5102  LR: 1.00e-03
2026-08-02 00:04:25,918 | [FULL    ] | INFO | full_experiments_using.model_trainers.mobile_vit_trainer |   ↳ new best AUROC; saved checkpoint: /home/oem/choihyunsu/VOGBasedMCIDetection/outputs/checkpoints/run_20260801_202901_full_wvote_artifact30_4err/fold_18_best.pth
2026-08-02 00:04:40,265 | [FULL    ] | INFO | full_experiments_using.model_trainers.mobile_vit_trainer | Ep [006/500] T-Acc:  54.0%  V-Acc:  51.1%  V-AUROC: 0.5249  LR: 1.00e-03
2026-08-02 00:04:40,380 | [FULL    ] | INFO | full_experiments_using.model_trainers.mobile_vit_trainer |   ↳ new best AUROC; saved checkpoint: /home/oem/choihyunsu/VOGBasedMCIDetection/outputs/checkpoints/run_20260801_202901_full_wvote_artifact30_4err/fold_18_best.pth
2026-08-02 00:04:54,668 | [FULL    ] | INFO | full_experiments_using.model_trainers.mobile_vit_trainer | Ep [007/500] T-Acc:  56.3%  V-Acc:  51.7%  V-AUROC: 0.5446  LR: 1.00e-03
2026-08-02 00:04:54,786 | [FULL    ] | INFO | full_experiments_using.model_trainers.mobile_vit_trainer |   ↳ new best AUROC; saved checkpoint: /home/oem/choihyunsu/VOGBasedMCIDetection/outputs/checkpoints/run_20260801_202901_full_wvote_artifact30_4err/fold_18_best.pth
2026-08-02 00:05:08,783 | [FULL    ] | INFO | full_experiments_using.model_trainers.mobile_vit_trainer | Ep [008/500] T-Acc:  55.6%  V-Acc:  51.3%  V-AUROC: 0.5474  LR: 1.00e-03
2026-08-02 00:05:08,934 | [FULL    ] | INFO | full_experiments_using.model_trainers.mobile_vit_trainer |   ↳ new best AUROC; saved checkpoint: /home/oem/choihyunsu/VOGBasedMCIDetection/outputs/checkpoints/run_20260801_202901_full_wvote_artifact30_4err/fold_18_best.pth
2026-08-02 00:05:23,140 | [FULL    ] | INFO | full_experiments_using.model_trainers.mobile_vit_trainer | Ep [009/500] T-Acc:  56.6%  V-Acc:  52.6%  V-AUROC: 0.5549  LR: 1.00e-03
2026-08-02 00:05:23,257 | [FULL    ] | INFO | full_experiments_using.model_trainers.mobile_vit_trainer |   ↳ new best AUROC; saved checkpoint: /home/oem/choihyunsu/VOGBasedMCIDetection/outputs/checkpoints/run_20260801_202901_full_wvote_artifact30_4err/fold_18_best.pth
2026-08-02 00:05:37,465 | [FULL    ] | INFO | full_experiments_using.model_trainers.mobile_vit_trainer | Ep [010/500] T-Acc:  57.4%  V-Acc:  53.9%  V-AUROC: 0.5619  LR: 1.00e-03
2026-08-02 00:05:37,581 | [FULL    ] | INFO | full_experiments_using.model_trainers.mobile_vit_trainer |   ↳ new best AUROC; saved checkpoint: /home/oem/choihyunsu/VOGBasedMCIDetection/outputs/checkpoints/run_20260801_202901_full_wvote_artifact30_4err/fold_18_best.pth
2026-08-02 00:05:51,796 | [FULL    ] | INFO | full_experiments_using.model_trainers.mobile_vit_trainer | Ep [011/500] T-Acc:  57.6%  V-Acc:  52.4%  V-AUROC: 0.5609  LR: 1.00e-03
2026-08-02 00:06:05,853 | [FULL    ] | INFO | full_experiments_using.model_trainers.mobile_vit_trainer | Ep [012/500] T-Acc:  57.0%  V-Acc:  53.5%  V-AUROC: 0.5586  LR: 1.00e-03
2026-08-02 00:06:20,019 | [FULL    ] | INFO | full_experiments_using.model_trainers.mobile_vit_trainer | Ep [013/500] T-Acc:  58.8%  V-Acc:  51.8%  V-AUROC: 0.5580  LR: 1.00e-03
2026-08-02 00:06:34,698 | [FULL    ] | INFO | full_experiments_using.model_trainers.mobile_vit_trainer | Ep [014/500] T-Acc:  58.6%  V-Acc:  51.5%  V-AUROC: 0.5475  LR: 1.00e-03
2026-08-02 00:06:48,518 | [FULL    ] | INFO | full_experiments_using.model_trainers.mobile_vit_trainer | Ep [015/500] T-Acc:  58.8%  V-Acc:  51.7%  V-AUROC: 0.5627  LR: 1.00e-03
2026-08-02 00:06:48,635 | [FULL    ] | INFO | full_experiments_using.model_trainers.mobile_vit_trainer |   ↳ new best AUROC; saved checkpoint: /home/oem/choihyunsu/VOGBasedMCIDetection/outputs/checkpoints/run_20260801_202901_full_wvote_artifact30_4err/fold_18_best.pth
2026-08-02 00:07:03,153 | [FULL    ] | INFO | full_experiments_using.model_trainers.mobile_vit_trainer | Ep [016/500] T-Acc:  60.7%  V-Acc:  52.5%  V-AUROC: 0.5619  LR: 1.00e-03
2026-08-02 00:07:17,276 | [FULL    ] | INFO | full_experiments_using.model_trainers.mobile_vit_trainer | Ep [017/500] T-Acc:  59.0%  V-Acc:  53.2%  V-AUROC: 0.5645  LR: 1.00e-03
2026-08-02 00:07:17,393 | [FULL    ] | INFO | full_experiments_using.model_trainers.mobile_vit_trainer |   ↳ new best AUROC; saved checkpoint: /home/oem/choihyunsu/VOGBasedMCIDetection/outputs/checkpoints/run_20260801_202901_full_wvote_artifact30_4err/fold_18_best.pth
2026-08-02 00:07:31,738 | [FULL    ] | INFO | full_experiments_using.model_trainers.mobile_vit_trainer | Ep [018/500] T-Acc:  59.3%  V-Acc:  51.3%  V-AUROC: 0.5540  LR: 1.00e-03
2026-08-02 00:07:45,951 | [FULL    ] | INFO | full_experiments_using.model_trainers.mobile_vit_trainer | Ep [019/500] T-Acc:  60.2%  V-Acc:  51.5%  V-AUROC: 0.5658  LR: 1.00e-03
2026-08-02 00:07:46,066 | [FULL    ] | INFO | full_experiments_using.model_trainers.mobile_vit_trainer |   ↳ new best AUROC; saved checkpoint: /home/oem/choihyunsu/VOGBasedMCIDetection/outputs/checkpoints/run_20260801_202901_full_wvote_artifact30_4err/fold_18_best.pth
2026-08-02 00:08:00,272 | [FULL    ] | INFO | full_experiments_using.model_trainers.mobile_vit_trainer | Ep [020/500] T-Acc:  59.9%  V-Acc:  51.9%  V-AUROC: 0.5619  LR: 1.00e-03
2026-08-02 00:08:14,728 | [FULL    ] | INFO | full_experiments_using.model_trainers.mobile_vit_trainer | Ep [021/500] T-Acc:  59.8%  V-Acc:  51.8%  V-AUROC: 0.5485  LR: 1.00e-03
2026-08-02 00:08:29,127 | [FULL    ] | INFO | full_experiments_using.model_trainers.mobile_vit_trainer | Ep [022/500] T-Acc:  60.6%  V-Acc:  52.8%  V-AUROC: 0.5602  LR: 1.00e-03
2026-08-02 00:08:43,244 | [FULL    ] | INFO | full_experiments_using.model_trainers.mobile_vit_trainer | Ep [023/500] T-Acc:  61.2%  V-Acc:  52.3%  V-AUROC: 0.5570  LR: 1.00e-03
2026-08-02 00:08:57,557 | [FULL    ] | INFO | full_experiments_using.model_trainers.mobile_vit_trainer | Ep [024/500] T-Acc:  60.8%  V-Acc:  51.5%  V-AUROC: 0.5630  LR: 1.00e-03
2026-08-02 00:09:11,859 | [FULL    ] | INFO | full_experiments_using.model_trainers.mobile_vit_trainer | Ep [025/500] T-Acc:  61.3%  V-Acc:  52.3%  V-AUROC: 0.5565  LR: 1.00e-03
2026-08-02 00:09:26,173 | [FULL    ] | INFO | full_experiments_using.model_trainers.mobile_vit_trainer | Ep [026/500] T-Acc:  61.2%  V-Acc:  51.6%  V-AUROC: 0.5655  LR: 1.00e-03
2026-08-02 00:09:40,377 | [FULL    ] | INFO | full_experiments_using.model_trainers.mobile_vit_trainer | Ep [027/500] T-Acc:  61.1%  V-Acc:  52.5%  V-AUROC: 0.5641  LR: 1.00e-03
2026-08-02 00:09:54,601 | [FULL    ] | INFO | full_experiments_using.model_trainers.mobile_vit_trainer | Ep [028/500] T-Acc:  61.8%  V-Acc:  52.7%  V-AUROC: 0.5628  LR: 1.00e-03
2026-08-02 00:10:08,913 | [FULL    ] | INFO | full_experiments_using.model_trainers.mobile_vit_trainer | Ep [029/500] T-Acc:  61.1%  V-Acc:  53.0%  V-AUROC: 0.5720  LR: 1.00e-03
2026-08-02 00:10:09,030 | [FULL    ] | INFO | full_experiments_using.model_trainers.mobile_vit_trainer |   ↳ new best AUROC; saved checkpoint: /home/oem/choihyunsu/VOGBasedMCIDetection/outputs/checkpoints/run_20260801_202901_full_wvote_artifact30_4err/fold_18_best.pth
2026-08-02 00:10:23,194 | [FULL    ] | INFO | full_experiments_using.model_trainers.mobile_vit_trainer | Ep [030/500] T-Acc:  61.3%  V-Acc:  52.1%  V-AUROC: 0.5611  LR: 1.00e-03
2026-08-02 00:10:37,518 | [FULL    ] | INFO | full_experiments_using.model_trainers.mobile_vit_trainer | Ep [031/500] T-Acc:  60.8%  V-Acc:  53.0%  V-AUROC: 0.5691  LR: 1.00e-03
2026-08-02 00:10:51,715 | [FULL    ] | INFO | full_experiments_using.model_trainers.mobile_vit_trainer | Ep [032/500] T-Acc:  62.3%  V-Acc:  51.9%  V-AUROC: 0.5607  LR: 1.00e-03
2026-08-02 00:11:05,950 | [FULL    ] | INFO | full_experiments_using.model_trainers.mobile_vit_trainer | Ep [033/500] T-Acc:  62.5%  V-Acc:  52.3%  V-AUROC: 0.5604  LR: 1.00e-03
2026-08-02 00:11:20,177 | [FULL    ] | INFO | full_experiments_using.model_trainers.mobile_vit_trainer | Ep [034/500] T-Acc:  62.4%  V-Acc:  52.7%  V-AUROC: 0.5706  LR: 1.00e-03
2026-08-02 00:11:34,369 | [FULL    ] | INFO | full_experiments_using.model_trainers.mobile_vit_trainer | Ep [035/500] T-Acc:  61.5%  V-Acc:  52.1%  V-AUROC: 0.5644  LR: 1.00e-03
2026-08-02 00:11:48,494 | [FULL    ] | INFO | full_experiments_using.model_trainers.mobile_vit_trainer | Ep [036/500] T-Acc:  62.6%  V-Acc:  53.7%  V-AUROC: 0.5767  LR: 1.00e-03
2026-08-02 00:11:48,608 | [FULL    ] | INFO | full_experiments_using.model_trainers.mobile_vit_trainer |   ↳ new best AUROC; saved checkpoint: /home/oem/choihyunsu/VOGBasedMCIDetection/outputs/checkpoints/run_20260801_202901_full_wvote_artifact30_4err/fold_18_best.pth
2026-08-02 00:12:02,796 | [FULL    ] | INFO | full_experiments_using.model_trainers.mobile_vit_trainer | Ep [037/500] T-Acc:  62.8%  V-Acc:  53.0%  V-AUROC: 0.5731  LR: 1.00e-03
2026-08-02 00:12:17,102 | [FULL    ] | INFO | full_experiments_using.model_trainers.mobile_vit_trainer | Ep [038/500] T-Acc:  62.6%  V-Acc:  52.9%  V-AUROC: 0.5622  LR: 1.00e-03
2026-08-02 00:12:31,303 | [FULL    ] | INFO | full_experiments_using.model_trainers.mobile_vit_trainer | Ep [039/500] T-Acc:  63.1%  V-Acc:  52.0%  V-AUROC: 0.5587  LR: 1.00e-03
2026-08-02 00:12:45,569 | [FULL    ] | INFO | full_experiments_using.model_trainers.mobile_vit_trainer | Ep [040/500] T-Acc:  63.0%  V-Acc:  52.1%  V-AUROC: 0.5664  LR: 1.00e-03
2026-08-02 00:12:59,865 | [FULL    ] | INFO | full_experiments_using.model_trainers.mobile_vit_trainer | Ep [041/500] T-Acc:  62.9%  V-Acc:  52.6%  V-AUROC: 0.5675  LR: 1.00e-03
2026-08-02 00:13:14,134 | [FULL    ] | INFO | full_experiments_using.model_trainers.mobile_vit_trainer | Ep [042/500] T-Acc:  62.8%  V-Acc:  52.5%  V-AUROC: 0.5584  LR: 1.00e-03
2026-08-02 00:13:28,405 | [FULL    ] | INFO | full_experiments_using.model_trainers.mobile_vit_trainer | Ep [043/500] T-Acc:  63.3%  V-Acc:  53.0%  V-AUROC: 0.5654  LR: 1.00e-03
2026-08-02 00:13:42,604 | [FULL    ] | INFO | full_experiments_using.model_trainers.mobile_vit_trainer | Ep [044/500] T-Acc:  63.6%  V-Acc:  52.1%  V-AUROC: 0.5676  LR: 1.00e-03
2026-08-02 00:13:56,859 | [FULL    ] | INFO | full_experiments_using.model_trainers.mobile_vit_trainer | Ep [045/500] T-Acc:  61.9%  V-Acc:  51.8%  V-AUROC: 0.5589  LR: 1.00e-03
2026-08-02 00:14:10,944 | [FULL    ] | INFO | full_experiments_using.model_trainers.mobile_vit_trainer | Ep [046/500] T-Acc:  64.1%  V-Acc:  53.0%  V-AUROC: 0.5701  LR: 1.00e-03
2026-08-02 00:14:25,224 | [FULL    ] | INFO | full_experiments_using.model_trainers.mobile_vit_trainer | Ep [047/500] T-Acc:  64.5%  V-Acc:  52.8%  V-AUROC: 0.5646  LR: 1.00e-03
2026-08-02 00:14:39,517 | [FULL    ] | INFO | full_experiments_using.model_trainers.mobile_vit_trainer | Ep [048/500] T-Acc:  63.6%  V-Acc:  51.8%  V-AUROC: 0.5626  LR: 2.00e-04
2026-08-02 00:14:53,842 | [FULL    ] | INFO | full_experiments_using.model_trainers.mobile_vit_trainer | Ep [049/500] T-Acc:  63.7%  V-Acc:  51.0%  V-AUROC: 0.5651  LR: 2.00e-04
2026-08-02 00:15:08,105 | [FULL    ] | INFO | full_experiments_using.model_trainers.mobile_vit_trainer | Ep [050/500] T-Acc:  64.2%  V-Acc:  52.6%  V-AUROC: 0.5607  LR: 2.00e-04
2026-08-02 00:15:22,360 | [FULL    ] | INFO | full_experiments_using.model_trainers.mobile_vit_trainer | Ep [051/500] T-Acc:  63.7%  V-Acc:  52.7%  V-AUROC: 0.5595  LR: 2.00e-04
2026-08-02 00:15:36,612 | [FULL    ] | INFO | full_experiments_using.model_trainers.mobile_vit_trainer | Ep [052/500] T-Acc:  63.7%  V-Acc:  52.5%  V-AUROC: 0.5584  LR: 2.00e-04
2026-08-02 00:15:50,786 | [FULL    ] | INFO | full_experiments_using.model_trainers.mobile_vit_trainer | Ep [053/500] T-Acc:  63.8%  V-Acc:  53.2%  V-AUROC: 0.5591  LR: 2.00e-04
2026-08-02 00:16:04,972 | [FULL    ] | INFO | full_experiments_using.model_trainers.mobile_vit_trainer | Ep [054/500] T-Acc:  64.1%  V-Acc:  52.0%  V-AUROC: 0.5610  LR: 2.00e-04
2026-08-02 00:16:19,119 | [FULL    ] | INFO | full_experiments_using.model_trainers.mobile_vit_trainer | Ep [055/500] T-Acc:  63.5%  V-Acc:  52.3%  V-AUROC: 0.5576  LR: 2.00e-04
2026-08-02 00:16:33,328 | [FULL    ] | INFO | full_experiments_using.model_trainers.mobile_vit_trainer | Ep [056/500] T-Acc:  63.5%  V-Acc:  52.9%  V-AUROC: 0.5601  LR: 2.00e-04
2026-08-02 00:16:47,592 | [FULL    ] | INFO | full_experiments_using.model_trainers.mobile_vit_trainer | Ep [057/500] T-Acc:  63.7%  V-Acc:  52.4%  V-AUROC: 0.5595  LR: 2.00e-04
2026-08-02 00:17:01,819 | [FULL    ] | INFO | full_experiments_using.model_trainers.mobile_vit_trainer | Ep [058/500] T-Acc:  63.3%  V-Acc:  52.2%  V-AUROC: 0.5632  LR: 2.00e-04
2026-08-02 00:17:16,138 | [FULL    ] | INFO | full_experiments_using.model_trainers.mobile_vit_trainer | Ep [059/500] T-Acc:  62.7%  V-Acc:  53.1%  V-AUROC: 0.5610  LR: 4.00e-05
2026-08-02 00:17:30,360 | [FULL    ] | INFO | full_experiments_using.model_trainers.mobile_vit_trainer | Ep [060/500] T-Acc:  63.8%  V-Acc:  51.6%  V-AUROC: 0.5626  LR: 4.00e-05
2026-08-02 00:17:44,632 | [FULL    ] | INFO | full_experiments_using.model_trainers.mobile_vit_trainer | Ep [061/500] T-Acc:  64.9%  V-Acc:  52.5%  V-AUROC: 0.5621  LR: 4.00e-05
2026-08-02 00:17:58,948 | [FULL    ] | INFO | full_experiments_using.model_trainers.mobile_vit_trainer | Ep [062/500] T-Acc:  64.3%  V-Acc:  52.7%  V-AUROC: 0.5633  LR: 4.00e-05
2026-08-02 00:18:13,258 | [FULL    ] | INFO | full_experiments_using.model_trainers.mobile_vit_trainer | Ep [063/500] T-Acc:  64.7%  V-Acc:  52.0%  V-AUROC: 0.5619  LR: 4.00e-05
2026-08-02 00:18:27,450 | [FULL    ] | INFO | full_experiments_using.model_trainers.mobile_vit_trainer | Ep [064/500] T-Acc:  64.3%  V-Acc:  52.3%  V-AUROC: 0.5612  LR: 4.00e-05
2026-08-02 00:18:41,627 | [FULL    ] | INFO | full_experiments_using.model_trainers.mobile_vit_trainer | Ep [065/500] T-Acc:  65.4%  V-Acc:  52.2%  V-AUROC: 0.5626  LR: 4.00e-05
2026-08-02 00:18:53,887 | [FULL    ] | INFO | full_experiments_using.model_trainers.mobile_vit_trainer | Ep [066/500] T-Acc:  64.2%  V-Acc:  52.7%  V-AUROC: 0.5604  LR: 4.00e-05
2026-08-02 00:18:53,887 | [FULL    ] | INFO | full_experiments_using.model_trainers.mobile_vit_trainer | Early stop — best AUROC 0.5767 at epoch 36 (no improvement for 30 epochs)
2026-08-02 00:18:53,888 | [FULL    ] | INFO | full_experiments_using.model_trainers.mobile_vit_trainer | Done. Best AUROC: 0.5767 (epoch 36) → /home/oem/choihyunsu/VOGBasedMCIDetection/outputs/checkpoints/run_20260801_202901_full_wvote_artifact30_4err/fold_18_best.pth
2026-08-02 00:18:57,810 | [FULL    ] | INFO | full_experiments_using.evaluators.monte_carlo_evaluator | -> Fold 19 Result | Acc=0.455 Sens=0.143 Spec=1.000 AUROC=0.929
2026-08-02 00:18:57,814 | [FULL    ] | INFO | full_experiments_using.evaluators.monte_carlo_evaluator | === Fold 20/30 | train: 25 subj (HC=11 MCI=14) / 3959 win | test: 12 subj (HC=3 MCI=9) / 1756 win ===
2026-08-02 00:18:58,033 | [FULL    ] | INFO | httpx | HTTP Request: HEAD https://huggingface.co/apple/mobilevit-small/resolve/main/config.json "HTTP/1.1 307 Temporary Redirect"
2026-08-02 00:18:58,045 | [FULL    ] | INFO | httpx | HTTP Request: HEAD https://huggingface.co/api/resolve-cache/models/apple/mobilevit-small/6c8612545dc98676d27bc518fa521d9e9af23e34/config.json "HTTP/1.1 200 OK"
2026-08-02 00:18:58,284 | [FULL    ] | INFO | httpx | HTTP Request: HEAD https://huggingface.co/apple/mobilevit-small/resolve/main/model.safetensors "HTTP/1.1 404 Not Found"
2026-08-02 00:18:58,487 | [FULL    ] | INFO | httpx | HTTP Request: HEAD https://huggingface.co/apple/mobilevit-small/resolve/main/model.safetensors.index.json "HTTP/1.1 404 Not Found"
2026-08-02 00:18:58,701 | [FULL    ] | INFO | httpx | HTTP Request: HEAD https://huggingface.co/apple/mobilevit-small/resolve/main/pytorch_model.bin "HTTP/1.1 302 Found"
2026-08-02 00:18:58,914 | [FULL    ] | INFO | httpx | HTTP Request: HEAD https://huggingface.co/apple/mobilevit-small/resolve/main/model.safetensors "HTTP/1.1 404 Not Found"
2026-08-02 00:18:59,121 | [FULL    ] | INFO | httpx | HTTP Request: GET https://huggingface.co/api/models/apple/mobilevit-small "HTTP/1.1 200 OK"
2026-08-02 00:18:59,306 | [FULL    ] | INFO | full_experiments_using.model_trainers.mobile_vit_trainer | Device: cuda | max_epochs=500 | batch=32 | eval_batch=256 | es_patience=30
2026-08-02 00:18:59,310 | [FULL    ] | INFO | full_experiments_using.model_trainers.mobile_vit_trainer | CE weights — HC: 1.010  MCI: 0.990
2026-08-02 00:18:59,333 | [FULL    ] | INFO | httpx | HTTP Request: GET https://huggingface.co/api/models/apple/mobilevit-small/commits/main "HTTP/1.1 200 OK"
2026-08-02 00:18:59,558 | [FULL    ] | INFO | httpx | HTTP Request: GET https://huggingface.co/api/models/apple/mobilevit-small/discussions?p=0 "HTTP/1.1 200 OK"
2026-08-02 00:18:59,825 | [FULL    ] | INFO | httpx | HTTP Request: GET https://huggingface.co/api/models/apple/mobilevit-small/commits/refs%2Fpr%2F6 "HTTP/1.1 200 OK"
2026-08-02 00:19:00,031 | [FULL    ] | INFO | httpx | HTTP Request: HEAD https://huggingface.co/apple/mobilevit-small/resolve/refs%2Fpr%2F6/model.safetensors.index.json "HTTP/1.1 404 Not Found"
2026-08-02 00:19:00,244 | [FULL    ] | INFO | httpx | HTTP Request: HEAD https://huggingface.co/apple/mobilevit-small/resolve/refs%2Fpr%2F6/model.safetensors "HTTP/1.1 302 Found"
2026-08-02 00:19:20,677 | [FULL    ] | INFO | full_experiments_using.model_trainers.mobile_vit_trainer | Ep [001/500] T-Acc:  50.3%  V-Acc:  50.2%  V-AUROC: 0.4906  LR: 2.00e-04
2026-08-02 00:19:20,722 | [FULL    ] | INFO | full_experiments_using.model_trainers.mobile_vit_trainer |   ↳ new best AUROC; saved checkpoint: /home/oem/choihyunsu/VOGBasedMCIDetection/outputs/checkpoints/run_20260801_202901_full_wvote_artifact30_4err/fold_19_best.pth
2026-08-02 00:19:35,017 | [FULL    ] | INFO | full_experiments_using.model_trainers.mobile_vit_trainer | Ep [002/500] T-Acc:  50.7%  V-Acc:  50.9%  V-AUROC: 0.5012  LR: 4.00e-04
2026-08-02 00:19:35,115 | [FULL    ] | INFO | full_experiments_using.model_trainers.mobile_vit_trainer |   ↳ new best AUROC; saved checkpoint: /home/oem/choihyunsu/VOGBasedMCIDetection/outputs/checkpoints/run_20260801_202901_full_wvote_artifact30_4err/fold_19_best.pth
2026-08-02 00:19:49,584 | [FULL    ] | INFO | full_experiments_using.model_trainers.mobile_vit_trainer | Ep [003/500] T-Acc:  51.5%  V-Acc:  53.6%  V-AUROC: 0.5136  LR: 6.00e-04
2026-08-02 00:19:49,698 | [FULL    ] | INFO | full_experiments_using.model_trainers.mobile_vit_trainer |   ↳ new best AUROC; saved checkpoint: /home/oem/choihyunsu/VOGBasedMCIDetection/outputs/checkpoints/run_20260801_202901_full_wvote_artifact30_4err/fold_19_best.pth
2026-08-02 00:20:04,015 | [FULL    ] | INFO | full_experiments_using.model_trainers.mobile_vit_trainer | Ep [004/500] T-Acc:  50.9%  V-Acc:  52.7%  V-AUROC: 0.5221  LR: 8.00e-04
2026-08-02 00:20:04,113 | [FULL    ] | INFO | full_experiments_using.model_trainers.mobile_vit_trainer |   ↳ new best AUROC; saved checkpoint: /home/oem/choihyunsu/VOGBasedMCIDetection/outputs/checkpoints/run_20260801_202901_full_wvote_artifact30_4err/fold_19_best.pth
2026-08-02 00:20:18,297 | [FULL    ] | INFO | full_experiments_using.model_trainers.mobile_vit_trainer | Ep [005/500] T-Acc:  52.0%  V-Acc:  56.0%  V-AUROC: 0.5602  LR: 1.00e-03
2026-08-02 00:20:18,394 | [FULL    ] | INFO | full_experiments_using.model_trainers.mobile_vit_trainer |   ↳ new best AUROC; saved checkpoint: /home/oem/choihyunsu/VOGBasedMCIDetection/outputs/checkpoints/run_20260801_202901_full_wvote_artifact30_4err/fold_19_best.pth
2026-08-02 00:20:32,641 | [FULL    ] | INFO | full_experiments_using.model_trainers.mobile_vit_trainer | Ep [006/500] T-Acc:  52.2%  V-Acc:  57.5%  V-AUROC: 0.5783  LR: 1.00e-03
2026-08-02 00:20:32,696 | [FULL    ] | INFO | full_experiments_using.model_trainers.mobile_vit_trainer |   ↳ new best AUROC; saved checkpoint: /home/oem/choihyunsu/VOGBasedMCIDetection/outputs/checkpoints/run_20260801_202901_full_wvote_artifact30_4err/fold_19_best.pth
2026-08-02 00:20:46,993 | [FULL    ] | INFO | full_experiments_using.model_trainers.mobile_vit_trainer | Ep [007/500] T-Acc:  54.3%  V-Acc:  60.1%  V-AUROC: 0.5840  LR: 1.00e-03
2026-08-02 00:20:47,092 | [FULL    ] | INFO | full_experiments_using.model_trainers.mobile_vit_trainer |   ↳ new best AUROC; saved checkpoint: /home/oem/choihyunsu/VOGBasedMCIDetection/outputs/checkpoints/run_20260801_202901_full_wvote_artifact30_4err/fold_19_best.pth
2026-08-02 00:21:01,308 | [FULL    ] | INFO | full_experiments_using.model_trainers.mobile_vit_trainer | Ep [008/500] T-Acc:  54.1%  V-Acc:  57.5%  V-AUROC: 0.5717  LR: 1.00e-03
2026-08-02 00:21:15,714 | [FULL    ] | INFO | full_experiments_using.model_trainers.mobile_vit_trainer | Ep [009/500] T-Acc:  54.8%  V-Acc:  57.2%  V-AUROC: 0.5709  LR: 1.00e-03
2026-08-02 00:21:30,106 | [FULL    ] | INFO | full_experiments_using.model_trainers.mobile_vit_trainer | Ep [010/500] T-Acc:  57.4%  V-Acc:  58.1%  V-AUROC: 0.6068  LR: 1.00e-03
2026-08-02 00:21:30,221 | [FULL    ] | INFO | full_experiments_using.model_trainers.mobile_vit_trainer |   ↳ new best AUROC; saved checkpoint: /home/oem/choihyunsu/VOGBasedMCIDetection/outputs/checkpoints/run_20260801_202901_full_wvote_artifact30_4err/fold_19_best.pth
2026-08-02 00:21:44,532 | [FULL    ] | INFO | full_experiments_using.model_trainers.mobile_vit_trainer | Ep [011/500] T-Acc:  55.3%  V-Acc:  57.9%  V-AUROC: 0.6050  LR: 1.00e-03
2026-08-02 00:21:58,931 | [FULL    ] | INFO | full_experiments_using.model_trainers.mobile_vit_trainer | Ep [012/500] T-Acc:  56.6%  V-Acc:  57.0%  V-AUROC: 0.5980  LR: 1.00e-03
2026-08-02 00:22:13,315 | [FULL    ] | INFO | full_experiments_using.model_trainers.mobile_vit_trainer | Ep [013/500] T-Acc:  56.0%  V-Acc:  58.8%  V-AUROC: 0.5990  LR: 1.00e-03
2026-08-02 00:22:27,593 | [FULL    ] | INFO | full_experiments_using.model_trainers.mobile_vit_trainer | Ep [014/500] T-Acc:  57.6%  V-Acc:  58.9%  V-AUROC: 0.5990  LR: 1.00e-03
2026-08-02 00:22:41,899 | [FULL    ] | INFO | full_experiments_using.model_trainers.mobile_vit_trainer | Ep [015/500] T-Acc:  56.3%  V-Acc:  57.2%  V-AUROC: 0.5978  LR: 1.00e-03
2026-08-02 00:22:56,355 | [FULL    ] | INFO | full_experiments_using.model_trainers.mobile_vit_trainer | Ep [016/500] T-Acc:  57.9%  V-Acc:  59.9%  V-AUROC: 0.6042  LR: 1.00e-03
2026-08-02 00:23:10,661 | [FULL    ] | INFO | full_experiments_using.model_trainers.mobile_vit_trainer | Ep [017/500] T-Acc:  58.0%  V-Acc:  60.0%  V-AUROC: 0.6107  LR: 1.00e-03
2026-08-02 00:23:10,759 | [FULL    ] | INFO | full_experiments_using.model_trainers.mobile_vit_trainer |   ↳ new best AUROC; saved checkpoint: /home/oem/choihyunsu/VOGBasedMCIDetection/outputs/checkpoints/run_20260801_202901_full_wvote_artifact30_4err/fold_19_best.pth
2026-08-02 00:23:25,019 | [FULL    ] | INFO | full_experiments_using.model_trainers.mobile_vit_trainer | Ep [018/500] T-Acc:  59.5%  V-Acc:  57.9%  V-AUROC: 0.5919  LR: 1.00e-03
2026-08-02 00:23:39,343 | [FULL    ] | INFO | full_experiments_using.model_trainers.mobile_vit_trainer | Ep [019/500] T-Acc:  57.4%  V-Acc:  58.9%  V-AUROC: 0.5874  LR: 1.00e-03
2026-08-02 00:23:53,644 | [FULL    ] | INFO | full_experiments_using.model_trainers.mobile_vit_trainer | Ep [020/500] T-Acc:  58.6%  V-Acc:  58.3%  V-AUROC: 0.6147  LR: 1.00e-03
2026-08-02 00:23:53,742 | [FULL    ] | INFO | full_experiments_using.model_trainers.mobile_vit_trainer |   ↳ new best AUROC; saved checkpoint: /home/oem/choihyunsu/VOGBasedMCIDetection/outputs/checkpoints/run_20260801_202901_full_wvote_artifact30_4err/fold_19_best.pth
2026-08-02 00:24:08,061 | [FULL    ] | INFO | full_experiments_using.model_trainers.mobile_vit_trainer | Ep [021/500] T-Acc:  58.0%  V-Acc:  56.9%  V-AUROC: 0.6025  LR: 1.00e-03
2026-08-02 00:24:22,369 | [FULL    ] | INFO | full_experiments_using.model_trainers.mobile_vit_trainer | Ep [022/500] T-Acc:  59.7%  V-Acc:  55.6%  V-AUROC: 0.5876  LR: 1.00e-03
2026-08-02 00:24:36,716 | [FULL    ] | INFO | full_experiments_using.model_trainers.mobile_vit_trainer | Ep [023/500] T-Acc:  59.8%  V-Acc:  57.6%  V-AUROC: 0.5937  LR: 1.00e-03
2026-08-02 00:24:51,176 | [FULL    ] | INFO | full_experiments_using.model_trainers.mobile_vit_trainer | Ep [024/500] T-Acc:  60.0%  V-Acc:  58.1%  V-AUROC: 0.5903  LR: 1.00e-03
2026-08-02 00:25:05,545 | [FULL    ] | INFO | full_experiments_using.model_trainers.mobile_vit_trainer | Ep [025/500] T-Acc:  59.7%  V-Acc:  58.3%  V-AUROC: 0.6054  LR: 1.00e-03
2026-08-02 00:25:19,946 | [FULL    ] | INFO | full_experiments_using.model_trainers.mobile_vit_trainer | Ep [026/500] T-Acc:  60.0%  V-Acc:  57.1%  V-AUROC: 0.5943  LR: 1.00e-03
2026-08-02 00:25:34,328 | [FULL    ] | INFO | full_experiments_using.model_trainers.mobile_vit_trainer | Ep [027/500] T-Acc:  59.7%  V-Acc:  56.5%  V-AUROC: 0.5995  LR: 1.00e-03
2026-08-02 00:25:48,563 | [FULL    ] | INFO | full_experiments_using.model_trainers.mobile_vit_trainer | Ep [028/500] T-Acc:  59.0%  V-Acc:  56.0%  V-AUROC: 0.5956  LR: 1.00e-03
2026-08-02 00:26:02,899 | [FULL    ] | INFO | full_experiments_using.model_trainers.mobile_vit_trainer | Ep [029/500] T-Acc:  59.9%  V-Acc:  58.1%  V-AUROC: 0.5993  LR: 1.00e-03
2026-08-02 00:26:17,222 | [FULL    ] | INFO | full_experiments_using.model_trainers.mobile_vit_trainer | Ep [030/500] T-Acc:  61.0%  V-Acc:  56.7%  V-AUROC: 0.5856  LR: 1.00e-03
2026-08-02 00:26:31,520 | [FULL    ] | INFO | full_experiments_using.model_trainers.mobile_vit_trainer | Ep [031/500] T-Acc:  59.8%  V-Acc:  58.0%  V-AUROC: 0.5857  LR: 1.00e-03
2026-08-02 00:26:45,812 | [FULL    ] | INFO | full_experiments_using.model_trainers.mobile_vit_trainer | Ep [032/500] T-Acc:  60.6%  V-Acc:  57.0%  V-AUROC: 0.5940  LR: 2.00e-04
2026-08-02 00:27:00,228 | [FULL    ] | INFO | full_experiments_using.model_trainers.mobile_vit_trainer | Ep [033/500] T-Acc:  60.5%  V-Acc:  57.5%  V-AUROC: 0.5838  LR: 2.00e-04
2026-08-02 00:27:14,680 | [FULL    ] | INFO | full_experiments_using.model_trainers.mobile_vit_trainer | Ep [034/500] T-Acc:  59.0%  V-Acc:  57.6%  V-AUROC: 0.5824  LR: 2.00e-04
2026-08-02 00:27:29,143 | [FULL    ] | INFO | full_experiments_using.model_trainers.mobile_vit_trainer | Ep [035/500] T-Acc:  62.4%  V-Acc:  55.2%  V-AUROC: 0.5780  LR: 2.00e-04
2026-08-02 00:27:43,570 | [FULL    ] | INFO | full_experiments_using.model_trainers.mobile_vit_trainer | Ep [036/500] T-Acc:  61.0%  V-Acc:  55.1%  V-AUROC: 0.5833  LR: 2.00e-04
2026-08-02 00:27:58,008 | [FULL    ] | INFO | full_experiments_using.model_trainers.mobile_vit_trainer | Ep [037/500] T-Acc:  61.1%  V-Acc:  55.6%  V-AUROC: 0.5787  LR: 2.00e-04
2026-08-02 00:28:12,490 | [FULL    ] | INFO | full_experiments_using.model_trainers.mobile_vit_trainer | Ep [038/500] T-Acc:  61.5%  V-Acc:  56.2%  V-AUROC: 0.5829  LR: 2.00e-04
2026-08-02 00:28:26,947 | [FULL    ] | INFO | full_experiments_using.model_trainers.mobile_vit_trainer | Ep [039/500] T-Acc:  61.7%  V-Acc:  55.8%  V-AUROC: 0.5835  LR: 2.00e-04
2026-08-02 00:28:41,306 | [FULL    ] | INFO | full_experiments_using.model_trainers.mobile_vit_trainer | Ep [040/500] T-Acc:  61.4%  V-Acc:  55.5%  V-AUROC: 0.5812  LR: 2.00e-04
2026-08-02 00:28:55,618 | [FULL    ] | INFO | full_experiments_using.model_trainers.mobile_vit_trainer | Ep [041/500] T-Acc:  61.2%  V-Acc:  56.0%  V-AUROC: 0.5783  LR: 2.00e-04
2026-08-02 00:29:10,091 | [FULL    ] | INFO | full_experiments_using.model_trainers.mobile_vit_trainer | Ep [042/500] T-Acc:  61.4%  V-Acc:  55.4%  V-AUROC: 0.5844  LR: 2.00e-04
2026-08-02 00:29:24,426 | [FULL    ] | INFO | full_experiments_using.model_trainers.mobile_vit_trainer | Ep [043/500] T-Acc:  61.2%  V-Acc:  55.6%  V-AUROC: 0.5810  LR: 4.00e-05
2026-08-02 00:29:38,816 | [FULL    ] | INFO | full_experiments_using.model_trainers.mobile_vit_trainer | Ep [044/500] T-Acc:  62.2%  V-Acc:  56.7%  V-AUROC: 0.5786  LR: 4.00e-05
2026-08-02 00:29:53,107 | [FULL    ] | INFO | full_experiments_using.model_trainers.mobile_vit_trainer | Ep [045/500] T-Acc:  60.3%  V-Acc:  56.2%  V-AUROC: 0.5801  LR: 4.00e-05
2026-08-02 00:30:07,654 | [FULL    ] | INFO | full_experiments_using.model_trainers.mobile_vit_trainer | Ep [046/500] T-Acc:  62.0%  V-Acc:  56.2%  V-AUROC: 0.5827  LR: 4.00e-05
2026-08-02 00:30:21,991 | [FULL    ] | INFO | full_experiments_using.model_trainers.mobile_vit_trainer | Ep [047/500] T-Acc:  60.2%  V-Acc:  56.3%  V-AUROC: 0.5799  LR: 4.00e-05
2026-08-02 00:30:36,313 | [FULL    ] | INFO | full_experiments_using.model_trainers.mobile_vit_trainer | Ep [048/500] T-Acc:  61.5%  V-Acc:  56.5%  V-AUROC: 0.5837  LR: 4.00e-05
2026-08-02 00:30:50,627 | [FULL    ] | INFO | full_experiments_using.model_trainers.mobile_vit_trainer | Ep [049/500] T-Acc:  61.3%  V-Acc:  55.6%  V-AUROC: 0.5812  LR: 4.00e-05
2026-08-02 00:31:04,908 | [FULL    ] | INFO | full_experiments_using.model_trainers.mobile_vit_trainer | Ep [050/500] T-Acc:  60.5%  V-Acc:  55.7%  V-AUROC: 0.5796  LR: 4.00e-05
2026-08-02 00:31:04,908 | [FULL    ] | INFO | full_experiments_using.model_trainers.mobile_vit_trainer | Early stop — best AUROC 0.6147 at epoch 20 (no improvement for 30 epochs)
2026-08-02 00:31:04,908 | [FULL    ] | INFO | full_experiments_using.model_trainers.mobile_vit_trainer | Done. Best AUROC: 0.6147 (epoch 20) → /home/oem/choihyunsu/VOGBasedMCIDetection/outputs/checkpoints/run_20260801_202901_full_wvote_artifact30_4err/fold_19_best.pth
2026-08-02 00:31:09,804 | [FULL    ] | INFO | full_experiments_using.evaluators.monte_carlo_evaluator | -> Fold 20 Result | Acc=0.800 Sens=0.857 Spec=0.667 AUROC=0.952
2026-08-02 00:31:09,808 | [FULL    ] | INFO | full_experiments_using.evaluators.monte_carlo_evaluator | === Fold 21/30 | train: 25 subj (HC=8 MCI=17) / 3872 win | test: 12 subj (HC=6 MCI=6) / 1843 win ===
2026-08-02 00:31:10,040 | [FULL    ] | INFO | httpx | HTTP Request: HEAD https://huggingface.co/apple/mobilevit-small/resolve/main/config.json "HTTP/1.1 307 Temporary Redirect"
2026-08-02 00:31:10,094 | [FULL    ] | INFO | httpx | HTTP Request: HEAD https://huggingface.co/api/resolve-cache/models/apple/mobilevit-small/6c8612545dc98676d27bc518fa521d9e9af23e34/config.json "HTTP/1.1 200 OK"
2026-08-02 00:31:10,342 | [FULL    ] | INFO | httpx | HTTP Request: HEAD https://huggingface.co/apple/mobilevit-small/resolve/main/model.safetensors "HTTP/1.1 404 Not Found"
2026-08-02 00:31:10,573 | [FULL    ] | INFO | httpx | HTTP Request: HEAD https://huggingface.co/apple/mobilevit-small/resolve/main/model.safetensors.index.json "HTTP/1.1 404 Not Found"
2026-08-02 00:31:10,782 | [FULL    ] | INFO | httpx | HTTP Request: HEAD https://huggingface.co/apple/mobilevit-small/resolve/main/pytorch_model.bin "HTTP/1.1 302 Found"
2026-08-02 00:31:10,978 | [FULL    ] | INFO | httpx | HTTP Request: HEAD https://huggingface.co/apple/mobilevit-small/resolve/main/model.safetensors "HTTP/1.1 404 Not Found"
2026-08-02 00:31:11,187 | [FULL    ] | INFO | httpx | HTTP Request: GET https://huggingface.co/api/models/apple/mobilevit-small "HTTP/1.1 200 OK"
2026-08-02 00:31:11,411 | [FULL    ] | INFO | httpx | HTTP Request: GET https://huggingface.co/api/models/apple/mobilevit-small/commits/main "HTTP/1.1 200 OK"
2026-08-02 00:31:11,486 | [FULL    ] | INFO | full_experiments_using.model_trainers.mobile_vit_trainer | Device: cuda | max_epochs=500 | batch=32 | eval_batch=256 | es_patience=30
2026-08-02 00:31:11,491 | [FULL    ] | INFO | full_experiments_using.model_trainers.mobile_vit_trainer | CE weights — HC: 1.321  MCI: 0.805
2026-08-02 00:31:11,634 | [FULL    ] | INFO | httpx | HTTP Request: GET https://huggingface.co/api/models/apple/mobilevit-small/discussions?p=0 "HTTP/1.1 200 OK"
2026-08-02 00:31:11,846 | [FULL    ] | INFO | httpx | HTTP Request: GET https://huggingface.co/api/models/apple/mobilevit-small/commits/refs%2Fpr%2F6 "HTTP/1.1 200 OK"
2026-08-02 00:31:12,045 | [FULL    ] | INFO | httpx | HTTP Request: HEAD https://huggingface.co/apple/mobilevit-small/resolve/refs%2Fpr%2F6/model.safetensors.index.json "HTTP/1.1 404 Not Found"
2026-08-02 00:31:12,257 | [FULL    ] | INFO | httpx | HTTP Request: HEAD https://huggingface.co/apple/mobilevit-small/resolve/refs%2Fpr%2F6/model.safetensors "HTTP/1.1 302 Found"
2026-08-02 00:31:29,795 | [FULL    ] | INFO | full_experiments_using.model_trainers.mobile_vit_trainer | Ep [001/500] T-Acc:  57.6%  V-Acc:  46.1%  V-AUROC: 0.4916  LR: 2.00e-04
2026-08-02 00:31:29,838 | [FULL    ] | INFO | full_experiments_using.model_trainers.mobile_vit_trainer |   ↳ new best AUROC; saved checkpoint: /home/oem/choihyunsu/VOGBasedMCIDetection/outputs/checkpoints/run_20260801_202901_full_wvote_artifact30_4err/fold_20_best.pth
2026-08-02 00:31:44,040 | [FULL    ] | INFO | full_experiments_using.model_trainers.mobile_vit_trainer | Ep [002/500] T-Acc:  58.1%  V-Acc:  46.3%  V-AUROC: 0.5003  LR: 4.00e-04
2026-08-02 00:31:44,157 | [FULL    ] | INFO | full_experiments_using.model_trainers.mobile_vit_trainer |   ↳ new best AUROC; saved checkpoint: /home/oem/choihyunsu/VOGBasedMCIDetection/outputs/checkpoints/run_20260801_202901_full_wvote_artifact30_4err/fold_20_best.pth
2026-08-02 00:31:58,362 | [FULL    ] | INFO | full_experiments_using.model_trainers.mobile_vit_trainer | Ep [003/500] T-Acc:  56.1%  V-Acc:  47.2%  V-AUROC: 0.5140  LR: 6.00e-04
2026-08-02 00:31:58,485 | [FULL    ] | INFO | full_experiments_using.model_trainers.mobile_vit_trainer |   ↳ new best AUROC; saved checkpoint: /home/oem/choihyunsu/VOGBasedMCIDetection/outputs/checkpoints/run_20260801_202901_full_wvote_artifact30_4err/fold_20_best.pth
2026-08-02 00:32:12,700 | [FULL    ] | INFO | full_experiments_using.model_trainers.mobile_vit_trainer | Ep [004/500] T-Acc:  56.7%  V-Acc:  48.3%  V-AUROC: 0.5116  LR: 8.00e-04
2026-08-02 00:32:26,917 | [FULL    ] | INFO | full_experiments_using.model_trainers.mobile_vit_trainer | Ep [005/500] T-Acc:  56.5%  V-Acc:  48.0%  V-AUROC: 0.5216  LR: 1.00e-03
2026-08-02 00:32:27,032 | [FULL    ] | INFO | full_experiments_using.model_trainers.mobile_vit_trainer |   ↳ new best AUROC; saved checkpoint: /home/oem/choihyunsu/VOGBasedMCIDetection/outputs/checkpoints/run_20260801_202901_full_wvote_artifact30_4err/fold_20_best.pth
2026-08-02 00:32:41,280 | [FULL    ] | INFO | full_experiments_using.model_trainers.mobile_vit_trainer | Ep [006/500] T-Acc:  56.5%  V-Acc:  49.2%  V-AUROC: 0.5334  LR: 1.00e-03
2026-08-02 00:32:41,386 | [FULL    ] | INFO | full_experiments_using.model_trainers.mobile_vit_trainer |   ↳ new best AUROC; saved checkpoint: /home/oem/choihyunsu/VOGBasedMCIDetection/outputs/checkpoints/run_20260801_202901_full_wvote_artifact30_4err/fold_20_best.pth
2026-08-02 00:32:53,842 | [FULL    ] | INFO | full_experiments_using.model_trainers.mobile_vit_trainer | Ep [007/500] T-Acc:  55.3%  V-Acc:  48.8%  V-AUROC: 0.5249  LR: 1.00e-03
2026-08-02 00:33:06,195 | [FULL    ] | INFO | full_experiments_using.model_trainers.mobile_vit_trainer | Ep [008/500] T-Acc:  56.2%  V-Acc:  48.6%  V-AUROC: 0.5309  LR: 1.00e-03
2026-08-02 00:33:20,033 | [FULL    ] | INFO | full_experiments_using.model_trainers.mobile_vit_trainer | Ep [009/500] T-Acc:  57.1%  V-Acc:  53.1%  V-AUROC: 0.5540  LR: 1.00e-03
2026-08-02 00:33:20,149 | [FULL    ] | INFO | full_experiments_using.model_trainers.mobile_vit_trainer |   ↳ new best AUROC; saved checkpoint: /home/oem/choihyunsu/VOGBasedMCIDetection/outputs/checkpoints/run_20260801_202901_full_wvote_artifact30_4err/fold_20_best.pth
2026-08-02 00:33:34,299 | [FULL    ] | INFO | full_experiments_using.model_trainers.mobile_vit_trainer | Ep [010/500] T-Acc:  56.6%  V-Acc:  53.1%  V-AUROC: 0.5620  LR: 1.00e-03
2026-08-02 00:33:34,417 | [FULL    ] | INFO | full_experiments_using.model_trainers.mobile_vit_trainer |   ↳ new best AUROC; saved checkpoint: /home/oem/choihyunsu/VOGBasedMCIDetection/outputs/checkpoints/run_20260801_202901_full_wvote_artifact30_4err/fold_20_best.pth
2026-08-02 00:33:48,539 | [FULL    ] | INFO | full_experiments_using.model_trainers.mobile_vit_trainer | Ep [011/500] T-Acc:  56.4%  V-Acc:  52.6%  V-AUROC: 0.5550  LR: 1.00e-03
2026-08-02 00:34:02,917 | [FULL    ] | INFO | full_experiments_using.model_trainers.mobile_vit_trainer | Ep [012/500] T-Acc:  57.3%  V-Acc:  53.8%  V-AUROC: 0.5532  LR: 1.00e-03
2026-08-02 00:34:16,992 | [FULL    ] | INFO | full_experiments_using.model_trainers.mobile_vit_trainer | Ep [013/500] T-Acc:  57.9%  V-Acc:  52.3%  V-AUROC: 0.5379  LR: 1.00e-03
2026-08-02 00:34:31,081 | [FULL    ] | INFO | full_experiments_using.model_trainers.mobile_vit_trainer | Ep [014/500] T-Acc:  58.2%  V-Acc:  53.5%  V-AUROC: 0.5548  LR: 1.00e-03
2026-08-02 00:34:45,334 | [FULL    ] | INFO | full_experiments_using.model_trainers.mobile_vit_trainer | Ep [015/500] T-Acc:  58.9%  V-Acc:  52.6%  V-AUROC: 0.5449  LR: 1.00e-03
2026-08-02 00:34:59,516 | [FULL    ] | INFO | full_experiments_using.model_trainers.mobile_vit_trainer | Ep [016/500] T-Acc:  58.7%  V-Acc:  52.7%  V-AUROC: 0.5478  LR: 1.00e-03
2026-08-02 00:35:13,680 | [FULL    ] | INFO | full_experiments_using.model_trainers.mobile_vit_trainer | Ep [017/500] T-Acc:  58.4%  V-Acc:  52.8%  V-AUROC: 0.5577  LR: 1.00e-03
2026-08-02 00:35:28,058 | [FULL    ] | INFO | full_experiments_using.model_trainers.mobile_vit_trainer | Ep [018/500] T-Acc:  58.9%  V-Acc:  51.9%  V-AUROC: 0.5414  LR: 1.00e-03
2026-08-02 00:35:42,308 | [FULL    ] | INFO | full_experiments_using.model_trainers.mobile_vit_trainer | Ep [019/500] T-Acc:  61.4%  V-Acc:  52.1%  V-AUROC: 0.5464  LR: 1.00e-03
2026-08-02 00:35:56,697 | [FULL    ] | INFO | full_experiments_using.model_trainers.mobile_vit_trainer | Ep [020/500] T-Acc:  61.1%  V-Acc:  51.1%  V-AUROC: 0.5442  LR: 1.00e-03
2026-08-02 00:36:11,005 | [FULL    ] | INFO | full_experiments_using.model_trainers.mobile_vit_trainer | Ep [021/500] T-Acc:  60.3%  V-Acc:  51.9%  V-AUROC: 0.5354  LR: 1.00e-03
2026-08-02 00:36:25,365 | [FULL    ] | INFO | full_experiments_using.model_trainers.mobile_vit_trainer | Ep [022/500] T-Acc:  60.5%  V-Acc:  52.1%  V-AUROC: 0.5338  LR: 2.00e-04
2026-08-02 00:36:39,555 | [FULL    ] | INFO | full_experiments_using.model_trainers.mobile_vit_trainer | Ep [023/500] T-Acc:  61.1%  V-Acc:  51.8%  V-AUROC: 0.5371  LR: 2.00e-04
2026-08-02 00:36:53,941 | [FULL    ] | INFO | full_experiments_using.model_trainers.mobile_vit_trainer | Ep [024/500] T-Acc:  61.5%  V-Acc:  51.5%  V-AUROC: 0.5330  LR: 2.00e-04
2026-08-02 00:37:08,463 | [FULL    ] | INFO | full_experiments_using.model_trainers.mobile_vit_trainer | Ep [025/500] T-Acc:  61.2%  V-Acc:  52.5%  V-AUROC: 0.5370  LR: 2.00e-04
2026-08-02 00:37:23,145 | [FULL    ] | INFO | full_experiments_using.model_trainers.mobile_vit_trainer | Ep [026/500] T-Acc:  60.8%  V-Acc:  51.8%  V-AUROC: 0.5415  LR: 2.00e-04
2026-08-02 00:37:37,303 | [FULL    ] | INFO | full_experiments_using.model_trainers.mobile_vit_trainer | Ep [027/500] T-Acc:  61.4%  V-Acc:  52.5%  V-AUROC: 0.5386  LR: 2.00e-04
2026-08-02 00:37:51,410 | [FULL    ] | INFO | full_experiments_using.model_trainers.mobile_vit_trainer | Ep [028/500] T-Acc:  60.3%  V-Acc:  51.5%  V-AUROC: 0.5345  LR: 2.00e-04
2026-08-02 00:38:05,718 | [FULL    ] | INFO | full_experiments_using.model_trainers.mobile_vit_trainer | Ep [029/500] T-Acc:  61.3%  V-Acc:  51.3%  V-AUROC: 0.5351  LR: 2.00e-04
2026-08-02 00:38:19,924 | [FULL    ] | INFO | full_experiments_using.model_trainers.mobile_vit_trainer | Ep [030/500] T-Acc:  60.8%  V-Acc:  50.9%  V-AUROC: 0.5332  LR: 2.00e-04
2026-08-02 00:38:34,119 | [FULL    ] | INFO | full_experiments_using.model_trainers.mobile_vit_trainer | Ep [031/500] T-Acc:  61.1%  V-Acc:  52.1%  V-AUROC: 0.5376  LR: 2.00e-04
2026-08-02 00:38:48,316 | [FULL    ] | INFO | full_experiments_using.model_trainers.mobile_vit_trainer | Ep [032/500] T-Acc:  62.3%  V-Acc:  51.6%  V-AUROC: 0.5341  LR: 2.00e-04
2026-08-02 00:39:02,383 | [FULL    ] | INFO | full_experiments_using.model_trainers.mobile_vit_trainer | Ep [033/500] T-Acc:  61.1%  V-Acc:  51.7%  V-AUROC: 0.5355  LR: 4.00e-05
2026-08-02 00:39:16,561 | [FULL    ] | INFO | full_experiments_using.model_trainers.mobile_vit_trainer | Ep [034/500] T-Acc:  60.5%  V-Acc:  51.2%  V-AUROC: 0.5357  LR: 4.00e-05
2026-08-02 00:39:30,963 | [FULL    ] | INFO | full_experiments_using.model_trainers.mobile_vit_trainer | Ep [035/500] T-Acc:  60.6%  V-Acc:  50.7%  V-AUROC: 0.5332  LR: 4.00e-05
2026-08-02 00:39:45,281 | [FULL    ] | INFO | full_experiments_using.model_trainers.mobile_vit_trainer | Ep [036/500] T-Acc:  61.1%  V-Acc:  51.2%  V-AUROC: 0.5347  LR: 4.00e-05
2026-08-02 00:39:59,476 | [FULL    ] | INFO | full_experiments_using.model_trainers.mobile_vit_trainer | Ep [037/500] T-Acc:  60.8%  V-Acc:  51.5%  V-AUROC: 0.5350  LR: 4.00e-05
2026-08-02 00:40:13,719 | [FULL    ] | INFO | full_experiments_using.model_trainers.mobile_vit_trainer | Ep [038/500] T-Acc:  61.0%  V-Acc:  52.0%  V-AUROC: 0.5372  LR: 4.00e-05
2026-08-02 00:40:27,860 | [FULL    ] | INFO | full_experiments_using.model_trainers.mobile_vit_trainer | Ep [039/500] T-Acc:  62.2%  V-Acc:  51.1%  V-AUROC: 0.5354  LR: 4.00e-05
2026-08-02 00:40:42,061 | [FULL    ] | INFO | full_experiments_using.model_trainers.mobile_vit_trainer | Ep [040/500] T-Acc:  61.9%  V-Acc:  51.7%  V-AUROC: 0.5371  LR: 4.00e-05
2026-08-02 00:40:42,061 | [FULL    ] | INFO | full_experiments_using.model_trainers.mobile_vit_trainer | Early stop — best AUROC 0.5620 at epoch 10 (no improvement for 30 epochs)
2026-08-02 00:40:42,061 | [FULL    ] | INFO | full_experiments_using.model_trainers.mobile_vit_trainer | Done. Best AUROC: 0.5620 (epoch 10) → /home/oem/choihyunsu/VOGBasedMCIDetection/outputs/checkpoints/run_20260801_202901_full_wvote_artifact30_4err/fold_20_best.pth
2026-08-02 00:40:46,177 | [FULL    ] | INFO | full_experiments_using.evaluators.monte_carlo_evaluator | -> Fold 21 Result | Acc=0.636 Sens=1.000 Spec=0.200 AUROC=0.567
2026-08-02 00:40:46,181 | [FULL    ] | INFO | full_experiments_using.evaluators.monte_carlo_evaluator | === Fold 22/30 | train: 25 subj (HC=9 MCI=16) / 3837 win | test: 12 subj (HC=5 MCI=7) / 1878 win ===
2026-08-02 00:40:46,405 | [FULL    ] | INFO | httpx | HTTP Request: HEAD https://huggingface.co/apple/mobilevit-small/resolve/main/config.json "HTTP/1.1 307 Temporary Redirect"
2026-08-02 00:40:46,416 | [FULL    ] | INFO | httpx | HTTP Request: HEAD https://huggingface.co/api/resolve-cache/models/apple/mobilevit-small/6c8612545dc98676d27bc518fa521d9e9af23e34/config.json "HTTP/1.1 200 OK"
2026-08-02 00:40:46,656 | [FULL    ] | INFO | httpx | HTTP Request: HEAD https://huggingface.co/apple/mobilevit-small/resolve/main/model.safetensors "HTTP/1.1 404 Not Found"
2026-08-02 00:40:46,867 | [FULL    ] | INFO | httpx | HTTP Request: HEAD https://huggingface.co/apple/mobilevit-small/resolve/main/model.safetensors.index.json "HTTP/1.1 404 Not Found"
2026-08-02 00:40:47,070 | [FULL    ] | INFO | httpx | HTTP Request: HEAD https://huggingface.co/apple/mobilevit-small/resolve/main/pytorch_model.bin "HTTP/1.1 302 Found"
2026-08-02 00:40:47,320 | [FULL    ] | INFO | httpx | HTTP Request: HEAD https://huggingface.co/apple/mobilevit-small/resolve/main/model.safetensors "HTTP/1.1 404 Not Found"
2026-08-02 00:40:47,538 | [FULL    ] | INFO | httpx | HTTP Request: GET https://huggingface.co/api/models/apple/mobilevit-small "HTTP/1.1 200 OK"
2026-08-02 00:40:47,768 | [FULL    ] | INFO | httpx | HTTP Request: GET https://huggingface.co/api/models/apple/mobilevit-small/commits/main "HTTP/1.1 200 OK"
2026-08-02 00:40:47,846 | [FULL    ] | INFO | full_experiments_using.model_trainers.mobile_vit_trainer | Device: cuda | max_epochs=500 | batch=32 | eval_batch=256 | es_patience=30
2026-08-02 00:40:47,851 | [FULL    ] | INFO | full_experiments_using.model_trainers.mobile_vit_trainer | CE weights — HC: 1.204  MCI: 0.855
2026-08-02 00:40:47,986 | [FULL    ] | INFO | httpx | HTTP Request: GET https://huggingface.co/api/models/apple/mobilevit-small/discussions?p=0 "HTTP/1.1 200 OK"
2026-08-02 00:40:48,197 | [FULL    ] | INFO | httpx | HTTP Request: GET https://huggingface.co/api/models/apple/mobilevit-small/commits/refs%2Fpr%2F6 "HTTP/1.1 200 OK"
2026-08-02 00:40:48,397 | [FULL    ] | INFO | httpx | HTTP Request: HEAD https://huggingface.co/apple/mobilevit-small/resolve/refs%2Fpr%2F6/model.safetensors.index.json "HTTP/1.1 404 Not Found"
2026-08-02 00:40:48,606 | [FULL    ] | INFO | httpx | HTTP Request: HEAD https://huggingface.co/apple/mobilevit-small/resolve/refs%2Fpr%2F6/model.safetensors "HTTP/1.1 302 Found"
2026-08-02 00:41:07,647 | [FULL    ] | INFO | full_experiments_using.model_trainers.mobile_vit_trainer | Ep [001/500] T-Acc:  48.5%  V-Acc:  47.1%  V-AUROC: 0.4635  LR: 2.00e-04
2026-08-02 00:41:07,691 | [FULL    ] | INFO | full_experiments_using.model_trainers.mobile_vit_trainer |   ↳ new best AUROC; saved checkpoint: /home/oem/choihyunsu/VOGBasedMCIDetection/outputs/checkpoints/run_20260801_202901_full_wvote_artifact30_4err/fold_21_best.pth
2026-08-02 00:41:21,760 | [FULL    ] | INFO | full_experiments_using.model_trainers.mobile_vit_trainer | Ep [002/500] T-Acc:  48.9%  V-Acc:  50.2%  V-AUROC: 0.4968  LR: 4.00e-04
2026-08-02 00:41:21,874 | [FULL    ] | INFO | full_experiments_using.model_trainers.mobile_vit_trainer |   ↳ new best AUROC; saved checkpoint: /home/oem/choihyunsu/VOGBasedMCIDetection/outputs/checkpoints/run_20260801_202901_full_wvote_artifact30_4err/fold_21_best.pth
2026-08-02 00:41:35,953 | [FULL    ] | INFO | full_experiments_using.model_trainers.mobile_vit_trainer | Ep [003/500] T-Acc:  50.5%  V-Acc:  50.9%  V-AUROC: 0.5119  LR: 6.00e-04
2026-08-02 00:41:36,069 | [FULL    ] | INFO | full_experiments_using.model_trainers.mobile_vit_trainer |   ↳ new best AUROC; saved checkpoint: /home/oem/choihyunsu/VOGBasedMCIDetection/outputs/checkpoints/run_20260801_202901_full_wvote_artifact30_4err/fold_21_best.pth
2026-08-02 00:41:50,079 | [FULL    ] | INFO | full_experiments_using.model_trainers.mobile_vit_trainer | Ep [004/500] T-Acc:  50.9%  V-Acc:  51.6%  V-AUROC: 0.5176  LR: 8.00e-04
2026-08-02 00:41:50,198 | [FULL    ] | INFO | full_experiments_using.model_trainers.mobile_vit_trainer |   ↳ new best AUROC; saved checkpoint: /home/oem/choihyunsu/VOGBasedMCIDetection/outputs/checkpoints/run_20260801_202901_full_wvote_artifact30_4err/fold_21_best.pth
2026-08-02 00:42:04,240 | [FULL    ] | INFO | full_experiments_using.model_trainers.mobile_vit_trainer | Ep [005/500] T-Acc:  53.2%  V-Acc:  52.7%  V-AUROC: 0.5326  LR: 1.00e-03
2026-08-02 00:42:04,355 | [FULL    ] | INFO | full_experiments_using.model_trainers.mobile_vit_trainer |   ↳ new best AUROC; saved checkpoint: /home/oem/choihyunsu/VOGBasedMCIDetection/outputs/checkpoints/run_20260801_202901_full_wvote_artifact30_4err/fold_21_best.pth
2026-08-02 00:42:18,430 | [FULL    ] | INFO | full_experiments_using.model_trainers.mobile_vit_trainer | Ep [006/500] T-Acc:  54.1%  V-Acc:  54.3%  V-AUROC: 0.5496  LR: 1.00e-03
2026-08-02 00:42:18,546 | [FULL    ] | INFO | full_experiments_using.model_trainers.mobile_vit_trainer |   ↳ new best AUROC; saved checkpoint: /home/oem/choihyunsu/VOGBasedMCIDetection/outputs/checkpoints/run_20260801_202901_full_wvote_artifact30_4err/fold_21_best.pth
2026-08-02 00:42:32,619 | [FULL    ] | INFO | full_experiments_using.model_trainers.mobile_vit_trainer | Ep [007/500] T-Acc:  55.4%  V-Acc:  54.6%  V-AUROC: 0.5616  LR: 1.00e-03
2026-08-02 00:42:32,707 | [FULL    ] | INFO | full_experiments_using.model_trainers.mobile_vit_trainer |   ↳ new best AUROC; saved checkpoint: /home/oem/choihyunsu/VOGBasedMCIDetection/outputs/checkpoints/run_20260801_202901_full_wvote_artifact30_4err/fold_21_best.pth
2026-08-02 00:42:46,769 | [FULL    ] | INFO | full_experiments_using.model_trainers.mobile_vit_trainer | Ep [008/500] T-Acc:  55.4%  V-Acc:  54.8%  V-AUROC: 0.5633  LR: 1.00e-03
2026-08-02 00:42:46,882 | [FULL    ] | INFO | full_experiments_using.model_trainers.mobile_vit_trainer |   ↳ new best AUROC; saved checkpoint: /home/oem/choihyunsu/VOGBasedMCIDetection/outputs/checkpoints/run_20260801_202901_full_wvote_artifact30_4err/fold_21_best.pth
2026-08-02 00:43:00,904 | [FULL    ] | INFO | full_experiments_using.model_trainers.mobile_vit_trainer | Ep [009/500] T-Acc:  56.2%  V-Acc:  55.6%  V-AUROC: 0.5734  LR: 1.00e-03
2026-08-02 00:43:01,021 | [FULL    ] | INFO | full_experiments_using.model_trainers.mobile_vit_trainer |   ↳ new best AUROC; saved checkpoint: /home/oem/choihyunsu/VOGBasedMCIDetection/outputs/checkpoints/run_20260801_202901_full_wvote_artifact30_4err/fold_21_best.pth
2026-08-02 00:43:15,064 | [FULL    ] | INFO | full_experiments_using.model_trainers.mobile_vit_trainer | Ep [010/500] T-Acc:  56.8%  V-Acc:  55.6%  V-AUROC: 0.5756  LR: 1.00e-03
2026-08-02 00:43:15,177 | [FULL    ] | INFO | full_experiments_using.model_trainers.mobile_vit_trainer |   ↳ new best AUROC; saved checkpoint: /home/oem/choihyunsu/VOGBasedMCIDetection/outputs/checkpoints/run_20260801_202901_full_wvote_artifact30_4err/fold_21_best.pth
2026-08-02 00:43:29,290 | [FULL    ] | INFO | full_experiments_using.model_trainers.mobile_vit_trainer | Ep [011/500] T-Acc:  57.9%  V-Acc:  55.6%  V-AUROC: 0.5875  LR: 1.00e-03
2026-08-02 00:43:29,406 | [FULL    ] | INFO | full_experiments_using.model_trainers.mobile_vit_trainer |   ↳ new best AUROC; saved checkpoint: /home/oem/choihyunsu/VOGBasedMCIDetection/outputs/checkpoints/run_20260801_202901_full_wvote_artifact30_4err/fold_21_best.pth
2026-08-02 00:43:43,624 | [FULL    ] | INFO | full_experiments_using.model_trainers.mobile_vit_trainer | Ep [012/500] T-Acc:  58.1%  V-Acc:  56.3%  V-AUROC: 0.5878  LR: 1.00e-03
2026-08-02 00:43:43,738 | [FULL    ] | INFO | full_experiments_using.model_trainers.mobile_vit_trainer |   ↳ new best AUROC; saved checkpoint: /home/oem/choihyunsu/VOGBasedMCIDetection/outputs/checkpoints/run_20260801_202901_full_wvote_artifact30_4err/fold_21_best.pth
2026-08-02 00:43:57,783 | [FULL    ] | INFO | full_experiments_using.model_trainers.mobile_vit_trainer | Ep [013/500] T-Acc:  57.9%  V-Acc:  57.0%  V-AUROC: 0.5866  LR: 1.00e-03
2026-08-02 00:44:11,832 | [FULL    ] | INFO | full_experiments_using.model_trainers.mobile_vit_trainer | Ep [014/500] T-Acc:  57.3%  V-Acc:  55.6%  V-AUROC: 0.5841  LR: 1.00e-03
2026-08-02 00:44:25,915 | [FULL    ] | INFO | full_experiments_using.model_trainers.mobile_vit_trainer | Ep [015/500] T-Acc:  58.2%  V-Acc:  58.1%  V-AUROC: 0.5902  LR: 1.00e-03
2026-08-02 00:44:26,031 | [FULL    ] | INFO | full_experiments_using.model_trainers.mobile_vit_trainer |   ↳ new best AUROC; saved checkpoint: /home/oem/choihyunsu/VOGBasedMCIDetection/outputs/checkpoints/run_20260801_202901_full_wvote_artifact30_4err/fold_21_best.pth
2026-08-02 00:44:40,056 | [FULL    ] | INFO | full_experiments_using.model_trainers.mobile_vit_trainer | Ep [016/500] T-Acc:  58.8%  V-Acc:  57.5%  V-AUROC: 0.5919  LR: 1.00e-03
2026-08-02 00:44:40,173 | [FULL    ] | INFO | full_experiments_using.model_trainers.mobile_vit_trainer |   ↳ new best AUROC; saved checkpoint: /home/oem/choihyunsu/VOGBasedMCIDetection/outputs/checkpoints/run_20260801_202901_full_wvote_artifact30_4err/fold_21_best.pth
2026-08-02 00:44:54,353 | [FULL    ] | INFO | full_experiments_using.model_trainers.mobile_vit_trainer | Ep [017/500] T-Acc:  58.0%  V-Acc:  56.1%  V-AUROC: 0.5920  LR: 1.00e-03
2026-08-02 00:44:54,471 | [FULL    ] | INFO | full_experiments_using.model_trainers.mobile_vit_trainer |   ↳ new best AUROC; saved checkpoint: /home/oem/choihyunsu/VOGBasedMCIDetection/outputs/checkpoints/run_20260801_202901_full_wvote_artifact30_4err/fold_21_best.pth
2026-08-02 00:45:08,501 | [FULL    ] | INFO | full_experiments_using.model_trainers.mobile_vit_trainer | Ep [018/500] T-Acc:  59.3%  V-Acc:  57.0%  V-AUROC: 0.5889  LR: 1.00e-03
2026-08-02 00:45:22,713 | [FULL    ] | INFO | full_experiments_using.model_trainers.mobile_vit_trainer | Ep [019/500] T-Acc:  58.2%  V-Acc:  55.2%  V-AUROC: 0.5850  LR: 1.00e-03
2026-08-02 00:45:36,917 | [FULL    ] | INFO | full_experiments_using.model_trainers.mobile_vit_trainer | Ep [020/500] T-Acc:  58.2%  V-Acc:  55.7%  V-AUROC: 0.5752  LR: 1.00e-03
2026-08-02 00:45:51,108 | [FULL    ] | INFO | full_experiments_using.model_trainers.mobile_vit_trainer | Ep [021/500] T-Acc:  58.6%  V-Acc:  56.8%  V-AUROC: 0.5960  LR: 1.00e-03
2026-08-02 00:45:51,222 | [FULL    ] | INFO | full_experiments_using.model_trainers.mobile_vit_trainer |   ↳ new best AUROC; saved checkpoint: /home/oem/choihyunsu/VOGBasedMCIDetection/outputs/checkpoints/run_20260801_202901_full_wvote_artifact30_4err/fold_21_best.pth
2026-08-02 00:46:05,275 | [FULL    ] | INFO | full_experiments_using.model_trainers.mobile_vit_trainer | Ep [022/500] T-Acc:  59.8%  V-Acc:  56.7%  V-AUROC: 0.5856  LR: 1.00e-03
2026-08-02 00:46:19,297 | [FULL    ] | INFO | full_experiments_using.model_trainers.mobile_vit_trainer | Ep [023/500] T-Acc:  60.1%  V-Acc:  55.6%  V-AUROC: 0.5785  LR: 1.00e-03
2026-08-02 00:46:33,309 | [FULL    ] | INFO | full_experiments_using.model_trainers.mobile_vit_trainer | Ep [024/500] T-Acc:  59.4%  V-Acc:  55.8%  V-AUROC: 0.5783  LR: 1.00e-03
2026-08-02 00:46:47,346 | [FULL    ] | INFO | full_experiments_using.model_trainers.mobile_vit_trainer | Ep [025/500] T-Acc:  59.1%  V-Acc:  56.8%  V-AUROC: 0.5763  LR: 1.00e-03
2026-08-02 00:47:01,379 | [FULL    ] | INFO | full_experiments_using.model_trainers.mobile_vit_trainer | Ep [026/500] T-Acc:  61.4%  V-Acc:  55.3%  V-AUROC: 0.5771  LR: 1.00e-03
2026-08-02 00:47:15,459 | [FULL    ] | INFO | full_experiments_using.model_trainers.mobile_vit_trainer | Ep [027/500] T-Acc:  61.0%  V-Acc:  55.1%  V-AUROC: 0.5754  LR: 1.00e-03
2026-08-02 00:47:27,122 | [FULL    ] | INFO | full_experiments_using.model_trainers.mobile_vit_trainer | Ep [028/500] T-Acc:  61.0%  V-Acc:  55.5%  V-AUROC: 0.5761  LR: 1.00e-03
2026-08-02 00:47:39,813 | [FULL    ] | INFO | full_experiments_using.model_trainers.mobile_vit_trainer | Ep [029/500] T-Acc:  60.8%  V-Acc:  55.3%  V-AUROC: 0.5760  LR: 1.00e-03
2026-08-02 00:47:52,979 | [FULL    ] | INFO | full_experiments_using.model_trainers.mobile_vit_trainer | Ep [030/500] T-Acc:  61.2%  V-Acc:  55.6%  V-AUROC: 0.5762  LR: 1.00e-03
2026-08-02 00:48:06,981 | [FULL    ] | INFO | full_experiments_using.model_trainers.mobile_vit_trainer | Ep [031/500] T-Acc:  60.5%  V-Acc:  55.4%  V-AUROC: 0.5694  LR: 1.00e-03
2026-08-02 00:48:20,913 | [FULL    ] | INFO | full_experiments_using.model_trainers.mobile_vit_trainer | Ep [032/500] T-Acc:  60.4%  V-Acc:  55.2%  V-AUROC: 0.5702  LR: 1.00e-03
2026-08-02 00:48:35,031 | [FULL    ] | INFO | full_experiments_using.model_trainers.mobile_vit_trainer | Ep [033/500] T-Acc:  60.8%  V-Acc:  55.3%  V-AUROC: 0.5706  LR: 2.00e-04
2026-08-02 00:48:48,973 | [FULL    ] | INFO | full_experiments_using.model_trainers.mobile_vit_trainer | Ep [034/500] T-Acc:  61.0%  V-Acc:  55.1%  V-AUROC: 0.5722  LR: 2.00e-04
2026-08-02 00:49:02,922 | [FULL    ] | INFO | full_experiments_using.model_trainers.mobile_vit_trainer | Ep [035/500] T-Acc:  61.8%  V-Acc:  55.3%  V-AUROC: 0.5705  LR: 2.00e-04
2026-08-02 00:49:16,950 | [FULL    ] | INFO | full_experiments_using.model_trainers.mobile_vit_trainer | Ep [036/500] T-Acc:  61.6%  V-Acc:  55.2%  V-AUROC: 0.5725  LR: 2.00e-04
2026-08-02 00:49:31,151 | [FULL    ] | INFO | full_experiments_using.model_trainers.mobile_vit_trainer | Ep [037/500] T-Acc:  62.5%  V-Acc:  55.6%  V-AUROC: 0.5727  LR: 2.00e-04
2026-08-02 00:49:45,062 | [FULL    ] | INFO | full_experiments_using.model_trainers.mobile_vit_trainer | Ep [038/500] T-Acc:  61.3%  V-Acc:  55.7%  V-AUROC: 0.5730  LR: 2.00e-04
2026-08-02 00:49:59,334 | [FULL    ] | INFO | full_experiments_using.model_trainers.mobile_vit_trainer | Ep [039/500] T-Acc:  61.9%  V-Acc:  55.4%  V-AUROC: 0.5719  LR: 2.00e-04
2026-08-02 00:50:13,553 | [FULL    ] | INFO | full_experiments_using.model_trainers.mobile_vit_trainer | Ep [040/500] T-Acc:  62.4%  V-Acc:  55.8%  V-AUROC: 0.5745  LR: 2.00e-04
2026-08-02 00:50:27,561 | [FULL    ] | INFO | full_experiments_using.model_trainers.mobile_vit_trainer | Ep [041/500] T-Acc:  62.2%  V-Acc:  55.8%  V-AUROC: 0.5762  LR: 2.00e-04
2026-08-02 00:50:41,588 | [FULL    ] | INFO | full_experiments_using.model_trainers.mobile_vit_trainer | Ep [042/500] T-Acc:  60.7%  V-Acc:  56.0%  V-AUROC: 0.5746  LR: 2.00e-04
2026-08-02 00:50:55,577 | [FULL    ] | INFO | full_experiments_using.model_trainers.mobile_vit_trainer | Ep [043/500] T-Acc:  61.8%  V-Acc:  55.3%  V-AUROC: 0.5736  LR: 2.00e-04
2026-08-02 00:51:09,517 | [FULL    ] | INFO | full_experiments_using.model_trainers.mobile_vit_trainer | Ep [044/500] T-Acc:  61.2%  V-Acc:  55.3%  V-AUROC: 0.5733  LR: 4.00e-05
2026-08-02 00:51:23,773 | [FULL    ] | INFO | full_experiments_using.model_trainers.mobile_vit_trainer | Ep [045/500] T-Acc:  61.2%  V-Acc:  55.4%  V-AUROC: 0.5718  LR: 4.00e-05
2026-08-02 00:51:37,852 | [FULL    ] | INFO | full_experiments_using.model_trainers.mobile_vit_trainer | Ep [046/500] T-Acc:  62.2%  V-Acc:  54.9%  V-AUROC: 0.5712  LR: 4.00e-05
2026-08-02 00:51:51,954 | [FULL    ] | INFO | full_experiments_using.model_trainers.mobile_vit_trainer | Ep [047/500] T-Acc:  61.9%  V-Acc:  55.9%  V-AUROC: 0.5746  LR: 4.00e-05
2026-08-02 00:52:05,982 | [FULL    ] | INFO | full_experiments_using.model_trainers.mobile_vit_trainer | Ep [048/500] T-Acc:  60.9%  V-Acc:  55.6%  V-AUROC: 0.5714  LR: 4.00e-05
2026-08-02 00:52:19,903 | [FULL    ] | INFO | full_experiments_using.model_trainers.mobile_vit_trainer | Ep [049/500] T-Acc:  61.4%  V-Acc:  55.3%  V-AUROC: 0.5718  LR: 4.00e-05
2026-08-02 00:52:33,928 | [FULL    ] | INFO | full_experiments_using.model_trainers.mobile_vit_trainer | Ep [050/500] T-Acc:  61.7%  V-Acc:  55.3%  V-AUROC: 0.5719  LR: 4.00e-05
2026-08-02 00:52:47,978 | [FULL    ] | INFO | full_experiments_using.model_trainers.mobile_vit_trainer | Ep [051/500] T-Acc:  61.4%  V-Acc:  55.3%  V-AUROC: 0.5713  LR: 4.00e-05
2026-08-02 00:52:47,978 | [FULL    ] | INFO | full_experiments_using.model_trainers.mobile_vit_trainer | Early stop — best AUROC 0.5960 at epoch 21 (no improvement for 30 epochs)
2026-08-02 00:52:47,978 | [FULL    ] | INFO | full_experiments_using.model_trainers.mobile_vit_trainer | Done. Best AUROC: 0.5960 (epoch 21) → /home/oem/choihyunsu/VOGBasedMCIDetection/outputs/checkpoints/run_20260801_202901_full_wvote_artifact30_4err/fold_21_best.pth
2026-08-02 00:52:52,379 | [FULL    ] | INFO | full_experiments_using.evaluators.monte_carlo_evaluator | -> Fold 22 Result | Acc=0.727 Sens=0.571 Spec=1.000 AUROC=0.964
2026-08-02 00:52:52,386 | [FULL    ] | INFO | full_experiments_using.evaluators.monte_carlo_evaluator | === Fold 23/30 | train: 25 subj (HC=9 MCI=16) / 3847 win | test: 12 subj (HC=5 MCI=7) / 1868 win ===
2026-08-02 00:52:52,605 | [FULL    ] | INFO | httpx | HTTP Request: HEAD https://huggingface.co/apple/mobilevit-small/resolve/main/config.json "HTTP/1.1 307 Temporary Redirect"
2026-08-02 00:52:52,614 | [FULL    ] | INFO | httpx | HTTP Request: HEAD https://huggingface.co/api/resolve-cache/models/apple/mobilevit-small/6c8612545dc98676d27bc518fa521d9e9af23e34/config.json "HTTP/1.1 200 OK"
2026-08-02 00:52:52,848 | [FULL    ] | INFO | httpx | HTTP Request: HEAD https://huggingface.co/apple/mobilevit-small/resolve/main/model.safetensors "HTTP/1.1 404 Not Found"
2026-08-02 00:52:53,054 | [FULL    ] | INFO | httpx | HTTP Request: HEAD https://huggingface.co/apple/mobilevit-small/resolve/main/model.safetensors.index.json "HTTP/1.1 404 Not Found"
2026-08-02 00:52:53,274 | [FULL    ] | INFO | httpx | HTTP Request: HEAD https://huggingface.co/apple/mobilevit-small/resolve/main/pytorch_model.bin "HTTP/1.1 302 Found"
2026-08-02 00:52:53,475 | [FULL    ] | INFO | httpx | HTTP Request: HEAD https://huggingface.co/apple/mobilevit-small/resolve/main/model.safetensors "HTTP/1.1 404 Not Found"
2026-08-02 00:52:53,684 | [FULL    ] | INFO | httpx | HTTP Request: GET https://huggingface.co/api/models/apple/mobilevit-small "HTTP/1.1 200 OK"
2026-08-02 00:52:53,902 | [FULL    ] | INFO | httpx | HTTP Request: GET https://huggingface.co/api/models/apple/mobilevit-small/commits/main "HTTP/1.1 200 OK"
2026-08-02 00:52:54,007 | [FULL    ] | INFO | full_experiments_using.model_trainers.mobile_vit_trainer | Device: cuda | max_epochs=500 | batch=32 | eval_batch=256 | es_patience=30
2026-08-02 00:52:54,010 | [FULL    ] | INFO | full_experiments_using.model_trainers.mobile_vit_trainer | CE weights — HC: 1.196  MCI: 0.859
2026-08-02 00:52:54,114 | [FULL    ] | INFO | httpx | HTTP Request: GET https://huggingface.co/api/models/apple/mobilevit-small/discussions?p=0 "HTTP/1.1 200 OK"
2026-08-02 00:52:54,335 | [FULL    ] | INFO | httpx | HTTP Request: GET https://huggingface.co/api/models/apple/mobilevit-small/commits/refs%2Fpr%2F6 "HTTP/1.1 200 OK"
2026-08-02 00:52:54,542 | [FULL    ] | INFO | httpx | HTTP Request: HEAD https://huggingface.co/apple/mobilevit-small/resolve/refs%2Fpr%2F6/model.safetensors.index.json "HTTP/1.1 404 Not Found"
2026-08-02 00:52:54,755 | [FULL    ] | INFO | httpx | HTTP Request: HEAD https://huggingface.co/apple/mobilevit-small/resolve/refs%2Fpr%2F6/model.safetensors "HTTP/1.1 302 Found"
2026-08-02 00:53:13,387 | [FULL    ] | INFO | full_experiments_using.model_trainers.mobile_vit_trainer | Ep [001/500] T-Acc:  50.9%  V-Acc:  48.1%  V-AUROC: 0.4666  LR: 2.00e-04
2026-08-02 00:53:13,430 | [FULL    ] | INFO | full_experiments_using.model_trainers.mobile_vit_trainer |   ↳ new best AUROC; saved checkpoint: /home/oem/choihyunsu/VOGBasedMCIDetection/outputs/checkpoints/run_20260801_202901_full_wvote_artifact30_4err/fold_22_best.pth
2026-08-02 00:53:27,624 | [FULL    ] | INFO | full_experiments_using.model_trainers.mobile_vit_trainer | Ep [002/500] T-Acc:  51.3%  V-Acc:  48.5%  V-AUROC: 0.4746  LR: 4.00e-04
2026-08-02 00:53:27,738 | [FULL    ] | INFO | full_experiments_using.model_trainers.mobile_vit_trainer |   ↳ new best AUROC; saved checkpoint: /home/oem/choihyunsu/VOGBasedMCIDetection/outputs/checkpoints/run_20260801_202901_full_wvote_artifact30_4err/fold_22_best.pth
2026-08-02 00:53:42,034 | [FULL    ] | INFO | full_experiments_using.model_trainers.mobile_vit_trainer | Ep [003/500] T-Acc:  49.8%  V-Acc:  50.0%  V-AUROC: 0.4911  LR: 6.00e-04
2026-08-02 00:53:42,150 | [FULL    ] | INFO | full_experiments_using.model_trainers.mobile_vit_trainer |   ↳ new best AUROC; saved checkpoint: /home/oem/choihyunsu/VOGBasedMCIDetection/outputs/checkpoints/run_20260801_202901_full_wvote_artifact30_4err/fold_22_best.pth
2026-08-02 00:53:56,298 | [FULL    ] | INFO | full_experiments_using.model_trainers.mobile_vit_trainer | Ep [004/500] T-Acc:  51.8%  V-Acc:  50.1%  V-AUROC: 0.5096  LR: 8.00e-04
2026-08-02 00:53:56,412 | [FULL    ] | INFO | full_experiments_using.model_trainers.mobile_vit_trainer |   ↳ new best AUROC; saved checkpoint: /home/oem/choihyunsu/VOGBasedMCIDetection/outputs/checkpoints/run_20260801_202901_full_wvote_artifact30_4err/fold_22_best.pth
2026-08-02 00:54:10,674 | [FULL    ] | INFO | full_experiments_using.model_trainers.mobile_vit_trainer | Ep [005/500] T-Acc:  53.6%  V-Acc:  50.0%  V-AUROC: 0.5045  LR: 1.00e-03
2026-08-02 00:54:24,792 | [FULL    ] | INFO | full_experiments_using.model_trainers.mobile_vit_trainer | Ep [006/500] T-Acc:  52.7%  V-Acc:  52.4%  V-AUROC: 0.5413  LR: 1.00e-03
2026-08-02 00:54:24,907 | [FULL    ] | INFO | full_experiments_using.model_trainers.mobile_vit_trainer |   ↳ new best AUROC; saved checkpoint: /home/oem/choihyunsu/VOGBasedMCIDetection/outputs/checkpoints/run_20260801_202901_full_wvote_artifact30_4err/fold_22_best.pth
2026-08-02 00:54:39,192 | [FULL    ] | INFO | full_experiments_using.model_trainers.mobile_vit_trainer | Ep [007/500] T-Acc:  54.0%  V-Acc:  52.5%  V-AUROC: 0.5400  LR: 1.00e-03
2026-08-02 00:54:53,304 | [FULL    ] | INFO | full_experiments_using.model_trainers.mobile_vit_trainer | Ep [008/500] T-Acc:  54.6%  V-Acc:  53.8%  V-AUROC: 0.5575  LR: 1.00e-03
2026-08-02 00:54:53,420 | [FULL    ] | INFO | full_experiments_using.model_trainers.mobile_vit_trainer |   ↳ new best AUROC; saved checkpoint: /home/oem/choihyunsu/VOGBasedMCIDetection/outputs/checkpoints/run_20260801_202901_full_wvote_artifact30_4err/fold_22_best.pth
2026-08-02 00:55:07,538 | [FULL    ] | INFO | full_experiments_using.model_trainers.mobile_vit_trainer | Ep [009/500] T-Acc:  56.0%  V-Acc:  53.7%  V-AUROC: 0.5501  LR: 1.00e-03
2026-08-02 00:55:21,648 | [FULL    ] | INFO | full_experiments_using.model_trainers.mobile_vit_trainer | Ep [010/500] T-Acc:  55.1%  V-Acc:  52.2%  V-AUROC: 0.5481  LR: 1.00e-03
2026-08-02 00:55:35,955 | [FULL    ] | INFO | full_experiments_using.model_trainers.mobile_vit_trainer | Ep [011/500] T-Acc:  55.5%  V-Acc:  53.7%  V-AUROC: 0.5517  LR: 1.00e-03
2026-08-02 00:55:50,075 | [FULL    ] | INFO | full_experiments_using.model_trainers.mobile_vit_trainer | Ep [012/500] T-Acc:  57.2%  V-Acc:  53.4%  V-AUROC: 0.5546  LR: 1.00e-03
2026-08-02 00:56:04,256 | [FULL    ] | INFO | full_experiments_using.model_trainers.mobile_vit_trainer | Ep [013/500] T-Acc:  57.9%  V-Acc:  53.3%  V-AUROC: 0.5601  LR: 1.00e-03
2026-08-02 00:56:04,371 | [FULL    ] | INFO | full_experiments_using.model_trainers.mobile_vit_trainer |   ↳ new best AUROC; saved checkpoint: /home/oem/choihyunsu/VOGBasedMCIDetection/outputs/checkpoints/run_20260801_202901_full_wvote_artifact30_4err/fold_22_best.pth
2026-08-02 00:56:18,407 | [FULL    ] | INFO | full_experiments_using.model_trainers.mobile_vit_trainer | Ep [014/500] T-Acc:  56.4%  V-Acc:  53.2%  V-AUROC: 0.5490  LR: 1.00e-03
2026-08-02 00:56:32,547 | [FULL    ] | INFO | full_experiments_using.model_trainers.mobile_vit_trainer | Ep [015/500] T-Acc:  57.6%  V-Acc:  51.7%  V-AUROC: 0.5502  LR: 1.00e-03
2026-08-02 00:56:46,809 | [FULL    ] | INFO | full_experiments_using.model_trainers.mobile_vit_trainer | Ep [016/500] T-Acc:  58.2%  V-Acc:  53.9%  V-AUROC: 0.5730  LR: 1.00e-03
2026-08-02 00:56:46,883 | [FULL    ] | INFO | full_experiments_using.model_trainers.mobile_vit_trainer |   ↳ new best AUROC; saved checkpoint: /home/oem/choihyunsu/VOGBasedMCIDetection/outputs/checkpoints/run_20260801_202901_full_wvote_artifact30_4err/fold_22_best.pth
2026-08-02 00:57:01,001 | [FULL    ] | INFO | full_experiments_using.model_trainers.mobile_vit_trainer | Ep [017/500] T-Acc:  58.2%  V-Acc:  54.1%  V-AUROC: 0.5697  LR: 1.00e-03
2026-08-02 00:57:15,286 | [FULL    ] | INFO | full_experiments_using.model_trainers.mobile_vit_trainer | Ep [018/500] T-Acc:  57.9%  V-Acc:  54.1%  V-AUROC: 0.5694  LR: 1.00e-03
2026-08-02 00:57:29,398 | [FULL    ] | INFO | full_experiments_using.model_trainers.mobile_vit_trainer | Ep [019/500] T-Acc:  59.2%  V-Acc:  54.8%  V-AUROC: 0.5764  LR: 1.00e-03
2026-08-02 00:57:29,524 | [FULL    ] | INFO | full_experiments_using.model_trainers.mobile_vit_trainer |   ↳ new best AUROC; saved checkpoint: /home/oem/choihyunsu/VOGBasedMCIDetection/outputs/checkpoints/run_20260801_202901_full_wvote_artifact30_4err/fold_22_best.pth
2026-08-02 00:57:43,934 | [FULL    ] | INFO | full_experiments_using.model_trainers.mobile_vit_trainer | Ep [020/500] T-Acc:  59.1%  V-Acc:  54.2%  V-AUROC: 0.5695  LR: 1.00e-03
2026-08-02 00:57:58,330 | [FULL    ] | INFO | full_experiments_using.model_trainers.mobile_vit_trainer | Ep [021/500] T-Acc:  60.4%  V-Acc:  54.1%  V-AUROC: 0.5648  LR: 1.00e-03
2026-08-02 00:58:12,479 | [FULL    ] | INFO | full_experiments_using.model_trainers.mobile_vit_trainer | Ep [022/500] T-Acc:  59.7%  V-Acc:  54.9%  V-AUROC: 0.5651  LR: 1.00e-03
2026-08-02 00:58:26,586 | [FULL    ] | INFO | full_experiments_using.model_trainers.mobile_vit_trainer | Ep [023/500] T-Acc:  58.9%  V-Acc:  54.2%  V-AUROC: 0.5644  LR: 1.00e-03
2026-08-02 00:58:40,700 | [FULL    ] | INFO | full_experiments_using.model_trainers.mobile_vit_trainer | Ep [024/500] T-Acc:  60.3%  V-Acc:  53.8%  V-AUROC: 0.5666  LR: 1.00e-03
2026-08-02 00:58:54,879 | [FULL    ] | INFO | full_experiments_using.model_trainers.mobile_vit_trainer | Ep [025/500] T-Acc:  60.2%  V-Acc:  54.2%  V-AUROC: 0.5668  LR: 1.00e-03
2026-08-02 00:59:09,010 | [FULL    ] | INFO | full_experiments_using.model_trainers.mobile_vit_trainer | Ep [026/500] T-Acc:  60.3%  V-Acc:  53.7%  V-AUROC: 0.5684  LR: 1.00e-03
2026-08-02 00:59:23,120 | [FULL    ] | INFO | full_experiments_using.model_trainers.mobile_vit_trainer | Ep [027/500] T-Acc:  61.8%  V-Acc:  53.7%  V-AUROC: 0.5649  LR: 1.00e-03
2026-08-02 00:59:37,239 | [FULL    ] | INFO | full_experiments_using.model_trainers.mobile_vit_trainer | Ep [028/500] T-Acc:  61.3%  V-Acc:  54.2%  V-AUROC: 0.5647  LR: 1.00e-03
2026-08-02 00:59:51,317 | [FULL    ] | INFO | full_experiments_using.model_trainers.mobile_vit_trainer | Ep [029/500] T-Acc:  61.2%  V-Acc:  55.5%  V-AUROC: 0.5745  LR: 1.00e-03
2026-08-02 01:00:04,639 | [FULL    ] | INFO | full_experiments_using.model_trainers.mobile_vit_trainer | Ep [030/500] T-Acc:  60.8%  V-Acc:  54.1%  V-AUROC: 0.5612  LR: 1.00e-03
2026-08-02 01:00:17,049 | [FULL    ] | INFO | full_experiments_using.model_trainers.mobile_vit_trainer | Ep [031/500] T-Acc:  61.0%  V-Acc:  54.0%  V-AUROC: 0.5651  LR: 2.00e-04
2026-08-02 01:00:30,905 | [FULL    ] | INFO | full_experiments_using.model_trainers.mobile_vit_trainer | Ep [032/500] T-Acc:  61.4%  V-Acc:  53.5%  V-AUROC: 0.5645  LR: 2.00e-04
2026-08-02 01:00:44,786 | [FULL    ] | INFO | full_experiments_using.model_trainers.mobile_vit_trainer | Ep [033/500] T-Acc:  61.8%  V-Acc:  53.9%  V-AUROC: 0.5650  LR: 2.00e-04
2026-08-02 01:00:58,830 | [FULL    ] | INFO | full_experiments_using.model_trainers.mobile_vit_trainer | Ep [034/500] T-Acc:  61.4%  V-Acc:  53.6%  V-AUROC: 0.5644  LR: 2.00e-04
2026-08-02 01:01:12,848 | [FULL    ] | INFO | full_experiments_using.model_trainers.mobile_vit_trainer | Ep [035/500] T-Acc:  60.2%  V-Acc:  53.9%  V-AUROC: 0.5635  LR: 2.00e-04
2026-08-02 01:01:26,979 | [FULL    ] | INFO | full_experiments_using.model_trainers.mobile_vit_trainer | Ep [036/500] T-Acc:  61.5%  V-Acc:  54.0%  V-AUROC: 0.5652  LR: 2.00e-04
2026-08-02 01:01:41,207 | [FULL    ] | INFO | full_experiments_using.model_trainers.mobile_vit_trainer | Ep [037/500] T-Acc:  61.4%  V-Acc:  54.3%  V-AUROC: 0.5649  LR: 2.00e-04
2026-08-02 01:01:55,318 | [FULL    ] | INFO | full_experiments_using.model_trainers.mobile_vit_trainer | Ep [038/500] T-Acc:  60.6%  V-Acc:  54.7%  V-AUROC: 0.5652  LR: 2.00e-04
2026-08-02 01:02:09,417 | [FULL    ] | INFO | full_experiments_using.model_trainers.mobile_vit_trainer | Ep [039/500] T-Acc:  61.6%  V-Acc:  53.4%  V-AUROC: 0.5636  LR: 2.00e-04
2026-08-02 01:02:23,627 | [FULL    ] | INFO | full_experiments_using.model_trainers.mobile_vit_trainer | Ep [040/500] T-Acc:  61.4%  V-Acc:  54.1%  V-AUROC: 0.5631  LR: 2.00e-04
2026-08-02 01:02:38,831 | [FULL    ] | INFO | full_experiments_using.model_trainers.mobile_vit_trainer | Ep [041/500] T-Acc:  61.3%  V-Acc:  54.4%  V-AUROC: 0.5653  LR: 2.00e-04
2026-08-02 01:02:53,145 | [FULL    ] | INFO | full_experiments_using.model_trainers.mobile_vit_trainer | Ep [042/500] T-Acc:  61.4%  V-Acc:  54.3%  V-AUROC: 0.5663  LR: 4.00e-05
2026-08-02 01:03:08,818 | [FULL    ] | INFO | full_experiments_using.model_trainers.mobile_vit_trainer | Ep [043/500] T-Acc:  62.9%  V-Acc:  54.6%  V-AUROC: 0.5656  LR: 4.00e-05
2026-08-02 01:03:23,722 | [FULL    ] | INFO | full_experiments_using.model_trainers.mobile_vit_trainer | Ep [044/500] T-Acc:  61.6%  V-Acc:  54.3%  V-AUROC: 0.5662  LR: 4.00e-05
2026-08-02 01:03:37,417 | [FULL    ] | INFO | full_experiments_using.model_trainers.mobile_vit_trainer | Ep [045/500] T-Acc:  61.6%  V-Acc:  54.6%  V-AUROC: 0.5662  LR: 4.00e-05
2026-08-02 01:03:50,317 | [FULL    ] | INFO | full_experiments_using.model_trainers.mobile_vit_trainer | Ep [046/500] T-Acc:  61.5%  V-Acc:  54.3%  V-AUROC: 0.5644  LR: 4.00e-05
2026-08-02 01:04:04,546 | [FULL    ] | INFO | full_experiments_using.model_trainers.mobile_vit_trainer | Ep [047/500] T-Acc:  61.8%  V-Acc:  54.1%  V-AUROC: 0.5655  LR: 4.00e-05
2026-08-02 01:04:19,070 | [FULL    ] | INFO | full_experiments_using.model_trainers.mobile_vit_trainer | Ep [048/500] T-Acc:  60.9%  V-Acc:  54.1%  V-AUROC: 0.5635  LR: 4.00e-05
2026-08-02 01:04:33,395 | [FULL    ] | INFO | full_experiments_using.model_trainers.mobile_vit_trainer | Ep [049/500] T-Acc:  61.3%  V-Acc:  54.7%  V-AUROC: 0.5650  LR: 4.00e-05
2026-08-02 01:04:33,395 | [FULL    ] | INFO | full_experiments_using.model_trainers.mobile_vit_trainer | Early stop — best AUROC 0.5764 at epoch 19 (no improvement for 30 epochs)
2026-08-02 01:04:33,395 | [FULL    ] | INFO | full_experiments_using.model_trainers.mobile_vit_trainer | Done. Best AUROC: 0.5764 (epoch 19) → /home/oem/choihyunsu/VOGBasedMCIDetection/outputs/checkpoints/run_20260801_202901_full_wvote_artifact30_4err/fold_22_best.pth
2026-08-02 01:04:37,668 | [FULL    ] | INFO | full_experiments_using.evaluators.monte_carlo_evaluator | -> Fold 23 Result | Acc=0.636 Sens=0.571 Spec=0.750 AUROC=0.750
2026-08-02 01:04:37,675 | [FULL    ] | INFO | full_experiments_using.evaluators.monte_carlo_evaluator | === Fold 24/30 | train: 25 subj (HC=9 MCI=16) / 3900 win | test: 12 subj (HC=5 MCI=7) / 1815 win ===
2026-08-02 01:04:37,941 | [FULL    ] | INFO | httpx | HTTP Request: HEAD https://huggingface.co/apple/mobilevit-small/resolve/main/config.json "HTTP/1.1 307 Temporary Redirect"
2026-08-02 01:04:37,955 | [FULL    ] | INFO | httpx | HTTP Request: HEAD https://huggingface.co/api/resolve-cache/models/apple/mobilevit-small/6c8612545dc98676d27bc518fa521d9e9af23e34/config.json "HTTP/1.1 200 OK"
2026-08-02 01:04:38,198 | [FULL    ] | INFO | httpx | HTTP Request: HEAD https://huggingface.co/apple/mobilevit-small/resolve/main/model.safetensors "HTTP/1.1 404 Not Found"
2026-08-02 01:04:38,412 | [FULL    ] | INFO | httpx | HTTP Request: HEAD https://huggingface.co/apple/mobilevit-small/resolve/main/model.safetensors.index.json "HTTP/1.1 404 Not Found"
2026-08-02 01:04:38,630 | [FULL    ] | INFO | httpx | HTTP Request: HEAD https://huggingface.co/apple/mobilevit-small/resolve/main/pytorch_model.bin "HTTP/1.1 302 Found"
2026-08-02 01:04:38,834 | [FULL    ] | INFO | httpx | HTTP Request: HEAD https://huggingface.co/apple/mobilevit-small/resolve/main/model.safetensors "HTTP/1.1 404 Not Found"
2026-08-02 01:04:39,050 | [FULL    ] | INFO | httpx | HTTP Request: GET https://huggingface.co/api/models/apple/mobilevit-small "HTTP/1.1 200 OK"
2026-08-02 01:04:39,270 | [FULL    ] | INFO | httpx | HTTP Request: GET https://huggingface.co/api/models/apple/mobilevit-small/commits/main "HTTP/1.1 200 OK"
2026-08-02 01:04:39,326 | [FULL    ] | INFO | full_experiments_using.model_trainers.mobile_vit_trainer | Device: cuda | max_epochs=500 | batch=32 | eval_batch=256 | es_patience=30
2026-08-02 01:04:39,332 | [FULL    ] | INFO | full_experiments_using.model_trainers.mobile_vit_trainer | CE weights — HC: 1.200  MCI: 0.857
2026-08-02 01:04:39,496 | [FULL    ] | INFO | httpx | HTTP Request: GET https://huggingface.co/api/models/apple/mobilevit-small/discussions?p=0 "HTTP/1.1 200 OK"
2026-08-02 01:04:39,724 | [FULL    ] | INFO | httpx | HTTP Request: GET https://huggingface.co/api/models/apple/mobilevit-small/commits/refs%2Fpr%2F6 "HTTP/1.1 200 OK"
2026-08-02 01:04:39,940 | [FULL    ] | INFO | httpx | HTTP Request: HEAD https://huggingface.co/apple/mobilevit-small/resolve/refs%2Fpr%2F6/model.safetensors.index.json "HTTP/1.1 404 Not Found"
2026-08-02 01:04:40,151 | [FULL    ] | INFO | httpx | HTTP Request: HEAD https://huggingface.co/apple/mobilevit-small/resolve/refs%2Fpr%2F6/model.safetensors "HTTP/1.1 302 Found"
2026-08-02 01:04:57,901 | [FULL    ] | INFO | full_experiments_using.model_trainers.mobile_vit_trainer | Ep [001/500] T-Acc:  50.1%  V-Acc:  48.2%  V-AUROC: 0.4519  LR: 2.00e-04
2026-08-02 01:04:57,960 | [FULL    ] | INFO | full_experiments_using.model_trainers.mobile_vit_trainer |   ↳ new best AUROC; saved checkpoint: /home/oem/choihyunsu/VOGBasedMCIDetection/outputs/checkpoints/run_20260801_202901_full_wvote_artifact30_4err/fold_23_best.pth
2026-08-02 01:05:12,149 | [FULL    ] | INFO | full_experiments_using.model_trainers.mobile_vit_trainer | Ep [002/500] T-Acc:  51.8%  V-Acc:  50.2%  V-AUROC: 0.4761  LR: 4.00e-04
2026-08-02 01:05:12,267 | [FULL    ] | INFO | full_experiments_using.model_trainers.mobile_vit_trainer |   ↳ new best AUROC; saved checkpoint: /home/oem/choihyunsu/VOGBasedMCIDetection/outputs/checkpoints/run_20260801_202901_full_wvote_artifact30_4err/fold_23_best.pth
2026-08-02 01:05:26,473 | [FULL    ] | INFO | full_experiments_using.model_trainers.mobile_vit_trainer | Ep [003/500] T-Acc:  52.0%  V-Acc:  51.0%  V-AUROC: 0.4797  LR: 6.00e-04
2026-08-02 01:05:26,591 | [FULL    ] | INFO | full_experiments_using.model_trainers.mobile_vit_trainer |   ↳ new best AUROC; saved checkpoint: /home/oem/choihyunsu/VOGBasedMCIDetection/outputs/checkpoints/run_20260801_202901_full_wvote_artifact30_4err/fold_23_best.pth
2026-08-02 01:05:40,939 | [FULL    ] | INFO | full_experiments_using.model_trainers.mobile_vit_trainer | Ep [004/500] T-Acc:  52.4%  V-Acc:  51.6%  V-AUROC: 0.5100  LR: 8.00e-04
2026-08-02 01:05:41,057 | [FULL    ] | INFO | full_experiments_using.model_trainers.mobile_vit_trainer |   ↳ new best AUROC; saved checkpoint: /home/oem/choihyunsu/VOGBasedMCIDetection/outputs/checkpoints/run_20260801_202901_full_wvote_artifact30_4err/fold_23_best.pth
2026-08-02 01:05:55,312 | [FULL    ] | INFO | full_experiments_using.model_trainers.mobile_vit_trainer | Ep [005/500] T-Acc:  51.9%  V-Acc:  51.4%  V-AUROC: 0.5233  LR: 1.00e-03
2026-08-02 01:05:55,413 | [FULL    ] | INFO | full_experiments_using.model_trainers.mobile_vit_trainer |   ↳ new best AUROC; saved checkpoint: /home/oem/choihyunsu/VOGBasedMCIDetection/outputs/checkpoints/run_20260801_202901_full_wvote_artifact30_4err/fold_23_best.pth
2026-08-02 01:06:09,590 | [FULL    ] | INFO | full_experiments_using.model_trainers.mobile_vit_trainer | Ep [006/500] T-Acc:  53.6%  V-Acc:  53.6%  V-AUROC: 0.5409  LR: 1.00e-03
2026-08-02 01:06:09,668 | [FULL    ] | INFO | full_experiments_using.model_trainers.mobile_vit_trainer |   ↳ new best AUROC; saved checkpoint: /home/oem/choihyunsu/VOGBasedMCIDetection/outputs/checkpoints/run_20260801_202901_full_wvote_artifact30_4err/fold_23_best.pth
2026-08-02 01:06:23,829 | [FULL    ] | INFO | full_experiments_using.model_trainers.mobile_vit_trainer | Ep [007/500] T-Acc:  54.4%  V-Acc:  54.0%  V-AUROC: 0.5488  LR: 1.00e-03
2026-08-02 01:06:23,946 | [FULL    ] | INFO | full_experiments_using.model_trainers.mobile_vit_trainer |   ↳ new best AUROC; saved checkpoint: /home/oem/choihyunsu/VOGBasedMCIDetection/outputs/checkpoints/run_20260801_202901_full_wvote_artifact30_4err/fold_23_best.pth
2026-08-02 01:06:38,123 | [FULL    ] | INFO | full_experiments_using.model_trainers.mobile_vit_trainer | Ep [008/500] T-Acc:  55.2%  V-Acc:  55.0%  V-AUROC: 0.5561  LR: 1.00e-03
2026-08-02 01:06:38,241 | [FULL    ] | INFO | full_experiments_using.model_trainers.mobile_vit_trainer |   ↳ new best AUROC; saved checkpoint: /home/oem/choihyunsu/VOGBasedMCIDetection/outputs/checkpoints/run_20260801_202901_full_wvote_artifact30_4err/fold_23_best.pth
2026-08-02 01:06:52,414 | [FULL    ] | INFO | full_experiments_using.model_trainers.mobile_vit_trainer | Ep [009/500] T-Acc:  55.1%  V-Acc:  55.1%  V-AUROC: 0.5485  LR: 1.00e-03
2026-08-02 01:07:06,511 | [FULL    ] | INFO | full_experiments_using.model_trainers.mobile_vit_trainer | Ep [010/500] T-Acc:  55.8%  V-Acc:  54.9%  V-AUROC: 0.5603  LR: 1.00e-03
2026-08-02 01:07:06,627 | [FULL    ] | INFO | full_experiments_using.model_trainers.mobile_vit_trainer |   ↳ new best AUROC; saved checkpoint: /home/oem/choihyunsu/VOGBasedMCIDetection/outputs/checkpoints/run_20260801_202901_full_wvote_artifact30_4err/fold_23_best.pth
2026-08-02 01:07:20,858 | [FULL    ] | INFO | full_experiments_using.model_trainers.mobile_vit_trainer | Ep [011/500] T-Acc:  56.2%  V-Acc:  54.8%  V-AUROC: 0.5595  LR: 1.00e-03
2026-08-02 01:07:35,058 | [FULL    ] | INFO | full_experiments_using.model_trainers.mobile_vit_trainer | Ep [012/500] T-Acc:  56.0%  V-Acc:  55.7%  V-AUROC: 0.5749  LR: 1.00e-03
2026-08-02 01:07:35,174 | [FULL    ] | INFO | full_experiments_using.model_trainers.mobile_vit_trainer |   ↳ new best AUROC; saved checkpoint: /home/oem/choihyunsu/VOGBasedMCIDetection/outputs/checkpoints/run_20260801_202901_full_wvote_artifact30_4err/fold_23_best.pth
2026-08-02 01:07:49,345 | [FULL    ] | INFO | full_experiments_using.model_trainers.mobile_vit_trainer | Ep [013/500] T-Acc:  56.4%  V-Acc:  54.5%  V-AUROC: 0.5679  LR: 1.00e-03
2026-08-02 01:08:03,593 | [FULL    ] | INFO | full_experiments_using.model_trainers.mobile_vit_trainer | Ep [014/500] T-Acc:  58.0%  V-Acc:  55.8%  V-AUROC: 0.5668  LR: 1.00e-03
2026-08-02 01:08:17,833 | [FULL    ] | INFO | full_experiments_using.model_trainers.mobile_vit_trainer | Ep [015/500] T-Acc:  59.2%  V-Acc:  55.1%  V-AUROC: 0.5628  LR: 1.00e-03
2026-08-02 01:08:32,021 | [FULL    ] | INFO | full_experiments_using.model_trainers.mobile_vit_trainer | Ep [016/500] T-Acc:  58.4%  V-Acc:  55.8%  V-AUROC: 0.5699  LR: 1.00e-03
2026-08-02 01:08:44,927 | [FULL    ] | INFO | full_experiments_using.model_trainers.mobile_vit_trainer | Ep [017/500] T-Acc:  58.8%  V-Acc:  56.5%  V-AUROC: 0.5705  LR: 1.00e-03
2026-08-02 01:08:58,918 | [FULL    ] | INFO | full_experiments_using.model_trainers.mobile_vit_trainer | Ep [018/500] T-Acc:  57.9%  V-Acc:  56.6%  V-AUROC: 0.5803  LR: 1.00e-03
2026-08-02 01:08:59,016 | [FULL    ] | INFO | full_experiments_using.model_trainers.mobile_vit_trainer |   ↳ new best AUROC; saved checkpoint: /home/oem/choihyunsu/VOGBasedMCIDetection/outputs/checkpoints/run_20260801_202901_full_wvote_artifact30_4err/fold_23_best.pth
2026-08-02 01:09:09,993 | [FULL    ] | INFO | full_experiments_using.model_trainers.mobile_vit_trainer | Ep [019/500] T-Acc:  58.4%  V-Acc:  55.8%  V-AUROC: 0.5689  LR: 1.00e-03
2026-08-02 01:09:24,042 | [FULL    ] | INFO | full_experiments_using.model_trainers.mobile_vit_trainer | Ep [020/500] T-Acc:  59.7%  V-Acc:  56.7%  V-AUROC: 0.5684  LR: 1.00e-03
2026-08-02 01:09:38,150 | [FULL    ] | INFO | full_experiments_using.model_trainers.mobile_vit_trainer | Ep [021/500] T-Acc:  58.8%  V-Acc:  55.0%  V-AUROC: 0.5687  LR: 1.00e-03
2026-08-02 01:09:53,368 | [FULL    ] | INFO | full_experiments_using.model_trainers.mobile_vit_trainer | Ep [022/500] T-Acc:  60.2%  V-Acc:  56.0%  V-AUROC: 0.5701  LR: 1.00e-03
2026-08-02 01:10:06,478 | [FULL    ] | INFO | full_experiments_using.model_trainers.mobile_vit_trainer | Ep [023/500] T-Acc:  60.6%  V-Acc:  55.8%  V-AUROC: 0.5639  LR: 1.00e-03
2026-08-02 01:10:19,736 | [FULL    ] | INFO | full_experiments_using.model_trainers.mobile_vit_trainer | Ep [024/500] T-Acc:  60.1%  V-Acc:  55.9%  V-AUROC: 0.5690  LR: 1.00e-03
2026-08-02 01:10:33,665 | [FULL    ] | INFO | full_experiments_using.model_trainers.mobile_vit_trainer | Ep [025/500] T-Acc:  61.1%  V-Acc:  56.1%  V-AUROC: 0.5695  LR: 1.00e-03
2026-08-02 01:10:46,749 | [FULL    ] | INFO | full_experiments_using.model_trainers.mobile_vit_trainer | Ep [026/500] T-Acc:  60.2%  V-Acc:  55.9%  V-AUROC: 0.5714  LR: 1.00e-03
2026-08-02 01:11:00,050 | [FULL    ] | INFO | full_experiments_using.model_trainers.mobile_vit_trainer | Ep [027/500] T-Acc:  60.4%  V-Acc:  55.2%  V-AUROC: 0.5659  LR: 1.00e-03
2026-08-02 01:11:15,608 | [FULL    ] | INFO | full_experiments_using.model_trainers.mobile_vit_trainer | Ep [028/500] T-Acc:  60.8%  V-Acc:  55.3%  V-AUROC: 0.5772  LR: 1.00e-03
2026-08-02 01:11:29,689 | [FULL    ] | INFO | full_experiments_using.model_trainers.mobile_vit_trainer | Ep [029/500] T-Acc:  60.6%  V-Acc:  55.7%  V-AUROC: 0.5693  LR: 1.00e-03
2026-08-02 01:11:43,912 | [FULL    ] | INFO | full_experiments_using.model_trainers.mobile_vit_trainer | Ep [030/500] T-Acc:  61.8%  V-Acc:  55.6%  V-AUROC: 0.5719  LR: 2.00e-04
2026-08-02 01:11:58,199 | [FULL    ] | INFO | full_experiments_using.model_trainers.mobile_vit_trainer | Ep [031/500] T-Acc:  61.2%  V-Acc:  55.9%  V-AUROC: 0.5706  LR: 2.00e-04
2026-08-02 01:12:12,497 | [FULL    ] | INFO | full_experiments_using.model_trainers.mobile_vit_trainer | Ep [032/500] T-Acc:  61.6%  V-Acc:  56.0%  V-AUROC: 0.5680  LR: 2.00e-04
2026-08-02 01:12:26,684 | [FULL    ] | INFO | full_experiments_using.model_trainers.mobile_vit_trainer | Ep [033/500] T-Acc:  61.8%  V-Acc:  55.5%  V-AUROC: 0.5689  LR: 2.00e-04
2026-08-02 01:12:40,622 | [FULL    ] | INFO | full_experiments_using.model_trainers.mobile_vit_trainer | Ep [034/500] T-Acc:  61.5%  V-Acc:  56.1%  V-AUROC: 0.5693  LR: 2.00e-04
2026-08-02 01:12:54,871 | [FULL    ] | INFO | full_experiments_using.model_trainers.mobile_vit_trainer | Ep [035/500] T-Acc:  61.6%  V-Acc:  55.9%  V-AUROC: 0.5680  LR: 2.00e-04
2026-08-02 01:13:08,983 | [FULL    ] | INFO | full_experiments_using.model_trainers.mobile_vit_trainer | Ep [036/500] T-Acc:  61.2%  V-Acc:  55.6%  V-AUROC: 0.5675  LR: 2.00e-04
2026-08-02 01:13:23,183 | [FULL    ] | INFO | full_experiments_using.model_trainers.mobile_vit_trainer | Ep [037/500] T-Acc:  61.8%  V-Acc:  55.4%  V-AUROC: 0.5629  LR: 2.00e-04
2026-08-02 01:13:37,425 | [FULL    ] | INFO | full_experiments_using.model_trainers.mobile_vit_trainer | Ep [038/500] T-Acc:  61.6%  V-Acc:  55.2%  V-AUROC: 0.5619  LR: 2.00e-04
2026-08-02 01:13:51,553 | [FULL    ] | INFO | full_experiments_using.model_trainers.mobile_vit_trainer | Ep [039/500] T-Acc:  61.7%  V-Acc:  55.5%  V-AUROC: 0.5650  LR: 2.00e-04
2026-08-02 01:14:05,585 | [FULL    ] | INFO | full_experiments_using.model_trainers.mobile_vit_trainer | Ep [040/500] T-Acc:  62.1%  V-Acc:  55.8%  V-AUROC: 0.5668  LR: 2.00e-04
2026-08-02 01:14:19,803 | [FULL    ] | INFO | full_experiments_using.model_trainers.mobile_vit_trainer | Ep [041/500] T-Acc:  62.6%  V-Acc:  55.7%  V-AUROC: 0.5678  LR: 4.00e-05
2026-08-02 01:14:34,215 | [FULL    ] | INFO | full_experiments_using.model_trainers.mobile_vit_trainer | Ep [042/500] T-Acc:  61.5%  V-Acc:  55.6%  V-AUROC: 0.5663  LR: 4.00e-05
2026-08-02 01:14:48,390 | [FULL    ] | INFO | full_experiments_using.model_trainers.mobile_vit_trainer | Ep [043/500] T-Acc:  61.8%  V-Acc:  54.9%  V-AUROC: 0.5648  LR: 4.00e-05
2026-08-02 01:15:02,548 | [FULL    ] | INFO | full_experiments_using.model_trainers.mobile_vit_trainer | Ep [044/500] T-Acc:  62.7%  V-Acc:  55.8%  V-AUROC: 0.5644  LR: 4.00e-05
2026-08-02 01:15:16,697 | [FULL    ] | INFO | full_experiments_using.model_trainers.mobile_vit_trainer | Ep [045/500] T-Acc:  61.7%  V-Acc:  55.8%  V-AUROC: 0.5665  LR: 4.00e-05
2026-08-02 01:15:30,637 | [FULL    ] | INFO | full_experiments_using.model_trainers.mobile_vit_trainer | Ep [046/500] T-Acc:  63.3%  V-Acc:  55.3%  V-AUROC: 0.5654  LR: 4.00e-05
2026-08-02 01:15:45,713 | [FULL    ] | INFO | full_experiments_using.model_trainers.mobile_vit_trainer | Ep [047/500] T-Acc:  63.0%  V-Acc:  55.6%  V-AUROC: 0.5658  LR: 4.00e-05
2026-08-02 01:16:00,054 | [FULL    ] | INFO | full_experiments_using.model_trainers.mobile_vit_trainer | Ep [048/500] T-Acc:  62.0%  V-Acc:  55.6%  V-AUROC: 0.5657  LR: 4.00e-05
2026-08-02 01:16:00,054 | [FULL    ] | INFO | full_experiments_using.model_trainers.mobile_vit_trainer | Early stop — best AUROC 0.5803 at epoch 18 (no improvement for 30 epochs)
2026-08-02 01:16:00,054 | [FULL    ] | INFO | full_experiments_using.model_trainers.mobile_vit_trainer | Done. Best AUROC: 0.5803 (epoch 18) → /home/oem/choihyunsu/VOGBasedMCIDetection/outputs/checkpoints/run_20260801_202901_full_wvote_artifact30_4err/fold_23_best.pth
2026-08-02 01:16:03,702 | [FULL    ] | INFO | full_experiments_using.evaluators.monte_carlo_evaluator | -> Fold 24 Result | Acc=0.500 Sens=0.500 Spec=0.500 AUROC=0.750
2026-08-02 01:16:03,708 | [FULL    ] | INFO | full_experiments_using.evaluators.monte_carlo_evaluator | === Fold 25/30 | train: 25 subj (HC=10 MCI=15) / 3799 win | test: 12 subj (HC=4 MCI=8) / 1916 win ===
2026-08-02 01:16:03,949 | [FULL    ] | INFO | httpx | HTTP Request: HEAD https://huggingface.co/apple/mobilevit-small/resolve/main/config.json "HTTP/1.1 307 Temporary Redirect"
2026-08-02 01:16:03,964 | [FULL    ] | INFO | httpx | HTTP Request: HEAD https://huggingface.co/api/resolve-cache/models/apple/mobilevit-small/6c8612545dc98676d27bc518fa521d9e9af23e34/config.json "HTTP/1.1 200 OK"
2026-08-02 01:16:04,216 | [FULL    ] | INFO | httpx | HTTP Request: HEAD https://huggingface.co/apple/mobilevit-small/resolve/main/model.safetensors "HTTP/1.1 404 Not Found"
2026-08-02 01:16:04,419 | [FULL    ] | INFO | httpx | HTTP Request: HEAD https://huggingface.co/apple/mobilevit-small/resolve/main/model.safetensors.index.json "HTTP/1.1 404 Not Found"
2026-08-02 01:16:04,627 | [FULL    ] | INFO | httpx | HTTP Request: HEAD https://huggingface.co/apple/mobilevit-small/resolve/main/pytorch_model.bin "HTTP/1.1 302 Found"
2026-08-02 01:16:04,837 | [FULL    ] | INFO | httpx | HTTP Request: HEAD https://huggingface.co/apple/mobilevit-small/resolve/main/model.safetensors "HTTP/1.1 404 Not Found"
2026-08-02 01:16:05,046 | [FULL    ] | INFO | httpx | HTTP Request: GET https://huggingface.co/api/models/apple/mobilevit-small "HTTP/1.1 200 OK"
2026-08-02 01:16:05,217 | [FULL    ] | INFO | full_experiments_using.model_trainers.mobile_vit_trainer | Device: cuda | max_epochs=500 | batch=32 | eval_batch=256 | es_patience=30
2026-08-02 01:16:05,224 | [FULL    ] | INFO | full_experiments_using.model_trainers.mobile_vit_trainer | CE weights — HC: 1.076  MCI: 0.934
2026-08-02 01:16:05,285 | [FULL    ] | INFO | httpx | HTTP Request: GET https://huggingface.co/api/models/apple/mobilevit-small/commits/main "HTTP/1.1 200 OK"
2026-08-02 01:16:05,509 | [FULL    ] | INFO | httpx | HTTP Request: GET https://huggingface.co/api/models/apple/mobilevit-small/discussions?p=0 "HTTP/1.1 200 OK"
2026-08-02 01:16:05,726 | [FULL    ] | INFO | httpx | HTTP Request: GET https://huggingface.co/api/models/apple/mobilevit-small/commits/refs%2Fpr%2F6 "HTTP/1.1 200 OK"
2026-08-02 01:16:05,934 | [FULL    ] | INFO | httpx | HTTP Request: HEAD https://huggingface.co/apple/mobilevit-small/resolve/refs%2Fpr%2F6/model.safetensors.index.json "HTTP/1.1 404 Not Found"
2026-08-02 01:16:06,160 | [FULL    ] | INFO | httpx | HTTP Request: HEAD https://huggingface.co/apple/mobilevit-small/resolve/refs%2Fpr%2F6/model.safetensors "HTTP/1.1 302 Found"
2026-08-02 01:16:27,179 | [FULL    ] | INFO | full_experiments_using.model_trainers.mobile_vit_trainer | Ep [001/500] T-Acc:  49.9%  V-Acc:  48.5%  V-AUROC: 0.4946  LR: 2.00e-04
2026-08-02 01:16:27,240 | [FULL    ] | INFO | full_experiments_using.model_trainers.mobile_vit_trainer |   ↳ new best AUROC; saved checkpoint: /home/oem/choihyunsu/VOGBasedMCIDetection/outputs/checkpoints/run_20260801_202901_full_wvote_artifact30_4err/fold_24_best.pth
2026-08-02 01:16:41,109 | [FULL    ] | INFO | full_experiments_using.model_trainers.mobile_vit_trainer | Ep [002/500] T-Acc:  51.4%  V-Acc:  49.7%  V-AUROC: 0.4972  LR: 4.00e-04
2026-08-02 01:16:41,228 | [FULL    ] | INFO | full_experiments_using.model_trainers.mobile_vit_trainer |   ↳ new best AUROC; saved checkpoint: /home/oem/choihyunsu/VOGBasedMCIDetection/outputs/checkpoints/run_20260801_202901_full_wvote_artifact30_4err/fold_24_best.pth
2026-08-02 01:16:55,361 | [FULL    ] | INFO | full_experiments_using.model_trainers.mobile_vit_trainer | Ep [003/500] T-Acc:  50.5%  V-Acc:  50.2%  V-AUROC: 0.4939  LR: 6.00e-04
2026-08-02 01:17:09,467 | [FULL    ] | INFO | full_experiments_using.model_trainers.mobile_vit_trainer | Ep [004/500] T-Acc:  51.1%  V-Acc:  49.4%  V-AUROC: 0.5233  LR: 8.00e-04
2026-08-02 01:17:09,602 | [FULL    ] | INFO | full_experiments_using.model_trainers.mobile_vit_trainer |   ↳ new best AUROC; saved checkpoint: /home/oem/choihyunsu/VOGBasedMCIDetection/outputs/checkpoints/run_20260801_202901_full_wvote_artifact30_4err/fold_24_best.pth
2026-08-02 01:17:23,576 | [FULL    ] | INFO | full_experiments_using.model_trainers.mobile_vit_trainer | Ep [005/500] T-Acc:  52.4%  V-Acc:  52.7%  V-AUROC: 0.5226  LR: 1.00e-03
2026-08-02 01:17:37,699 | [FULL    ] | INFO | full_experiments_using.model_trainers.mobile_vit_trainer | Ep [006/500] T-Acc:  53.4%  V-Acc:  51.5%  V-AUROC: 0.5487  LR: 1.00e-03
2026-08-02 01:17:37,816 | [FULL    ] | INFO | full_experiments_using.model_trainers.mobile_vit_trainer |   ↳ new best AUROC; saved checkpoint: /home/oem/choihyunsu/VOGBasedMCIDetection/outputs/checkpoints/run_20260801_202901_full_wvote_artifact30_4err/fold_24_best.pth
2026-08-02 01:17:52,115 | [FULL    ] | INFO | full_experiments_using.model_trainers.mobile_vit_trainer | Ep [007/500] T-Acc:  53.7%  V-Acc:  54.6%  V-AUROC: 0.5572  LR: 1.00e-03
2026-08-02 01:17:52,234 | [FULL    ] | INFO | full_experiments_using.model_trainers.mobile_vit_trainer |   ↳ new best AUROC; saved checkpoint: /home/oem/choihyunsu/VOGBasedMCIDetection/outputs/checkpoints/run_20260801_202901_full_wvote_artifact30_4err/fold_24_best.pth
2026-08-02 01:18:06,403 | [FULL    ] | INFO | full_experiments_using.model_trainers.mobile_vit_trainer | Ep [008/500] T-Acc:  53.4%  V-Acc:  53.3%  V-AUROC: 0.5596  LR: 1.00e-03
2026-08-02 01:18:06,521 | [FULL    ] | INFO | full_experiments_using.model_trainers.mobile_vit_trainer |   ↳ new best AUROC; saved checkpoint: /home/oem/choihyunsu/VOGBasedMCIDetection/outputs/checkpoints/run_20260801_202901_full_wvote_artifact30_4err/fold_24_best.pth
2026-08-02 01:18:20,972 | [FULL    ] | INFO | full_experiments_using.model_trainers.mobile_vit_trainer | Ep [009/500] T-Acc:  54.8%  V-Acc:  51.4%  V-AUROC: 0.5471  LR: 1.00e-03
2026-08-02 01:18:35,162 | [FULL    ] | INFO | full_experiments_using.model_trainers.mobile_vit_trainer | Ep [010/500] T-Acc:  56.0%  V-Acc:  50.7%  V-AUROC: 0.5161  LR: 1.00e-03
2026-08-02 01:18:49,421 | [FULL    ] | INFO | full_experiments_using.model_trainers.mobile_vit_trainer | Ep [011/500] T-Acc:  56.4%  V-Acc:  50.4%  V-AUROC: 0.5233  LR: 1.00e-03
2026-08-02 01:19:03,304 | [FULL    ] | INFO | full_experiments_using.model_trainers.mobile_vit_trainer | Ep [012/500] T-Acc:  55.8%  V-Acc:  51.4%  V-AUROC: 0.5407  LR: 1.00e-03
2026-08-02 01:19:17,238 | [FULL    ] | INFO | full_experiments_using.model_trainers.mobile_vit_trainer | Ep [013/500] T-Acc:  57.6%  V-Acc:  50.9%  V-AUROC: 0.5359  LR: 1.00e-03
2026-08-02 01:19:30,969 | [FULL    ] | INFO | full_experiments_using.model_trainers.mobile_vit_trainer | Ep [014/500] T-Acc:  58.1%  V-Acc:  52.1%  V-AUROC: 0.5495  LR: 1.00e-03
2026-08-02 01:19:45,084 | [FULL    ] | INFO | full_experiments_using.model_trainers.mobile_vit_trainer | Ep [015/500] T-Acc:  58.3%  V-Acc:  51.9%  V-AUROC: 0.5512  LR: 1.00e-03
2026-08-02 01:19:59,236 | [FULL    ] | INFO | full_experiments_using.model_trainers.mobile_vit_trainer | Ep [016/500] T-Acc:  56.6%  V-Acc:  50.1%  V-AUROC: 0.5443  LR: 1.00e-03
2026-08-02 01:20:13,200 | [FULL    ] | INFO | full_experiments_using.model_trainers.mobile_vit_trainer | Ep [017/500] T-Acc:  58.9%  V-Acc:  51.0%  V-AUROC: 0.5379  LR: 1.00e-03
2026-08-02 01:20:27,387 | [FULL    ] | INFO | full_experiments_using.model_trainers.mobile_vit_trainer | Ep [018/500] T-Acc:  56.8%  V-Acc:  50.1%  V-AUROC: 0.5571  LR: 1.00e-03
2026-08-02 01:20:41,390 | [FULL    ] | INFO | full_experiments_using.model_trainers.mobile_vit_trainer | Ep [019/500] T-Acc:  56.5%  V-Acc:  53.2%  V-AUROC: 0.5612  LR: 1.00e-03
2026-08-02 01:20:41,518 | [FULL    ] | INFO | full_experiments_using.model_trainers.mobile_vit_trainer |   ↳ new best AUROC; saved checkpoint: /home/oem/choihyunsu/VOGBasedMCIDetection/outputs/checkpoints/run_20260801_202901_full_wvote_artifact30_4err/fold_24_best.pth
2026-08-02 01:20:55,439 | [FULL    ] | INFO | full_experiments_using.model_trainers.mobile_vit_trainer | Ep [020/500] T-Acc:  58.7%  V-Acc:  51.0%  V-AUROC: 0.5570  LR: 1.00e-03
2026-08-02 01:21:09,915 | [FULL    ] | INFO | full_experiments_using.model_trainers.mobile_vit_trainer | Ep [021/500] T-Acc:  58.7%  V-Acc:  53.7%  V-AUROC: 0.5600  LR: 1.00e-03
2026-08-02 01:21:23,974 | [FULL    ] | INFO | full_experiments_using.model_trainers.mobile_vit_trainer | Ep [022/500] T-Acc:  57.9%  V-Acc:  53.7%  V-AUROC: 0.5680  LR: 1.00e-03
2026-08-02 01:21:24,092 | [FULL    ] | INFO | full_experiments_using.model_trainers.mobile_vit_trainer |   ↳ new best AUROC; saved checkpoint: /home/oem/choihyunsu/VOGBasedMCIDetection/outputs/checkpoints/run_20260801_202901_full_wvote_artifact30_4err/fold_24_best.pth
2026-08-02 01:21:38,307 | [FULL    ] | INFO | full_experiments_using.model_trainers.mobile_vit_trainer | Ep [023/500] T-Acc:  59.1%  V-Acc:  50.3%  V-AUROC: 0.5632  LR: 1.00e-03
2026-08-02 01:21:52,062 | [FULL    ] | INFO | full_experiments_using.model_trainers.mobile_vit_trainer | Ep [024/500] T-Acc:  58.3%  V-Acc:  51.6%  V-AUROC: 0.5432  LR: 1.00e-03
2026-08-02 01:22:06,342 | [FULL    ] | INFO | full_experiments_using.model_trainers.mobile_vit_trainer | Ep [025/500] T-Acc:  59.1%  V-Acc:  49.8%  V-AUROC: 0.5430  LR: 1.00e-03
2026-08-02 01:22:20,438 | [FULL    ] | INFO | full_experiments_using.model_trainers.mobile_vit_trainer | Ep [026/500] T-Acc:  59.1%  V-Acc:  51.2%  V-AUROC: 0.5407  LR: 1.00e-03
2026-08-02 01:22:34,415 | [FULL    ] | INFO | full_experiments_using.model_trainers.mobile_vit_trainer | Ep [027/500] T-Acc:  59.8%  V-Acc:  48.3%  V-AUROC: 0.5345  LR: 1.00e-03
2026-08-02 01:22:48,471 | [FULL    ] | INFO | full_experiments_using.model_trainers.mobile_vit_trainer | Ep [028/500] T-Acc:  61.5%  V-Acc:  51.7%  V-AUROC: 0.5533  LR: 1.00e-03
2026-08-02 01:23:02,818 | [FULL    ] | INFO | full_experiments_using.model_trainers.mobile_vit_trainer | Ep [029/500] T-Acc:  61.1%  V-Acc:  52.2%  V-AUROC: 0.5507  LR: 1.00e-03
2026-08-02 01:23:16,785 | [FULL    ] | INFO | full_experiments_using.model_trainers.mobile_vit_trainer | Ep [030/500] T-Acc:  61.8%  V-Acc:  51.3%  V-AUROC: 0.5494  LR: 1.00e-03
2026-08-02 01:23:30,655 | [FULL    ] | INFO | full_experiments_using.model_trainers.mobile_vit_trainer | Ep [031/500] T-Acc:  62.2%  V-Acc:  50.9%  V-AUROC: 0.5436  LR: 1.00e-03
2026-08-02 01:23:44,911 | [FULL    ] | INFO | full_experiments_using.model_trainers.mobile_vit_trainer | Ep [032/500] T-Acc:  61.0%  V-Acc:  52.5%  V-AUROC: 0.5645  LR: 1.00e-03
2026-08-02 01:23:59,147 | [FULL    ] | INFO | full_experiments_using.model_trainers.mobile_vit_trainer | Ep [033/500] T-Acc:  61.0%  V-Acc:  49.5%  V-AUROC: 0.5425  LR: 1.00e-03
2026-08-02 01:24:13,194 | [FULL    ] | INFO | full_experiments_using.model_trainers.mobile_vit_trainer | Ep [034/500] T-Acc:  62.3%  V-Acc:  52.2%  V-AUROC: 0.5481  LR: 2.00e-04
2026-08-02 01:24:27,226 | [FULL    ] | INFO | full_experiments_using.model_trainers.mobile_vit_trainer | Ep [035/500] T-Acc:  62.2%  V-Acc:  50.7%  V-AUROC: 0.5520  LR: 2.00e-04
2026-08-02 01:24:41,089 | [FULL    ] | INFO | full_experiments_using.model_trainers.mobile_vit_trainer | Ep [036/500] T-Acc:  62.3%  V-Acc:  51.7%  V-AUROC: 0.5524  LR: 2.00e-04
2026-08-02 01:24:55,213 | [FULL    ] | INFO | full_experiments_using.model_trainers.mobile_vit_trainer | Ep [037/500] T-Acc:  63.4%  V-Acc:  51.3%  V-AUROC: 0.5508  LR: 2.00e-04
2026-08-02 01:25:09,247 | [FULL    ] | INFO | full_experiments_using.model_trainers.mobile_vit_trainer | Ep [038/500] T-Acc:  61.8%  V-Acc:  51.0%  V-AUROC: 0.5509  LR: 2.00e-04
2026-08-02 01:25:23,328 | [FULL    ] | INFO | full_experiments_using.model_trainers.mobile_vit_trainer | Ep [039/500] T-Acc:  61.6%  V-Acc:  51.5%  V-AUROC: 0.5550  LR: 2.00e-04
2026-08-02 01:25:37,245 | [FULL    ] | INFO | full_experiments_using.model_trainers.mobile_vit_trainer | Ep [040/500] T-Acc:  63.3%  V-Acc:  51.0%  V-AUROC: 0.5509  LR: 2.00e-04
2026-08-02 01:25:51,467 | [FULL    ] | INFO | full_experiments_using.model_trainers.mobile_vit_trainer | Ep [041/500] T-Acc:  63.3%  V-Acc:  49.6%  V-AUROC: 0.5530  LR: 2.00e-04
2026-08-02 01:26:05,516 | [FULL    ] | INFO | full_experiments_using.model_trainers.mobile_vit_trainer | Ep [042/500] T-Acc:  62.5%  V-Acc:  51.6%  V-AUROC: 0.5534  LR: 2.00e-04
2026-08-02 01:26:19,649 | [FULL    ] | INFO | full_experiments_using.model_trainers.mobile_vit_trainer | Ep [043/500] T-Acc:  62.2%  V-Acc:  50.9%  V-AUROC: 0.5560  LR: 2.00e-04
2026-08-02 01:26:33,805 | [FULL    ] | INFO | full_experiments_using.model_trainers.mobile_vit_trainer | Ep [044/500] T-Acc:  62.0%  V-Acc:  50.6%  V-AUROC: 0.5544  LR: 2.00e-04
2026-08-02 01:26:48,078 | [FULL    ] | INFO | full_experiments_using.model_trainers.mobile_vit_trainer | Ep [045/500] T-Acc:  62.2%  V-Acc:  50.3%  V-AUROC: 0.5542  LR: 4.00e-05
2026-08-02 01:27:02,019 | [FULL    ] | INFO | full_experiments_using.model_trainers.mobile_vit_trainer | Ep [046/500] T-Acc:  61.7%  V-Acc:  52.1%  V-AUROC: 0.5538  LR: 4.00e-05
2026-08-02 01:27:16,230 | [FULL    ] | INFO | full_experiments_using.model_trainers.mobile_vit_trainer | Ep [047/500] T-Acc:  62.7%  V-Acc:  50.1%  V-AUROC: 0.5542  LR: 4.00e-05
2026-08-02 01:27:30,443 | [FULL    ] | INFO | full_experiments_using.model_trainers.mobile_vit_trainer | Ep [048/500] T-Acc:  63.1%  V-Acc:  52.1%  V-AUROC: 0.5545  LR: 4.00e-05
2026-08-02 01:27:44,337 | [FULL    ] | INFO | full_experiments_using.model_trainers.mobile_vit_trainer | Ep [049/500] T-Acc:  62.8%  V-Acc:  52.0%  V-AUROC: 0.5541  LR: 4.00e-05
2026-08-02 01:27:58,429 | [FULL    ] | INFO | full_experiments_using.model_trainers.mobile_vit_trainer | Ep [050/500] T-Acc:  62.5%  V-Acc:  51.0%  V-AUROC: 0.5521  LR: 4.00e-05
2026-08-02 01:28:12,553 | [FULL    ] | INFO | full_experiments_using.model_trainers.mobile_vit_trainer | Ep [051/500] T-Acc:  62.6%  V-Acc:  52.0%  V-AUROC: 0.5523  LR: 4.00e-05
2026-08-02 01:28:26,483 | [FULL    ] | INFO | full_experiments_using.model_trainers.mobile_vit_trainer | Ep [052/500] T-Acc:  61.4%  V-Acc:  51.3%  V-AUROC: 0.5529  LR: 4.00e-05
2026-08-02 01:28:26,483 | [FULL    ] | INFO | full_experiments_using.model_trainers.mobile_vit_trainer | Early stop — best AUROC 0.5680 at epoch 22 (no improvement for 30 epochs)
2026-08-02 01:28:26,483 | [FULL    ] | INFO | full_experiments_using.model_trainers.mobile_vit_trainer | Done. Best AUROC: 0.5680 (epoch 22) → /home/oem/choihyunsu/VOGBasedMCIDetection/outputs/checkpoints/run_20260801_202901_full_wvote_artifact30_4err/fold_24_best.pth
2026-08-02 01:28:30,892 | [FULL    ] | INFO | full_experiments_using.evaluators.monte_carlo_evaluator | -> Fold 25 Result | Acc=0.727 Sens=0.714 Spec=0.750 AUROC=0.786
2026-08-02 01:28:30,898 | [FULL    ] | INFO | full_experiments_using.evaluators.monte_carlo_evaluator | === Fold 26/30 | train: 25 subj (HC=8 MCI=17) / 3669 win | test: 12 subj (HC=6 MCI=6) / 2046 win ===
2026-08-02 01:28:31,149 | [FULL    ] | INFO | httpx | HTTP Request: HEAD https://huggingface.co/apple/mobilevit-small/resolve/main/config.json "HTTP/1.1 307 Temporary Redirect"
2026-08-02 01:28:31,163 | [FULL    ] | INFO | httpx | HTTP Request: HEAD https://huggingface.co/api/resolve-cache/models/apple/mobilevit-small/6c8612545dc98676d27bc518fa521d9e9af23e34/config.json "HTTP/1.1 200 OK"
2026-08-02 01:28:31,415 | [FULL    ] | INFO | httpx | HTTP Request: HEAD https://huggingface.co/apple/mobilevit-small/resolve/main/model.safetensors "HTTP/1.1 404 Not Found"
2026-08-02 01:28:31,643 | [FULL    ] | INFO | httpx | HTTP Request: HEAD https://huggingface.co/apple/mobilevit-small/resolve/main/model.safetensors.index.json "HTTP/1.1 404 Not Found"
2026-08-02 01:28:31,863 | [FULL    ] | INFO | httpx | HTTP Request: HEAD https://huggingface.co/apple/mobilevit-small/resolve/main/pytorch_model.bin "HTTP/1.1 302 Found"
2026-08-02 01:28:32,070 | [FULL    ] | INFO | httpx | HTTP Request: HEAD https://huggingface.co/apple/mobilevit-small/resolve/main/model.safetensors "HTTP/1.1 404 Not Found"
2026-08-02 01:28:32,280 | [FULL    ] | INFO | httpx | HTTP Request: GET https://huggingface.co/api/models/apple/mobilevit-small "HTTP/1.1 200 OK"
2026-08-02 01:28:32,452 | [FULL    ] | INFO | full_experiments_using.model_trainers.mobile_vit_trainer | Device: cuda | max_epochs=500 | batch=32 | eval_batch=256 | es_patience=30
2026-08-02 01:28:32,458 | [FULL    ] | INFO | full_experiments_using.model_trainers.mobile_vit_trainer | CE weights — HC: 1.331  MCI: 0.801
2026-08-02 01:28:32,517 | [FULL    ] | INFO | httpx | HTTP Request: GET https://huggingface.co/api/models/apple/mobilevit-small/commits/main "HTTP/1.1 200 OK"
2026-08-02 01:28:32,742 | [FULL    ] | INFO | httpx | HTTP Request: GET https://huggingface.co/api/models/apple/mobilevit-small/discussions?p=0 "HTTP/1.1 200 OK"
2026-08-02 01:28:32,982 | [FULL    ] | INFO | httpx | HTTP Request: GET https://huggingface.co/api/models/apple/mobilevit-small/commits/refs%2Fpr%2F6 "HTTP/1.1 200 OK"
2026-08-02 01:28:33,192 | [FULL    ] | INFO | httpx | HTTP Request: HEAD https://huggingface.co/apple/mobilevit-small/resolve/refs%2Fpr%2F6/model.safetensors.index.json "HTTP/1.1 404 Not Found"
2026-08-02 01:28:33,403 | [FULL    ] | INFO | httpx | HTTP Request: HEAD https://huggingface.co/apple/mobilevit-small/resolve/refs%2Fpr%2F6/model.safetensors "HTTP/1.1 302 Found"
2026-08-02 01:28:54,234 | [FULL    ] | INFO | full_experiments_using.model_trainers.mobile_vit_trainer | Ep [001/500] T-Acc:  47.7%  V-Acc:  49.0%  V-AUROC: 0.4865  LR: 2.00e-04
2026-08-02 01:28:54,293 | [FULL    ] | INFO | full_experiments_using.model_trainers.mobile_vit_trainer |   ↳ new best AUROC; saved checkpoint: /home/oem/choihyunsu/VOGBasedMCIDetection/outputs/checkpoints/run_20260801_202901_full_wvote_artifact30_4err/fold_25_best.pth
2026-08-02 01:29:07,880 | [FULL    ] | INFO | full_experiments_using.model_trainers.mobile_vit_trainer | Ep [002/500] T-Acc:  48.5%  V-Acc:  48.7%  V-AUROC: 0.4810  LR: 4.00e-04
2026-08-02 01:29:21,801 | [FULL    ] | INFO | full_experiments_using.model_trainers.mobile_vit_trainer | Ep [003/500] T-Acc:  47.9%  V-Acc:  48.7%  V-AUROC: 0.4883  LR: 6.00e-04
2026-08-02 01:29:21,919 | [FULL    ] | INFO | full_experiments_using.model_trainers.mobile_vit_trainer |   ↳ new best AUROC; saved checkpoint: /home/oem/choihyunsu/VOGBasedMCIDetection/outputs/checkpoints/run_20260801_202901_full_wvote_artifact30_4err/fold_25_best.pth
2026-08-02 01:29:35,654 | [FULL    ] | INFO | full_experiments_using.model_trainers.mobile_vit_trainer | Ep [004/500] T-Acc:  48.2%  V-Acc:  50.1%  V-AUROC: 0.4883  LR: 8.00e-04
2026-08-02 01:29:35,766 | [FULL    ] | INFO | full_experiments_using.model_trainers.mobile_vit_trainer |   ↳ new best AUROC; saved checkpoint: /home/oem/choihyunsu/VOGBasedMCIDetection/outputs/checkpoints/run_20260801_202901_full_wvote_artifact30_4err/fold_25_best.pth
2026-08-02 01:29:49,836 | [FULL    ] | INFO | full_experiments_using.model_trainers.mobile_vit_trainer | Ep [005/500] T-Acc:  50.2%  V-Acc:  49.7%  V-AUROC: 0.4958  LR: 1.00e-03
2026-08-02 01:29:49,952 | [FULL    ] | INFO | full_experiments_using.model_trainers.mobile_vit_trainer |   ↳ new best AUROC; saved checkpoint: /home/oem/choihyunsu/VOGBasedMCIDetection/outputs/checkpoints/run_20260801_202901_full_wvote_artifact30_4err/fold_25_best.pth
2026-08-02 01:30:03,609 | [FULL    ] | INFO | full_experiments_using.model_trainers.mobile_vit_trainer | Ep [006/500] T-Acc:  50.4%  V-Acc:  49.9%  V-AUROC: 0.5095  LR: 1.00e-03
2026-08-02 01:30:03,684 | [FULL    ] | INFO | full_experiments_using.model_trainers.mobile_vit_trainer |   ↳ new best AUROC; saved checkpoint: /home/oem/choihyunsu/VOGBasedMCIDetection/outputs/checkpoints/run_20260801_202901_full_wvote_artifact30_4err/fold_25_best.pth
2026-08-02 01:30:17,498 | [FULL    ] | INFO | full_experiments_using.model_trainers.mobile_vit_trainer | Ep [007/500] T-Acc:  52.9%  V-Acc:  52.4%  V-AUROC: 0.5263  LR: 1.00e-03
2026-08-02 01:30:17,614 | [FULL    ] | INFO | full_experiments_using.model_trainers.mobile_vit_trainer |   ↳ new best AUROC; saved checkpoint: /home/oem/choihyunsu/VOGBasedMCIDetection/outputs/checkpoints/run_20260801_202901_full_wvote_artifact30_4err/fold_25_best.pth
2026-08-02 01:30:31,304 | [FULL    ] | INFO | full_experiments_using.model_trainers.mobile_vit_trainer | Ep [008/500] T-Acc:  53.2%  V-Acc:  51.2%  V-AUROC: 0.5323  LR: 1.00e-03
2026-08-02 01:30:31,422 | [FULL    ] | INFO | full_experiments_using.model_trainers.mobile_vit_trainer |   ↳ new best AUROC; saved checkpoint: /home/oem/choihyunsu/VOGBasedMCIDetection/outputs/checkpoints/run_20260801_202901_full_wvote_artifact30_4err/fold_25_best.pth
2026-08-02 01:30:45,093 | [FULL    ] | INFO | full_experiments_using.model_trainers.mobile_vit_trainer | Ep [009/500] T-Acc:  52.5%  V-Acc:  53.3%  V-AUROC: 0.5399  LR: 1.00e-03
2026-08-02 01:30:45,210 | [FULL    ] | INFO | full_experiments_using.model_trainers.mobile_vit_trainer |   ↳ new best AUROC; saved checkpoint: /home/oem/choihyunsu/VOGBasedMCIDetection/outputs/checkpoints/run_20260801_202901_full_wvote_artifact30_4err/fold_25_best.pth
2026-08-02 01:30:58,856 | [FULL    ] | INFO | full_experiments_using.model_trainers.mobile_vit_trainer | Ep [010/500] T-Acc:  54.7%  V-Acc:  53.5%  V-AUROC: 0.5450  LR: 1.00e-03
2026-08-02 01:30:58,973 | [FULL    ] | INFO | full_experiments_using.model_trainers.mobile_vit_trainer |   ↳ new best AUROC; saved checkpoint: /home/oem/choihyunsu/VOGBasedMCIDetection/outputs/checkpoints/run_20260801_202901_full_wvote_artifact30_4err/fold_25_best.pth
2026-08-02 01:31:12,608 | [FULL    ] | INFO | full_experiments_using.model_trainers.mobile_vit_trainer | Ep [011/500] T-Acc:  56.0%  V-Acc:  54.7%  V-AUROC: 0.5659  LR: 1.00e-03
2026-08-02 01:31:12,729 | [FULL    ] | INFO | full_experiments_using.model_trainers.mobile_vit_trainer |   ↳ new best AUROC; saved checkpoint: /home/oem/choihyunsu/VOGBasedMCIDetection/outputs/checkpoints/run_20260801_202901_full_wvote_artifact30_4err/fold_25_best.pth
2026-08-02 01:31:26,476 | [FULL    ] | INFO | full_experiments_using.model_trainers.mobile_vit_trainer | Ep [012/500] T-Acc:  55.5%  V-Acc:  53.4%  V-AUROC: 0.5544  LR: 1.00e-03
2026-08-02 01:31:40,403 | [FULL    ] | INFO | full_experiments_using.model_trainers.mobile_vit_trainer | Ep [013/500] T-Acc:  56.6%  V-Acc:  53.3%  V-AUROC: 0.5588  LR: 1.00e-03
2026-08-02 01:31:54,202 | [FULL    ] | INFO | full_experiments_using.model_trainers.mobile_vit_trainer | Ep [014/500] T-Acc:  56.5%  V-Acc:  52.9%  V-AUROC: 0.5570  LR: 1.00e-03
2026-08-02 01:32:08,091 | [FULL    ] | INFO | full_experiments_using.model_trainers.mobile_vit_trainer | Ep [015/500] T-Acc:  57.0%  V-Acc:  55.0%  V-AUROC: 0.5737  LR: 1.00e-03
2026-08-02 01:32:08,217 | [FULL    ] | INFO | full_experiments_using.model_trainers.mobile_vit_trainer |   ↳ new best AUROC; saved checkpoint: /home/oem/choihyunsu/VOGBasedMCIDetection/outputs/checkpoints/run_20260801_202901_full_wvote_artifact30_4err/fold_25_best.pth
2026-08-02 01:32:22,057 | [FULL    ] | INFO | full_experiments_using.model_trainers.mobile_vit_trainer | Ep [016/500] T-Acc:  55.0%  V-Acc:  52.7%  V-AUROC: 0.5491  LR: 1.00e-03
2026-08-02 01:32:35,601 | [FULL    ] | INFO | full_experiments_using.model_trainers.mobile_vit_trainer | Ep [017/500] T-Acc:  57.4%  V-Acc:  53.3%  V-AUROC: 0.5552  LR: 1.00e-03
2026-08-02 01:32:49,355 | [FULL    ] | INFO | full_experiments_using.model_trainers.mobile_vit_trainer | Ep [018/500] T-Acc:  58.0%  V-Acc:  55.1%  V-AUROC: 0.5643  LR: 1.00e-03
2026-08-02 01:33:03,330 | [FULL    ] | INFO | full_experiments_using.model_trainers.mobile_vit_trainer | Ep [019/500] T-Acc:  56.3%  V-Acc:  53.1%  V-AUROC: 0.5597  LR: 1.00e-03
2026-08-02 01:33:17,204 | [FULL    ] | INFO | full_experiments_using.model_trainers.mobile_vit_trainer | Ep [020/500] T-Acc:  58.7%  V-Acc:  53.9%  V-AUROC: 0.5594  LR: 1.00e-03
2026-08-02 01:33:31,203 | [FULL    ] | INFO | full_experiments_using.model_trainers.mobile_vit_trainer | Ep [021/500] T-Acc:  58.8%  V-Acc:  55.2%  V-AUROC: 0.5675  LR: 1.00e-03
2026-08-02 01:33:45,052 | [FULL    ] | INFO | full_experiments_using.model_trainers.mobile_vit_trainer | Ep [022/500] T-Acc:  57.4%  V-Acc:  55.1%  V-AUROC: 0.5720  LR: 1.00e-03
2026-08-02 01:33:58,765 | [FULL    ] | INFO | full_experiments_using.model_trainers.mobile_vit_trainer | Ep [023/500] T-Acc:  61.0%  V-Acc:  53.9%  V-AUROC: 0.5623  LR: 1.00e-03
2026-08-02 01:34:12,731 | [FULL    ] | INFO | full_experiments_using.model_trainers.mobile_vit_trainer | Ep [024/500] T-Acc:  59.2%  V-Acc:  54.3%  V-AUROC: 0.5668  LR: 1.00e-03
2026-08-02 01:34:26,519 | [FULL    ] | INFO | full_experiments_using.model_trainers.mobile_vit_trainer | Ep [025/500] T-Acc:  58.9%  V-Acc:  55.3%  V-AUROC: 0.5665  LR: 1.00e-03
2026-08-02 01:34:40,347 | [FULL    ] | INFO | full_experiments_using.model_trainers.mobile_vit_trainer | Ep [026/500] T-Acc:  58.3%  V-Acc:  55.7%  V-AUROC: 0.5711  LR: 1.00e-03
2026-08-02 01:34:54,091 | [FULL    ] | INFO | full_experiments_using.model_trainers.mobile_vit_trainer | Ep [027/500] T-Acc:  58.4%  V-Acc:  55.8%  V-AUROC: 0.5701  LR: 2.00e-04
2026-08-02 01:35:07,957 | [FULL    ] | INFO | full_experiments_using.model_trainers.mobile_vit_trainer | Ep [028/500] T-Acc:  60.9%  V-Acc:  54.7%  V-AUROC: 0.5716  LR: 2.00e-04
2026-08-02 01:35:21,912 | [FULL    ] | INFO | full_experiments_using.model_trainers.mobile_vit_trainer | Ep [029/500] T-Acc:  58.6%  V-Acc:  54.8%  V-AUROC: 0.5731  LR: 2.00e-04
2026-08-02 01:35:35,703 | [FULL    ] | INFO | full_experiments_using.model_trainers.mobile_vit_trainer | Ep [030/500] T-Acc:  59.3%  V-Acc:  54.6%  V-AUROC: 0.5716  LR: 2.00e-04
2026-08-02 01:35:49,470 | [FULL    ] | INFO | full_experiments_using.model_trainers.mobile_vit_trainer | Ep [031/500] T-Acc:  59.7%  V-Acc:  55.5%  V-AUROC: 0.5709  LR: 2.00e-04
2026-08-02 01:36:03,390 | [FULL    ] | INFO | full_experiments_using.model_trainers.mobile_vit_trainer | Ep [032/500] T-Acc:  60.3%  V-Acc:  53.9%  V-AUROC: 0.5660  LR: 2.00e-04
2026-08-02 01:36:17,205 | [FULL    ] | INFO | full_experiments_using.model_trainers.mobile_vit_trainer | Ep [033/500] T-Acc:  59.7%  V-Acc:  54.9%  V-AUROC: 0.5677  LR: 2.00e-04
2026-08-02 01:36:30,859 | [FULL    ] | INFO | full_experiments_using.model_trainers.mobile_vit_trainer | Ep [034/500] T-Acc:  59.6%  V-Acc:  54.8%  V-AUROC: 0.5683  LR: 2.00e-04
2026-08-02 01:36:44,643 | [FULL    ] | INFO | full_experiments_using.model_trainers.mobile_vit_trainer | Ep [035/500] T-Acc:  59.0%  V-Acc:  54.5%  V-AUROC: 0.5679  LR: 2.00e-04
2026-08-02 01:36:58,664 | [FULL    ] | INFO | full_experiments_using.model_trainers.mobile_vit_trainer | Ep [036/500] T-Acc:  61.6%  V-Acc:  55.2%  V-AUROC: 0.5648  LR: 2.00e-04
2026-08-02 01:37:12,385 | [FULL    ] | INFO | full_experiments_using.model_trainers.mobile_vit_trainer | Ep [037/500] T-Acc:  60.6%  V-Acc:  56.0%  V-AUROC: 0.5650  LR: 2.00e-04
2026-08-02 01:37:26,416 | [FULL    ] | INFO | full_experiments_using.model_trainers.mobile_vit_trainer | Ep [038/500] T-Acc:  60.1%  V-Acc:  54.7%  V-AUROC: 0.5642  LR: 4.00e-05
2026-08-02 01:37:39,911 | [FULL    ] | INFO | full_experiments_using.model_trainers.mobile_vit_trainer | Ep [039/500] T-Acc:  60.5%  V-Acc:  54.4%  V-AUROC: 0.5672  LR: 4.00e-05
2026-08-02 01:37:53,774 | [FULL    ] | INFO | full_experiments_using.model_trainers.mobile_vit_trainer | Ep [040/500] T-Acc:  60.4%  V-Acc:  54.9%  V-AUROC: 0.5665  LR: 4.00e-05
2026-08-02 01:38:07,567 | [FULL    ] | INFO | full_experiments_using.model_trainers.mobile_vit_trainer | Ep [041/500] T-Acc:  61.5%  V-Acc:  54.5%  V-AUROC: 0.5674  LR: 4.00e-05
2026-08-02 01:38:21,288 | [FULL    ] | INFO | full_experiments_using.model_trainers.mobile_vit_trainer | Ep [042/500] T-Acc:  59.3%  V-Acc:  54.0%  V-AUROC: 0.5641  LR: 4.00e-05
2026-08-02 01:38:34,986 | [FULL    ] | INFO | full_experiments_using.model_trainers.mobile_vit_trainer | Ep [043/500] T-Acc:  60.0%  V-Acc:  54.2%  V-AUROC: 0.5645  LR: 4.00e-05
2026-08-02 01:38:48,720 | [FULL    ] | INFO | full_experiments_using.model_trainers.mobile_vit_trainer | Ep [044/500] T-Acc:  60.6%  V-Acc:  55.7%  V-AUROC: 0.5687  LR: 4.00e-05
2026-08-02 01:39:02,531 | [FULL    ] | INFO | full_experiments_using.model_trainers.mobile_vit_trainer | Ep [045/500] T-Acc:  60.5%  V-Acc:  55.3%  V-AUROC: 0.5680  LR: 4.00e-05
2026-08-02 01:39:02,531 | [FULL    ] | INFO | full_experiments_using.model_trainers.mobile_vit_trainer | Early stop — best AUROC 0.5737 at epoch 15 (no improvement for 30 epochs)
2026-08-02 01:39:02,531 | [FULL    ] | INFO | full_experiments_using.model_trainers.mobile_vit_trainer | Done. Best AUROC: 0.5737 (epoch 15) → /home/oem/choihyunsu/VOGBasedMCIDetection/outputs/checkpoints/run_20260801_202901_full_wvote_artifact30_4err/fold_25_best.pth
2026-08-02 01:39:07,891 | [FULL    ] | INFO | full_experiments_using.evaluators.monte_carlo_evaluator | -> Fold 26 Result | Acc=0.667 Sens=0.833 Spec=0.500 AUROC=0.806
2026-08-02 01:39:07,897 | [FULL    ] | INFO | full_experiments_using.evaluators.monte_carlo_evaluator | === Fold 27/30 | train: 25 subj (HC=9 MCI=16) / 3900 win | test: 12 subj (HC=5 MCI=7) / 1815 win ===
2026-08-02 01:39:08,123 | [FULL    ] | INFO | httpx | HTTP Request: HEAD https://huggingface.co/apple/mobilevit-small/resolve/main/config.json "HTTP/1.1 307 Temporary Redirect"
2026-08-02 01:39:08,133 | [FULL    ] | INFO | httpx | HTTP Request: HEAD https://huggingface.co/api/resolve-cache/models/apple/mobilevit-small/6c8612545dc98676d27bc518fa521d9e9af23e34/config.json "HTTP/1.1 200 OK"
2026-08-02 01:39:08,368 | [FULL    ] | INFO | httpx | HTTP Request: HEAD https://huggingface.co/apple/mobilevit-small/resolve/main/model.safetensors "HTTP/1.1 404 Not Found"
2026-08-02 01:39:08,570 | [FULL    ] | INFO | httpx | HTTP Request: HEAD https://huggingface.co/apple/mobilevit-small/resolve/main/model.safetensors.index.json "HTTP/1.1 404 Not Found"
2026-08-02 01:39:08,780 | [FULL    ] | INFO | httpx | HTTP Request: HEAD https://huggingface.co/apple/mobilevit-small/resolve/main/pytorch_model.bin "HTTP/1.1 302 Found"
2026-08-02 01:39:08,981 | [FULL    ] | INFO | httpx | HTTP Request: HEAD https://huggingface.co/apple/mobilevit-small/resolve/main/model.safetensors "HTTP/1.1 404 Not Found"
2026-08-02 01:39:09,180 | [FULL    ] | INFO | httpx | HTTP Request: GET https://huggingface.co/api/models/apple/mobilevit-small "HTTP/1.1 200 OK"
2026-08-02 01:39:09,365 | [FULL    ] | INFO | full_experiments_using.model_trainers.mobile_vit_trainer | Device: cuda | max_epochs=500 | batch=32 | eval_batch=256 | es_patience=30
2026-08-02 01:39:09,370 | [FULL    ] | INFO | full_experiments_using.model_trainers.mobile_vit_trainer | CE weights — HC: 1.222  MCI: 0.846
2026-08-02 01:39:09,419 | [FULL    ] | INFO | httpx | HTTP Request: GET https://huggingface.co/api/models/apple/mobilevit-small/commits/main "HTTP/1.1 200 OK"
2026-08-02 01:39:09,632 | [FULL    ] | INFO | httpx | HTTP Request: GET https://huggingface.co/api/models/apple/mobilevit-small/discussions?p=0 "HTTP/1.1 200 OK"
2026-08-02 01:39:09,852 | [FULL    ] | INFO | httpx | HTTP Request: GET https://huggingface.co/api/models/apple/mobilevit-small/commits/refs%2Fpr%2F6 "HTTP/1.1 200 OK"
2026-08-02 01:39:10,051 | [FULL    ] | INFO | httpx | HTTP Request: HEAD https://huggingface.co/apple/mobilevit-small/resolve/refs%2Fpr%2F6/model.safetensors.index.json "HTTP/1.1 404 Not Found"
2026-08-02 01:39:10,266 | [FULL    ] | INFO | httpx | HTTP Request: HEAD https://huggingface.co/apple/mobilevit-small/resolve/refs%2Fpr%2F6/model.safetensors "HTTP/1.1 302 Found"
2026-08-02 01:39:23,722 | [FULL    ] | INFO | full_experiments_using.model_trainers.mobile_vit_trainer | Ep [001/500] T-Acc:  52.0%  V-Acc:  52.9%  V-AUROC: 0.5535  LR: 2.00e-04
2026-08-02 01:39:23,782 | [FULL    ] | INFO | full_experiments_using.model_trainers.mobile_vit_trainer |   ↳ new best AUROC; saved checkpoint: /home/oem/choihyunsu/VOGBasedMCIDetection/outputs/checkpoints/run_20260801_202901_full_wvote_artifact30_4err/fold_26_best.pth
2026-08-02 01:39:38,088 | [FULL    ] | INFO | full_experiments_using.model_trainers.mobile_vit_trainer | Ep [002/500] T-Acc:  52.3%  V-Acc:  53.1%  V-AUROC: 0.5595  LR: 4.00e-04
2026-08-02 01:39:38,258 | [FULL    ] | INFO | full_experiments_using.model_trainers.mobile_vit_trainer |   ↳ new best AUROC; saved checkpoint: /home/oem/choihyunsu/VOGBasedMCIDetection/outputs/checkpoints/run_20260801_202901_full_wvote_artifact30_4err/fold_26_best.pth
2026-08-02 01:39:52,387 | [FULL    ] | INFO | full_experiments_using.model_trainers.mobile_vit_trainer | Ep [003/500] T-Acc:  53.2%  V-Acc:  54.3%  V-AUROC: 0.5665  LR: 6.00e-04
2026-08-02 01:39:52,486 | [FULL    ] | INFO | full_experiments_using.model_trainers.mobile_vit_trainer |   ↳ new best AUROC; saved checkpoint: /home/oem/choihyunsu/VOGBasedMCIDetection/outputs/checkpoints/run_20260801_202901_full_wvote_artifact30_4err/fold_26_best.pth
2026-08-02 01:40:06,497 | [FULL    ] | INFO | full_experiments_using.model_trainers.mobile_vit_trainer | Ep [004/500] T-Acc:  51.7%  V-Acc:  53.2%  V-AUROC: 0.5577  LR: 8.00e-04
2026-08-02 01:40:20,960 | [FULL    ] | INFO | full_experiments_using.model_trainers.mobile_vit_trainer | Ep [005/500] T-Acc:  52.4%  V-Acc:  54.7%  V-AUROC: 0.5668  LR: 1.00e-03
2026-08-02 01:40:21,080 | [FULL    ] | INFO | full_experiments_using.model_trainers.mobile_vit_trainer |   ↳ new best AUROC; saved checkpoint: /home/oem/choihyunsu/VOGBasedMCIDetection/outputs/checkpoints/run_20260801_202901_full_wvote_artifact30_4err/fold_26_best.pth
2026-08-02 01:40:35,051 | [FULL    ] | INFO | full_experiments_using.model_trainers.mobile_vit_trainer | Ep [006/500] T-Acc:  53.1%  V-Acc:  55.5%  V-AUROC: 0.5819  LR: 1.00e-03
2026-08-02 01:40:35,176 | [FULL    ] | INFO | full_experiments_using.model_trainers.mobile_vit_trainer |   ↳ new best AUROC; saved checkpoint: /home/oem/choihyunsu/VOGBasedMCIDetection/outputs/checkpoints/run_20260801_202901_full_wvote_artifact30_4err/fold_26_best.pth
2026-08-02 01:40:49,647 | [FULL    ] | INFO | full_experiments_using.model_trainers.mobile_vit_trainer | Ep [007/500] T-Acc:  54.0%  V-Acc:  56.1%  V-AUROC: 0.5898  LR: 1.00e-03
2026-08-02 01:40:49,780 | [FULL    ] | INFO | full_experiments_using.model_trainers.mobile_vit_trainer |   ↳ new best AUROC; saved checkpoint: /home/oem/choihyunsu/VOGBasedMCIDetection/outputs/checkpoints/run_20260801_202901_full_wvote_artifact30_4err/fold_26_best.pth
2026-08-02 01:41:04,013 | [FULL    ] | INFO | full_experiments_using.model_trainers.mobile_vit_trainer | Ep [008/500] T-Acc:  54.6%  V-Acc:  55.8%  V-AUROC: 0.5885  LR: 1.00e-03
2026-08-02 01:41:18,354 | [FULL    ] | INFO | full_experiments_using.model_trainers.mobile_vit_trainer | Ep [009/500] T-Acc:  54.5%  V-Acc:  56.3%  V-AUROC: 0.5864  LR: 1.00e-03
2026-08-02 01:41:32,754 | [FULL    ] | INFO | full_experiments_using.model_trainers.mobile_vit_trainer | Ep [010/500] T-Acc:  54.4%  V-Acc:  59.6%  V-AUROC: 0.6109  LR: 1.00e-03
2026-08-02 01:41:32,872 | [FULL    ] | INFO | full_experiments_using.model_trainers.mobile_vit_trainer |   ↳ new best AUROC; saved checkpoint: /home/oem/choihyunsu/VOGBasedMCIDetection/outputs/checkpoints/run_20260801_202901_full_wvote_artifact30_4err/fold_26_best.pth
2026-08-02 01:41:45,858 | [FULL    ] | INFO | full_experiments_using.model_trainers.mobile_vit_trainer | Ep [011/500] T-Acc:  56.4%  V-Acc:  58.2%  V-AUROC: 0.6088  LR: 1.00e-03
2026-08-02 01:41:57,740 | [FULL    ] | INFO | full_experiments_using.model_trainers.mobile_vit_trainer | Ep [012/500] T-Acc:  56.4%  V-Acc:  57.1%  V-AUROC: 0.5956  LR: 1.00e-03
2026-08-02 01:42:12,007 | [FULL    ] | INFO | full_experiments_using.model_trainers.mobile_vit_trainer | Ep [013/500] T-Acc:  57.6%  V-Acc:  58.2%  V-AUROC: 0.6117  LR: 1.00e-03
2026-08-02 01:42:12,128 | [FULL    ] | INFO | full_experiments_using.model_trainers.mobile_vit_trainer |   ↳ new best AUROC; saved checkpoint: /home/oem/choihyunsu/VOGBasedMCIDetection/outputs/checkpoints/run_20260801_202901_full_wvote_artifact30_4err/fold_26_best.pth
2026-08-02 01:42:26,236 | [FULL    ] | INFO | full_experiments_using.model_trainers.mobile_vit_trainer | Ep [014/500] T-Acc:  57.7%  V-Acc:  58.3%  V-AUROC: 0.6131  LR: 1.00e-03
2026-08-02 01:42:26,401 | [FULL    ] | INFO | full_experiments_using.model_trainers.mobile_vit_trainer |   ↳ new best AUROC; saved checkpoint: /home/oem/choihyunsu/VOGBasedMCIDetection/outputs/checkpoints/run_20260801_202901_full_wvote_artifact30_4err/fold_26_best.pth
2026-08-02 01:42:40,797 | [FULL    ] | INFO | full_experiments_using.model_trainers.mobile_vit_trainer | Ep [015/500] T-Acc:  57.1%  V-Acc:  59.4%  V-AUROC: 0.6100  LR: 1.00e-03
2026-08-02 01:42:55,237 | [FULL    ] | INFO | full_experiments_using.model_trainers.mobile_vit_trainer | Ep [016/500] T-Acc:  57.3%  V-Acc:  58.1%  V-AUROC: 0.6075  LR: 1.00e-03
2026-08-02 01:43:09,377 | [FULL    ] | INFO | full_experiments_using.model_trainers.mobile_vit_trainer | Ep [017/500] T-Acc:  57.1%  V-Acc:  57.4%  V-AUROC: 0.6074  LR: 1.00e-03
2026-08-02 01:43:23,536 | [FULL    ] | INFO | full_experiments_using.model_trainers.mobile_vit_trainer | Ep [018/500] T-Acc:  56.9%  V-Acc:  56.8%  V-AUROC: 0.5946  LR: 1.00e-03
2026-08-02 01:43:37,936 | [FULL    ] | INFO | full_experiments_using.model_trainers.mobile_vit_trainer | Ep [019/500] T-Acc:  56.8%  V-Acc:  58.1%  V-AUROC: 0.6095  LR: 1.00e-03
2026-08-02 01:43:52,063 | [FULL    ] | INFO | full_experiments_using.model_trainers.mobile_vit_trainer | Ep [020/500] T-Acc:  58.1%  V-Acc:  57.8%  V-AUROC: 0.6067  LR: 1.00e-03
2026-08-02 01:44:06,467 | [FULL    ] | INFO | full_experiments_using.model_trainers.mobile_vit_trainer | Ep [021/500] T-Acc:  58.1%  V-Acc:  59.1%  V-AUROC: 0.6087  LR: 1.00e-03
2026-08-02 01:44:20,771 | [FULL    ] | INFO | full_experiments_using.model_trainers.mobile_vit_trainer | Ep [022/500] T-Acc:  59.3%  V-Acc:  58.5%  V-AUROC: 0.6077  LR: 1.00e-03
2026-08-02 01:44:34,997 | [FULL    ] | INFO | full_experiments_using.model_trainers.mobile_vit_trainer | Ep [023/500] T-Acc:  57.9%  V-Acc:  57.3%  V-AUROC: 0.5853  LR: 1.00e-03
2026-08-02 01:44:48,970 | [FULL    ] | INFO | full_experiments_using.model_trainers.mobile_vit_trainer | Ep [024/500] T-Acc:  59.2%  V-Acc:  57.5%  V-AUROC: 0.5997  LR: 1.00e-03
2026-08-02 01:45:03,172 | [FULL    ] | INFO | full_experiments_using.model_trainers.mobile_vit_trainer | Ep [025/500] T-Acc:  59.7%  V-Acc:  58.7%  V-AUROC: 0.6035  LR: 1.00e-03
2026-08-02 01:45:17,412 | [FULL    ] | INFO | full_experiments_using.model_trainers.mobile_vit_trainer | Ep [026/500] T-Acc:  59.9%  V-Acc:  58.8%  V-AUROC: 0.6096  LR: 2.00e-04
2026-08-02 01:45:31,734 | [FULL    ] | INFO | full_experiments_using.model_trainers.mobile_vit_trainer | Ep [027/500] T-Acc:  59.2%  V-Acc:  58.7%  V-AUROC: 0.6122  LR: 2.00e-04
2026-08-02 01:45:46,048 | [FULL    ] | INFO | full_experiments_using.model_trainers.mobile_vit_trainer | Ep [028/500] T-Acc:  59.3%  V-Acc:  58.4%  V-AUROC: 0.6091  LR: 2.00e-04
2026-08-02 01:46:00,024 | [FULL    ] | INFO | full_experiments_using.model_trainers.mobile_vit_trainer | Ep [029/500] T-Acc:  59.6%  V-Acc:  59.3%  V-AUROC: 0.6171  LR: 2.00e-04
2026-08-02 01:46:00,140 | [FULL    ] | INFO | full_experiments_using.model_trainers.mobile_vit_trainer |   ↳ new best AUROC; saved checkpoint: /home/oem/choihyunsu/VOGBasedMCIDetection/outputs/checkpoints/run_20260801_202901_full_wvote_artifact30_4err/fold_26_best.pth
2026-08-02 01:46:14,365 | [FULL    ] | INFO | full_experiments_using.model_trainers.mobile_vit_trainer | Ep [030/500] T-Acc:  59.6%  V-Acc:  58.8%  V-AUROC: 0.6163  LR: 2.00e-04
2026-08-02 01:46:28,665 | [FULL    ] | INFO | full_experiments_using.model_trainers.mobile_vit_trainer | Ep [031/500] T-Acc:  60.2%  V-Acc:  59.2%  V-AUROC: 0.6177  LR: 2.00e-04
2026-08-02 01:46:28,785 | [FULL    ] | INFO | full_experiments_using.model_trainers.mobile_vit_trainer |   ↳ new best AUROC; saved checkpoint: /home/oem/choihyunsu/VOGBasedMCIDetection/outputs/checkpoints/run_20260801_202901_full_wvote_artifact30_4err/fold_26_best.pth
2026-08-02 01:46:42,928 | [FULL    ] | INFO | full_experiments_using.model_trainers.mobile_vit_trainer | Ep [032/500] T-Acc:  60.0%  V-Acc:  59.2%  V-AUROC: 0.6163  LR: 2.00e-04
2026-08-02 01:46:57,192 | [FULL    ] | INFO | full_experiments_using.model_trainers.mobile_vit_trainer | Ep [033/500] T-Acc:  60.2%  V-Acc:  58.5%  V-AUROC: 0.6160  LR: 2.00e-04
2026-08-02 01:47:11,500 | [FULL    ] | INFO | full_experiments_using.model_trainers.mobile_vit_trainer | Ep [034/500] T-Acc:  59.9%  V-Acc:  58.2%  V-AUROC: 0.6159  LR: 2.00e-04
2026-08-02 01:47:25,750 | [FULL    ] | INFO | full_experiments_using.model_trainers.mobile_vit_trainer | Ep [035/500] T-Acc:  60.5%  V-Acc:  58.9%  V-AUROC: 0.6167  LR: 2.00e-04
2026-08-02 01:47:39,944 | [FULL    ] | INFO | full_experiments_using.model_trainers.mobile_vit_trainer | Ep [036/500] T-Acc:  61.2%  V-Acc:  58.6%  V-AUROC: 0.6171  LR: 2.00e-04
2026-08-02 01:47:54,369 | [FULL    ] | INFO | full_experiments_using.model_trainers.mobile_vit_trainer | Ep [037/500] T-Acc:  59.7%  V-Acc:  59.3%  V-AUROC: 0.6171  LR: 2.00e-04
2026-08-02 01:48:08,399 | [FULL    ] | INFO | full_experiments_using.model_trainers.mobile_vit_trainer | Ep [038/500] T-Acc:  60.4%  V-Acc:  58.5%  V-AUROC: 0.6171  LR: 2.00e-04
2026-08-02 01:48:23,109 | [FULL    ] | INFO | full_experiments_using.model_trainers.mobile_vit_trainer | Ep [039/500] T-Acc:  59.8%  V-Acc:  59.2%  V-AUROC: 0.6184  LR: 2.00e-04
2026-08-02 01:48:23,229 | [FULL    ] | INFO | full_experiments_using.model_trainers.mobile_vit_trainer |   ↳ new best AUROC; saved checkpoint: /home/oem/choihyunsu/VOGBasedMCIDetection/outputs/checkpoints/run_20260801_202901_full_wvote_artifact30_4err/fold_26_best.pth
2026-08-02 01:48:37,452 | [FULL    ] | INFO | full_experiments_using.model_trainers.mobile_vit_trainer | Ep [040/500] T-Acc:  59.9%  V-Acc:  58.7%  V-AUROC: 0.6166  LR: 2.00e-04
2026-08-02 01:48:51,569 | [FULL    ] | INFO | full_experiments_using.model_trainers.mobile_vit_trainer | Ep [041/500] T-Acc:  60.5%  V-Acc:  58.5%  V-AUROC: 0.6172  LR: 2.00e-04
2026-08-02 01:49:05,817 | [FULL    ] | INFO | full_experiments_using.model_trainers.mobile_vit_trainer | Ep [042/500] T-Acc:  60.9%  V-Acc:  58.0%  V-AUROC: 0.6115  LR: 2.00e-04
2026-08-02 01:49:20,195 | [FULL    ] | INFO | full_experiments_using.model_trainers.mobile_vit_trainer | Ep [043/500] T-Acc:  60.2%  V-Acc:  57.9%  V-AUROC: 0.6097  LR: 2.00e-04
2026-08-02 01:49:34,431 | [FULL    ] | INFO | full_experiments_using.model_trainers.mobile_vit_trainer | Ep [044/500] T-Acc:  60.5%  V-Acc:  59.2%  V-AUROC: 0.6184  LR: 2.00e-04
2026-08-02 01:49:48,504 | [FULL    ] | INFO | full_experiments_using.model_trainers.mobile_vit_trainer | Ep [045/500] T-Acc:  60.2%  V-Acc:  59.3%  V-AUROC: 0.6180  LR: 2.00e-04
2026-08-02 01:50:02,652 | [FULL    ] | INFO | full_experiments_using.model_trainers.mobile_vit_trainer | Ep [046/500] T-Acc:  61.5%  V-Acc:  58.4%  V-AUROC: 0.6127  LR: 2.00e-04
2026-08-02 01:50:16,984 | [FULL    ] | INFO | full_experiments_using.model_trainers.mobile_vit_trainer | Ep [047/500] T-Acc:  60.7%  V-Acc:  59.1%  V-AUROC: 0.6197  LR: 2.00e-04
2026-08-02 01:50:17,071 | [FULL    ] | INFO | full_experiments_using.model_trainers.mobile_vit_trainer |   ↳ new best AUROC; saved checkpoint: /home/oem/choihyunsu/VOGBasedMCIDetection/outputs/checkpoints/run_20260801_202901_full_wvote_artifact30_4err/fold_26_best.pth
2026-08-02 01:50:31,327 | [FULL    ] | INFO | full_experiments_using.model_trainers.mobile_vit_trainer | Ep [048/500] T-Acc:  62.1%  V-Acc:  58.9%  V-AUROC: 0.6191  LR: 2.00e-04
2026-08-02 01:50:45,756 | [FULL    ] | INFO | full_experiments_using.model_trainers.mobile_vit_trainer | Ep [049/500] T-Acc:  60.2%  V-Acc:  59.7%  V-AUROC: 0.6198  LR: 2.00e-04
2026-08-02 01:50:45,893 | [FULL    ] | INFO | full_experiments_using.model_trainers.mobile_vit_trainer |   ↳ new best AUROC; saved checkpoint: /home/oem/choihyunsu/VOGBasedMCIDetection/outputs/checkpoints/run_20260801_202901_full_wvote_artifact30_4err/fold_26_best.pth
2026-08-02 01:51:00,258 | [FULL    ] | INFO | full_experiments_using.model_trainers.mobile_vit_trainer | Ep [050/500] T-Acc:  61.3%  V-Acc:  58.5%  V-AUROC: 0.6131  LR: 2.00e-04
2026-08-02 01:51:14,343 | [FULL    ] | INFO | full_experiments_using.model_trainers.mobile_vit_trainer | Ep [051/500] T-Acc:  61.2%  V-Acc:  59.4%  V-AUROC: 0.6215  LR: 2.00e-04
2026-08-02 01:51:14,589 | [FULL    ] | INFO | full_experiments_using.model_trainers.mobile_vit_trainer |   ↳ new best AUROC; saved checkpoint: /home/oem/choihyunsu/VOGBasedMCIDetection/outputs/checkpoints/run_20260801_202901_full_wvote_artifact30_4err/fold_26_best.pth
2026-08-02 01:51:28,929 | [FULL    ] | INFO | full_experiments_using.model_trainers.mobile_vit_trainer | Ep [052/500] T-Acc:  60.6%  V-Acc:  59.3%  V-AUROC: 0.6183  LR: 2.00e-04
2026-08-02 01:51:43,220 | [FULL    ] | INFO | full_experiments_using.model_trainers.mobile_vit_trainer | Ep [053/500] T-Acc:  60.8%  V-Acc:  60.1%  V-AUROC: 0.6191  LR: 2.00e-04
2026-08-02 01:51:57,528 | [FULL    ] | INFO | full_experiments_using.model_trainers.mobile_vit_trainer | Ep [054/500] T-Acc:  60.8%  V-Acc:  59.4%  V-AUROC: 0.6196  LR: 2.00e-04
2026-08-02 01:52:11,974 | [FULL    ] | INFO | full_experiments_using.model_trainers.mobile_vit_trainer | Ep [055/500] T-Acc:  60.6%  V-Acc:  59.3%  V-AUROC: 0.6185  LR: 2.00e-04
2026-08-02 01:52:26,062 | [FULL    ] | INFO | full_experiments_using.model_trainers.mobile_vit_trainer | Ep [056/500] T-Acc:  61.8%  V-Acc:  59.2%  V-AUROC: 0.6230  LR: 2.00e-04
2026-08-02 01:52:26,182 | [FULL    ] | INFO | full_experiments_using.model_trainers.mobile_vit_trainer |   ↳ new best AUROC; saved checkpoint: /home/oem/choihyunsu/VOGBasedMCIDetection/outputs/checkpoints/run_20260801_202901_full_wvote_artifact30_4err/fold_26_best.pth
2026-08-02 01:52:40,582 | [FULL    ] | INFO | full_experiments_using.model_trainers.mobile_vit_trainer | Ep [057/500] T-Acc:  61.4%  V-Acc:  59.6%  V-AUROC: 0.6215  LR: 2.00e-04
2026-08-02 01:52:55,010 | [FULL    ] | INFO | full_experiments_using.model_trainers.mobile_vit_trainer | Ep [058/500] T-Acc:  61.0%  V-Acc:  59.1%  V-AUROC: 0.6204  LR: 2.00e-04
2026-08-02 01:53:09,165 | [FULL    ] | INFO | full_experiments_using.model_trainers.mobile_vit_trainer | Ep [059/500] T-Acc:  60.3%  V-Acc:  59.2%  V-AUROC: 0.6191  LR: 2.00e-04
2026-08-02 01:53:23,586 | [FULL    ] | INFO | full_experiments_using.model_trainers.mobile_vit_trainer | Ep [060/500] T-Acc:  61.5%  V-Acc:  59.2%  V-AUROC: 0.6199  LR: 2.00e-04
2026-08-02 01:53:36,746 | [FULL    ] | INFO | full_experiments_using.model_trainers.mobile_vit_trainer | Ep [061/500] T-Acc:  61.4%  V-Acc:  59.9%  V-AUROC: 0.6217  LR: 2.00e-04
2026-08-02 01:53:49,621 | [FULL    ] | INFO | full_experiments_using.model_trainers.mobile_vit_trainer | Ep [062/500] T-Acc:  60.7%  V-Acc:  59.8%  V-AUROC: 0.6195  LR: 2.00e-04
2026-08-02 01:54:03,204 | [FULL    ] | INFO | full_experiments_using.model_trainers.mobile_vit_trainer | Ep [063/500] T-Acc:  61.0%  V-Acc:  59.3%  V-AUROC: 0.6214  LR: 2.00e-04
2026-08-02 01:54:17,799 | [FULL    ] | INFO | full_experiments_using.model_trainers.mobile_vit_trainer | Ep [064/500] T-Acc:  60.1%  V-Acc:  59.9%  V-AUROC: 0.6224  LR: 2.00e-04
2026-08-02 01:54:31,901 | [FULL    ] | INFO | full_experiments_using.model_trainers.mobile_vit_trainer | Ep [065/500] T-Acc:  61.7%  V-Acc:  60.0%  V-AUROC: 0.6213  LR: 2.00e-04
2026-08-02 01:54:46,312 | [FULL    ] | INFO | full_experiments_using.model_trainers.mobile_vit_trainer | Ep [066/500] T-Acc:  60.1%  V-Acc:  59.4%  V-AUROC: 0.6224  LR: 2.00e-04
2026-08-02 01:55:00,415 | [FULL    ] | INFO | full_experiments_using.model_trainers.mobile_vit_trainer | Ep [067/500] T-Acc:  62.7%  V-Acc:  60.1%  V-AUROC: 0.6225  LR: 2.00e-04
2026-08-02 01:55:14,722 | [FULL    ] | INFO | full_experiments_using.model_trainers.mobile_vit_trainer | Ep [068/500] T-Acc:  61.2%  V-Acc:  59.9%  V-AUROC: 0.6220  LR: 4.00e-05
2026-08-02 01:55:29,106 | [FULL    ] | INFO | full_experiments_using.model_trainers.mobile_vit_trainer | Ep [069/500] T-Acc:  62.0%  V-Acc:  60.2%  V-AUROC: 0.6226  LR: 4.00e-05
2026-08-02 01:55:43,377 | [FULL    ] | INFO | full_experiments_using.model_trainers.mobile_vit_trainer | Ep [070/500] T-Acc:  62.2%  V-Acc:  60.1%  V-AUROC: 0.6217  LR: 4.00e-05
2026-08-02 01:55:57,503 | [FULL    ] | INFO | full_experiments_using.model_trainers.mobile_vit_trainer | Ep [071/500] T-Acc:  61.2%  V-Acc:  59.9%  V-AUROC: 0.6210  LR: 4.00e-05
2026-08-02 01:56:11,553 | [FULL    ] | INFO | full_experiments_using.model_trainers.mobile_vit_trainer | Ep [072/500] T-Acc:  61.3%  V-Acc:  59.9%  V-AUROC: 0.6206  LR: 4.00e-05
2026-08-02 01:56:25,814 | [FULL    ] | INFO | full_experiments_using.model_trainers.mobile_vit_trainer | Ep [073/500] T-Acc:  61.3%  V-Acc:  60.2%  V-AUROC: 0.6231  LR: 4.00e-05
2026-08-02 01:56:25,934 | [FULL    ] | INFO | full_experiments_using.model_trainers.mobile_vit_trainer |   ↳ new best AUROC; saved checkpoint: /home/oem/choihyunsu/VOGBasedMCIDetection/outputs/checkpoints/run_20260801_202901_full_wvote_artifact30_4err/fold_26_best.pth
2026-08-02 01:56:40,313 | [FULL    ] | INFO | full_experiments_using.model_trainers.mobile_vit_trainer | Ep [074/500] T-Acc:  61.0%  V-Acc:  59.7%  V-AUROC: 0.6210  LR: 4.00e-05
2026-08-02 01:56:54,625 | [FULL    ] | INFO | full_experiments_using.model_trainers.mobile_vit_trainer | Ep [075/500] T-Acc:  61.1%  V-Acc:  60.1%  V-AUROC: 0.6233  LR: 4.00e-05
2026-08-02 01:56:54,760 | [FULL    ] | INFO | full_experiments_using.model_trainers.mobile_vit_trainer |   ↳ new best AUROC; saved checkpoint: /home/oem/choihyunsu/VOGBasedMCIDetection/outputs/checkpoints/run_20260801_202901_full_wvote_artifact30_4err/fold_26_best.pth
2026-08-02 01:57:09,317 | [FULL    ] | INFO | full_experiments_using.model_trainers.mobile_vit_trainer | Ep [076/500] T-Acc:  60.8%  V-Acc:  59.9%  V-AUROC: 0.6229  LR: 4.00e-05
2026-08-02 01:57:23,621 | [FULL    ] | INFO | full_experiments_using.model_trainers.mobile_vit_trainer | Ep [077/500] T-Acc:  61.3%  V-Acc:  60.2%  V-AUROC: 0.6212  LR: 4.00e-05
2026-08-02 01:57:37,944 | [FULL    ] | INFO | full_experiments_using.model_trainers.mobile_vit_trainer | Ep [078/500] T-Acc:  61.4%  V-Acc:  60.1%  V-AUROC: 0.6232  LR: 4.00e-05
2026-08-02 01:57:52,115 | [FULL    ] | INFO | full_experiments_using.model_trainers.mobile_vit_trainer | Ep [079/500] T-Acc:  60.7%  V-Acc:  59.9%  V-AUROC: 0.6210  LR: 4.00e-05
2026-08-02 01:58:06,459 | [FULL    ] | INFO | full_experiments_using.model_trainers.mobile_vit_trainer | Ep [080/500] T-Acc:  61.0%  V-Acc:  60.3%  V-AUROC: 0.6225  LR: 4.00e-05
2026-08-02 01:58:20,678 | [FULL    ] | INFO | full_experiments_using.model_trainers.mobile_vit_trainer | Ep [081/500] T-Acc:  61.4%  V-Acc:  59.8%  V-AUROC: 0.6220  LR: 4.00e-05
2026-08-02 01:58:34,899 | [FULL    ] | INFO | full_experiments_using.model_trainers.mobile_vit_trainer | Ep [082/500] T-Acc:  61.1%  V-Acc:  60.0%  V-AUROC: 0.6221  LR: 4.00e-05
2026-08-02 01:58:49,122 | [FULL    ] | INFO | full_experiments_using.model_trainers.mobile_vit_trainer | Ep [083/500] T-Acc:  62.1%  V-Acc:  60.2%  V-AUROC: 0.6228  LR: 4.00e-05
2026-08-02 01:59:03,341 | [FULL    ] | INFO | full_experiments_using.model_trainers.mobile_vit_trainer | Ep [084/500] T-Acc:  62.0%  V-Acc:  59.7%  V-AUROC: 0.6235  LR: 4.00e-05
2026-08-02 01:59:03,484 | [FULL    ] | INFO | full_experiments_using.model_trainers.mobile_vit_trainer |   ↳ new best AUROC; saved checkpoint: /home/oem/choihyunsu/VOGBasedMCIDetection/outputs/checkpoints/run_20260801_202901_full_wvote_artifact30_4err/fold_26_best.pth
2026-08-02 01:59:17,815 | [FULL    ] | INFO | full_experiments_using.model_trainers.mobile_vit_trainer | Ep [085/500] T-Acc:  61.8%  V-Acc:  59.9%  V-AUROC: 0.6225  LR: 4.00e-05
2026-08-02 01:59:31,972 | [FULL    ] | INFO | full_experiments_using.model_trainers.mobile_vit_trainer | Ep [086/500] T-Acc:  62.3%  V-Acc:  60.4%  V-AUROC: 0.6231  LR: 4.00e-05
2026-08-02 01:59:46,218 | [FULL    ] | INFO | full_experiments_using.model_trainers.mobile_vit_trainer | Ep [087/500] T-Acc:  62.4%  V-Acc:  60.5%  V-AUROC: 0.6234  LR: 4.00e-05
2026-08-02 02:00:00,498 | [FULL    ] | INFO | full_experiments_using.model_trainers.mobile_vit_trainer | Ep [088/500] T-Acc:  61.5%  V-Acc:  60.4%  V-AUROC: 0.6239  LR: 4.00e-05
2026-08-02 02:00:00,627 | [FULL    ] | INFO | full_experiments_using.model_trainers.mobile_vit_trainer |   ↳ new best AUROC; saved checkpoint: /home/oem/choihyunsu/VOGBasedMCIDetection/outputs/checkpoints/run_20260801_202901_full_wvote_artifact30_4err/fold_26_best.pth
2026-08-02 02:00:14,955 | [FULL    ] | INFO | full_experiments_using.model_trainers.mobile_vit_trainer | Ep [089/500] T-Acc:  60.7%  V-Acc:  60.6%  V-AUROC: 0.6236  LR: 4.00e-05
2026-08-02 02:00:29,078 | [FULL    ] | INFO | full_experiments_using.model_trainers.mobile_vit_trainer | Ep [090/500] T-Acc:  62.1%  V-Acc:  60.1%  V-AUROC: 0.6226  LR: 4.00e-05
2026-08-02 02:00:43,206 | [FULL    ] | INFO | full_experiments_using.model_trainers.mobile_vit_trainer | Ep [091/500] T-Acc:  61.3%  V-Acc:  60.1%  V-AUROC: 0.6226  LR: 4.00e-05
2026-08-02 02:00:57,439 | [FULL    ] | INFO | full_experiments_using.model_trainers.mobile_vit_trainer | Ep [092/500] T-Acc:  62.1%  V-Acc:  59.7%  V-AUROC: 0.6226  LR: 4.00e-05
2026-08-02 02:01:11,854 | [FULL    ] | INFO | full_experiments_using.model_trainers.mobile_vit_trainer | Ep [093/500] T-Acc:  61.8%  V-Acc:  60.0%  V-AUROC: 0.6226  LR: 4.00e-05
2026-08-02 02:01:26,202 | [FULL    ] | INFO | full_experiments_using.model_trainers.mobile_vit_trainer | Ep [094/500] T-Acc:  61.2%  V-Acc:  60.1%  V-AUROC: 0.6233  LR: 4.00e-05
2026-08-02 02:01:40,712 | [FULL    ] | INFO | full_experiments_using.model_trainers.mobile_vit_trainer | Ep [095/500] T-Acc:  61.0%  V-Acc:  60.0%  V-AUROC: 0.6220  LR: 4.00e-05
2026-08-02 02:01:54,989 | [FULL    ] | INFO | full_experiments_using.model_trainers.mobile_vit_trainer | Ep [096/500] T-Acc:  62.3%  V-Acc:  59.9%  V-AUROC: 0.6220  LR: 4.00e-05
2026-08-02 02:02:09,293 | [FULL    ] | INFO | full_experiments_using.model_trainers.mobile_vit_trainer | Ep [097/500] T-Acc:  61.6%  V-Acc:  59.8%  V-AUROC: 0.6228  LR: 4.00e-05
2026-08-02 02:02:23,410 | [FULL    ] | INFO | full_experiments_using.model_trainers.mobile_vit_trainer | Ep [098/500] T-Acc:  61.9%  V-Acc:  60.3%  V-AUROC: 0.6228  LR: 4.00e-05
2026-08-02 02:02:37,613 | [FULL    ] | INFO | full_experiments_using.model_trainers.mobile_vit_trainer | Ep [099/500] T-Acc:  62.2%  V-Acc:  60.2%  V-AUROC: 0.6235  LR: 4.00e-05
2026-08-02 02:02:52,143 | [FULL    ] | INFO | full_experiments_using.model_trainers.mobile_vit_trainer | Ep [100/500] T-Acc:  61.4%  V-Acc:  59.5%  V-AUROC: 0.6224  LR: 8.00e-06
2026-08-02 02:03:06,509 | [FULL    ] | INFO | full_experiments_using.model_trainers.mobile_vit_trainer | Ep [101/500] T-Acc:  61.7%  V-Acc:  60.3%  V-AUROC: 0.6229  LR: 8.00e-06
2026-08-02 02:03:20,871 | [FULL    ] | INFO | full_experiments_using.model_trainers.mobile_vit_trainer | Ep [102/500] T-Acc:  62.2%  V-Acc:  59.8%  V-AUROC: 0.6231  LR: 8.00e-06
2026-08-02 02:03:35,200 | [FULL    ] | INFO | full_experiments_using.model_trainers.mobile_vit_trainer | Ep [103/500] T-Acc:  62.2%  V-Acc:  60.1%  V-AUROC: 0.6230  LR: 8.00e-06
2026-08-02 02:03:49,500 | [FULL    ] | INFO | full_experiments_using.model_trainers.mobile_vit_trainer | Ep [104/500] T-Acc:  60.9%  V-Acc:  59.9%  V-AUROC: 0.6227  LR: 8.00e-06
2026-08-02 02:04:04,001 | [FULL    ] | INFO | full_experiments_using.model_trainers.mobile_vit_trainer | Ep [105/500] T-Acc:  61.1%  V-Acc:  60.3%  V-AUROC: 0.6224  LR: 8.00e-06
2026-08-02 02:04:17,217 | [FULL    ] | INFO | full_experiments_using.model_trainers.mobile_vit_trainer | Ep [106/500] T-Acc:  61.6%  V-Acc:  60.2%  V-AUROC: 0.6235  LR: 8.00e-06
2026-08-02 02:04:30,836 | [FULL    ] | INFO | full_experiments_using.model_trainers.mobile_vit_trainer | Ep [107/500] T-Acc:  62.2%  V-Acc:  59.9%  V-AUROC: 0.6220  LR: 8.00e-06
2026-08-02 02:04:42,762 | [FULL    ] | INFO | full_experiments_using.model_trainers.mobile_vit_trainer | Ep [108/500] T-Acc:  61.4%  V-Acc:  60.7%  V-AUROC: 0.6235  LR: 8.00e-06
2026-08-02 02:04:57,328 | [FULL    ] | INFO | full_experiments_using.model_trainers.mobile_vit_trainer | Ep [109/500] T-Acc:  61.1%  V-Acc:  60.3%  V-AUROC: 0.6229  LR: 8.00e-06
2026-08-02 02:05:11,711 | [FULL    ] | INFO | full_experiments_using.model_trainers.mobile_vit_trainer | Ep [110/500] T-Acc:  59.9%  V-Acc:  60.2%  V-AUROC: 0.6226  LR: 8.00e-06
2026-08-02 02:05:25,691 | [FULL    ] | INFO | full_experiments_using.model_trainers.mobile_vit_trainer | Ep [111/500] T-Acc:  61.7%  V-Acc:  60.0%  V-AUROC: 0.6242  LR: 1.60e-06
2026-08-02 02:05:25,823 | [FULL    ] | INFO | full_experiments_using.model_trainers.mobile_vit_trainer |   ↳ new best AUROC; saved checkpoint: /home/oem/choihyunsu/VOGBasedMCIDetection/outputs/checkpoints/run_20260801_202901_full_wvote_artifact30_4err/fold_26_best.pth
2026-08-02 02:05:40,224 | [FULL    ] | INFO | full_experiments_using.model_trainers.mobile_vit_trainer | Ep [112/500] T-Acc:  61.3%  V-Acc:  60.6%  V-AUROC: 0.6225  LR: 1.60e-06
2026-08-02 02:05:54,579 | [FULL    ] | INFO | full_experiments_using.model_trainers.mobile_vit_trainer | Ep [113/500] T-Acc:  62.0%  V-Acc:  60.0%  V-AUROC: 0.6225  LR: 1.60e-06
2026-08-02 02:06:08,736 | [FULL    ] | INFO | full_experiments_using.model_trainers.mobile_vit_trainer | Ep [114/500] T-Acc:  61.0%  V-Acc:  60.2%  V-AUROC: 0.6229  LR: 1.60e-06
2026-08-02 02:06:23,114 | [FULL    ] | INFO | full_experiments_using.model_trainers.mobile_vit_trainer | Ep [115/500] T-Acc:  62.2%  V-Acc:  60.2%  V-AUROC: 0.6234  LR: 1.60e-06
2026-08-02 02:06:37,533 | [FULL    ] | INFO | full_experiments_using.model_trainers.mobile_vit_trainer | Ep [116/500] T-Acc:  61.1%  V-Acc:  59.7%  V-AUROC: 0.6228  LR: 1.60e-06
2026-08-02 02:06:51,823 | [FULL    ] | INFO | full_experiments_using.model_trainers.mobile_vit_trainer | Ep [117/500] T-Acc:  61.1%  V-Acc:  60.4%  V-AUROC: 0.6240  LR: 1.60e-06
2026-08-02 02:07:06,177 | [FULL    ] | INFO | full_experiments_using.model_trainers.mobile_vit_trainer | Ep [118/500] T-Acc:  61.3%  V-Acc:  59.8%  V-AUROC: 0.6223  LR: 1.60e-06
2026-08-02 02:07:20,305 | [FULL    ] | INFO | full_experiments_using.model_trainers.mobile_vit_trainer | Ep [119/500] T-Acc:  61.5%  V-Acc:  59.9%  V-AUROC: 0.6229  LR: 1.60e-06
2026-08-02 02:07:34,521 | [FULL    ] | INFO | full_experiments_using.model_trainers.mobile_vit_trainer | Ep [120/500] T-Acc:  61.9%  V-Acc:  60.2%  V-AUROC: 0.6225  LR: 1.60e-06
2026-08-02 02:07:48,822 | [FULL    ] | INFO | full_experiments_using.model_trainers.mobile_vit_trainer | Ep [121/500] T-Acc:  61.3%  V-Acc:  60.1%  V-AUROC: 0.6239  LR: 1.60e-06
2026-08-02 02:08:03,075 | [FULL    ] | INFO | full_experiments_using.model_trainers.mobile_vit_trainer | Ep [122/500] T-Acc:  61.9%  V-Acc:  59.8%  V-AUROC: 0.6217  LR: 1.60e-06
2026-08-02 02:08:17,389 | [FULL    ] | INFO | full_experiments_using.model_trainers.mobile_vit_trainer | Ep [123/500] T-Acc:  61.6%  V-Acc:  60.7%  V-AUROC: 0.6218  LR: 1.00e-06
2026-08-02 02:08:31,631 | [FULL    ] | INFO | full_experiments_using.model_trainers.mobile_vit_trainer | Ep [124/500] T-Acc:  62.2%  V-Acc:  60.1%  V-AUROC: 0.6220  LR: 1.00e-06
2026-08-02 02:08:46,086 | [FULL    ] | INFO | full_experiments_using.model_trainers.mobile_vit_trainer | Ep [125/500] T-Acc:  61.5%  V-Acc:  59.6%  V-AUROC: 0.6220  LR: 1.00e-06
2026-08-02 02:09:00,366 | [FULL    ] | INFO | full_experiments_using.model_trainers.mobile_vit_trainer | Ep [126/500] T-Acc:  61.2%  V-Acc:  60.2%  V-AUROC: 0.6226  LR: 1.00e-06
2026-08-02 02:09:14,654 | [FULL    ] | INFO | full_experiments_using.model_trainers.mobile_vit_trainer | Ep [127/500] T-Acc:  61.2%  V-Acc:  59.7%  V-AUROC: 0.6222  LR: 1.00e-06
2026-08-02 02:09:28,859 | [FULL    ] | INFO | full_experiments_using.model_trainers.mobile_vit_trainer | Ep [128/500] T-Acc:  61.1%  V-Acc:  59.7%  V-AUROC: 0.6238  LR: 1.00e-06
2026-08-02 02:09:43,065 | [FULL    ] | INFO | full_experiments_using.model_trainers.mobile_vit_trainer | Ep [129/500] T-Acc:  61.5%  V-Acc:  60.1%  V-AUROC: 0.6228  LR: 1.00e-06
2026-08-02 02:09:57,396 | [FULL    ] | INFO | full_experiments_using.model_trainers.mobile_vit_trainer | Ep [130/500] T-Acc:  61.6%  V-Acc:  59.9%  V-AUROC: 0.6235  LR: 1.00e-06
2026-08-02 02:10:11,399 | [FULL    ] | INFO | full_experiments_using.model_trainers.mobile_vit_trainer | Ep [131/500] T-Acc:  62.4%  V-Acc:  60.2%  V-AUROC: 0.6223  LR: 1.00e-06
2026-08-02 02:10:25,568 | [FULL    ] | INFO | full_experiments_using.model_trainers.mobile_vit_trainer | Ep [132/500] T-Acc:  62.7%  V-Acc:  60.0%  V-AUROC: 0.6218  LR: 1.00e-06
2026-08-02 02:10:39,838 | [FULL    ] | INFO | full_experiments_using.model_trainers.mobile_vit_trainer | Ep [133/500] T-Acc:  61.4%  V-Acc:  60.3%  V-AUROC: 0.6226  LR: 1.00e-06
2026-08-02 02:10:54,076 | [FULL    ] | INFO | full_experiments_using.model_trainers.mobile_vit_trainer | Ep [134/500] T-Acc:  62.2%  V-Acc:  60.3%  V-AUROC: 0.6227  LR: 1.00e-06
2026-08-02 02:11:08,264 | [FULL    ] | INFO | full_experiments_using.model_trainers.mobile_vit_trainer | Ep [135/500] T-Acc:  61.6%  V-Acc:  60.2%  V-AUROC: 0.6232  LR: 1.00e-06
2026-08-02 02:11:22,505 | [FULL    ] | INFO | full_experiments_using.model_trainers.mobile_vit_trainer | Ep [136/500] T-Acc:  61.9%  V-Acc:  60.3%  V-AUROC: 0.6230  LR: 1.00e-06
2026-08-02 02:11:36,986 | [FULL    ] | INFO | full_experiments_using.model_trainers.mobile_vit_trainer | Ep [137/500] T-Acc:  61.6%  V-Acc:  59.9%  V-AUROC: 0.6228  LR: 1.00e-06
2026-08-02 02:11:51,391 | [FULL    ] | INFO | full_experiments_using.model_trainers.mobile_vit_trainer | Ep [138/500] T-Acc:  61.7%  V-Acc:  60.0%  V-AUROC: 0.6219  LR: 1.00e-06
2026-08-02 02:12:05,588 | [FULL    ] | INFO | full_experiments_using.model_trainers.mobile_vit_trainer | Ep [139/500] T-Acc:  62.2%  V-Acc:  60.1%  V-AUROC: 0.6234  LR: 1.00e-06
2026-08-02 02:12:19,965 | [FULL    ] | INFO | full_experiments_using.model_trainers.mobile_vit_trainer | Ep [140/500] T-Acc:  61.8%  V-Acc:  60.2%  V-AUROC: 0.6225  LR: 1.00e-06
2026-08-02 02:12:33,398 | [FULL    ] | INFO | full_experiments_using.model_trainers.mobile_vit_trainer | Ep [141/500] T-Acc:  61.8%  V-Acc:  60.1%  V-AUROC: 0.6221  LR: 1.00e-06
2026-08-02 02:12:33,398 | [FULL    ] | INFO | full_experiments_using.model_trainers.mobile_vit_trainer | Early stop — best AUROC 0.6242 at epoch 111 (no improvement for 30 epochs)
2026-08-02 02:12:33,398 | [FULL    ] | INFO | full_experiments_using.model_trainers.mobile_vit_trainer | Done. Best AUROC: 0.6242 (epoch 111) → /home/oem/choihyunsu/VOGBasedMCIDetection/outputs/checkpoints/run_20260801_202901_full_wvote_artifact30_4err/fold_26_best.pth
2026-08-02 02:12:34,824 | [FULL    ] | INFO | full_experiments_using.evaluators.monte_carlo_evaluator | -> Fold 27 Result | Acc=0.900 Sens=1.000 Spec=0.750 AUROC=1.000
2026-08-02 02:12:34,831 | [FULL    ] | INFO | full_experiments_using.evaluators.monte_carlo_evaluator | === Fold 28/30 | train: 25 subj (HC=9 MCI=16) / 3915 win | test: 12 subj (HC=5 MCI=7) / 1800 win ===
2026-08-02 02:12:35,062 | [FULL    ] | INFO | httpx | HTTP Request: HEAD https://huggingface.co/apple/mobilevit-small/resolve/main/config.json "HTTP/1.1 307 Temporary Redirect"
2026-08-02 02:12:35,073 | [FULL    ] | INFO | httpx | HTTP Request: HEAD https://huggingface.co/api/resolve-cache/models/apple/mobilevit-small/6c8612545dc98676d27bc518fa521d9e9af23e34/config.json "HTTP/1.1 200 OK"
2026-08-02 02:12:35,308 | [FULL    ] | INFO | httpx | HTTP Request: HEAD https://huggingface.co/apple/mobilevit-small/resolve/main/model.safetensors "HTTP/1.1 404 Not Found"
2026-08-02 02:12:35,521 | [FULL    ] | INFO | httpx | HTTP Request: HEAD https://huggingface.co/apple/mobilevit-small/resolve/main/model.safetensors.index.json "HTTP/1.1 404 Not Found"
2026-08-02 02:12:35,733 | [FULL    ] | INFO | httpx | HTTP Request: HEAD https://huggingface.co/apple/mobilevit-small/resolve/main/pytorch_model.bin "HTTP/1.1 302 Found"
2026-08-02 02:12:35,934 | [FULL    ] | INFO | httpx | HTTP Request: HEAD https://huggingface.co/apple/mobilevit-small/resolve/main/model.safetensors "HTTP/1.1 404 Not Found"
2026-08-02 02:12:36,175 | [FULL    ] | INFO | httpx | HTTP Request: GET https://huggingface.co/api/models/apple/mobilevit-small "HTTP/1.1 200 OK"
2026-08-02 02:12:36,346 | [FULL    ] | INFO | full_experiments_using.model_trainers.mobile_vit_trainer | Device: cuda | max_epochs=500 | batch=32 | eval_batch=256 | es_patience=30
2026-08-02 02:12:36,352 | [FULL    ] | INFO | full_experiments_using.model_trainers.mobile_vit_trainer | CE weights — HC: 1.171  MCI: 0.873
2026-08-02 02:12:36,394 | [FULL    ] | INFO | httpx | HTTP Request: GET https://huggingface.co/api/models/apple/mobilevit-small/commits/main "HTTP/1.1 200 OK"
2026-08-02 02:12:36,617 | [FULL    ] | INFO | httpx | HTTP Request: GET https://huggingface.co/api/models/apple/mobilevit-small/discussions?p=0 "HTTP/1.1 200 OK"
2026-08-02 02:12:36,833 | [FULL    ] | INFO | httpx | HTTP Request: GET https://huggingface.co/api/models/apple/mobilevit-small/commits/refs%2Fpr%2F6 "HTTP/1.1 200 OK"
2026-08-02 02:12:37,029 | [FULL    ] | INFO | httpx | HTTP Request: HEAD https://huggingface.co/apple/mobilevit-small/resolve/refs%2Fpr%2F6/model.safetensors.index.json "HTTP/1.1 404 Not Found"
2026-08-02 02:12:37,236 | [FULL    ] | INFO | httpx | HTTP Request: HEAD https://huggingface.co/apple/mobilevit-small/resolve/refs%2Fpr%2F6/model.safetensors "HTTP/1.1 302 Found"
2026-08-02 02:12:53,339 | [FULL    ] | INFO | full_experiments_using.model_trainers.mobile_vit_trainer | Ep [001/500] T-Acc:  45.5%  V-Acc:  46.9%  V-AUROC: 0.5159  LR: 2.00e-04
2026-08-02 02:12:53,414 | [FULL    ] | INFO | full_experiments_using.model_trainers.mobile_vit_trainer |   ↳ new best AUROC; saved checkpoint: /home/oem/choihyunsu/VOGBasedMCIDetection/outputs/checkpoints/run_20260801_202901_full_wvote_artifact30_4err/fold_27_best.pth
2026-08-02 02:13:08,174 | [FULL    ] | INFO | full_experiments_using.model_trainers.mobile_vit_trainer | Ep [002/500] T-Acc:  46.7%  V-Acc:  48.7%  V-AUROC: 0.5326  LR: 4.00e-04
2026-08-02 02:13:08,292 | [FULL    ] | INFO | full_experiments_using.model_trainers.mobile_vit_trainer |   ↳ new best AUROC; saved checkpoint: /home/oem/choihyunsu/VOGBasedMCIDetection/outputs/checkpoints/run_20260801_202901_full_wvote_artifact30_4err/fold_27_best.pth
2026-08-02 02:13:22,642 | [FULL    ] | INFO | full_experiments_using.model_trainers.mobile_vit_trainer | Ep [003/500] T-Acc:  48.7%  V-Acc:  49.5%  V-AUROC: 0.5440  LR: 6.00e-04
2026-08-02 02:13:22,757 | [FULL    ] | INFO | full_experiments_using.model_trainers.mobile_vit_trainer |   ↳ new best AUROC; saved checkpoint: /home/oem/choihyunsu/VOGBasedMCIDetection/outputs/checkpoints/run_20260801_202901_full_wvote_artifact30_4err/fold_27_best.pth
2026-08-02 02:13:37,083 | [FULL    ] | INFO | full_experiments_using.model_trainers.mobile_vit_trainer | Ep [004/500] T-Acc:  49.8%  V-Acc:  51.1%  V-AUROC: 0.5517  LR: 8.00e-04
2026-08-02 02:13:37,200 | [FULL    ] | INFO | full_experiments_using.model_trainers.mobile_vit_trainer |   ↳ new best AUROC; saved checkpoint: /home/oem/choihyunsu/VOGBasedMCIDetection/outputs/checkpoints/run_20260801_202901_full_wvote_artifact30_4err/fold_27_best.pth
2026-08-02 02:13:51,532 | [FULL    ] | INFO | full_experiments_using.model_trainers.mobile_vit_trainer | Ep [005/500] T-Acc:  52.8%  V-Acc:  54.2%  V-AUROC: 0.5627  LR: 1.00e-03
2026-08-02 02:13:51,613 | [FULL    ] | INFO | full_experiments_using.model_trainers.mobile_vit_trainer |   ↳ new best AUROC; saved checkpoint: /home/oem/choihyunsu/VOGBasedMCIDetection/outputs/checkpoints/run_20260801_202901_full_wvote_artifact30_4err/fold_27_best.pth
2026-08-02 02:14:06,073 | [FULL    ] | INFO | full_experiments_using.model_trainers.mobile_vit_trainer | Ep [006/500] T-Acc:  54.0%  V-Acc:  55.3%  V-AUROC: 0.5707  LR: 1.00e-03
2026-08-02 02:14:06,189 | [FULL    ] | INFO | full_experiments_using.model_trainers.mobile_vit_trainer |   ↳ new best AUROC; saved checkpoint: /home/oem/choihyunsu/VOGBasedMCIDetection/outputs/checkpoints/run_20260801_202901_full_wvote_artifact30_4err/fold_27_best.pth
2026-08-02 02:14:20,592 | [FULL    ] | INFO | full_experiments_using.model_trainers.mobile_vit_trainer | Ep [007/500] T-Acc:  54.2%  V-Acc:  56.2%  V-AUROC: 0.5802  LR: 1.00e-03
2026-08-02 02:14:20,708 | [FULL    ] | INFO | full_experiments_using.model_trainers.mobile_vit_trainer |   ↳ new best AUROC; saved checkpoint: /home/oem/choihyunsu/VOGBasedMCIDetection/outputs/checkpoints/run_20260801_202901_full_wvote_artifact30_4err/fold_27_best.pth
2026-08-02 02:14:35,079 | [FULL    ] | INFO | full_experiments_using.model_trainers.mobile_vit_trainer | Ep [008/500] T-Acc:  56.5%  V-Acc:  56.3%  V-AUROC: 0.5787  LR: 1.00e-03
2026-08-02 02:14:49,690 | [FULL    ] | INFO | full_experiments_using.model_trainers.mobile_vit_trainer | Ep [009/500] T-Acc:  57.5%  V-Acc:  55.1%  V-AUROC: 0.5822  LR: 1.00e-03
2026-08-02 02:14:49,806 | [FULL    ] | INFO | full_experiments_using.model_trainers.mobile_vit_trainer |   ↳ new best AUROC; saved checkpoint: /home/oem/choihyunsu/VOGBasedMCIDetection/outputs/checkpoints/run_20260801_202901_full_wvote_artifact30_4err/fold_27_best.pth
2026-08-02 02:15:04,262 | [FULL    ] | INFO | full_experiments_using.model_trainers.mobile_vit_trainer | Ep [010/500] T-Acc:  56.5%  V-Acc:  55.9%  V-AUROC: 0.5829  LR: 1.00e-03
2026-08-02 02:15:04,379 | [FULL    ] | INFO | full_experiments_using.model_trainers.mobile_vit_trainer |   ↳ new best AUROC; saved checkpoint: /home/oem/choihyunsu/VOGBasedMCIDetection/outputs/checkpoints/run_20260801_202901_full_wvote_artifact30_4err/fold_27_best.pth
2026-08-02 02:15:18,739 | [FULL    ] | INFO | full_experiments_using.model_trainers.mobile_vit_trainer | Ep [011/500] T-Acc:  58.1%  V-Acc:  56.2%  V-AUROC: 0.5796  LR: 1.00e-03
2026-08-02 02:15:33,265 | [FULL    ] | INFO | full_experiments_using.model_trainers.mobile_vit_trainer | Ep [012/500] T-Acc:  57.9%  V-Acc:  56.1%  V-AUROC: 0.5857  LR: 1.00e-03
2026-08-02 02:15:33,396 | [FULL    ] | INFO | full_experiments_using.model_trainers.mobile_vit_trainer |   ↳ new best AUROC; saved checkpoint: /home/oem/choihyunsu/VOGBasedMCIDetection/outputs/checkpoints/run_20260801_202901_full_wvote_artifact30_4err/fold_27_best.pth
2026-08-02 02:15:48,158 | [FULL    ] | INFO | full_experiments_using.model_trainers.mobile_vit_trainer | Ep [013/500] T-Acc:  59.6%  V-Acc:  55.8%  V-AUROC: 0.5807  LR: 1.00e-03
2026-08-02 02:16:02,527 | [FULL    ] | INFO | full_experiments_using.model_trainers.mobile_vit_trainer | Ep [014/500] T-Acc:  59.0%  V-Acc:  55.2%  V-AUROC: 0.5808  LR: 1.00e-03
2026-08-02 02:16:16,742 | [FULL    ] | INFO | full_experiments_using.model_trainers.mobile_vit_trainer | Ep [015/500] T-Acc:  60.2%  V-Acc:  55.7%  V-AUROC: 0.5845  LR: 1.00e-03
2026-08-02 02:16:30,828 | [FULL    ] | INFO | full_experiments_using.model_trainers.mobile_vit_trainer | Ep [016/500] T-Acc:  59.0%  V-Acc:  55.3%  V-AUROC: 0.5847  LR: 1.00e-03
2026-08-02 02:16:44,984 | [FULL    ] | INFO | full_experiments_using.model_trainers.mobile_vit_trainer | Ep [017/500] T-Acc:  60.0%  V-Acc:  55.8%  V-AUROC: 0.5867  LR: 1.00e-03
2026-08-02 02:16:45,096 | [FULL    ] | INFO | full_experiments_using.model_trainers.mobile_vit_trainer |   ↳ new best AUROC; saved checkpoint: /home/oem/choihyunsu/VOGBasedMCIDetection/outputs/checkpoints/run_20260801_202901_full_wvote_artifact30_4err/fold_27_best.pth
2026-08-02 02:16:59,451 | [FULL    ] | INFO | full_experiments_using.model_trainers.mobile_vit_trainer | Ep [018/500] T-Acc:  59.6%  V-Acc:  55.8%  V-AUROC: 0.5865  LR: 1.00e-03
2026-08-02 02:17:13,721 | [FULL    ] | INFO | full_experiments_using.model_trainers.mobile_vit_trainer | Ep [019/500] T-Acc:  61.6%  V-Acc:  55.8%  V-AUROC: 0.5891  LR: 1.00e-03
2026-08-02 02:17:13,838 | [FULL    ] | INFO | full_experiments_using.model_trainers.mobile_vit_trainer |   ↳ new best AUROC; saved checkpoint: /home/oem/choihyunsu/VOGBasedMCIDetection/outputs/checkpoints/run_20260801_202901_full_wvote_artifact30_4err/fold_27_best.pth
2026-08-02 02:17:28,137 | [FULL    ] | INFO | full_experiments_using.model_trainers.mobile_vit_trainer | Ep [020/500] T-Acc:  60.6%  V-Acc:  55.9%  V-AUROC: 0.5856  LR: 1.00e-03
2026-08-02 02:17:42,314 | [FULL    ] | INFO | full_experiments_using.model_trainers.mobile_vit_trainer | Ep [021/500] T-Acc:  60.5%  V-Acc:  56.3%  V-AUROC: 0.5910  LR: 1.00e-03
2026-08-02 02:17:42,432 | [FULL    ] | INFO | full_experiments_using.model_trainers.mobile_vit_trainer |   ↳ new best AUROC; saved checkpoint: /home/oem/choihyunsu/VOGBasedMCIDetection/outputs/checkpoints/run_20260801_202901_full_wvote_artifact30_4err/fold_27_best.pth
2026-08-02 02:17:56,470 | [FULL    ] | INFO | full_experiments_using.model_trainers.mobile_vit_trainer | Ep [022/500] T-Acc:  61.3%  V-Acc:  56.3%  V-AUROC: 0.5876  LR: 1.00e-03
2026-08-02 02:18:10,732 | [FULL    ] | INFO | full_experiments_using.model_trainers.mobile_vit_trainer | Ep [023/500] T-Acc:  61.1%  V-Acc:  56.2%  V-AUROC: 0.5897  LR: 1.00e-03
2026-08-02 02:18:25,114 | [FULL    ] | INFO | full_experiments_using.model_trainers.mobile_vit_trainer | Ep [024/500] T-Acc:  61.1%  V-Acc:  56.0%  V-AUROC: 0.5858  LR: 1.00e-03
2026-08-02 02:18:39,518 | [FULL    ] | INFO | full_experiments_using.model_trainers.mobile_vit_trainer | Ep [025/500] T-Acc:  61.9%  V-Acc:  56.5%  V-AUROC: 0.5905  LR: 1.00e-03
2026-08-02 02:18:54,037 | [FULL    ] | INFO | full_experiments_using.model_trainers.mobile_vit_trainer | Ep [026/500] T-Acc:  61.8%  V-Acc:  56.0%  V-AUROC: 0.5932  LR: 1.00e-03
2026-08-02 02:18:54,158 | [FULL    ] | INFO | full_experiments_using.model_trainers.mobile_vit_trainer |   ↳ new best AUROC; saved checkpoint: /home/oem/choihyunsu/VOGBasedMCIDetection/outputs/checkpoints/run_20260801_202901_full_wvote_artifact30_4err/fold_27_best.pth
2026-08-02 02:19:08,674 | [FULL    ] | INFO | full_experiments_using.model_trainers.mobile_vit_trainer | Ep [027/500] T-Acc:  61.6%  V-Acc:  56.5%  V-AUROC: 0.5864  LR: 1.00e-03
2026-08-02 02:19:23,012 | [FULL    ] | INFO | full_experiments_using.model_trainers.mobile_vit_trainer | Ep [028/500] T-Acc:  60.9%  V-Acc:  56.3%  V-AUROC: 0.5930  LR: 1.00e-03
2026-08-02 02:19:37,493 | [FULL    ] | INFO | full_experiments_using.model_trainers.mobile_vit_trainer | Ep [029/500] T-Acc:  61.6%  V-Acc:  55.6%  V-AUROC: 0.5921  LR: 1.00e-03
2026-08-02 02:19:52,119 | [FULL    ] | INFO | full_experiments_using.model_trainers.mobile_vit_trainer | Ep [030/500] T-Acc:  61.8%  V-Acc:  56.7%  V-AUROC: 0.5936  LR: 1.00e-03
2026-08-02 02:19:52,234 | [FULL    ] | INFO | full_experiments_using.model_trainers.mobile_vit_trainer |   ↳ new best AUROC; saved checkpoint: /home/oem/choihyunsu/VOGBasedMCIDetection/outputs/checkpoints/run_20260801_202901_full_wvote_artifact30_4err/fold_27_best.pth
2026-08-02 02:20:06,755 | [FULL    ] | INFO | full_experiments_using.model_trainers.mobile_vit_trainer | Ep [031/500] T-Acc:  61.3%  V-Acc:  56.6%  V-AUROC: 0.5910  LR: 1.00e-03
2026-08-02 02:20:21,082 | [FULL    ] | INFO | full_experiments_using.model_trainers.mobile_vit_trainer | Ep [032/500] T-Acc:  61.4%  V-Acc:  56.0%  V-AUROC: 0.5936  LR: 1.00e-03
2026-08-02 02:20:21,200 | [FULL    ] | INFO | full_experiments_using.model_trainers.mobile_vit_trainer |   ↳ new best AUROC; saved checkpoint: /home/oem/choihyunsu/VOGBasedMCIDetection/outputs/checkpoints/run_20260801_202901_full_wvote_artifact30_4err/fold_27_best.pth
2026-08-02 02:20:35,521 | [FULL    ] | INFO | full_experiments_using.model_trainers.mobile_vit_trainer | Ep [033/500] T-Acc:  62.3%  V-Acc:  56.1%  V-AUROC: 0.5945  LR: 1.00e-03
2026-08-02 02:20:35,640 | [FULL    ] | INFO | full_experiments_using.model_trainers.mobile_vit_trainer |   ↳ new best AUROC; saved checkpoint: /home/oem/choihyunsu/VOGBasedMCIDetection/outputs/checkpoints/run_20260801_202901_full_wvote_artifact30_4err/fold_27_best.pth
2026-08-02 02:20:49,974 | [FULL    ] | INFO | full_experiments_using.model_trainers.mobile_vit_trainer | Ep [034/500] T-Acc:  62.3%  V-Acc:  56.4%  V-AUROC: 0.5952  LR: 1.00e-03
2026-08-02 02:20:50,051 | [FULL    ] | INFO | full_experiments_using.model_trainers.mobile_vit_trainer |   ↳ new best AUROC; saved checkpoint: /home/oem/choihyunsu/VOGBasedMCIDetection/outputs/checkpoints/run_20260801_202901_full_wvote_artifact30_4err/fold_27_best.pth
2026-08-02 02:21:04,727 | [FULL    ] | INFO | full_experiments_using.model_trainers.mobile_vit_trainer | Ep [035/500] T-Acc:  62.1%  V-Acc:  56.0%  V-AUROC: 0.5916  LR: 1.00e-03
2026-08-02 02:21:19,246 | [FULL    ] | INFO | full_experiments_using.model_trainers.mobile_vit_trainer | Ep [036/500] T-Acc:  63.0%  V-Acc:  57.3%  V-AUROC: 0.5905  LR: 1.00e-03
2026-08-02 02:21:33,583 | [FULL    ] | INFO | full_experiments_using.model_trainers.mobile_vit_trainer | Ep [037/500] T-Acc:  62.0%  V-Acc:  55.5%  V-AUROC: 0.5916  LR: 1.00e-03
2026-08-02 02:21:48,058 | [FULL    ] | INFO | full_experiments_using.model_trainers.mobile_vit_trainer | Ep [038/500] T-Acc:  62.1%  V-Acc:  55.5%  V-AUROC: 0.5915  LR: 1.00e-03
2026-08-02 02:22:02,617 | [FULL    ] | INFO | full_experiments_using.model_trainers.mobile_vit_trainer | Ep [039/500] T-Acc:  63.4%  V-Acc:  56.2%  V-AUROC: 0.5922  LR: 1.00e-03
2026-08-02 02:22:16,968 | [FULL    ] | INFO | full_experiments_using.model_trainers.mobile_vit_trainer | Ep [040/500] T-Acc:  62.7%  V-Acc:  56.6%  V-AUROC: 0.5924  LR: 1.00e-03
2026-08-02 02:22:31,400 | [FULL    ] | INFO | full_experiments_using.model_trainers.mobile_vit_trainer | Ep [041/500] T-Acc:  62.7%  V-Acc:  55.8%  V-AUROC: 0.5966  LR: 1.00e-03
2026-08-02 02:22:31,508 | [FULL    ] | INFO | full_experiments_using.model_trainers.mobile_vit_trainer |   ↳ new best AUROC; saved checkpoint: /home/oem/choihyunsu/VOGBasedMCIDetection/outputs/checkpoints/run_20260801_202901_full_wvote_artifact30_4err/fold_27_best.pth
2026-08-02 02:22:46,133 | [FULL    ] | INFO | full_experiments_using.model_trainers.mobile_vit_trainer | Ep [042/500] T-Acc:  63.5%  V-Acc:  55.6%  V-AUROC: 0.5931  LR: 1.00e-03
2026-08-02 02:23:00,565 | [FULL    ] | INFO | full_experiments_using.model_trainers.mobile_vit_trainer | Ep [043/500] T-Acc:  64.0%  V-Acc:  55.1%  V-AUROC: 0.5913  LR: 1.00e-03
2026-08-02 02:23:14,981 | [FULL    ] | INFO | full_experiments_using.model_trainers.mobile_vit_trainer | Ep [044/500] T-Acc:  63.3%  V-Acc:  55.5%  V-AUROC: 0.5890  LR: 1.00e-03
2026-08-02 02:23:29,294 | [FULL    ] | INFO | full_experiments_using.model_trainers.mobile_vit_trainer | Ep [045/500] T-Acc:  62.7%  V-Acc:  54.8%  V-AUROC: 0.5913  LR: 1.00e-03
2026-08-02 02:23:43,733 | [FULL    ] | INFO | full_experiments_using.model_trainers.mobile_vit_trainer | Ep [046/500] T-Acc:  63.6%  V-Acc:  55.7%  V-AUROC: 0.5894  LR: 1.00e-03
2026-08-02 02:23:58,166 | [FULL    ] | INFO | full_experiments_using.model_trainers.mobile_vit_trainer | Ep [047/500] T-Acc:  63.0%  V-Acc:  54.8%  V-AUROC: 0.5909  LR: 1.00e-03
2026-08-02 02:24:12,593 | [FULL    ] | INFO | full_experiments_using.model_trainers.mobile_vit_trainer | Ep [048/500] T-Acc:  63.7%  V-Acc:  55.1%  V-AUROC: 0.5869  LR: 1.00e-03
2026-08-02 02:24:26,901 | [FULL    ] | INFO | full_experiments_using.model_trainers.mobile_vit_trainer | Ep [049/500] T-Acc:  63.5%  V-Acc:  54.2%  V-AUROC: 0.5853  LR: 1.00e-03
2026-08-02 02:24:41,163 | [FULL    ] | INFO | full_experiments_using.model_trainers.mobile_vit_trainer | Ep [050/500] T-Acc:  63.1%  V-Acc:  54.6%  V-AUROC: 0.5827  LR: 1.00e-03
2026-08-02 02:24:55,797 | [FULL    ] | INFO | full_experiments_using.model_trainers.mobile_vit_trainer | Ep [051/500] T-Acc:  64.0%  V-Acc:  54.8%  V-AUROC: 0.5908  LR: 1.00e-03
2026-08-02 02:25:10,281 | [FULL    ] | INFO | full_experiments_using.model_trainers.mobile_vit_trainer | Ep [052/500] T-Acc:  63.4%  V-Acc:  54.3%  V-AUROC: 0.5908  LR: 1.00e-03
2026-08-02 02:25:24,749 | [FULL    ] | INFO | full_experiments_using.model_trainers.mobile_vit_trainer | Ep [053/500] T-Acc:  63.1%  V-Acc:  55.1%  V-AUROC: 0.5882  LR: 2.00e-04
2026-08-02 02:25:39,103 | [FULL    ] | INFO | full_experiments_using.model_trainers.mobile_vit_trainer | Ep [054/500] T-Acc:  63.4%  V-Acc:  55.2%  V-AUROC: 0.5886  LR: 2.00e-04
2026-08-02 02:25:53,591 | [FULL    ] | INFO | full_experiments_using.model_trainers.mobile_vit_trainer | Ep [055/500] T-Acc:  63.6%  V-Acc:  55.5%  V-AUROC: 0.5889  LR: 2.00e-04
2026-08-02 02:26:07,707 | [FULL    ] | INFO | full_experiments_using.model_trainers.mobile_vit_trainer | Ep [056/500] T-Acc:  63.6%  V-Acc:  54.8%  V-AUROC: 0.5884  LR: 2.00e-04
2026-08-02 02:26:20,723 | [FULL    ] | INFO | full_experiments_using.model_trainers.mobile_vit_trainer | Ep [057/500] T-Acc:  64.1%  V-Acc:  55.7%  V-AUROC: 0.5923  LR: 2.00e-04
2026-08-02 02:26:32,923 | [FULL    ] | INFO | full_experiments_using.model_trainers.mobile_vit_trainer | Ep [058/500] T-Acc:  63.1%  V-Acc:  55.3%  V-AUROC: 0.5920  LR: 2.00e-04
2026-08-02 02:26:47,836 | [FULL    ] | INFO | full_experiments_using.model_trainers.mobile_vit_trainer | Ep [059/500] T-Acc:  63.3%  V-Acc:  55.1%  V-AUROC: 0.5914  LR: 2.00e-04
2026-08-02 02:27:02,246 | [FULL    ] | INFO | full_experiments_using.model_trainers.mobile_vit_trainer | Ep [060/500] T-Acc:  64.2%  V-Acc:  55.9%  V-AUROC: 0.5910  LR: 2.00e-04
2026-08-02 02:27:16,772 | [FULL    ] | INFO | full_experiments_using.model_trainers.mobile_vit_trainer | Ep [061/500] T-Acc:  63.9%  V-Acc:  55.8%  V-AUROC: 0.5925  LR: 2.00e-04
2026-08-02 02:27:30,961 | [FULL    ] | INFO | full_experiments_using.model_trainers.mobile_vit_trainer | Ep [062/500] T-Acc:  64.1%  V-Acc:  55.8%  V-AUROC: 0.5929  LR: 2.00e-04
2026-08-02 02:27:45,037 | [FULL    ] | INFO | full_experiments_using.model_trainers.mobile_vit_trainer | Ep [063/500] T-Acc:  65.0%  V-Acc:  55.4%  V-AUROC: 0.5941  LR: 2.00e-04
2026-08-02 02:27:59,264 | [FULL    ] | INFO | full_experiments_using.model_trainers.mobile_vit_trainer | Ep [064/500] T-Acc:  63.8%  V-Acc:  55.7%  V-AUROC: 0.5943  LR: 4.00e-05
2026-08-02 02:28:13,543 | [FULL    ] | INFO | full_experiments_using.model_trainers.mobile_vit_trainer | Ep [065/500] T-Acc:  64.0%  V-Acc:  55.2%  V-AUROC: 0.5921  LR: 4.00e-05
2026-08-02 02:28:27,977 | [FULL    ] | INFO | full_experiments_using.model_trainers.mobile_vit_trainer | Ep [066/500] T-Acc:  63.5%  V-Acc:  55.1%  V-AUROC: 0.5928  LR: 4.00e-05
2026-08-02 02:28:42,374 | [FULL    ] | INFO | full_experiments_using.model_trainers.mobile_vit_trainer | Ep [067/500] T-Acc:  63.8%  V-Acc:  55.5%  V-AUROC: 0.5933  LR: 4.00e-05
2026-08-02 02:28:56,819 | [FULL    ] | INFO | full_experiments_using.model_trainers.mobile_vit_trainer | Ep [068/500] T-Acc:  64.3%  V-Acc:  55.2%  V-AUROC: 0.5923  LR: 4.00e-05
2026-08-02 02:29:11,393 | [FULL    ] | INFO | full_experiments_using.model_trainers.mobile_vit_trainer | Ep [069/500] T-Acc:  64.2%  V-Acc:  54.9%  V-AUROC: 0.5927  LR: 4.00e-05
2026-08-02 02:29:25,628 | [FULL    ] | INFO | full_experiments_using.model_trainers.mobile_vit_trainer | Ep [070/500] T-Acc:  64.3%  V-Acc:  55.6%  V-AUROC: 0.5917  LR: 4.00e-05
2026-08-02 02:29:39,831 | [FULL    ] | INFO | full_experiments_using.model_trainers.mobile_vit_trainer | Ep [071/500] T-Acc:  63.3%  V-Acc:  55.2%  V-AUROC: 0.5920  LR: 4.00e-05
2026-08-02 02:29:39,871 | [FULL    ] | INFO | full_experiments_using.model_trainers.mobile_vit_trainer | Early stop — best AUROC 0.5966 at epoch 41 (no improvement for 30 epochs)
2026-08-02 02:29:39,871 | [FULL    ] | INFO | full_experiments_using.model_trainers.mobile_vit_trainer | Done. Best AUROC: 0.5966 (epoch 41) → /home/oem/choihyunsu/VOGBasedMCIDetection/outputs/checkpoints/run_20260801_202901_full_wvote_artifact30_4err/fold_27_best.pth
2026-08-02 02:29:43,459 | [FULL    ] | INFO | full_experiments_using.evaluators.monte_carlo_evaluator | -> Fold 28 Result | Acc=1.000 Sens=1.000 Spec=1.000 AUROC=1.000
2026-08-02 02:29:43,465 | [FULL    ] | INFO | full_experiments_using.evaluators.monte_carlo_evaluator | === Fold 29/30 | train: 25 subj (HC=12 MCI=13) / 3949 win | test: 12 subj (HC=2 MCI=10) / 1766 win ===
2026-08-02 02:29:43,696 | [FULL    ] | INFO | httpx | HTTP Request: HEAD https://huggingface.co/apple/mobilevit-small/resolve/main/config.json "HTTP/1.1 307 Temporary Redirect"
2026-08-02 02:29:43,705 | [FULL    ] | INFO | httpx | HTTP Request: HEAD https://huggingface.co/api/resolve-cache/models/apple/mobilevit-small/6c8612545dc98676d27bc518fa521d9e9af23e34/config.json "HTTP/1.1 200 OK"
2026-08-02 02:29:43,933 | [FULL    ] | INFO | httpx | HTTP Request: HEAD https://huggingface.co/apple/mobilevit-small/resolve/main/model.safetensors "HTTP/1.1 404 Not Found"
2026-08-02 02:29:44,139 | [FULL    ] | INFO | httpx | HTTP Request: HEAD https://huggingface.co/apple/mobilevit-small/resolve/main/model.safetensors.index.json "HTTP/1.1 404 Not Found"
2026-08-02 02:29:44,350 | [FULL    ] | INFO | httpx | HTTP Request: HEAD https://huggingface.co/apple/mobilevit-small/resolve/main/pytorch_model.bin "HTTP/1.1 302 Found"
2026-08-02 02:29:44,552 | [FULL    ] | INFO | httpx | HTTP Request: HEAD https://huggingface.co/apple/mobilevit-small/resolve/main/model.safetensors "HTTP/1.1 404 Not Found"
2026-08-02 02:29:44,756 | [FULL    ] | INFO | httpx | HTTP Request: GET https://huggingface.co/api/models/apple/mobilevit-small "HTTP/1.1 200 OK"
2026-08-02 02:29:44,960 | [FULL    ] | INFO | full_experiments_using.model_trainers.mobile_vit_trainer | Device: cuda | max_epochs=500 | batch=32 | eval_batch=256 | es_patience=30
2026-08-02 02:29:44,977 | [FULL    ] | INFO | httpx | HTTP Request: GET https://huggingface.co/api/models/apple/mobilevit-small/commits/main "HTTP/1.1 200 OK"
2026-08-02 02:29:45,006 | [FULL    ] | INFO | full_experiments_using.model_trainers.mobile_vit_trainer | CE weights — HC: 0.939  MCI: 1.070
2026-08-02 02:29:45,222 | [FULL    ] | INFO | httpx | HTTP Request: GET https://huggingface.co/api/models/apple/mobilevit-small/discussions?p=0 "HTTP/1.1 200 OK"
2026-08-02 02:29:45,437 | [FULL    ] | INFO | httpx | HTTP Request: GET https://huggingface.co/api/models/apple/mobilevit-small/commits/refs%2Fpr%2F6 "HTTP/1.1 200 OK"
2026-08-02 02:29:45,640 | [FULL    ] | INFO | httpx | HTTP Request: HEAD https://huggingface.co/apple/mobilevit-small/resolve/refs%2Fpr%2F6/model.safetensors.index.json "HTTP/1.1 404 Not Found"
2026-08-02 02:29:45,846 | [FULL    ] | INFO | httpx | HTTP Request: HEAD https://huggingface.co/apple/mobilevit-small/resolve/refs%2Fpr%2F6/model.safetensors "HTTP/1.1 302 Found"
2026-08-02 02:30:09,322 | [FULL    ] | INFO | full_experiments_using.model_trainers.mobile_vit_trainer | Ep [001/500] T-Acc:  51.4%  V-Acc:  53.3%  V-AUROC: 0.5371  LR: 2.00e-04
2026-08-02 02:30:09,385 | [FULL    ] | INFO | full_experiments_using.model_trainers.mobile_vit_trainer |   ↳ new best AUROC; saved checkpoint: /home/oem/choihyunsu/VOGBasedMCIDetection/outputs/checkpoints/run_20260801_202901_full_wvote_artifact30_4err/fold_28_best.pth
2026-08-02 02:30:24,198 | [FULL    ] | INFO | full_experiments_using.model_trainers.mobile_vit_trainer | Ep [002/500] T-Acc:  50.4%  V-Acc:  51.2%  V-AUROC: 0.5336  LR: 4.00e-04
2026-08-02 02:30:38,350 | [FULL    ] | INFO | full_experiments_using.model_trainers.mobile_vit_trainer | Ep [003/500] T-Acc:  50.7%  V-Acc:  53.1%  V-AUROC: 0.5565  LR: 6.00e-04
2026-08-02 02:30:38,470 | [FULL    ] | INFO | full_experiments_using.model_trainers.mobile_vit_trainer |   ↳ new best AUROC; saved checkpoint: /home/oem/choihyunsu/VOGBasedMCIDetection/outputs/checkpoints/run_20260801_202901_full_wvote_artifact30_4err/fold_28_best.pth
2026-08-02 02:30:53,242 | [FULL    ] | INFO | full_experiments_using.model_trainers.mobile_vit_trainer | Ep [004/500] T-Acc:  50.3%  V-Acc:  55.9%  V-AUROC: 0.5647  LR: 8.00e-04
2026-08-02 02:30:53,350 | [FULL    ] | INFO | full_experiments_using.model_trainers.mobile_vit_trainer |   ↳ new best AUROC; saved checkpoint: /home/oem/choihyunsu/VOGBasedMCIDetection/outputs/checkpoints/run_20260801_202901_full_wvote_artifact30_4err/fold_28_best.pth
2026-08-02 02:31:07,601 | [FULL    ] | INFO | full_experiments_using.model_trainers.mobile_vit_trainer | Ep [005/500] T-Acc:  52.5%  V-Acc:  55.5%  V-AUROC: 0.5403  LR: 1.00e-03
2026-08-02 02:31:21,899 | [FULL    ] | INFO | full_experiments_using.model_trainers.mobile_vit_trainer | Ep [006/500] T-Acc:  51.4%  V-Acc:  57.7%  V-AUROC: 0.5901  LR: 1.00e-03
2026-08-02 02:31:22,016 | [FULL    ] | INFO | full_experiments_using.model_trainers.mobile_vit_trainer |   ↳ new best AUROC; saved checkpoint: /home/oem/choihyunsu/VOGBasedMCIDetection/outputs/checkpoints/run_20260801_202901_full_wvote_artifact30_4err/fold_28_best.pth
2026-08-02 02:31:36,549 | [FULL    ] | INFO | full_experiments_using.model_trainers.mobile_vit_trainer | Ep [007/500] T-Acc:  51.8%  V-Acc:  56.3%  V-AUROC: 0.5666  LR: 1.00e-03
2026-08-02 02:31:50,912 | [FULL    ] | INFO | full_experiments_using.model_trainers.mobile_vit_trainer | Ep [008/500] T-Acc:  52.0%  V-Acc:  51.6%  V-AUROC: 0.5907  LR: 1.00e-03
2026-08-02 02:31:51,032 | [FULL    ] | INFO | full_experiments_using.model_trainers.mobile_vit_trainer |   ↳ new best AUROC; saved checkpoint: /home/oem/choihyunsu/VOGBasedMCIDetection/outputs/checkpoints/run_20260801_202901_full_wvote_artifact30_4err/fold_28_best.pth
2026-08-02 02:32:05,684 | [FULL    ] | INFO | full_experiments_using.model_trainers.mobile_vit_trainer | Ep [009/500] T-Acc:  52.2%  V-Acc:  55.8%  V-AUROC: 0.5966  LR: 1.00e-03
2026-08-02 02:32:05,805 | [FULL    ] | INFO | full_experiments_using.model_trainers.mobile_vit_trainer |   ↳ new best AUROC; saved checkpoint: /home/oem/choihyunsu/VOGBasedMCIDetection/outputs/checkpoints/run_20260801_202901_full_wvote_artifact30_4err/fold_28_best.pth
2026-08-02 02:32:20,283 | [FULL    ] | INFO | full_experiments_using.model_trainers.mobile_vit_trainer | Ep [010/500] T-Acc:  53.9%  V-Acc:  58.7%  V-AUROC: 0.5677  LR: 1.00e-03
2026-08-02 02:32:34,722 | [FULL    ] | INFO | full_experiments_using.model_trainers.mobile_vit_trainer | Ep [011/500] T-Acc:  53.0%  V-Acc:  55.8%  V-AUROC: 0.5990  LR: 1.00e-03
2026-08-02 02:32:34,840 | [FULL    ] | INFO | full_experiments_using.model_trainers.mobile_vit_trainer |   ↳ new best AUROC; saved checkpoint: /home/oem/choihyunsu/VOGBasedMCIDetection/outputs/checkpoints/run_20260801_202901_full_wvote_artifact30_4err/fold_28_best.pth
2026-08-02 02:32:49,519 | [FULL    ] | INFO | full_experiments_using.model_trainers.mobile_vit_trainer | Ep [012/500] T-Acc:  53.3%  V-Acc:  54.8%  V-AUROC: 0.5841  LR: 1.00e-03
2026-08-02 02:33:03,867 | [FULL    ] | INFO | full_experiments_using.model_trainers.mobile_vit_trainer | Ep [013/500] T-Acc:  55.8%  V-Acc:  54.7%  V-AUROC: 0.6006  LR: 1.00e-03
2026-08-02 02:33:03,985 | [FULL    ] | INFO | full_experiments_using.model_trainers.mobile_vit_trainer |   ↳ new best AUROC; saved checkpoint: /home/oem/choihyunsu/VOGBasedMCIDetection/outputs/checkpoints/run_20260801_202901_full_wvote_artifact30_4err/fold_28_best.pth
2026-08-02 02:33:18,394 | [FULL    ] | INFO | full_experiments_using.model_trainers.mobile_vit_trainer | Ep [014/500] T-Acc:  53.2%  V-Acc:  55.8%  V-AUROC: 0.5973  LR: 1.00e-03
2026-08-02 02:33:32,876 | [FULL    ] | INFO | full_experiments_using.model_trainers.mobile_vit_trainer | Ep [015/500] T-Acc:  53.4%  V-Acc:  55.5%  V-AUROC: 0.6090  LR: 1.00e-03
2026-08-02 02:33:32,949 | [FULL    ] | INFO | full_experiments_using.model_trainers.mobile_vit_trainer |   ↳ new best AUROC; saved checkpoint: /home/oem/choihyunsu/VOGBasedMCIDetection/outputs/checkpoints/run_20260801_202901_full_wvote_artifact30_4err/fold_28_best.pth
2026-08-02 02:33:47,186 | [FULL    ] | INFO | full_experiments_using.model_trainers.mobile_vit_trainer | Ep [016/500] T-Acc:  54.1%  V-Acc:  54.0%  V-AUROC: 0.6012  LR: 1.00e-03
2026-08-02 02:34:01,756 | [FULL    ] | INFO | full_experiments_using.model_trainers.mobile_vit_trainer | Ep [017/500] T-Acc:  54.2%  V-Acc:  54.0%  V-AUROC: 0.5804  LR: 1.00e-03
2026-08-02 02:34:16,352 | [FULL    ] | INFO | full_experiments_using.model_trainers.mobile_vit_trainer | Ep [018/500] T-Acc:  55.5%  V-Acc:  60.0%  V-AUROC: 0.6292  LR: 1.00e-03
2026-08-02 02:34:16,474 | [FULL    ] | INFO | full_experiments_using.model_trainers.mobile_vit_trainer |   ↳ new best AUROC; saved checkpoint: /home/oem/choihyunsu/VOGBasedMCIDetection/outputs/checkpoints/run_20260801_202901_full_wvote_artifact30_4err/fold_28_best.pth
2026-08-02 02:34:30,884 | [FULL    ] | INFO | full_experiments_using.model_trainers.mobile_vit_trainer | Ep [019/500] T-Acc:  54.9%  V-Acc:  55.9%  V-AUROC: 0.6104  LR: 1.00e-03
2026-08-02 02:34:45,489 | [FULL    ] | INFO | full_experiments_using.model_trainers.mobile_vit_trainer | Ep [020/500] T-Acc:  54.7%  V-Acc:  55.5%  V-AUROC: 0.6055  LR: 1.00e-03
2026-08-02 02:34:59,918 | [FULL    ] | INFO | full_experiments_using.model_trainers.mobile_vit_trainer | Ep [021/500] T-Acc:  54.4%  V-Acc:  54.4%  V-AUROC: 0.6133  LR: 1.00e-03
2026-08-02 02:35:14,552 | [FULL    ] | INFO | full_experiments_using.model_trainers.mobile_vit_trainer | Ep [022/500] T-Acc:  54.8%  V-Acc:  56.1%  V-AUROC: 0.6202  LR: 1.00e-03
2026-08-02 02:35:29,175 | [FULL    ] | INFO | full_experiments_using.model_trainers.mobile_vit_trainer | Ep [023/500] T-Acc:  55.6%  V-Acc:  56.2%  V-AUROC: 0.6080  LR: 1.00e-03
2026-08-02 02:35:43,567 | [FULL    ] | INFO | full_experiments_using.model_trainers.mobile_vit_trainer | Ep [024/500] T-Acc:  55.7%  V-Acc:  55.5%  V-AUROC: 0.6102  LR: 1.00e-03
2026-08-02 02:35:57,868 | [FULL    ] | INFO | full_experiments_using.model_trainers.mobile_vit_trainer | Ep [025/500] T-Acc:  54.6%  V-Acc:  54.6%  V-AUROC: 0.6073  LR: 1.00e-03
2026-08-02 02:36:12,453 | [FULL    ] | INFO | full_experiments_using.model_trainers.mobile_vit_trainer | Ep [026/500] T-Acc:  55.5%  V-Acc:  55.5%  V-AUROC: 0.5984  LR: 1.00e-03
2026-08-02 02:36:26,960 | [FULL    ] | INFO | full_experiments_using.model_trainers.mobile_vit_trainer | Ep [027/500] T-Acc:  58.3%  V-Acc:  59.1%  V-AUROC: 0.6097  LR: 1.00e-03
2026-08-02 02:36:39,693 | [FULL    ] | INFO | full_experiments_using.model_trainers.mobile_vit_trainer | Ep [028/500] T-Acc:  56.4%  V-Acc:  59.1%  V-AUROC: 0.6212  LR: 1.00e-03
2026-08-02 02:36:51,885 | [FULL    ] | INFO | full_experiments_using.model_trainers.mobile_vit_trainer | Ep [029/500] T-Acc:  56.9%  V-Acc:  56.1%  V-AUROC: 0.6133  LR: 1.00e-03
2026-08-02 02:37:06,478 | [FULL    ] | INFO | full_experiments_using.model_trainers.mobile_vit_trainer | Ep [030/500] T-Acc:  57.1%  V-Acc:  55.1%  V-AUROC: 0.6120  LR: 2.00e-04
2026-08-02 02:37:20,911 | [FULL    ] | INFO | full_experiments_using.model_trainers.mobile_vit_trainer | Ep [031/500] T-Acc:  59.0%  V-Acc:  57.4%  V-AUROC: 0.6237  LR: 2.00e-04
2026-08-02 02:37:35,344 | [FULL    ] | INFO | full_experiments_using.model_trainers.mobile_vit_trainer | Ep [032/500] T-Acc:  56.9%  V-Acc:  57.1%  V-AUROC: 0.6287  LR: 2.00e-04
2026-08-02 02:37:49,577 | [FULL    ] | INFO | full_experiments_using.model_trainers.mobile_vit_trainer | Ep [033/500] T-Acc:  56.7%  V-Acc:  56.1%  V-AUROC: 0.6265  LR: 2.00e-04
2026-08-02 02:38:03,781 | [FULL    ] | INFO | full_experiments_using.model_trainers.mobile_vit_trainer | Ep [034/500] T-Acc:  57.4%  V-Acc:  56.5%  V-AUROC: 0.6260  LR: 2.00e-04
2026-08-02 02:38:18,480 | [FULL    ] | INFO | full_experiments_using.model_trainers.mobile_vit_trainer | Ep [035/500] T-Acc:  57.2%  V-Acc:  56.3%  V-AUROC: 0.6238  LR: 2.00e-04
2026-08-02 02:38:32,960 | [FULL    ] | INFO | full_experiments_using.model_trainers.mobile_vit_trainer | Ep [036/500] T-Acc:  57.6%  V-Acc:  57.1%  V-AUROC: 0.6258  LR: 2.00e-04
2026-08-02 02:38:47,369 | [FULL    ] | INFO | full_experiments_using.model_trainers.mobile_vit_trainer | Ep [037/500] T-Acc:  58.2%  V-Acc:  56.4%  V-AUROC: 0.6179  LR: 2.00e-04
2026-08-02 02:39:01,727 | [FULL    ] | INFO | full_experiments_using.model_trainers.mobile_vit_trainer | Ep [038/500] T-Acc:  57.2%  V-Acc:  56.5%  V-AUROC: 0.6225  LR: 2.00e-04
2026-08-02 02:39:16,189 | [FULL    ] | INFO | full_experiments_using.model_trainers.mobile_vit_trainer | Ep [039/500] T-Acc:  57.3%  V-Acc:  56.3%  V-AUROC: 0.6249  LR: 2.00e-04
2026-08-02 02:39:30,335 | [FULL    ] | INFO | full_experiments_using.model_trainers.mobile_vit_trainer | Ep [040/500] T-Acc:  58.5%  V-Acc:  57.1%  V-AUROC: 0.6283  LR: 2.00e-04
2026-08-02 02:39:44,711 | [FULL    ] | INFO | full_experiments_using.model_trainers.mobile_vit_trainer | Ep [041/500] T-Acc:  58.4%  V-Acc:  57.5%  V-AUROC: 0.6288  LR: 4.00e-05
2026-08-02 02:39:59,213 | [FULL    ] | INFO | full_experiments_using.model_trainers.mobile_vit_trainer | Ep [042/500] T-Acc:  58.8%  V-Acc:  56.1%  V-AUROC: 0.6247  LR: 4.00e-05
2026-08-02 02:40:13,781 | [FULL    ] | INFO | full_experiments_using.model_trainers.mobile_vit_trainer | Ep [043/500] T-Acc:  58.6%  V-Acc:  56.3%  V-AUROC: 0.6279  LR: 4.00e-05
2026-08-02 02:40:28,146 | [FULL    ] | INFO | full_experiments_using.model_trainers.mobile_vit_trainer | Ep [044/500] T-Acc:  57.1%  V-Acc:  56.7%  V-AUROC: 0.6312  LR: 4.00e-05
2026-08-02 02:40:28,264 | [FULL    ] | INFO | full_experiments_using.model_trainers.mobile_vit_trainer |   ↳ new best AUROC; saved checkpoint: /home/oem/choihyunsu/VOGBasedMCIDetection/outputs/checkpoints/run_20260801_202901_full_wvote_artifact30_4err/fold_28_best.pth
2026-08-02 02:40:42,847 | [FULL    ] | INFO | full_experiments_using.model_trainers.mobile_vit_trainer | Ep [045/500] T-Acc:  59.9%  V-Acc:  56.1%  V-AUROC: 0.6282  LR: 4.00e-05
2026-08-02 02:40:57,180 | [FULL    ] | INFO | full_experiments_using.model_trainers.mobile_vit_trainer | Ep [046/500] T-Acc:  58.2%  V-Acc:  57.4%  V-AUROC: 0.6299  LR: 4.00e-05
2026-08-02 02:41:11,288 | [FULL    ] | INFO | full_experiments_using.model_trainers.mobile_vit_trainer | Ep [047/500] T-Acc:  57.1%  V-Acc:  56.5%  V-AUROC: 0.6258  LR: 4.00e-05
2026-08-02 02:41:25,682 | [FULL    ] | INFO | full_experiments_using.model_trainers.mobile_vit_trainer | Ep [048/500] T-Acc:  58.1%  V-Acc:  56.0%  V-AUROC: 0.6255  LR: 4.00e-05
2026-08-02 02:41:40,026 | [FULL    ] | INFO | full_experiments_using.model_trainers.mobile_vit_trainer | Ep [049/500] T-Acc:  59.8%  V-Acc:  56.7%  V-AUROC: 0.6313  LR: 4.00e-05
2026-08-02 02:41:40,143 | [FULL    ] | INFO | full_experiments_using.model_trainers.mobile_vit_trainer |   ↳ new best AUROC; saved checkpoint: /home/oem/choihyunsu/VOGBasedMCIDetection/outputs/checkpoints/run_20260801_202901_full_wvote_artifact30_4err/fold_28_best.pth
2026-08-02 02:41:54,487 | [FULL    ] | INFO | full_experiments_using.model_trainers.mobile_vit_trainer | Ep [050/500] T-Acc:  58.1%  V-Acc:  57.0%  V-AUROC: 0.6306  LR: 4.00e-05
2026-08-02 02:42:08,831 | [FULL    ] | INFO | full_experiments_using.model_trainers.mobile_vit_trainer | Ep [051/500] T-Acc:  58.1%  V-Acc:  57.0%  V-AUROC: 0.6306  LR: 4.00e-05
2026-08-02 02:42:22,969 | [FULL    ] | INFO | full_experiments_using.model_trainers.mobile_vit_trainer | Ep [052/500] T-Acc:  58.9%  V-Acc:  58.2%  V-AUROC: 0.6341  LR: 4.00e-05
2026-08-02 02:42:23,088 | [FULL    ] | INFO | full_experiments_using.model_trainers.mobile_vit_trainer |   ↳ new best AUROC; saved checkpoint: /home/oem/choihyunsu/VOGBasedMCIDetection/outputs/checkpoints/run_20260801_202901_full_wvote_artifact30_4err/fold_28_best.pth
2026-08-02 02:42:37,580 | [FULL    ] | INFO | full_experiments_using.model_trainers.mobile_vit_trainer | Ep [053/500] T-Acc:  59.0%  V-Acc:  57.6%  V-AUROC: 0.6314  LR: 4.00e-05
2026-08-02 02:42:51,975 | [FULL    ] | INFO | full_experiments_using.model_trainers.mobile_vit_trainer | Ep [054/500] T-Acc:  57.7%  V-Acc:  57.2%  V-AUROC: 0.6300  LR: 4.00e-05
2026-08-02 02:43:06,320 | [FULL    ] | INFO | full_experiments_using.model_trainers.mobile_vit_trainer | Ep [055/500] T-Acc:  58.8%  V-Acc:  56.5%  V-AUROC: 0.6331  LR: 4.00e-05
2026-08-02 02:43:20,928 | [FULL    ] | INFO | full_experiments_using.model_trainers.mobile_vit_trainer | Ep [056/500] T-Acc:  59.3%  V-Acc:  58.3%  V-AUROC: 0.6315  LR: 4.00e-05
2026-08-02 02:43:35,388 | [FULL    ] | INFO | full_experiments_using.model_trainers.mobile_vit_trainer | Ep [057/500] T-Acc:  57.6%  V-Acc:  55.5%  V-AUROC: 0.6276  LR: 4.00e-05
2026-08-02 02:43:49,577 | [FULL    ] | INFO | full_experiments_using.model_trainers.mobile_vit_trainer | Ep [058/500] T-Acc:  58.7%  V-Acc:  56.9%  V-AUROC: 0.6307  LR: 4.00e-05
2026-08-02 02:44:04,171 | [FULL    ] | INFO | full_experiments_using.model_trainers.mobile_vit_trainer | Ep [059/500] T-Acc:  59.3%  V-Acc:  57.6%  V-AUROC: 0.6339  LR: 4.00e-05
2026-08-02 02:44:18,520 | [FULL    ] | INFO | full_experiments_using.model_trainers.mobile_vit_trainer | Ep [060/500] T-Acc:  59.8%  V-Acc:  56.6%  V-AUROC: 0.6323  LR: 4.00e-05
2026-08-02 02:44:32,966 | [FULL    ] | INFO | full_experiments_using.model_trainers.mobile_vit_trainer | Ep [061/500] T-Acc:  58.3%  V-Acc:  56.6%  V-AUROC: 0.6328  LR: 4.00e-05
2026-08-02 02:44:47,396 | [FULL    ] | INFO | full_experiments_using.model_trainers.mobile_vit_trainer | Ep [062/500] T-Acc:  58.7%  V-Acc:  56.9%  V-AUROC: 0.6317  LR: 4.00e-05
2026-08-02 02:45:01,750 | [FULL    ] | INFO | full_experiments_using.model_trainers.mobile_vit_trainer | Ep [063/500] T-Acc:  58.9%  V-Acc:  59.0%  V-AUROC: 0.6322  LR: 4.00e-05
2026-08-02 02:45:16,111 | [FULL    ] | INFO | full_experiments_using.model_trainers.mobile_vit_trainer | Ep [064/500] T-Acc:  58.3%  V-Acc:  58.9%  V-AUROC: 0.6344  LR: 8.00e-06
2026-08-02 02:45:16,232 | [FULL    ] | INFO | full_experiments_using.model_trainers.mobile_vit_trainer |   ↳ new best AUROC; saved checkpoint: /home/oem/choihyunsu/VOGBasedMCIDetection/outputs/checkpoints/run_20260801_202901_full_wvote_artifact30_4err/fold_28_best.pth
2026-08-02 02:45:30,706 | [FULL    ] | INFO | full_experiments_using.model_trainers.mobile_vit_trainer | Ep [065/500] T-Acc:  57.7%  V-Acc:  57.6%  V-AUROC: 0.6345  LR: 8.00e-06
2026-08-02 02:45:30,825 | [FULL    ] | INFO | full_experiments_using.model_trainers.mobile_vit_trainer |   ↳ new best AUROC; saved checkpoint: /home/oem/choihyunsu/VOGBasedMCIDetection/outputs/checkpoints/run_20260801_202901_full_wvote_artifact30_4err/fold_28_best.pth
2026-08-02 02:45:45,132 | [FULL    ] | INFO | full_experiments_using.model_trainers.mobile_vit_trainer | Ep [066/500] T-Acc:  57.6%  V-Acc:  57.4%  V-AUROC: 0.6336  LR: 8.00e-06
2026-08-02 02:45:59,692 | [FULL    ] | INFO | full_experiments_using.model_trainers.mobile_vit_trainer | Ep [067/500] T-Acc:  57.5%  V-Acc:  57.9%  V-AUROC: 0.6330  LR: 8.00e-06
2026-08-02 02:46:14,074 | [FULL    ] | INFO | full_experiments_using.model_trainers.mobile_vit_trainer | Ep [068/500] T-Acc:  58.7%  V-Acc:  57.6%  V-AUROC: 0.6336  LR: 8.00e-06
2026-08-02 02:46:28,567 | [FULL    ] | INFO | full_experiments_using.model_trainers.mobile_vit_trainer | Ep [069/500] T-Acc:  57.3%  V-Acc:  57.9%  V-AUROC: 0.6309  LR: 8.00e-06
2026-08-02 02:46:43,112 | [FULL    ] | INFO | full_experiments_using.model_trainers.mobile_vit_trainer | Ep [070/500] T-Acc:  57.7%  V-Acc:  57.2%  V-AUROC: 0.6324  LR: 8.00e-06
2026-08-02 02:46:57,460 | [FULL    ] | INFO | full_experiments_using.model_trainers.mobile_vit_trainer | Ep [071/500] T-Acc:  59.6%  V-Acc:  56.5%  V-AUROC: 0.6337  LR: 8.00e-06
2026-08-02 02:47:11,779 | [FULL    ] | INFO | full_experiments_using.model_trainers.mobile_vit_trainer | Ep [072/500] T-Acc:  58.3%  V-Acc:  58.7%  V-AUROC: 0.6317  LR: 8.00e-06
2026-08-02 02:47:26,067 | [FULL    ] | INFO | full_experiments_using.model_trainers.mobile_vit_trainer | Ep [073/500] T-Acc:  58.8%  V-Acc:  57.0%  V-AUROC: 0.6344  LR: 8.00e-06
2026-08-02 02:47:40,485 | [FULL    ] | INFO | full_experiments_using.model_trainers.mobile_vit_trainer | Ep [074/500] T-Acc:  57.6%  V-Acc:  58.6%  V-AUROC: 0.6320  LR: 8.00e-06
2026-08-02 02:47:54,805 | [FULL    ] | INFO | full_experiments_using.model_trainers.mobile_vit_trainer | Ep [075/500] T-Acc:  59.4%  V-Acc:  58.6%  V-AUROC: 0.6353  LR: 8.00e-06
2026-08-02 02:47:54,923 | [FULL    ] | INFO | full_experiments_using.model_trainers.mobile_vit_trainer |   ↳ new best AUROC; saved checkpoint: /home/oem/choihyunsu/VOGBasedMCIDetection/outputs/checkpoints/run_20260801_202901_full_wvote_artifact30_4err/fold_28_best.pth
2026-08-02 02:48:09,391 | [FULL    ] | INFO | full_experiments_using.model_trainers.mobile_vit_trainer | Ep [076/500] T-Acc:  59.5%  V-Acc:  57.3%  V-AUROC: 0.6344  LR: 8.00e-06
2026-08-02 02:48:23,807 | [FULL    ] | INFO | full_experiments_using.model_trainers.mobile_vit_trainer | Ep [077/500] T-Acc:  58.4%  V-Acc:  58.1%  V-AUROC: 0.6323  LR: 8.00e-06
2026-08-02 02:48:38,206 | [FULL    ] | INFO | full_experiments_using.model_trainers.mobile_vit_trainer | Ep [078/500] T-Acc:  58.7%  V-Acc:  57.9%  V-AUROC: 0.6344  LR: 8.00e-06
2026-08-02 02:48:52,991 | [FULL    ] | INFO | full_experiments_using.model_trainers.mobile_vit_trainer | Ep [079/500] T-Acc:  59.1%  V-Acc:  57.6%  V-AUROC: 0.6321  LR: 8.00e-06
2026-08-02 02:49:07,349 | [FULL    ] | INFO | full_experiments_using.model_trainers.mobile_vit_trainer | Ep [080/500] T-Acc:  57.4%  V-Acc:  58.0%  V-AUROC: 0.6338  LR: 8.00e-06
2026-08-02 02:49:21,608 | [FULL    ] | INFO | full_experiments_using.model_trainers.mobile_vit_trainer | Ep [081/500] T-Acc:  58.9%  V-Acc:  56.9%  V-AUROC: 0.6345  LR: 8.00e-06
2026-08-02 02:49:35,873 | [FULL    ] | INFO | full_experiments_using.model_trainers.mobile_vit_trainer | Ep [082/500] T-Acc:  58.2%  V-Acc:  57.9%  V-AUROC: 0.6351  LR: 8.00e-06
2026-08-02 02:49:50,230 | [FULL    ] | INFO | full_experiments_using.model_trainers.mobile_vit_trainer | Ep [083/500] T-Acc:  58.8%  V-Acc:  57.2%  V-AUROC: 0.6329  LR: 8.00e-06
2026-08-02 02:50:04,633 | [FULL    ] | INFO | full_experiments_using.model_trainers.mobile_vit_trainer | Ep [084/500] T-Acc:  58.2%  V-Acc:  57.4%  V-AUROC: 0.6327  LR: 8.00e-06
2026-08-02 02:50:19,049 | [FULL    ] | INFO | full_experiments_using.model_trainers.mobile_vit_trainer | Ep [085/500] T-Acc:  58.4%  V-Acc:  57.5%  V-AUROC: 0.6325  LR: 8.00e-06
2026-08-02 02:50:33,283 | [FULL    ] | INFO | full_experiments_using.model_trainers.mobile_vit_trainer | Ep [086/500] T-Acc:  58.3%  V-Acc:  57.2%  V-AUROC: 0.6312  LR: 8.00e-06
2026-08-02 02:50:47,569 | [FULL    ] | INFO | full_experiments_using.model_trainers.mobile_vit_trainer | Ep [087/500] T-Acc:  59.1%  V-Acc:  56.8%  V-AUROC: 0.6347  LR: 1.60e-06
2026-08-02 02:51:01,932 | [FULL    ] | INFO | full_experiments_using.model_trainers.mobile_vit_trainer | Ep [088/500] T-Acc:  57.7%  V-Acc:  57.6%  V-AUROC: 0.6340  LR: 1.60e-06
2026-08-02 02:51:16,347 | [FULL    ] | INFO | full_experiments_using.model_trainers.mobile_vit_trainer | Ep [089/500] T-Acc:  57.9%  V-Acc:  57.7%  V-AUROC: 0.6358  LR: 1.60e-06
2026-08-02 02:51:16,446 | [FULL    ] | INFO | full_experiments_using.model_trainers.mobile_vit_trainer |   ↳ new best AUROC; saved checkpoint: /home/oem/choihyunsu/VOGBasedMCIDetection/outputs/checkpoints/run_20260801_202901_full_wvote_artifact30_4err/fold_28_best.pth
2026-08-02 02:51:31,176 | [FULL    ] | INFO | full_experiments_using.model_trainers.mobile_vit_trainer | Ep [090/500] T-Acc:  58.0%  V-Acc:  58.3%  V-AUROC: 0.6361  LR: 1.60e-06
2026-08-02 02:51:31,276 | [FULL    ] | INFO | full_experiments_using.model_trainers.mobile_vit_trainer |   ↳ new best AUROC; saved checkpoint: /home/oem/choihyunsu/VOGBasedMCIDetection/outputs/checkpoints/run_20260801_202901_full_wvote_artifact30_4err/fold_28_best.pth
2026-08-02 02:51:45,532 | [FULL    ] | INFO | full_experiments_using.model_trainers.mobile_vit_trainer | Ep [091/500] T-Acc:  58.1%  V-Acc:  58.6%  V-AUROC: 0.6323  LR: 1.60e-06
2026-08-02 02:51:59,959 | [FULL    ] | INFO | full_experiments_using.model_trainers.mobile_vit_trainer | Ep [092/500] T-Acc:  58.6%  V-Acc:  58.6%  V-AUROC: 0.6348  LR: 1.60e-06
2026-08-02 02:52:14,313 | [FULL    ] | INFO | full_experiments_using.model_trainers.mobile_vit_trainer | Ep [093/500] T-Acc:  59.1%  V-Acc:  56.4%  V-AUROC: 0.6333  LR: 1.60e-06
2026-08-02 02:52:28,759 | [FULL    ] | INFO | full_experiments_using.model_trainers.mobile_vit_trainer | Ep [094/500] T-Acc:  57.6%  V-Acc:  56.2%  V-AUROC: 0.6292  LR: 1.60e-06
2026-08-02 02:52:43,022 | [FULL    ] | INFO | full_experiments_using.model_trainers.mobile_vit_trainer | Ep [095/500] T-Acc:  58.7%  V-Acc:  58.4%  V-AUROC: 0.6348  LR: 1.60e-06
2026-08-02 02:52:57,395 | [FULL    ] | INFO | full_experiments_using.model_trainers.mobile_vit_trainer | Ep [096/500] T-Acc:  58.5%  V-Acc:  56.3%  V-AUROC: 0.6325  LR: 1.60e-06
2026-08-02 02:53:11,852 | [FULL    ] | INFO | full_experiments_using.model_trainers.mobile_vit_trainer | Ep [097/500] T-Acc:  58.8%  V-Acc:  58.4%  V-AUROC: 0.6350  LR: 1.60e-06
2026-08-02 02:53:26,525 | [FULL    ] | INFO | full_experiments_using.model_trainers.mobile_vit_trainer | Ep [098/500] T-Acc:  58.8%  V-Acc:  57.6%  V-AUROC: 0.6356  LR: 1.60e-06
2026-08-02 02:53:40,707 | [FULL    ] | INFO | full_experiments_using.model_trainers.mobile_vit_trainer | Ep [099/500] T-Acc:  57.2%  V-Acc:  57.6%  V-AUROC: 0.6329  LR: 1.60e-06
2026-08-02 02:53:55,175 | [FULL    ] | INFO | full_experiments_using.model_trainers.mobile_vit_trainer | Ep [100/500] T-Acc:  59.0%  V-Acc:  57.0%  V-AUROC: 0.6346  LR: 1.60e-06
2026-08-02 02:54:09,451 | [FULL    ] | INFO | full_experiments_using.model_trainers.mobile_vit_trainer | Ep [101/500] T-Acc:  59.2%  V-Acc:  57.5%  V-AUROC: 0.6352  LR: 1.60e-06
2026-08-02 02:54:23,567 | [FULL    ] | INFO | full_experiments_using.model_trainers.mobile_vit_trainer | Ep [102/500] T-Acc:  58.9%  V-Acc:  59.2%  V-AUROC: 0.6342  LR: 1.00e-06
2026-08-02 02:54:37,829 | [FULL    ] | INFO | full_experiments_using.model_trainers.mobile_vit_trainer | Ep [103/500] T-Acc:  59.0%  V-Acc:  56.5%  V-AUROC: 0.6324  LR: 1.00e-06
2026-08-02 02:54:52,257 | [FULL    ] | INFO | full_experiments_using.model_trainers.mobile_vit_trainer | Ep [104/500] T-Acc:  58.5%  V-Acc:  56.8%  V-AUROC: 0.6289  LR: 1.00e-06
2026-08-02 02:55:04,144 | [FULL    ] | INFO | full_experiments_using.model_trainers.mobile_vit_trainer | Ep [105/500] T-Acc:  59.5%  V-Acc:  56.9%  V-AUROC: 0.6321  LR: 1.00e-06
2026-08-02 02:55:16,976 | [FULL    ] | INFO | full_experiments_using.model_trainers.mobile_vit_trainer | Ep [106/500] T-Acc:  59.1%  V-Acc:  56.2%  V-AUROC: 0.6349  LR: 1.00e-06
2026-08-02 02:55:29,106 | [FULL    ] | INFO | full_experiments_using.model_trainers.mobile_vit_trainer | Ep [107/500] T-Acc:  57.5%  V-Acc:  57.8%  V-AUROC: 0.6324  LR: 1.00e-06
2026-08-02 02:55:43,377 | [FULL    ] | INFO | full_experiments_using.model_trainers.mobile_vit_trainer | Ep [108/500] T-Acc:  58.5%  V-Acc:  57.3%  V-AUROC: 0.6343  LR: 1.00e-06
2026-08-02 02:55:57,695 | [FULL    ] | INFO | full_experiments_using.model_trainers.mobile_vit_trainer | Ep [109/500] T-Acc:  58.4%  V-Acc:  56.3%  V-AUROC: 0.6318  LR: 1.00e-06
2026-08-02 02:56:12,016 | [FULL    ] | INFO | full_experiments_using.model_trainers.mobile_vit_trainer | Ep [110/500] T-Acc:  58.8%  V-Acc:  58.5%  V-AUROC: 0.6349  LR: 1.00e-06
2026-08-02 02:56:26,227 | [FULL    ] | INFO | full_experiments_using.model_trainers.mobile_vit_trainer | Ep [111/500] T-Acc:  59.6%  V-Acc:  57.5%  V-AUROC: 0.6339  LR: 1.00e-06
2026-08-02 02:56:40,516 | [FULL    ] | INFO | full_experiments_using.model_trainers.mobile_vit_trainer | Ep [112/500] T-Acc:  59.4%  V-Acc:  57.8%  V-AUROC: 0.6319  LR: 1.00e-06
2026-08-02 02:56:54,717 | [FULL    ] | INFO | full_experiments_using.model_trainers.mobile_vit_trainer | Ep [113/500] T-Acc:  58.6%  V-Acc:  57.1%  V-AUROC: 0.6339  LR: 1.00e-06
2026-08-02 02:57:09,030 | [FULL    ] | INFO | full_experiments_using.model_trainers.mobile_vit_trainer | Ep [114/500] T-Acc:  58.9%  V-Acc:  57.2%  V-AUROC: 0.6341  LR: 1.00e-06
2026-08-02 02:57:23,313 | [FULL    ] | INFO | full_experiments_using.model_trainers.mobile_vit_trainer | Ep [115/500] T-Acc:  57.2%  V-Acc:  57.0%  V-AUROC: 0.6318  LR: 1.00e-06
2026-08-02 02:57:37,580 | [FULL    ] | INFO | full_experiments_using.model_trainers.mobile_vit_trainer | Ep [116/500] T-Acc:  57.9%  V-Acc:  57.0%  V-AUROC: 0.6317  LR: 1.00e-06
2026-08-02 02:57:51,756 | [FULL    ] | INFO | full_experiments_using.model_trainers.mobile_vit_trainer | Ep [117/500] T-Acc:  59.3%  V-Acc:  56.6%  V-AUROC: 0.6346  LR: 1.00e-06
2026-08-02 02:58:06,170 | [FULL    ] | INFO | full_experiments_using.model_trainers.mobile_vit_trainer | Ep [118/500] T-Acc:  59.2%  V-Acc:  57.6%  V-AUROC: 0.6356  LR: 1.00e-06
2026-08-02 02:58:20,366 | [FULL    ] | INFO | full_experiments_using.model_trainers.mobile_vit_trainer | Ep [119/500] T-Acc:  59.0%  V-Acc:  56.6%  V-AUROC: 0.6315  LR: 1.00e-06
2026-08-02 02:58:34,593 | [FULL    ] | INFO | full_experiments_using.model_trainers.mobile_vit_trainer | Ep [120/500] T-Acc:  59.5%  V-Acc:  56.2%  V-AUROC: 0.6313  LR: 1.00e-06
2026-08-02 02:58:34,594 | [FULL    ] | INFO | full_experiments_using.model_trainers.mobile_vit_trainer | Early stop — best AUROC 0.6361 at epoch 90 (no improvement for 30 epochs)
2026-08-02 02:58:34,594 | [FULL    ] | INFO | full_experiments_using.model_trainers.mobile_vit_trainer | Done. Best AUROC: 0.6361 (epoch 90) → /home/oem/choihyunsu/VOGBasedMCIDetection/outputs/checkpoints/run_20260801_202901_full_wvote_artifact30_4err/fold_28_best.pth
2026-08-02 02:58:39,587 | [FULL    ] | INFO | full_experiments_using.evaluators.monte_carlo_evaluator | -> Fold 29 Result | Acc=1.000 Sens=1.000 Spec=1.000 AUROC=1.000
2026-08-02 02:58:39,591 | [FULL    ] | INFO | full_experiments_using.evaluators.monte_carlo_evaluator | === Fold 30/30 | train: 25 subj (HC=11 MCI=14) / 3928 win | test: 12 subj (HC=3 MCI=9) / 1787 win ===
2026-08-02 02:58:39,913 | [FULL    ] | INFO | httpx | HTTP Request: HEAD https://huggingface.co/apple/mobilevit-small/resolve/main/config.json "HTTP/1.1 307 Temporary Redirect"
2026-08-02 02:58:39,962 | [FULL    ] | INFO | httpx | HTTP Request: HEAD https://huggingface.co/api/resolve-cache/models/apple/mobilevit-small/6c8612545dc98676d27bc518fa521d9e9af23e34/config.json "HTTP/1.1 200 OK"
2026-08-02 02:58:40,206 | [FULL    ] | INFO | httpx | HTTP Request: HEAD https://huggingface.co/apple/mobilevit-small/resolve/main/model.safetensors "HTTP/1.1 404 Not Found"
2026-08-02 02:58:40,398 | [FULL    ] | INFO | httpx | HTTP Request: HEAD https://huggingface.co/apple/mobilevit-small/resolve/main/model.safetensors.index.json "HTTP/1.1 404 Not Found"
2026-08-02 02:58:40,598 | [FULL    ] | INFO | httpx | HTTP Request: HEAD https://huggingface.co/apple/mobilevit-small/resolve/main/pytorch_model.bin "HTTP/1.1 302 Found"
2026-08-02 02:58:40,804 | [FULL    ] | INFO | httpx | HTTP Request: HEAD https://huggingface.co/apple/mobilevit-small/resolve/main/model.safetensors "HTTP/1.1 404 Not Found"
2026-08-02 02:58:41,112 | [FULL    ] | INFO | httpx | HTTP Request: GET https://huggingface.co/api/models/apple/mobilevit-small "HTTP/1.1 200 OK"
2026-08-02 02:58:41,347 | [FULL    ] | INFO | httpx | HTTP Request: GET https://huggingface.co/api/models/apple/mobilevit-small/commits/main "HTTP/1.1 200 OK"
2026-08-02 02:58:41,450 | [FULL    ] | INFO | full_experiments_using.model_trainers.mobile_vit_trainer | Device: cuda | max_epochs=500 | batch=32 | eval_batch=256 | es_patience=30
2026-08-02 02:58:41,456 | [FULL    ] | INFO | full_experiments_using.model_trainers.mobile_vit_trainer | CE weights — HC: 1.006  MCI: 0.994
2026-08-02 02:58:41,561 | [FULL    ] | INFO | httpx | HTTP Request: GET https://huggingface.co/api/models/apple/mobilevit-small/discussions?p=0 "HTTP/1.1 200 OK"
2026-08-02 02:58:41,783 | [FULL    ] | INFO | httpx | HTTP Request: GET https://huggingface.co/api/models/apple/mobilevit-small/commits/refs%2Fpr%2F6 "HTTP/1.1 200 OK"
2026-08-02 02:58:42,040 | [FULL    ] | INFO | httpx | HTTP Request: HEAD https://huggingface.co/apple/mobilevit-small/resolve/refs%2Fpr%2F6/model.safetensors.index.json "HTTP/1.1 404 Not Found"
2026-08-02 02:58:42,365 | [FULL    ] | INFO | httpx | HTTP Request: HEAD https://huggingface.co/apple/mobilevit-small/resolve/refs%2Fpr%2F6/model.safetensors "HTTP/1.1 302 Found"
2026-08-02 02:59:05,359 | [FULL    ] | INFO | full_experiments_using.model_trainers.mobile_vit_trainer | Ep [001/500] T-Acc:  48.1%  V-Acc:  36.9%  V-AUROC: 0.5326  LR: 2.00e-04
2026-08-02 02:59:05,402 | [FULL    ] | INFO | full_experiments_using.model_trainers.mobile_vit_trainer |   ↳ new best AUROC; saved checkpoint: /home/oem/choihyunsu/VOGBasedMCIDetection/outputs/checkpoints/run_20260801_202901_full_wvote_artifact30_4err/fold_29_best.pth
2026-08-02 02:59:19,779 | [FULL    ] | INFO | full_experiments_using.model_trainers.mobile_vit_trainer | Ep [002/500] T-Acc:  50.3%  V-Acc:  38.2%  V-AUROC: 0.5345  LR: 4.00e-04
2026-08-02 02:59:19,877 | [FULL    ] | INFO | full_experiments_using.model_trainers.mobile_vit_trainer |   ↳ new best AUROC; saved checkpoint: /home/oem/choihyunsu/VOGBasedMCIDetection/outputs/checkpoints/run_20260801_202901_full_wvote_artifact30_4err/fold_29_best.pth
2026-08-02 02:59:34,088 | [FULL    ] | INFO | full_experiments_using.model_trainers.mobile_vit_trainer | Ep [003/500] T-Acc:  51.0%  V-Acc:  41.9%  V-AUROC: 0.5536  LR: 6.00e-04
2026-08-02 02:59:34,203 | [FULL    ] | INFO | full_experiments_using.model_trainers.mobile_vit_trainer |   ↳ new best AUROC; saved checkpoint: /home/oem/choihyunsu/VOGBasedMCIDetection/outputs/checkpoints/run_20260801_202901_full_wvote_artifact30_4err/fold_29_best.pth
2026-08-02 02:59:48,337 | [FULL    ] | INFO | full_experiments_using.model_trainers.mobile_vit_trainer | Ep [004/500] T-Acc:  51.8%  V-Acc:  44.0%  V-AUROC: 0.5455  LR: 8.00e-04
2026-08-02 03:00:02,556 | [FULL    ] | INFO | full_experiments_using.model_trainers.mobile_vit_trainer | Ep [005/500] T-Acc:  52.6%  V-Acc:  49.1%  V-AUROC: 0.5526  LR: 1.00e-03
2026-08-02 03:00:16,870 | [FULL    ] | INFO | full_experiments_using.model_trainers.mobile_vit_trainer | Ep [006/500] T-Acc:  51.0%  V-Acc:  53.0%  V-AUROC: 0.5571  LR: 1.00e-03
2026-08-02 03:00:16,987 | [FULL    ] | INFO | full_experiments_using.model_trainers.mobile_vit_trainer |   ↳ new best AUROC; saved checkpoint: /home/oem/choihyunsu/VOGBasedMCIDetection/outputs/checkpoints/run_20260801_202901_full_wvote_artifact30_4err/fold_29_best.pth
2026-08-02 03:00:31,200 | [FULL    ] | INFO | full_experiments_using.model_trainers.mobile_vit_trainer | Ep [007/500] T-Acc:  51.4%  V-Acc:  52.0%  V-AUROC: 0.5593  LR: 1.00e-03
2026-08-02 03:00:31,315 | [FULL    ] | INFO | full_experiments_using.model_trainers.mobile_vit_trainer |   ↳ new best AUROC; saved checkpoint: /home/oem/choihyunsu/VOGBasedMCIDetection/outputs/checkpoints/run_20260801_202901_full_wvote_artifact30_4err/fold_29_best.pth
2026-08-02 03:00:45,537 | [FULL    ] | INFO | full_experiments_using.model_trainers.mobile_vit_trainer | Ep [008/500] T-Acc:  53.6%  V-Acc:  52.0%  V-AUROC: 0.5475  LR: 1.00e-03
2026-08-02 03:00:59,843 | [FULL    ] | INFO | full_experiments_using.model_trainers.mobile_vit_trainer | Ep [009/500] T-Acc:  52.9%  V-Acc:  53.8%  V-AUROC: 0.5591  LR: 1.00e-03
2026-08-02 03:01:14,069 | [FULL    ] | INFO | full_experiments_using.model_trainers.mobile_vit_trainer | Ep [010/500] T-Acc:  54.5%  V-Acc:  52.5%  V-AUROC: 0.5617  LR: 1.00e-03
2026-08-02 03:01:14,167 | [FULL    ] | INFO | full_experiments_using.model_trainers.mobile_vit_trainer |   ↳ new best AUROC; saved checkpoint: /home/oem/choihyunsu/VOGBasedMCIDetection/outputs/checkpoints/run_20260801_202901_full_wvote_artifact30_4err/fold_29_best.pth
2026-08-02 03:01:28,502 | [FULL    ] | INFO | full_experiments_using.model_trainers.mobile_vit_trainer | Ep [011/500] T-Acc:  55.9%  V-Acc:  53.3%  V-AUROC: 0.5667  LR: 1.00e-03
2026-08-02 03:01:28,611 | [FULL    ] | INFO | full_experiments_using.model_trainers.mobile_vit_trainer |   ↳ new best AUROC; saved checkpoint: /home/oem/choihyunsu/VOGBasedMCIDetection/outputs/checkpoints/run_20260801_202901_full_wvote_artifact30_4err/fold_29_best.pth
2026-08-02 03:01:42,930 | [FULL    ] | INFO | full_experiments_using.model_trainers.mobile_vit_trainer | Ep [012/500] T-Acc:  55.0%  V-Acc:  52.8%  V-AUROC: 0.5670  LR: 1.00e-03
2026-08-02 03:01:43,044 | [FULL    ] | INFO | full_experiments_using.model_trainers.mobile_vit_trainer |   ↳ new best AUROC; saved checkpoint: /home/oem/choihyunsu/VOGBasedMCIDetection/outputs/checkpoints/run_20260801_202901_full_wvote_artifact30_4err/fold_29_best.pth
2026-08-02 03:01:57,228 | [FULL    ] | INFO | full_experiments_using.model_trainers.mobile_vit_trainer | Ep [013/500] T-Acc:  54.7%  V-Acc:  56.0%  V-AUROC: 0.5765  LR: 1.00e-03
2026-08-02 03:01:57,344 | [FULL    ] | INFO | full_experiments_using.model_trainers.mobile_vit_trainer |   ↳ new best AUROC; saved checkpoint: /home/oem/choihyunsu/VOGBasedMCIDetection/outputs/checkpoints/run_20260801_202901_full_wvote_artifact30_4err/fold_29_best.pth
2026-08-02 03:02:11,564 | [FULL    ] | INFO | full_experiments_using.model_trainers.mobile_vit_trainer | Ep [014/500] T-Acc:  56.2%  V-Acc:  54.7%  V-AUROC: 0.5643  LR: 1.00e-03
2026-08-02 03:02:25,896 | [FULL    ] | INFO | full_experiments_using.model_trainers.mobile_vit_trainer | Ep [015/500] T-Acc:  56.4%  V-Acc:  53.5%  V-AUROC: 0.5658  LR: 1.00e-03
2026-08-02 03:02:40,123 | [FULL    ] | INFO | full_experiments_using.model_trainers.mobile_vit_trainer | Ep [016/500] T-Acc:  57.2%  V-Acc:  54.7%  V-AUROC: 0.5727  LR: 1.00e-03
2026-08-02 03:02:54,301 | [FULL    ] | INFO | full_experiments_using.model_trainers.mobile_vit_trainer | Ep [017/500] T-Acc:  56.8%  V-Acc:  55.6%  V-AUROC: 0.5798  LR: 1.00e-03
2026-08-02 03:02:54,414 | [FULL    ] | INFO | full_experiments_using.model_trainers.mobile_vit_trainer |   ↳ new best AUROC; saved checkpoint: /home/oem/choihyunsu/VOGBasedMCIDetection/outputs/checkpoints/run_20260801_202901_full_wvote_artifact30_4err/fold_29_best.pth
2026-08-02 03:03:08,710 | [FULL    ] | INFO | full_experiments_using.model_trainers.mobile_vit_trainer | Ep [018/500] T-Acc:  56.2%  V-Acc:  55.0%  V-AUROC: 0.5649  LR: 1.00e-03
2026-08-02 03:03:22,937 | [FULL    ] | INFO | full_experiments_using.model_trainers.mobile_vit_trainer | Ep [019/500] T-Acc:  58.4%  V-Acc:  55.4%  V-AUROC: 0.5705  LR: 1.00e-03
2026-08-02 03:03:37,321 | [FULL    ] | INFO | full_experiments_using.model_trainers.mobile_vit_trainer | Ep [020/500] T-Acc:  57.9%  V-Acc:  55.2%  V-AUROC: 0.5669  LR: 1.00e-03
2026-08-02 03:03:51,561 | [FULL    ] | INFO | full_experiments_using.model_trainers.mobile_vit_trainer | Ep [021/500] T-Acc:  58.9%  V-Acc:  54.4%  V-AUROC: 0.5677  LR: 1.00e-03
2026-08-02 03:04:05,780 | [FULL    ] | INFO | full_experiments_using.model_trainers.mobile_vit_trainer | Ep [022/500] T-Acc:  59.2%  V-Acc:  54.2%  V-AUROC: 0.5743  LR: 1.00e-03
2026-08-02 03:04:19,953 | [FULL    ] | INFO | full_experiments_using.model_trainers.mobile_vit_trainer | Ep [023/500] T-Acc:  58.5%  V-Acc:  53.2%  V-AUROC: 0.5605  LR: 1.00e-03
2026-08-02 03:04:34,131 | [FULL    ] | INFO | full_experiments_using.model_trainers.mobile_vit_trainer | Ep [024/500] T-Acc:  60.0%  V-Acc:  54.2%  V-AUROC: 0.5760  LR: 1.00e-03
2026-08-02 03:04:48,437 | [FULL    ] | INFO | full_experiments_using.model_trainers.mobile_vit_trainer | Ep [025/500] T-Acc:  59.3%  V-Acc:  53.6%  V-AUROC: 0.5641  LR: 1.00e-03
2026-08-02 03:05:02,668 | [FULL    ] | INFO | full_experiments_using.model_trainers.mobile_vit_trainer | Ep [026/500] T-Acc:  59.4%  V-Acc:  52.5%  V-AUROC: 0.5640  LR: 1.00e-03
2026-08-02 03:05:16,897 | [FULL    ] | INFO | full_experiments_using.model_trainers.mobile_vit_trainer | Ep [027/500] T-Acc:  60.1%  V-Acc:  53.6%  V-AUROC: 0.5489  LR: 1.00e-03
2026-08-02 03:05:31,161 | [FULL    ] | INFO | full_experiments_using.model_trainers.mobile_vit_trainer | Ep [028/500] T-Acc:  60.9%  V-Acc:  52.2%  V-AUROC: 0.5612  LR: 1.00e-03
2026-08-02 03:05:45,378 | [FULL    ] | INFO | full_experiments_using.model_trainers.mobile_vit_trainer | Ep [029/500] T-Acc:  59.3%  V-Acc:  52.4%  V-AUROC: 0.5615  LR: 2.00e-04
2026-08-02 03:05:59,907 | [FULL    ] | INFO | full_experiments_using.model_trainers.mobile_vit_trainer | Ep [030/500] T-Acc:  59.8%  V-Acc:  52.2%  V-AUROC: 0.5583  LR: 2.00e-04
2026-08-02 03:06:14,337 | [FULL    ] | INFO | full_experiments_using.model_trainers.mobile_vit_trainer | Ep [031/500] T-Acc:  59.6%  V-Acc:  52.6%  V-AUROC: 0.5603  LR: 2.00e-04
2026-08-02 03:06:28,584 | [FULL    ] | INFO | full_experiments_using.model_trainers.mobile_vit_trainer | Ep [032/500] T-Acc:  59.1%  V-Acc:  53.1%  V-AUROC: 0.5619  LR: 2.00e-04
2026-08-02 03:06:42,878 | [FULL    ] | INFO | full_experiments_using.model_trainers.mobile_vit_trainer | Ep [033/500] T-Acc:  59.9%  V-Acc:  53.3%  V-AUROC: 0.5640  LR: 2.00e-04
2026-08-02 03:06:54,899 | [FULL    ] | INFO | full_experiments_using.model_trainers.mobile_vit_trainer | Ep [034/500] T-Acc:  60.4%  V-Acc:  52.9%  V-AUROC: 0.5617  LR: 2.00e-04
2026-08-02 03:07:07,822 | [FULL    ] | INFO | full_experiments_using.model_trainers.mobile_vit_trainer | Ep [035/500] T-Acc:  60.2%  V-Acc:  53.1%  V-AUROC: 0.5626  LR: 2.00e-04
2026-08-02 03:07:19,954 | [FULL    ] | INFO | full_experiments_using.model_trainers.mobile_vit_trainer | Ep [036/500] T-Acc:  60.0%  V-Acc:  53.0%  V-AUROC: 0.5591  LR: 2.00e-04
2026-08-02 03:07:34,262 | [FULL    ] | INFO | full_experiments_using.model_trainers.mobile_vit_trainer | Ep [037/500] T-Acc:  61.6%  V-Acc:  52.4%  V-AUROC: 0.5561  LR: 2.00e-04
2026-08-02 03:07:48,303 | [FULL    ] | INFO | full_experiments_using.model_trainers.mobile_vit_trainer | Ep [038/500] T-Acc:  60.8%  V-Acc:  52.9%  V-AUROC: 0.5596  LR: 2.00e-04
2026-08-02 03:08:02,424 | [FULL    ] | INFO | full_experiments_using.model_trainers.mobile_vit_trainer | Ep [039/500] T-Acc:  61.5%  V-Acc:  53.3%  V-AUROC: 0.5620  LR: 2.00e-04
2026-08-02 03:08:16,806 | [FULL    ] | INFO | full_experiments_using.model_trainers.mobile_vit_trainer | Ep [040/500] T-Acc:  60.2%  V-Acc:  52.9%  V-AUROC: 0.5598  LR: 4.00e-05
2026-08-02 03:08:30,960 | [FULL    ] | INFO | full_experiments_using.model_trainers.mobile_vit_trainer | Ep [041/500] T-Acc:  60.8%  V-Acc:  53.4%  V-AUROC: 0.5621  LR: 4.00e-05
2026-08-02 03:08:45,249 | [FULL    ] | INFO | full_experiments_using.model_trainers.mobile_vit_trainer | Ep [042/500] T-Acc:  61.0%  V-Acc:  51.9%  V-AUROC: 0.5582  LR: 4.00e-05
2026-08-02 03:08:59,510 | [FULL    ] | INFO | full_experiments_using.model_trainers.mobile_vit_trainer | Ep [043/500] T-Acc:  59.5%  V-Acc:  51.4%  V-AUROC: 0.5594  LR: 4.00e-05
2026-08-02 03:09:13,786 | [FULL    ] | INFO | full_experiments_using.model_trainers.mobile_vit_trainer | Ep [044/500] T-Acc:  60.7%  V-Acc:  51.5%  V-AUROC: 0.5576  LR: 4.00e-05
2026-08-02 03:09:27,919 | [FULL    ] | INFO | full_experiments_using.model_trainers.mobile_vit_trainer | Ep [045/500] T-Acc:  60.9%  V-Acc:  53.0%  V-AUROC: 0.5607  LR: 4.00e-05
2026-08-02 03:09:42,320 | [FULL    ] | INFO | full_experiments_using.model_trainers.mobile_vit_trainer | Ep [046/500] T-Acc:  61.2%  V-Acc:  52.0%  V-AUROC: 0.5598  LR: 4.00e-05
2026-08-02 03:09:56,523 | [FULL    ] | INFO | full_experiments_using.model_trainers.mobile_vit_trainer | Ep [047/500] T-Acc:  61.4%  V-Acc:  52.1%  V-AUROC: 0.5595  LR: 4.00e-05
2026-08-02 03:09:56,523 | [FULL    ] | INFO | full_experiments_using.model_trainers.mobile_vit_trainer | Early stop — best AUROC 0.5798 at epoch 17 (no improvement for 30 epochs)
2026-08-02 03:09:56,523 | [FULL    ] | INFO | full_experiments_using.model_trainers.mobile_vit_trainer | Done. Best AUROC: 0.5798 (epoch 17) → /home/oem/choihyunsu/VOGBasedMCIDetection/outputs/checkpoints/run_20260801_202901_full_wvote_artifact30_4err/fold_29_best.pth
2026-08-02 03:10:01,554 | [FULL    ] | INFO | full_experiments_using.evaluators.monte_carlo_evaluator | -> Fold 30 Result | Acc=0.700 Sens=0.714 Spec=0.667 AUROC=0.762
2026-08-02 03:10:01,554 | [FULL    ] | INFO | full_experiments_using.evaluators.monte_carlo_evaluator | ============================================================
2026-08-02 03:10:01,554 | [FULL    ] | INFO | full_experiments_using.evaluators.monte_carlo_evaluator |   MC-CV Results [grouped (unstratified) sampling] (30 folds)
2026-08-02 03:10:01,554 | [FULL    ] | INFO | full_experiments_using.evaluators.monte_carlo_evaluator |   Accuracy    : 0.704 ± 0.143
2026-08-02 03:10:01,554 | [FULL    ] | INFO | full_experiments_using.evaluators.monte_carlo_evaluator |   Sensitivity : 0.708 ± 0.215
2026-08-02 03:10:01,554 | [FULL    ] | INFO | full_experiments_using.evaluators.monte_carlo_evaluator |   Specificity : 0.715 ± 0.217
2026-08-02 03:10:01,555 | [FULL    ] | INFO | full_experiments_using.evaluators.monte_carlo_evaluator |   AUROC       : 0.804 ± 0.149
2026-08-02 03:10:01,555 | [FULL    ] | INFO | full_experiments_using.evaluators.monte_carlo_evaluator | ============================================================
2026-08-02 03:10:01,555 | [FULL    ] | INFO | full_experiments_using.evaluators.monte_carlo_evaluator | Evaluator lifecycle end: writing probe report...
2026-08-02 03:10:02,150 | [FULL    ] | INFO | probe_generators.probe_generator | Task-Contribution Probe report written: /home/oem/choihyunsu/VOGBasedMCIDetection/outputs/reports/run_20260801_202901_full_wvote_artifact30_4err_task_wise_probe.md
