2026-08-03 09:12:55,844 | [FULL    ] | INFO | __main__ | Run ID: 20260803_091255_full_wvote_artifact30_w0-5-10-10-0-10-20-20_strat_4err | augment=False | dropout=0.50 | patience=30 | batch_size=32 | artifact=thr=30.0 | signal_mode=four_error (4ch) | stratified={0: 4, 1: 8} | weighted_vote={0: 0.0, 1: 0.5, 2: 1.0, 3: 1.0, 4: 0.0, 5: 1.0, 6: 2.0, 7: 2.0}
2026-08-03 09:12:55,845 | [FULL    ] | INFO | __main__ | Log file: /home/oem/choihyunsu/VOGBasedMCIDetection/outputs/logs/run_20260803_091255_full_wvote_artifact30_w0-5-10-10-0-10-20-20_strat_4err.log
2026-08-03 09:12:55,845 | [FULL    ] | INFO | __main__ | Loading full 8-task VOG saccade tensors from: /home/oem/choihyunsu/VOGBasedMCIDetection/data
2026-08-03 09:12:56,008 | [FULL    ] | INFO | full_experiments_using.data_processor.data_engineering | Loaded preprocessed data_store from cache: /home/oem/choihyunsu/VOGBasedMCIDetection/outputs/cache/data_store_full_4err.pkl (5715 epochs)
2026-08-03 09:12:56,154 | [FULL    ] | INFO | __main__ | Total epoched samples: 5715
2026-08-03 09:12:56,192 | [FULL    ] | INFO | full_experiments_using.evaluators.monte_carlo_evaluator | MC Group CV [stratified-group] — 30 folds | device=cuda | num_tasks=8 | augment=False | dropout=0.50 | weighted_vote={0: 0.0, 1: 0.5, 2: 1.0, 3: 1.0, 4: 0.0, 5: 1.0, 6: 2.0, 7: 2.0}
2026-08-03 09:12:56,303 | [FULL    ] | INFO | full_experiments_using.evaluators.monte_carlo_evaluator | === Fold 01/30 | train: 25 subj (HC=10 MCI=15) / 3872 win | test: 12 subj (HC=4 MCI=8) / 1843 win ===
2026-08-03 09:12:56,554 | [FULL    ] | INFO | httpx | HTTP Request: HEAD https://huggingface.co/apple/mobilevit-small/resolve/main/config.json "HTTP/1.1 307 Temporary Redirect"
2026-08-03 09:12:56,554 | [FULL    ] | WARNING | huggingface_hub.utils._http | Warning: You are sending unauthenticated requests to the HF Hub. Please set a HF_TOKEN to enable higher rate limits and faster downloads.
2026-08-03 09:12:56,569 | [FULL    ] | INFO | httpx | HTTP Request: HEAD https://huggingface.co/api/resolve-cache/models/apple/mobilevit-small/6c8612545dc98676d27bc518fa521d9e9af23e34/config.json "HTTP/1.1 200 OK"
2026-08-03 09:12:56,818 | [FULL    ] | INFO | httpx | HTTP Request: HEAD https://huggingface.co/apple/mobilevit-small/resolve/main/model.safetensors "HTTP/1.1 404 Not Found"
2026-08-03 09:12:57,027 | [FULL    ] | INFO | httpx | HTTP Request: HEAD https://huggingface.co/apple/mobilevit-small/resolve/main/model.safetensors.index.json "HTTP/1.1 404 Not Found"
2026-08-03 09:12:57,232 | [FULL    ] | INFO | httpx | HTTP Request: HEAD https://huggingface.co/apple/mobilevit-small/resolve/main/pytorch_model.bin "HTTP/1.1 302 Found"
2026-08-03 09:12:57,445 | [FULL    ] | INFO | httpx | HTTP Request: HEAD https://huggingface.co/apple/mobilevit-small/resolve/main/model.safetensors "HTTP/1.1 404 Not Found"
2026-08-03 09:12:57,657 | [FULL    ] | INFO | httpx | HTTP Request: GET https://huggingface.co/api/models/apple/mobilevit-small "HTTP/1.1 200 OK"
2026-08-03 09:12:57,892 | [FULL    ] | INFO | httpx | HTTP Request: GET https://huggingface.co/api/models/apple/mobilevit-small/commits/main "HTTP/1.1 200 OK"
2026-08-03 09:12:58,115 | [FULL    ] | INFO | httpx | HTTP Request: GET https://huggingface.co/api/models/apple/mobilevit-small/discussions?p=0 "HTTP/1.1 200 OK"
2026-08-03 09:12:58,364 | [FULL    ] | INFO | httpx | HTTP Request: GET https://huggingface.co/api/models/apple/mobilevit-small/commits/refs%2Fpr%2F6 "HTTP/1.1 200 OK"
2026-08-03 09:12:58,580 | [FULL    ] | INFO | httpx | HTTP Request: HEAD https://huggingface.co/apple/mobilevit-small/resolve/refs%2Fpr%2F6/model.safetensors.index.json "HTTP/1.1 404 Not Found"
2026-08-03 09:12:58,786 | [FULL    ] | INFO | httpx | HTTP Request: HEAD https://huggingface.co/apple/mobilevit-small/resolve/refs%2Fpr%2F6/model.safetensors "HTTP/1.1 302 Found"
2026-08-03 09:12:58,921 | [FULL    ] | INFO | full_experiments_using.model_trainers.mobile_vit_trainer | Device: cuda | max_epochs=500 | batch=32 | eval_batch=256 | es_patience=30
2026-08-03 09:12:58,926 | [FULL    ] | INFO | full_experiments_using.model_trainers.mobile_vit_trainer | CE weights — HC: 1.079  MCI: 0.932
2026-08-03 09:14:01,521 | [FULL    ] | INFO | full_experiments_using.model_trainers.mobile_vit_trainer | Ep [001/500] T-Acc:  48.4%  V-Acc:  53.4%  V-AUROC: 0.5087  LR: 2.00e-04
2026-08-03 09:14:01,581 | [FULL    ] | INFO | full_experiments_using.model_trainers.mobile_vit_trainer |   ↳ new best AUROC; saved checkpoint: /home/oem/choihyunsu/VOGBasedMCIDetection/outputs/checkpoints/run_20260803_091255_full_wvote_artifact30_w0-5-10-10-0-10-20-20_strat_4err/fold_00_best.pth
2026-08-03 09:14:29,568 | [FULL    ] | INFO | full_experiments_using.model_trainers.mobile_vit_trainer | Ep [002/500] T-Acc:  52.5%  V-Acc:  53.6%  V-AUROC: 0.5235  LR: 4.00e-04
2026-08-03 09:14:29,756 | [FULL    ] | INFO | full_experiments_using.model_trainers.mobile_vit_trainer |   ↳ new best AUROC; saved checkpoint: /home/oem/choihyunsu/VOGBasedMCIDetection/outputs/checkpoints/run_20260803_091255_full_wvote_artifact30_w0-5-10-10-0-10-20-20_strat_4err/fold_00_best.pth
2026-08-03 09:14:57,825 | [FULL    ] | INFO | full_experiments_using.model_trainers.mobile_vit_trainer | Ep [003/500] T-Acc:  50.8%  V-Acc:  53.0%  V-AUROC: 0.5247  LR: 6.00e-04
2026-08-03 09:14:57,986 | [FULL    ] | INFO | full_experiments_using.model_trainers.mobile_vit_trainer |   ↳ new best AUROC; saved checkpoint: /home/oem/choihyunsu/VOGBasedMCIDetection/outputs/checkpoints/run_20260803_091255_full_wvote_artifact30_w0-5-10-10-0-10-20-20_strat_4err/fold_00_best.pth
2026-08-03 09:15:26,107 | [FULL    ] | INFO | full_experiments_using.model_trainers.mobile_vit_trainer | Ep [004/500] T-Acc:  53.7%  V-Acc:  53.2%  V-AUROC: 0.5453  LR: 8.00e-04
2026-08-03 09:15:26,279 | [FULL    ] | INFO | full_experiments_using.model_trainers.mobile_vit_trainer |   ↳ new best AUROC; saved checkpoint: /home/oem/choihyunsu/VOGBasedMCIDetection/outputs/checkpoints/run_20260803_091255_full_wvote_artifact30_w0-5-10-10-0-10-20-20_strat_4err/fold_00_best.pth
2026-08-03 09:15:54,606 | [FULL    ] | INFO | full_experiments_using.model_trainers.mobile_vit_trainer | Ep [005/500] T-Acc:  53.8%  V-Acc:  53.3%  V-AUROC: 0.5553  LR: 1.00e-03
2026-08-03 09:15:54,814 | [FULL    ] | INFO | full_experiments_using.model_trainers.mobile_vit_trainer |   ↳ new best AUROC; saved checkpoint: /home/oem/choihyunsu/VOGBasedMCIDetection/outputs/checkpoints/run_20260803_091255_full_wvote_artifact30_w0-5-10-10-0-10-20-20_strat_4err/fold_00_best.pth
2026-08-03 09:16:22,769 | [FULL    ] | INFO | full_experiments_using.model_trainers.mobile_vit_trainer | Ep [006/500] T-Acc:  54.0%  V-Acc:  54.4%  V-AUROC: 0.5612  LR: 1.00e-03
2026-08-03 09:16:22,899 | [FULL    ] | INFO | full_experiments_using.model_trainers.mobile_vit_trainer |   ↳ new best AUROC; saved checkpoint: /home/oem/choihyunsu/VOGBasedMCIDetection/outputs/checkpoints/run_20260803_091255_full_wvote_artifact30_w0-5-10-10-0-10-20-20_strat_4err/fold_00_best.pth
2026-08-03 09:16:51,138 | [FULL    ] | INFO | full_experiments_using.model_trainers.mobile_vit_trainer | Ep [007/500] T-Acc:  54.3%  V-Acc:  54.9%  V-AUROC: 0.5624  LR: 1.00e-03
2026-08-03 09:16:51,308 | [FULL    ] | INFO | full_experiments_using.model_trainers.mobile_vit_trainer |   ↳ new best AUROC; saved checkpoint: /home/oem/choihyunsu/VOGBasedMCIDetection/outputs/checkpoints/run_20260803_091255_full_wvote_artifact30_w0-5-10-10-0-10-20-20_strat_4err/fold_00_best.pth
2026-08-03 09:17:19,540 | [FULL    ] | INFO | full_experiments_using.model_trainers.mobile_vit_trainer | Ep [008/500] T-Acc:  55.9%  V-Acc:  54.1%  V-AUROC: 0.5587  LR: 1.00e-03
2026-08-03 09:17:47,939 | [FULL    ] | INFO | full_experiments_using.model_trainers.mobile_vit_trainer | Ep [009/500] T-Acc:  55.7%  V-Acc:  54.9%  V-AUROC: 0.5706  LR: 1.00e-03
2026-08-03 09:17:48,112 | [FULL    ] | INFO | full_experiments_using.model_trainers.mobile_vit_trainer |   ↳ new best AUROC; saved checkpoint: /home/oem/choihyunsu/VOGBasedMCIDetection/outputs/checkpoints/run_20260803_091255_full_wvote_artifact30_w0-5-10-10-0-10-20-20_strat_4err/fold_00_best.pth
2026-08-03 09:18:16,312 | [FULL    ] | INFO | full_experiments_using.model_trainers.mobile_vit_trainer | Ep [010/500] T-Acc:  54.2%  V-Acc:  55.5%  V-AUROC: 0.5845  LR: 1.00e-03
2026-08-03 09:18:16,450 | [FULL    ] | INFO | full_experiments_using.model_trainers.mobile_vit_trainer |   ↳ new best AUROC; saved checkpoint: /home/oem/choihyunsu/VOGBasedMCIDetection/outputs/checkpoints/run_20260803_091255_full_wvote_artifact30_w0-5-10-10-0-10-20-20_strat_4err/fold_00_best.pth
2026-08-03 09:18:44,544 | [FULL    ] | INFO | full_experiments_using.model_trainers.mobile_vit_trainer | Ep [011/500] T-Acc:  55.3%  V-Acc:  55.7%  V-AUROC: 0.5858  LR: 1.00e-03
2026-08-03 09:18:44,720 | [FULL    ] | INFO | full_experiments_using.model_trainers.mobile_vit_trainer |   ↳ new best AUROC; saved checkpoint: /home/oem/choihyunsu/VOGBasedMCIDetection/outputs/checkpoints/run_20260803_091255_full_wvote_artifact30_w0-5-10-10-0-10-20-20_strat_4err/fold_00_best.pth
2026-08-03 09:19:12,662 | [FULL    ] | INFO | full_experiments_using.model_trainers.mobile_vit_trainer | Ep [012/500] T-Acc:  56.2%  V-Acc:  56.9%  V-AUROC: 0.5941  LR: 1.00e-03
2026-08-03 09:19:12,812 | [FULL    ] | INFO | full_experiments_using.model_trainers.mobile_vit_trainer |   ↳ new best AUROC; saved checkpoint: /home/oem/choihyunsu/VOGBasedMCIDetection/outputs/checkpoints/run_20260803_091255_full_wvote_artifact30_w0-5-10-10-0-10-20-20_strat_4err/fold_00_best.pth
2026-08-03 09:19:41,181 | [FULL    ] | INFO | full_experiments_using.model_trainers.mobile_vit_trainer | Ep [013/500] T-Acc:  56.9%  V-Acc:  57.4%  V-AUROC: 0.5914  LR: 1.00e-03
2026-08-03 09:20:09,551 | [FULL    ] | INFO | full_experiments_using.model_trainers.mobile_vit_trainer | Ep [014/500] T-Acc:  57.7%  V-Acc:  55.2%  V-AUROC: 0.5815  LR: 1.00e-03
2026-08-03 09:20:37,748 | [FULL    ] | INFO | full_experiments_using.model_trainers.mobile_vit_trainer | Ep [015/500] T-Acc:  56.9%  V-Acc:  54.9%  V-AUROC: 0.5866  LR: 1.00e-03
2026-08-03 09:21:05,958 | [FULL    ] | INFO | full_experiments_using.model_trainers.mobile_vit_trainer | Ep [016/500] T-Acc:  58.5%  V-Acc:  57.0%  V-AUROC: 0.5962  LR: 1.00e-03
2026-08-03 09:21:06,084 | [FULL    ] | INFO | full_experiments_using.model_trainers.mobile_vit_trainer |   ↳ new best AUROC; saved checkpoint: /home/oem/choihyunsu/VOGBasedMCIDetection/outputs/checkpoints/run_20260803_091255_full_wvote_artifact30_w0-5-10-10-0-10-20-20_strat_4err/fold_00_best.pth
2026-08-03 09:21:34,186 | [FULL    ] | INFO | full_experiments_using.model_trainers.mobile_vit_trainer | Ep [017/500] T-Acc:  59.8%  V-Acc:  55.7%  V-AUROC: 0.5907  LR: 1.00e-03
2026-08-03 09:22:02,361 | [FULL    ] | INFO | full_experiments_using.model_trainers.mobile_vit_trainer | Ep [018/500] T-Acc:  58.5%  V-Acc:  57.2%  V-AUROC: 0.5935  LR: 1.00e-03
2026-08-03 09:22:30,801 | [FULL    ] | INFO | full_experiments_using.model_trainers.mobile_vit_trainer | Ep [019/500] T-Acc:  58.8%  V-Acc:  57.1%  V-AUROC: 0.6017  LR: 1.00e-03
2026-08-03 09:22:30,952 | [FULL    ] | INFO | full_experiments_using.model_trainers.mobile_vit_trainer |   ↳ new best AUROC; saved checkpoint: /home/oem/choihyunsu/VOGBasedMCIDetection/outputs/checkpoints/run_20260803_091255_full_wvote_artifact30_w0-5-10-10-0-10-20-20_strat_4err/fold_00_best.pth
2026-08-03 09:22:59,143 | [FULL    ] | INFO | full_experiments_using.model_trainers.mobile_vit_trainer | Ep [020/500] T-Acc:  58.3%  V-Acc:  55.9%  V-AUROC: 0.5970  LR: 1.00e-03
2026-08-03 09:23:27,281 | [FULL    ] | INFO | full_experiments_using.model_trainers.mobile_vit_trainer | Ep [021/500] T-Acc:  60.1%  V-Acc:  56.3%  V-AUROC: 0.5983  LR: 1.00e-03
2026-08-03 09:23:55,460 | [FULL    ] | INFO | full_experiments_using.model_trainers.mobile_vit_trainer | Ep [022/500] T-Acc:  57.9%  V-Acc:  56.7%  V-AUROC: 0.5990  LR: 1.00e-03
2026-08-03 09:24:23,679 | [FULL    ] | INFO | full_experiments_using.model_trainers.mobile_vit_trainer | Ep [023/500] T-Acc:  58.4%  V-Acc:  56.6%  V-AUROC: 0.6075  LR: 1.00e-03
2026-08-03 09:24:23,799 | [FULL    ] | INFO | full_experiments_using.model_trainers.mobile_vit_trainer |   ↳ new best AUROC; saved checkpoint: /home/oem/choihyunsu/VOGBasedMCIDetection/outputs/checkpoints/run_20260803_091255_full_wvote_artifact30_w0-5-10-10-0-10-20-20_strat_4err/fold_00_best.pth
2026-08-03 09:24:52,011 | [FULL    ] | INFO | full_experiments_using.model_trainers.mobile_vit_trainer | Ep [024/500] T-Acc:  58.4%  V-Acc:  57.4%  V-AUROC: 0.6098  LR: 1.00e-03
2026-08-03 09:24:52,207 | [FULL    ] | INFO | full_experiments_using.model_trainers.mobile_vit_trainer |   ↳ new best AUROC; saved checkpoint: /home/oem/choihyunsu/VOGBasedMCIDetection/outputs/checkpoints/run_20260803_091255_full_wvote_artifact30_w0-5-10-10-0-10-20-20_strat_4err/fold_00_best.pth
2026-08-03 09:25:20,769 | [FULL    ] | INFO | full_experiments_using.model_trainers.mobile_vit_trainer | Ep [025/500] T-Acc:  59.0%  V-Acc:  57.5%  V-AUROC: 0.6070  LR: 1.00e-03
2026-08-03 09:25:48,866 | [FULL    ] | INFO | full_experiments_using.model_trainers.mobile_vit_trainer | Ep [026/500] T-Acc:  59.9%  V-Acc:  57.4%  V-AUROC: 0.6062  LR: 1.00e-03
2026-08-03 09:26:17,082 | [FULL    ] | INFO | full_experiments_using.model_trainers.mobile_vit_trainer | Ep [027/500] T-Acc:  60.3%  V-Acc:  57.5%  V-AUROC: 0.6031  LR: 1.00e-03
2026-08-03 09:26:45,411 | [FULL    ] | INFO | full_experiments_using.model_trainers.mobile_vit_trainer | Ep [028/500] T-Acc:  59.9%  V-Acc:  57.8%  V-AUROC: 0.6038  LR: 1.00e-03
2026-08-03 09:27:14,092 | [FULL    ] | INFO | full_experiments_using.model_trainers.mobile_vit_trainer | Ep [029/500] T-Acc:  60.6%  V-Acc:  59.1%  V-AUROC: 0.6111  LR: 1.00e-03
2026-08-03 09:27:14,234 | [FULL    ] | INFO | full_experiments_using.model_trainers.mobile_vit_trainer |   ↳ new best AUROC; saved checkpoint: /home/oem/choihyunsu/VOGBasedMCIDetection/outputs/checkpoints/run_20260803_091255_full_wvote_artifact30_w0-5-10-10-0-10-20-20_strat_4err/fold_00_best.pth
2026-08-03 09:27:42,606 | [FULL    ] | INFO | full_experiments_using.model_trainers.mobile_vit_trainer | Ep [030/500] T-Acc:  59.6%  V-Acc:  56.8%  V-AUROC: 0.6030  LR: 1.00e-03
2026-08-03 09:28:10,969 | [FULL    ] | INFO | full_experiments_using.model_trainers.mobile_vit_trainer | Ep [031/500] T-Acc:  60.0%  V-Acc:  57.4%  V-AUROC: 0.6058  LR: 1.00e-03
2026-08-03 09:28:39,309 | [FULL    ] | INFO | full_experiments_using.model_trainers.mobile_vit_trainer | Ep [032/500] T-Acc:  60.5%  V-Acc:  58.3%  V-AUROC: 0.6103  LR: 1.00e-03
2026-08-03 09:29:07,622 | [FULL    ] | INFO | full_experiments_using.model_trainers.mobile_vit_trainer | Ep [033/500] T-Acc:  59.5%  V-Acc:  57.2%  V-AUROC: 0.6125  LR: 1.00e-03
2026-08-03 09:29:07,762 | [FULL    ] | INFO | full_experiments_using.model_trainers.mobile_vit_trainer |   ↳ new best AUROC; saved checkpoint: /home/oem/choihyunsu/VOGBasedMCIDetection/outputs/checkpoints/run_20260803_091255_full_wvote_artifact30_w0-5-10-10-0-10-20-20_strat_4err/fold_00_best.pth
2026-08-03 09:29:35,963 | [FULL    ] | INFO | full_experiments_using.model_trainers.mobile_vit_trainer | Ep [034/500] T-Acc:  60.5%  V-Acc:  57.6%  V-AUROC: 0.6049  LR: 1.00e-03
2026-08-03 09:30:04,344 | [FULL    ] | INFO | full_experiments_using.model_trainers.mobile_vit_trainer | Ep [035/500] T-Acc:  60.8%  V-Acc:  54.9%  V-AUROC: 0.5969  LR: 1.00e-03
2026-08-03 09:30:32,446 | [FULL    ] | INFO | full_experiments_using.model_trainers.mobile_vit_trainer | Ep [036/500] T-Acc:  60.6%  V-Acc:  57.5%  V-AUROC: 0.6077  LR: 1.00e-03
2026-08-03 09:31:00,810 | [FULL    ] | INFO | full_experiments_using.model_trainers.mobile_vit_trainer | Ep [037/500] T-Acc:  60.2%  V-Acc:  56.6%  V-AUROC: 0.6059  LR: 1.00e-03
2026-08-03 09:31:29,260 | [FULL    ] | INFO | full_experiments_using.model_trainers.mobile_vit_trainer | Ep [038/500] T-Acc:  60.6%  V-Acc:  57.1%  V-AUROC: 0.6067  LR: 1.00e-03
2026-08-03 09:31:57,379 | [FULL    ] | INFO | full_experiments_using.model_trainers.mobile_vit_trainer | Ep [039/500] T-Acc:  59.8%  V-Acc:  58.2%  V-AUROC: 0.6087  LR: 1.00e-03
2026-08-03 09:32:25,634 | [FULL    ] | INFO | full_experiments_using.model_trainers.mobile_vit_trainer | Ep [040/500] T-Acc:  60.6%  V-Acc:  57.9%  V-AUROC: 0.6115  LR: 1.00e-03
2026-08-03 09:32:53,893 | [FULL    ] | INFO | full_experiments_using.model_trainers.mobile_vit_trainer | Ep [041/500] T-Acc:  60.2%  V-Acc:  57.9%  V-AUROC: 0.6119  LR: 1.00e-03
2026-08-03 09:33:21,996 | [FULL    ] | INFO | full_experiments_using.model_trainers.mobile_vit_trainer | Ep [042/500] T-Acc:  60.8%  V-Acc:  58.5%  V-AUROC: 0.6134  LR: 1.00e-03
2026-08-03 09:33:22,166 | [FULL    ] | INFO | full_experiments_using.model_trainers.mobile_vit_trainer |   ↳ new best AUROC; saved checkpoint: /home/oem/choihyunsu/VOGBasedMCIDetection/outputs/checkpoints/run_20260803_091255_full_wvote_artifact30_w0-5-10-10-0-10-20-20_strat_4err/fold_00_best.pth
2026-08-03 09:33:50,562 | [FULL    ] | INFO | full_experiments_using.model_trainers.mobile_vit_trainer | Ep [043/500] T-Acc:  61.1%  V-Acc:  57.9%  V-AUROC: 0.6020  LR: 1.00e-03
2026-08-03 09:34:18,996 | [FULL    ] | INFO | full_experiments_using.model_trainers.mobile_vit_trainer | Ep [044/500] T-Acc:  60.5%  V-Acc:  59.1%  V-AUROC: 0.6179  LR: 1.00e-03
2026-08-03 09:34:19,159 | [FULL    ] | INFO | full_experiments_using.model_trainers.mobile_vit_trainer |   ↳ new best AUROC; saved checkpoint: /home/oem/choihyunsu/VOGBasedMCIDetection/outputs/checkpoints/run_20260803_091255_full_wvote_artifact30_w0-5-10-10-0-10-20-20_strat_4err/fold_00_best.pth
2026-08-03 09:34:47,475 | [FULL    ] | INFO | full_experiments_using.model_trainers.mobile_vit_trainer | Ep [045/500] T-Acc:  61.4%  V-Acc:  59.3%  V-AUROC: 0.6160  LR: 1.00e-03
2026-08-03 09:35:15,562 | [FULL    ] | INFO | full_experiments_using.model_trainers.mobile_vit_trainer | Ep [046/500] T-Acc:  61.3%  V-Acc:  58.9%  V-AUROC: 0.6143  LR: 1.00e-03
2026-08-03 09:35:43,930 | [FULL    ] | INFO | full_experiments_using.model_trainers.mobile_vit_trainer | Ep [047/500] T-Acc:  61.1%  V-Acc:  57.9%  V-AUROC: 0.6127  LR: 1.00e-03
2026-08-03 09:36:12,160 | [FULL    ] | INFO | full_experiments_using.model_trainers.mobile_vit_trainer | Ep [048/500] T-Acc:  60.8%  V-Acc:  57.9%  V-AUROC: 0.6149  LR: 1.00e-03
2026-08-03 09:36:40,700 | [FULL    ] | INFO | full_experiments_using.model_trainers.mobile_vit_trainer | Ep [049/500] T-Acc:  60.7%  V-Acc:  59.8%  V-AUROC: 0.6240  LR: 1.00e-03
2026-08-03 09:36:40,834 | [FULL    ] | INFO | full_experiments_using.model_trainers.mobile_vit_trainer |   ↳ new best AUROC; saved checkpoint: /home/oem/choihyunsu/VOGBasedMCIDetection/outputs/checkpoints/run_20260803_091255_full_wvote_artifact30_w0-5-10-10-0-10-20-20_strat_4err/fold_00_best.pth
2026-08-03 09:37:09,135 | [FULL    ] | INFO | full_experiments_using.model_trainers.mobile_vit_trainer | Ep [050/500] T-Acc:  60.7%  V-Acc:  58.3%  V-AUROC: 0.6245  LR: 1.00e-03
2026-08-03 09:37:09,257 | [FULL    ] | INFO | full_experiments_using.model_trainers.mobile_vit_trainer |   ↳ new best AUROC; saved checkpoint: /home/oem/choihyunsu/VOGBasedMCIDetection/outputs/checkpoints/run_20260803_091255_full_wvote_artifact30_w0-5-10-10-0-10-20-20_strat_4err/fold_00_best.pth
2026-08-03 09:37:37,649 | [FULL    ] | INFO | full_experiments_using.model_trainers.mobile_vit_trainer | Ep [051/500] T-Acc:  61.5%  V-Acc:  58.6%  V-AUROC: 0.6204  LR: 1.00e-03
2026-08-03 09:38:06,073 | [FULL    ] | INFO | full_experiments_using.model_trainers.mobile_vit_trainer | Ep [052/500] T-Acc:  61.3%  V-Acc:  57.6%  V-AUROC: 0.6173  LR: 1.00e-03
2026-08-03 09:38:34,494 | [FULL    ] | INFO | full_experiments_using.model_trainers.mobile_vit_trainer | Ep [053/500] T-Acc:  61.2%  V-Acc:  59.6%  V-AUROC: 0.6208  LR: 1.00e-03
2026-08-03 09:39:02,227 | [FULL    ] | INFO | full_experiments_using.model_trainers.mobile_vit_trainer | Ep [054/500] T-Acc:  61.1%  V-Acc:  59.1%  V-AUROC: 0.6197  LR: 1.00e-03
2026-08-03 09:39:28,608 | [FULL    ] | INFO | full_experiments_using.model_trainers.mobile_vit_trainer | Ep [055/500] T-Acc:  61.2%  V-Acc:  58.9%  V-AUROC: 0.6179  LR: 1.00e-03
2026-08-03 09:39:54,528 | [FULL    ] | INFO | full_experiments_using.model_trainers.mobile_vit_trainer | Ep [056/500] T-Acc:  61.2%  V-Acc:  59.1%  V-AUROC: 0.6182  LR: 1.00e-03
2026-08-03 09:40:22,198 | [FULL    ] | INFO | full_experiments_using.model_trainers.mobile_vit_trainer | Ep [057/500] T-Acc:  61.5%  V-Acc:  60.6%  V-AUROC: 0.6280  LR: 1.00e-03
2026-08-03 09:40:22,320 | [FULL    ] | INFO | full_experiments_using.model_trainers.mobile_vit_trainer |   ↳ new best AUROC; saved checkpoint: /home/oem/choihyunsu/VOGBasedMCIDetection/outputs/checkpoints/run_20260803_091255_full_wvote_artifact30_w0-5-10-10-0-10-20-20_strat_4err/fold_00_best.pth
2026-08-03 09:40:48,792 | [FULL    ] | INFO | full_experiments_using.model_trainers.mobile_vit_trainer | Ep [058/500] T-Acc:  61.7%  V-Acc:  57.4%  V-AUROC: 0.6166  LR: 1.00e-03
2026-08-03 09:41:14,717 | [FULL    ] | INFO | full_experiments_using.model_trainers.mobile_vit_trainer | Ep [059/500] T-Acc:  62.1%  V-Acc:  58.9%  V-AUROC: 0.6255  LR: 1.00e-03
2026-08-03 09:41:43,077 | [FULL    ] | INFO | full_experiments_using.model_trainers.mobile_vit_trainer | Ep [060/500] T-Acc:  62.1%  V-Acc:  59.7%  V-AUROC: 0.6288  LR: 1.00e-03
2026-08-03 09:41:43,228 | [FULL    ] | INFO | full_experiments_using.model_trainers.mobile_vit_trainer |   ↳ new best AUROC; saved checkpoint: /home/oem/choihyunsu/VOGBasedMCIDetection/outputs/checkpoints/run_20260803_091255_full_wvote_artifact30_w0-5-10-10-0-10-20-20_strat_4err/fold_00_best.pth
2026-08-03 09:42:11,693 | [FULL    ] | INFO | full_experiments_using.model_trainers.mobile_vit_trainer | Ep [061/500] T-Acc:  62.2%  V-Acc:  58.3%  V-AUROC: 0.6242  LR: 1.00e-03
2026-08-03 09:42:40,051 | [FULL    ] | INFO | full_experiments_using.model_trainers.mobile_vit_trainer | Ep [062/500] T-Acc:  62.6%  V-Acc:  58.1%  V-AUROC: 0.6208  LR: 1.00e-03
2026-08-03 09:43:08,414 | [FULL    ] | INFO | full_experiments_using.model_trainers.mobile_vit_trainer | Ep [063/500] T-Acc:  61.8%  V-Acc:  59.0%  V-AUROC: 0.6214  LR: 1.00e-03
2026-08-03 09:43:36,728 | [FULL    ] | INFO | full_experiments_using.model_trainers.mobile_vit_trainer | Ep [064/500] T-Acc:  62.8%  V-Acc:  56.9%  V-AUROC: 0.6115  LR: 1.00e-03
2026-08-03 09:44:05,105 | [FULL    ] | INFO | full_experiments_using.model_trainers.mobile_vit_trainer | Ep [065/500] T-Acc:  62.8%  V-Acc:  57.1%  V-AUROC: 0.6088  LR: 1.00e-03
2026-08-03 09:44:33,233 | [FULL    ] | INFO | full_experiments_using.model_trainers.mobile_vit_trainer | Ep [066/500] T-Acc:  62.3%  V-Acc:  56.9%  V-AUROC: 0.6131  LR: 1.00e-03
2026-08-03 09:45:01,542 | [FULL    ] | INFO | full_experiments_using.model_trainers.mobile_vit_trainer | Ep [067/500] T-Acc:  63.4%  V-Acc:  58.9%  V-AUROC: 0.6176  LR: 1.00e-03
2026-08-03 09:45:27,596 | [FULL    ] | INFO | full_experiments_using.model_trainers.mobile_vit_trainer | Ep [068/500] T-Acc:  62.7%  V-Acc:  57.0%  V-AUROC: 0.6083  LR: 1.00e-03
2026-08-03 09:45:55,586 | [FULL    ] | INFO | full_experiments_using.model_trainers.mobile_vit_trainer | Ep [069/500] T-Acc:  63.2%  V-Acc:  58.1%  V-AUROC: 0.6212  LR: 1.00e-03
2026-08-03 09:46:21,602 | [FULL    ] | INFO | full_experiments_using.model_trainers.mobile_vit_trainer | Ep [070/500] T-Acc:  62.4%  V-Acc:  57.4%  V-AUROC: 0.6224  LR: 1.00e-03
2026-08-03 09:46:49,876 | [FULL    ] | INFO | full_experiments_using.model_trainers.mobile_vit_trainer | Ep [071/500] T-Acc:  63.3%  V-Acc:  59.0%  V-AUROC: 0.6223  LR: 1.00e-03
2026-08-03 09:47:18,155 | [FULL    ] | INFO | full_experiments_using.model_trainers.mobile_vit_trainer | Ep [072/500] T-Acc:  62.7%  V-Acc:  58.7%  V-AUROC: 0.6201  LR: 2.00e-04
2026-08-03 09:47:46,350 | [FULL    ] | INFO | full_experiments_using.model_trainers.mobile_vit_trainer | Ep [073/500] T-Acc:  62.7%  V-Acc:  58.7%  V-AUROC: 0.6215  LR: 2.00e-04
2026-08-03 09:48:14,414 | [FULL    ] | INFO | full_experiments_using.model_trainers.mobile_vit_trainer | Ep [074/500] T-Acc:  62.9%  V-Acc:  59.0%  V-AUROC: 0.6203  LR: 2.00e-04
2026-08-03 09:48:42,853 | [FULL    ] | INFO | full_experiments_using.model_trainers.mobile_vit_trainer | Ep [075/500] T-Acc:  62.5%  V-Acc:  58.9%  V-AUROC: 0.6221  LR: 2.00e-04
2026-08-03 09:49:11,108 | [FULL    ] | INFO | full_experiments_using.model_trainers.mobile_vit_trainer | Ep [076/500] T-Acc:  63.5%  V-Acc:  59.8%  V-AUROC: 0.6241  LR: 2.00e-04
2026-08-03 09:49:39,627 | [FULL    ] | INFO | full_experiments_using.model_trainers.mobile_vit_trainer | Ep [077/500] T-Acc:  63.1%  V-Acc:  58.4%  V-AUROC: 0.6248  LR: 2.00e-04
2026-08-03 09:50:07,627 | [FULL    ] | INFO | full_experiments_using.model_trainers.mobile_vit_trainer | Ep [078/500] T-Acc:  63.1%  V-Acc:  59.8%  V-AUROC: 0.6239  LR: 2.00e-04
2026-08-03 09:50:36,175 | [FULL    ] | INFO | full_experiments_using.model_trainers.mobile_vit_trainer | Ep [079/500] T-Acc:  63.7%  V-Acc:  59.3%  V-AUROC: 0.6267  LR: 2.00e-04
2026-08-03 09:51:04,425 | [FULL    ] | INFO | full_experiments_using.model_trainers.mobile_vit_trainer | Ep [080/500] T-Acc:  64.2%  V-Acc:  58.5%  V-AUROC: 0.6255  LR: 2.00e-04
2026-08-03 09:51:32,892 | [FULL    ] | INFO | full_experiments_using.model_trainers.mobile_vit_trainer | Ep [081/500] T-Acc:  63.4%  V-Acc:  59.6%  V-AUROC: 0.6237  LR: 2.00e-04
2026-08-03 09:52:01,703 | [FULL    ] | INFO | full_experiments_using.model_trainers.mobile_vit_trainer | Ep [082/500] T-Acc:  63.4%  V-Acc:  59.3%  V-AUROC: 0.6238  LR: 2.00e-04
2026-08-03 09:52:30,114 | [FULL    ] | INFO | full_experiments_using.model_trainers.mobile_vit_trainer | Ep [083/500] T-Acc:  64.0%  V-Acc:  59.3%  V-AUROC: 0.6215  LR: 4.00e-05
2026-08-03 09:52:58,402 | [FULL    ] | INFO | full_experiments_using.model_trainers.mobile_vit_trainer | Ep [084/500] T-Acc:  63.7%  V-Acc:  58.5%  V-AUROC: 0.6213  LR: 4.00e-05
2026-08-03 09:53:26,952 | [FULL    ] | INFO | full_experiments_using.model_trainers.mobile_vit_trainer | Ep [085/500] T-Acc:  63.7%  V-Acc:  59.4%  V-AUROC: 0.6223  LR: 4.00e-05
2026-08-03 09:53:55,076 | [FULL    ] | INFO | full_experiments_using.model_trainers.mobile_vit_trainer | Ep [086/500] T-Acc:  63.6%  V-Acc:  58.8%  V-AUROC: 0.6220  LR: 4.00e-05
2026-08-03 09:54:23,624 | [FULL    ] | INFO | full_experiments_using.model_trainers.mobile_vit_trainer | Ep [087/500] T-Acc:  63.8%  V-Acc:  59.9%  V-AUROC: 0.6242  LR: 4.00e-05
2026-08-03 09:54:51,984 | [FULL    ] | INFO | full_experiments_using.model_trainers.mobile_vit_trainer | Ep [088/500] T-Acc:  62.7%  V-Acc:  58.8%  V-AUROC: 0.6241  LR: 4.00e-05
2026-08-03 09:55:20,369 | [FULL    ] | INFO | full_experiments_using.model_trainers.mobile_vit_trainer | Ep [089/500] T-Acc:  63.8%  V-Acc:  58.7%  V-AUROC: 0.6218  LR: 4.00e-05
2026-08-03 09:55:48,778 | [FULL    ] | INFO | full_experiments_using.model_trainers.mobile_vit_trainer | Ep [090/500] T-Acc:  63.2%  V-Acc:  59.3%  V-AUROC: 0.6247  LR: 4.00e-05
2026-08-03 09:55:48,778 | [FULL    ] | INFO | full_experiments_using.model_trainers.mobile_vit_trainer | Early stop — best AUROC 0.6288 at epoch 60 (no improvement for 30 epochs)
2026-08-03 09:55:48,778 | [FULL    ] | INFO | full_experiments_using.model_trainers.mobile_vit_trainer | Done. Best AUROC: 0.6288 (epoch 60) → /home/oem/choihyunsu/VOGBasedMCIDetection/outputs/checkpoints/run_20260803_091255_full_wvote_artifact30_w0-5-10-10-0-10-20-20_strat_4err/fold_00_best.pth
2026-08-03 09:56:02,870 | [FULL    ] | INFO | full_experiments_using.evaluators.monte_carlo_evaluator | -> Fold 01 Result | Acc=0.818 Sens=0.875 Spec=0.667 AUROC=0.875
2026-08-03 09:56:02,877 | [FULL    ] | INFO | full_experiments_using.evaluators.monte_carlo_evaluator | === Fold 02/30 | train: 25 subj (HC=10 MCI=15) / 3854 win | test: 12 subj (HC=4 MCI=8) / 1861 win ===
2026-08-03 09:56:03,128 | [FULL    ] | INFO | httpx | HTTP Request: HEAD https://huggingface.co/apple/mobilevit-small/resolve/main/config.json "HTTP/1.1 307 Temporary Redirect"
2026-08-03 09:56:03,144 | [FULL    ] | INFO | httpx | HTTP Request: HEAD https://huggingface.co/api/resolve-cache/models/apple/mobilevit-small/6c8612545dc98676d27bc518fa521d9e9af23e34/config.json "HTTP/1.1 200 OK"
2026-08-03 09:56:03,391 | [FULL    ] | INFO | httpx | HTTP Request: HEAD https://huggingface.co/apple/mobilevit-small/resolve/main/model.safetensors "HTTP/1.1 404 Not Found"
2026-08-03 09:56:03,616 | [FULL    ] | INFO | httpx | HTTP Request: HEAD https://huggingface.co/apple/mobilevit-small/resolve/main/model.safetensors.index.json "HTTP/1.1 404 Not Found"
2026-08-03 09:56:03,830 | [FULL    ] | INFO | httpx | HTTP Request: HEAD https://huggingface.co/apple/mobilevit-small/resolve/main/pytorch_model.bin "HTTP/1.1 302 Found"
2026-08-03 09:56:04,039 | [FULL    ] | INFO | httpx | HTTP Request: HEAD https://huggingface.co/apple/mobilevit-small/resolve/main/model.safetensors "HTTP/1.1 404 Not Found"
2026-08-03 09:56:04,254 | [FULL    ] | INFO | httpx | HTTP Request: GET https://huggingface.co/api/models/apple/mobilevit-small "HTTP/1.1 200 OK"
2026-08-03 09:56:04,508 | [FULL    ] | INFO | httpx | HTTP Request: GET https://huggingface.co/api/models/apple/mobilevit-small/commits/main "HTTP/1.1 200 OK"
2026-08-03 09:56:04,759 | [FULL    ] | INFO | httpx | HTTP Request: GET https://huggingface.co/api/models/apple/mobilevit-small/discussions?p=0 "HTTP/1.1 200 OK"
2026-08-03 09:56:04,988 | [FULL    ] | INFO | httpx | HTTP Request: GET https://huggingface.co/api/models/apple/mobilevit-small/commits/refs%2Fpr%2F6 "HTTP/1.1 200 OK"
2026-08-03 09:56:05,192 | [FULL    ] | INFO | httpx | HTTP Request: HEAD https://huggingface.co/apple/mobilevit-small/resolve/refs%2Fpr%2F6/model.safetensors.index.json "HTTP/1.1 404 Not Found"
2026-08-03 09:56:05,407 | [FULL    ] | INFO | httpx | HTTP Request: HEAD https://huggingface.co/apple/mobilevit-small/resolve/refs%2Fpr%2F6/model.safetensors "HTTP/1.1 302 Found"
2026-08-03 09:56:06,207 | [FULL    ] | INFO | full_experiments_using.model_trainers.mobile_vit_trainer | Device: cuda | max_epochs=500 | batch=32 | eval_batch=256 | es_patience=30
2026-08-03 09:56:06,212 | [FULL    ] | INFO | full_experiments_using.model_trainers.mobile_vit_trainer | CE weights — HC: 1.103  MCI: 0.915
2026-08-03 09:56:44,313 | [FULL    ] | INFO | full_experiments_using.model_trainers.mobile_vit_trainer | Ep [001/500] T-Acc:  52.3%  V-Acc:  53.5%  V-AUROC: 0.5130  LR: 2.00e-04
2026-08-03 09:56:44,373 | [FULL    ] | INFO | full_experiments_using.model_trainers.mobile_vit_trainer |   ↳ new best AUROC; saved checkpoint: /home/oem/choihyunsu/VOGBasedMCIDetection/outputs/checkpoints/run_20260803_091255_full_wvote_artifact30_w0-5-10-10-0-10-20-20_strat_4err/fold_01_best.pth
2026-08-03 09:57:12,458 | [FULL    ] | INFO | full_experiments_using.model_trainers.mobile_vit_trainer | Ep [002/500] T-Acc:  51.7%  V-Acc:  52.1%  V-AUROC: 0.5153  LR: 4.00e-04
2026-08-03 09:57:12,601 | [FULL    ] | INFO | full_experiments_using.model_trainers.mobile_vit_trainer |   ↳ new best AUROC; saved checkpoint: /home/oem/choihyunsu/VOGBasedMCIDetection/outputs/checkpoints/run_20260803_091255_full_wvote_artifact30_w0-5-10-10-0-10-20-20_strat_4err/fold_01_best.pth
2026-08-03 09:57:40,791 | [FULL    ] | INFO | full_experiments_using.model_trainers.mobile_vit_trainer | Ep [003/500] T-Acc:  52.2%  V-Acc:  50.9%  V-AUROC: 0.5162  LR: 6.00e-04
2026-08-03 09:57:40,911 | [FULL    ] | INFO | full_experiments_using.model_trainers.mobile_vit_trainer |   ↳ new best AUROC; saved checkpoint: /home/oem/choihyunsu/VOGBasedMCIDetection/outputs/checkpoints/run_20260803_091255_full_wvote_artifact30_w0-5-10-10-0-10-20-20_strat_4err/fold_01_best.pth
2026-08-03 09:58:09,189 | [FULL    ] | INFO | full_experiments_using.model_trainers.mobile_vit_trainer | Ep [004/500] T-Acc:  53.6%  V-Acc:  49.1%  V-AUROC: 0.5099  LR: 8.00e-04
2026-08-03 09:58:37,235 | [FULL    ] | INFO | full_experiments_using.model_trainers.mobile_vit_trainer | Ep [005/500] T-Acc:  53.9%  V-Acc:  50.1%  V-AUROC: 0.5089  LR: 1.00e-03
2026-08-03 09:59:05,355 | [FULL    ] | INFO | full_experiments_using.model_trainers.mobile_vit_trainer | Ep [006/500] T-Acc:  54.7%  V-Acc:  49.8%  V-AUROC: 0.5152  LR: 1.00e-03
2026-08-03 09:59:33,374 | [FULL    ] | INFO | full_experiments_using.model_trainers.mobile_vit_trainer | Ep [007/500] T-Acc:  55.7%  V-Acc:  49.0%  V-AUROC: 0.5124  LR: 1.00e-03
2026-08-03 10:00:01,563 | [FULL    ] | INFO | full_experiments_using.model_trainers.mobile_vit_trainer | Ep [008/500] T-Acc:  57.4%  V-Acc:  47.6%  V-AUROC: 0.5092  LR: 1.00e-03
2026-08-03 10:00:29,701 | [FULL    ] | INFO | full_experiments_using.model_trainers.mobile_vit_trainer | Ep [009/500] T-Acc:  56.2%  V-Acc:  49.7%  V-AUROC: 0.5096  LR: 1.00e-03
2026-08-03 10:00:58,282 | [FULL    ] | INFO | full_experiments_using.model_trainers.mobile_vit_trainer | Ep [010/500] T-Acc:  57.4%  V-Acc:  49.1%  V-AUROC: 0.5054  LR: 1.00e-03
2026-08-03 10:01:24,445 | [FULL    ] | INFO | full_experiments_using.model_trainers.mobile_vit_trainer | Ep [011/500] T-Acc:  58.2%  V-Acc:  48.9%  V-AUROC: 0.5070  LR: 1.00e-03
2026-08-03 10:01:52,176 | [FULL    ] | INFO | full_experiments_using.model_trainers.mobile_vit_trainer | Ep [012/500] T-Acc:  58.8%  V-Acc:  48.6%  V-AUROC: 0.5048  LR: 1.00e-03
2026-08-03 10:02:18,496 | [FULL    ] | INFO | full_experiments_using.model_trainers.mobile_vit_trainer | Ep [013/500] T-Acc:  59.5%  V-Acc:  49.8%  V-AUROC: 0.5124  LR: 1.00e-03
2026-08-03 10:02:45,148 | [FULL    ] | INFO | full_experiments_using.model_trainers.mobile_vit_trainer | Ep [014/500] T-Acc:  58.5%  V-Acc:  48.3%  V-AUROC: 0.5025  LR: 1.00e-03
2026-08-03 10:03:11,413 | [FULL    ] | INFO | full_experiments_using.model_trainers.mobile_vit_trainer | Ep [015/500] T-Acc:  60.2%  V-Acc:  48.8%  V-AUROC: 0.4988  LR: 1.00e-03
2026-08-03 10:03:39,746 | [FULL    ] | INFO | full_experiments_using.model_trainers.mobile_vit_trainer | Ep [016/500] T-Acc:  60.3%  V-Acc:  49.4%  V-AUROC: 0.5147  LR: 1.00e-03
2026-08-03 10:04:07,919 | [FULL    ] | INFO | full_experiments_using.model_trainers.mobile_vit_trainer | Ep [017/500] T-Acc:  60.2%  V-Acc:  51.3%  V-AUROC: 0.5160  LR: 1.00e-03
2026-08-03 10:04:36,197 | [FULL    ] | INFO | full_experiments_using.model_trainers.mobile_vit_trainer | Ep [018/500] T-Acc:  62.7%  V-Acc:  50.1%  V-AUROC: 0.5156  LR: 1.00e-03
2026-08-03 10:05:03,988 | [FULL    ] | INFO | full_experiments_using.model_trainers.mobile_vit_trainer | Ep [019/500] T-Acc:  61.6%  V-Acc:  49.7%  V-AUROC: 0.5149  LR: 1.00e-03
2026-08-03 10:05:30,794 | [FULL    ] | INFO | full_experiments_using.model_trainers.mobile_vit_trainer | Ep [020/500] T-Acc:  61.3%  V-Acc:  50.5%  V-AUROC: 0.5141  LR: 1.00e-03
2026-08-03 10:05:58,468 | [FULL    ] | INFO | full_experiments_using.model_trainers.mobile_vit_trainer | Ep [021/500] T-Acc:  60.9%  V-Acc:  50.0%  V-AUROC: 0.5160  LR: 1.00e-03
2026-08-03 10:06:24,653 | [FULL    ] | INFO | full_experiments_using.model_trainers.mobile_vit_trainer | Ep [022/500] T-Acc:  61.1%  V-Acc:  50.5%  V-AUROC: 0.5219  LR: 1.00e-03
2026-08-03 10:06:24,775 | [FULL    ] | INFO | full_experiments_using.model_trainers.mobile_vit_trainer |   ↳ new best AUROC; saved checkpoint: /home/oem/choihyunsu/VOGBasedMCIDetection/outputs/checkpoints/run_20260803_091255_full_wvote_artifact30_w0-5-10-10-0-10-20-20_strat_4err/fold_01_best.pth
2026-08-03 10:06:53,060 | [FULL    ] | INFO | full_experiments_using.model_trainers.mobile_vit_trainer | Ep [023/500] T-Acc:  61.7%  V-Acc:  50.7%  V-AUROC: 0.5162  LR: 1.00e-03
2026-08-03 10:07:21,226 | [FULL    ] | INFO | full_experiments_using.model_trainers.mobile_vit_trainer | Ep [024/500] T-Acc:  61.4%  V-Acc:  50.7%  V-AUROC: 0.5178  LR: 1.00e-03
2026-08-03 10:07:49,203 | [FULL    ] | INFO | full_experiments_using.model_trainers.mobile_vit_trainer | Ep [025/500] T-Acc:  62.6%  V-Acc:  50.4%  V-AUROC: 0.5162  LR: 1.00e-03
2026-08-03 10:08:17,549 | [FULL    ] | INFO | full_experiments_using.model_trainers.mobile_vit_trainer | Ep [026/500] T-Acc:  61.8%  V-Acc:  49.2%  V-AUROC: 0.5146  LR: 1.00e-03
2026-08-03 10:08:45,740 | [FULL    ] | INFO | full_experiments_using.model_trainers.mobile_vit_trainer | Ep [027/500] T-Acc:  61.0%  V-Acc:  49.5%  V-AUROC: 0.5183  LR: 1.00e-03
2026-08-03 10:09:13,557 | [FULL    ] | INFO | full_experiments_using.model_trainers.mobile_vit_trainer | Ep [028/500] T-Acc:  62.3%  V-Acc:  50.3%  V-AUROC: 0.5158  LR: 1.00e-03
2026-08-03 10:09:41,633 | [FULL    ] | INFO | full_experiments_using.model_trainers.mobile_vit_trainer | Ep [029/500] T-Acc:  62.6%  V-Acc:  50.6%  V-AUROC: 0.5183  LR: 1.00e-03
2026-08-03 10:10:09,693 | [FULL    ] | INFO | full_experiments_using.model_trainers.mobile_vit_trainer | Ep [030/500] T-Acc:  63.4%  V-Acc:  49.7%  V-AUROC: 0.5149  LR: 1.00e-03
2026-08-03 10:10:37,753 | [FULL    ] | INFO | full_experiments_using.model_trainers.mobile_vit_trainer | Ep [031/500] T-Acc:  63.7%  V-Acc:  49.1%  V-AUROC: 0.5194  LR: 1.00e-03
2026-08-03 10:11:05,654 | [FULL    ] | INFO | full_experiments_using.model_trainers.mobile_vit_trainer | Ep [032/500] T-Acc:  62.8%  V-Acc:  51.0%  V-AUROC: 0.5104  LR: 1.00e-03
2026-08-03 10:11:34,235 | [FULL    ] | INFO | full_experiments_using.model_trainers.mobile_vit_trainer | Ep [033/500] T-Acc:  63.3%  V-Acc:  49.7%  V-AUROC: 0.5131  LR: 1.00e-03
2026-08-03 10:12:02,349 | [FULL    ] | INFO | full_experiments_using.model_trainers.mobile_vit_trainer | Ep [034/500] T-Acc:  64.7%  V-Acc:  50.8%  V-AUROC: 0.5161  LR: 2.00e-04
2026-08-03 10:12:30,726 | [FULL    ] | INFO | full_experiments_using.model_trainers.mobile_vit_trainer | Ep [035/500] T-Acc:  63.7%  V-Acc:  50.2%  V-AUROC: 0.5155  LR: 2.00e-04
2026-08-03 10:12:58,959 | [FULL    ] | INFO | full_experiments_using.model_trainers.mobile_vit_trainer | Ep [036/500] T-Acc:  63.7%  V-Acc:  49.8%  V-AUROC: 0.5164  LR: 2.00e-04
2026-08-03 10:13:27,285 | [FULL    ] | INFO | full_experiments_using.model_trainers.mobile_vit_trainer | Ep [037/500] T-Acc:  64.2%  V-Acc:  49.9%  V-AUROC: 0.5176  LR: 2.00e-04
2026-08-03 10:13:55,436 | [FULL    ] | INFO | full_experiments_using.model_trainers.mobile_vit_trainer | Ep [038/500] T-Acc:  64.0%  V-Acc:  49.8%  V-AUROC: 0.5166  LR: 2.00e-04
2026-08-03 10:14:23,537 | [FULL    ] | INFO | full_experiments_using.model_trainers.mobile_vit_trainer | Ep [039/500] T-Acc:  64.3%  V-Acc:  50.5%  V-AUROC: 0.5176  LR: 2.00e-04
2026-08-03 10:14:51,577 | [FULL    ] | INFO | full_experiments_using.model_trainers.mobile_vit_trainer | Ep [040/500] T-Acc:  63.7%  V-Acc:  49.5%  V-AUROC: 0.5162  LR: 2.00e-04
2026-08-03 10:15:19,720 | [FULL    ] | INFO | full_experiments_using.model_trainers.mobile_vit_trainer | Ep [041/500] T-Acc:  63.8%  V-Acc:  50.5%  V-AUROC: 0.5184  LR: 2.00e-04
2026-08-03 10:15:48,102 | [FULL    ] | INFO | full_experiments_using.model_trainers.mobile_vit_trainer | Ep [042/500] T-Acc:  63.6%  V-Acc:  50.3%  V-AUROC: 0.5171  LR: 2.00e-04
2026-08-03 10:16:16,402 | [FULL    ] | INFO | full_experiments_using.model_trainers.mobile_vit_trainer | Ep [043/500] T-Acc:  65.2%  V-Acc:  49.6%  V-AUROC: 0.5178  LR: 2.00e-04
2026-08-03 10:16:44,906 | [FULL    ] | INFO | full_experiments_using.model_trainers.mobile_vit_trainer | Ep [044/500] T-Acc:  64.0%  V-Acc:  49.7%  V-AUROC: 0.5137  LR: 2.00e-04
2026-08-03 10:17:12,980 | [FULL    ] | INFO | full_experiments_using.model_trainers.mobile_vit_trainer | Ep [045/500] T-Acc:  64.3%  V-Acc:  49.9%  V-AUROC: 0.5149  LR: 4.00e-05
2026-08-03 10:17:41,373 | [FULL    ] | INFO | full_experiments_using.model_trainers.mobile_vit_trainer | Ep [046/500] T-Acc:  64.0%  V-Acc:  49.9%  V-AUROC: 0.5149  LR: 4.00e-05
2026-08-03 10:18:09,384 | [FULL    ] | INFO | full_experiments_using.model_trainers.mobile_vit_trainer | Ep [047/500] T-Acc:  63.8%  V-Acc:  50.3%  V-AUROC: 0.5150  LR: 4.00e-05
2026-08-03 10:18:37,872 | [FULL    ] | INFO | full_experiments_using.model_trainers.mobile_vit_trainer | Ep [048/500] T-Acc:  64.3%  V-Acc:  50.2%  V-AUROC: 0.5137  LR: 4.00e-05
2026-08-03 10:19:05,972 | [FULL    ] | INFO | full_experiments_using.model_trainers.mobile_vit_trainer | Ep [049/500] T-Acc:  64.7%  V-Acc:  49.6%  V-AUROC: 0.5149  LR: 4.00e-05
2026-08-03 10:19:34,290 | [FULL    ] | INFO | full_experiments_using.model_trainers.mobile_vit_trainer | Ep [050/500] T-Acc:  63.5%  V-Acc:  49.8%  V-AUROC: 0.5145  LR: 4.00e-05
2026-08-03 10:20:02,384 | [FULL    ] | INFO | full_experiments_using.model_trainers.mobile_vit_trainer | Ep [051/500] T-Acc:  64.1%  V-Acc:  49.9%  V-AUROC: 0.5150  LR: 4.00e-05
2026-08-03 10:20:30,549 | [FULL    ] | INFO | full_experiments_using.model_trainers.mobile_vit_trainer | Ep [052/500] T-Acc:  63.4%  V-Acc:  50.6%  V-AUROC: 0.5160  LR: 4.00e-05
2026-08-03 10:20:30,550 | [FULL    ] | INFO | full_experiments_using.model_trainers.mobile_vit_trainer | Early stop — best AUROC 0.5219 at epoch 22 (no improvement for 30 epochs)
2026-08-03 10:20:30,550 | [FULL    ] | INFO | full_experiments_using.model_trainers.mobile_vit_trainer | Done. Best AUROC: 0.5219 (epoch 22) → /home/oem/choihyunsu/VOGBasedMCIDetection/outputs/checkpoints/run_20260803_091255_full_wvote_artifact30_w0-5-10-10-0-10-20-20_strat_4err/fold_01_best.pth
2026-08-03 10:20:40,035 | [FULL    ] | INFO | full_experiments_using.evaluators.monte_carlo_evaluator | -> Fold 02 Result | Acc=0.636 Sens=0.571 Spec=0.750 AUROC=0.857
2026-08-03 10:20:40,042 | [FULL    ] | INFO | full_experiments_using.evaluators.monte_carlo_evaluator | === Fold 03/30 | train: 25 subj (HC=10 MCI=15) / 3777 win | test: 12 subj (HC=4 MCI=8) / 1938 win ===
2026-08-03 10:20:40,275 | [FULL    ] | INFO | httpx | HTTP Request: HEAD https://huggingface.co/apple/mobilevit-small/resolve/main/config.json "HTTP/1.1 307 Temporary Redirect"
2026-08-03 10:20:40,287 | [FULL    ] | INFO | httpx | HTTP Request: HEAD https://huggingface.co/api/resolve-cache/models/apple/mobilevit-small/6c8612545dc98676d27bc518fa521d9e9af23e34/config.json "HTTP/1.1 200 OK"
2026-08-03 10:20:40,559 | [FULL    ] | INFO | httpx | HTTP Request: HEAD https://huggingface.co/apple/mobilevit-small/resolve/main/model.safetensors "HTTP/1.1 404 Not Found"
2026-08-03 10:20:40,761 | [FULL    ] | INFO | httpx | HTTP Request: HEAD https://huggingface.co/apple/mobilevit-small/resolve/main/model.safetensors.index.json "HTTP/1.1 404 Not Found"
2026-08-03 10:20:40,968 | [FULL    ] | INFO | httpx | HTTP Request: HEAD https://huggingface.co/apple/mobilevit-small/resolve/main/pytorch_model.bin "HTTP/1.1 302 Found"
2026-08-03 10:20:41,175 | [FULL    ] | INFO | httpx | HTTP Request: HEAD https://huggingface.co/apple/mobilevit-small/resolve/main/model.safetensors "HTTP/1.1 404 Not Found"
2026-08-03 10:20:41,402 | [FULL    ] | INFO | httpx | HTTP Request: GET https://huggingface.co/api/models/apple/mobilevit-small "HTTP/1.1 200 OK"
2026-08-03 10:20:41,656 | [FULL    ] | INFO | httpx | HTTP Request: GET https://huggingface.co/api/models/apple/mobilevit-small/commits/main "HTTP/1.1 200 OK"
2026-08-03 10:20:41,881 | [FULL    ] | INFO | httpx | HTTP Request: GET https://huggingface.co/api/models/apple/mobilevit-small/discussions?p=0 "HTTP/1.1 200 OK"
2026-08-03 10:20:42,104 | [FULL    ] | INFO | httpx | HTTP Request: GET https://huggingface.co/api/models/apple/mobilevit-small/commits/refs%2Fpr%2F6 "HTTP/1.1 200 OK"
2026-08-03 10:20:42,304 | [FULL    ] | INFO | httpx | HTTP Request: HEAD https://huggingface.co/apple/mobilevit-small/resolve/refs%2Fpr%2F6/model.safetensors.index.json "HTTP/1.1 404 Not Found"
2026-08-03 10:20:42,511 | [FULL    ] | INFO | httpx | HTTP Request: HEAD https://huggingface.co/apple/mobilevit-small/resolve/refs%2Fpr%2F6/model.safetensors "HTTP/1.1 302 Found"
2026-08-03 10:20:43,221 | [FULL    ] | INFO | full_experiments_using.model_trainers.mobile_vit_trainer | Device: cuda | max_epochs=500 | batch=32 | eval_batch=256 | es_patience=30
2026-08-03 10:20:43,231 | [FULL    ] | INFO | full_experiments_using.model_trainers.mobile_vit_trainer | CE weights — HC: 1.084  MCI: 0.928
2026-08-03 10:21:27,212 | [FULL    ] | INFO | full_experiments_using.model_trainers.mobile_vit_trainer | Ep [001/500] T-Acc:  48.9%  V-Acc:  47.9%  V-AUROC: 0.4784  LR: 2.00e-04
2026-08-03 10:21:27,332 | [FULL    ] | INFO | full_experiments_using.model_trainers.mobile_vit_trainer |   ↳ new best AUROC; saved checkpoint: /home/oem/choihyunsu/VOGBasedMCIDetection/outputs/checkpoints/run_20260803_091255_full_wvote_artifact30_w0-5-10-10-0-10-20-20_strat_4err/fold_02_best.pth
2026-08-03 10:21:55,216 | [FULL    ] | INFO | full_experiments_using.model_trainers.mobile_vit_trainer | Ep [002/500] T-Acc:  48.3%  V-Acc:  49.6%  V-AUROC: 0.4889  LR: 4.00e-04
2026-08-03 10:21:55,320 | [FULL    ] | INFO | full_experiments_using.model_trainers.mobile_vit_trainer |   ↳ new best AUROC; saved checkpoint: /home/oem/choihyunsu/VOGBasedMCIDetection/outputs/checkpoints/run_20260803_091255_full_wvote_artifact30_w0-5-10-10-0-10-20-20_strat_4err/fold_02_best.pth
2026-08-03 10:22:23,487 | [FULL    ] | INFO | full_experiments_using.model_trainers.mobile_vit_trainer | Ep [003/500] T-Acc:  49.5%  V-Acc:  49.9%  V-AUROC: 0.4983  LR: 6.00e-04
2026-08-03 10:22:23,606 | [FULL    ] | INFO | full_experiments_using.model_trainers.mobile_vit_trainer |   ↳ new best AUROC; saved checkpoint: /home/oem/choihyunsu/VOGBasedMCIDetection/outputs/checkpoints/run_20260803_091255_full_wvote_artifact30_w0-5-10-10-0-10-20-20_strat_4err/fold_02_best.pth
2026-08-03 10:22:51,611 | [FULL    ] | INFO | full_experiments_using.model_trainers.mobile_vit_trainer | Ep [004/500] T-Acc:  49.5%  V-Acc:  47.2%  V-AUROC: 0.4939  LR: 8.00e-04
2026-08-03 10:23:18,890 | [FULL    ] | INFO | full_experiments_using.model_trainers.mobile_vit_trainer | Ep [005/500] T-Acc:  51.0%  V-Acc:  48.8%  V-AUROC: 0.5030  LR: 1.00e-03
2026-08-03 10:23:19,007 | [FULL    ] | INFO | full_experiments_using.model_trainers.mobile_vit_trainer |   ↳ new best AUROC; saved checkpoint: /home/oem/choihyunsu/VOGBasedMCIDetection/outputs/checkpoints/run_20260803_091255_full_wvote_artifact30_w0-5-10-10-0-10-20-20_strat_4err/fold_02_best.pth
2026-08-03 10:23:46,056 | [FULL    ] | INFO | full_experiments_using.model_trainers.mobile_vit_trainer | Ep [006/500] T-Acc:  52.7%  V-Acc:  51.3%  V-AUROC: 0.5333  LR: 1.00e-03
2026-08-03 10:23:46,174 | [FULL    ] | INFO | full_experiments_using.model_trainers.mobile_vit_trainer |   ↳ new best AUROC; saved checkpoint: /home/oem/choihyunsu/VOGBasedMCIDetection/outputs/checkpoints/run_20260803_091255_full_wvote_artifact30_w0-5-10-10-0-10-20-20_strat_4err/fold_02_best.pth
2026-08-03 10:24:11,689 | [FULL    ] | INFO | full_experiments_using.model_trainers.mobile_vit_trainer | Ep [007/500] T-Acc:  53.3%  V-Acc:  51.2%  V-AUROC: 0.5361  LR: 1.00e-03
2026-08-03 10:24:11,845 | [FULL    ] | INFO | full_experiments_using.model_trainers.mobile_vit_trainer |   ↳ new best AUROC; saved checkpoint: /home/oem/choihyunsu/VOGBasedMCIDetection/outputs/checkpoints/run_20260803_091255_full_wvote_artifact30_w0-5-10-10-0-10-20-20_strat_4err/fold_02_best.pth
2026-08-03 10:24:39,792 | [FULL    ] | INFO | full_experiments_using.model_trainers.mobile_vit_trainer | Ep [008/500] T-Acc:  53.8%  V-Acc:  52.2%  V-AUROC: 0.5473  LR: 1.00e-03
2026-08-03 10:24:39,894 | [FULL    ] | INFO | full_experiments_using.model_trainers.mobile_vit_trainer |   ↳ new best AUROC; saved checkpoint: /home/oem/choihyunsu/VOGBasedMCIDetection/outputs/checkpoints/run_20260803_091255_full_wvote_artifact30_w0-5-10-10-0-10-20-20_strat_4err/fold_02_best.pth
2026-08-03 10:25:07,871 | [FULL    ] | INFO | full_experiments_using.model_trainers.mobile_vit_trainer | Ep [009/500] T-Acc:  55.6%  V-Acc:  50.7%  V-AUROC: 0.5334  LR: 1.00e-03
2026-08-03 10:25:36,282 | [FULL    ] | INFO | full_experiments_using.model_trainers.mobile_vit_trainer | Ep [010/500] T-Acc:  55.1%  V-Acc:  51.4%  V-AUROC: 0.5613  LR: 1.00e-03
2026-08-03 10:25:36,400 | [FULL    ] | INFO | full_experiments_using.model_trainers.mobile_vit_trainer |   ↳ new best AUROC; saved checkpoint: /home/oem/choihyunsu/VOGBasedMCIDetection/outputs/checkpoints/run_20260803_091255_full_wvote_artifact30_w0-5-10-10-0-10-20-20_strat_4err/fold_02_best.pth
2026-08-03 10:26:04,298 | [FULL    ] | INFO | full_experiments_using.model_trainers.mobile_vit_trainer | Ep [011/500] T-Acc:  57.5%  V-Acc:  51.7%  V-AUROC: 0.5633  LR: 1.00e-03
2026-08-03 10:26:04,418 | [FULL    ] | INFO | full_experiments_using.model_trainers.mobile_vit_trainer |   ↳ new best AUROC; saved checkpoint: /home/oem/choihyunsu/VOGBasedMCIDetection/outputs/checkpoints/run_20260803_091255_full_wvote_artifact30_w0-5-10-10-0-10-20-20_strat_4err/fold_02_best.pth
2026-08-03 10:26:30,626 | [FULL    ] | INFO | full_experiments_using.model_trainers.mobile_vit_trainer | Ep [012/500] T-Acc:  57.7%  V-Acc:  53.3%  V-AUROC: 0.5576  LR: 1.00e-03
2026-08-03 10:26:56,320 | [FULL    ] | INFO | full_experiments_using.model_trainers.mobile_vit_trainer | Ep [013/500] T-Acc:  58.9%  V-Acc:  52.5%  V-AUROC: 0.5337  LR: 1.00e-03
2026-08-03 10:27:22,439 | [FULL    ] | INFO | full_experiments_using.model_trainers.mobile_vit_trainer | Ep [014/500] T-Acc:  57.2%  V-Acc:  53.1%  V-AUROC: 0.5669  LR: 1.00e-03
2026-08-03 10:27:22,581 | [FULL    ] | INFO | full_experiments_using.model_trainers.mobile_vit_trainer |   ↳ new best AUROC; saved checkpoint: /home/oem/choihyunsu/VOGBasedMCIDetection/outputs/checkpoints/run_20260803_091255_full_wvote_artifact30_w0-5-10-10-0-10-20-20_strat_4err/fold_02_best.pth
2026-08-03 10:27:50,028 | [FULL    ] | INFO | full_experiments_using.model_trainers.mobile_vit_trainer | Ep [015/500] T-Acc:  59.6%  V-Acc:  51.8%  V-AUROC: 0.5621  LR: 1.00e-03
2026-08-03 10:28:16,018 | [FULL    ] | INFO | full_experiments_using.model_trainers.mobile_vit_trainer | Ep [016/500] T-Acc:  58.9%  V-Acc:  50.3%  V-AUROC: 0.5622  LR: 1.00e-03
2026-08-03 10:28:44,070 | [FULL    ] | INFO | full_experiments_using.model_trainers.mobile_vit_trainer | Ep [017/500] T-Acc:  59.0%  V-Acc:  52.0%  V-AUROC: 0.5679  LR: 1.00e-03
2026-08-03 10:28:44,192 | [FULL    ] | INFO | full_experiments_using.model_trainers.mobile_vit_trainer |   ↳ new best AUROC; saved checkpoint: /home/oem/choihyunsu/VOGBasedMCIDetection/outputs/checkpoints/run_20260803_091255_full_wvote_artifact30_w0-5-10-10-0-10-20-20_strat_4err/fold_02_best.pth
2026-08-03 10:29:12,104 | [FULL    ] | INFO | full_experiments_using.model_trainers.mobile_vit_trainer | Ep [018/500] T-Acc:  59.0%  V-Acc:  52.8%  V-AUROC: 0.5643  LR: 1.00e-03
2026-08-03 10:29:39,888 | [FULL    ] | INFO | full_experiments_using.model_trainers.mobile_vit_trainer | Ep [019/500] T-Acc:  59.5%  V-Acc:  51.0%  V-AUROC: 0.5548  LR: 1.00e-03
2026-08-03 10:30:07,680 | [FULL    ] | INFO | full_experiments_using.model_trainers.mobile_vit_trainer | Ep [020/500] T-Acc:  60.0%  V-Acc:  51.5%  V-AUROC: 0.5566  LR: 1.00e-03
2026-08-03 10:30:35,607 | [FULL    ] | INFO | full_experiments_using.model_trainers.mobile_vit_trainer | Ep [021/500] T-Acc:  61.1%  V-Acc:  51.8%  V-AUROC: 0.5637  LR: 1.00e-03
2026-08-03 10:31:03,570 | [FULL    ] | INFO | full_experiments_using.model_trainers.mobile_vit_trainer | Ep [022/500] T-Acc:  60.9%  V-Acc:  50.9%  V-AUROC: 0.5526  LR: 1.00e-03
2026-08-03 10:31:31,445 | [FULL    ] | INFO | full_experiments_using.model_trainers.mobile_vit_trainer | Ep [023/500] T-Acc:  60.9%  V-Acc:  50.5%  V-AUROC: 0.5518  LR: 1.00e-03
2026-08-03 10:31:59,566 | [FULL    ] | INFO | full_experiments_using.model_trainers.mobile_vit_trainer | Ep [024/500] T-Acc:  59.5%  V-Acc:  51.8%  V-AUROC: 0.5576  LR: 1.00e-03
2026-08-03 10:32:27,418 | [FULL    ] | INFO | full_experiments_using.model_trainers.mobile_vit_trainer | Ep [025/500] T-Acc:  60.1%  V-Acc:  50.5%  V-AUROC: 0.5488  LR: 1.00e-03
2026-08-03 10:32:55,445 | [FULL    ] | INFO | full_experiments_using.model_trainers.mobile_vit_trainer | Ep [026/500] T-Acc:  61.7%  V-Acc:  51.5%  V-AUROC: 0.5615  LR: 1.00e-03
2026-08-03 10:33:23,229 | [FULL    ] | INFO | full_experiments_using.model_trainers.mobile_vit_trainer | Ep [027/500] T-Acc:  61.7%  V-Acc:  51.0%  V-AUROC: 0.5588  LR: 1.00e-03
2026-08-03 10:33:51,014 | [FULL    ] | INFO | full_experiments_using.model_trainers.mobile_vit_trainer | Ep [028/500] T-Acc:  61.1%  V-Acc:  51.3%  V-AUROC: 0.5532  LR: 1.00e-03
2026-08-03 10:34:19,050 | [FULL    ] | INFO | full_experiments_using.model_trainers.mobile_vit_trainer | Ep [029/500] T-Acc:  63.5%  V-Acc:  53.0%  V-AUROC: 0.5618  LR: 2.00e-04
2026-08-03 10:34:47,040 | [FULL    ] | INFO | full_experiments_using.model_trainers.mobile_vit_trainer | Ep [030/500] T-Acc:  63.0%  V-Acc:  52.2%  V-AUROC: 0.5559  LR: 2.00e-04
2026-08-03 10:35:14,876 | [FULL    ] | INFO | full_experiments_using.model_trainers.mobile_vit_trainer | Ep [031/500] T-Acc:  62.0%  V-Acc:  51.1%  V-AUROC: 0.5599  LR: 2.00e-04
2026-08-03 10:35:43,002 | [FULL    ] | INFO | full_experiments_using.model_trainers.mobile_vit_trainer | Ep [032/500] T-Acc:  61.8%  V-Acc:  51.8%  V-AUROC: 0.5532  LR: 2.00e-04
2026-08-03 10:36:11,052 | [FULL    ] | INFO | full_experiments_using.model_trainers.mobile_vit_trainer | Ep [033/500] T-Acc:  62.2%  V-Acc:  51.0%  V-AUROC: 0.5508  LR: 2.00e-04
2026-08-03 10:36:38,765 | [FULL    ] | INFO | full_experiments_using.model_trainers.mobile_vit_trainer | Ep [034/500] T-Acc:  61.6%  V-Acc:  51.8%  V-AUROC: 0.5566  LR: 2.00e-04
2026-08-03 10:37:06,589 | [FULL    ] | INFO | full_experiments_using.model_trainers.mobile_vit_trainer | Ep [035/500] T-Acc:  63.3%  V-Acc:  52.3%  V-AUROC: 0.5571  LR: 2.00e-04
2026-08-03 10:37:34,565 | [FULL    ] | INFO | full_experiments_using.model_trainers.mobile_vit_trainer | Ep [036/500] T-Acc:  61.2%  V-Acc:  52.0%  V-AUROC: 0.5631  LR: 2.00e-04
2026-08-03 10:38:02,422 | [FULL    ] | INFO | full_experiments_using.model_trainers.mobile_vit_trainer | Ep [037/500] T-Acc:  61.8%  V-Acc:  51.1%  V-AUROC: 0.5574  LR: 2.00e-04
2026-08-03 10:38:30,562 | [FULL    ] | INFO | full_experiments_using.model_trainers.mobile_vit_trainer | Ep [038/500] T-Acc:  62.5%  V-Acc:  51.9%  V-AUROC: 0.5588  LR: 2.00e-04
2026-08-03 10:38:58,754 | [FULL    ] | INFO | full_experiments_using.model_trainers.mobile_vit_trainer | Ep [039/500] T-Acc:  62.4%  V-Acc:  51.7%  V-AUROC: 0.5607  LR: 2.00e-04
2026-08-03 10:39:26,635 | [FULL    ] | INFO | full_experiments_using.model_trainers.mobile_vit_trainer | Ep [040/500] T-Acc:  61.5%  V-Acc:  50.9%  V-AUROC: 0.5578  LR: 4.00e-05
2026-08-03 10:39:54,676 | [FULL    ] | INFO | full_experiments_using.model_trainers.mobile_vit_trainer | Ep [041/500] T-Acc:  63.7%  V-Acc:  51.2%  V-AUROC: 0.5581  LR: 4.00e-05
2026-08-03 10:40:22,696 | [FULL    ] | INFO | full_experiments_using.model_trainers.mobile_vit_trainer | Ep [042/500] T-Acc:  64.2%  V-Acc:  50.7%  V-AUROC: 0.5566  LR: 4.00e-05
2026-08-03 10:40:50,333 | [FULL    ] | INFO | full_experiments_using.model_trainers.mobile_vit_trainer | Ep [043/500] T-Acc:  62.6%  V-Acc:  52.0%  V-AUROC: 0.5576  LR: 4.00e-05
2026-08-03 10:41:18,427 | [FULL    ] | INFO | full_experiments_using.model_trainers.mobile_vit_trainer | Ep [044/500] T-Acc:  61.9%  V-Acc:  51.5%  V-AUROC: 0.5599  LR: 4.00e-05
2026-08-03 10:41:46,219 | [FULL    ] | INFO | full_experiments_using.model_trainers.mobile_vit_trainer | Ep [045/500] T-Acc:  62.2%  V-Acc:  52.2%  V-AUROC: 0.5587  LR: 4.00e-05
2026-08-03 10:42:14,019 | [FULL    ] | INFO | full_experiments_using.model_trainers.mobile_vit_trainer | Ep [046/500] T-Acc:  62.8%  V-Acc:  51.2%  V-AUROC: 0.5569  LR: 4.00e-05
2026-08-03 10:42:41,937 | [FULL    ] | INFO | full_experiments_using.model_trainers.mobile_vit_trainer | Ep [047/500] T-Acc:  62.0%  V-Acc:  51.1%  V-AUROC: 0.5587  LR: 4.00e-05
2026-08-03 10:42:41,937 | [FULL    ] | INFO | full_experiments_using.model_trainers.mobile_vit_trainer | Early stop — best AUROC 0.5679 at epoch 17 (no improvement for 30 epochs)
2026-08-03 10:42:41,937 | [FULL    ] | INFO | full_experiments_using.model_trainers.mobile_vit_trainer | Done. Best AUROC: 0.5679 (epoch 17) → /home/oem/choihyunsu/VOGBasedMCIDetection/outputs/checkpoints/run_20260803_091255_full_wvote_artifact30_w0-5-10-10-0-10-20-20_strat_4err/fold_02_best.pth
2026-08-03 10:42:51,850 | [FULL    ] | INFO | full_experiments_using.evaluators.monte_carlo_evaluator | -> Fold 03 Result | Acc=0.455 Sens=0.143 Spec=1.000 AUROC=0.929
2026-08-03 10:42:51,857 | [FULL    ] | INFO | full_experiments_using.evaluators.monte_carlo_evaluator | === Fold 04/30 | train: 25 subj (HC=10 MCI=15) / 3820 win | test: 12 subj (HC=4 MCI=8) / 1895 win ===
2026-08-03 10:42:52,097 | [FULL    ] | INFO | httpx | HTTP Request: HEAD https://huggingface.co/apple/mobilevit-small/resolve/main/config.json "HTTP/1.1 307 Temporary Redirect"
2026-08-03 10:42:52,119 | [FULL    ] | INFO | httpx | HTTP Request: HEAD https://huggingface.co/api/resolve-cache/models/apple/mobilevit-small/6c8612545dc98676d27bc518fa521d9e9af23e34/config.json "HTTP/1.1 200 OK"
2026-08-03 10:42:52,380 | [FULL    ] | INFO | httpx | HTTP Request: HEAD https://huggingface.co/apple/mobilevit-small/resolve/main/model.safetensors "HTTP/1.1 404 Not Found"
2026-08-03 10:42:52,588 | [FULL    ] | INFO | httpx | HTTP Request: HEAD https://huggingface.co/apple/mobilevit-small/resolve/main/model.safetensors.index.json "HTTP/1.1 404 Not Found"
2026-08-03 10:42:52,799 | [FULL    ] | INFO | httpx | HTTP Request: HEAD https://huggingface.co/apple/mobilevit-small/resolve/main/pytorch_model.bin "HTTP/1.1 302 Found"
2026-08-03 10:42:53,005 | [FULL    ] | INFO | httpx | HTTP Request: HEAD https://huggingface.co/apple/mobilevit-small/resolve/main/model.safetensors "HTTP/1.1 404 Not Found"
2026-08-03 10:42:53,223 | [FULL    ] | INFO | httpx | HTTP Request: GET https://huggingface.co/api/models/apple/mobilevit-small "HTTP/1.1 200 OK"
2026-08-03 10:42:53,464 | [FULL    ] | INFO | httpx | HTTP Request: GET https://huggingface.co/api/models/apple/mobilevit-small/commits/main "HTTP/1.1 200 OK"
2026-08-03 10:42:53,683 | [FULL    ] | INFO | httpx | HTTP Request: GET https://huggingface.co/api/models/apple/mobilevit-small/discussions?p=0 "HTTP/1.1 200 OK"
2026-08-03 10:42:53,906 | [FULL    ] | INFO | httpx | HTTP Request: GET https://huggingface.co/api/models/apple/mobilevit-small/commits/refs%2Fpr%2F6 "HTTP/1.1 200 OK"
2026-08-03 10:42:54,117 | [FULL    ] | INFO | httpx | HTTP Request: HEAD https://huggingface.co/apple/mobilevit-small/resolve/refs%2Fpr%2F6/model.safetensors.index.json "HTTP/1.1 404 Not Found"
2026-08-03 10:42:54,323 | [FULL    ] | INFO | httpx | HTTP Request: HEAD https://huggingface.co/apple/mobilevit-small/resolve/refs%2Fpr%2F6/model.safetensors "HTTP/1.1 302 Found"
2026-08-03 10:42:55,189 | [FULL    ] | INFO | full_experiments_using.model_trainers.mobile_vit_trainer | Device: cuda | max_epochs=500 | batch=32 | eval_batch=256 | es_patience=30
2026-08-03 10:42:55,195 | [FULL    ] | INFO | full_experiments_using.model_trainers.mobile_vit_trainer | CE weights — HC: 1.082  MCI: 0.930
2026-08-03 10:43:35,698 | [FULL    ] | INFO | full_experiments_using.model_trainers.mobile_vit_trainer | Ep [001/500] T-Acc:  49.4%  V-Acc:  49.6%  V-AUROC: 0.5137  LR: 2.00e-04
2026-08-03 10:43:35,773 | [FULL    ] | INFO | full_experiments_using.model_trainers.mobile_vit_trainer |   ↳ new best AUROC; saved checkpoint: /home/oem/choihyunsu/VOGBasedMCIDetection/outputs/checkpoints/run_20260803_091255_full_wvote_artifact30_w0-5-10-10-0-10-20-20_strat_4err/fold_03_best.pth
2026-08-03 10:44:03,845 | [FULL    ] | INFO | full_experiments_using.model_trainers.mobile_vit_trainer | Ep [002/500] T-Acc:  48.9%  V-Acc:  47.9%  V-AUROC: 0.5078  LR: 4.00e-04
2026-08-03 10:44:31,915 | [FULL    ] | INFO | full_experiments_using.model_trainers.mobile_vit_trainer | Ep [003/500] T-Acc:  50.1%  V-Acc:  49.4%  V-AUROC: 0.5285  LR: 6.00e-04
2026-08-03 10:44:32,068 | [FULL    ] | INFO | full_experiments_using.model_trainers.mobile_vit_trainer |   ↳ new best AUROC; saved checkpoint: /home/oem/choihyunsu/VOGBasedMCIDetection/outputs/checkpoints/run_20260803_091255_full_wvote_artifact30_w0-5-10-10-0-10-20-20_strat_4err/fold_03_best.pth
2026-08-03 10:44:58,166 | [FULL    ] | INFO | full_experiments_using.model_trainers.mobile_vit_trainer | Ep [004/500] T-Acc:  49.4%  V-Acc:  50.7%  V-AUROC: 0.5284  LR: 8.00e-04
2026-08-03 10:45:26,085 | [FULL    ] | INFO | full_experiments_using.model_trainers.mobile_vit_trainer | Ep [005/500] T-Acc:  51.2%  V-Acc:  49.9%  V-AUROC: 0.5184  LR: 1.00e-03
2026-08-03 10:45:51,711 | [FULL    ] | INFO | full_experiments_using.model_trainers.mobile_vit_trainer | Ep [006/500] T-Acc:  51.4%  V-Acc:  53.9%  V-AUROC: 0.5452  LR: 1.00e-03
2026-08-03 10:45:51,829 | [FULL    ] | INFO | full_experiments_using.model_trainers.mobile_vit_trainer |   ↳ new best AUROC; saved checkpoint: /home/oem/choihyunsu/VOGBasedMCIDetection/outputs/checkpoints/run_20260803_091255_full_wvote_artifact30_w0-5-10-10-0-10-20-20_strat_4err/fold_03_best.pth
2026-08-03 10:46:19,786 | [FULL    ] | INFO | full_experiments_using.model_trainers.mobile_vit_trainer | Ep [007/500] T-Acc:  52.7%  V-Acc:  54.5%  V-AUROC: 0.5542  LR: 1.00e-03
2026-08-03 10:46:19,941 | [FULL    ] | INFO | full_experiments_using.model_trainers.mobile_vit_trainer |   ↳ new best AUROC; saved checkpoint: /home/oem/choihyunsu/VOGBasedMCIDetection/outputs/checkpoints/run_20260803_091255_full_wvote_artifact30_w0-5-10-10-0-10-20-20_strat_4err/fold_03_best.pth
2026-08-03 10:46:47,756 | [FULL    ] | INFO | full_experiments_using.model_trainers.mobile_vit_trainer | Ep [008/500] T-Acc:  54.2%  V-Acc:  53.2%  V-AUROC: 0.5567  LR: 1.00e-03
2026-08-03 10:46:47,876 | [FULL    ] | INFO | full_experiments_using.model_trainers.mobile_vit_trainer |   ↳ new best AUROC; saved checkpoint: /home/oem/choihyunsu/VOGBasedMCIDetection/outputs/checkpoints/run_20260803_091255_full_wvote_artifact30_w0-5-10-10-0-10-20-20_strat_4err/fold_03_best.pth
2026-08-03 10:47:16,061 | [FULL    ] | INFO | full_experiments_using.model_trainers.mobile_vit_trainer | Ep [009/500] T-Acc:  53.8%  V-Acc:  54.1%  V-AUROC: 0.5604  LR: 1.00e-03
2026-08-03 10:47:16,181 | [FULL    ] | INFO | full_experiments_using.model_trainers.mobile_vit_trainer |   ↳ new best AUROC; saved checkpoint: /home/oem/choihyunsu/VOGBasedMCIDetection/outputs/checkpoints/run_20260803_091255_full_wvote_artifact30_w0-5-10-10-0-10-20-20_strat_4err/fold_03_best.pth
2026-08-03 10:47:42,570 | [FULL    ] | INFO | full_experiments_using.model_trainers.mobile_vit_trainer | Ep [010/500] T-Acc:  56.0%  V-Acc:  53.5%  V-AUROC: 0.5389  LR: 1.00e-03
2026-08-03 10:48:08,722 | [FULL    ] | INFO | full_experiments_using.model_trainers.mobile_vit_trainer | Ep [011/500] T-Acc:  55.0%  V-Acc:  52.9%  V-AUROC: 0.5452  LR: 1.00e-03
2026-08-03 10:48:36,988 | [FULL    ] | INFO | full_experiments_using.model_trainers.mobile_vit_trainer | Ep [012/500] T-Acc:  56.4%  V-Acc:  55.0%  V-AUROC: 0.5788  LR: 1.00e-03
2026-08-03 10:48:37,139 | [FULL    ] | INFO | full_experiments_using.model_trainers.mobile_vit_trainer |   ↳ new best AUROC; saved checkpoint: /home/oem/choihyunsu/VOGBasedMCIDetection/outputs/checkpoints/run_20260803_091255_full_wvote_artifact30_w0-5-10-10-0-10-20-20_strat_4err/fold_03_best.pth
2026-08-03 10:49:05,063 | [FULL    ] | INFO | full_experiments_using.model_trainers.mobile_vit_trainer | Ep [013/500] T-Acc:  55.2%  V-Acc:  56.3%  V-AUROC: 0.5888  LR: 1.00e-03
2026-08-03 10:49:05,196 | [FULL    ] | INFO | full_experiments_using.model_trainers.mobile_vit_trainer |   ↳ new best AUROC; saved checkpoint: /home/oem/choihyunsu/VOGBasedMCIDetection/outputs/checkpoints/run_20260803_091255_full_wvote_artifact30_w0-5-10-10-0-10-20-20_strat_4err/fold_03_best.pth
2026-08-03 10:49:32,999 | [FULL    ] | INFO | full_experiments_using.model_trainers.mobile_vit_trainer | Ep [014/500] T-Acc:  55.6%  V-Acc:  56.4%  V-AUROC: 0.5914  LR: 1.00e-03
2026-08-03 10:49:33,191 | [FULL    ] | INFO | full_experiments_using.model_trainers.mobile_vit_trainer |   ↳ new best AUROC; saved checkpoint: /home/oem/choihyunsu/VOGBasedMCIDetection/outputs/checkpoints/run_20260803_091255_full_wvote_artifact30_w0-5-10-10-0-10-20-20_strat_4err/fold_03_best.pth
2026-08-03 10:50:01,345 | [FULL    ] | INFO | full_experiments_using.model_trainers.mobile_vit_trainer | Ep [015/500] T-Acc:  55.9%  V-Acc:  54.3%  V-AUROC: 0.5875  LR: 1.00e-03
2026-08-03 10:50:27,473 | [FULL    ] | INFO | full_experiments_using.model_trainers.mobile_vit_trainer | Ep [016/500] T-Acc:  56.6%  V-Acc:  55.7%  V-AUROC: 0.5840  LR: 1.00e-03
2026-08-03 10:50:53,534 | [FULL    ] | INFO | full_experiments_using.model_trainers.mobile_vit_trainer | Ep [017/500] T-Acc:  57.8%  V-Acc:  55.9%  V-AUROC: 0.5937  LR: 1.00e-03
2026-08-03 10:50:53,684 | [FULL    ] | INFO | full_experiments_using.model_trainers.mobile_vit_trainer |   ↳ new best AUROC; saved checkpoint: /home/oem/choihyunsu/VOGBasedMCIDetection/outputs/checkpoints/run_20260803_091255_full_wvote_artifact30_w0-5-10-10-0-10-20-20_strat_4err/fold_03_best.pth
2026-08-03 10:51:21,470 | [FULL    ] | INFO | full_experiments_using.model_trainers.mobile_vit_trainer | Ep [018/500] T-Acc:  59.2%  V-Acc:  54.6%  V-AUROC: 0.5855  LR: 1.00e-03
2026-08-03 10:51:49,467 | [FULL    ] | INFO | full_experiments_using.model_trainers.mobile_vit_trainer | Ep [019/500] T-Acc:  59.0%  V-Acc:  54.6%  V-AUROC: 0.5755  LR: 1.00e-03
2026-08-03 10:52:17,572 | [FULL    ] | INFO | full_experiments_using.model_trainers.mobile_vit_trainer | Ep [020/500] T-Acc:  57.6%  V-Acc:  54.1%  V-AUROC: 0.5687  LR: 1.00e-03
2026-08-03 10:52:45,631 | [FULL    ] | INFO | full_experiments_using.model_trainers.mobile_vit_trainer | Ep [021/500] T-Acc:  59.9%  V-Acc:  55.1%  V-AUROC: 0.5813  LR: 1.00e-03
2026-08-03 10:53:13,553 | [FULL    ] | INFO | full_experiments_using.model_trainers.mobile_vit_trainer | Ep [022/500] T-Acc:  58.7%  V-Acc:  54.6%  V-AUROC: 0.5792  LR: 1.00e-03
2026-08-03 10:53:41,891 | [FULL    ] | INFO | full_experiments_using.model_trainers.mobile_vit_trainer | Ep [023/500] T-Acc:  59.4%  V-Acc:  53.9%  V-AUROC: 0.5667  LR: 1.00e-03
2026-08-03 10:54:09,811 | [FULL    ] | INFO | full_experiments_using.model_trainers.mobile_vit_trainer | Ep [024/500] T-Acc:  58.6%  V-Acc:  54.7%  V-AUROC: 0.5669  LR: 1.00e-03
2026-08-03 10:54:37,840 | [FULL    ] | INFO | full_experiments_using.model_trainers.mobile_vit_trainer | Ep [025/500] T-Acc:  59.6%  V-Acc:  54.0%  V-AUROC: 0.5655  LR: 1.00e-03
2026-08-03 10:55:05,789 | [FULL    ] | INFO | full_experiments_using.model_trainers.mobile_vit_trainer | Ep [026/500] T-Acc:  60.6%  V-Acc:  54.0%  V-AUROC: 0.5726  LR: 1.00e-03
2026-08-03 10:55:33,922 | [FULL    ] | INFO | full_experiments_using.model_trainers.mobile_vit_trainer | Ep [027/500] T-Acc:  58.5%  V-Acc:  54.1%  V-AUROC: 0.5752  LR: 1.00e-03
2026-08-03 10:56:02,035 | [FULL    ] | INFO | full_experiments_using.model_trainers.mobile_vit_trainer | Ep [028/500] T-Acc:  59.5%  V-Acc:  55.4%  V-AUROC: 0.5799  LR: 1.00e-03
2026-08-03 10:56:30,173 | [FULL    ] | INFO | full_experiments_using.model_trainers.mobile_vit_trainer | Ep [029/500] T-Acc:  61.7%  V-Acc:  54.9%  V-AUROC: 0.5779  LR: 2.00e-04
2026-08-03 10:56:58,106 | [FULL    ] | INFO | full_experiments_using.model_trainers.mobile_vit_trainer | Ep [030/500] T-Acc:  60.3%  V-Acc:  55.0%  V-AUROC: 0.5797  LR: 2.00e-04
2026-08-03 10:57:26,090 | [FULL    ] | INFO | full_experiments_using.model_trainers.mobile_vit_trainer | Ep [031/500] T-Acc:  60.8%  V-Acc:  55.3%  V-AUROC: 0.5792  LR: 2.00e-04
2026-08-03 10:57:54,051 | [FULL    ] | INFO | full_experiments_using.model_trainers.mobile_vit_trainer | Ep [032/500] T-Acc:  60.9%  V-Acc:  54.7%  V-AUROC: 0.5805  LR: 2.00e-04
2026-08-03 10:58:22,211 | [FULL    ] | INFO | full_experiments_using.model_trainers.mobile_vit_trainer | Ep [033/500] T-Acc:  60.5%  V-Acc:  54.6%  V-AUROC: 0.5797  LR: 2.00e-04
2026-08-03 10:58:50,260 | [FULL    ] | INFO | full_experiments_using.model_trainers.mobile_vit_trainer | Ep [034/500] T-Acc:  61.2%  V-Acc:  54.4%  V-AUROC: 0.5800  LR: 2.00e-04
2026-08-03 10:59:18,150 | [FULL    ] | INFO | full_experiments_using.model_trainers.mobile_vit_trainer | Ep [035/500] T-Acc:  61.0%  V-Acc:  55.6%  V-AUROC: 0.5787  LR: 2.00e-04
2026-08-03 10:59:46,218 | [FULL    ] | INFO | full_experiments_using.model_trainers.mobile_vit_trainer | Ep [036/500] T-Acc:  62.3%  V-Acc:  54.6%  V-AUROC: 0.5791  LR: 2.00e-04
2026-08-03 11:00:14,708 | [FULL    ] | INFO | full_experiments_using.model_trainers.mobile_vit_trainer | Ep [037/500] T-Acc:  61.6%  V-Acc:  53.8%  V-AUROC: 0.5780  LR: 2.00e-04
2026-08-03 11:00:42,912 | [FULL    ] | INFO | full_experiments_using.model_trainers.mobile_vit_trainer | Ep [038/500] T-Acc:  61.4%  V-Acc:  54.6%  V-AUROC: 0.5778  LR: 2.00e-04
2026-08-03 11:01:11,012 | [FULL    ] | INFO | full_experiments_using.model_trainers.mobile_vit_trainer | Ep [039/500] T-Acc:  60.8%  V-Acc:  54.2%  V-AUROC: 0.5768  LR: 2.00e-04
2026-08-03 11:01:39,135 | [FULL    ] | INFO | full_experiments_using.model_trainers.mobile_vit_trainer | Ep [040/500] T-Acc:  61.6%  V-Acc:  54.8%  V-AUROC: 0.5778  LR: 4.00e-05
2026-08-03 11:02:07,034 | [FULL    ] | INFO | full_experiments_using.model_trainers.mobile_vit_trainer | Ep [041/500] T-Acc:  60.4%  V-Acc:  54.5%  V-AUROC: 0.5770  LR: 4.00e-05
2026-08-03 11:02:35,565 | [FULL    ] | INFO | full_experiments_using.model_trainers.mobile_vit_trainer | Ep [042/500] T-Acc:  61.0%  V-Acc:  54.8%  V-AUROC: 0.5766  LR: 4.00e-05
2026-08-03 11:03:03,629 | [FULL    ] | INFO | full_experiments_using.model_trainers.mobile_vit_trainer | Ep [043/500] T-Acc:  61.0%  V-Acc:  54.6%  V-AUROC: 0.5767  LR: 4.00e-05
2026-08-03 11:03:31,696 | [FULL    ] | INFO | full_experiments_using.model_trainers.mobile_vit_trainer | Ep [044/500] T-Acc:  61.5%  V-Acc:  53.8%  V-AUROC: 0.5748  LR: 4.00e-05
2026-08-03 11:03:59,821 | [FULL    ] | INFO | full_experiments_using.model_trainers.mobile_vit_trainer | Ep [045/500] T-Acc:  60.9%  V-Acc:  53.8%  V-AUROC: 0.5762  LR: 4.00e-05
2026-08-03 11:04:27,487 | [FULL    ] | INFO | full_experiments_using.model_trainers.mobile_vit_trainer | Ep [046/500] T-Acc:  62.3%  V-Acc:  54.9%  V-AUROC: 0.5762  LR: 4.00e-05
2026-08-03 11:04:55,511 | [FULL    ] | INFO | full_experiments_using.model_trainers.mobile_vit_trainer | Ep [047/500] T-Acc:  61.4%  V-Acc:  54.0%  V-AUROC: 0.5774  LR: 4.00e-05
2026-08-03 11:04:55,511 | [FULL    ] | INFO | full_experiments_using.model_trainers.mobile_vit_trainer | Early stop — best AUROC 0.5937 at epoch 17 (no improvement for 30 epochs)
2026-08-03 11:04:55,511 | [FULL    ] | INFO | full_experiments_using.model_trainers.mobile_vit_trainer | Done. Best AUROC: 0.5937 (epoch 17) → /home/oem/choihyunsu/VOGBasedMCIDetection/outputs/checkpoints/run_20260803_091255_full_wvote_artifact30_w0-5-10-10-0-10-20-20_strat_4err/fold_03_best.pth
2026-08-03 11:05:05,238 | [FULL    ] | INFO | full_experiments_using.evaluators.monte_carlo_evaluator | -> Fold 04 Result | Acc=0.545 Sens=0.571 Spec=0.500 AUROC=0.750
2026-08-03 11:05:05,245 | [FULL    ] | INFO | full_experiments_using.evaluators.monte_carlo_evaluator | === Fold 05/30 | train: 25 subj (HC=10 MCI=15) / 3894 win | test: 12 subj (HC=4 MCI=8) / 1821 win ===
2026-08-03 11:05:05,520 | [FULL    ] | INFO | httpx | HTTP Request: HEAD https://huggingface.co/apple/mobilevit-small/resolve/main/config.json "HTTP/1.1 307 Temporary Redirect"
2026-08-03 11:05:05,548 | [FULL    ] | INFO | httpx | HTTP Request: HEAD https://huggingface.co/api/resolve-cache/models/apple/mobilevit-small/6c8612545dc98676d27bc518fa521d9e9af23e34/config.json "HTTP/1.1 200 OK"
2026-08-03 11:05:05,857 | [FULL    ] | INFO | httpx | HTTP Request: HEAD https://huggingface.co/apple/mobilevit-small/resolve/main/model.safetensors "HTTP/1.1 404 Not Found"
2026-08-03 11:05:06,103 | [FULL    ] | INFO | httpx | HTTP Request: HEAD https://huggingface.co/apple/mobilevit-small/resolve/main/model.safetensors.index.json "HTTP/1.1 404 Not Found"
2026-08-03 11:05:06,372 | [FULL    ] | INFO | httpx | HTTP Request: HEAD https://huggingface.co/apple/mobilevit-small/resolve/main/pytorch_model.bin "HTTP/1.1 302 Found"
2026-08-03 11:05:06,577 | [FULL    ] | INFO | httpx | HTTP Request: HEAD https://huggingface.co/apple/mobilevit-small/resolve/main/model.safetensors "HTTP/1.1 404 Not Found"
2026-08-03 11:05:07,070 | [FULL    ] | INFO | httpx | HTTP Request: GET https://huggingface.co/api/models/apple/mobilevit-small "HTTP/1.1 200 OK"
2026-08-03 11:05:07,317 | [FULL    ] | INFO | httpx | HTTP Request: GET https://huggingface.co/api/models/apple/mobilevit-small/commits/main "HTTP/1.1 200 OK"
2026-08-03 11:05:07,623 | [FULL    ] | INFO | httpx | HTTP Request: GET https://huggingface.co/api/models/apple/mobilevit-small/discussions?p=0 "HTTP/1.1 200 OK"
2026-08-03 11:05:07,838 | [FULL    ] | INFO | httpx | HTTP Request: GET https://huggingface.co/api/models/apple/mobilevit-small/commits/refs%2Fpr%2F6 "HTTP/1.1 200 OK"
2026-08-03 11:05:08,044 | [FULL    ] | INFO | httpx | HTTP Request: HEAD https://huggingface.co/apple/mobilevit-small/resolve/refs%2Fpr%2F6/model.safetensors.index.json "HTTP/1.1 404 Not Found"
2026-08-03 11:05:08,259 | [FULL    ] | INFO | httpx | HTTP Request: HEAD https://huggingface.co/apple/mobilevit-small/resolve/refs%2Fpr%2F6/model.safetensors "HTTP/1.1 302 Found"
2026-08-03 11:05:08,988 | [FULL    ] | INFO | full_experiments_using.model_trainers.mobile_vit_trainer | Device: cuda | max_epochs=500 | batch=32 | eval_batch=256 | es_patience=30
2026-08-03 11:05:08,993 | [FULL    ] | INFO | full_experiments_using.model_trainers.mobile_vit_trainer | CE weights — HC: 1.060  MCI: 0.947
2026-08-03 11:05:45,864 | [FULL    ] | INFO | full_experiments_using.model_trainers.mobile_vit_trainer | Ep [001/500] T-Acc:  49.6%  V-Acc:  40.1%  V-AUROC: 0.5039  LR: 2.00e-04
2026-08-03 11:05:45,988 | [FULL    ] | INFO | full_experiments_using.model_trainers.mobile_vit_trainer |   ↳ new best AUROC; saved checkpoint: /home/oem/choihyunsu/VOGBasedMCIDetection/outputs/checkpoints/run_20260803_091255_full_wvote_artifact30_w0-5-10-10-0-10-20-20_strat_4err/fold_04_best.pth
2026-08-03 11:06:14,449 | [FULL    ] | INFO | full_experiments_using.model_trainers.mobile_vit_trainer | Ep [002/500] T-Acc:  50.0%  V-Acc:  41.6%  V-AUROC: 0.5205  LR: 4.00e-04
2026-08-03 11:06:14,606 | [FULL    ] | INFO | full_experiments_using.model_trainers.mobile_vit_trainer |   ↳ new best AUROC; saved checkpoint: /home/oem/choihyunsu/VOGBasedMCIDetection/outputs/checkpoints/run_20260803_091255_full_wvote_artifact30_w0-5-10-10-0-10-20-20_strat_4err/fold_04_best.pth
2026-08-03 11:06:40,914 | [FULL    ] | INFO | full_experiments_using.model_trainers.mobile_vit_trainer | Ep [003/500] T-Acc:  52.7%  V-Acc:  44.9%  V-AUROC: 0.5121  LR: 6.00e-04
2026-08-03 11:07:09,195 | [FULL    ] | INFO | full_experiments_using.model_trainers.mobile_vit_trainer | Ep [004/500] T-Acc:  52.1%  V-Acc:  47.8%  V-AUROC: 0.5092  LR: 8.00e-04
2026-08-03 11:07:37,524 | [FULL    ] | INFO | full_experiments_using.model_trainers.mobile_vit_trainer | Ep [005/500] T-Acc:  51.2%  V-Acc:  46.2%  V-AUROC: 0.4822  LR: 1.00e-03
2026-08-03 11:08:05,805 | [FULL    ] | INFO | full_experiments_using.model_trainers.mobile_vit_trainer | Ep [006/500] T-Acc:  53.2%  V-Acc:  51.0%  V-AUROC: 0.5223  LR: 1.00e-03
2026-08-03 11:08:05,976 | [FULL    ] | INFO | full_experiments_using.model_trainers.mobile_vit_trainer |   ↳ new best AUROC; saved checkpoint: /home/oem/choihyunsu/VOGBasedMCIDetection/outputs/checkpoints/run_20260803_091255_full_wvote_artifact30_w0-5-10-10-0-10-20-20_strat_4err/fold_04_best.pth
2026-08-03 11:08:34,233 | [FULL    ] | INFO | full_experiments_using.model_trainers.mobile_vit_trainer | Ep [007/500] T-Acc:  53.3%  V-Acc:  50.5%  V-AUROC: 0.4992  LR: 1.00e-03
2026-08-03 11:09:02,696 | [FULL    ] | INFO | full_experiments_using.model_trainers.mobile_vit_trainer | Ep [008/500] T-Acc:  54.8%  V-Acc:  50.4%  V-AUROC: 0.5208  LR: 1.00e-03
2026-08-03 11:09:31,081 | [FULL    ] | INFO | full_experiments_using.model_trainers.mobile_vit_trainer | Ep [009/500] T-Acc:  56.0%  V-Acc:  49.9%  V-AUROC: 0.5021  LR: 1.00e-03
2026-08-03 11:09:59,366 | [FULL    ] | INFO | full_experiments_using.model_trainers.mobile_vit_trainer | Ep [010/500] T-Acc:  56.6%  V-Acc:  52.3%  V-AUROC: 0.5272  LR: 1.00e-03
2026-08-03 11:09:59,569 | [FULL    ] | INFO | full_experiments_using.model_trainers.mobile_vit_trainer |   ↳ new best AUROC; saved checkpoint: /home/oem/choihyunsu/VOGBasedMCIDetection/outputs/checkpoints/run_20260803_091255_full_wvote_artifact30_w0-5-10-10-0-10-20-20_strat_4err/fold_04_best.pth
2026-08-03 11:10:27,950 | [FULL    ] | INFO | full_experiments_using.model_trainers.mobile_vit_trainer | Ep [011/500] T-Acc:  56.2%  V-Acc:  52.9%  V-AUROC: 0.5305  LR: 1.00e-03
2026-08-03 11:10:28,123 | [FULL    ] | INFO | full_experiments_using.model_trainers.mobile_vit_trainer |   ↳ new best AUROC; saved checkpoint: /home/oem/choihyunsu/VOGBasedMCIDetection/outputs/checkpoints/run_20260803_091255_full_wvote_artifact30_w0-5-10-10-0-10-20-20_strat_4err/fold_04_best.pth
2026-08-03 11:10:54,946 | [FULL    ] | INFO | full_experiments_using.model_trainers.mobile_vit_trainer | Ep [012/500] T-Acc:  57.7%  V-Acc:  51.0%  V-AUROC: 0.5261  LR: 1.00e-03
2026-08-03 11:11:23,458 | [FULL    ] | INFO | full_experiments_using.model_trainers.mobile_vit_trainer | Ep [013/500] T-Acc:  54.5%  V-Acc:  53.3%  V-AUROC: 0.5422  LR: 1.00e-03
2026-08-03 11:11:23,602 | [FULL    ] | INFO | full_experiments_using.model_trainers.mobile_vit_trainer |   ↳ new best AUROC; saved checkpoint: /home/oem/choihyunsu/VOGBasedMCIDetection/outputs/checkpoints/run_20260803_091255_full_wvote_artifact30_w0-5-10-10-0-10-20-20_strat_4err/fold_04_best.pth
2026-08-03 11:11:52,082 | [FULL    ] | INFO | full_experiments_using.model_trainers.mobile_vit_trainer | Ep [014/500] T-Acc:  57.5%  V-Acc:  52.8%  V-AUROC: 0.5332  LR: 1.00e-03
2026-08-03 11:12:20,572 | [FULL    ] | INFO | full_experiments_using.model_trainers.mobile_vit_trainer | Ep [015/500] T-Acc:  58.8%  V-Acc:  50.6%  V-AUROC: 0.5287  LR: 1.00e-03
2026-08-03 11:12:48,753 | [FULL    ] | INFO | full_experiments_using.model_trainers.mobile_vit_trainer | Ep [016/500] T-Acc:  57.7%  V-Acc:  53.3%  V-AUROC: 0.5356  LR: 1.00e-03
2026-08-03 11:13:17,125 | [FULL    ] | INFO | full_experiments_using.model_trainers.mobile_vit_trainer | Ep [017/500] T-Acc:  58.9%  V-Acc:  53.0%  V-AUROC: 0.5410  LR: 1.00e-03
2026-08-03 11:13:45,317 | [FULL    ] | INFO | full_experiments_using.model_trainers.mobile_vit_trainer | Ep [018/500] T-Acc:  58.7%  V-Acc:  52.3%  V-AUROC: 0.5376  LR: 1.00e-03
2026-08-03 11:14:13,534 | [FULL    ] | INFO | full_experiments_using.model_trainers.mobile_vit_trainer | Ep [019/500] T-Acc:  60.3%  V-Acc:  52.6%  V-AUROC: 0.5390  LR: 1.00e-03
2026-08-03 11:14:41,747 | [FULL    ] | INFO | full_experiments_using.model_trainers.mobile_vit_trainer | Ep [020/500] T-Acc:  60.0%  V-Acc:  52.4%  V-AUROC: 0.5366  LR: 1.00e-03
2026-08-03 11:15:10,162 | [FULL    ] | INFO | full_experiments_using.model_trainers.mobile_vit_trainer | Ep [021/500] T-Acc:  60.0%  V-Acc:  51.9%  V-AUROC: 0.5386  LR: 1.00e-03
2026-08-03 11:15:38,372 | [FULL    ] | INFO | full_experiments_using.model_trainers.mobile_vit_trainer | Ep [022/500] T-Acc:  59.9%  V-Acc:  52.0%  V-AUROC: 0.5311  LR: 1.00e-03
2026-08-03 11:16:05,923 | [FULL    ] | INFO | full_experiments_using.model_trainers.mobile_vit_trainer | Ep [023/500] T-Acc:  60.6%  V-Acc:  54.8%  V-AUROC: 0.5465  LR: 1.00e-03
2026-08-03 11:16:06,076 | [FULL    ] | INFO | full_experiments_using.model_trainers.mobile_vit_trainer |   ↳ new best AUROC; saved checkpoint: /home/oem/choihyunsu/VOGBasedMCIDetection/outputs/checkpoints/run_20260803_091255_full_wvote_artifact30_w0-5-10-10-0-10-20-20_strat_4err/fold_04_best.pth
2026-08-03 11:16:33,134 | [FULL    ] | INFO | full_experiments_using.model_trainers.mobile_vit_trainer | Ep [024/500] T-Acc:  61.3%  V-Acc:  53.6%  V-AUROC: 0.5532  LR: 1.00e-03
2026-08-03 11:16:33,337 | [FULL    ] | INFO | full_experiments_using.model_trainers.mobile_vit_trainer |   ↳ new best AUROC; saved checkpoint: /home/oem/choihyunsu/VOGBasedMCIDetection/outputs/checkpoints/run_20260803_091255_full_wvote_artifact30_w0-5-10-10-0-10-20-20_strat_4err/fold_04_best.pth
2026-08-03 11:17:01,711 | [FULL    ] | INFO | full_experiments_using.model_trainers.mobile_vit_trainer | Ep [025/500] T-Acc:  61.0%  V-Acc:  53.9%  V-AUROC: 0.5437  LR: 1.00e-03
2026-08-03 11:17:29,970 | [FULL    ] | INFO | full_experiments_using.model_trainers.mobile_vit_trainer | Ep [026/500] T-Acc:  61.4%  V-Acc:  52.7%  V-AUROC: 0.5354  LR: 1.00e-03
2026-08-03 11:17:58,274 | [FULL    ] | INFO | full_experiments_using.model_trainers.mobile_vit_trainer | Ep [027/500] T-Acc:  62.2%  V-Acc:  52.6%  V-AUROC: 0.5305  LR: 1.00e-03
2026-08-03 11:18:26,906 | [FULL    ] | INFO | full_experiments_using.model_trainers.mobile_vit_trainer | Ep [028/500] T-Acc:  62.0%  V-Acc:  54.9%  V-AUROC: 0.5523  LR: 1.00e-03
2026-08-03 11:18:55,132 | [FULL    ] | INFO | full_experiments_using.model_trainers.mobile_vit_trainer | Ep [029/500] T-Acc:  62.1%  V-Acc:  52.4%  V-AUROC: 0.5326  LR: 1.00e-03
2026-08-03 11:19:23,511 | [FULL    ] | INFO | full_experiments_using.model_trainers.mobile_vit_trainer | Ep [030/500] T-Acc:  61.9%  V-Acc:  52.1%  V-AUROC: 0.5324  LR: 1.00e-03
2026-08-03 11:19:51,794 | [FULL    ] | INFO | full_experiments_using.model_trainers.mobile_vit_trainer | Ep [031/500] T-Acc:  62.6%  V-Acc:  52.1%  V-AUROC: 0.5401  LR: 1.00e-03
2026-08-03 11:20:20,087 | [FULL    ] | INFO | full_experiments_using.model_trainers.mobile_vit_trainer | Ep [032/500] T-Acc:  62.2%  V-Acc:  53.9%  V-AUROC: 0.5326  LR: 1.00e-03
2026-08-03 11:20:48,493 | [FULL    ] | INFO | full_experiments_using.model_trainers.mobile_vit_trainer | Ep [033/500] T-Acc:  62.3%  V-Acc:  54.1%  V-AUROC: 0.5292  LR: 1.00e-03
2026-08-03 11:21:16,711 | [FULL    ] | INFO | full_experiments_using.model_trainers.mobile_vit_trainer | Ep [034/500] T-Acc:  62.1%  V-Acc:  52.9%  V-AUROC: 0.5352  LR: 1.00e-03
2026-08-03 11:21:45,137 | [FULL    ] | INFO | full_experiments_using.model_trainers.mobile_vit_trainer | Ep [035/500] T-Acc:  62.0%  V-Acc:  52.1%  V-AUROC: 0.5455  LR: 1.00e-03
2026-08-03 11:22:13,583 | [FULL    ] | INFO | full_experiments_using.model_trainers.mobile_vit_trainer | Ep [036/500] T-Acc:  63.0%  V-Acc:  51.6%  V-AUROC: 0.5366  LR: 2.00e-04
2026-08-03 11:22:41,958 | [FULL    ] | INFO | full_experiments_using.model_trainers.mobile_vit_trainer | Ep [037/500] T-Acc:  62.4%  V-Acc:  52.2%  V-AUROC: 0.5364  LR: 2.00e-04
2026-08-03 11:23:10,386 | [FULL    ] | INFO | full_experiments_using.model_trainers.mobile_vit_trainer | Ep [038/500] T-Acc:  62.3%  V-Acc:  52.7%  V-AUROC: 0.5366  LR: 2.00e-04
2026-08-03 11:23:38,613 | [FULL    ] | INFO | full_experiments_using.model_trainers.mobile_vit_trainer | Ep [039/500] T-Acc:  63.3%  V-Acc:  51.7%  V-AUROC: 0.5304  LR: 2.00e-04
2026-08-03 11:24:07,064 | [FULL    ] | INFO | full_experiments_using.model_trainers.mobile_vit_trainer | Ep [040/500] T-Acc:  64.0%  V-Acc:  52.1%  V-AUROC: 0.5258  LR: 2.00e-04
2026-08-03 11:24:35,385 | [FULL    ] | INFO | full_experiments_using.model_trainers.mobile_vit_trainer | Ep [041/500] T-Acc:  63.4%  V-Acc:  51.0%  V-AUROC: 0.5265  LR: 2.00e-04
2026-08-03 11:25:03,659 | [FULL    ] | INFO | full_experiments_using.model_trainers.mobile_vit_trainer | Ep [042/500] T-Acc:  63.2%  V-Acc:  52.8%  V-AUROC: 0.5302  LR: 2.00e-04
2026-08-03 11:25:31,873 | [FULL    ] | INFO | full_experiments_using.model_trainers.mobile_vit_trainer | Ep [043/500] T-Acc:  63.3%  V-Acc:  51.7%  V-AUROC: 0.5287  LR: 2.00e-04
2026-08-03 11:25:59,860 | [FULL    ] | INFO | full_experiments_using.model_trainers.mobile_vit_trainer | Ep [044/500] T-Acc:  63.9%  V-Acc:  51.8%  V-AUROC: 0.5295  LR: 2.00e-04
2026-08-03 11:26:28,163 | [FULL    ] | INFO | full_experiments_using.model_trainers.mobile_vit_trainer | Ep [045/500] T-Acc:  63.5%  V-Acc:  51.3%  V-AUROC: 0.5253  LR: 2.00e-04
2026-08-03 11:26:56,385 | [FULL    ] | INFO | full_experiments_using.model_trainers.mobile_vit_trainer | Ep [046/500] T-Acc:  63.0%  V-Acc:  52.8%  V-AUROC: 0.5295  LR: 2.00e-04
2026-08-03 11:27:24,825 | [FULL    ] | INFO | full_experiments_using.model_trainers.mobile_vit_trainer | Ep [047/500] T-Acc:  62.9%  V-Acc:  52.8%  V-AUROC: 0.5293  LR: 4.00e-05
2026-08-03 11:27:52,909 | [FULL    ] | INFO | full_experiments_using.model_trainers.mobile_vit_trainer | Ep [048/500] T-Acc:  63.7%  V-Acc:  51.8%  V-AUROC: 0.5280  LR: 4.00e-05
2026-08-03 11:28:21,608 | [FULL    ] | INFO | full_experiments_using.model_trainers.mobile_vit_trainer | Ep [049/500] T-Acc:  63.3%  V-Acc:  52.0%  V-AUROC: 0.5265  LR: 4.00e-05
2026-08-03 11:28:50,130 | [FULL    ] | INFO | full_experiments_using.model_trainers.mobile_vit_trainer | Ep [050/500] T-Acc:  64.0%  V-Acc:  52.1%  V-AUROC: 0.5282  LR: 4.00e-05
2026-08-03 11:29:18,725 | [FULL    ] | INFO | full_experiments_using.model_trainers.mobile_vit_trainer | Ep [051/500] T-Acc:  64.4%  V-Acc:  52.6%  V-AUROC: 0.5268  LR: 4.00e-05
2026-08-03 11:29:45,925 | [FULL    ] | INFO | full_experiments_using.model_trainers.mobile_vit_trainer | Ep [052/500] T-Acc:  65.0%  V-Acc:  51.8%  V-AUROC: 0.5254  LR: 4.00e-05
2026-08-03 11:30:12,176 | [FULL    ] | INFO | full_experiments_using.model_trainers.mobile_vit_trainer | Ep [053/500] T-Acc:  63.4%  V-Acc:  50.4%  V-AUROC: 0.5261  LR: 4.00e-05
2026-08-03 11:30:40,484 | [FULL    ] | INFO | full_experiments_using.model_trainers.mobile_vit_trainer | Ep [054/500] T-Acc:  63.6%  V-Acc:  51.0%  V-AUROC: 0.5269  LR: 4.00e-05
2026-08-03 11:30:40,524 | [FULL    ] | INFO | full_experiments_using.model_trainers.mobile_vit_trainer | Early stop — best AUROC 0.5532 at epoch 24 (no improvement for 30 epochs)
2026-08-03 11:30:40,524 | [FULL    ] | INFO | full_experiments_using.model_trainers.mobile_vit_trainer | Done. Best AUROC: 0.5532 (epoch 24) → /home/oem/choihyunsu/VOGBasedMCIDetection/outputs/checkpoints/run_20260803_091255_full_wvote_artifact30_w0-5-10-10-0-10-20-20_strat_4err/fold_04_best.pth
2026-08-03 11:30:49,638 | [FULL    ] | INFO | full_experiments_using.evaluators.monte_carlo_evaluator | -> Fold 05 Result | Acc=0.727 Sens=0.750 Spec=0.667 AUROC=0.833
2026-08-03 11:30:49,649 | [FULL    ] | INFO | full_experiments_using.evaluators.monte_carlo_evaluator | === Fold 06/30 | train: 25 subj (HC=10 MCI=15) / 3820 win | test: 12 subj (HC=4 MCI=8) / 1895 win ===
2026-08-03 11:30:49,904 | [FULL    ] | INFO | httpx | HTTP Request: HEAD https://huggingface.co/apple/mobilevit-small/resolve/main/config.json "HTTP/1.1 307 Temporary Redirect"
2026-08-03 11:30:49,922 | [FULL    ] | INFO | httpx | HTTP Request: HEAD https://huggingface.co/api/resolve-cache/models/apple/mobilevit-small/6c8612545dc98676d27bc518fa521d9e9af23e34/config.json "HTTP/1.1 200 OK"
2026-08-03 11:30:50,199 | [FULL    ] | INFO | httpx | HTTP Request: HEAD https://huggingface.co/apple/mobilevit-small/resolve/main/model.safetensors "HTTP/1.1 404 Not Found"
2026-08-03 11:30:50,416 | [FULL    ] | INFO | httpx | HTTP Request: HEAD https://huggingface.co/apple/mobilevit-small/resolve/main/model.safetensors.index.json "HTTP/1.1 404 Not Found"
2026-08-03 11:30:50,629 | [FULL    ] | INFO | httpx | HTTP Request: HEAD https://huggingface.co/apple/mobilevit-small/resolve/main/pytorch_model.bin "HTTP/1.1 302 Found"
2026-08-03 11:30:50,831 | [FULL    ] | INFO | httpx | HTTP Request: HEAD https://huggingface.co/apple/mobilevit-small/resolve/main/model.safetensors "HTTP/1.1 404 Not Found"
2026-08-03 11:30:51,046 | [FULL    ] | INFO | httpx | HTTP Request: GET https://huggingface.co/api/models/apple/mobilevit-small "HTTP/1.1 200 OK"
2026-08-03 11:30:51,306 | [FULL    ] | INFO | httpx | HTTP Request: GET https://huggingface.co/api/models/apple/mobilevit-small/commits/main "HTTP/1.1 200 OK"
2026-08-03 11:30:51,537 | [FULL    ] | INFO | httpx | HTTP Request: GET https://huggingface.co/api/models/apple/mobilevit-small/discussions?p=0 "HTTP/1.1 200 OK"
2026-08-03 11:30:51,772 | [FULL    ] | INFO | httpx | HTTP Request: GET https://huggingface.co/api/models/apple/mobilevit-small/commits/refs%2Fpr%2F6 "HTTP/1.1 200 OK"
2026-08-03 11:30:51,984 | [FULL    ] | INFO | httpx | HTTP Request: HEAD https://huggingface.co/apple/mobilevit-small/resolve/refs%2Fpr%2F6/model.safetensors.index.json "HTTP/1.1 404 Not Found"
2026-08-03 11:30:52,227 | [FULL    ] | INFO | httpx | HTTP Request: HEAD https://huggingface.co/apple/mobilevit-small/resolve/refs%2Fpr%2F6/model.safetensors "HTTP/1.1 302 Found"
2026-08-03 11:30:53,011 | [FULL    ] | INFO | full_experiments_using.model_trainers.mobile_vit_trainer | Device: cuda | max_epochs=500 | batch=32 | eval_batch=256 | es_patience=30
2026-08-03 11:30:53,076 | [FULL    ] | INFO | full_experiments_using.model_trainers.mobile_vit_trainer | CE weights — HC: 1.072  MCI: 0.937
2026-08-03 11:31:21,086 | [FULL    ] | INFO | full_experiments_using.model_trainers.mobile_vit_trainer | Ep [001/500] T-Acc:  48.2%  V-Acc:  45.1%  V-AUROC: 0.5123  LR: 2.00e-04
2026-08-03 11:31:21,211 | [FULL    ] | INFO | full_experiments_using.model_trainers.mobile_vit_trainer |   ↳ new best AUROC; saved checkpoint: /home/oem/choihyunsu/VOGBasedMCIDetection/outputs/checkpoints/run_20260803_091255_full_wvote_artifact30_w0-5-10-10-0-10-20-20_strat_4err/fold_05_best.pth
2026-08-03 11:31:49,173 | [FULL    ] | INFO | full_experiments_using.model_trainers.mobile_vit_trainer | Ep [002/500] T-Acc:  48.8%  V-Acc:  44.7%  V-AUROC: 0.5058  LR: 4.00e-04
2026-08-03 11:32:17,081 | [FULL    ] | INFO | full_experiments_using.model_trainers.mobile_vit_trainer | Ep [003/500] T-Acc:  48.3%  V-Acc:  47.3%  V-AUROC: 0.5176  LR: 6.00e-04
2026-08-03 11:32:17,214 | [FULL    ] | INFO | full_experiments_using.model_trainers.mobile_vit_trainer |   ↳ new best AUROC; saved checkpoint: /home/oem/choihyunsu/VOGBasedMCIDetection/outputs/checkpoints/run_20260803_091255_full_wvote_artifact30_w0-5-10-10-0-10-20-20_strat_4err/fold_05_best.pth
2026-08-03 11:32:45,181 | [FULL    ] | INFO | full_experiments_using.model_trainers.mobile_vit_trainer | Ep [004/500] T-Acc:  51.3%  V-Acc:  49.7%  V-AUROC: 0.5188  LR: 8.00e-04
2026-08-03 11:32:45,316 | [FULL    ] | INFO | full_experiments_using.model_trainers.mobile_vit_trainer |   ↳ new best AUROC; saved checkpoint: /home/oem/choihyunsu/VOGBasedMCIDetection/outputs/checkpoints/run_20260803_091255_full_wvote_artifact30_w0-5-10-10-0-10-20-20_strat_4err/fold_05_best.pth
2026-08-03 11:33:13,653 | [FULL    ] | INFO | full_experiments_using.model_trainers.mobile_vit_trainer | Ep [005/500] T-Acc:  53.1%  V-Acc:  51.2%  V-AUROC: 0.5420  LR: 1.00e-03
2026-08-03 11:33:13,769 | [FULL    ] | INFO | full_experiments_using.model_trainers.mobile_vit_trainer |   ↳ new best AUROC; saved checkpoint: /home/oem/choihyunsu/VOGBasedMCIDetection/outputs/checkpoints/run_20260803_091255_full_wvote_artifact30_w0-5-10-10-0-10-20-20_strat_4err/fold_05_best.pth
2026-08-03 11:33:42,008 | [FULL    ] | INFO | full_experiments_using.model_trainers.mobile_vit_trainer | Ep [006/500] T-Acc:  53.0%  V-Acc:  52.3%  V-AUROC: 0.5460  LR: 1.00e-03
2026-08-03 11:33:42,178 | [FULL    ] | INFO | full_experiments_using.model_trainers.mobile_vit_trainer |   ↳ new best AUROC; saved checkpoint: /home/oem/choihyunsu/VOGBasedMCIDetection/outputs/checkpoints/run_20260803_091255_full_wvote_artifact30_w0-5-10-10-0-10-20-20_strat_4err/fold_05_best.pth
2026-08-03 11:34:10,196 | [FULL    ] | INFO | full_experiments_using.model_trainers.mobile_vit_trainer | Ep [007/500] T-Acc:  52.0%  V-Acc:  52.5%  V-AUROC: 0.5562  LR: 1.00e-03
2026-08-03 11:34:10,340 | [FULL    ] | INFO | full_experiments_using.model_trainers.mobile_vit_trainer |   ↳ new best AUROC; saved checkpoint: /home/oem/choihyunsu/VOGBasedMCIDetection/outputs/checkpoints/run_20260803_091255_full_wvote_artifact30_w0-5-10-10-0-10-20-20_strat_4err/fold_05_best.pth
2026-08-03 11:34:38,366 | [FULL    ] | INFO | full_experiments_using.model_trainers.mobile_vit_trainer | Ep [008/500] T-Acc:  55.2%  V-Acc:  54.0%  V-AUROC: 0.5644  LR: 1.00e-03
2026-08-03 11:34:38,487 | [FULL    ] | INFO | full_experiments_using.model_trainers.mobile_vit_trainer |   ↳ new best AUROC; saved checkpoint: /home/oem/choihyunsu/VOGBasedMCIDetection/outputs/checkpoints/run_20260803_091255_full_wvote_artifact30_w0-5-10-10-0-10-20-20_strat_4err/fold_05_best.pth
2026-08-03 11:35:06,403 | [FULL    ] | INFO | full_experiments_using.model_trainers.mobile_vit_trainer | Ep [009/500] T-Acc:  55.6%  V-Acc:  54.2%  V-AUROC: 0.5737  LR: 1.00e-03
2026-08-03 11:35:06,547 | [FULL    ] | INFO | full_experiments_using.model_trainers.mobile_vit_trainer |   ↳ new best AUROC; saved checkpoint: /home/oem/choihyunsu/VOGBasedMCIDetection/outputs/checkpoints/run_20260803_091255_full_wvote_artifact30_w0-5-10-10-0-10-20-20_strat_4err/fold_05_best.pth
2026-08-03 11:35:34,522 | [FULL    ] | INFO | full_experiments_using.model_trainers.mobile_vit_trainer | Ep [010/500] T-Acc:  56.3%  V-Acc:  53.4%  V-AUROC: 0.5644  LR: 1.00e-03
2026-08-03 11:36:02,507 | [FULL    ] | INFO | full_experiments_using.model_trainers.mobile_vit_trainer | Ep [011/500] T-Acc:  57.0%  V-Acc:  54.1%  V-AUROC: 0.5791  LR: 1.00e-03
2026-08-03 11:36:02,668 | [FULL    ] | INFO | full_experiments_using.model_trainers.mobile_vit_trainer |   ↳ new best AUROC; saved checkpoint: /home/oem/choihyunsu/VOGBasedMCIDetection/outputs/checkpoints/run_20260803_091255_full_wvote_artifact30_w0-5-10-10-0-10-20-20_strat_4err/fold_05_best.pth
2026-08-03 11:36:30,902 | [FULL    ] | INFO | full_experiments_using.model_trainers.mobile_vit_trainer | Ep [012/500] T-Acc:  57.5%  V-Acc:  54.5%  V-AUROC: 0.5932  LR: 1.00e-03
2026-08-03 11:36:31,152 | [FULL    ] | INFO | full_experiments_using.model_trainers.mobile_vit_trainer |   ↳ new best AUROC; saved checkpoint: /home/oem/choihyunsu/VOGBasedMCIDetection/outputs/checkpoints/run_20260803_091255_full_wvote_artifact30_w0-5-10-10-0-10-20-20_strat_4err/fold_05_best.pth
2026-08-03 11:36:59,080 | [FULL    ] | INFO | full_experiments_using.model_trainers.mobile_vit_trainer | Ep [013/500] T-Acc:  57.1%  V-Acc:  52.6%  V-AUROC: 0.5707  LR: 1.00e-03
2026-08-03 11:37:27,183 | [FULL    ] | INFO | full_experiments_using.model_trainers.mobile_vit_trainer | Ep [014/500] T-Acc:  58.4%  V-Acc:  53.1%  V-AUROC: 0.5725  LR: 1.00e-03
2026-08-03 11:37:54,964 | [FULL    ] | INFO | full_experiments_using.model_trainers.mobile_vit_trainer | Ep [015/500] T-Acc:  58.1%  V-Acc:  54.5%  V-AUROC: 0.5835  LR: 1.00e-03
2026-08-03 11:38:22,913 | [FULL    ] | INFO | full_experiments_using.model_trainers.mobile_vit_trainer | Ep [016/500] T-Acc:  58.4%  V-Acc:  54.1%  V-AUROC: 0.5709  LR: 1.00e-03
2026-08-03 11:38:50,698 | [FULL    ] | INFO | full_experiments_using.model_trainers.mobile_vit_trainer | Ep [017/500] T-Acc:  59.5%  V-Acc:  54.7%  V-AUROC: 0.5829  LR: 1.00e-03
2026-08-03 11:39:18,796 | [FULL    ] | INFO | full_experiments_using.model_trainers.mobile_vit_trainer | Ep [018/500] T-Acc:  59.9%  V-Acc:  54.5%  V-AUROC: 0.5909  LR: 1.00e-03
2026-08-03 11:39:46,898 | [FULL    ] | INFO | full_experiments_using.model_trainers.mobile_vit_trainer | Ep [019/500] T-Acc:  59.1%  V-Acc:  56.3%  V-AUROC: 0.6010  LR: 1.00e-03
2026-08-03 11:39:47,022 | [FULL    ] | INFO | full_experiments_using.model_trainers.mobile_vit_trainer |   ↳ new best AUROC; saved checkpoint: /home/oem/choihyunsu/VOGBasedMCIDetection/outputs/checkpoints/run_20260803_091255_full_wvote_artifact30_w0-5-10-10-0-10-20-20_strat_4err/fold_05_best.pth
2026-08-03 11:40:15,049 | [FULL    ] | INFO | full_experiments_using.model_trainers.mobile_vit_trainer | Ep [020/500] T-Acc:  60.8%  V-Acc:  55.1%  V-AUROC: 0.5845  LR: 1.00e-03
2026-08-03 11:40:43,054 | [FULL    ] | INFO | full_experiments_using.model_trainers.mobile_vit_trainer | Ep [021/500] T-Acc:  60.4%  V-Acc:  56.0%  V-AUROC: 0.5902  LR: 1.00e-03
2026-08-03 11:41:11,187 | [FULL    ] | INFO | full_experiments_using.model_trainers.mobile_vit_trainer | Ep [022/500] T-Acc:  60.1%  V-Acc:  54.6%  V-AUROC: 0.5860  LR: 1.00e-03
2026-08-03 11:41:38,276 | [FULL    ] | INFO | full_experiments_using.model_trainers.mobile_vit_trainer | Ep [023/500] T-Acc:  59.7%  V-Acc:  55.3%  V-AUROC: 0.5786  LR: 1.00e-03
2026-08-03 11:42:04,360 | [FULL    ] | INFO | full_experiments_using.model_trainers.mobile_vit_trainer | Ep [024/500] T-Acc:  60.5%  V-Acc:  54.1%  V-AUROC: 0.5818  LR: 1.00e-03
2026-08-03 11:42:28,313 | [FULL    ] | INFO | full_experiments_using.model_trainers.mobile_vit_trainer | Ep [025/500] T-Acc:  60.3%  V-Acc:  55.3%  V-AUROC: 0.5819  LR: 1.00e-03
2026-08-03 11:42:56,347 | [FULL    ] | INFO | full_experiments_using.model_trainers.mobile_vit_trainer | Ep [026/500] T-Acc:  60.3%  V-Acc:  56.1%  V-AUROC: 0.5930  LR: 1.00e-03
2026-08-03 11:43:24,260 | [FULL    ] | INFO | full_experiments_using.model_trainers.mobile_vit_trainer | Ep [027/500] T-Acc:  60.6%  V-Acc:  55.5%  V-AUROC: 0.5916  LR: 1.00e-03
2026-08-03 11:43:52,443 | [FULL    ] | INFO | full_experiments_using.model_trainers.mobile_vit_trainer | Ep [028/500] T-Acc:  60.4%  V-Acc:  55.9%  V-AUROC: 0.5938  LR: 1.00e-03
2026-08-03 11:44:20,435 | [FULL    ] | INFO | full_experiments_using.model_trainers.mobile_vit_trainer | Ep [029/500] T-Acc:  61.5%  V-Acc:  56.0%  V-AUROC: 0.5934  LR: 1.00e-03
2026-08-03 11:44:48,754 | [FULL    ] | INFO | full_experiments_using.model_trainers.mobile_vit_trainer | Ep [030/500] T-Acc:  61.5%  V-Acc:  57.0%  V-AUROC: 0.6004  LR: 1.00e-03
2026-08-03 11:45:16,741 | [FULL    ] | INFO | full_experiments_using.model_trainers.mobile_vit_trainer | Ep [031/500] T-Acc:  62.9%  V-Acc:  56.4%  V-AUROC: 0.6010  LR: 2.00e-04
2026-08-03 11:45:44,695 | [FULL    ] | INFO | full_experiments_using.model_trainers.mobile_vit_trainer | Ep [032/500] T-Acc:  61.1%  V-Acc:  55.9%  V-AUROC: 0.5983  LR: 2.00e-04
2026-08-03 11:46:12,740 | [FULL    ] | INFO | full_experiments_using.model_trainers.mobile_vit_trainer | Ep [033/500] T-Acc:  62.3%  V-Acc:  56.3%  V-AUROC: 0.5966  LR: 2.00e-04
2026-08-03 11:46:40,851 | [FULL    ] | INFO | full_experiments_using.model_trainers.mobile_vit_trainer | Ep [034/500] T-Acc:  61.2%  V-Acc:  56.1%  V-AUROC: 0.5991  LR: 2.00e-04
2026-08-03 11:47:08,883 | [FULL    ] | INFO | full_experiments_using.model_trainers.mobile_vit_trainer | Ep [035/500] T-Acc:  61.9%  V-Acc:  55.5%  V-AUROC: 0.5962  LR: 2.00e-04
2026-08-03 11:47:36,812 | [FULL    ] | INFO | full_experiments_using.model_trainers.mobile_vit_trainer | Ep [036/500] T-Acc:  62.0%  V-Acc:  55.2%  V-AUROC: 0.5922  LR: 2.00e-04
2026-08-03 11:48:04,742 | [FULL    ] | INFO | full_experiments_using.model_trainers.mobile_vit_trainer | Ep [037/500] T-Acc:  61.9%  V-Acc:  55.3%  V-AUROC: 0.5920  LR: 2.00e-04
2026-08-03 11:48:32,570 | [FULL    ] | INFO | full_experiments_using.model_trainers.mobile_vit_trainer | Ep [038/500] T-Acc:  61.3%  V-Acc:  56.1%  V-AUROC: 0.5934  LR: 2.00e-04
2026-08-03 11:49:00,649 | [FULL    ] | INFO | full_experiments_using.model_trainers.mobile_vit_trainer | Ep [039/500] T-Acc:  62.2%  V-Acc:  55.2%  V-AUROC: 0.5915  LR: 2.00e-04
2026-08-03 11:49:28,431 | [FULL    ] | INFO | full_experiments_using.model_trainers.mobile_vit_trainer | Ep [040/500] T-Acc:  62.0%  V-Acc:  55.4%  V-AUROC: 0.5941  LR: 2.00e-04
2026-08-03 11:49:56,547 | [FULL    ] | INFO | full_experiments_using.model_trainers.mobile_vit_trainer | Ep [041/500] T-Acc:  62.1%  V-Acc:  55.7%  V-AUROC: 0.5964  LR: 2.00e-04
2026-08-03 11:50:24,717 | [FULL    ] | INFO | full_experiments_using.model_trainers.mobile_vit_trainer | Ep [042/500] T-Acc:  62.8%  V-Acc:  55.4%  V-AUROC: 0.5951  LR: 4.00e-05
2026-08-03 11:50:52,573 | [FULL    ] | INFO | full_experiments_using.model_trainers.mobile_vit_trainer | Ep [043/500] T-Acc:  62.2%  V-Acc:  56.0%  V-AUROC: 0.5949  LR: 4.00e-05
2026-08-03 11:51:20,863 | [FULL    ] | INFO | full_experiments_using.model_trainers.mobile_vit_trainer | Ep [044/500] T-Acc:  61.9%  V-Acc:  55.7%  V-AUROC: 0.5959  LR: 4.00e-05
2026-08-03 11:51:49,066 | [FULL    ] | INFO | full_experiments_using.model_trainers.mobile_vit_trainer | Ep [045/500] T-Acc:  62.3%  V-Acc:  55.3%  V-AUROC: 0.5960  LR: 4.00e-05
2026-08-03 11:52:17,246 | [FULL    ] | INFO | full_experiments_using.model_trainers.mobile_vit_trainer | Ep [046/500] T-Acc:  63.0%  V-Acc:  55.5%  V-AUROC: 0.5949  LR: 4.00e-05
2026-08-03 11:52:45,213 | [FULL    ] | INFO | full_experiments_using.model_trainers.mobile_vit_trainer | Ep [047/500] T-Acc:  62.1%  V-Acc:  55.6%  V-AUROC: 0.5955  LR: 4.00e-05
2026-08-03 11:53:13,278 | [FULL    ] | INFO | full_experiments_using.model_trainers.mobile_vit_trainer | Ep [048/500] T-Acc:  62.0%  V-Acc:  55.7%  V-AUROC: 0.5944  LR: 4.00e-05
2026-08-03 11:53:41,366 | [FULL    ] | INFO | full_experiments_using.model_trainers.mobile_vit_trainer | Ep [049/500] T-Acc:  63.1%  V-Acc:  55.3%  V-AUROC: 0.5956  LR: 4.00e-05
2026-08-03 11:53:41,366 | [FULL    ] | INFO | full_experiments_using.model_trainers.mobile_vit_trainer | Early stop — best AUROC 0.6010 at epoch 19 (no improvement for 30 epochs)
2026-08-03 11:53:41,366 | [FULL    ] | INFO | full_experiments_using.model_trainers.mobile_vit_trainer | Done. Best AUROC: 0.6010 (epoch 19) → /home/oem/choihyunsu/VOGBasedMCIDetection/outputs/checkpoints/run_20260803_091255_full_wvote_artifact30_w0-5-10-10-0-10-20-20_strat_4err/fold_05_best.pth
2026-08-03 11:53:47,221 | [FULL    ] | INFO | full_experiments_using.evaluators.monte_carlo_evaluator | -> Fold 06 Result | Acc=0.818 Sens=0.750 Spec=1.000 AUROC=0.917
2026-08-03 11:53:47,235 | [FULL    ] | INFO | full_experiments_using.evaluators.monte_carlo_evaluator | === Fold 07/30 | train: 25 subj (HC=10 MCI=15) / 3913 win | test: 12 subj (HC=4 MCI=8) / 1802 win ===
2026-08-03 11:53:47,480 | [FULL    ] | INFO | httpx | HTTP Request: HEAD https://huggingface.co/apple/mobilevit-small/resolve/main/config.json "HTTP/1.1 307 Temporary Redirect"
2026-08-03 11:53:47,497 | [FULL    ] | INFO | httpx | HTTP Request: HEAD https://huggingface.co/api/resolve-cache/models/apple/mobilevit-small/6c8612545dc98676d27bc518fa521d9e9af23e34/config.json "HTTP/1.1 200 OK"
2026-08-03 11:53:47,775 | [FULL    ] | INFO | httpx | HTTP Request: HEAD https://huggingface.co/apple/mobilevit-small/resolve/main/model.safetensors "HTTP/1.1 404 Not Found"
2026-08-03 11:53:48,025 | [FULL    ] | INFO | httpx | HTTP Request: HEAD https://huggingface.co/apple/mobilevit-small/resolve/main/model.safetensors.index.json "HTTP/1.1 404 Not Found"
2026-08-03 11:53:48,238 | [FULL    ] | INFO | httpx | HTTP Request: HEAD https://huggingface.co/apple/mobilevit-small/resolve/main/pytorch_model.bin "HTTP/1.1 302 Found"
2026-08-03 11:53:48,441 | [FULL    ] | INFO | httpx | HTTP Request: HEAD https://huggingface.co/apple/mobilevit-small/resolve/main/model.safetensors "HTTP/1.1 404 Not Found"
2026-08-03 11:53:48,654 | [FULL    ] | INFO | httpx | HTTP Request: GET https://huggingface.co/api/models/apple/mobilevit-small "HTTP/1.1 200 OK"
2026-08-03 11:53:48,918 | [FULL    ] | INFO | httpx | HTTP Request: GET https://huggingface.co/api/models/apple/mobilevit-small/commits/main "HTTP/1.1 200 OK"
2026-08-03 11:53:49,136 | [FULL    ] | INFO | httpx | HTTP Request: GET https://huggingface.co/api/models/apple/mobilevit-small/discussions?p=0 "HTTP/1.1 200 OK"
2026-08-03 11:53:49,363 | [FULL    ] | INFO | httpx | HTTP Request: GET https://huggingface.co/api/models/apple/mobilevit-small/commits/refs%2Fpr%2F6 "HTTP/1.1 200 OK"
2026-08-03 11:53:49,570 | [FULL    ] | INFO | httpx | HTTP Request: HEAD https://huggingface.co/apple/mobilevit-small/resolve/refs%2Fpr%2F6/model.safetensors.index.json "HTTP/1.1 404 Not Found"
2026-08-03 11:53:49,795 | [FULL    ] | INFO | httpx | HTTP Request: HEAD https://huggingface.co/apple/mobilevit-small/resolve/refs%2Fpr%2F6/model.safetensors "HTTP/1.1 302 Found"
2026-08-03 11:53:50,596 | [FULL    ] | INFO | full_experiments_using.model_trainers.mobile_vit_trainer | Device: cuda | max_epochs=500 | batch=32 | eval_batch=256 | es_patience=30
2026-08-03 11:53:50,619 | [FULL    ] | INFO | full_experiments_using.model_trainers.mobile_vit_trainer | CE weights — HC: 1.115  MCI: 0.906
2026-08-03 11:54:27,433 | [FULL    ] | INFO | full_experiments_using.model_trainers.mobile_vit_trainer | Ep [001/500] T-Acc:  48.6%  V-Acc:  53.9%  V-AUROC: 0.5443  LR: 2.00e-04
2026-08-03 11:54:27,553 | [FULL    ] | INFO | full_experiments_using.model_trainers.mobile_vit_trainer |   ↳ new best AUROC; saved checkpoint: /home/oem/choihyunsu/VOGBasedMCIDetection/outputs/checkpoints/run_20260803_091255_full_wvote_artifact30_w0-5-10-10-0-10-20-20_strat_4err/fold_06_best.pth
2026-08-03 11:54:55,841 | [FULL    ] | INFO | full_experiments_using.model_trainers.mobile_vit_trainer | Ep [002/500] T-Acc:  49.4%  V-Acc:  53.7%  V-AUROC: 0.5487  LR: 4.00e-04
2026-08-03 11:54:55,992 | [FULL    ] | INFO | full_experiments_using.model_trainers.mobile_vit_trainer |   ↳ new best AUROC; saved checkpoint: /home/oem/choihyunsu/VOGBasedMCIDetection/outputs/checkpoints/run_20260803_091255_full_wvote_artifact30_w0-5-10-10-0-10-20-20_strat_4err/fold_06_best.pth
2026-08-03 11:55:22,769 | [FULL    ] | INFO | full_experiments_using.model_trainers.mobile_vit_trainer | Ep [003/500] T-Acc:  49.7%  V-Acc:  54.7%  V-AUROC: 0.5606  LR: 6.00e-04
2026-08-03 11:55:22,925 | [FULL    ] | INFO | full_experiments_using.model_trainers.mobile_vit_trainer |   ↳ new best AUROC; saved checkpoint: /home/oem/choihyunsu/VOGBasedMCIDetection/outputs/checkpoints/run_20260803_091255_full_wvote_artifact30_w0-5-10-10-0-10-20-20_strat_4err/fold_06_best.pth
2026-08-03 11:55:49,619 | [FULL    ] | INFO | full_experiments_using.model_trainers.mobile_vit_trainer | Ep [004/500] T-Acc:  51.3%  V-Acc:  53.8%  V-AUROC: 0.5539  LR: 8.00e-04
2026-08-03 11:56:17,890 | [FULL    ] | INFO | full_experiments_using.model_trainers.mobile_vit_trainer | Ep [005/500] T-Acc:  51.1%  V-Acc:  51.9%  V-AUROC: 0.5551  LR: 1.00e-03
2026-08-03 11:56:46,382 | [FULL    ] | INFO | full_experiments_using.model_trainers.mobile_vit_trainer | Ep [006/500] T-Acc:  53.1%  V-Acc:  53.3%  V-AUROC: 0.5396  LR: 1.00e-03
2026-08-03 11:57:14,838 | [FULL    ] | INFO | full_experiments_using.model_trainers.mobile_vit_trainer | Ep [007/500] T-Acc:  52.2%  V-Acc:  54.6%  V-AUROC: 0.5509  LR: 1.00e-03
2026-08-03 11:57:43,319 | [FULL    ] | INFO | full_experiments_using.model_trainers.mobile_vit_trainer | Ep [008/500] T-Acc:  52.4%  V-Acc:  54.7%  V-AUROC: 0.5600  LR: 1.00e-03
2026-08-03 11:58:11,707 | [FULL    ] | INFO | full_experiments_using.model_trainers.mobile_vit_trainer | Ep [009/500] T-Acc:  52.3%  V-Acc:  54.6%  V-AUROC: 0.5721  LR: 1.00e-03
2026-08-03 11:58:11,867 | [FULL    ] | INFO | full_experiments_using.model_trainers.mobile_vit_trainer |   ↳ new best AUROC; saved checkpoint: /home/oem/choihyunsu/VOGBasedMCIDetection/outputs/checkpoints/run_20260803_091255_full_wvote_artifact30_w0-5-10-10-0-10-20-20_strat_4err/fold_06_best.pth
2026-08-03 11:58:40,419 | [FULL    ] | INFO | full_experiments_using.model_trainers.mobile_vit_trainer | Ep [010/500] T-Acc:  52.9%  V-Acc:  55.3%  V-AUROC: 0.5638  LR: 1.00e-03
2026-08-03 11:59:09,136 | [FULL    ] | INFO | full_experiments_using.model_trainers.mobile_vit_trainer | Ep [011/500] T-Acc:  54.0%  V-Acc:  57.1%  V-AUROC: 0.5920  LR: 1.00e-03
2026-08-03 11:59:09,290 | [FULL    ] | INFO | full_experiments_using.model_trainers.mobile_vit_trainer |   ↳ new best AUROC; saved checkpoint: /home/oem/choihyunsu/VOGBasedMCIDetection/outputs/checkpoints/run_20260803_091255_full_wvote_artifact30_w0-5-10-10-0-10-20-20_strat_4err/fold_06_best.pth
2026-08-03 11:59:37,624 | [FULL    ] | INFO | full_experiments_using.model_trainers.mobile_vit_trainer | Ep [012/500] T-Acc:  54.6%  V-Acc:  55.4%  V-AUROC: 0.5788  LR: 1.00e-03
2026-08-03 12:00:06,256 | [FULL    ] | INFO | full_experiments_using.model_trainers.mobile_vit_trainer | Ep [013/500] T-Acc:  55.2%  V-Acc:  54.4%  V-AUROC: 0.5722  LR: 1.00e-03
2026-08-03 12:00:34,704 | [FULL    ] | INFO | full_experiments_using.model_trainers.mobile_vit_trainer | Ep [014/500] T-Acc:  55.4%  V-Acc:  56.1%  V-AUROC: 0.5795  LR: 1.00e-03
2026-08-03 12:01:03,069 | [FULL    ] | INFO | full_experiments_using.model_trainers.mobile_vit_trainer | Ep [015/500] T-Acc:  56.5%  V-Acc:  56.4%  V-AUROC: 0.5925  LR: 1.00e-03
2026-08-03 12:01:03,203 | [FULL    ] | INFO | full_experiments_using.model_trainers.mobile_vit_trainer |   ↳ new best AUROC; saved checkpoint: /home/oem/choihyunsu/VOGBasedMCIDetection/outputs/checkpoints/run_20260803_091255_full_wvote_artifact30_w0-5-10-10-0-10-20-20_strat_4err/fold_06_best.pth
2026-08-03 12:01:31,791 | [FULL    ] | INFO | full_experiments_using.model_trainers.mobile_vit_trainer | Ep [016/500] T-Acc:  56.7%  V-Acc:  56.8%  V-AUROC: 0.5997  LR: 1.00e-03
2026-08-03 12:01:31,916 | [FULL    ] | INFO | full_experiments_using.model_trainers.mobile_vit_trainer |   ↳ new best AUROC; saved checkpoint: /home/oem/choihyunsu/VOGBasedMCIDetection/outputs/checkpoints/run_20260803_091255_full_wvote_artifact30_w0-5-10-10-0-10-20-20_strat_4err/fold_06_best.pth
2026-08-03 12:02:00,498 | [FULL    ] | INFO | full_experiments_using.model_trainers.mobile_vit_trainer | Ep [017/500] T-Acc:  57.4%  V-Acc:  57.0%  V-AUROC: 0.5968  LR: 1.00e-03
2026-08-03 12:02:29,447 | [FULL    ] | INFO | full_experiments_using.model_trainers.mobile_vit_trainer | Ep [018/500] T-Acc:  57.2%  V-Acc:  56.8%  V-AUROC: 0.5980  LR: 1.00e-03
2026-08-03 12:02:58,277 | [FULL    ] | INFO | full_experiments_using.model_trainers.mobile_vit_trainer | Ep [019/500] T-Acc:  57.1%  V-Acc:  56.2%  V-AUROC: 0.5994  LR: 1.00e-03
2026-08-03 12:03:26,666 | [FULL    ] | INFO | full_experiments_using.model_trainers.mobile_vit_trainer | Ep [020/500] T-Acc:  56.8%  V-Acc:  58.1%  V-AUROC: 0.6104  LR: 1.00e-03
2026-08-03 12:03:26,880 | [FULL    ] | INFO | full_experiments_using.model_trainers.mobile_vit_trainer |   ↳ new best AUROC; saved checkpoint: /home/oem/choihyunsu/VOGBasedMCIDetection/outputs/checkpoints/run_20260803_091255_full_wvote_artifact30_w0-5-10-10-0-10-20-20_strat_4err/fold_06_best.pth
2026-08-03 12:03:55,709 | [FULL    ] | INFO | full_experiments_using.model_trainers.mobile_vit_trainer | Ep [021/500] T-Acc:  58.0%  V-Acc:  57.0%  V-AUROC: 0.6020  LR: 1.00e-03
2026-08-03 12:04:24,261 | [FULL    ] | INFO | full_experiments_using.model_trainers.mobile_vit_trainer | Ep [022/500] T-Acc:  57.7%  V-Acc:  57.5%  V-AUROC: 0.6057  LR: 1.00e-03
2026-08-03 12:04:52,459 | [FULL    ] | INFO | full_experiments_using.model_trainers.mobile_vit_trainer | Ep [023/500] T-Acc:  58.1%  V-Acc:  57.4%  V-AUROC: 0.6109  LR: 1.00e-03
2026-08-03 12:04:52,584 | [FULL    ] | INFO | full_experiments_using.model_trainers.mobile_vit_trainer |   ↳ new best AUROC; saved checkpoint: /home/oem/choihyunsu/VOGBasedMCIDetection/outputs/checkpoints/run_20260803_091255_full_wvote_artifact30_w0-5-10-10-0-10-20-20_strat_4err/fold_06_best.pth
2026-08-03 12:05:21,076 | [FULL    ] | INFO | full_experiments_using.model_trainers.mobile_vit_trainer | Ep [024/500] T-Acc:  57.9%  V-Acc:  58.3%  V-AUROC: 0.6136  LR: 1.00e-03
2026-08-03 12:05:21,285 | [FULL    ] | INFO | full_experiments_using.model_trainers.mobile_vit_trainer |   ↳ new best AUROC; saved checkpoint: /home/oem/choihyunsu/VOGBasedMCIDetection/outputs/checkpoints/run_20260803_091255_full_wvote_artifact30_w0-5-10-10-0-10-20-20_strat_4err/fold_06_best.pth
2026-08-03 12:05:49,818 | [FULL    ] | INFO | full_experiments_using.model_trainers.mobile_vit_trainer | Ep [025/500] T-Acc:  58.0%  V-Acc:  57.3%  V-AUROC: 0.6114  LR: 1.00e-03
2026-08-03 12:06:18,235 | [FULL    ] | INFO | full_experiments_using.model_trainers.mobile_vit_trainer | Ep [026/500] T-Acc:  57.5%  V-Acc:  57.0%  V-AUROC: 0.5986  LR: 1.00e-03
2026-08-03 12:06:46,977 | [FULL    ] | INFO | full_experiments_using.model_trainers.mobile_vit_trainer | Ep [027/500] T-Acc:  57.9%  V-Acc:  57.1%  V-AUROC: 0.6113  LR: 1.00e-03
2026-08-03 12:07:11,706 | [FULL    ] | INFO | full_experiments_using.model_trainers.mobile_vit_trainer | Ep [028/500] T-Acc:  58.3%  V-Acc:  55.9%  V-AUROC: 0.5870  LR: 1.00e-03
2026-08-03 12:07:36,464 | [FULL    ] | INFO | full_experiments_using.model_trainers.mobile_vit_trainer | Ep [029/500] T-Acc:  58.5%  V-Acc:  56.0%  V-AUROC: 0.5848  LR: 1.00e-03
2026-08-03 12:08:04,134 | [FULL    ] | INFO | full_experiments_using.model_trainers.mobile_vit_trainer | Ep [030/500] T-Acc:  58.3%  V-Acc:  57.3%  V-AUROC: 0.6011  LR: 1.00e-03
2026-08-03 12:08:32,736 | [FULL    ] | INFO | full_experiments_using.model_trainers.mobile_vit_trainer | Ep [031/500] T-Acc:  59.2%  V-Acc:  56.9%  V-AUROC: 0.6111  LR: 1.00e-03
2026-08-03 12:09:01,025 | [FULL    ] | INFO | full_experiments_using.model_trainers.mobile_vit_trainer | Ep [032/500] T-Acc:  58.6%  V-Acc:  57.9%  V-AUROC: 0.6129  LR: 1.00e-03
2026-08-03 12:09:29,554 | [FULL    ] | INFO | full_experiments_using.model_trainers.mobile_vit_trainer | Ep [033/500] T-Acc:  60.1%  V-Acc:  56.8%  V-AUROC: 0.6029  LR: 1.00e-03
2026-08-03 12:09:58,078 | [FULL    ] | INFO | full_experiments_using.model_trainers.mobile_vit_trainer | Ep [034/500] T-Acc:  58.3%  V-Acc:  57.5%  V-AUROC: 0.5983  LR: 1.00e-03
2026-08-03 12:10:26,508 | [FULL    ] | INFO | full_experiments_using.model_trainers.mobile_vit_trainer | Ep [035/500] T-Acc:  60.2%  V-Acc:  57.5%  V-AUROC: 0.6004  LR: 1.00e-03
2026-08-03 12:10:55,296 | [FULL    ] | INFO | full_experiments_using.model_trainers.mobile_vit_trainer | Ep [036/500] T-Acc:  60.1%  V-Acc:  57.7%  V-AUROC: 0.6015  LR: 2.00e-04
2026-08-03 12:11:23,919 | [FULL    ] | INFO | full_experiments_using.model_trainers.mobile_vit_trainer | Ep [037/500] T-Acc:  60.0%  V-Acc:  57.2%  V-AUROC: 0.6027  LR: 2.00e-04
2026-08-03 12:11:51,993 | [FULL    ] | INFO | full_experiments_using.model_trainers.mobile_vit_trainer | Ep [038/500] T-Acc:  60.1%  V-Acc:  58.0%  V-AUROC: 0.6155  LR: 2.00e-04
2026-08-03 12:11:52,113 | [FULL    ] | INFO | full_experiments_using.model_trainers.mobile_vit_trainer |   ↳ new best AUROC; saved checkpoint: /home/oem/choihyunsu/VOGBasedMCIDetection/outputs/checkpoints/run_20260803_091255_full_wvote_artifact30_w0-5-10-10-0-10-20-20_strat_4err/fold_06_best.pth
2026-08-03 12:12:19,050 | [FULL    ] | INFO | full_experiments_using.model_trainers.mobile_vit_trainer | Ep [039/500] T-Acc:  60.1%  V-Acc:  58.1%  V-AUROC: 0.6128  LR: 2.00e-04
2026-08-03 12:12:47,855 | [FULL    ] | INFO | full_experiments_using.model_trainers.mobile_vit_trainer | Ep [040/500] T-Acc:  59.9%  V-Acc:  57.8%  V-AUROC: 0.6025  LR: 2.00e-04
2026-08-03 12:13:16,178 | [FULL    ] | INFO | full_experiments_using.model_trainers.mobile_vit_trainer | Ep [041/500] T-Acc:  60.5%  V-Acc:  56.5%  V-AUROC: 0.6008  LR: 2.00e-04
2026-08-03 12:13:44,740 | [FULL    ] | INFO | full_experiments_using.model_trainers.mobile_vit_trainer | Ep [042/500] T-Acc:  61.6%  V-Acc:  57.5%  V-AUROC: 0.6051  LR: 2.00e-04
2026-08-03 12:14:13,124 | [FULL    ] | INFO | full_experiments_using.model_trainers.mobile_vit_trainer | Ep [043/500] T-Acc:  60.8%  V-Acc:  58.0%  V-AUROC: 0.6108  LR: 2.00e-04
2026-08-03 12:14:41,690 | [FULL    ] | INFO | full_experiments_using.model_trainers.mobile_vit_trainer | Ep [044/500] T-Acc:  59.2%  V-Acc:  56.8%  V-AUROC: 0.6199  LR: 2.00e-04
2026-08-03 12:14:41,824 | [FULL    ] | INFO | full_experiments_using.model_trainers.mobile_vit_trainer |   ↳ new best AUROC; saved checkpoint: /home/oem/choihyunsu/VOGBasedMCIDetection/outputs/checkpoints/run_20260803_091255_full_wvote_artifact30_w0-5-10-10-0-10-20-20_strat_4err/fold_06_best.pth
2026-08-03 12:15:09,930 | [FULL    ] | INFO | full_experiments_using.model_trainers.mobile_vit_trainer | Ep [045/500] T-Acc:  60.4%  V-Acc:  57.7%  V-AUROC: 0.6142  LR: 2.00e-04
2026-08-03 12:15:38,313 | [FULL    ] | INFO | full_experiments_using.model_trainers.mobile_vit_trainer | Ep [046/500] T-Acc:  59.1%  V-Acc:  57.0%  V-AUROC: 0.6110  LR: 2.00e-04
2026-08-03 12:16:06,960 | [FULL    ] | INFO | full_experiments_using.model_trainers.mobile_vit_trainer | Ep [047/500] T-Acc:  61.0%  V-Acc:  57.5%  V-AUROC: 0.6045  LR: 2.00e-04
2026-08-03 12:16:35,384 | [FULL    ] | INFO | full_experiments_using.model_trainers.mobile_vit_trainer | Ep [048/500] T-Acc:  60.1%  V-Acc:  57.2%  V-AUROC: 0.6048  LR: 2.00e-04
2026-08-03 12:17:03,784 | [FULL    ] | INFO | full_experiments_using.model_trainers.mobile_vit_trainer | Ep [049/500] T-Acc:  61.3%  V-Acc:  57.1%  V-AUROC: 0.6041  LR: 2.00e-04
2026-08-03 12:17:32,420 | [FULL    ] | INFO | full_experiments_using.model_trainers.mobile_vit_trainer | Ep [050/500] T-Acc:  60.6%  V-Acc:  56.9%  V-AUROC: 0.6047  LR: 2.00e-04
2026-08-03 12:18:00,983 | [FULL    ] | INFO | full_experiments_using.model_trainers.mobile_vit_trainer | Ep [051/500] T-Acc:  60.8%  V-Acc:  57.7%  V-AUROC: 0.6073  LR: 2.00e-04
2026-08-03 12:18:29,480 | [FULL    ] | INFO | full_experiments_using.model_trainers.mobile_vit_trainer | Ep [052/500] T-Acc:  60.4%  V-Acc:  56.8%  V-AUROC: 0.6062  LR: 2.00e-04
2026-08-03 12:18:58,173 | [FULL    ] | INFO | full_experiments_using.model_trainers.mobile_vit_trainer | Ep [053/500] T-Acc:  61.6%  V-Acc:  58.0%  V-AUROC: 0.6121  LR: 2.00e-04
2026-08-03 12:19:26,723 | [FULL    ] | INFO | full_experiments_using.model_trainers.mobile_vit_trainer | Ep [054/500] T-Acc:  61.1%  V-Acc:  58.2%  V-AUROC: 0.6116  LR: 2.00e-04
2026-08-03 12:19:55,258 | [FULL    ] | INFO | full_experiments_using.model_trainers.mobile_vit_trainer | Ep [055/500] T-Acc:  60.6%  V-Acc:  57.8%  V-AUROC: 0.6047  LR: 2.00e-04
2026-08-03 12:20:23,731 | [FULL    ] | INFO | full_experiments_using.model_trainers.mobile_vit_trainer | Ep [056/500] T-Acc:  61.0%  V-Acc:  57.9%  V-AUROC: 0.6118  LR: 4.00e-05
2026-08-03 12:20:52,287 | [FULL    ] | INFO | full_experiments_using.model_trainers.mobile_vit_trainer | Ep [057/500] T-Acc:  59.8%  V-Acc:  57.8%  V-AUROC: 0.6122  LR: 4.00e-05
2026-08-03 12:21:20,923 | [FULL    ] | INFO | full_experiments_using.model_trainers.mobile_vit_trainer | Ep [058/500] T-Acc:  59.1%  V-Acc:  56.9%  V-AUROC: 0.6069  LR: 4.00e-05
2026-08-03 12:21:49,459 | [FULL    ] | INFO | full_experiments_using.model_trainers.mobile_vit_trainer | Ep [059/500] T-Acc:  59.9%  V-Acc:  57.4%  V-AUROC: 0.6096  LR: 4.00e-05
2026-08-03 12:22:17,723 | [FULL    ] | INFO | full_experiments_using.model_trainers.mobile_vit_trainer | Ep [060/500] T-Acc:  60.5%  V-Acc:  57.3%  V-AUROC: 0.6094  LR: 4.00e-05
2026-08-03 12:22:46,107 | [FULL    ] | INFO | full_experiments_using.model_trainers.mobile_vit_trainer | Ep [061/500] T-Acc:  60.2%  V-Acc:  58.4%  V-AUROC: 0.6101  LR: 4.00e-05
2026-08-03 12:23:12,502 | [FULL    ] | INFO | full_experiments_using.model_trainers.mobile_vit_trainer | Ep [062/500] T-Acc:  60.2%  V-Acc:  56.8%  V-AUROC: 0.6076  LR: 4.00e-05
2026-08-03 12:23:40,976 | [FULL    ] | INFO | full_experiments_using.model_trainers.mobile_vit_trainer | Ep [063/500] T-Acc:  59.8%  V-Acc:  57.6%  V-AUROC: 0.6121  LR: 4.00e-05
2026-08-03 12:24:09,354 | [FULL    ] | INFO | full_experiments_using.model_trainers.mobile_vit_trainer | Ep [064/500] T-Acc:  59.6%  V-Acc:  57.8%  V-AUROC: 0.6097  LR: 4.00e-05
2026-08-03 12:24:37,970 | [FULL    ] | INFO | full_experiments_using.model_trainers.mobile_vit_trainer | Ep [065/500] T-Acc:  61.7%  V-Acc:  57.0%  V-AUROC: 0.6114  LR: 4.00e-05
2026-08-03 12:25:06,410 | [FULL    ] | INFO | full_experiments_using.model_trainers.mobile_vit_trainer | Ep [066/500] T-Acc:  59.9%  V-Acc:  57.3%  V-AUROC: 0.6106  LR: 4.00e-05
2026-08-03 12:25:34,743 | [FULL    ] | INFO | full_experiments_using.model_trainers.mobile_vit_trainer | Ep [067/500] T-Acc:  60.8%  V-Acc:  57.5%  V-AUROC: 0.6076  LR: 8.00e-06
2026-08-03 12:26:02,777 | [FULL    ] | INFO | full_experiments_using.model_trainers.mobile_vit_trainer | Ep [068/500] T-Acc:  60.4%  V-Acc:  57.8%  V-AUROC: 0.6106  LR: 8.00e-06
2026-08-03 12:26:29,587 | [FULL    ] | INFO | full_experiments_using.model_trainers.mobile_vit_trainer | Ep [069/500] T-Acc:  60.6%  V-Acc:  57.6%  V-AUROC: 0.6066  LR: 8.00e-06
2026-08-03 12:26:57,873 | [FULL    ] | INFO | full_experiments_using.model_trainers.mobile_vit_trainer | Ep [070/500] T-Acc:  61.1%  V-Acc:  57.7%  V-AUROC: 0.6107  LR: 8.00e-06
2026-08-03 12:27:26,455 | [FULL    ] | INFO | full_experiments_using.model_trainers.mobile_vit_trainer | Ep [071/500] T-Acc:  61.7%  V-Acc:  57.8%  V-AUROC: 0.6086  LR: 8.00e-06
2026-08-03 12:27:55,193 | [FULL    ] | INFO | full_experiments_using.model_trainers.mobile_vit_trainer | Ep [072/500] T-Acc:  60.3%  V-Acc:  57.3%  V-AUROC: 0.6097  LR: 8.00e-06
2026-08-03 12:28:23,784 | [FULL    ] | INFO | full_experiments_using.model_trainers.mobile_vit_trainer | Ep [073/500] T-Acc:  60.5%  V-Acc:  57.9%  V-AUROC: 0.6079  LR: 8.00e-06
2026-08-03 12:28:52,155 | [FULL    ] | INFO | full_experiments_using.model_trainers.mobile_vit_trainer | Ep [074/500] T-Acc:  61.1%  V-Acc:  57.6%  V-AUROC: 0.6105  LR: 8.00e-06
2026-08-03 12:28:52,155 | [FULL    ] | INFO | full_experiments_using.model_trainers.mobile_vit_trainer | Early stop — best AUROC 0.6199 at epoch 44 (no improvement for 30 epochs)
2026-08-03 12:28:52,155 | [FULL    ] | INFO | full_experiments_using.model_trainers.mobile_vit_trainer | Done. Best AUROC: 0.6199 (epoch 44) → /home/oem/choihyunsu/VOGBasedMCIDetection/outputs/checkpoints/run_20260803_091255_full_wvote_artifact30_w0-5-10-10-0-10-20-20_strat_4err/fold_06_best.pth
2026-08-03 12:29:01,246 | [FULL    ] | INFO | full_experiments_using.evaluators.monte_carlo_evaluator | -> Fold 07 Result | Acc=0.700 Sens=0.833 Spec=0.500 AUROC=0.917
2026-08-03 12:29:01,260 | [FULL    ] | INFO | full_experiments_using.evaluators.monte_carlo_evaluator | === Fold 08/30 | train: 25 subj (HC=10 MCI=15) / 3889 win | test: 12 subj (HC=4 MCI=8) / 1826 win ===
2026-08-03 12:29:01,570 | [FULL    ] | INFO | httpx | HTTP Request: HEAD https://huggingface.co/apple/mobilevit-small/resolve/main/config.json "HTTP/1.1 307 Temporary Redirect"
2026-08-03 12:29:01,593 | [FULL    ] | INFO | httpx | HTTP Request: HEAD https://huggingface.co/api/resolve-cache/models/apple/mobilevit-small/6c8612545dc98676d27bc518fa521d9e9af23e34/config.json "HTTP/1.1 200 OK"
2026-08-03 12:29:01,890 | [FULL    ] | INFO | httpx | HTTP Request: HEAD https://huggingface.co/apple/mobilevit-small/resolve/main/model.safetensors "HTTP/1.1 404 Not Found"
2026-08-03 12:29:02,104 | [FULL    ] | INFO | httpx | HTTP Request: HEAD https://huggingface.co/apple/mobilevit-small/resolve/main/model.safetensors.index.json "HTTP/1.1 404 Not Found"
2026-08-03 12:29:02,323 | [FULL    ] | INFO | httpx | HTTP Request: HEAD https://huggingface.co/apple/mobilevit-small/resolve/main/pytorch_model.bin "HTTP/1.1 302 Found"
2026-08-03 12:29:02,586 | [FULL    ] | INFO | httpx | HTTP Request: HEAD https://huggingface.co/apple/mobilevit-small/resolve/main/model.safetensors "HTTP/1.1 404 Not Found"
2026-08-03 12:29:02,804 | [FULL    ] | INFO | httpx | HTTP Request: GET https://huggingface.co/api/models/apple/mobilevit-small "HTTP/1.1 200 OK"
2026-08-03 12:29:03,122 | [FULL    ] | INFO | httpx | HTTP Request: GET https://huggingface.co/api/models/apple/mobilevit-small/commits/main "HTTP/1.1 200 OK"
2026-08-03 12:29:03,344 | [FULL    ] | INFO | httpx | HTTP Request: GET https://huggingface.co/api/models/apple/mobilevit-small/discussions?p=0 "HTTP/1.1 200 OK"
2026-08-03 12:29:03,580 | [FULL    ] | INFO | httpx | HTTP Request: GET https://huggingface.co/api/models/apple/mobilevit-small/commits/refs%2Fpr%2F6 "HTTP/1.1 200 OK"
2026-08-03 12:29:03,792 | [FULL    ] | INFO | httpx | HTTP Request: HEAD https://huggingface.co/apple/mobilevit-small/resolve/refs%2Fpr%2F6/model.safetensors.index.json "HTTP/1.1 404 Not Found"
2026-08-03 12:29:04,006 | [FULL    ] | INFO | httpx | HTTP Request: HEAD https://huggingface.co/apple/mobilevit-small/resolve/refs%2Fpr%2F6/model.safetensors "HTTP/1.1 302 Found"
2026-08-03 12:29:04,730 | [FULL    ] | INFO | full_experiments_using.model_trainers.mobile_vit_trainer | Device: cuda | max_epochs=500 | batch=32 | eval_batch=256 | es_patience=30
2026-08-03 12:29:04,745 | [FULL    ] | INFO | full_experiments_using.model_trainers.mobile_vit_trainer | CE weights — HC: 1.086  MCI: 0.926
2026-08-03 12:29:41,640 | [FULL    ] | INFO | full_experiments_using.model_trainers.mobile_vit_trainer | Ep [001/500] T-Acc:  50.8%  V-Acc:  52.5%  V-AUROC: 0.5145  LR: 2.00e-04
2026-08-03 12:29:41,707 | [FULL    ] | INFO | full_experiments_using.model_trainers.mobile_vit_trainer |   ↳ new best AUROC; saved checkpoint: /home/oem/choihyunsu/VOGBasedMCIDetection/outputs/checkpoints/run_20260803_091255_full_wvote_artifact30_w0-5-10-10-0-10-20-20_strat_4err/fold_07_best.pth
2026-08-03 12:30:09,784 | [FULL    ] | INFO | full_experiments_using.model_trainers.mobile_vit_trainer | Ep [002/500] T-Acc:  50.9%  V-Acc:  52.6%  V-AUROC: 0.5122  LR: 4.00e-04
2026-08-03 12:30:38,144 | [FULL    ] | INFO | full_experiments_using.model_trainers.mobile_vit_trainer | Ep [003/500] T-Acc:  51.6%  V-Acc:  52.8%  V-AUROC: 0.5088  LR: 6.00e-04
2026-08-03 12:31:04,382 | [FULL    ] | INFO | full_experiments_using.model_trainers.mobile_vit_trainer | Ep [004/500] T-Acc:  53.0%  V-Acc:  52.2%  V-AUROC: 0.5072  LR: 8.00e-04
2026-08-03 12:31:32,133 | [FULL    ] | INFO | full_experiments_using.model_trainers.mobile_vit_trainer | Ep [005/500] T-Acc:  56.0%  V-Acc:  51.7%  V-AUROC: 0.4967  LR: 1.00e-03
2026-08-03 12:31:59,024 | [FULL    ] | INFO | full_experiments_using.model_trainers.mobile_vit_trainer | Ep [006/500] T-Acc:  56.0%  V-Acc:  51.5%  V-AUROC: 0.5030  LR: 1.00e-03
2026-08-03 12:32:27,239 | [FULL    ] | INFO | full_experiments_using.model_trainers.mobile_vit_trainer | Ep [007/500] T-Acc:  54.7%  V-Acc:  49.6%  V-AUROC: 0.5015  LR: 1.00e-03
2026-08-03 12:32:55,383 | [FULL    ] | INFO | full_experiments_using.model_trainers.mobile_vit_trainer | Ep [008/500] T-Acc:  55.9%  V-Acc:  49.7%  V-AUROC: 0.4866  LR: 1.00e-03
2026-08-03 12:33:23,837 | [FULL    ] | INFO | full_experiments_using.model_trainers.mobile_vit_trainer | Ep [009/500] T-Acc:  56.7%  V-Acc:  48.2%  V-AUROC: 0.4825  LR: 1.00e-03
2026-08-03 12:33:51,844 | [FULL    ] | INFO | full_experiments_using.model_trainers.mobile_vit_trainer | Ep [010/500] T-Acc:  57.2%  V-Acc:  51.0%  V-AUROC: 0.5010  LR: 1.00e-03
2026-08-03 12:34:20,032 | [FULL    ] | INFO | full_experiments_using.model_trainers.mobile_vit_trainer | Ep [011/500] T-Acc:  57.5%  V-Acc:  48.6%  V-AUROC: 0.4833  LR: 1.00e-03
2026-08-03 12:34:48,429 | [FULL    ] | INFO | full_experiments_using.model_trainers.mobile_vit_trainer | Ep [012/500] T-Acc:  59.7%  V-Acc:  48.8%  V-AUROC: 0.4833  LR: 1.00e-03
2026-08-03 12:35:16,840 | [FULL    ] | INFO | full_experiments_using.model_trainers.mobile_vit_trainer | Ep [013/500] T-Acc:  59.2%  V-Acc:  48.1%  V-AUROC: 0.4793  LR: 1.00e-03
2026-08-03 12:35:45,023 | [FULL    ] | INFO | full_experiments_using.model_trainers.mobile_vit_trainer | Ep [014/500] T-Acc:  59.3%  V-Acc:  47.9%  V-AUROC: 0.4784  LR: 1.00e-03
2026-08-03 12:36:13,358 | [FULL    ] | INFO | full_experiments_using.model_trainers.mobile_vit_trainer | Ep [015/500] T-Acc:  60.0%  V-Acc:  47.6%  V-AUROC: 0.4689  LR: 1.00e-03
2026-08-03 12:36:41,534 | [FULL    ] | INFO | full_experiments_using.model_trainers.mobile_vit_trainer | Ep [016/500] T-Acc:  60.6%  V-Acc:  49.1%  V-AUROC: 0.4866  LR: 1.00e-03
2026-08-03 12:37:09,777 | [FULL    ] | INFO | full_experiments_using.model_trainers.mobile_vit_trainer | Ep [017/500] T-Acc:  61.4%  V-Acc:  48.1%  V-AUROC: 0.4832  LR: 1.00e-03
2026-08-03 12:37:38,428 | [FULL    ] | INFO | full_experiments_using.model_trainers.mobile_vit_trainer | Ep [018/500] T-Acc:  61.0%  V-Acc:  49.5%  V-AUROC: 0.4797  LR: 2.00e-04
2026-08-03 12:38:06,693 | [FULL    ] | INFO | full_experiments_using.model_trainers.mobile_vit_trainer | Ep [019/500] T-Acc:  61.6%  V-Acc:  48.2%  V-AUROC: 0.4785  LR: 2.00e-04
2026-08-03 12:38:34,901 | [FULL    ] | INFO | full_experiments_using.model_trainers.mobile_vit_trainer | Ep [020/500] T-Acc:  62.2%  V-Acc:  49.1%  V-AUROC: 0.4827  LR: 2.00e-04
2026-08-03 12:39:03,173 | [FULL    ] | INFO | full_experiments_using.model_trainers.mobile_vit_trainer | Ep [021/500] T-Acc:  61.6%  V-Acc:  48.8%  V-AUROC: 0.4858  LR: 2.00e-04
2026-08-03 12:39:31,645 | [FULL    ] | INFO | full_experiments_using.model_trainers.mobile_vit_trainer | Ep [022/500] T-Acc:  61.9%  V-Acc:  48.0%  V-AUROC: 0.4835  LR: 2.00e-04
2026-08-03 12:40:00,011 | [FULL    ] | INFO | full_experiments_using.model_trainers.mobile_vit_trainer | Ep [023/500] T-Acc:  61.9%  V-Acc:  48.8%  V-AUROC: 0.4815  LR: 2.00e-04
2026-08-03 12:40:28,254 | [FULL    ] | INFO | full_experiments_using.model_trainers.mobile_vit_trainer | Ep [024/500] T-Acc:  62.2%  V-Acc:  47.6%  V-AUROC: 0.4787  LR: 2.00e-04
2026-08-03 12:40:56,797 | [FULL    ] | INFO | full_experiments_using.model_trainers.mobile_vit_trainer | Ep [025/500] T-Acc:  62.0%  V-Acc:  48.7%  V-AUROC: 0.4822  LR: 2.00e-04
2026-08-03 12:41:25,322 | [FULL    ] | INFO | full_experiments_using.model_trainers.mobile_vit_trainer | Ep [026/500] T-Acc:  63.0%  V-Acc:  49.1%  V-AUROC: 0.4836  LR: 2.00e-04
2026-08-03 12:41:53,526 | [FULL    ] | INFO | full_experiments_using.model_trainers.mobile_vit_trainer | Ep [027/500] T-Acc:  62.5%  V-Acc:  49.5%  V-AUROC: 0.4845  LR: 2.00e-04
2026-08-03 12:42:21,723 | [FULL    ] | INFO | full_experiments_using.model_trainers.mobile_vit_trainer | Ep [028/500] T-Acc:  63.1%  V-Acc:  49.2%  V-AUROC: 0.4870  LR: 2.00e-04
2026-08-03 12:42:50,218 | [FULL    ] | INFO | full_experiments_using.model_trainers.mobile_vit_trainer | Ep [029/500] T-Acc:  62.7%  V-Acc:  49.5%  V-AUROC: 0.4866  LR: 4.00e-05
2026-08-03 12:43:18,770 | [FULL    ] | INFO | full_experiments_using.model_trainers.mobile_vit_trainer | Ep [030/500] T-Acc:  63.1%  V-Acc:  49.2%  V-AUROC: 0.4855  LR: 4.00e-05
2026-08-03 12:43:47,104 | [FULL    ] | INFO | full_experiments_using.model_trainers.mobile_vit_trainer | Ep [031/500] T-Acc:  63.9%  V-Acc:  48.8%  V-AUROC: 0.4851  LR: 4.00e-05
2026-08-03 12:43:47,104 | [FULL    ] | INFO | full_experiments_using.model_trainers.mobile_vit_trainer | Early stop — best AUROC 0.5145 at epoch 1 (no improvement for 30 epochs)
2026-08-03 12:43:47,104 | [FULL    ] | INFO | full_experiments_using.model_trainers.mobile_vit_trainer | Done. Best AUROC: 0.5145 (epoch 1) → /home/oem/choihyunsu/VOGBasedMCIDetection/outputs/checkpoints/run_20260803_091255_full_wvote_artifact30_w0-5-10-10-0-10-20-20_strat_4err/fold_07_best.pth
2026-08-03 12:43:56,198 | [FULL    ] | INFO | full_experiments_using.evaluators.monte_carlo_evaluator | -> Fold 08 Result | Acc=0.455 Sens=0.375 Spec=0.667 AUROC=0.625
2026-08-03 12:43:56,248 | [FULL    ] | INFO | full_experiments_using.evaluators.monte_carlo_evaluator | === Fold 09/30 | train: 25 subj (HC=10 MCI=15) / 3891 win | test: 12 subj (HC=4 MCI=8) / 1824 win ===
2026-08-03 12:43:56,489 | [FULL    ] | INFO | httpx | HTTP Request: HEAD https://huggingface.co/apple/mobilevit-small/resolve/main/config.json "HTTP/1.1 307 Temporary Redirect"
2026-08-03 12:43:56,501 | [FULL    ] | INFO | httpx | HTTP Request: HEAD https://huggingface.co/api/resolve-cache/models/apple/mobilevit-small/6c8612545dc98676d27bc518fa521d9e9af23e34/config.json "HTTP/1.1 200 OK"
2026-08-03 12:43:56,768 | [FULL    ] | INFO | httpx | HTTP Request: HEAD https://huggingface.co/apple/mobilevit-small/resolve/main/model.safetensors "HTTP/1.1 404 Not Found"
2026-08-03 12:43:56,980 | [FULL    ] | INFO | httpx | HTTP Request: HEAD https://huggingface.co/apple/mobilevit-small/resolve/main/model.safetensors.index.json "HTTP/1.1 404 Not Found"
2026-08-03 12:43:57,187 | [FULL    ] | INFO | httpx | HTTP Request: HEAD https://huggingface.co/apple/mobilevit-small/resolve/main/pytorch_model.bin "HTTP/1.1 302 Found"
2026-08-03 12:43:57,414 | [FULL    ] | INFO | httpx | HTTP Request: HEAD https://huggingface.co/apple/mobilevit-small/resolve/main/model.safetensors "HTTP/1.1 404 Not Found"
2026-08-03 12:43:57,625 | [FULL    ] | INFO | httpx | HTTP Request: GET https://huggingface.co/api/models/apple/mobilevit-small "HTTP/1.1 200 OK"
2026-08-03 12:43:57,839 | [FULL    ] | INFO | httpx | HTTP Request: GET https://huggingface.co/api/models/apple/mobilevit-small/commits/main "HTTP/1.1 200 OK"
2026-08-03 12:43:58,065 | [FULL    ] | INFO | httpx | HTTP Request: GET https://huggingface.co/api/models/apple/mobilevit-small/discussions?p=0 "HTTP/1.1 200 OK"
2026-08-03 12:43:58,288 | [FULL    ] | INFO | httpx | HTTP Request: GET https://huggingface.co/api/models/apple/mobilevit-small/commits/refs%2Fpr%2F6 "HTTP/1.1 200 OK"
2026-08-03 12:43:58,495 | [FULL    ] | INFO | httpx | HTTP Request: HEAD https://huggingface.co/apple/mobilevit-small/resolve/refs%2Fpr%2F6/model.safetensors.index.json "HTTP/1.1 404 Not Found"
2026-08-03 12:43:58,706 | [FULL    ] | INFO | httpx | HTTP Request: HEAD https://huggingface.co/apple/mobilevit-small/resolve/refs%2Fpr%2F6/model.safetensors "HTTP/1.1 302 Found"
2026-08-03 12:43:59,370 | [FULL    ] | INFO | full_experiments_using.model_trainers.mobile_vit_trainer | Device: cuda | max_epochs=500 | batch=32 | eval_batch=256 | es_patience=30
2026-08-03 12:43:59,381 | [FULL    ] | INFO | full_experiments_using.model_trainers.mobile_vit_trainer | CE weights — HC: 1.105  MCI: 0.913
2026-08-03 12:44:27,643 | [FULL    ] | INFO | full_experiments_using.model_trainers.mobile_vit_trainer | Ep [001/500] T-Acc:  48.5%  V-Acc:  47.6%  V-AUROC: 0.4785  LR: 2.00e-04
2026-08-03 12:44:27,730 | [FULL    ] | INFO | full_experiments_using.model_trainers.mobile_vit_trainer |   ↳ new best AUROC; saved checkpoint: /home/oem/choihyunsu/VOGBasedMCIDetection/outputs/checkpoints/run_20260803_091255_full_wvote_artifact30_w0-5-10-10-0-10-20-20_strat_4err/fold_08_best.pth
2026-08-03 12:44:56,138 | [FULL    ] | INFO | full_experiments_using.model_trainers.mobile_vit_trainer | Ep [002/500] T-Acc:  48.7%  V-Acc:  49.7%  V-AUROC: 0.4852  LR: 4.00e-04
2026-08-03 12:44:56,284 | [FULL    ] | INFO | full_experiments_using.model_trainers.mobile_vit_trainer |   ↳ new best AUROC; saved checkpoint: /home/oem/choihyunsu/VOGBasedMCIDetection/outputs/checkpoints/run_20260803_091255_full_wvote_artifact30_w0-5-10-10-0-10-20-20_strat_4err/fold_08_best.pth
2026-08-03 12:45:24,468 | [FULL    ] | INFO | full_experiments_using.model_trainers.mobile_vit_trainer | Ep [003/500] T-Acc:  48.6%  V-Acc:  50.6%  V-AUROC: 0.5038  LR: 6.00e-04
2026-08-03 12:45:24,655 | [FULL    ] | INFO | full_experiments_using.model_trainers.mobile_vit_trainer |   ↳ new best AUROC; saved checkpoint: /home/oem/choihyunsu/VOGBasedMCIDetection/outputs/checkpoints/run_20260803_091255_full_wvote_artifact30_w0-5-10-10-0-10-20-20_strat_4err/fold_08_best.pth
2026-08-03 12:45:53,008 | [FULL    ] | INFO | full_experiments_using.model_trainers.mobile_vit_trainer | Ep [004/500] T-Acc:  52.0%  V-Acc:  50.1%  V-AUROC: 0.5140  LR: 8.00e-04
2026-08-03 12:45:53,138 | [FULL    ] | INFO | full_experiments_using.model_trainers.mobile_vit_trainer |   ↳ new best AUROC; saved checkpoint: /home/oem/choihyunsu/VOGBasedMCIDetection/outputs/checkpoints/run_20260803_091255_full_wvote_artifact30_w0-5-10-10-0-10-20-20_strat_4err/fold_08_best.pth
2026-08-03 12:46:21,123 | [FULL    ] | INFO | full_experiments_using.model_trainers.mobile_vit_trainer | Ep [005/500] T-Acc:  53.2%  V-Acc:  50.6%  V-AUROC: 0.5335  LR: 1.00e-03
2026-08-03 12:46:21,306 | [FULL    ] | INFO | full_experiments_using.model_trainers.mobile_vit_trainer |   ↳ new best AUROC; saved checkpoint: /home/oem/choihyunsu/VOGBasedMCIDetection/outputs/checkpoints/run_20260803_091255_full_wvote_artifact30_w0-5-10-10-0-10-20-20_strat_4err/fold_08_best.pth
2026-08-03 12:46:49,457 | [FULL    ] | INFO | full_experiments_using.model_trainers.mobile_vit_trainer | Ep [006/500] T-Acc:  54.0%  V-Acc:  51.7%  V-AUROC: 0.5456  LR: 1.00e-03
2026-08-03 12:46:49,648 | [FULL    ] | INFO | full_experiments_using.model_trainers.mobile_vit_trainer |   ↳ new best AUROC; saved checkpoint: /home/oem/choihyunsu/VOGBasedMCIDetection/outputs/checkpoints/run_20260803_091255_full_wvote_artifact30_w0-5-10-10-0-10-20-20_strat_4err/fold_08_best.pth
2026-08-03 12:47:18,010 | [FULL    ] | INFO | full_experiments_using.model_trainers.mobile_vit_trainer | Ep [007/500] T-Acc:  54.6%  V-Acc:  51.7%  V-AUROC: 0.5478  LR: 1.00e-03
2026-08-03 12:47:18,219 | [FULL    ] | INFO | full_experiments_using.model_trainers.mobile_vit_trainer |   ↳ new best AUROC; saved checkpoint: /home/oem/choihyunsu/VOGBasedMCIDetection/outputs/checkpoints/run_20260803_091255_full_wvote_artifact30_w0-5-10-10-0-10-20-20_strat_4err/fold_08_best.pth
2026-08-03 12:47:46,495 | [FULL    ] | INFO | full_experiments_using.model_trainers.mobile_vit_trainer | Ep [008/500] T-Acc:  54.2%  V-Acc:  53.1%  V-AUROC: 0.5496  LR: 1.00e-03
2026-08-03 12:47:46,577 | [FULL    ] | INFO | full_experiments_using.model_trainers.mobile_vit_trainer |   ↳ new best AUROC; saved checkpoint: /home/oem/choihyunsu/VOGBasedMCIDetection/outputs/checkpoints/run_20260803_091255_full_wvote_artifact30_w0-5-10-10-0-10-20-20_strat_4err/fold_08_best.pth
2026-08-03 12:48:15,055 | [FULL    ] | INFO | full_experiments_using.model_trainers.mobile_vit_trainer | Ep [009/500] T-Acc:  54.4%  V-Acc:  54.1%  V-AUROC: 0.5609  LR: 1.00e-03
2026-08-03 12:48:15,261 | [FULL    ] | INFO | full_experiments_using.model_trainers.mobile_vit_trainer |   ↳ new best AUROC; saved checkpoint: /home/oem/choihyunsu/VOGBasedMCIDetection/outputs/checkpoints/run_20260803_091255_full_wvote_artifact30_w0-5-10-10-0-10-20-20_strat_4err/fold_08_best.pth
2026-08-03 12:48:43,589 | [FULL    ] | INFO | full_experiments_using.model_trainers.mobile_vit_trainer | Ep [010/500] T-Acc:  55.4%  V-Acc:  52.0%  V-AUROC: 0.5593  LR: 1.00e-03
2026-08-03 12:49:11,925 | [FULL    ] | INFO | full_experiments_using.model_trainers.mobile_vit_trainer | Ep [011/500] T-Acc:  55.8%  V-Acc:  53.0%  V-AUROC: 0.5589  LR: 1.00e-03
2026-08-03 12:49:40,269 | [FULL    ] | INFO | full_experiments_using.model_trainers.mobile_vit_trainer | Ep [012/500] T-Acc:  56.3%  V-Acc:  52.6%  V-AUROC: 0.5577  LR: 1.00e-03
2026-08-03 12:50:08,501 | [FULL    ] | INFO | full_experiments_using.model_trainers.mobile_vit_trainer | Ep [013/500] T-Acc:  57.0%  V-Acc:  53.4%  V-AUROC: 0.5744  LR: 1.00e-03
2026-08-03 12:50:08,634 | [FULL    ] | INFO | full_experiments_using.model_trainers.mobile_vit_trainer |   ↳ new best AUROC; saved checkpoint: /home/oem/choihyunsu/VOGBasedMCIDetection/outputs/checkpoints/run_20260803_091255_full_wvote_artifact30_w0-5-10-10-0-10-20-20_strat_4err/fold_08_best.pth
2026-08-03 12:50:37,095 | [FULL    ] | INFO | full_experiments_using.model_trainers.mobile_vit_trainer | Ep [014/500] T-Acc:  58.9%  V-Acc:  54.2%  V-AUROC: 0.5755  LR: 1.00e-03
2026-08-03 12:50:37,216 | [FULL    ] | INFO | full_experiments_using.model_trainers.mobile_vit_trainer |   ↳ new best AUROC; saved checkpoint: /home/oem/choihyunsu/VOGBasedMCIDetection/outputs/checkpoints/run_20260803_091255_full_wvote_artifact30_w0-5-10-10-0-10-20-20_strat_4err/fold_08_best.pth
2026-08-03 12:51:05,442 | [FULL    ] | INFO | full_experiments_using.model_trainers.mobile_vit_trainer | Ep [015/500] T-Acc:  57.5%  V-Acc:  54.8%  V-AUROC: 0.5742  LR: 1.00e-03
2026-08-03 12:51:33,639 | [FULL    ] | INFO | full_experiments_using.model_trainers.mobile_vit_trainer | Ep [016/500] T-Acc:  58.3%  V-Acc:  54.7%  V-AUROC: 0.5700  LR: 1.00e-03
2026-08-03 12:52:02,124 | [FULL    ] | INFO | full_experiments_using.model_trainers.mobile_vit_trainer | Ep [017/500] T-Acc:  59.7%  V-Acc:  54.8%  V-AUROC: 0.5821  LR: 1.00e-03
2026-08-03 12:52:02,238 | [FULL    ] | INFO | full_experiments_using.model_trainers.mobile_vit_trainer |   ↳ new best AUROC; saved checkpoint: /home/oem/choihyunsu/VOGBasedMCIDetection/outputs/checkpoints/run_20260803_091255_full_wvote_artifact30_w0-5-10-10-0-10-20-20_strat_4err/fold_08_best.pth
2026-08-03 12:52:26,933 | [FULL    ] | INFO | full_experiments_using.model_trainers.mobile_vit_trainer | Ep [018/500] T-Acc:  60.1%  V-Acc:  54.1%  V-AUROC: 0.5809  LR: 1.00e-03
2026-08-03 12:52:53,161 | [FULL    ] | INFO | full_experiments_using.model_trainers.mobile_vit_trainer | Ep [019/500] T-Acc:  59.6%  V-Acc:  55.8%  V-AUROC: 0.5878  LR: 1.00e-03
2026-08-03 12:52:53,279 | [FULL    ] | INFO | full_experiments_using.model_trainers.mobile_vit_trainer |   ↳ new best AUROC; saved checkpoint: /home/oem/choihyunsu/VOGBasedMCIDetection/outputs/checkpoints/run_20260803_091255_full_wvote_artifact30_w0-5-10-10-0-10-20-20_strat_4err/fold_08_best.pth
2026-08-03 12:53:20,378 | [FULL    ] | INFO | full_experiments_using.model_trainers.mobile_vit_trainer | Ep [020/500] T-Acc:  59.0%  V-Acc:  54.5%  V-AUROC: 0.5774  LR: 1.00e-03
2026-08-03 12:53:48,422 | [FULL    ] | INFO | full_experiments_using.model_trainers.mobile_vit_trainer | Ep [021/500] T-Acc:  60.6%  V-Acc:  55.1%  V-AUROC: 0.5866  LR: 1.00e-03
2026-08-03 12:54:16,797 | [FULL    ] | INFO | full_experiments_using.model_trainers.mobile_vit_trainer | Ep [022/500] T-Acc:  61.4%  V-Acc:  53.9%  V-AUROC: 0.5760  LR: 1.00e-03
2026-08-03 12:54:44,952 | [FULL    ] | INFO | full_experiments_using.model_trainers.mobile_vit_trainer | Ep [023/500] T-Acc:  58.9%  V-Acc:  52.5%  V-AUROC: 0.5697  LR: 1.00e-03
2026-08-03 12:55:13,506 | [FULL    ] | INFO | full_experiments_using.model_trainers.mobile_vit_trainer | Ep [024/500] T-Acc:  59.7%  V-Acc:  53.5%  V-AUROC: 0.5721  LR: 1.00e-03
2026-08-03 12:55:41,643 | [FULL    ] | INFO | full_experiments_using.model_trainers.mobile_vit_trainer | Ep [025/500] T-Acc:  59.9%  V-Acc:  53.7%  V-AUROC: 0.5793  LR: 1.00e-03
2026-08-03 12:56:09,675 | [FULL    ] | INFO | full_experiments_using.model_trainers.mobile_vit_trainer | Ep [026/500] T-Acc:  61.1%  V-Acc:  54.2%  V-AUROC: 0.5661  LR: 1.00e-03
2026-08-03 12:56:37,790 | [FULL    ] | INFO | full_experiments_using.model_trainers.mobile_vit_trainer | Ep [027/500] T-Acc:  60.8%  V-Acc:  53.9%  V-AUROC: 0.5778  LR: 1.00e-03
2026-08-03 12:57:06,245 | [FULL    ] | INFO | full_experiments_using.model_trainers.mobile_vit_trainer | Ep [028/500] T-Acc:  61.4%  V-Acc:  52.7%  V-AUROC: 0.5740  LR: 1.00e-03
2026-08-03 12:57:34,569 | [FULL    ] | INFO | full_experiments_using.model_trainers.mobile_vit_trainer | Ep [029/500] T-Acc:  61.6%  V-Acc:  54.8%  V-AUROC: 0.5879  LR: 1.00e-03
2026-08-03 12:57:34,770 | [FULL    ] | INFO | full_experiments_using.model_trainers.mobile_vit_trainer |   ↳ new best AUROC; saved checkpoint: /home/oem/choihyunsu/VOGBasedMCIDetection/outputs/checkpoints/run_20260803_091255_full_wvote_artifact30_w0-5-10-10-0-10-20-20_strat_4err/fold_08_best.pth
2026-08-03 12:58:00,940 | [FULL    ] | INFO | full_experiments_using.model_trainers.mobile_vit_trainer | Ep [030/500] T-Acc:  61.4%  V-Acc:  54.8%  V-AUROC: 0.5904  LR: 1.00e-03
2026-08-03 12:58:01,094 | [FULL    ] | INFO | full_experiments_using.model_trainers.mobile_vit_trainer |   ↳ new best AUROC; saved checkpoint: /home/oem/choihyunsu/VOGBasedMCIDetection/outputs/checkpoints/run_20260803_091255_full_wvote_artifact30_w0-5-10-10-0-10-20-20_strat_4err/fold_08_best.pth
2026-08-03 12:58:28,665 | [FULL    ] | INFO | full_experiments_using.model_trainers.mobile_vit_trainer | Ep [031/500] T-Acc:  61.7%  V-Acc:  53.5%  V-AUROC: 0.5853  LR: 1.00e-03
2026-08-03 12:58:55,817 | [FULL    ] | INFO | full_experiments_using.model_trainers.mobile_vit_trainer | Ep [032/500] T-Acc:  61.4%  V-Acc:  54.9%  V-AUROC: 0.5942  LR: 1.00e-03
2026-08-03 12:58:55,988 | [FULL    ] | INFO | full_experiments_using.model_trainers.mobile_vit_trainer |   ↳ new best AUROC; saved checkpoint: /home/oem/choihyunsu/VOGBasedMCIDetection/outputs/checkpoints/run_20260803_091255_full_wvote_artifact30_w0-5-10-10-0-10-20-20_strat_4err/fold_08_best.pth
2026-08-03 12:59:24,234 | [FULL    ] | INFO | full_experiments_using.model_trainers.mobile_vit_trainer | Ep [033/500] T-Acc:  61.9%  V-Acc:  54.7%  V-AUROC: 0.5833  LR: 1.00e-03
2026-08-03 12:59:52,592 | [FULL    ] | INFO | full_experiments_using.model_trainers.mobile_vit_trainer | Ep [034/500] T-Acc:  61.6%  V-Acc:  55.8%  V-AUROC: 0.5877  LR: 1.00e-03
2026-08-03 13:00:20,631 | [FULL    ] | INFO | full_experiments_using.model_trainers.mobile_vit_trainer | Ep [035/500] T-Acc:  61.8%  V-Acc:  55.4%  V-AUROC: 0.5860  LR: 1.00e-03
2026-08-03 13:00:49,032 | [FULL    ] | INFO | full_experiments_using.model_trainers.mobile_vit_trainer | Ep [036/500] T-Acc:  61.9%  V-Acc:  54.9%  V-AUROC: 0.5949  LR: 1.00e-03
2026-08-03 13:00:49,166 | [FULL    ] | INFO | full_experiments_using.model_trainers.mobile_vit_trainer |   ↳ new best AUROC; saved checkpoint: /home/oem/choihyunsu/VOGBasedMCIDetection/outputs/checkpoints/run_20260803_091255_full_wvote_artifact30_w0-5-10-10-0-10-20-20_strat_4err/fold_08_best.pth
2026-08-03 13:01:17,391 | [FULL    ] | INFO | full_experiments_using.model_trainers.mobile_vit_trainer | Ep [037/500] T-Acc:  62.2%  V-Acc:  55.2%  V-AUROC: 0.5898  LR: 1.00e-03
2026-08-03 13:01:45,568 | [FULL    ] | INFO | full_experiments_using.model_trainers.mobile_vit_trainer | Ep [038/500] T-Acc:  63.0%  V-Acc:  54.4%  V-AUROC: 0.5859  LR: 1.00e-03
2026-08-03 13:02:13,854 | [FULL    ] | INFO | full_experiments_using.model_trainers.mobile_vit_trainer | Ep [039/500] T-Acc:  63.0%  V-Acc:  54.7%  V-AUROC: 0.5879  LR: 1.00e-03
2026-08-03 13:02:42,193 | [FULL    ] | INFO | full_experiments_using.model_trainers.mobile_vit_trainer | Ep [040/500] T-Acc:  62.7%  V-Acc:  54.9%  V-AUROC: 0.5909  LR: 1.00e-03
2026-08-03 13:03:10,473 | [FULL    ] | INFO | full_experiments_using.model_trainers.mobile_vit_trainer | Ep [041/500] T-Acc:  62.8%  V-Acc:  54.8%  V-AUROC: 0.5826  LR: 1.00e-03
2026-08-03 13:03:38,761 | [FULL    ] | INFO | full_experiments_using.model_trainers.mobile_vit_trainer | Ep [042/500] T-Acc:  63.2%  V-Acc:  55.1%  V-AUROC: 0.5909  LR: 1.00e-03
2026-08-03 13:04:07,169 | [FULL    ] | INFO | full_experiments_using.model_trainers.mobile_vit_trainer | Ep [043/500] T-Acc:  62.9%  V-Acc:  54.5%  V-AUROC: 0.5868  LR: 1.00e-03
2026-08-03 13:04:35,450 | [FULL    ] | INFO | full_experiments_using.model_trainers.mobile_vit_trainer | Ep [044/500] T-Acc:  63.0%  V-Acc:  54.9%  V-AUROC: 0.5896  LR: 1.00e-03
2026-08-03 13:05:03,745 | [FULL    ] | INFO | full_experiments_using.model_trainers.mobile_vit_trainer | Ep [045/500] T-Acc:  62.7%  V-Acc:  54.6%  V-AUROC: 0.5881  LR: 1.00e-03
2026-08-03 13:05:32,124 | [FULL    ] | INFO | full_experiments_using.model_trainers.mobile_vit_trainer | Ep [046/500] T-Acc:  63.0%  V-Acc:  55.0%  V-AUROC: 0.5919  LR: 1.00e-03
2026-08-03 13:06:00,765 | [FULL    ] | INFO | full_experiments_using.model_trainers.mobile_vit_trainer | Ep [047/500] T-Acc:  64.1%  V-Acc:  54.3%  V-AUROC: 0.5932  LR: 1.00e-03
2026-08-03 13:06:29,161 | [FULL    ] | INFO | full_experiments_using.model_trainers.mobile_vit_trainer | Ep [048/500] T-Acc:  63.1%  V-Acc:  55.0%  V-AUROC: 0.5978  LR: 2.00e-04
2026-08-03 13:06:29,351 | [FULL    ] | INFO | full_experiments_using.model_trainers.mobile_vit_trainer |   ↳ new best AUROC; saved checkpoint: /home/oem/choihyunsu/VOGBasedMCIDetection/outputs/checkpoints/run_20260803_091255_full_wvote_artifact30_w0-5-10-10-0-10-20-20_strat_4err/fold_08_best.pth
2026-08-03 13:06:57,604 | [FULL    ] | INFO | full_experiments_using.model_trainers.mobile_vit_trainer | Ep [049/500] T-Acc:  63.1%  V-Acc:  55.4%  V-AUROC: 0.5960  LR: 2.00e-04
2026-08-03 13:07:25,693 | [FULL    ] | INFO | full_experiments_using.model_trainers.mobile_vit_trainer | Ep [050/500] T-Acc:  62.9%  V-Acc:  54.1%  V-AUROC: 0.5904  LR: 2.00e-04
2026-08-03 13:07:53,900 | [FULL    ] | INFO | full_experiments_using.model_trainers.mobile_vit_trainer | Ep [051/500] T-Acc:  63.0%  V-Acc:  54.7%  V-AUROC: 0.5924  LR: 2.00e-04
2026-08-03 13:08:22,339 | [FULL    ] | INFO | full_experiments_using.model_trainers.mobile_vit_trainer | Ep [052/500] T-Acc:  63.8%  V-Acc:  54.1%  V-AUROC: 0.5890  LR: 2.00e-04
2026-08-03 13:08:50,677 | [FULL    ] | INFO | full_experiments_using.model_trainers.mobile_vit_trainer | Ep [053/500] T-Acc:  63.4%  V-Acc:  54.4%  V-AUROC: 0.5913  LR: 2.00e-04
2026-08-03 13:09:18,965 | [FULL    ] | INFO | full_experiments_using.model_trainers.mobile_vit_trainer | Ep [054/500] T-Acc:  63.1%  V-Acc:  53.5%  V-AUROC: 0.5896  LR: 2.00e-04
2026-08-03 13:09:47,322 | [FULL    ] | INFO | full_experiments_using.model_trainers.mobile_vit_trainer | Ep [055/500] T-Acc:  64.4%  V-Acc:  54.0%  V-AUROC: 0.5904  LR: 2.00e-04
2026-08-03 13:10:15,667 | [FULL    ] | INFO | full_experiments_using.model_trainers.mobile_vit_trainer | Ep [056/500] T-Acc:  63.2%  V-Acc:  54.2%  V-AUROC: 0.5916  LR: 2.00e-04
2026-08-03 13:10:44,027 | [FULL    ] | INFO | full_experiments_using.model_trainers.mobile_vit_trainer | Ep [057/500] T-Acc:  62.8%  V-Acc:  54.1%  V-AUROC: 0.5892  LR: 2.00e-04
2026-08-03 13:11:12,469 | [FULL    ] | INFO | full_experiments_using.model_trainers.mobile_vit_trainer | Ep [058/500] T-Acc:  62.8%  V-Acc:  54.0%  V-AUROC: 0.5890  LR: 2.00e-04
2026-08-03 13:11:40,857 | [FULL    ] | INFO | full_experiments_using.model_trainers.mobile_vit_trainer | Ep [059/500] T-Acc:  63.8%  V-Acc:  54.1%  V-AUROC: 0.5886  LR: 2.00e-04
2026-08-03 13:12:09,195 | [FULL    ] | INFO | full_experiments_using.model_trainers.mobile_vit_trainer | Ep [060/500] T-Acc:  63.1%  V-Acc:  53.8%  V-AUROC: 0.5886  LR: 4.00e-05
2026-08-03 13:12:37,528 | [FULL    ] | INFO | full_experiments_using.model_trainers.mobile_vit_trainer | Ep [061/500] T-Acc:  64.1%  V-Acc:  54.1%  V-AUROC: 0.5897  LR: 4.00e-05
2026-08-03 13:13:05,801 | [FULL    ] | INFO | full_experiments_using.model_trainers.mobile_vit_trainer | Ep [062/500] T-Acc:  63.9%  V-Acc:  54.4%  V-AUROC: 0.5885  LR: 4.00e-05
2026-08-03 13:13:33,901 | [FULL    ] | INFO | full_experiments_using.model_trainers.mobile_vit_trainer | Ep [063/500] T-Acc:  62.3%  V-Acc:  53.9%  V-AUROC: 0.5885  LR: 4.00e-05
2026-08-03 13:14:02,236 | [FULL    ] | INFO | full_experiments_using.model_trainers.mobile_vit_trainer | Ep [064/500] T-Acc:  63.7%  V-Acc:  54.6%  V-AUROC: 0.5929  LR: 4.00e-05
2026-08-03 13:14:30,566 | [FULL    ] | INFO | full_experiments_using.model_trainers.mobile_vit_trainer | Ep [065/500] T-Acc:  64.6%  V-Acc:  54.4%  V-AUROC: 0.5906  LR: 4.00e-05
2026-08-03 13:14:58,816 | [FULL    ] | INFO | full_experiments_using.model_trainers.mobile_vit_trainer | Ep [066/500] T-Acc:  63.8%  V-Acc:  53.7%  V-AUROC: 0.5867  LR: 4.00e-05
2026-08-03 13:15:27,017 | [FULL    ] | INFO | full_experiments_using.model_trainers.mobile_vit_trainer | Ep [067/500] T-Acc:  63.2%  V-Acc:  53.9%  V-AUROC: 0.5875  LR: 4.00e-05
2026-08-03 13:15:55,319 | [FULL    ] | INFO | full_experiments_using.model_trainers.mobile_vit_trainer | Ep [068/500] T-Acc:  63.9%  V-Acc:  53.4%  V-AUROC: 0.5866  LR: 4.00e-05
2026-08-03 13:16:23,791 | [FULL    ] | INFO | full_experiments_using.model_trainers.mobile_vit_trainer | Ep [069/500] T-Acc:  63.6%  V-Acc:  54.3%  V-AUROC: 0.5906  LR: 4.00e-05
2026-08-03 13:16:51,951 | [FULL    ] | INFO | full_experiments_using.model_trainers.mobile_vit_trainer | Ep [070/500] T-Acc:  63.9%  V-Acc:  53.7%  V-AUROC: 0.5864  LR: 4.00e-05
2026-08-03 13:17:20,368 | [FULL    ] | INFO | full_experiments_using.model_trainers.mobile_vit_trainer | Ep [071/500] T-Acc:  63.5%  V-Acc:  53.8%  V-AUROC: 0.5875  LR: 8.00e-06
2026-08-03 13:17:48,610 | [FULL    ] | INFO | full_experiments_using.model_trainers.mobile_vit_trainer | Ep [072/500] T-Acc:  64.0%  V-Acc:  53.7%  V-AUROC: 0.5884  LR: 8.00e-06
2026-08-03 13:18:17,042 | [FULL    ] | INFO | full_experiments_using.model_trainers.mobile_vit_trainer | Ep [073/500] T-Acc:  63.5%  V-Acc:  53.6%  V-AUROC: 0.5861  LR: 8.00e-06
2026-08-03 13:18:45,682 | [FULL    ] | INFO | full_experiments_using.model_trainers.mobile_vit_trainer | Ep [074/500] T-Acc:  64.5%  V-Acc:  53.8%  V-AUROC: 0.5883  LR: 8.00e-06
2026-08-03 13:19:13,838 | [FULL    ] | INFO | full_experiments_using.model_trainers.mobile_vit_trainer | Ep [075/500] T-Acc:  63.0%  V-Acc:  54.2%  V-AUROC: 0.5922  LR: 8.00e-06
2026-08-03 13:19:42,189 | [FULL    ] | INFO | full_experiments_using.model_trainers.mobile_vit_trainer | Ep [076/500] T-Acc:  63.5%  V-Acc:  53.0%  V-AUROC: 0.5880  LR: 8.00e-06
2026-08-03 13:20:10,323 | [FULL    ] | INFO | full_experiments_using.model_trainers.mobile_vit_trainer | Ep [077/500] T-Acc:  63.2%  V-Acc:  54.2%  V-AUROC: 0.5915  LR: 8.00e-06
2026-08-03 13:20:38,722 | [FULL    ] | INFO | full_experiments_using.model_trainers.mobile_vit_trainer | Ep [078/500] T-Acc:  64.9%  V-Acc:  53.4%  V-AUROC: 0.5848  LR: 8.00e-06
2026-08-03 13:20:38,723 | [FULL    ] | INFO | full_experiments_using.model_trainers.mobile_vit_trainer | Early stop — best AUROC 0.5978 at epoch 48 (no improvement for 30 epochs)
2026-08-03 13:20:38,723 | [FULL    ] | INFO | full_experiments_using.model_trainers.mobile_vit_trainer | Done. Best AUROC: 0.5978 (epoch 48) → /home/oem/choihyunsu/VOGBasedMCIDetection/outputs/checkpoints/run_20260803_091255_full_wvote_artifact30_w0-5-10-10-0-10-20-20_strat_4err/fold_08_best.pth
2026-08-03 13:20:47,838 | [FULL    ] | INFO | full_experiments_using.evaluators.monte_carlo_evaluator | -> Fold 09 Result | Acc=0.636 Sens=0.429 Spec=1.000 AUROC=0.821
2026-08-03 13:20:47,845 | [FULL    ] | INFO | full_experiments_using.evaluators.monte_carlo_evaluator | === Fold 10/30 | train: 25 subj (HC=10 MCI=15) / 3927 win | test: 12 subj (HC=4 MCI=8) / 1788 win ===
2026-08-03 13:20:48,076 | [FULL    ] | INFO | httpx | HTTP Request: HEAD https://huggingface.co/apple/mobilevit-small/resolve/main/config.json "HTTP/1.1 307 Temporary Redirect"
2026-08-03 13:20:48,087 | [FULL    ] | INFO | httpx | HTTP Request: HEAD https://huggingface.co/api/resolve-cache/models/apple/mobilevit-small/6c8612545dc98676d27bc518fa521d9e9af23e34/config.json "HTTP/1.1 200 OK"
2026-08-03 13:20:48,360 | [FULL    ] | INFO | httpx | HTTP Request: HEAD https://huggingface.co/apple/mobilevit-small/resolve/main/model.safetensors "HTTP/1.1 404 Not Found"
2026-08-03 13:20:48,586 | [FULL    ] | INFO | httpx | HTTP Request: HEAD https://huggingface.co/apple/mobilevit-small/resolve/main/model.safetensors.index.json "HTTP/1.1 404 Not Found"
2026-08-03 13:20:48,792 | [FULL    ] | INFO | httpx | HTTP Request: HEAD https://huggingface.co/apple/mobilevit-small/resolve/main/pytorch_model.bin "HTTP/1.1 302 Found"
2026-08-03 13:20:48,997 | [FULL    ] | INFO | httpx | HTTP Request: HEAD https://huggingface.co/apple/mobilevit-small/resolve/main/model.safetensors "HTTP/1.1 404 Not Found"
2026-08-03 13:20:49,213 | [FULL    ] | INFO | httpx | HTTP Request: GET https://huggingface.co/api/models/apple/mobilevit-small "HTTP/1.1 200 OK"
2026-08-03 13:20:49,456 | [FULL    ] | INFO | httpx | HTTP Request: GET https://huggingface.co/api/models/apple/mobilevit-small/commits/main "HTTP/1.1 200 OK"
2026-08-03 13:20:49,670 | [FULL    ] | INFO | httpx | HTTP Request: GET https://huggingface.co/api/models/apple/mobilevit-small/discussions?p=0 "HTTP/1.1 200 OK"
2026-08-03 13:20:49,895 | [FULL    ] | INFO | httpx | HTTP Request: GET https://huggingface.co/api/models/apple/mobilevit-small/commits/refs%2Fpr%2F6 "HTTP/1.1 200 OK"
2026-08-03 13:20:50,122 | [FULL    ] | INFO | httpx | HTTP Request: HEAD https://huggingface.co/apple/mobilevit-small/resolve/refs%2Fpr%2F6/model.safetensors.index.json "HTTP/1.1 404 Not Found"
2026-08-03 13:20:50,331 | [FULL    ] | INFO | httpx | HTTP Request: HEAD https://huggingface.co/apple/mobilevit-small/resolve/refs%2Fpr%2F6/model.safetensors "HTTP/1.1 302 Found"
2026-08-03 13:20:51,153 | [FULL    ] | INFO | full_experiments_using.model_trainers.mobile_vit_trainer | Device: cuda | max_epochs=500 | batch=32 | eval_batch=256 | es_patience=30
2026-08-03 13:20:51,159 | [FULL    ] | INFO | full_experiments_using.model_trainers.mobile_vit_trainer | CE weights — HC: 1.091  MCI: 0.923
2026-08-03 13:21:37,156 | [FULL    ] | INFO | full_experiments_using.model_trainers.mobile_vit_trainer | Ep [001/500] T-Acc:  49.6%  V-Acc:  53.5%  V-AUROC: 0.4796  LR: 2.00e-04
2026-08-03 13:21:37,229 | [FULL    ] | INFO | full_experiments_using.model_trainers.mobile_vit_trainer |   ↳ new best AUROC; saved checkpoint: /home/oem/choihyunsu/VOGBasedMCIDetection/outputs/checkpoints/run_20260803_091255_full_wvote_artifact30_w0-5-10-10-0-10-20-20_strat_4err/fold_09_best.pth
2026-08-03 13:22:03,364 | [FULL    ] | INFO | full_experiments_using.model_trainers.mobile_vit_trainer | Ep [002/500] T-Acc:  49.3%  V-Acc:  54.8%  V-AUROC: 0.4844  LR: 4.00e-04
2026-08-03 13:22:03,477 | [FULL    ] | INFO | full_experiments_using.model_trainers.mobile_vit_trainer |   ↳ new best AUROC; saved checkpoint: /home/oem/choihyunsu/VOGBasedMCIDetection/outputs/checkpoints/run_20260803_091255_full_wvote_artifact30_w0-5-10-10-0-10-20-20_strat_4err/fold_09_best.pth
2026-08-03 13:22:30,804 | [FULL    ] | INFO | full_experiments_using.model_trainers.mobile_vit_trainer | Ep [003/500] T-Acc:  50.0%  V-Acc:  55.0%  V-AUROC: 0.4865  LR: 6.00e-04
2026-08-03 13:22:30,921 | [FULL    ] | INFO | full_experiments_using.model_trainers.mobile_vit_trainer |   ↳ new best AUROC; saved checkpoint: /home/oem/choihyunsu/VOGBasedMCIDetection/outputs/checkpoints/run_20260803_091255_full_wvote_artifact30_w0-5-10-10-0-10-20-20_strat_4err/fold_09_best.pth
2026-08-03 13:22:57,712 | [FULL    ] | INFO | full_experiments_using.model_trainers.mobile_vit_trainer | Ep [004/500] T-Acc:  52.0%  V-Acc:  53.9%  V-AUROC: 0.4995  LR: 8.00e-04
2026-08-03 13:22:57,849 | [FULL    ] | INFO | full_experiments_using.model_trainers.mobile_vit_trainer |   ↳ new best AUROC; saved checkpoint: /home/oem/choihyunsu/VOGBasedMCIDetection/outputs/checkpoints/run_20260803_091255_full_wvote_artifact30_w0-5-10-10-0-10-20-20_strat_4err/fold_09_best.pth
2026-08-03 13:23:26,370 | [FULL    ] | INFO | full_experiments_using.model_trainers.mobile_vit_trainer | Ep [005/500] T-Acc:  52.4%  V-Acc:  54.1%  V-AUROC: 0.5138  LR: 1.00e-03
2026-08-03 13:23:26,447 | [FULL    ] | INFO | full_experiments_using.model_trainers.mobile_vit_trainer |   ↳ new best AUROC; saved checkpoint: /home/oem/choihyunsu/VOGBasedMCIDetection/outputs/checkpoints/run_20260803_091255_full_wvote_artifact30_w0-5-10-10-0-10-20-20_strat_4err/fold_09_best.pth
2026-08-03 13:23:54,881 | [FULL    ] | INFO | full_experiments_using.model_trainers.mobile_vit_trainer | Ep [006/500] T-Acc:  52.1%  V-Acc:  53.5%  V-AUROC: 0.5308  LR: 1.00e-03
2026-08-03 13:23:55,014 | [FULL    ] | INFO | full_experiments_using.model_trainers.mobile_vit_trainer |   ↳ new best AUROC; saved checkpoint: /home/oem/choihyunsu/VOGBasedMCIDetection/outputs/checkpoints/run_20260803_091255_full_wvote_artifact30_w0-5-10-10-0-10-20-20_strat_4err/fold_09_best.pth
2026-08-03 13:24:23,470 | [FULL    ] | INFO | full_experiments_using.model_trainers.mobile_vit_trainer | Ep [007/500] T-Acc:  53.2%  V-Acc:  52.3%  V-AUROC: 0.5185  LR: 1.00e-03
2026-08-03 13:24:51,769 | [FULL    ] | INFO | full_experiments_using.model_trainers.mobile_vit_trainer | Ep [008/500] T-Acc:  54.8%  V-Acc:  55.2%  V-AUROC: 0.5176  LR: 1.00e-03
2026-08-03 13:25:20,248 | [FULL    ] | INFO | full_experiments_using.model_trainers.mobile_vit_trainer | Ep [009/500] T-Acc:  54.6%  V-Acc:  55.0%  V-AUROC: 0.5554  LR: 1.00e-03
2026-08-03 13:25:20,368 | [FULL    ] | INFO | full_experiments_using.model_trainers.mobile_vit_trainer |   ↳ new best AUROC; saved checkpoint: /home/oem/choihyunsu/VOGBasedMCIDetection/outputs/checkpoints/run_20260803_091255_full_wvote_artifact30_w0-5-10-10-0-10-20-20_strat_4err/fold_09_best.pth
2026-08-03 13:25:48,660 | [FULL    ] | INFO | full_experiments_using.model_trainers.mobile_vit_trainer | Ep [010/500] T-Acc:  55.8%  V-Acc:  56.0%  V-AUROC: 0.5702  LR: 1.00e-03
2026-08-03 13:25:48,777 | [FULL    ] | INFO | full_experiments_using.model_trainers.mobile_vit_trainer |   ↳ new best AUROC; saved checkpoint: /home/oem/choihyunsu/VOGBasedMCIDetection/outputs/checkpoints/run_20260803_091255_full_wvote_artifact30_w0-5-10-10-0-10-20-20_strat_4err/fold_09_best.pth
2026-08-03 13:26:17,222 | [FULL    ] | INFO | full_experiments_using.model_trainers.mobile_vit_trainer | Ep [011/500] T-Acc:  56.0%  V-Acc:  53.7%  V-AUROC: 0.5437  LR: 1.00e-03
2026-08-03 13:26:45,300 | [FULL    ] | INFO | full_experiments_using.model_trainers.mobile_vit_trainer | Ep [012/500] T-Acc:  56.0%  V-Acc:  54.1%  V-AUROC: 0.5500  LR: 1.00e-03
2026-08-03 13:27:11,930 | [FULL    ] | INFO | full_experiments_using.model_trainers.mobile_vit_trainer | Ep [013/500] T-Acc:  57.6%  V-Acc:  54.2%  V-AUROC: 0.5596  LR: 1.00e-03
2026-08-03 13:27:39,717 | [FULL    ] | INFO | full_experiments_using.model_trainers.mobile_vit_trainer | Ep [014/500] T-Acc:  58.9%  V-Acc:  55.3%  V-AUROC: 0.5553  LR: 1.00e-03
2026-08-03 13:28:06,292 | [FULL    ] | INFO | full_experiments_using.model_trainers.mobile_vit_trainer | Ep [015/500] T-Acc:  57.7%  V-Acc:  54.4%  V-AUROC: 0.5445  LR: 1.00e-03
2026-08-03 13:28:34,864 | [FULL    ] | INFO | full_experiments_using.model_trainers.mobile_vit_trainer | Ep [016/500] T-Acc:  56.8%  V-Acc:  55.7%  V-AUROC: 0.5615  LR: 1.00e-03
2026-08-03 13:29:03,378 | [FULL    ] | INFO | full_experiments_using.model_trainers.mobile_vit_trainer | Ep [017/500] T-Acc:  59.4%  V-Acc:  55.6%  V-AUROC: 0.5668  LR: 1.00e-03
2026-08-03 13:29:31,880 | [FULL    ] | INFO | full_experiments_using.model_trainers.mobile_vit_trainer | Ep [018/500] T-Acc:  59.8%  V-Acc:  55.5%  V-AUROC: 0.5646  LR: 1.00e-03
2026-08-03 13:30:00,070 | [FULL    ] | INFO | full_experiments_using.model_trainers.mobile_vit_trainer | Ep [019/500] T-Acc:  59.3%  V-Acc:  56.2%  V-AUROC: 0.5642  LR: 1.00e-03
2026-08-03 13:30:28,475 | [FULL    ] | INFO | full_experiments_using.model_trainers.mobile_vit_trainer | Ep [020/500] T-Acc:  60.0%  V-Acc:  54.6%  V-AUROC: 0.5696  LR: 1.00e-03
2026-08-03 13:30:56,889 | [FULL    ] | INFO | full_experiments_using.model_trainers.mobile_vit_trainer | Ep [021/500] T-Acc:  60.6%  V-Acc:  53.5%  V-AUROC: 0.5672  LR: 1.00e-03
2026-08-03 13:31:25,453 | [FULL    ] | INFO | full_experiments_using.model_trainers.mobile_vit_trainer | Ep [022/500] T-Acc:  61.0%  V-Acc:  54.9%  V-AUROC: 0.5706  LR: 2.00e-04
2026-08-03 13:31:25,571 | [FULL    ] | INFO | full_experiments_using.model_trainers.mobile_vit_trainer |   ↳ new best AUROC; saved checkpoint: /home/oem/choihyunsu/VOGBasedMCIDetection/outputs/checkpoints/run_20260803_091255_full_wvote_artifact30_w0-5-10-10-0-10-20-20_strat_4err/fold_09_best.pth
2026-08-03 13:31:54,047 | [FULL    ] | INFO | full_experiments_using.model_trainers.mobile_vit_trainer | Ep [023/500] T-Acc:  60.5%  V-Acc:  55.5%  V-AUROC: 0.5726  LR: 2.00e-04
2026-08-03 13:31:54,166 | [FULL    ] | INFO | full_experiments_using.model_trainers.mobile_vit_trainer |   ↳ new best AUROC; saved checkpoint: /home/oem/choihyunsu/VOGBasedMCIDetection/outputs/checkpoints/run_20260803_091255_full_wvote_artifact30_w0-5-10-10-0-10-20-20_strat_4err/fold_09_best.pth
2026-08-03 13:32:22,483 | [FULL    ] | INFO | full_experiments_using.model_trainers.mobile_vit_trainer | Ep [024/500] T-Acc:  60.6%  V-Acc:  54.8%  V-AUROC: 0.5738  LR: 2.00e-04
2026-08-03 13:32:22,646 | [FULL    ] | INFO | full_experiments_using.model_trainers.mobile_vit_trainer |   ↳ new best AUROC; saved checkpoint: /home/oem/choihyunsu/VOGBasedMCIDetection/outputs/checkpoints/run_20260803_091255_full_wvote_artifact30_w0-5-10-10-0-10-20-20_strat_4err/fold_09_best.pth
2026-08-03 13:32:50,989 | [FULL    ] | INFO | full_experiments_using.model_trainers.mobile_vit_trainer | Ep [025/500] T-Acc:  60.5%  V-Acc:  54.3%  V-AUROC: 0.5709  LR: 2.00e-04
2026-08-03 13:33:19,265 | [FULL    ] | INFO | full_experiments_using.model_trainers.mobile_vit_trainer | Ep [026/500] T-Acc:  61.2%  V-Acc:  54.0%  V-AUROC: 0.5735  LR: 2.00e-04
2026-08-03 13:33:47,772 | [FULL    ] | INFO | full_experiments_using.model_trainers.mobile_vit_trainer | Ep [027/500] T-Acc:  61.8%  V-Acc:  54.5%  V-AUROC: 0.5733  LR: 2.00e-04
2026-08-03 13:34:16,300 | [FULL    ] | INFO | full_experiments_using.model_trainers.mobile_vit_trainer | Ep [028/500] T-Acc:  61.9%  V-Acc:  54.3%  V-AUROC: 0.5759  LR: 2.00e-04
2026-08-03 13:34:16,437 | [FULL    ] | INFO | full_experiments_using.model_trainers.mobile_vit_trainer |   ↳ new best AUROC; saved checkpoint: /home/oem/choihyunsu/VOGBasedMCIDetection/outputs/checkpoints/run_20260803_091255_full_wvote_artifact30_w0-5-10-10-0-10-20-20_strat_4err/fold_09_best.pth
2026-08-03 13:34:45,093 | [FULL    ] | INFO | full_experiments_using.model_trainers.mobile_vit_trainer | Ep [029/500] T-Acc:  60.6%  V-Acc:  54.5%  V-AUROC: 0.5756  LR: 2.00e-04
2026-08-03 13:35:13,628 | [FULL    ] | INFO | full_experiments_using.model_trainers.mobile_vit_trainer | Ep [030/500] T-Acc:  61.8%  V-Acc:  54.3%  V-AUROC: 0.5759  LR: 2.00e-04
2026-08-03 13:35:13,762 | [FULL    ] | INFO | full_experiments_using.model_trainers.mobile_vit_trainer |   ↳ new best AUROC; saved checkpoint: /home/oem/choihyunsu/VOGBasedMCIDetection/outputs/checkpoints/run_20260803_091255_full_wvote_artifact30_w0-5-10-10-0-10-20-20_strat_4err/fold_09_best.pth
2026-08-03 13:35:42,049 | [FULL    ] | INFO | full_experiments_using.model_trainers.mobile_vit_trainer | Ep [031/500] T-Acc:  61.4%  V-Acc:  54.3%  V-AUROC: 0.5741  LR: 2.00e-04
2026-08-03 13:36:10,511 | [FULL    ] | INFO | full_experiments_using.model_trainers.mobile_vit_trainer | Ep [032/500] T-Acc:  62.8%  V-Acc:  54.6%  V-AUROC: 0.5727  LR: 2.00e-04
2026-08-03 13:36:39,082 | [FULL    ] | INFO | full_experiments_using.model_trainers.mobile_vit_trainer | Ep [033/500] T-Acc:  61.0%  V-Acc:  55.4%  V-AUROC: 0.5725  LR: 2.00e-04
2026-08-03 13:37:07,479 | [FULL    ] | INFO | full_experiments_using.model_trainers.mobile_vit_trainer | Ep [034/500] T-Acc:  62.3%  V-Acc:  54.4%  V-AUROC: 0.5758  LR: 2.00e-04
2026-08-03 13:37:36,083 | [FULL    ] | INFO | full_experiments_using.model_trainers.mobile_vit_trainer | Ep [035/500] T-Acc:  62.2%  V-Acc:  55.1%  V-AUROC: 0.5722  LR: 2.00e-04
2026-08-03 13:38:04,681 | [FULL    ] | INFO | full_experiments_using.model_trainers.mobile_vit_trainer | Ep [036/500] T-Acc:  62.7%  V-Acc:  55.3%  V-AUROC: 0.5740  LR: 2.00e-04
2026-08-03 13:38:33,186 | [FULL    ] | INFO | full_experiments_using.model_trainers.mobile_vit_trainer | Ep [037/500] T-Acc:  62.1%  V-Acc:  55.5%  V-AUROC: 0.5754  LR: 2.00e-04
2026-08-03 13:39:01,803 | [FULL    ] | INFO | full_experiments_using.model_trainers.mobile_vit_trainer | Ep [038/500] T-Acc:  62.5%  V-Acc:  54.8%  V-AUROC: 0.5718  LR: 2.00e-04
2026-08-03 13:39:30,283 | [FULL    ] | INFO | full_experiments_using.model_trainers.mobile_vit_trainer | Ep [039/500] T-Acc:  61.8%  V-Acc:  56.3%  V-AUROC: 0.5722  LR: 2.00e-04
2026-08-03 13:39:58,525 | [FULL    ] | INFO | full_experiments_using.model_trainers.mobile_vit_trainer | Ep [040/500] T-Acc:  61.8%  V-Acc:  56.2%  V-AUROC: 0.5762  LR: 4.00e-05
2026-08-03 13:39:58,646 | [FULL    ] | INFO | full_experiments_using.model_trainers.mobile_vit_trainer |   ↳ new best AUROC; saved checkpoint: /home/oem/choihyunsu/VOGBasedMCIDetection/outputs/checkpoints/run_20260803_091255_full_wvote_artifact30_w0-5-10-10-0-10-20-20_strat_4err/fold_09_best.pth
2026-08-03 13:40:27,277 | [FULL    ] | INFO | full_experiments_using.model_trainers.mobile_vit_trainer | Ep [041/500] T-Acc:  60.6%  V-Acc:  56.0%  V-AUROC: 0.5746  LR: 4.00e-05
2026-08-03 13:40:55,691 | [FULL    ] | INFO | full_experiments_using.model_trainers.mobile_vit_trainer | Ep [042/500] T-Acc:  60.8%  V-Acc:  56.0%  V-AUROC: 0.5744  LR: 4.00e-05
2026-08-03 13:41:24,032 | [FULL    ] | INFO | full_experiments_using.model_trainers.mobile_vit_trainer | Ep [043/500] T-Acc:  61.9%  V-Acc:  55.8%  V-AUROC: 0.5730  LR: 4.00e-05
2026-08-03 13:41:52,623 | [FULL    ] | INFO | full_experiments_using.model_trainers.mobile_vit_trainer | Ep [044/500] T-Acc:  62.9%  V-Acc:  55.9%  V-AUROC: 0.5754  LR: 4.00e-05
2026-08-03 13:42:21,382 | [FULL    ] | INFO | full_experiments_using.model_trainers.mobile_vit_trainer | Ep [045/500] T-Acc:  61.6%  V-Acc:  55.9%  V-AUROC: 0.5772  LR: 4.00e-05
2026-08-03 13:42:21,579 | [FULL    ] | INFO | full_experiments_using.model_trainers.mobile_vit_trainer |   ↳ new best AUROC; saved checkpoint: /home/oem/choihyunsu/VOGBasedMCIDetection/outputs/checkpoints/run_20260803_091255_full_wvote_artifact30_w0-5-10-10-0-10-20-20_strat_4err/fold_09_best.pth
2026-08-03 13:42:49,929 | [FULL    ] | INFO | full_experiments_using.model_trainers.mobile_vit_trainer | Ep [046/500] T-Acc:  61.4%  V-Acc:  55.0%  V-AUROC: 0.5705  LR: 4.00e-05
2026-08-03 13:43:18,358 | [FULL    ] | INFO | full_experiments_using.model_trainers.mobile_vit_trainer | Ep [047/500] T-Acc:  62.2%  V-Acc:  56.1%  V-AUROC: 0.5748  LR: 4.00e-05
2026-08-03 13:43:46,930 | [FULL    ] | INFO | full_experiments_using.model_trainers.mobile_vit_trainer | Ep [048/500] T-Acc:  61.4%  V-Acc:  56.4%  V-AUROC: 0.5756  LR: 4.00e-05
2026-08-03 13:44:15,364 | [FULL    ] | INFO | full_experiments_using.model_trainers.mobile_vit_trainer | Ep [049/500] T-Acc:  61.6%  V-Acc:  55.9%  V-AUROC: 0.5740  LR: 4.00e-05
2026-08-03 13:44:43,659 | [FULL    ] | INFO | full_experiments_using.model_trainers.mobile_vit_trainer | Ep [050/500] T-Acc:  61.3%  V-Acc:  55.7%  V-AUROC: 0.5710  LR: 4.00e-05
2026-08-03 13:45:12,065 | [FULL    ] | INFO | full_experiments_using.model_trainers.mobile_vit_trainer | Ep [051/500] T-Acc:  61.7%  V-Acc:  55.8%  V-AUROC: 0.5758  LR: 4.00e-05
2026-08-03 13:45:40,150 | [FULL    ] | INFO | full_experiments_using.model_trainers.mobile_vit_trainer | Ep [052/500] T-Acc:  61.7%  V-Acc:  55.6%  V-AUROC: 0.5705  LR: 4.00e-05
2026-08-03 13:46:07,080 | [FULL    ] | INFO | full_experiments_using.model_trainers.mobile_vit_trainer | Ep [053/500] T-Acc:  62.9%  V-Acc:  55.9%  V-AUROC: 0.5717  LR: 4.00e-05
2026-08-03 13:46:31,484 | [FULL    ] | INFO | full_experiments_using.model_trainers.mobile_vit_trainer | Ep [054/500] T-Acc:  61.8%  V-Acc:  56.3%  V-AUROC: 0.5748  LR: 4.00e-05
2026-08-03 13:46:57,889 | [FULL    ] | INFO | full_experiments_using.model_trainers.mobile_vit_trainer | Ep [055/500] T-Acc:  62.4%  V-Acc:  55.8%  V-AUROC: 0.5746  LR: 4.00e-05
2026-08-03 13:47:26,285 | [FULL    ] | INFO | full_experiments_using.model_trainers.mobile_vit_trainer | Ep [056/500] T-Acc:  62.8%  V-Acc:  55.8%  V-AUROC: 0.5732  LR: 4.00e-05
2026-08-03 13:47:54,624 | [FULL    ] | INFO | full_experiments_using.model_trainers.mobile_vit_trainer | Ep [057/500] T-Acc:  62.1%  V-Acc:  56.1%  V-AUROC: 0.5762  LR: 8.00e-06
2026-08-03 13:48:23,345 | [FULL    ] | INFO | full_experiments_using.model_trainers.mobile_vit_trainer | Ep [058/500] T-Acc:  63.4%  V-Acc:  57.0%  V-AUROC: 0.5761  LR: 8.00e-06
2026-08-03 13:48:51,800 | [FULL    ] | INFO | full_experiments_using.model_trainers.mobile_vit_trainer | Ep [059/500] T-Acc:  61.4%  V-Acc:  56.0%  V-AUROC: 0.5765  LR: 8.00e-06
2026-08-03 13:49:19,966 | [FULL    ] | INFO | full_experiments_using.model_trainers.mobile_vit_trainer | Ep [060/500] T-Acc:  62.4%  V-Acc:  55.4%  V-AUROC: 0.5723  LR: 8.00e-06
2026-08-03 13:49:48,472 | [FULL    ] | INFO | full_experiments_using.model_trainers.mobile_vit_trainer | Ep [061/500] T-Acc:  63.1%  V-Acc:  55.9%  V-AUROC: 0.5750  LR: 8.00e-06
2026-08-03 13:50:16,776 | [FULL    ] | INFO | full_experiments_using.model_trainers.mobile_vit_trainer | Ep [062/500] T-Acc:  63.0%  V-Acc:  56.4%  V-AUROC: 0.5749  LR: 8.00e-06
2026-08-03 13:50:45,165 | [FULL    ] | INFO | full_experiments_using.model_trainers.mobile_vit_trainer | Ep [063/500] T-Acc:  62.7%  V-Acc:  56.0%  V-AUROC: 0.5782  LR: 8.00e-06
2026-08-03 13:50:45,284 | [FULL    ] | INFO | full_experiments_using.model_trainers.mobile_vit_trainer |   ↳ new best AUROC; saved checkpoint: /home/oem/choihyunsu/VOGBasedMCIDetection/outputs/checkpoints/run_20260803_091255_full_wvote_artifact30_w0-5-10-10-0-10-20-20_strat_4err/fold_09_best.pth
2026-08-03 13:51:13,987 | [FULL    ] | INFO | full_experiments_using.model_trainers.mobile_vit_trainer | Ep [064/500] T-Acc:  62.0%  V-Acc:  56.2%  V-AUROC: 0.5727  LR: 8.00e-06
2026-08-03 13:51:42,275 | [FULL    ] | INFO | full_experiments_using.model_trainers.mobile_vit_trainer | Ep [065/500] T-Acc:  62.8%  V-Acc:  56.2%  V-AUROC: 0.5743  LR: 8.00e-06
2026-08-03 13:52:10,691 | [FULL    ] | INFO | full_experiments_using.model_trainers.mobile_vit_trainer | Ep [066/500] T-Acc:  63.3%  V-Acc:  56.8%  V-AUROC: 0.5745  LR: 8.00e-06
2026-08-03 13:52:39,100 | [FULL    ] | INFO | full_experiments_using.model_trainers.mobile_vit_trainer | Ep [067/500] T-Acc:  62.6%  V-Acc:  56.2%  V-AUROC: 0.5746  LR: 8.00e-06
2026-08-03 13:53:07,555 | [FULL    ] | INFO | full_experiments_using.model_trainers.mobile_vit_trainer | Ep [068/500] T-Acc:  61.8%  V-Acc:  56.0%  V-AUROC: 0.5779  LR: 8.00e-06
2026-08-03 13:53:36,007 | [FULL    ] | INFO | full_experiments_using.model_trainers.mobile_vit_trainer | Ep [069/500] T-Acc:  61.9%  V-Acc:  56.4%  V-AUROC: 0.5729  LR: 8.00e-06
2026-08-03 13:54:04,560 | [FULL    ] | INFO | full_experiments_using.model_trainers.mobile_vit_trainer | Ep [070/500] T-Acc:  62.3%  V-Acc:  56.3%  V-AUROC: 0.5755  LR: 8.00e-06
2026-08-03 13:54:32,793 | [FULL    ] | INFO | full_experiments_using.model_trainers.mobile_vit_trainer | Ep [071/500] T-Acc:  61.3%  V-Acc:  56.1%  V-AUROC: 0.5753  LR: 8.00e-06
2026-08-03 13:55:01,204 | [FULL    ] | INFO | full_experiments_using.model_trainers.mobile_vit_trainer | Ep [072/500] T-Acc:  61.6%  V-Acc:  55.7%  V-AUROC: 0.5742  LR: 8.00e-06
2026-08-03 13:55:29,673 | [FULL    ] | INFO | full_experiments_using.model_trainers.mobile_vit_trainer | Ep [073/500] T-Acc:  62.5%  V-Acc:  56.3%  V-AUROC: 0.5753  LR: 8.00e-06
2026-08-03 13:55:58,085 | [FULL    ] | INFO | full_experiments_using.model_trainers.mobile_vit_trainer | Ep [074/500] T-Acc:  62.4%  V-Acc:  55.8%  V-AUROC: 0.5750  LR: 8.00e-06
2026-08-03 13:56:26,735 | [FULL    ] | INFO | full_experiments_using.model_trainers.mobile_vit_trainer | Ep [075/500] T-Acc:  62.1%  V-Acc:  56.3%  V-AUROC: 0.5733  LR: 1.60e-06
2026-08-03 13:56:55,149 | [FULL    ] | INFO | full_experiments_using.model_trainers.mobile_vit_trainer | Ep [076/500] T-Acc:  61.6%  V-Acc:  55.9%  V-AUROC: 0.5763  LR: 1.60e-06
2026-08-03 13:57:23,561 | [FULL    ] | INFO | full_experiments_using.model_trainers.mobile_vit_trainer | Ep [077/500] T-Acc:  62.1%  V-Acc:  56.0%  V-AUROC: 0.5750  LR: 1.60e-06
2026-08-03 13:57:52,078 | [FULL    ] | INFO | full_experiments_using.model_trainers.mobile_vit_trainer | Ep [078/500] T-Acc:  62.1%  V-Acc:  55.2%  V-AUROC: 0.5763  LR: 1.60e-06
2026-08-03 13:58:20,597 | [FULL    ] | INFO | full_experiments_using.model_trainers.mobile_vit_trainer | Ep [079/500] T-Acc:  61.7%  V-Acc:  56.8%  V-AUROC: 0.5749  LR: 1.60e-06
2026-08-03 13:58:49,043 | [FULL    ] | INFO | full_experiments_using.model_trainers.mobile_vit_trainer | Ep [080/500] T-Acc:  61.5%  V-Acc:  55.4%  V-AUROC: 0.5759  LR: 1.60e-06
2026-08-03 13:59:17,405 | [FULL    ] | INFO | full_experiments_using.model_trainers.mobile_vit_trainer | Ep [081/500] T-Acc:  62.0%  V-Acc:  56.3%  V-AUROC: 0.5773  LR: 1.60e-06
2026-08-03 13:59:45,871 | [FULL    ] | INFO | full_experiments_using.model_trainers.mobile_vit_trainer | Ep [082/500] T-Acc:  62.0%  V-Acc:  55.9%  V-AUROC: 0.5778  LR: 1.60e-06
2026-08-03 14:00:14,378 | [FULL    ] | INFO | full_experiments_using.model_trainers.mobile_vit_trainer | Ep [083/500] T-Acc:  62.2%  V-Acc:  56.0%  V-AUROC: 0.5729  LR: 1.60e-06
2026-08-03 14:00:42,909 | [FULL    ] | INFO | full_experiments_using.model_trainers.mobile_vit_trainer | Ep [084/500] T-Acc:  61.5%  V-Acc:  56.8%  V-AUROC: 0.5746  LR: 1.60e-06
2026-08-03 14:01:11,469 | [FULL    ] | INFO | full_experiments_using.model_trainers.mobile_vit_trainer | Ep [085/500] T-Acc:  63.0%  V-Acc:  56.5%  V-AUROC: 0.5736  LR: 1.60e-06
2026-08-03 14:01:39,694 | [FULL    ] | INFO | full_experiments_using.model_trainers.mobile_vit_trainer | Ep [086/500] T-Acc:  61.9%  V-Acc:  56.0%  V-AUROC: 0.5735  LR: 1.00e-06
2026-08-03 14:02:08,078 | [FULL    ] | INFO | full_experiments_using.model_trainers.mobile_vit_trainer | Ep [087/500] T-Acc:  62.9%  V-Acc:  56.0%  V-AUROC: 0.5729  LR: 1.00e-06
2026-08-03 14:02:36,597 | [FULL    ] | INFO | full_experiments_using.model_trainers.mobile_vit_trainer | Ep [088/500] T-Acc:  61.8%  V-Acc:  56.1%  V-AUROC: 0.5728  LR: 1.00e-06
2026-08-03 14:03:05,115 | [FULL    ] | INFO | full_experiments_using.model_trainers.mobile_vit_trainer | Ep [089/500] T-Acc:  62.5%  V-Acc:  55.6%  V-AUROC: 0.5751  LR: 1.00e-06
2026-08-03 14:03:33,053 | [FULL    ] | INFO | full_experiments_using.model_trainers.mobile_vit_trainer | Ep [090/500] T-Acc:  61.9%  V-Acc:  55.4%  V-AUROC: 0.5753  LR: 1.00e-06
2026-08-03 14:04:01,603 | [FULL    ] | INFO | full_experiments_using.model_trainers.mobile_vit_trainer | Ep [091/500] T-Acc:  61.1%  V-Acc:  55.9%  V-AUROC: 0.5734  LR: 1.00e-06
2026-08-03 14:04:30,097 | [FULL    ] | INFO | full_experiments_using.model_trainers.mobile_vit_trainer | Ep [092/500] T-Acc:  62.4%  V-Acc:  55.3%  V-AUROC: 0.5745  LR: 1.00e-06
2026-08-03 14:04:56,580 | [FULL    ] | INFO | full_experiments_using.model_trainers.mobile_vit_trainer | Ep [093/500] T-Acc:  61.8%  V-Acc:  55.3%  V-AUROC: 0.5745  LR: 1.00e-06
2026-08-03 14:04:56,580 | [FULL    ] | INFO | full_experiments_using.model_trainers.mobile_vit_trainer | Early stop — best AUROC 0.5782 at epoch 63 (no improvement for 30 epochs)
2026-08-03 14:04:56,580 | [FULL    ] | INFO | full_experiments_using.model_trainers.mobile_vit_trainer | Done. Best AUROC: 0.5782 (epoch 63) → /home/oem/choihyunsu/VOGBasedMCIDetection/outputs/checkpoints/run_20260803_091255_full_wvote_artifact30_w0-5-10-10-0-10-20-20_strat_4err/fold_09_best.pth
2026-08-03 14:05:07,176 | [FULL    ] | INFO | full_experiments_using.evaluators.monte_carlo_evaluator | -> Fold 10 Result | Acc=0.800 Sens=0.714 Spec=1.000 AUROC=1.000
2026-08-03 14:05:07,183 | [FULL    ] | INFO | full_experiments_using.evaluators.monte_carlo_evaluator | === Fold 11/30 | train: 25 subj (HC=10 MCI=15) / 3866 win | test: 12 subj (HC=4 MCI=8) / 1849 win ===
2026-08-03 14:05:07,404 | [FULL    ] | INFO | httpx | HTTP Request: HEAD https://huggingface.co/apple/mobilevit-small/resolve/main/config.json "HTTP/1.1 307 Temporary Redirect"
2026-08-03 14:05:07,417 | [FULL    ] | INFO | httpx | HTTP Request: HEAD https://huggingface.co/api/resolve-cache/models/apple/mobilevit-small/6c8612545dc98676d27bc518fa521d9e9af23e34/config.json "HTTP/1.1 200 OK"
2026-08-03 14:05:07,690 | [FULL    ] | INFO | httpx | HTTP Request: HEAD https://huggingface.co/apple/mobilevit-small/resolve/main/model.safetensors "HTTP/1.1 404 Not Found"
2026-08-03 14:05:07,899 | [FULL    ] | INFO | httpx | HTTP Request: HEAD https://huggingface.co/apple/mobilevit-small/resolve/main/model.safetensors.index.json "HTTP/1.1 404 Not Found"
2026-08-03 14:05:08,110 | [FULL    ] | INFO | httpx | HTTP Request: HEAD https://huggingface.co/apple/mobilevit-small/resolve/main/pytorch_model.bin "HTTP/1.1 302 Found"
2026-08-03 14:05:08,357 | [FULL    ] | INFO | httpx | HTTP Request: HEAD https://huggingface.co/apple/mobilevit-small/resolve/main/model.safetensors "HTTP/1.1 404 Not Found"
2026-08-03 14:05:08,570 | [FULL    ] | INFO | httpx | HTTP Request: GET https://huggingface.co/api/models/apple/mobilevit-small "HTTP/1.1 200 OK"
2026-08-03 14:05:08,870 | [FULL    ] | INFO | httpx | HTTP Request: GET https://huggingface.co/api/models/apple/mobilevit-small/commits/main "HTTP/1.1 200 OK"
2026-08-03 14:05:09,082 | [FULL    ] | INFO | httpx | HTTP Request: GET https://huggingface.co/api/models/apple/mobilevit-small/discussions?p=0 "HTTP/1.1 200 OK"
2026-08-03 14:05:09,296 | [FULL    ] | INFO | httpx | HTTP Request: GET https://huggingface.co/api/models/apple/mobilevit-small/commits/refs%2Fpr%2F6 "HTTP/1.1 200 OK"
2026-08-03 14:05:09,504 | [FULL    ] | INFO | httpx | HTTP Request: HEAD https://huggingface.co/apple/mobilevit-small/resolve/refs%2Fpr%2F6/model.safetensors.index.json "HTTP/1.1 404 Not Found"
2026-08-03 14:05:09,723 | [FULL    ] | INFO | httpx | HTTP Request: HEAD https://huggingface.co/apple/mobilevit-small/resolve/refs%2Fpr%2F6/model.safetensors "HTTP/1.1 302 Found"
2026-08-03 14:05:10,508 | [FULL    ] | INFO | full_experiments_using.model_trainers.mobile_vit_trainer | Device: cuda | max_epochs=500 | batch=32 | eval_batch=256 | es_patience=30
2026-08-03 14:05:10,520 | [FULL    ] | INFO | full_experiments_using.model_trainers.mobile_vit_trainer | CE weights — HC: 1.106  MCI: 0.913
2026-08-03 14:05:45,241 | [FULL    ] | INFO | full_experiments_using.model_trainers.mobile_vit_trainer | Ep [001/500] T-Acc:  52.8%  V-Acc:  57.9%  V-AUROC: 0.5171  LR: 2.00e-04
2026-08-03 14:05:45,361 | [FULL    ] | INFO | full_experiments_using.model_trainers.mobile_vit_trainer |   ↳ new best AUROC; saved checkpoint: /home/oem/choihyunsu/VOGBasedMCIDetection/outputs/checkpoints/run_20260803_091255_full_wvote_artifact30_w0-5-10-10-0-10-20-20_strat_4err/fold_10_best.pth
2026-08-03 14:06:13,341 | [FULL    ] | INFO | full_experiments_using.model_trainers.mobile_vit_trainer | Ep [002/500] T-Acc:  54.6%  V-Acc:  56.1%  V-AUROC: 0.5185  LR: 4.00e-04
2026-08-03 14:06:13,489 | [FULL    ] | INFO | full_experiments_using.model_trainers.mobile_vit_trainer |   ↳ new best AUROC; saved checkpoint: /home/oem/choihyunsu/VOGBasedMCIDetection/outputs/checkpoints/run_20260803_091255_full_wvote_artifact30_w0-5-10-10-0-10-20-20_strat_4err/fold_10_best.pth
2026-08-03 14:06:40,027 | [FULL    ] | INFO | full_experiments_using.model_trainers.mobile_vit_trainer | Ep [003/500] T-Acc:  52.7%  V-Acc:  56.9%  V-AUROC: 0.5397  LR: 6.00e-04
2026-08-03 14:06:40,198 | [FULL    ] | INFO | full_experiments_using.model_trainers.mobile_vit_trainer |   ↳ new best AUROC; saved checkpoint: /home/oem/choihyunsu/VOGBasedMCIDetection/outputs/checkpoints/run_20260803_091255_full_wvote_artifact30_w0-5-10-10-0-10-20-20_strat_4err/fold_10_best.pth
2026-08-03 14:07:08,335 | [FULL    ] | INFO | full_experiments_using.model_trainers.mobile_vit_trainer | Ep [004/500] T-Acc:  52.5%  V-Acc:  57.8%  V-AUROC: 0.5533  LR: 8.00e-04
2026-08-03 14:07:08,530 | [FULL    ] | INFO | full_experiments_using.model_trainers.mobile_vit_trainer |   ↳ new best AUROC; saved checkpoint: /home/oem/choihyunsu/VOGBasedMCIDetection/outputs/checkpoints/run_20260803_091255_full_wvote_artifact30_w0-5-10-10-0-10-20-20_strat_4err/fold_10_best.pth
2026-08-03 14:07:36,509 | [FULL    ] | INFO | full_experiments_using.model_trainers.mobile_vit_trainer | Ep [005/500] T-Acc:  53.7%  V-Acc:  56.8%  V-AUROC: 0.5556  LR: 1.00e-03
2026-08-03 14:07:36,676 | [FULL    ] | INFO | full_experiments_using.model_trainers.mobile_vit_trainer |   ↳ new best AUROC; saved checkpoint: /home/oem/choihyunsu/VOGBasedMCIDetection/outputs/checkpoints/run_20260803_091255_full_wvote_artifact30_w0-5-10-10-0-10-20-20_strat_4err/fold_10_best.pth
2026-08-03 14:08:04,651 | [FULL    ] | INFO | full_experiments_using.model_trainers.mobile_vit_trainer | Ep [006/500] T-Acc:  53.4%  V-Acc:  56.3%  V-AUROC: 0.5605  LR: 1.00e-03
2026-08-03 14:08:04,774 | [FULL    ] | INFO | full_experiments_using.model_trainers.mobile_vit_trainer |   ↳ new best AUROC; saved checkpoint: /home/oem/choihyunsu/VOGBasedMCIDetection/outputs/checkpoints/run_20260803_091255_full_wvote_artifact30_w0-5-10-10-0-10-20-20_strat_4err/fold_10_best.pth
2026-08-03 14:08:33,183 | [FULL    ] | INFO | full_experiments_using.model_trainers.mobile_vit_trainer | Ep [007/500] T-Acc:  52.4%  V-Acc:  56.4%  V-AUROC: 0.5678  LR: 1.00e-03
2026-08-03 14:08:33,331 | [FULL    ] | INFO | full_experiments_using.model_trainers.mobile_vit_trainer |   ↳ new best AUROC; saved checkpoint: /home/oem/choihyunsu/VOGBasedMCIDetection/outputs/checkpoints/run_20260803_091255_full_wvote_artifact30_w0-5-10-10-0-10-20-20_strat_4err/fold_10_best.pth
2026-08-03 14:09:01,563 | [FULL    ] | INFO | full_experiments_using.model_trainers.mobile_vit_trainer | Ep [008/500] T-Acc:  53.7%  V-Acc:  56.5%  V-AUROC: 0.5764  LR: 1.00e-03
2026-08-03 14:09:01,713 | [FULL    ] | INFO | full_experiments_using.model_trainers.mobile_vit_trainer |   ↳ new best AUROC; saved checkpoint: /home/oem/choihyunsu/VOGBasedMCIDetection/outputs/checkpoints/run_20260803_091255_full_wvote_artifact30_w0-5-10-10-0-10-20-20_strat_4err/fold_10_best.pth
2026-08-03 14:09:29,678 | [FULL    ] | INFO | full_experiments_using.model_trainers.mobile_vit_trainer | Ep [009/500] T-Acc:  54.2%  V-Acc:  56.6%  V-AUROC: 0.5868  LR: 1.00e-03
2026-08-03 14:09:29,835 | [FULL    ] | INFO | full_experiments_using.model_trainers.mobile_vit_trainer |   ↳ new best AUROC; saved checkpoint: /home/oem/choihyunsu/VOGBasedMCIDetection/outputs/checkpoints/run_20260803_091255_full_wvote_artifact30_w0-5-10-10-0-10-20-20_strat_4err/fold_10_best.pth
2026-08-03 14:09:58,049 | [FULL    ] | INFO | full_experiments_using.model_trainers.mobile_vit_trainer | Ep [010/500] T-Acc:  53.8%  V-Acc:  58.9%  V-AUROC: 0.6126  LR: 1.00e-03
2026-08-03 14:09:58,224 | [FULL    ] | INFO | full_experiments_using.model_trainers.mobile_vit_trainer |   ↳ new best AUROC; saved checkpoint: /home/oem/choihyunsu/VOGBasedMCIDetection/outputs/checkpoints/run_20260803_091255_full_wvote_artifact30_w0-5-10-10-0-10-20-20_strat_4err/fold_10_best.pth
2026-08-03 14:10:26,108 | [FULL    ] | INFO | full_experiments_using.model_trainers.mobile_vit_trainer | Ep [011/500] T-Acc:  52.8%  V-Acc:  55.6%  V-AUROC: 0.5767  LR: 1.00e-03
2026-08-03 14:10:54,608 | [FULL    ] | INFO | full_experiments_using.model_trainers.mobile_vit_trainer | Ep [012/500] T-Acc:  55.8%  V-Acc:  55.7%  V-AUROC: 0.5769  LR: 1.00e-03
2026-08-03 14:11:22,744 | [FULL    ] | INFO | full_experiments_using.model_trainers.mobile_vit_trainer | Ep [013/500] T-Acc:  55.2%  V-Acc:  57.1%  V-AUROC: 0.6006  LR: 1.00e-03
2026-08-03 14:11:51,267 | [FULL    ] | INFO | full_experiments_using.model_trainers.mobile_vit_trainer | Ep [014/500] T-Acc:  54.8%  V-Acc:  56.8%  V-AUROC: 0.6056  LR: 1.00e-03
2026-08-03 14:12:19,493 | [FULL    ] | INFO | full_experiments_using.model_trainers.mobile_vit_trainer | Ep [015/500] T-Acc:  54.7%  V-Acc:  56.7%  V-AUROC: 0.6121  LR: 1.00e-03
2026-08-03 14:12:47,605 | [FULL    ] | INFO | full_experiments_using.model_trainers.mobile_vit_trainer | Ep [016/500] T-Acc:  55.7%  V-Acc:  56.1%  V-AUROC: 0.6059  LR: 1.00e-03
2026-08-03 14:13:15,628 | [FULL    ] | INFO | full_experiments_using.model_trainers.mobile_vit_trainer | Ep [017/500] T-Acc:  54.7%  V-Acc:  56.5%  V-AUROC: 0.5904  LR: 1.00e-03
2026-08-03 14:13:43,649 | [FULL    ] | INFO | full_experiments_using.model_trainers.mobile_vit_trainer | Ep [018/500] T-Acc:  55.1%  V-Acc:  56.2%  V-AUROC: 0.5966  LR: 1.00e-03
2026-08-03 14:14:11,841 | [FULL    ] | INFO | full_experiments_using.model_trainers.mobile_vit_trainer | Ep [019/500] T-Acc:  55.8%  V-Acc:  57.4%  V-AUROC: 0.5939  LR: 1.00e-03
2026-08-03 14:14:40,006 | [FULL    ] | INFO | full_experiments_using.model_trainers.mobile_vit_trainer | Ep [020/500] T-Acc:  56.5%  V-Acc:  56.1%  V-AUROC: 0.6091  LR: 1.00e-03
2026-08-03 14:15:08,182 | [FULL    ] | INFO | full_experiments_using.model_trainers.mobile_vit_trainer | Ep [021/500] T-Acc:  57.2%  V-Acc:  57.9%  V-AUROC: 0.6054  LR: 1.00e-03
2026-08-03 14:15:36,483 | [FULL    ] | INFO | full_experiments_using.model_trainers.mobile_vit_trainer | Ep [022/500] T-Acc:  56.5%  V-Acc:  57.5%  V-AUROC: 0.6075  LR: 2.00e-04
2026-08-03 14:16:04,679 | [FULL    ] | INFO | full_experiments_using.model_trainers.mobile_vit_trainer | Ep [023/500] T-Acc:  56.1%  V-Acc:  57.1%  V-AUROC: 0.6051  LR: 2.00e-04
2026-08-03 14:16:32,757 | [FULL    ] | INFO | full_experiments_using.model_trainers.mobile_vit_trainer | Ep [024/500] T-Acc:  57.4%  V-Acc:  57.7%  V-AUROC: 0.6091  LR: 2.00e-04
2026-08-03 14:17:01,090 | [FULL    ] | INFO | full_experiments_using.model_trainers.mobile_vit_trainer | Ep [025/500] T-Acc:  57.4%  V-Acc:  57.1%  V-AUROC: 0.6034  LR: 2.00e-04
2026-08-03 14:17:29,279 | [FULL    ] | INFO | full_experiments_using.model_trainers.mobile_vit_trainer | Ep [026/500] T-Acc:  57.1%  V-Acc:  56.8%  V-AUROC: 0.6002  LR: 2.00e-04
2026-08-03 14:17:57,409 | [FULL    ] | INFO | full_experiments_using.model_trainers.mobile_vit_trainer | Ep [027/500] T-Acc:  57.4%  V-Acc:  57.8%  V-AUROC: 0.6041  LR: 2.00e-04
2026-08-03 14:18:25,666 | [FULL    ] | INFO | full_experiments_using.model_trainers.mobile_vit_trainer | Ep [028/500] T-Acc:  56.9%  V-Acc:  57.0%  V-AUROC: 0.6023  LR: 2.00e-04
2026-08-03 14:18:53,798 | [FULL    ] | INFO | full_experiments_using.model_trainers.mobile_vit_trainer | Ep [029/500] T-Acc:  57.7%  V-Acc:  58.1%  V-AUROC: 0.6124  LR: 2.00e-04
2026-08-03 14:19:22,283 | [FULL    ] | INFO | full_experiments_using.model_trainers.mobile_vit_trainer | Ep [030/500] T-Acc:  57.7%  V-Acc:  57.2%  V-AUROC: 0.6037  LR: 2.00e-04
2026-08-03 14:19:48,861 | [FULL    ] | INFO | full_experiments_using.model_trainers.mobile_vit_trainer | Ep [031/500] T-Acc:  57.7%  V-Acc:  57.3%  V-AUROC: 0.6038  LR: 2.00e-04
2026-08-03 14:20:16,312 | [FULL    ] | INFO | full_experiments_using.model_trainers.mobile_vit_trainer | Ep [032/500] T-Acc:  57.3%  V-Acc:  57.3%  V-AUROC: 0.6026  LR: 2.00e-04
2026-08-03 14:20:43,533 | [FULL    ] | INFO | full_experiments_using.model_trainers.mobile_vit_trainer | Ep [033/500] T-Acc:  58.8%  V-Acc:  57.6%  V-AUROC: 0.6026  LR: 4.00e-05
2026-08-03 14:21:11,474 | [FULL    ] | INFO | full_experiments_using.model_trainers.mobile_vit_trainer | Ep [034/500] T-Acc:  57.7%  V-Acc:  58.0%  V-AUROC: 0.6052  LR: 4.00e-05
2026-08-03 14:21:39,534 | [FULL    ] | INFO | full_experiments_using.model_trainers.mobile_vit_trainer | Ep [035/500] T-Acc:  57.3%  V-Acc:  57.8%  V-AUROC: 0.6071  LR: 4.00e-05
2026-08-03 14:22:07,535 | [FULL    ] | INFO | full_experiments_using.model_trainers.mobile_vit_trainer | Ep [036/500] T-Acc:  57.4%  V-Acc:  58.4%  V-AUROC: 0.6095  LR: 4.00e-05
2026-08-03 14:22:35,968 | [FULL    ] | INFO | full_experiments_using.model_trainers.mobile_vit_trainer | Ep [037/500] T-Acc:  58.1%  V-Acc:  57.9%  V-AUROC: 0.6085  LR: 4.00e-05
2026-08-03 14:23:04,111 | [FULL    ] | INFO | full_experiments_using.model_trainers.mobile_vit_trainer | Ep [038/500] T-Acc:  57.7%  V-Acc:  58.0%  V-AUROC: 0.6069  LR: 4.00e-05
2026-08-03 14:23:32,203 | [FULL    ] | INFO | full_experiments_using.model_trainers.mobile_vit_trainer | Ep [039/500] T-Acc:  58.4%  V-Acc:  58.1%  V-AUROC: 0.6067  LR: 4.00e-05
2026-08-03 14:24:00,522 | [FULL    ] | INFO | full_experiments_using.model_trainers.mobile_vit_trainer | Ep [040/500] T-Acc:  57.3%  V-Acc:  57.7%  V-AUROC: 0.6056  LR: 4.00e-05
2026-08-03 14:24:00,522 | [FULL    ] | INFO | full_experiments_using.model_trainers.mobile_vit_trainer | Early stop — best AUROC 0.6126 at epoch 10 (no improvement for 30 epochs)
2026-08-03 14:24:00,523 | [FULL    ] | INFO | full_experiments_using.model_trainers.mobile_vit_trainer | Done. Best AUROC: 0.6126 (epoch 10) → /home/oem/choihyunsu/VOGBasedMCIDetection/outputs/checkpoints/run_20260803_091255_full_wvote_artifact30_w0-5-10-10-0-10-20-20_strat_4err/fold_10_best.pth
2026-08-03 14:24:09,812 | [FULL    ] | INFO | full_experiments_using.evaluators.monte_carlo_evaluator | -> Fold 11 Result | Acc=0.909 Sens=1.000 Spec=0.750 AUROC=1.000
2026-08-03 14:24:09,819 | [FULL    ] | INFO | full_experiments_using.evaluators.monte_carlo_evaluator | === Fold 12/30 | train: 25 subj (HC=10 MCI=15) / 3812 win | test: 12 subj (HC=4 MCI=8) / 1903 win ===
2026-08-03 14:24:10,047 | [FULL    ] | INFO | httpx | HTTP Request: HEAD https://huggingface.co/apple/mobilevit-small/resolve/main/config.json "HTTP/1.1 307 Temporary Redirect"
2026-08-03 14:24:10,061 | [FULL    ] | INFO | httpx | HTTP Request: HEAD https://huggingface.co/api/resolve-cache/models/apple/mobilevit-small/6c8612545dc98676d27bc518fa521d9e9af23e34/config.json "HTTP/1.1 200 OK"
2026-08-03 14:24:10,336 | [FULL    ] | INFO | httpx | HTTP Request: HEAD https://huggingface.co/apple/mobilevit-small/resolve/main/model.safetensors "HTTP/1.1 404 Not Found"
2026-08-03 14:24:10,546 | [FULL    ] | INFO | httpx | HTTP Request: HEAD https://huggingface.co/apple/mobilevit-small/resolve/main/model.safetensors.index.json "HTTP/1.1 404 Not Found"
2026-08-03 14:24:10,769 | [FULL    ] | INFO | httpx | HTTP Request: HEAD https://huggingface.co/apple/mobilevit-small/resolve/main/pytorch_model.bin "HTTP/1.1 302 Found"
2026-08-03 14:24:10,976 | [FULL    ] | INFO | httpx | HTTP Request: HEAD https://huggingface.co/apple/mobilevit-small/resolve/main/model.safetensors "HTTP/1.1 404 Not Found"
2026-08-03 14:24:11,188 | [FULL    ] | INFO | httpx | HTTP Request: GET https://huggingface.co/api/models/apple/mobilevit-small "HTTP/1.1 200 OK"
2026-08-03 14:24:11,422 | [FULL    ] | INFO | httpx | HTTP Request: GET https://huggingface.co/api/models/apple/mobilevit-small/commits/main "HTTP/1.1 200 OK"
2026-08-03 14:24:11,638 | [FULL    ] | INFO | httpx | HTTP Request: GET https://huggingface.co/api/models/apple/mobilevit-small/discussions?p=0 "HTTP/1.1 200 OK"
2026-08-03 14:24:11,873 | [FULL    ] | INFO | httpx | HTTP Request: GET https://huggingface.co/api/models/apple/mobilevit-small/commits/refs%2Fpr%2F6 "HTTP/1.1 200 OK"
2026-08-03 14:24:12,080 | [FULL    ] | INFO | httpx | HTTP Request: HEAD https://huggingface.co/apple/mobilevit-small/resolve/refs%2Fpr%2F6/model.safetensors.index.json "HTTP/1.1 404 Not Found"
2026-08-03 14:24:12,290 | [FULL    ] | INFO | httpx | HTTP Request: HEAD https://huggingface.co/apple/mobilevit-small/resolve/refs%2Fpr%2F6/model.safetensors "HTTP/1.1 302 Found"
2026-08-03 14:24:12,526 | [FULL    ] | INFO | full_experiments_using.model_trainers.mobile_vit_trainer | Device: cuda | max_epochs=500 | batch=32 | eval_batch=256 | es_patience=30
2026-08-03 14:24:12,531 | [FULL    ] | INFO | full_experiments_using.model_trainers.mobile_vit_trainer | CE weights — HC: 1.084  MCI: 0.928
2026-08-03 14:24:54,294 | [FULL    ] | INFO | full_experiments_using.model_trainers.mobile_vit_trainer | Ep [001/500] T-Acc:  51.1%  V-Acc:  53.4%  V-AUROC: 0.5301  LR: 2.00e-04
2026-08-03 14:24:54,355 | [FULL    ] | INFO | full_experiments_using.model_trainers.mobile_vit_trainer |   ↳ new best AUROC; saved checkpoint: /home/oem/choihyunsu/VOGBasedMCIDetection/outputs/checkpoints/run_20260803_091255_full_wvote_artifact30_w0-5-10-10-0-10-20-20_strat_4err/fold_11_best.pth
2026-08-03 14:25:22,552 | [FULL    ] | INFO | full_experiments_using.model_trainers.mobile_vit_trainer | Ep [002/500] T-Acc:  51.2%  V-Acc:  53.1%  V-AUROC: 0.5287  LR: 4.00e-04
2026-08-03 14:25:50,437 | [FULL    ] | INFO | full_experiments_using.model_trainers.mobile_vit_trainer | Ep [003/500] T-Acc:  50.7%  V-Acc:  54.5%  V-AUROC: 0.5486  LR: 6.00e-04
2026-08-03 14:25:50,553 | [FULL    ] | INFO | full_experiments_using.model_trainers.mobile_vit_trainer |   ↳ new best AUROC; saved checkpoint: /home/oem/choihyunsu/VOGBasedMCIDetection/outputs/checkpoints/run_20260803_091255_full_wvote_artifact30_w0-5-10-10-0-10-20-20_strat_4err/fold_11_best.pth
2026-08-03 14:26:18,744 | [FULL    ] | INFO | full_experiments_using.model_trainers.mobile_vit_trainer | Ep [004/500] T-Acc:  52.2%  V-Acc:  53.4%  V-AUROC: 0.5439  LR: 8.00e-04
2026-08-03 14:26:44,744 | [FULL    ] | INFO | full_experiments_using.model_trainers.mobile_vit_trainer | Ep [005/500] T-Acc:  51.9%  V-Acc:  53.1%  V-AUROC: 0.5448  LR: 1.00e-03
2026-08-03 14:27:10,634 | [FULL    ] | INFO | full_experiments_using.model_trainers.mobile_vit_trainer | Ep [006/500] T-Acc:  54.1%  V-Acc:  54.0%  V-AUROC: 0.5578  LR: 1.00e-03
2026-08-03 14:27:10,758 | [FULL    ] | INFO | full_experiments_using.model_trainers.mobile_vit_trainer |   ↳ new best AUROC; saved checkpoint: /home/oem/choihyunsu/VOGBasedMCIDetection/outputs/checkpoints/run_20260803_091255_full_wvote_artifact30_w0-5-10-10-0-10-20-20_strat_4err/fold_11_best.pth
2026-08-03 14:27:38,729 | [FULL    ] | INFO | full_experiments_using.model_trainers.mobile_vit_trainer | Ep [007/500] T-Acc:  52.9%  V-Acc:  55.1%  V-AUROC: 0.5592  LR: 1.00e-03
2026-08-03 14:27:38,833 | [FULL    ] | INFO | full_experiments_using.model_trainers.mobile_vit_trainer |   ↳ new best AUROC; saved checkpoint: /home/oem/choihyunsu/VOGBasedMCIDetection/outputs/checkpoints/run_20260803_091255_full_wvote_artifact30_w0-5-10-10-0-10-20-20_strat_4err/fold_11_best.pth
2026-08-03 14:28:06,702 | [FULL    ] | INFO | full_experiments_using.model_trainers.mobile_vit_trainer | Ep [008/500] T-Acc:  53.6%  V-Acc:  55.5%  V-AUROC: 0.5638  LR: 1.00e-03
2026-08-03 14:28:06,819 | [FULL    ] | INFO | full_experiments_using.model_trainers.mobile_vit_trainer |   ↳ new best AUROC; saved checkpoint: /home/oem/choihyunsu/VOGBasedMCIDetection/outputs/checkpoints/run_20260803_091255_full_wvote_artifact30_w0-5-10-10-0-10-20-20_strat_4err/fold_11_best.pth
2026-08-03 14:28:34,882 | [FULL    ] | INFO | full_experiments_using.model_trainers.mobile_vit_trainer | Ep [009/500] T-Acc:  53.3%  V-Acc:  56.5%  V-AUROC: 0.5848  LR: 1.00e-03
2026-08-03 14:28:35,063 | [FULL    ] | INFO | full_experiments_using.model_trainers.mobile_vit_trainer |   ↳ new best AUROC; saved checkpoint: /home/oem/choihyunsu/VOGBasedMCIDetection/outputs/checkpoints/run_20260803_091255_full_wvote_artifact30_w0-5-10-10-0-10-20-20_strat_4err/fold_11_best.pth
2026-08-03 14:29:03,131 | [FULL    ] | INFO | full_experiments_using.model_trainers.mobile_vit_trainer | Ep [010/500] T-Acc:  53.8%  V-Acc:  55.4%  V-AUROC: 0.5567  LR: 1.00e-03
2026-08-03 14:29:31,321 | [FULL    ] | INFO | full_experiments_using.model_trainers.mobile_vit_trainer | Ep [011/500] T-Acc:  55.4%  V-Acc:  54.5%  V-AUROC: 0.5667  LR: 1.00e-03
2026-08-03 14:29:59,347 | [FULL    ] | INFO | full_experiments_using.model_trainers.mobile_vit_trainer | Ep [012/500] T-Acc:  56.2%  V-Acc:  54.3%  V-AUROC: 0.5712  LR: 1.00e-03
2026-08-03 14:30:27,643 | [FULL    ] | INFO | full_experiments_using.model_trainers.mobile_vit_trainer | Ep [013/500] T-Acc:  54.7%  V-Acc:  54.7%  V-AUROC: 0.5683  LR: 1.00e-03
2026-08-03 14:30:55,596 | [FULL    ] | INFO | full_experiments_using.model_trainers.mobile_vit_trainer | Ep [014/500] T-Acc:  54.1%  V-Acc:  54.1%  V-AUROC: 0.5648  LR: 1.00e-03
2026-08-03 14:31:23,549 | [FULL    ] | INFO | full_experiments_using.model_trainers.mobile_vit_trainer | Ep [015/500] T-Acc:  55.1%  V-Acc:  55.9%  V-AUROC: 0.5804  LR: 1.00e-03
2026-08-03 14:31:51,756 | [FULL    ] | INFO | full_experiments_using.model_trainers.mobile_vit_trainer | Ep [016/500] T-Acc:  56.9%  V-Acc:  55.0%  V-AUROC: 0.5753  LR: 1.00e-03
2026-08-03 14:32:19,933 | [FULL    ] | INFO | full_experiments_using.model_trainers.mobile_vit_trainer | Ep [017/500] T-Acc:  56.2%  V-Acc:  54.2%  V-AUROC: 0.5609  LR: 1.00e-03
2026-08-03 14:32:47,888 | [FULL    ] | INFO | full_experiments_using.model_trainers.mobile_vit_trainer | Ep [018/500] T-Acc:  55.9%  V-Acc:  57.7%  V-AUROC: 0.5950  LR: 1.00e-03
2026-08-03 14:32:48,007 | [FULL    ] | INFO | full_experiments_using.model_trainers.mobile_vit_trainer |   ↳ new best AUROC; saved checkpoint: /home/oem/choihyunsu/VOGBasedMCIDetection/outputs/checkpoints/run_20260803_091255_full_wvote_artifact30_w0-5-10-10-0-10-20-20_strat_4err/fold_11_best.pth
2026-08-03 14:33:16,114 | [FULL    ] | INFO | full_experiments_using.model_trainers.mobile_vit_trainer | Ep [019/500] T-Acc:  56.9%  V-Acc:  55.6%  V-AUROC: 0.5740  LR: 1.00e-03
2026-08-03 14:33:44,217 | [FULL    ] | INFO | full_experiments_using.model_trainers.mobile_vit_trainer | Ep [020/500] T-Acc:  56.4%  V-Acc:  55.8%  V-AUROC: 0.5743  LR: 1.00e-03
2026-08-03 14:34:12,318 | [FULL    ] | INFO | full_experiments_using.model_trainers.mobile_vit_trainer | Ep [021/500] T-Acc:  57.0%  V-Acc:  53.9%  V-AUROC: 0.5754  LR: 1.00e-03
2026-08-03 14:34:40,629 | [FULL    ] | INFO | full_experiments_using.model_trainers.mobile_vit_trainer | Ep [022/500] T-Acc:  57.8%  V-Acc:  55.0%  V-AUROC: 0.5737  LR: 1.00e-03
2026-08-03 14:35:08,855 | [FULL    ] | INFO | full_experiments_using.model_trainers.mobile_vit_trainer | Ep [023/500] T-Acc:  57.4%  V-Acc:  55.2%  V-AUROC: 0.5794  LR: 1.00e-03
2026-08-03 14:35:37,018 | [FULL    ] | INFO | full_experiments_using.model_trainers.mobile_vit_trainer | Ep [024/500] T-Acc:  57.6%  V-Acc:  55.5%  V-AUROC: 0.5782  LR: 1.00e-03
2026-08-03 14:36:05,028 | [FULL    ] | INFO | full_experiments_using.model_trainers.mobile_vit_trainer | Ep [025/500] T-Acc:  58.9%  V-Acc:  54.6%  V-AUROC: 0.5828  LR: 1.00e-03
2026-08-03 14:36:32,947 | [FULL    ] | INFO | full_experiments_using.model_trainers.mobile_vit_trainer | Ep [026/500] T-Acc:  58.5%  V-Acc:  55.8%  V-AUROC: 0.5844  LR: 1.00e-03
2026-08-03 14:37:00,790 | [FULL    ] | INFO | full_experiments_using.model_trainers.mobile_vit_trainer | Ep [027/500] T-Acc:  57.9%  V-Acc:  53.9%  V-AUROC: 0.5604  LR: 1.00e-03
2026-08-03 14:37:28,973 | [FULL    ] | INFO | full_experiments_using.model_trainers.mobile_vit_trainer | Ep [028/500] T-Acc:  56.9%  V-Acc:  55.2%  V-AUROC: 0.5835  LR: 1.00e-03
2026-08-03 14:37:57,180 | [FULL    ] | INFO | full_experiments_using.model_trainers.mobile_vit_trainer | Ep [029/500] T-Acc:  59.0%  V-Acc:  54.6%  V-AUROC: 0.5806  LR: 1.00e-03
2026-08-03 14:38:25,122 | [FULL    ] | INFO | full_experiments_using.model_trainers.mobile_vit_trainer | Ep [030/500] T-Acc:  58.2%  V-Acc:  54.2%  V-AUROC: 0.5694  LR: 2.00e-04
2026-08-03 14:38:52,813 | [FULL    ] | INFO | full_experiments_using.model_trainers.mobile_vit_trainer | Ep [031/500] T-Acc:  59.1%  V-Acc:  55.0%  V-AUROC: 0.5717  LR: 2.00e-04
2026-08-03 14:39:20,808 | [FULL    ] | INFO | full_experiments_using.model_trainers.mobile_vit_trainer | Ep [032/500] T-Acc:  59.5%  V-Acc:  54.6%  V-AUROC: 0.5742  LR: 2.00e-04
2026-08-03 14:39:48,926 | [FULL    ] | INFO | full_experiments_using.model_trainers.mobile_vit_trainer | Ep [033/500] T-Acc:  58.7%  V-Acc:  55.2%  V-AUROC: 0.5718  LR: 2.00e-04
2026-08-03 14:40:17,236 | [FULL    ] | INFO | full_experiments_using.model_trainers.mobile_vit_trainer | Ep [034/500] T-Acc:  59.9%  V-Acc:  55.0%  V-AUROC: 0.5743  LR: 2.00e-04
2026-08-03 14:40:45,277 | [FULL    ] | INFO | full_experiments_using.model_trainers.mobile_vit_trainer | Ep [035/500] T-Acc:  59.7%  V-Acc:  55.0%  V-AUROC: 0.5725  LR: 2.00e-04
2026-08-03 14:41:13,572 | [FULL    ] | INFO | full_experiments_using.model_trainers.mobile_vit_trainer | Ep [036/500] T-Acc:  59.1%  V-Acc:  55.1%  V-AUROC: 0.5734  LR: 2.00e-04
2026-08-03 14:41:41,794 | [FULL    ] | INFO | full_experiments_using.model_trainers.mobile_vit_trainer | Ep [037/500] T-Acc:  59.1%  V-Acc:  55.3%  V-AUROC: 0.5693  LR: 2.00e-04
2026-08-03 14:42:09,789 | [FULL    ] | INFO | full_experiments_using.model_trainers.mobile_vit_trainer | Ep [038/500] T-Acc:  59.0%  V-Acc:  54.9%  V-AUROC: 0.5657  LR: 2.00e-04
2026-08-03 14:42:37,894 | [FULL    ] | INFO | full_experiments_using.model_trainers.mobile_vit_trainer | Ep [039/500] T-Acc:  59.1%  V-Acc:  54.3%  V-AUROC: 0.5686  LR: 2.00e-04
2026-08-03 14:43:06,159 | [FULL    ] | INFO | full_experiments_using.model_trainers.mobile_vit_trainer | Ep [040/500] T-Acc:  58.7%  V-Acc:  55.2%  V-AUROC: 0.5710  LR: 2.00e-04
2026-08-03 14:43:34,193 | [FULL    ] | INFO | full_experiments_using.model_trainers.mobile_vit_trainer | Ep [041/500] T-Acc:  59.6%  V-Acc:  55.1%  V-AUROC: 0.5697  LR: 4.00e-05
2026-08-03 14:44:02,155 | [FULL    ] | INFO | full_experiments_using.model_trainers.mobile_vit_trainer | Ep [042/500] T-Acc:  59.9%  V-Acc:  54.9%  V-AUROC: 0.5704  LR: 4.00e-05
2026-08-03 14:44:28,499 | [FULL    ] | INFO | full_experiments_using.model_trainers.mobile_vit_trainer | Ep [043/500] T-Acc:  58.3%  V-Acc:  55.2%  V-AUROC: 0.5703  LR: 4.00e-05
2026-08-03 14:44:55,606 | [FULL    ] | INFO | full_experiments_using.model_trainers.mobile_vit_trainer | Ep [044/500] T-Acc:  58.5%  V-Acc:  54.7%  V-AUROC: 0.5727  LR: 4.00e-05
2026-08-03 14:45:22,397 | [FULL    ] | INFO | full_experiments_using.model_trainers.mobile_vit_trainer | Ep [045/500] T-Acc:  59.2%  V-Acc:  55.7%  V-AUROC: 0.5711  LR: 4.00e-05
2026-08-03 14:45:50,585 | [FULL    ] | INFO | full_experiments_using.model_trainers.mobile_vit_trainer | Ep [046/500] T-Acc:  59.8%  V-Acc:  55.3%  V-AUROC: 0.5719  LR: 4.00e-05
2026-08-03 14:46:18,497 | [FULL    ] | INFO | full_experiments_using.model_trainers.mobile_vit_trainer | Ep [047/500] T-Acc:  59.7%  V-Acc:  55.4%  V-AUROC: 0.5717  LR: 4.00e-05
2026-08-03 14:46:46,679 | [FULL    ] | INFO | full_experiments_using.model_trainers.mobile_vit_trainer | Ep [048/500] T-Acc:  59.2%  V-Acc:  55.9%  V-AUROC: 0.5751  LR: 4.00e-05
2026-08-03 14:46:46,681 | [FULL    ] | INFO | full_experiments_using.model_trainers.mobile_vit_trainer | Early stop — best AUROC 0.5950 at epoch 18 (no improvement for 30 epochs)
2026-08-03 14:46:46,681 | [FULL    ] | INFO | full_experiments_using.model_trainers.mobile_vit_trainer | Done. Best AUROC: 0.5950 (epoch 18) → /home/oem/choihyunsu/VOGBasedMCIDetection/outputs/checkpoints/run_20260803_091255_full_wvote_artifact30_w0-5-10-10-0-10-20-20_strat_4err/fold_11_best.pth
2026-08-03 14:46:56,595 | [FULL    ] | INFO | full_experiments_using.evaluators.monte_carlo_evaluator | -> Fold 12 Result | Acc=0.909 Sens=1.000 Spec=0.750 AUROC=0.964
2026-08-03 14:46:56,602 | [FULL    ] | INFO | full_experiments_using.evaluators.monte_carlo_evaluator | === Fold 13/30 | train: 25 subj (HC=10 MCI=15) / 3806 win | test: 12 subj (HC=4 MCI=8) / 1909 win ===
2026-08-03 14:46:56,839 | [FULL    ] | INFO | httpx | HTTP Request: HEAD https://huggingface.co/apple/mobilevit-small/resolve/main/config.json "HTTP/1.1 307 Temporary Redirect"
2026-08-03 14:46:56,849 | [FULL    ] | INFO | httpx | HTTP Request: HEAD https://huggingface.co/api/resolve-cache/models/apple/mobilevit-small/6c8612545dc98676d27bc518fa521d9e9af23e34/config.json "HTTP/1.1 200 OK"
2026-08-03 14:46:57,141 | [FULL    ] | INFO | httpx | HTTP Request: HEAD https://huggingface.co/apple/mobilevit-small/resolve/main/model.safetensors "HTTP/1.1 404 Not Found"
2026-08-03 14:46:57,387 | [FULL    ] | INFO | httpx | HTTP Request: HEAD https://huggingface.co/apple/mobilevit-small/resolve/main/model.safetensors.index.json "HTTP/1.1 404 Not Found"
2026-08-03 14:46:57,609 | [FULL    ] | INFO | httpx | HTTP Request: HEAD https://huggingface.co/apple/mobilevit-small/resolve/main/pytorch_model.bin "HTTP/1.1 302 Found"
2026-08-03 14:46:57,809 | [FULL    ] | INFO | httpx | HTTP Request: HEAD https://huggingface.co/apple/mobilevit-small/resolve/main/model.safetensors "HTTP/1.1 404 Not Found"
2026-08-03 14:46:58,026 | [FULL    ] | INFO | httpx | HTTP Request: GET https://huggingface.co/api/models/apple/mobilevit-small "HTTP/1.1 200 OK"
2026-08-03 14:46:58,288 | [FULL    ] | INFO | httpx | HTTP Request: GET https://huggingface.co/api/models/apple/mobilevit-small/commits/main "HTTP/1.1 200 OK"
2026-08-03 14:46:58,517 | [FULL    ] | INFO | httpx | HTTP Request: GET https://huggingface.co/api/models/apple/mobilevit-small/discussions?p=0 "HTTP/1.1 200 OK"
2026-08-03 14:46:58,742 | [FULL    ] | INFO | httpx | HTTP Request: GET https://huggingface.co/api/models/apple/mobilevit-small/commits/refs%2Fpr%2F6 "HTTP/1.1 200 OK"
2026-08-03 14:46:59,052 | [FULL    ] | INFO | httpx | HTTP Request: HEAD https://huggingface.co/apple/mobilevit-small/resolve/refs%2Fpr%2F6/model.safetensors.index.json "HTTP/1.1 404 Not Found"
2026-08-03 14:46:59,254 | [FULL    ] | INFO | httpx | HTTP Request: HEAD https://huggingface.co/apple/mobilevit-small/resolve/refs%2Fpr%2F6/model.safetensors "HTTP/1.1 302 Found"
2026-08-03 14:46:59,755 | [FULL    ] | INFO | full_experiments_using.model_trainers.mobile_vit_trainer | Device: cuda | max_epochs=500 | batch=32 | eval_batch=256 | es_patience=30
2026-08-03 14:46:59,765 | [FULL    ] | INFO | full_experiments_using.model_trainers.mobile_vit_trainer | CE weights — HC: 1.079  MCI: 0.932
2026-08-03 14:47:41,786 | [FULL    ] | INFO | full_experiments_using.model_trainers.mobile_vit_trainer | Ep [001/500] T-Acc:  49.3%  V-Acc:  49.2%  V-AUROC: 0.5246  LR: 2.00e-04
2026-08-03 14:47:41,847 | [FULL    ] | INFO | full_experiments_using.model_trainers.mobile_vit_trainer |   ↳ new best AUROC; saved checkpoint: /home/oem/choihyunsu/VOGBasedMCIDetection/outputs/checkpoints/run_20260803_091255_full_wvote_artifact30_w0-5-10-10-0-10-20-20_strat_4err/fold_12_best.pth
2026-08-03 14:48:09,608 | [FULL    ] | INFO | full_experiments_using.model_trainers.mobile_vit_trainer | Ep [002/500] T-Acc:  49.6%  V-Acc:  50.4%  V-AUROC: 0.5320  LR: 4.00e-04
2026-08-03 14:48:09,771 | [FULL    ] | INFO | full_experiments_using.model_trainers.mobile_vit_trainer |   ↳ new best AUROC; saved checkpoint: /home/oem/choihyunsu/VOGBasedMCIDetection/outputs/checkpoints/run_20260803_091255_full_wvote_artifact30_w0-5-10-10-0-10-20-20_strat_4err/fold_12_best.pth
2026-08-03 14:48:37,629 | [FULL    ] | INFO | full_experiments_using.model_trainers.mobile_vit_trainer | Ep [003/500] T-Acc:  50.5%  V-Acc:  51.2%  V-AUROC: 0.5282  LR: 6.00e-04
2026-08-03 14:49:05,633 | [FULL    ] | INFO | full_experiments_using.model_trainers.mobile_vit_trainer | Ep [004/500] T-Acc:  50.1%  V-Acc:  54.0%  V-AUROC: 0.5329  LR: 8.00e-04
2026-08-03 14:49:05,826 | [FULL    ] | INFO | full_experiments_using.model_trainers.mobile_vit_trainer |   ↳ new best AUROC; saved checkpoint: /home/oem/choihyunsu/VOGBasedMCIDetection/outputs/checkpoints/run_20260803_091255_full_wvote_artifact30_w0-5-10-10-0-10-20-20_strat_4err/fold_12_best.pth
2026-08-03 14:49:33,586 | [FULL    ] | INFO | full_experiments_using.model_trainers.mobile_vit_trainer | Ep [005/500] T-Acc:  51.4%  V-Acc:  55.7%  V-AUROC: 0.5328  LR: 1.00e-03
2026-08-03 14:50:01,344 | [FULL    ] | INFO | full_experiments_using.model_trainers.mobile_vit_trainer | Ep [006/500] T-Acc:  54.0%  V-Acc:  53.7%  V-AUROC: 0.5245  LR: 1.00e-03
2026-08-03 14:50:29,082 | [FULL    ] | INFO | full_experiments_using.model_trainers.mobile_vit_trainer | Ep [007/500] T-Acc:  55.0%  V-Acc:  53.0%  V-AUROC: 0.5250  LR: 1.00e-03
2026-08-03 14:50:55,493 | [FULL    ] | INFO | full_experiments_using.model_trainers.mobile_vit_trainer | Ep [008/500] T-Acc:  55.8%  V-Acc:  55.0%  V-AUROC: 0.5175  LR: 1.00e-03
2026-08-03 14:51:21,827 | [FULL    ] | INFO | full_experiments_using.model_trainers.mobile_vit_trainer | Ep [009/500] T-Acc:  56.2%  V-Acc:  52.1%  V-AUROC: 0.5238  LR: 1.00e-03
2026-08-03 14:51:49,680 | [FULL    ] | INFO | full_experiments_using.model_trainers.mobile_vit_trainer | Ep [010/500] T-Acc:  55.7%  V-Acc:  52.1%  V-AUROC: 0.5263  LR: 1.00e-03
2026-08-03 14:52:17,654 | [FULL    ] | INFO | full_experiments_using.model_trainers.mobile_vit_trainer | Ep [011/500] T-Acc:  56.1%  V-Acc:  51.6%  V-AUROC: 0.5260  LR: 1.00e-03
2026-08-03 14:52:45,557 | [FULL    ] | INFO | full_experiments_using.model_trainers.mobile_vit_trainer | Ep [012/500] T-Acc:  58.3%  V-Acc:  51.8%  V-AUROC: 0.5283  LR: 1.00e-03
2026-08-03 14:53:13,605 | [FULL    ] | INFO | full_experiments_using.model_trainers.mobile_vit_trainer | Ep [013/500] T-Acc:  57.8%  V-Acc:  51.3%  V-AUROC: 0.5299  LR: 1.00e-03
2026-08-03 14:53:41,338 | [FULL    ] | INFO | full_experiments_using.model_trainers.mobile_vit_trainer | Ep [014/500] T-Acc:  57.5%  V-Acc:  52.9%  V-AUROC: 0.5398  LR: 1.00e-03
2026-08-03 14:53:41,455 | [FULL    ] | INFO | full_experiments_using.model_trainers.mobile_vit_trainer |   ↳ new best AUROC; saved checkpoint: /home/oem/choihyunsu/VOGBasedMCIDetection/outputs/checkpoints/run_20260803_091255_full_wvote_artifact30_w0-5-10-10-0-10-20-20_strat_4err/fold_12_best.pth
2026-08-03 14:54:09,308 | [FULL    ] | INFO | full_experiments_using.model_trainers.mobile_vit_trainer | Ep [015/500] T-Acc:  58.3%  V-Acc:  52.1%  V-AUROC: 0.5336  LR: 1.00e-03
2026-08-03 14:54:36,952 | [FULL    ] | INFO | full_experiments_using.model_trainers.mobile_vit_trainer | Ep [016/500] T-Acc:  57.7%  V-Acc:  51.8%  V-AUROC: 0.5327  LR: 1.00e-03
2026-08-03 14:55:04,908 | [FULL    ] | INFO | full_experiments_using.model_trainers.mobile_vit_trainer | Ep [017/500] T-Acc:  58.3%  V-Acc:  52.8%  V-AUROC: 0.5390  LR: 1.00e-03
2026-08-03 14:55:32,658 | [FULL    ] | INFO | full_experiments_using.model_trainers.mobile_vit_trainer | Ep [018/500] T-Acc:  59.1%  V-Acc:  50.2%  V-AUROC: 0.5283  LR: 1.00e-03
2026-08-03 14:56:00,782 | [FULL    ] | INFO | full_experiments_using.model_trainers.mobile_vit_trainer | Ep [019/500] T-Acc:  60.0%  V-Acc:  51.7%  V-AUROC: 0.5395  LR: 1.00e-03
2026-08-03 14:56:28,478 | [FULL    ] | INFO | full_experiments_using.model_trainers.mobile_vit_trainer | Ep [020/500] T-Acc:  58.3%  V-Acc:  51.9%  V-AUROC: 0.5370  LR: 1.00e-03
2026-08-03 14:56:56,157 | [FULL    ] | INFO | full_experiments_using.model_trainers.mobile_vit_trainer | Ep [021/500] T-Acc:  59.4%  V-Acc:  51.6%  V-AUROC: 0.5402  LR: 1.00e-03
2026-08-03 14:56:56,346 | [FULL    ] | INFO | full_experiments_using.model_trainers.mobile_vit_trainer |   ↳ new best AUROC; saved checkpoint: /home/oem/choihyunsu/VOGBasedMCIDetection/outputs/checkpoints/run_20260803_091255_full_wvote_artifact30_w0-5-10-10-0-10-20-20_strat_4err/fold_12_best.pth
2026-08-03 14:57:22,660 | [FULL    ] | INFO | full_experiments_using.model_trainers.mobile_vit_trainer | Ep [022/500] T-Acc:  59.6%  V-Acc:  52.8%  V-AUROC: 0.5452  LR: 1.00e-03
2026-08-03 14:57:22,791 | [FULL    ] | INFO | full_experiments_using.model_trainers.mobile_vit_trainer |   ↳ new best AUROC; saved checkpoint: /home/oem/choihyunsu/VOGBasedMCIDetection/outputs/checkpoints/run_20260803_091255_full_wvote_artifact30_w0-5-10-10-0-10-20-20_strat_4err/fold_12_best.pth
2026-08-03 14:57:50,535 | [FULL    ] | INFO | full_experiments_using.model_trainers.mobile_vit_trainer | Ep [023/500] T-Acc:  60.7%  V-Acc:  54.3%  V-AUROC: 0.5518  LR: 1.00e-03
2026-08-03 14:57:50,656 | [FULL    ] | INFO | full_experiments_using.model_trainers.mobile_vit_trainer |   ↳ new best AUROC; saved checkpoint: /home/oem/choihyunsu/VOGBasedMCIDetection/outputs/checkpoints/run_20260803_091255_full_wvote_artifact30_w0-5-10-10-0-10-20-20_strat_4err/fold_12_best.pth
2026-08-03 14:58:16,721 | [FULL    ] | INFO | full_experiments_using.model_trainers.mobile_vit_trainer | Ep [024/500] T-Acc:  59.1%  V-Acc:  52.0%  V-AUROC: 0.5516  LR: 1.00e-03
2026-08-03 14:58:44,552 | [FULL    ] | INFO | full_experiments_using.model_trainers.mobile_vit_trainer | Ep [025/500] T-Acc:  60.8%  V-Acc:  53.7%  V-AUROC: 0.5498  LR: 1.00e-03
2026-08-03 14:59:12,562 | [FULL    ] | INFO | full_experiments_using.model_trainers.mobile_vit_trainer | Ep [026/500] T-Acc:  59.7%  V-Acc:  53.0%  V-AUROC: 0.5471  LR: 1.00e-03
2026-08-03 14:59:40,309 | [FULL    ] | INFO | full_experiments_using.model_trainers.mobile_vit_trainer | Ep [027/500] T-Acc:  60.6%  V-Acc:  54.5%  V-AUROC: 0.5545  LR: 1.00e-03
2026-08-03 14:59:40,454 | [FULL    ] | INFO | full_experiments_using.model_trainers.mobile_vit_trainer |   ↳ new best AUROC; saved checkpoint: /home/oem/choihyunsu/VOGBasedMCIDetection/outputs/checkpoints/run_20260803_091255_full_wvote_artifact30_w0-5-10-10-0-10-20-20_strat_4err/fold_12_best.pth
2026-08-03 15:00:08,315 | [FULL    ] | INFO | full_experiments_using.model_trainers.mobile_vit_trainer | Ep [028/500] T-Acc:  61.3%  V-Acc:  54.4%  V-AUROC: 0.5560  LR: 1.00e-03
2026-08-03 15:00:08,434 | [FULL    ] | INFO | full_experiments_using.model_trainers.mobile_vit_trainer |   ↳ new best AUROC; saved checkpoint: /home/oem/choihyunsu/VOGBasedMCIDetection/outputs/checkpoints/run_20260803_091255_full_wvote_artifact30_w0-5-10-10-0-10-20-20_strat_4err/fold_12_best.pth
2026-08-03 15:00:36,703 | [FULL    ] | INFO | full_experiments_using.model_trainers.mobile_vit_trainer | Ep [029/500] T-Acc:  62.0%  V-Acc:  53.3%  V-AUROC: 0.5545  LR: 1.00e-03
2026-08-03 15:01:04,640 | [FULL    ] | INFO | full_experiments_using.model_trainers.mobile_vit_trainer | Ep [030/500] T-Acc:  60.8%  V-Acc:  53.5%  V-AUROC: 0.5594  LR: 1.00e-03
2026-08-03 15:01:04,781 | [FULL    ] | INFO | full_experiments_using.model_trainers.mobile_vit_trainer |   ↳ new best AUROC; saved checkpoint: /home/oem/choihyunsu/VOGBasedMCIDetection/outputs/checkpoints/run_20260803_091255_full_wvote_artifact30_w0-5-10-10-0-10-20-20_strat_4err/fold_12_best.pth
2026-08-03 15:01:32,537 | [FULL    ] | INFO | full_experiments_using.model_trainers.mobile_vit_trainer | Ep [031/500] T-Acc:  60.7%  V-Acc:  53.2%  V-AUROC: 0.5627  LR: 1.00e-03
2026-08-03 15:01:32,803 | [FULL    ] | INFO | full_experiments_using.model_trainers.mobile_vit_trainer |   ↳ new best AUROC; saved checkpoint: /home/oem/choihyunsu/VOGBasedMCIDetection/outputs/checkpoints/run_20260803_091255_full_wvote_artifact30_w0-5-10-10-0-10-20-20_strat_4err/fold_12_best.pth
2026-08-03 15:02:00,587 | [FULL    ] | INFO | full_experiments_using.model_trainers.mobile_vit_trainer | Ep [032/500] T-Acc:  61.4%  V-Acc:  53.5%  V-AUROC: 0.5585  LR: 1.00e-03
2026-08-03 15:02:28,712 | [FULL    ] | INFO | full_experiments_using.model_trainers.mobile_vit_trainer | Ep [033/500] T-Acc:  61.3%  V-Acc:  53.7%  V-AUROC: 0.5573  LR: 1.00e-03
2026-08-03 15:02:56,407 | [FULL    ] | INFO | full_experiments_using.model_trainers.mobile_vit_trainer | Ep [034/500] T-Acc:  61.6%  V-Acc:  53.4%  V-AUROC: 0.5574  LR: 1.00e-03
2026-08-03 15:03:24,272 | [FULL    ] | INFO | full_experiments_using.model_trainers.mobile_vit_trainer | Ep [035/500] T-Acc:  62.3%  V-Acc:  54.0%  V-AUROC: 0.5662  LR: 1.00e-03
2026-08-03 15:03:24,390 | [FULL    ] | INFO | full_experiments_using.model_trainers.mobile_vit_trainer |   ↳ new best AUROC; saved checkpoint: /home/oem/choihyunsu/VOGBasedMCIDetection/outputs/checkpoints/run_20260803_091255_full_wvote_artifact30_w0-5-10-10-0-10-20-20_strat_4err/fold_12_best.pth
2026-08-03 15:03:52,192 | [FULL    ] | INFO | full_experiments_using.model_trainers.mobile_vit_trainer | Ep [036/500] T-Acc:  61.7%  V-Acc:  53.5%  V-AUROC: 0.5609  LR: 1.00e-03
2026-08-03 15:04:20,133 | [FULL    ] | INFO | full_experiments_using.model_trainers.mobile_vit_trainer | Ep [037/500] T-Acc:  61.7%  V-Acc:  53.5%  V-AUROC: 0.5599  LR: 1.00e-03
2026-08-03 15:04:48,142 | [FULL    ] | INFO | full_experiments_using.model_trainers.mobile_vit_trainer | Ep [038/500] T-Acc:  60.9%  V-Acc:  55.5%  V-AUROC: 0.5666  LR: 1.00e-03
2026-08-03 15:04:48,285 | [FULL    ] | INFO | full_experiments_using.model_trainers.mobile_vit_trainer |   ↳ new best AUROC; saved checkpoint: /home/oem/choihyunsu/VOGBasedMCIDetection/outputs/checkpoints/run_20260803_091255_full_wvote_artifact30_w0-5-10-10-0-10-20-20_strat_4err/fold_12_best.pth
2026-08-03 15:05:16,257 | [FULL    ] | INFO | full_experiments_using.model_trainers.mobile_vit_trainer | Ep [039/500] T-Acc:  61.8%  V-Acc:  55.3%  V-AUROC: 0.5703  LR: 1.00e-03
2026-08-03 15:05:16,392 | [FULL    ] | INFO | full_experiments_using.model_trainers.mobile_vit_trainer |   ↳ new best AUROC; saved checkpoint: /home/oem/choihyunsu/VOGBasedMCIDetection/outputs/checkpoints/run_20260803_091255_full_wvote_artifact30_w0-5-10-10-0-10-20-20_strat_4err/fold_12_best.pth
2026-08-03 15:05:44,422 | [FULL    ] | INFO | full_experiments_using.model_trainers.mobile_vit_trainer | Ep [040/500] T-Acc:  62.1%  V-Acc:  54.7%  V-AUROC: 0.5717  LR: 1.00e-03
2026-08-03 15:05:44,571 | [FULL    ] | INFO | full_experiments_using.model_trainers.mobile_vit_trainer |   ↳ new best AUROC; saved checkpoint: /home/oem/choihyunsu/VOGBasedMCIDetection/outputs/checkpoints/run_20260803_091255_full_wvote_artifact30_w0-5-10-10-0-10-20-20_strat_4err/fold_12_best.pth
2026-08-03 15:06:12,749 | [FULL    ] | INFO | full_experiments_using.model_trainers.mobile_vit_trainer | Ep [041/500] T-Acc:  61.5%  V-Acc:  56.1%  V-AUROC: 0.5703  LR: 1.00e-03
2026-08-03 15:06:40,568 | [FULL    ] | INFO | full_experiments_using.model_trainers.mobile_vit_trainer | Ep [042/500] T-Acc:  62.0%  V-Acc:  52.9%  V-AUROC: 0.5624  LR: 1.00e-03
2026-08-03 15:07:08,576 | [FULL    ] | INFO | full_experiments_using.model_trainers.mobile_vit_trainer | Ep [043/500] T-Acc:  61.7%  V-Acc:  54.7%  V-AUROC: 0.5657  LR: 1.00e-03
2026-08-03 15:07:36,336 | [FULL    ] | INFO | full_experiments_using.model_trainers.mobile_vit_trainer | Ep [044/500] T-Acc:  61.4%  V-Acc:  54.2%  V-AUROC: 0.5634  LR: 1.00e-03
2026-08-03 15:08:04,075 | [FULL    ] | INFO | full_experiments_using.model_trainers.mobile_vit_trainer | Ep [045/500] T-Acc:  63.5%  V-Acc:  53.0%  V-AUROC: 0.5636  LR: 1.00e-03
2026-08-03 15:08:31,783 | [FULL    ] | INFO | full_experiments_using.model_trainers.mobile_vit_trainer | Ep [046/500] T-Acc:  62.1%  V-Acc:  54.0%  V-AUROC: 0.5635  LR: 1.00e-03
2026-08-03 15:08:59,589 | [FULL    ] | INFO | full_experiments_using.model_trainers.mobile_vit_trainer | Ep [047/500] T-Acc:  62.7%  V-Acc:  54.5%  V-AUROC: 0.5624  LR: 1.00e-03
2026-08-03 15:09:27,534 | [FULL    ] | INFO | full_experiments_using.model_trainers.mobile_vit_trainer | Ep [048/500] T-Acc:  61.8%  V-Acc:  53.0%  V-AUROC: 0.5640  LR: 1.00e-03
2026-08-03 15:09:55,365 | [FULL    ] | INFO | full_experiments_using.model_trainers.mobile_vit_trainer | Ep [049/500] T-Acc:  62.5%  V-Acc:  54.3%  V-AUROC: 0.5626  LR: 1.00e-03
2026-08-03 15:10:23,251 | [FULL    ] | INFO | full_experiments_using.model_trainers.mobile_vit_trainer | Ep [050/500] T-Acc:  62.8%  V-Acc:  53.8%  V-AUROC: 0.5616  LR: 1.00e-03
2026-08-03 15:10:50,936 | [FULL    ] | INFO | full_experiments_using.model_trainers.mobile_vit_trainer | Ep [051/500] T-Acc:  63.2%  V-Acc:  53.7%  V-AUROC: 0.5662  LR: 1.00e-03
2026-08-03 15:11:18,879 | [FULL    ] | INFO | full_experiments_using.model_trainers.mobile_vit_trainer | Ep [052/500] T-Acc:  62.6%  V-Acc:  55.1%  V-AUROC: 0.5675  LR: 2.00e-04
2026-08-03 15:11:46,858 | [FULL    ] | INFO | full_experiments_using.model_trainers.mobile_vit_trainer | Ep [053/500] T-Acc:  63.2%  V-Acc:  54.2%  V-AUROC: 0.5678  LR: 2.00e-04
2026-08-03 15:12:14,646 | [FULL    ] | INFO | full_experiments_using.model_trainers.mobile_vit_trainer | Ep [054/500] T-Acc:  63.6%  V-Acc:  53.5%  V-AUROC: 0.5657  LR: 2.00e-04
2026-08-03 15:12:40,788 | [FULL    ] | INFO | full_experiments_using.model_trainers.mobile_vit_trainer | Ep [055/500] T-Acc:  62.4%  V-Acc:  54.3%  V-AUROC: 0.5644  LR: 2.00e-04
2026-08-03 15:13:08,308 | [FULL    ] | INFO | full_experiments_using.model_trainers.mobile_vit_trainer | Ep [056/500] T-Acc:  62.0%  V-Acc:  54.1%  V-AUROC: 0.5646  LR: 2.00e-04
2026-08-03 15:13:34,123 | [FULL    ] | INFO | full_experiments_using.model_trainers.mobile_vit_trainer | Ep [057/500] T-Acc:  62.9%  V-Acc:  55.0%  V-AUROC: 0.5649  LR: 2.00e-04
2026-08-03 15:14:01,752 | [FULL    ] | INFO | full_experiments_using.model_trainers.mobile_vit_trainer | Ep [058/500] T-Acc:  63.1%  V-Acc:  54.3%  V-AUROC: 0.5670  LR: 2.00e-04
2026-08-03 15:14:29,402 | [FULL    ] | INFO | full_experiments_using.model_trainers.mobile_vit_trainer | Ep [059/500] T-Acc:  63.4%  V-Acc:  53.2%  V-AUROC: 0.5669  LR: 2.00e-04
2026-08-03 15:14:57,368 | [FULL    ] | INFO | full_experiments_using.model_trainers.mobile_vit_trainer | Ep [060/500] T-Acc:  62.7%  V-Acc:  53.5%  V-AUROC: 0.5651  LR: 2.00e-04
2026-08-03 15:15:25,077 | [FULL    ] | INFO | full_experiments_using.model_trainers.mobile_vit_trainer | Ep [061/500] T-Acc:  62.1%  V-Acc:  54.3%  V-AUROC: 0.5644  LR: 2.00e-04
2026-08-03 15:15:53,072 | [FULL    ] | INFO | full_experiments_using.model_trainers.mobile_vit_trainer | Ep [062/500] T-Acc:  63.5%  V-Acc:  53.9%  V-AUROC: 0.5668  LR: 2.00e-04
2026-08-03 15:16:20,854 | [FULL    ] | INFO | full_experiments_using.model_trainers.mobile_vit_trainer | Ep [063/500] T-Acc:  63.8%  V-Acc:  53.9%  V-AUROC: 0.5670  LR: 4.00e-05
2026-08-03 15:16:48,617 | [FULL    ] | INFO | full_experiments_using.model_trainers.mobile_vit_trainer | Ep [064/500] T-Acc:  62.7%  V-Acc:  53.9%  V-AUROC: 0.5665  LR: 4.00e-05
2026-08-03 15:17:16,499 | [FULL    ] | INFO | full_experiments_using.model_trainers.mobile_vit_trainer | Ep [065/500] T-Acc:  63.2%  V-Acc:  54.1%  V-AUROC: 0.5680  LR: 4.00e-05
2026-08-03 15:17:44,205 | [FULL    ] | INFO | full_experiments_using.model_trainers.mobile_vit_trainer | Ep [066/500] T-Acc:  63.3%  V-Acc:  54.4%  V-AUROC: 0.5672  LR: 4.00e-05
2026-08-03 15:18:12,212 | [FULL    ] | INFO | full_experiments_using.model_trainers.mobile_vit_trainer | Ep [067/500] T-Acc:  63.6%  V-Acc:  54.0%  V-AUROC: 0.5677  LR: 4.00e-05
2026-08-03 15:18:40,175 | [FULL    ] | INFO | full_experiments_using.model_trainers.mobile_vit_trainer | Ep [068/500] T-Acc:  62.4%  V-Acc:  52.8%  V-AUROC: 0.5669  LR: 4.00e-05
2026-08-03 15:19:08,008 | [FULL    ] | INFO | full_experiments_using.model_trainers.mobile_vit_trainer | Ep [069/500] T-Acc:  63.2%  V-Acc:  54.5%  V-AUROC: 0.5688  LR: 4.00e-05
2026-08-03 15:19:35,872 | [FULL    ] | INFO | full_experiments_using.model_trainers.mobile_vit_trainer | Ep [070/500] T-Acc:  62.1%  V-Acc:  53.6%  V-AUROC: 0.5674  LR: 4.00e-05
2026-08-03 15:19:35,872 | [FULL    ] | INFO | full_experiments_using.model_trainers.mobile_vit_trainer | Early stop — best AUROC 0.5717 at epoch 40 (no improvement for 30 epochs)
2026-08-03 15:19:35,872 | [FULL    ] | INFO | full_experiments_using.model_trainers.mobile_vit_trainer | Done. Best AUROC: 0.5717 (epoch 40) → /home/oem/choihyunsu/VOGBasedMCIDetection/outputs/checkpoints/run_20260803_091255_full_wvote_artifact30_w0-5-10-10-0-10-20-20_strat_4err/fold_12_best.pth
2026-08-03 15:19:45,804 | [FULL    ] | INFO | full_experiments_using.evaluators.monte_carlo_evaluator | -> Fold 13 Result | Acc=0.909 Sens=1.000 Spec=0.750 AUROC=0.893
2026-08-03 15:19:45,811 | [FULL    ] | INFO | full_experiments_using.evaluators.monte_carlo_evaluator | === Fold 14/30 | train: 25 subj (HC=10 MCI=15) / 3989 win | test: 12 subj (HC=4 MCI=8) / 1726 win ===
2026-08-03 15:19:46,099 | [FULL    ] | INFO | httpx | HTTP Request: HEAD https://huggingface.co/apple/mobilevit-small/resolve/main/config.json "HTTP/1.1 307 Temporary Redirect"
2026-08-03 15:19:46,112 | [FULL    ] | INFO | httpx | HTTP Request: HEAD https://huggingface.co/api/resolve-cache/models/apple/mobilevit-small/6c8612545dc98676d27bc518fa521d9e9af23e34/config.json "HTTP/1.1 200 OK"
2026-08-03 15:19:46,390 | [FULL    ] | INFO | httpx | HTTP Request: HEAD https://huggingface.co/apple/mobilevit-small/resolve/main/model.safetensors "HTTP/1.1 404 Not Found"
2026-08-03 15:19:46,602 | [FULL    ] | INFO | httpx | HTTP Request: HEAD https://huggingface.co/apple/mobilevit-small/resolve/main/model.safetensors.index.json "HTTP/1.1 404 Not Found"
2026-08-03 15:19:46,811 | [FULL    ] | INFO | httpx | HTTP Request: HEAD https://huggingface.co/apple/mobilevit-small/resolve/main/pytorch_model.bin "HTTP/1.1 302 Found"
2026-08-03 15:19:47,031 | [FULL    ] | INFO | httpx | HTTP Request: HEAD https://huggingface.co/apple/mobilevit-small/resolve/main/model.safetensors "HTTP/1.1 404 Not Found"
2026-08-03 15:19:47,283 | [FULL    ] | INFO | httpx | HTTP Request: GET https://huggingface.co/api/models/apple/mobilevit-small "HTTP/1.1 200 OK"
2026-08-03 15:19:47,535 | [FULL    ] | INFO | httpx | HTTP Request: GET https://huggingface.co/api/models/apple/mobilevit-small/commits/main "HTTP/1.1 200 OK"
2026-08-03 15:19:47,749 | [FULL    ] | INFO | httpx | HTTP Request: GET https://huggingface.co/api/models/apple/mobilevit-small/discussions?p=0 "HTTP/1.1 200 OK"
2026-08-03 15:19:47,976 | [FULL    ] | INFO | httpx | HTTP Request: GET https://huggingface.co/api/models/apple/mobilevit-small/commits/refs%2Fpr%2F6 "HTTP/1.1 200 OK"
2026-08-03 15:19:48,182 | [FULL    ] | INFO | httpx | HTTP Request: HEAD https://huggingface.co/apple/mobilevit-small/resolve/refs%2Fpr%2F6/model.safetensors.index.json "HTTP/1.1 404 Not Found"
2026-08-03 15:19:48,447 | [FULL    ] | INFO | httpx | HTTP Request: HEAD https://huggingface.co/apple/mobilevit-small/resolve/refs%2Fpr%2F6/model.safetensors "HTTP/1.1 302 Found"
2026-08-03 15:19:49,139 | [FULL    ] | INFO | full_experiments_using.model_trainers.mobile_vit_trainer | Device: cuda | max_epochs=500 | batch=32 | eval_batch=256 | es_patience=30
2026-08-03 15:19:49,151 | [FULL    ] | INFO | full_experiments_using.model_trainers.mobile_vit_trainer | CE weights — HC: 1.084  MCI: 0.928
2026-08-03 15:20:33,557 | [FULL    ] | INFO | full_experiments_using.model_trainers.mobile_vit_trainer | Ep [001/500] T-Acc:  52.2%  V-Acc:  51.6%  V-AUROC: 0.5146  LR: 2.00e-04
2026-08-03 15:20:33,678 | [FULL    ] | INFO | full_experiments_using.model_trainers.mobile_vit_trainer |   ↳ new best AUROC; saved checkpoint: /home/oem/choihyunsu/VOGBasedMCIDetection/outputs/checkpoints/run_20260803_091255_full_wvote_artifact30_w0-5-10-10-0-10-20-20_strat_4err/fold_13_best.pth
2026-08-03 15:21:00,847 | [FULL    ] | INFO | full_experiments_using.model_trainers.mobile_vit_trainer | Ep [002/500] T-Acc:  52.6%  V-Acc:  52.7%  V-AUROC: 0.5256  LR: 4.00e-04
2026-08-03 15:21:00,968 | [FULL    ] | INFO | full_experiments_using.model_trainers.mobile_vit_trainer |   ↳ new best AUROC; saved checkpoint: /home/oem/choihyunsu/VOGBasedMCIDetection/outputs/checkpoints/run_20260803_091255_full_wvote_artifact30_w0-5-10-10-0-10-20-20_strat_4err/fold_13_best.pth
2026-08-03 15:21:28,739 | [FULL    ] | INFO | full_experiments_using.model_trainers.mobile_vit_trainer | Ep [003/500] T-Acc:  52.5%  V-Acc:  53.5%  V-AUROC: 0.5236  LR: 6.00e-04
2026-08-03 15:21:57,365 | [FULL    ] | INFO | full_experiments_using.model_trainers.mobile_vit_trainer | Ep [004/500] T-Acc:  52.4%  V-Acc:  53.4%  V-AUROC: 0.5316  LR: 8.00e-04
2026-08-03 15:21:57,492 | [FULL    ] | INFO | full_experiments_using.model_trainers.mobile_vit_trainer |   ↳ new best AUROC; saved checkpoint: /home/oem/choihyunsu/VOGBasedMCIDetection/outputs/checkpoints/run_20260803_091255_full_wvote_artifact30_w0-5-10-10-0-10-20-20_strat_4err/fold_13_best.pth
2026-08-03 15:22:26,026 | [FULL    ] | INFO | full_experiments_using.model_trainers.mobile_vit_trainer | Ep [005/500] T-Acc:  51.9%  V-Acc:  54.8%  V-AUROC: 0.5355  LR: 1.00e-03
2026-08-03 15:22:26,145 | [FULL    ] | INFO | full_experiments_using.model_trainers.mobile_vit_trainer |   ↳ new best AUROC; saved checkpoint: /home/oem/choihyunsu/VOGBasedMCIDetection/outputs/checkpoints/run_20260803_091255_full_wvote_artifact30_w0-5-10-10-0-10-20-20_strat_4err/fold_13_best.pth
2026-08-03 15:22:54,832 | [FULL    ] | INFO | full_experiments_using.model_trainers.mobile_vit_trainer | Ep [006/500] T-Acc:  52.6%  V-Acc:  55.3%  V-AUROC: 0.5460  LR: 1.00e-03
2026-08-03 15:22:54,994 | [FULL    ] | INFO | full_experiments_using.model_trainers.mobile_vit_trainer |   ↳ new best AUROC; saved checkpoint: /home/oem/choihyunsu/VOGBasedMCIDetection/outputs/checkpoints/run_20260803_091255_full_wvote_artifact30_w0-5-10-10-0-10-20-20_strat_4err/fold_13_best.pth
2026-08-03 15:23:23,593 | [FULL    ] | INFO | full_experiments_using.model_trainers.mobile_vit_trainer | Ep [007/500] T-Acc:  54.1%  V-Acc:  54.6%  V-AUROC: 0.5580  LR: 1.00e-03
2026-08-03 15:23:23,715 | [FULL    ] | INFO | full_experiments_using.model_trainers.mobile_vit_trainer |   ↳ new best AUROC; saved checkpoint: /home/oem/choihyunsu/VOGBasedMCIDetection/outputs/checkpoints/run_20260803_091255_full_wvote_artifact30_w0-5-10-10-0-10-20-20_strat_4err/fold_13_best.pth
2026-08-03 15:23:52,484 | [FULL    ] | INFO | full_experiments_using.model_trainers.mobile_vit_trainer | Ep [008/500] T-Acc:  54.7%  V-Acc:  53.7%  V-AUROC: 0.5394  LR: 1.00e-03
2026-08-03 15:24:21,093 | [FULL    ] | INFO | full_experiments_using.model_trainers.mobile_vit_trainer | Ep [009/500] T-Acc:  53.9%  V-Acc:  54.2%  V-AUROC: 0.5343  LR: 1.00e-03
2026-08-03 15:24:49,861 | [FULL    ] | INFO | full_experiments_using.model_trainers.mobile_vit_trainer | Ep [010/500] T-Acc:  55.4%  V-Acc:  54.1%  V-AUROC: 0.5551  LR: 1.00e-03
2026-08-03 15:25:18,612 | [FULL    ] | INFO | full_experiments_using.model_trainers.mobile_vit_trainer | Ep [011/500] T-Acc:  56.2%  V-Acc:  54.0%  V-AUROC: 0.5542  LR: 1.00e-03
2026-08-03 15:25:47,184 | [FULL    ] | INFO | full_experiments_using.model_trainers.mobile_vit_trainer | Ep [012/500] T-Acc:  55.6%  V-Acc:  53.7%  V-AUROC: 0.5626  LR: 1.00e-03
2026-08-03 15:25:47,308 | [FULL    ] | INFO | full_experiments_using.model_trainers.mobile_vit_trainer |   ↳ new best AUROC; saved checkpoint: /home/oem/choihyunsu/VOGBasedMCIDetection/outputs/checkpoints/run_20260803_091255_full_wvote_artifact30_w0-5-10-10-0-10-20-20_strat_4err/fold_13_best.pth
2026-08-03 15:26:15,960 | [FULL    ] | INFO | full_experiments_using.model_trainers.mobile_vit_trainer | Ep [013/500] T-Acc:  57.2%  V-Acc:  55.8%  V-AUROC: 0.5621  LR: 1.00e-03
2026-08-03 15:26:44,726 | [FULL    ] | INFO | full_experiments_using.model_trainers.mobile_vit_trainer | Ep [014/500] T-Acc:  56.6%  V-Acc:  54.3%  V-AUROC: 0.5571  LR: 1.00e-03
2026-08-03 15:27:13,454 | [FULL    ] | INFO | full_experiments_using.model_trainers.mobile_vit_trainer | Ep [015/500] T-Acc:  57.1%  V-Acc:  54.0%  V-AUROC: 0.5455  LR: 1.00e-03
2026-08-03 15:27:41,954 | [FULL    ] | INFO | full_experiments_using.model_trainers.mobile_vit_trainer | Ep [016/500] T-Acc:  57.2%  V-Acc:  55.6%  V-AUROC: 0.5598  LR: 1.00e-03
2026-08-03 15:28:10,710 | [FULL    ] | INFO | full_experiments_using.model_trainers.mobile_vit_trainer | Ep [017/500] T-Acc:  58.0%  V-Acc:  55.3%  V-AUROC: 0.5669  LR: 1.00e-03
2026-08-03 15:28:10,828 | [FULL    ] | INFO | full_experiments_using.model_trainers.mobile_vit_trainer |   ↳ new best AUROC; saved checkpoint: /home/oem/choihyunsu/VOGBasedMCIDetection/outputs/checkpoints/run_20260803_091255_full_wvote_artifact30_w0-5-10-10-0-10-20-20_strat_4err/fold_13_best.pth
2026-08-03 15:28:39,485 | [FULL    ] | INFO | full_experiments_using.model_trainers.mobile_vit_trainer | Ep [018/500] T-Acc:  58.5%  V-Acc:  55.7%  V-AUROC: 0.5543  LR: 1.00e-03
2026-08-03 15:29:05,829 | [FULL    ] | INFO | full_experiments_using.model_trainers.mobile_vit_trainer | Ep [019/500] T-Acc:  59.9%  V-Acc:  54.9%  V-AUROC: 0.5625  LR: 1.00e-03
2026-08-03 15:29:32,743 | [FULL    ] | INFO | full_experiments_using.model_trainers.mobile_vit_trainer | Ep [020/500] T-Acc:  58.5%  V-Acc:  54.6%  V-AUROC: 0.5501  LR: 1.00e-03
2026-08-03 15:30:01,590 | [FULL    ] | INFO | full_experiments_using.model_trainers.mobile_vit_trainer | Ep [021/500] T-Acc:  58.0%  V-Acc:  55.0%  V-AUROC: 0.5590  LR: 1.00e-03
2026-08-03 15:30:30,359 | [FULL    ] | INFO | full_experiments_using.model_trainers.mobile_vit_trainer | Ep [022/500] T-Acc:  60.1%  V-Acc:  53.4%  V-AUROC: 0.5438  LR: 1.00e-03
2026-08-03 15:30:58,934 | [FULL    ] | INFO | full_experiments_using.model_trainers.mobile_vit_trainer | Ep [023/500] T-Acc:  59.1%  V-Acc:  53.6%  V-AUROC: 0.5452  LR: 1.00e-03
2026-08-03 15:31:27,725 | [FULL    ] | INFO | full_experiments_using.model_trainers.mobile_vit_trainer | Ep [024/500] T-Acc:  59.7%  V-Acc:  56.1%  V-AUROC: 0.5522  LR: 1.00e-03
2026-08-03 15:31:56,392 | [FULL    ] | INFO | full_experiments_using.model_trainers.mobile_vit_trainer | Ep [025/500] T-Acc:  60.9%  V-Acc:  54.6%  V-AUROC: 0.5551  LR: 1.00e-03
2026-08-03 15:32:24,860 | [FULL    ] | INFO | full_experiments_using.model_trainers.mobile_vit_trainer | Ep [026/500] T-Acc:  60.1%  V-Acc:  54.7%  V-AUROC: 0.5476  LR: 1.00e-03
2026-08-03 15:32:53,623 | [FULL    ] | INFO | full_experiments_using.model_trainers.mobile_vit_trainer | Ep [027/500] T-Acc:  59.9%  V-Acc:  55.2%  V-AUROC: 0.5604  LR: 1.00e-03
2026-08-03 15:33:22,318 | [FULL    ] | INFO | full_experiments_using.model_trainers.mobile_vit_trainer | Ep [028/500] T-Acc:  60.1%  V-Acc:  54.9%  V-AUROC: 0.5637  LR: 1.00e-03
2026-08-03 15:33:51,205 | [FULL    ] | INFO | full_experiments_using.model_trainers.mobile_vit_trainer | Ep [029/500] T-Acc:  61.0%  V-Acc:  55.8%  V-AUROC: 0.5641  LR: 2.00e-04
2026-08-03 15:34:19,661 | [FULL    ] | INFO | full_experiments_using.model_trainers.mobile_vit_trainer | Ep [030/500] T-Acc:  61.8%  V-Acc:  54.8%  V-AUROC: 0.5554  LR: 2.00e-04
2026-08-03 15:34:48,241 | [FULL    ] | INFO | full_experiments_using.model_trainers.mobile_vit_trainer | Ep [031/500] T-Acc:  62.1%  V-Acc:  55.4%  V-AUROC: 0.5624  LR: 2.00e-04
2026-08-03 15:35:16,766 | [FULL    ] | INFO | full_experiments_using.model_trainers.mobile_vit_trainer | Ep [032/500] T-Acc:  61.1%  V-Acc:  55.1%  V-AUROC: 0.5542  LR: 2.00e-04
2026-08-03 15:35:45,552 | [FULL    ] | INFO | full_experiments_using.model_trainers.mobile_vit_trainer | Ep [033/500] T-Acc:  60.9%  V-Acc:  55.7%  V-AUROC: 0.5596  LR: 2.00e-04
2026-08-03 15:36:14,116 | [FULL    ] | INFO | full_experiments_using.model_trainers.mobile_vit_trainer | Ep [034/500] T-Acc:  61.5%  V-Acc:  55.6%  V-AUROC: 0.5546  LR: 2.00e-04
2026-08-03 15:36:42,701 | [FULL    ] | INFO | full_experiments_using.model_trainers.mobile_vit_trainer | Ep [035/500] T-Acc:  60.8%  V-Acc:  55.5%  V-AUROC: 0.5534  LR: 2.00e-04
2026-08-03 15:37:11,548 | [FULL    ] | INFO | full_experiments_using.model_trainers.mobile_vit_trainer | Ep [036/500] T-Acc:  61.5%  V-Acc:  55.1%  V-AUROC: 0.5541  LR: 2.00e-04
2026-08-03 15:37:40,446 | [FULL    ] | INFO | full_experiments_using.model_trainers.mobile_vit_trainer | Ep [037/500] T-Acc:  61.1%  V-Acc:  55.1%  V-AUROC: 0.5583  LR: 2.00e-04
2026-08-03 15:38:09,191 | [FULL    ] | INFO | full_experiments_using.model_trainers.mobile_vit_trainer | Ep [038/500] T-Acc:  60.8%  V-Acc:  55.2%  V-AUROC: 0.5552  LR: 2.00e-04
2026-08-03 15:38:37,928 | [FULL    ] | INFO | full_experiments_using.model_trainers.mobile_vit_trainer | Ep [039/500] T-Acc:  61.9%  V-Acc:  55.2%  V-AUROC: 0.5541  LR: 2.00e-04
2026-08-03 15:39:06,453 | [FULL    ] | INFO | full_experiments_using.model_trainers.mobile_vit_trainer | Ep [040/500] T-Acc:  60.4%  V-Acc:  55.0%  V-AUROC: 0.5479  LR: 4.00e-05
2026-08-03 15:39:35,398 | [FULL    ] | INFO | full_experiments_using.model_trainers.mobile_vit_trainer | Ep [041/500] T-Acc:  61.3%  V-Acc:  55.1%  V-AUROC: 0.5532  LR: 4.00e-05
2026-08-03 15:40:03,950 | [FULL    ] | INFO | full_experiments_using.model_trainers.mobile_vit_trainer | Ep [042/500] T-Acc:  61.9%  V-Acc:  55.3%  V-AUROC: 0.5593  LR: 4.00e-05
2026-08-03 15:40:32,807 | [FULL    ] | INFO | full_experiments_using.model_trainers.mobile_vit_trainer | Ep [043/500] T-Acc:  60.5%  V-Acc:  55.0%  V-AUROC: 0.5525  LR: 4.00e-05
2026-08-03 15:41:01,273 | [FULL    ] | INFO | full_experiments_using.model_trainers.mobile_vit_trainer | Ep [044/500] T-Acc:  61.6%  V-Acc:  55.2%  V-AUROC: 0.5525  LR: 4.00e-05
2026-08-03 15:41:28,816 | [FULL    ] | INFO | full_experiments_using.model_trainers.mobile_vit_trainer | Ep [045/500] T-Acc:  61.9%  V-Acc:  55.8%  V-AUROC: 0.5569  LR: 4.00e-05
2026-08-03 15:41:57,077 | [FULL    ] | INFO | full_experiments_using.model_trainers.mobile_vit_trainer | Ep [046/500] T-Acc:  62.7%  V-Acc:  55.3%  V-AUROC: 0.5578  LR: 4.00e-05
2026-08-03 15:42:23,362 | [FULL    ] | INFO | full_experiments_using.model_trainers.mobile_vit_trainer | Ep [047/500] T-Acc:  62.5%  V-Acc:  55.7%  V-AUROC: 0.5582  LR: 4.00e-05
2026-08-03 15:42:23,362 | [FULL    ] | INFO | full_experiments_using.model_trainers.mobile_vit_trainer | Early stop — best AUROC 0.5669 at epoch 17 (no improvement for 30 epochs)
2026-08-03 15:42:23,362 | [FULL    ] | INFO | full_experiments_using.model_trainers.mobile_vit_trainer | Done. Best AUROC: 0.5669 (epoch 17) → /home/oem/choihyunsu/VOGBasedMCIDetection/outputs/checkpoints/run_20260803_091255_full_wvote_artifact30_w0-5-10-10-0-10-20-20_strat_4err/fold_13_best.pth
2026-08-03 15:42:33,182 | [FULL    ] | INFO | full_experiments_using.evaluators.monte_carlo_evaluator | -> Fold 14 Result | Acc=0.600 Sens=0.714 Spec=0.333 AUROC=0.714
2026-08-03 15:42:33,196 | [FULL    ] | INFO | full_experiments_using.evaluators.monte_carlo_evaluator | === Fold 15/30 | train: 25 subj (HC=10 MCI=15) / 3839 win | test: 12 subj (HC=4 MCI=8) / 1876 win ===
2026-08-03 15:42:33,453 | [FULL    ] | INFO | httpx | HTTP Request: HEAD https://huggingface.co/apple/mobilevit-small/resolve/main/config.json "HTTP/1.1 307 Temporary Redirect"
2026-08-03 15:42:33,484 | [FULL    ] | INFO | httpx | HTTP Request: HEAD https://huggingface.co/api/resolve-cache/models/apple/mobilevit-small/6c8612545dc98676d27bc518fa521d9e9af23e34/config.json "HTTP/1.1 200 OK"
2026-08-03 15:42:33,869 | [FULL    ] | INFO | httpx | HTTP Request: HEAD https://huggingface.co/apple/mobilevit-small/resolve/main/model.safetensors "HTTP/1.1 404 Not Found"
2026-08-03 15:42:34,089 | [FULL    ] | INFO | httpx | HTTP Request: HEAD https://huggingface.co/apple/mobilevit-small/resolve/main/model.safetensors.index.json "HTTP/1.1 404 Not Found"
2026-08-03 15:42:34,309 | [FULL    ] | INFO | httpx | HTTP Request: HEAD https://huggingface.co/apple/mobilevit-small/resolve/main/pytorch_model.bin "HTTP/1.1 302 Found"
2026-08-03 15:42:34,529 | [FULL    ] | INFO | httpx | HTTP Request: HEAD https://huggingface.co/apple/mobilevit-small/resolve/main/model.safetensors "HTTP/1.1 404 Not Found"
2026-08-03 15:42:34,748 | [FULL    ] | INFO | httpx | HTTP Request: GET https://huggingface.co/api/models/apple/mobilevit-small "HTTP/1.1 200 OK"
2026-08-03 15:42:35,012 | [FULL    ] | INFO | httpx | HTTP Request: GET https://huggingface.co/api/models/apple/mobilevit-small/commits/main "HTTP/1.1 200 OK"
2026-08-03 15:42:35,280 | [FULL    ] | INFO | httpx | HTTP Request: GET https://huggingface.co/api/models/apple/mobilevit-small/discussions?p=0 "HTTP/1.1 200 OK"
2026-08-03 15:42:35,530 | [FULL    ] | INFO | httpx | HTTP Request: GET https://huggingface.co/api/models/apple/mobilevit-small/commits/refs%2Fpr%2F6 "HTTP/1.1 200 OK"
2026-08-03 15:42:35,734 | [FULL    ] | INFO | httpx | HTTP Request: HEAD https://huggingface.co/apple/mobilevit-small/resolve/refs%2Fpr%2F6/model.safetensors.index.json "HTTP/1.1 404 Not Found"
2026-08-03 15:42:35,941 | [FULL    ] | INFO | httpx | HTTP Request: HEAD https://huggingface.co/apple/mobilevit-small/resolve/refs%2Fpr%2F6/model.safetensors "HTTP/1.1 302 Found"
2026-08-03 15:42:36,555 | [FULL    ] | INFO | full_experiments_using.model_trainers.mobile_vit_trainer | Device: cuda | max_epochs=500 | batch=32 | eval_batch=256 | es_patience=30
2026-08-03 15:42:36,566 | [FULL    ] | INFO | full_experiments_using.model_trainers.mobile_vit_trainer | CE weights — HC: 1.101  MCI: 0.916
2026-08-03 15:43:17,322 | [FULL    ] | INFO | full_experiments_using.model_trainers.mobile_vit_trainer | Ep [001/500] T-Acc:  52.0%  V-Acc:  58.8%  V-AUROC: 0.5379  LR: 2.00e-04
2026-08-03 15:43:17,440 | [FULL    ] | INFO | full_experiments_using.model_trainers.mobile_vit_trainer |   ↳ new best AUROC; saved checkpoint: /home/oem/choihyunsu/VOGBasedMCIDetection/outputs/checkpoints/run_20260803_091255_full_wvote_artifact30_w0-5-10-10-0-10-20-20_strat_4err/fold_14_best.pth
2026-08-03 15:43:45,421 | [FULL    ] | INFO | full_experiments_using.model_trainers.mobile_vit_trainer | Ep [002/500] T-Acc:  52.8%  V-Acc:  59.3%  V-AUROC: 0.5430  LR: 4.00e-04
2026-08-03 15:43:45,619 | [FULL    ] | INFO | full_experiments_using.model_trainers.mobile_vit_trainer |   ↳ new best AUROC; saved checkpoint: /home/oem/choihyunsu/VOGBasedMCIDetection/outputs/checkpoints/run_20260803_091255_full_wvote_artifact30_w0-5-10-10-0-10-20-20_strat_4err/fold_14_best.pth
2026-08-03 15:44:13,689 | [FULL    ] | INFO | full_experiments_using.model_trainers.mobile_vit_trainer | Ep [003/500] T-Acc:  52.3%  V-Acc:  58.6%  V-AUROC: 0.5467  LR: 6.00e-04
2026-08-03 15:44:13,827 | [FULL    ] | INFO | full_experiments_using.model_trainers.mobile_vit_trainer |   ↳ new best AUROC; saved checkpoint: /home/oem/choihyunsu/VOGBasedMCIDetection/outputs/checkpoints/run_20260803_091255_full_wvote_artifact30_w0-5-10-10-0-10-20-20_strat_4err/fold_14_best.pth
2026-08-03 15:44:41,678 | [FULL    ] | INFO | full_experiments_using.model_trainers.mobile_vit_trainer | Ep [004/500] T-Acc:  52.9%  V-Acc:  59.1%  V-AUROC: 0.5659  LR: 8.00e-04
2026-08-03 15:44:41,823 | [FULL    ] | INFO | full_experiments_using.model_trainers.mobile_vit_trainer |   ↳ new best AUROC; saved checkpoint: /home/oem/choihyunsu/VOGBasedMCIDetection/outputs/checkpoints/run_20260803_091255_full_wvote_artifact30_w0-5-10-10-0-10-20-20_strat_4err/fold_14_best.pth
2026-08-03 15:45:09,894 | [FULL    ] | INFO | full_experiments_using.model_trainers.mobile_vit_trainer | Ep [005/500] T-Acc:  52.3%  V-Acc:  58.6%  V-AUROC: 0.5684  LR: 1.00e-03
2026-08-03 15:45:10,010 | [FULL    ] | INFO | full_experiments_using.model_trainers.mobile_vit_trainer |   ↳ new best AUROC; saved checkpoint: /home/oem/choihyunsu/VOGBasedMCIDetection/outputs/checkpoints/run_20260803_091255_full_wvote_artifact30_w0-5-10-10-0-10-20-20_strat_4err/fold_14_best.pth
2026-08-03 15:45:37,969 | [FULL    ] | INFO | full_experiments_using.model_trainers.mobile_vit_trainer | Ep [006/500] T-Acc:  53.7%  V-Acc:  58.7%  V-AUROC: 0.5867  LR: 1.00e-03
2026-08-03 15:45:38,104 | [FULL    ] | INFO | full_experiments_using.model_trainers.mobile_vit_trainer |   ↳ new best AUROC; saved checkpoint: /home/oem/choihyunsu/VOGBasedMCIDetection/outputs/checkpoints/run_20260803_091255_full_wvote_artifact30_w0-5-10-10-0-10-20-20_strat_4err/fold_14_best.pth
2026-08-03 15:46:06,259 | [FULL    ] | INFO | full_experiments_using.model_trainers.mobile_vit_trainer | Ep [007/500] T-Acc:  55.2%  V-Acc:  59.5%  V-AUROC: 0.5919  LR: 1.00e-03
2026-08-03 15:46:06,391 | [FULL    ] | INFO | full_experiments_using.model_trainers.mobile_vit_trainer |   ↳ new best AUROC; saved checkpoint: /home/oem/choihyunsu/VOGBasedMCIDetection/outputs/checkpoints/run_20260803_091255_full_wvote_artifact30_w0-5-10-10-0-10-20-20_strat_4err/fold_14_best.pth
2026-08-03 15:46:34,281 | [FULL    ] | INFO | full_experiments_using.model_trainers.mobile_vit_trainer | Ep [008/500] T-Acc:  53.2%  V-Acc:  58.0%  V-AUROC: 0.5979  LR: 1.00e-03
2026-08-03 15:46:34,448 | [FULL    ] | INFO | full_experiments_using.model_trainers.mobile_vit_trainer |   ↳ new best AUROC; saved checkpoint: /home/oem/choihyunsu/VOGBasedMCIDetection/outputs/checkpoints/run_20260803_091255_full_wvote_artifact30_w0-5-10-10-0-10-20-20_strat_4err/fold_14_best.pth
2026-08-03 15:47:02,617 | [FULL    ] | INFO | full_experiments_using.model_trainers.mobile_vit_trainer | Ep [009/500] T-Acc:  54.4%  V-Acc:  58.0%  V-AUROC: 0.6001  LR: 1.00e-03
2026-08-03 15:47:02,768 | [FULL    ] | INFO | full_experiments_using.model_trainers.mobile_vit_trainer |   ↳ new best AUROC; saved checkpoint: /home/oem/choihyunsu/VOGBasedMCIDetection/outputs/checkpoints/run_20260803_091255_full_wvote_artifact30_w0-5-10-10-0-10-20-20_strat_4err/fold_14_best.pth
2026-08-03 15:47:30,726 | [FULL    ] | INFO | full_experiments_using.model_trainers.mobile_vit_trainer | Ep [010/500] T-Acc:  54.8%  V-Acc:  58.2%  V-AUROC: 0.5954  LR: 1.00e-03
2026-08-03 15:47:58,734 | [FULL    ] | INFO | full_experiments_using.model_trainers.mobile_vit_trainer | Ep [011/500] T-Acc:  55.4%  V-Acc:  58.5%  V-AUROC: 0.5932  LR: 1.00e-03
2026-08-03 15:48:27,074 | [FULL    ] | INFO | full_experiments_using.model_trainers.mobile_vit_trainer | Ep [012/500] T-Acc:  55.8%  V-Acc:  58.2%  V-AUROC: 0.5965  LR: 1.00e-03
2026-08-03 15:48:55,165 | [FULL    ] | INFO | full_experiments_using.model_trainers.mobile_vit_trainer | Ep [013/500] T-Acc:  55.5%  V-Acc:  58.4%  V-AUROC: 0.6015  LR: 1.00e-03
2026-08-03 15:48:55,326 | [FULL    ] | INFO | full_experiments_using.model_trainers.mobile_vit_trainer |   ↳ new best AUROC; saved checkpoint: /home/oem/choihyunsu/VOGBasedMCIDetection/outputs/checkpoints/run_20260803_091255_full_wvote_artifact30_w0-5-10-10-0-10-20-20_strat_4err/fold_14_best.pth
2026-08-03 15:49:23,219 | [FULL    ] | INFO | full_experiments_using.model_trainers.mobile_vit_trainer | Ep [014/500] T-Acc:  54.3%  V-Acc:  58.2%  V-AUROC: 0.6035  LR: 1.00e-03
2026-08-03 15:49:23,341 | [FULL    ] | INFO | full_experiments_using.model_trainers.mobile_vit_trainer |   ↳ new best AUROC; saved checkpoint: /home/oem/choihyunsu/VOGBasedMCIDetection/outputs/checkpoints/run_20260803_091255_full_wvote_artifact30_w0-5-10-10-0-10-20-20_strat_4err/fold_14_best.pth
2026-08-03 15:49:51,237 | [FULL    ] | INFO | full_experiments_using.model_trainers.mobile_vit_trainer | Ep [015/500] T-Acc:  56.5%  V-Acc:  58.3%  V-AUROC: 0.6030  LR: 1.00e-03
2026-08-03 15:50:19,241 | [FULL    ] | INFO | full_experiments_using.model_trainers.mobile_vit_trainer | Ep [016/500] T-Acc:  56.7%  V-Acc:  58.3%  V-AUROC: 0.6026  LR: 1.00e-03
2026-08-03 15:50:47,114 | [FULL    ] | INFO | full_experiments_using.model_trainers.mobile_vit_trainer | Ep [017/500] T-Acc:  57.4%  V-Acc:  58.3%  V-AUROC: 0.6034  LR: 1.00e-03
2026-08-03 15:51:15,101 | [FULL    ] | INFO | full_experiments_using.model_trainers.mobile_vit_trainer | Ep [018/500] T-Acc:  56.0%  V-Acc:  59.0%  V-AUROC: 0.6066  LR: 1.00e-03
2026-08-03 15:51:15,288 | [FULL    ] | INFO | full_experiments_using.model_trainers.mobile_vit_trainer |   ↳ new best AUROC; saved checkpoint: /home/oem/choihyunsu/VOGBasedMCIDetection/outputs/checkpoints/run_20260803_091255_full_wvote_artifact30_w0-5-10-10-0-10-20-20_strat_4err/fold_14_best.pth
2026-08-03 15:51:43,124 | [FULL    ] | INFO | full_experiments_using.model_trainers.mobile_vit_trainer | Ep [019/500] T-Acc:  56.9%  V-Acc:  58.4%  V-AUROC: 0.6003  LR: 1.00e-03
2026-08-03 15:52:11,072 | [FULL    ] | INFO | full_experiments_using.model_trainers.mobile_vit_trainer | Ep [020/500] T-Acc:  57.2%  V-Acc:  58.6%  V-AUROC: 0.6102  LR: 1.00e-03
2026-08-03 15:52:11,223 | [FULL    ] | INFO | full_experiments_using.model_trainers.mobile_vit_trainer |   ↳ new best AUROC; saved checkpoint: /home/oem/choihyunsu/VOGBasedMCIDetection/outputs/checkpoints/run_20260803_091255_full_wvote_artifact30_w0-5-10-10-0-10-20-20_strat_4err/fold_14_best.pth
2026-08-03 15:52:38,733 | [FULL    ] | INFO | full_experiments_using.model_trainers.mobile_vit_trainer | Ep [021/500] T-Acc:  57.9%  V-Acc:  57.7%  V-AUROC: 0.5988  LR: 1.00e-03
2026-08-03 15:53:06,795 | [FULL    ] | INFO | full_experiments_using.model_trainers.mobile_vit_trainer | Ep [022/500] T-Acc:  58.0%  V-Acc:  57.9%  V-AUROC: 0.6021  LR: 1.00e-03
2026-08-03 15:53:32,968 | [FULL    ] | INFO | full_experiments_using.model_trainers.mobile_vit_trainer | Ep [023/500] T-Acc:  58.8%  V-Acc:  58.4%  V-AUROC: 0.6124  LR: 1.00e-03
2026-08-03 15:53:33,106 | [FULL    ] | INFO | full_experiments_using.model_trainers.mobile_vit_trainer |   ↳ new best AUROC; saved checkpoint: /home/oem/choihyunsu/VOGBasedMCIDetection/outputs/checkpoints/run_20260803_091255_full_wvote_artifact30_w0-5-10-10-0-10-20-20_strat_4err/fold_14_best.pth
2026-08-03 15:53:59,795 | [FULL    ] | INFO | full_experiments_using.model_trainers.mobile_vit_trainer | Ep [024/500] T-Acc:  57.1%  V-Acc:  59.1%  V-AUROC: 0.6159  LR: 1.00e-03
2026-08-03 15:53:59,918 | [FULL    ] | INFO | full_experiments_using.model_trainers.mobile_vit_trainer |   ↳ new best AUROC; saved checkpoint: /home/oem/choihyunsu/VOGBasedMCIDetection/outputs/checkpoints/run_20260803_091255_full_wvote_artifact30_w0-5-10-10-0-10-20-20_strat_4err/fold_14_best.pth
2026-08-03 15:54:27,078 | [FULL    ] | INFO | full_experiments_using.model_trainers.mobile_vit_trainer | Ep [025/500] T-Acc:  57.5%  V-Acc:  58.4%  V-AUROC: 0.6153  LR: 1.00e-03
2026-08-03 15:54:53,145 | [FULL    ] | INFO | full_experiments_using.model_trainers.mobile_vit_trainer | Ep [026/500] T-Acc:  58.4%  V-Acc:  57.8%  V-AUROC: 0.6028  LR: 1.00e-03
2026-08-03 15:55:20,290 | [FULL    ] | INFO | full_experiments_using.model_trainers.mobile_vit_trainer | Ep [027/500] T-Acc:  57.8%  V-Acc:  58.3%  V-AUROC: 0.6122  LR: 1.00e-03
2026-08-03 15:55:46,628 | [FULL    ] | INFO | full_experiments_using.model_trainers.mobile_vit_trainer | Ep [028/500] T-Acc:  57.9%  V-Acc:  58.3%  V-AUROC: 0.6044  LR: 1.00e-03
2026-08-03 15:56:14,433 | [FULL    ] | INFO | full_experiments_using.model_trainers.mobile_vit_trainer | Ep [029/500] T-Acc:  58.1%  V-Acc:  58.5%  V-AUROC: 0.6121  LR: 1.00e-03
2026-08-03 15:56:42,600 | [FULL    ] | INFO | full_experiments_using.model_trainers.mobile_vit_trainer | Ep [030/500] T-Acc:  58.1%  V-Acc:  58.3%  V-AUROC: 0.6105  LR: 1.00e-03
2026-08-03 15:57:10,573 | [FULL    ] | INFO | full_experiments_using.model_trainers.mobile_vit_trainer | Ep [031/500] T-Acc:  58.3%  V-Acc:  58.7%  V-AUROC: 0.6124  LR: 1.00e-03
2026-08-03 15:57:38,501 | [FULL    ] | INFO | full_experiments_using.model_trainers.mobile_vit_trainer | Ep [032/500] T-Acc:  57.7%  V-Acc:  58.2%  V-AUROC: 0.6073  LR: 1.00e-03
2026-08-03 15:58:06,953 | [FULL    ] | INFO | full_experiments_using.model_trainers.mobile_vit_trainer | Ep [033/500] T-Acc:  58.8%  V-Acc:  58.8%  V-AUROC: 0.6160  LR: 1.00e-03
2026-08-03 15:58:07,089 | [FULL    ] | INFO | full_experiments_using.model_trainers.mobile_vit_trainer |   ↳ new best AUROC; saved checkpoint: /home/oem/choihyunsu/VOGBasedMCIDetection/outputs/checkpoints/run_20260803_091255_full_wvote_artifact30_w0-5-10-10-0-10-20-20_strat_4err/fold_14_best.pth
2026-08-03 15:58:34,884 | [FULL    ] | INFO | full_experiments_using.model_trainers.mobile_vit_trainer | Ep [034/500] T-Acc:  58.6%  V-Acc:  58.2%  V-AUROC: 0.6098  LR: 1.00e-03
2026-08-03 15:59:03,064 | [FULL    ] | INFO | full_experiments_using.model_trainers.mobile_vit_trainer | Ep [035/500] T-Acc:  59.3%  V-Acc:  58.7%  V-AUROC: 0.6197  LR: 1.00e-03
2026-08-03 15:59:03,197 | [FULL    ] | INFO | full_experiments_using.model_trainers.mobile_vit_trainer |   ↳ new best AUROC; saved checkpoint: /home/oem/choihyunsu/VOGBasedMCIDetection/outputs/checkpoints/run_20260803_091255_full_wvote_artifact30_w0-5-10-10-0-10-20-20_strat_4err/fold_14_best.pth
2026-08-03 15:59:30,930 | [FULL    ] | INFO | full_experiments_using.model_trainers.mobile_vit_trainer | Ep [036/500] T-Acc:  59.3%  V-Acc:  58.3%  V-AUROC: 0.6154  LR: 1.00e-03
2026-08-03 15:59:58,848 | [FULL    ] | INFO | full_experiments_using.model_trainers.mobile_vit_trainer | Ep [037/500] T-Acc:  60.6%  V-Acc:  58.7%  V-AUROC: 0.6173  LR: 1.00e-03
2026-08-03 16:00:26,915 | [FULL    ] | INFO | full_experiments_using.model_trainers.mobile_vit_trainer | Ep [038/500] T-Acc:  59.6%  V-Acc:  57.4%  V-AUROC: 0.6098  LR: 1.00e-03
2026-08-03 16:00:55,091 | [FULL    ] | INFO | full_experiments_using.model_trainers.mobile_vit_trainer | Ep [039/500] T-Acc:  58.3%  V-Acc:  59.0%  V-AUROC: 0.6102  LR: 1.00e-03
2026-08-03 16:01:23,117 | [FULL    ] | INFO | full_experiments_using.model_trainers.mobile_vit_trainer | Ep [040/500] T-Acc:  59.8%  V-Acc:  58.3%  V-AUROC: 0.6142  LR: 1.00e-03
2026-08-03 16:01:51,038 | [FULL    ] | INFO | full_experiments_using.model_trainers.mobile_vit_trainer | Ep [041/500] T-Acc:  59.8%  V-Acc:  59.5%  V-AUROC: 0.6172  LR: 1.00e-03
2026-08-03 16:02:19,084 | [FULL    ] | INFO | full_experiments_using.model_trainers.mobile_vit_trainer | Ep [042/500] T-Acc:  58.5%  V-Acc:  58.4%  V-AUROC: 0.6104  LR: 1.00e-03
2026-08-03 16:02:47,308 | [FULL    ] | INFO | full_experiments_using.model_trainers.mobile_vit_trainer | Ep [043/500] T-Acc:  59.7%  V-Acc:  58.7%  V-AUROC: 0.6183  LR: 1.00e-03
2026-08-03 16:03:15,487 | [FULL    ] | INFO | full_experiments_using.model_trainers.mobile_vit_trainer | Ep [044/500] T-Acc:  59.6%  V-Acc:  57.8%  V-AUROC: 0.6134  LR: 1.00e-03
2026-08-03 16:03:43,667 | [FULL    ] | INFO | full_experiments_using.model_trainers.mobile_vit_trainer | Ep [045/500] T-Acc:  60.5%  V-Acc:  58.1%  V-AUROC: 0.6124  LR: 1.00e-03
2026-08-03 16:04:11,682 | [FULL    ] | INFO | full_experiments_using.model_trainers.mobile_vit_trainer | Ep [046/500] T-Acc:  60.0%  V-Acc:  59.0%  V-AUROC: 0.6183  LR: 1.00e-03
2026-08-03 16:04:39,772 | [FULL    ] | INFO | full_experiments_using.model_trainers.mobile_vit_trainer | Ep [047/500] T-Acc:  60.6%  V-Acc:  59.6%  V-AUROC: 0.6161  LR: 2.00e-04
2026-08-03 16:05:07,882 | [FULL    ] | INFO | full_experiments_using.model_trainers.mobile_vit_trainer | Ep [048/500] T-Acc:  61.3%  V-Acc:  58.5%  V-AUROC: 0.6135  LR: 2.00e-04
2026-08-03 16:05:36,188 | [FULL    ] | INFO | full_experiments_using.model_trainers.mobile_vit_trainer | Ep [049/500] T-Acc:  60.0%  V-Acc:  58.6%  V-AUROC: 0.6134  LR: 2.00e-04
2026-08-03 16:06:04,125 | [FULL    ] | INFO | full_experiments_using.model_trainers.mobile_vit_trainer | Ep [050/500] T-Acc:  59.4%  V-Acc:  58.5%  V-AUROC: 0.6108  LR: 2.00e-04
2026-08-03 16:06:32,249 | [FULL    ] | INFO | full_experiments_using.model_trainers.mobile_vit_trainer | Ep [051/500] T-Acc:  60.1%  V-Acc:  58.3%  V-AUROC: 0.6111  LR: 2.00e-04
2026-08-03 16:07:00,207 | [FULL    ] | INFO | full_experiments_using.model_trainers.mobile_vit_trainer | Ep [052/500] T-Acc:  60.0%  V-Acc:  58.4%  V-AUROC: 0.6114  LR: 2.00e-04
2026-08-03 16:07:28,159 | [FULL    ] | INFO | full_experiments_using.model_trainers.mobile_vit_trainer | Ep [053/500] T-Acc:  60.5%  V-Acc:  58.2%  V-AUROC: 0.6085  LR: 2.00e-04
2026-08-03 16:07:56,113 | [FULL    ] | INFO | full_experiments_using.model_trainers.mobile_vit_trainer | Ep [054/500] T-Acc:  60.1%  V-Acc:  57.9%  V-AUROC: 0.6069  LR: 2.00e-04
2026-08-03 16:08:24,048 | [FULL    ] | INFO | full_experiments_using.model_trainers.mobile_vit_trainer | Ep [055/500] T-Acc:  61.2%  V-Acc:  57.6%  V-AUROC: 0.6092  LR: 2.00e-04
2026-08-03 16:08:51,945 | [FULL    ] | INFO | full_experiments_using.model_trainers.mobile_vit_trainer | Ep [056/500] T-Acc:  60.8%  V-Acc:  58.0%  V-AUROC: 0.6095  LR: 2.00e-04
2026-08-03 16:09:19,783 | [FULL    ] | INFO | full_experiments_using.model_trainers.mobile_vit_trainer | Ep [057/500] T-Acc:  59.7%  V-Acc:  58.0%  V-AUROC: 0.6102  LR: 2.00e-04
2026-08-03 16:09:47,808 | [FULL    ] | INFO | full_experiments_using.model_trainers.mobile_vit_trainer | Ep [058/500] T-Acc:  60.0%  V-Acc:  57.6%  V-AUROC: 0.6101  LR: 4.00e-05
2026-08-03 16:10:16,105 | [FULL    ] | INFO | full_experiments_using.model_trainers.mobile_vit_trainer | Ep [059/500] T-Acc:  60.3%  V-Acc:  57.5%  V-AUROC: 0.6099  LR: 4.00e-05
2026-08-03 16:10:44,297 | [FULL    ] | INFO | full_experiments_using.model_trainers.mobile_vit_trainer | Ep [060/500] T-Acc:  60.4%  V-Acc:  58.0%  V-AUROC: 0.6105  LR: 4.00e-05
2026-08-03 16:11:12,335 | [FULL    ] | INFO | full_experiments_using.model_trainers.mobile_vit_trainer | Ep [061/500] T-Acc:  60.5%  V-Acc:  58.0%  V-AUROC: 0.6101  LR: 4.00e-05
2026-08-03 16:11:40,318 | [FULL    ] | INFO | full_experiments_using.model_trainers.mobile_vit_trainer | Ep [062/500] T-Acc:  61.6%  V-Acc:  57.8%  V-AUROC: 0.6102  LR: 4.00e-05
2026-08-03 16:12:08,418 | [FULL    ] | INFO | full_experiments_using.model_trainers.mobile_vit_trainer | Ep [063/500] T-Acc:  61.2%  V-Acc:  57.9%  V-AUROC: 0.6094  LR: 4.00e-05
2026-08-03 16:12:36,678 | [FULL    ] | INFO | full_experiments_using.model_trainers.mobile_vit_trainer | Ep [064/500] T-Acc:  60.0%  V-Acc:  57.1%  V-AUROC: 0.6081  LR: 4.00e-05
2026-08-03 16:13:04,654 | [FULL    ] | INFO | full_experiments_using.model_trainers.mobile_vit_trainer | Ep [065/500] T-Acc:  59.9%  V-Acc:  57.8%  V-AUROC: 0.6087  LR: 4.00e-05
2026-08-03 16:13:04,657 | [FULL    ] | INFO | full_experiments_using.model_trainers.mobile_vit_trainer | Early stop — best AUROC 0.6197 at epoch 35 (no improvement for 30 epochs)
2026-08-03 16:13:04,657 | [FULL    ] | INFO | full_experiments_using.model_trainers.mobile_vit_trainer | Done. Best AUROC: 0.6197 (epoch 35) → /home/oem/choihyunsu/VOGBasedMCIDetection/outputs/checkpoints/run_20260803_091255_full_wvote_artifact30_w0-5-10-10-0-10-20-20_strat_4err/fold_14_best.pth
2026-08-03 16:13:14,171 | [FULL    ] | INFO | full_experiments_using.evaluators.monte_carlo_evaluator | -> Fold 15 Result | Acc=0.727 Sens=0.857 Spec=0.500 AUROC=0.929
2026-08-03 16:13:14,178 | [FULL    ] | INFO | full_experiments_using.evaluators.monte_carlo_evaluator | === Fold 16/30 | train: 25 subj (HC=10 MCI=15) / 3865 win | test: 12 subj (HC=4 MCI=8) / 1850 win ===
2026-08-03 16:13:14,412 | [FULL    ] | INFO | httpx | HTTP Request: HEAD https://huggingface.co/apple/mobilevit-small/resolve/main/config.json "HTTP/1.1 307 Temporary Redirect"
2026-08-03 16:13:14,430 | [FULL    ] | INFO | httpx | HTTP Request: HEAD https://huggingface.co/api/resolve-cache/models/apple/mobilevit-small/6c8612545dc98676d27bc518fa521d9e9af23e34/config.json "HTTP/1.1 200 OK"
2026-08-03 16:13:14,713 | [FULL    ] | INFO | httpx | HTTP Request: HEAD https://huggingface.co/apple/mobilevit-small/resolve/main/model.safetensors "HTTP/1.1 404 Not Found"
2026-08-03 16:13:14,949 | [FULL    ] | INFO | httpx | HTTP Request: HEAD https://huggingface.co/apple/mobilevit-small/resolve/main/model.safetensors.index.json "HTTP/1.1 404 Not Found"
2026-08-03 16:13:15,171 | [FULL    ] | INFO | httpx | HTTP Request: HEAD https://huggingface.co/apple/mobilevit-small/resolve/main/pytorch_model.bin "HTTP/1.1 302 Found"
2026-08-03 16:13:15,386 | [FULL    ] | INFO | httpx | HTTP Request: HEAD https://huggingface.co/apple/mobilevit-small/resolve/main/model.safetensors "HTTP/1.1 404 Not Found"
2026-08-03 16:13:15,886 | [FULL    ] | INFO | httpx | HTTP Request: GET https://huggingface.co/api/models/apple/mobilevit-small "HTTP/1.1 200 OK"
2026-08-03 16:13:16,180 | [FULL    ] | INFO | httpx | HTTP Request: GET https://huggingface.co/api/models/apple/mobilevit-small/commits/main "HTTP/1.1 200 OK"
2026-08-03 16:13:16,410 | [FULL    ] | INFO | httpx | HTTP Request: GET https://huggingface.co/api/models/apple/mobilevit-small/discussions?p=0 "HTTP/1.1 200 OK"
2026-08-03 16:13:16,633 | [FULL    ] | INFO | httpx | HTTP Request: GET https://huggingface.co/api/models/apple/mobilevit-small/commits/refs%2Fpr%2F6 "HTTP/1.1 200 OK"
2026-08-03 16:13:16,850 | [FULL    ] | INFO | httpx | HTTP Request: HEAD https://huggingface.co/apple/mobilevit-small/resolve/refs%2Fpr%2F6/model.safetensors.index.json "HTTP/1.1 404 Not Found"
2026-08-03 16:13:17,075 | [FULL    ] | INFO | httpx | HTTP Request: HEAD https://huggingface.co/apple/mobilevit-small/resolve/refs%2Fpr%2F6/model.safetensors "HTTP/1.1 302 Found"
2026-08-03 16:13:17,900 | [FULL    ] | INFO | full_experiments_using.model_trainers.mobile_vit_trainer | Device: cuda | max_epochs=500 | batch=32 | eval_batch=256 | es_patience=30
2026-08-03 16:13:17,912 | [FULL    ] | INFO | full_experiments_using.model_trainers.mobile_vit_trainer | CE weights — HC: 1.112  MCI: 0.909
2026-08-03 16:13:55,667 | [FULL    ] | INFO | full_experiments_using.model_trainers.mobile_vit_trainer | Ep [001/500] T-Acc:  51.7%  V-Acc:  52.4%  V-AUROC: 0.5211  LR: 2.00e-04
2026-08-03 16:13:55,727 | [FULL    ] | INFO | full_experiments_using.model_trainers.mobile_vit_trainer |   ↳ new best AUROC; saved checkpoint: /home/oem/choihyunsu/VOGBasedMCIDetection/outputs/checkpoints/run_20260803_091255_full_wvote_artifact30_w0-5-10-10-0-10-20-20_strat_4err/fold_15_best.pth
2026-08-03 16:14:23,681 | [FULL    ] | INFO | full_experiments_using.model_trainers.mobile_vit_trainer | Ep [002/500] T-Acc:  50.1%  V-Acc:  53.5%  V-AUROC: 0.5295  LR: 4.00e-04
2026-08-03 16:14:23,801 | [FULL    ] | INFO | full_experiments_using.model_trainers.mobile_vit_trainer |   ↳ new best AUROC; saved checkpoint: /home/oem/choihyunsu/VOGBasedMCIDetection/outputs/checkpoints/run_20260803_091255_full_wvote_artifact30_w0-5-10-10-0-10-20-20_strat_4err/fold_15_best.pth
2026-08-03 16:14:52,187 | [FULL    ] | INFO | full_experiments_using.model_trainers.mobile_vit_trainer | Ep [003/500] T-Acc:  51.7%  V-Acc:  53.8%  V-AUROC: 0.5410  LR: 6.00e-04
2026-08-03 16:14:52,352 | [FULL    ] | INFO | full_experiments_using.model_trainers.mobile_vit_trainer |   ↳ new best AUROC; saved checkpoint: /home/oem/choihyunsu/VOGBasedMCIDetection/outputs/checkpoints/run_20260803_091255_full_wvote_artifact30_w0-5-10-10-0-10-20-20_strat_4err/fold_15_best.pth
2026-08-03 16:15:20,584 | [FULL    ] | INFO | full_experiments_using.model_trainers.mobile_vit_trainer | Ep [004/500] T-Acc:  52.4%  V-Acc:  54.4%  V-AUROC: 0.5554  LR: 8.00e-04
2026-08-03 16:15:20,717 | [FULL    ] | INFO | full_experiments_using.model_trainers.mobile_vit_trainer |   ↳ new best AUROC; saved checkpoint: /home/oem/choihyunsu/VOGBasedMCIDetection/outputs/checkpoints/run_20260803_091255_full_wvote_artifact30_w0-5-10-10-0-10-20-20_strat_4err/fold_15_best.pth
2026-08-03 16:15:48,773 | [FULL    ] | INFO | full_experiments_using.model_trainers.mobile_vit_trainer | Ep [005/500] T-Acc:  51.8%  V-Acc:  55.9%  V-AUROC: 0.5702  LR: 1.00e-03
2026-08-03 16:15:48,932 | [FULL    ] | INFO | full_experiments_using.model_trainers.mobile_vit_trainer |   ↳ new best AUROC; saved checkpoint: /home/oem/choihyunsu/VOGBasedMCIDetection/outputs/checkpoints/run_20260803_091255_full_wvote_artifact30_w0-5-10-10-0-10-20-20_strat_4err/fold_15_best.pth
2026-08-03 16:16:16,905 | [FULL    ] | INFO | full_experiments_using.model_trainers.mobile_vit_trainer | Ep [006/500] T-Acc:  52.3%  V-Acc:  56.5%  V-AUROC: 0.5761  LR: 1.00e-03
2026-08-03 16:16:17,059 | [FULL    ] | INFO | full_experiments_using.model_trainers.mobile_vit_trainer |   ↳ new best AUROC; saved checkpoint: /home/oem/choihyunsu/VOGBasedMCIDetection/outputs/checkpoints/run_20260803_091255_full_wvote_artifact30_w0-5-10-10-0-10-20-20_strat_4err/fold_15_best.pth
2026-08-03 16:16:45,209 | [FULL    ] | INFO | full_experiments_using.model_trainers.mobile_vit_trainer | Ep [007/500] T-Acc:  53.7%  V-Acc:  57.2%  V-AUROC: 0.5985  LR: 1.00e-03
2026-08-03 16:16:45,333 | [FULL    ] | INFO | full_experiments_using.model_trainers.mobile_vit_trainer |   ↳ new best AUROC; saved checkpoint: /home/oem/choihyunsu/VOGBasedMCIDetection/outputs/checkpoints/run_20260803_091255_full_wvote_artifact30_w0-5-10-10-0-10-20-20_strat_4err/fold_15_best.pth
2026-08-03 16:17:13,750 | [FULL    ] | INFO | full_experiments_using.model_trainers.mobile_vit_trainer | Ep [008/500] T-Acc:  53.6%  V-Acc:  56.3%  V-AUROC: 0.5989  LR: 1.00e-03
2026-08-03 16:17:13,872 | [FULL    ] | INFO | full_experiments_using.model_trainers.mobile_vit_trainer |   ↳ new best AUROC; saved checkpoint: /home/oem/choihyunsu/VOGBasedMCIDetection/outputs/checkpoints/run_20260803_091255_full_wvote_artifact30_w0-5-10-10-0-10-20-20_strat_4err/fold_15_best.pth
2026-08-03 16:17:40,408 | [FULL    ] | INFO | full_experiments_using.model_trainers.mobile_vit_trainer | Ep [009/500] T-Acc:  53.3%  V-Acc:  57.7%  V-AUROC: 0.6007  LR: 1.00e-03
2026-08-03 16:17:40,565 | [FULL    ] | INFO | full_experiments_using.model_trainers.mobile_vit_trainer |   ↳ new best AUROC; saved checkpoint: /home/oem/choihyunsu/VOGBasedMCIDetection/outputs/checkpoints/run_20260803_091255_full_wvote_artifact30_w0-5-10-10-0-10-20-20_strat_4err/fold_15_best.pth
2026-08-03 16:18:06,625 | [FULL    ] | INFO | full_experiments_using.model_trainers.mobile_vit_trainer | Ep [010/500] T-Acc:  54.3%  V-Acc:  58.3%  V-AUROC: 0.6089  LR: 1.00e-03
2026-08-03 16:18:06,744 | [FULL    ] | INFO | full_experiments_using.model_trainers.mobile_vit_trainer |   ↳ new best AUROC; saved checkpoint: /home/oem/choihyunsu/VOGBasedMCIDetection/outputs/checkpoints/run_20260803_091255_full_wvote_artifact30_w0-5-10-10-0-10-20-20_strat_4err/fold_15_best.pth
2026-08-03 16:18:35,076 | [FULL    ] | INFO | full_experiments_using.model_trainers.mobile_vit_trainer | Ep [011/500] T-Acc:  55.3%  V-Acc:  59.8%  V-AUROC: 0.6176  LR: 1.00e-03
2026-08-03 16:18:35,213 | [FULL    ] | INFO | full_experiments_using.model_trainers.mobile_vit_trainer |   ↳ new best AUROC; saved checkpoint: /home/oem/choihyunsu/VOGBasedMCIDetection/outputs/checkpoints/run_20260803_091255_full_wvote_artifact30_w0-5-10-10-0-10-20-20_strat_4err/fold_15_best.pth
2026-08-03 16:19:03,478 | [FULL    ] | INFO | full_experiments_using.model_trainers.mobile_vit_trainer | Ep [012/500] T-Acc:  53.8%  V-Acc:  57.3%  V-AUROC: 0.5934  LR: 1.00e-03
2026-08-03 16:19:31,534 | [FULL    ] | INFO | full_experiments_using.model_trainers.mobile_vit_trainer | Ep [013/500] T-Acc:  55.1%  V-Acc:  59.0%  V-AUROC: 0.6088  LR: 1.00e-03
2026-08-03 16:19:59,962 | [FULL    ] | INFO | full_experiments_using.model_trainers.mobile_vit_trainer | Ep [014/500] T-Acc:  55.1%  V-Acc:  58.5%  V-AUROC: 0.6098  LR: 1.00e-03
2026-08-03 16:20:27,938 | [FULL    ] | INFO | full_experiments_using.model_trainers.mobile_vit_trainer | Ep [015/500] T-Acc:  56.0%  V-Acc:  59.7%  V-AUROC: 0.5970  LR: 1.00e-03
2026-08-03 16:20:56,061 | [FULL    ] | INFO | full_experiments_using.model_trainers.mobile_vit_trainer | Ep [016/500] T-Acc:  54.4%  V-Acc:  57.5%  V-AUROC: 0.6088  LR: 1.00e-03
2026-08-03 16:21:24,290 | [FULL    ] | INFO | full_experiments_using.model_trainers.mobile_vit_trainer | Ep [017/500] T-Acc:  53.8%  V-Acc:  59.8%  V-AUROC: 0.6229  LR: 1.00e-03
2026-08-03 16:21:24,536 | [FULL    ] | INFO | full_experiments_using.model_trainers.mobile_vit_trainer |   ↳ new best AUROC; saved checkpoint: /home/oem/choihyunsu/VOGBasedMCIDetection/outputs/checkpoints/run_20260803_091255_full_wvote_artifact30_w0-5-10-10-0-10-20-20_strat_4err/fold_15_best.pth
2026-08-03 16:21:52,848 | [FULL    ] | INFO | full_experiments_using.model_trainers.mobile_vit_trainer | Ep [018/500] T-Acc:  56.0%  V-Acc:  59.4%  V-AUROC: 0.6218  LR: 1.00e-03
2026-08-03 16:22:21,124 | [FULL    ] | INFO | full_experiments_using.model_trainers.mobile_vit_trainer | Ep [019/500] T-Acc:  56.4%  V-Acc:  57.4%  V-AUROC: 0.6226  LR: 1.00e-03
2026-08-03 16:22:49,286 | [FULL    ] | INFO | full_experiments_using.model_trainers.mobile_vit_trainer | Ep [020/500] T-Acc:  56.0%  V-Acc:  59.3%  V-AUROC: 0.6315  LR: 1.00e-03
2026-08-03 16:22:49,417 | [FULL    ] | INFO | full_experiments_using.model_trainers.mobile_vit_trainer |   ↳ new best AUROC; saved checkpoint: /home/oem/choihyunsu/VOGBasedMCIDetection/outputs/checkpoints/run_20260803_091255_full_wvote_artifact30_w0-5-10-10-0-10-20-20_strat_4err/fold_15_best.pth
2026-08-03 16:23:17,685 | [FULL    ] | INFO | full_experiments_using.model_trainers.mobile_vit_trainer | Ep [021/500] T-Acc:  56.6%  V-Acc:  60.5%  V-AUROC: 0.6389  LR: 1.00e-03
2026-08-03 16:23:17,818 | [FULL    ] | INFO | full_experiments_using.model_trainers.mobile_vit_trainer |   ↳ new best AUROC; saved checkpoint: /home/oem/choihyunsu/VOGBasedMCIDetection/outputs/checkpoints/run_20260803_091255_full_wvote_artifact30_w0-5-10-10-0-10-20-20_strat_4err/fold_15_best.pth
2026-08-03 16:23:46,397 | [FULL    ] | INFO | full_experiments_using.model_trainers.mobile_vit_trainer | Ep [022/500] T-Acc:  56.1%  V-Acc:  59.6%  V-AUROC: 0.6290  LR: 1.00e-03
2026-08-03 16:24:14,582 | [FULL    ] | INFO | full_experiments_using.model_trainers.mobile_vit_trainer | Ep [023/500] T-Acc:  57.0%  V-Acc:  61.3%  V-AUROC: 0.6487  LR: 1.00e-03
2026-08-03 16:24:14,695 | [FULL    ] | INFO | full_experiments_using.model_trainers.mobile_vit_trainer |   ↳ new best AUROC; saved checkpoint: /home/oem/choihyunsu/VOGBasedMCIDetection/outputs/checkpoints/run_20260803_091255_full_wvote_artifact30_w0-5-10-10-0-10-20-20_strat_4err/fold_15_best.pth
2026-08-03 16:24:42,783 | [FULL    ] | INFO | full_experiments_using.model_trainers.mobile_vit_trainer | Ep [024/500] T-Acc:  56.7%  V-Acc:  61.8%  V-AUROC: 0.6480  LR: 1.00e-03
2026-08-03 16:25:10,867 | [FULL    ] | INFO | full_experiments_using.model_trainers.mobile_vit_trainer | Ep [025/500] T-Acc:  56.9%  V-Acc:  60.2%  V-AUROC: 0.6344  LR: 1.00e-03
2026-08-03 16:25:39,017 | [FULL    ] | INFO | full_experiments_using.model_trainers.mobile_vit_trainer | Ep [026/500] T-Acc:  56.8%  V-Acc:  60.2%  V-AUROC: 0.6290  LR: 1.00e-03
2026-08-03 16:26:07,090 | [FULL    ] | INFO | full_experiments_using.model_trainers.mobile_vit_trainer | Ep [027/500] T-Acc:  56.7%  V-Acc:  61.2%  V-AUROC: 0.6489  LR: 1.00e-03
2026-08-03 16:26:07,210 | [FULL    ] | INFO | full_experiments_using.model_trainers.mobile_vit_trainer |   ↳ new best AUROC; saved checkpoint: /home/oem/choihyunsu/VOGBasedMCIDetection/outputs/checkpoints/run_20260803_091255_full_wvote_artifact30_w0-5-10-10-0-10-20-20_strat_4err/fold_15_best.pth
2026-08-03 16:26:35,427 | [FULL    ] | INFO | full_experiments_using.model_trainers.mobile_vit_trainer | Ep [028/500] T-Acc:  57.7%  V-Acc:  60.4%  V-AUROC: 0.6392  LR: 1.00e-03
2026-08-03 16:27:03,430 | [FULL    ] | INFO | full_experiments_using.model_trainers.mobile_vit_trainer | Ep [029/500] T-Acc:  56.9%  V-Acc:  61.8%  V-AUROC: 0.6523  LR: 1.00e-03
2026-08-03 16:27:03,603 | [FULL    ] | INFO | full_experiments_using.model_trainers.mobile_vit_trainer |   ↳ new best AUROC; saved checkpoint: /home/oem/choihyunsu/VOGBasedMCIDetection/outputs/checkpoints/run_20260803_091255_full_wvote_artifact30_w0-5-10-10-0-10-20-20_strat_4err/fold_15_best.pth
2026-08-03 16:27:31,648 | [FULL    ] | INFO | full_experiments_using.model_trainers.mobile_vit_trainer | Ep [030/500] T-Acc:  56.5%  V-Acc:  62.5%  V-AUROC: 0.6479  LR: 1.00e-03
2026-08-03 16:27:59,789 | [FULL    ] | INFO | full_experiments_using.model_trainers.mobile_vit_trainer | Ep [031/500] T-Acc:  57.5%  V-Acc:  62.4%  V-AUROC: 0.6534  LR: 1.00e-03
2026-08-03 16:27:59,957 | [FULL    ] | INFO | full_experiments_using.model_trainers.mobile_vit_trainer |   ↳ new best AUROC; saved checkpoint: /home/oem/choihyunsu/VOGBasedMCIDetection/outputs/checkpoints/run_20260803_091255_full_wvote_artifact30_w0-5-10-10-0-10-20-20_strat_4err/fold_15_best.pth
2026-08-03 16:28:28,149 | [FULL    ] | INFO | full_experiments_using.model_trainers.mobile_vit_trainer | Ep [032/500] T-Acc:  58.0%  V-Acc:  62.7%  V-AUROC: 0.6544  LR: 1.00e-03
2026-08-03 16:28:28,340 | [FULL    ] | INFO | full_experiments_using.model_trainers.mobile_vit_trainer |   ↳ new best AUROC; saved checkpoint: /home/oem/choihyunsu/VOGBasedMCIDetection/outputs/checkpoints/run_20260803_091255_full_wvote_artifact30_w0-5-10-10-0-10-20-20_strat_4err/fold_15_best.pth
2026-08-03 16:28:56,408 | [FULL    ] | INFO | full_experiments_using.model_trainers.mobile_vit_trainer | Ep [033/500] T-Acc:  57.6%  V-Acc:  61.4%  V-AUROC: 0.6566  LR: 1.00e-03
2026-08-03 16:28:56,581 | [FULL    ] | INFO | full_experiments_using.model_trainers.mobile_vit_trainer |   ↳ new best AUROC; saved checkpoint: /home/oem/choihyunsu/VOGBasedMCIDetection/outputs/checkpoints/run_20260803_091255_full_wvote_artifact30_w0-5-10-10-0-10-20-20_strat_4err/fold_15_best.pth
2026-08-03 16:29:24,558 | [FULL    ] | INFO | full_experiments_using.model_trainers.mobile_vit_trainer | Ep [034/500] T-Acc:  58.3%  V-Acc:  62.3%  V-AUROC: 0.6648  LR: 1.00e-03
2026-08-03 16:29:24,678 | [FULL    ] | INFO | full_experiments_using.model_trainers.mobile_vit_trainer |   ↳ new best AUROC; saved checkpoint: /home/oem/choihyunsu/VOGBasedMCIDetection/outputs/checkpoints/run_20260803_091255_full_wvote_artifact30_w0-5-10-10-0-10-20-20_strat_4err/fold_15_best.pth
2026-08-03 16:29:52,978 | [FULL    ] | INFO | full_experiments_using.model_trainers.mobile_vit_trainer | Ep [035/500] T-Acc:  58.8%  V-Acc:  63.2%  V-AUROC: 0.6625  LR: 1.00e-03
2026-08-03 16:30:19,625 | [FULL    ] | INFO | full_experiments_using.model_trainers.mobile_vit_trainer | Ep [036/500] T-Acc:  58.5%  V-Acc:  61.5%  V-AUROC: 0.6455  LR: 1.00e-03
2026-08-03 16:30:46,623 | [FULL    ] | INFO | full_experiments_using.model_trainers.mobile_vit_trainer | Ep [037/500] T-Acc:  57.5%  V-Acc:  61.5%  V-AUROC: 0.6454  LR: 1.00e-03
2026-08-03 16:31:13,936 | [FULL    ] | INFO | full_experiments_using.model_trainers.mobile_vit_trainer | Ep [038/500] T-Acc:  58.9%  V-Acc:  61.6%  V-AUROC: 0.6479  LR: 1.00e-03
2026-08-03 16:31:42,212 | [FULL    ] | INFO | full_experiments_using.model_trainers.mobile_vit_trainer | Ep [039/500] T-Acc:  59.0%  V-Acc:  61.9%  V-AUROC: 0.6556  LR: 1.00e-03
2026-08-03 16:32:10,411 | [FULL    ] | INFO | full_experiments_using.model_trainers.mobile_vit_trainer | Ep [040/500] T-Acc:  59.1%  V-Acc:  61.1%  V-AUROC: 0.6444  LR: 1.00e-03
2026-08-03 16:32:38,520 | [FULL    ] | INFO | full_experiments_using.model_trainers.mobile_vit_trainer | Ep [041/500] T-Acc:  58.7%  V-Acc:  62.1%  V-AUROC: 0.6533  LR: 1.00e-03
2026-08-03 16:33:06,701 | [FULL    ] | INFO | full_experiments_using.model_trainers.mobile_vit_trainer | Ep [042/500] T-Acc:  59.9%  V-Acc:  60.9%  V-AUROC: 0.6529  LR: 1.00e-03
2026-08-03 16:33:34,911 | [FULL    ] | INFO | full_experiments_using.model_trainers.mobile_vit_trainer | Ep [043/500] T-Acc:  59.5%  V-Acc:  58.6%  V-AUROC: 0.6217  LR: 1.00e-03
2026-08-03 16:34:03,032 | [FULL    ] | INFO | full_experiments_using.model_trainers.mobile_vit_trainer | Ep [044/500] T-Acc:  57.7%  V-Acc:  59.5%  V-AUROC: 0.6249  LR: 1.00e-03
2026-08-03 16:34:31,372 | [FULL    ] | INFO | full_experiments_using.model_trainers.mobile_vit_trainer | Ep [045/500] T-Acc:  60.1%  V-Acc:  59.9%  V-AUROC: 0.6361  LR: 1.00e-03
2026-08-03 16:34:57,697 | [FULL    ] | INFO | full_experiments_using.model_trainers.mobile_vit_trainer | Ep [046/500] T-Acc:  59.2%  V-Acc:  60.7%  V-AUROC: 0.6371  LR: 2.00e-04
2026-08-03 16:35:23,610 | [FULL    ] | INFO | full_experiments_using.model_trainers.mobile_vit_trainer | Ep [047/500] T-Acc:  59.3%  V-Acc:  61.2%  V-AUROC: 0.6409  LR: 2.00e-04
2026-08-03 16:35:51,580 | [FULL    ] | INFO | full_experiments_using.model_trainers.mobile_vit_trainer | Ep [048/500] T-Acc:  59.5%  V-Acc:  61.1%  V-AUROC: 0.6401  LR: 2.00e-04
2026-08-03 16:36:19,603 | [FULL    ] | INFO | full_experiments_using.model_trainers.mobile_vit_trainer | Ep [049/500] T-Acc:  59.2%  V-Acc:  60.9%  V-AUROC: 0.6419  LR: 2.00e-04
2026-08-03 16:36:47,721 | [FULL    ] | INFO | full_experiments_using.model_trainers.mobile_vit_trainer | Ep [050/500] T-Acc:  58.8%  V-Acc:  61.3%  V-AUROC: 0.6442  LR: 2.00e-04
2026-08-03 16:37:15,833 | [FULL    ] | INFO | full_experiments_using.model_trainers.mobile_vit_trainer | Ep [051/500] T-Acc:  59.5%  V-Acc:  61.2%  V-AUROC: 0.6446  LR: 2.00e-04
2026-08-03 16:37:43,892 | [FULL    ] | INFO | full_experiments_using.model_trainers.mobile_vit_trainer | Ep [052/500] T-Acc:  58.0%  V-Acc:  60.5%  V-AUROC: 0.6438  LR: 2.00e-04
2026-08-03 16:38:12,221 | [FULL    ] | INFO | full_experiments_using.model_trainers.mobile_vit_trainer | Ep [053/500] T-Acc:  59.2%  V-Acc:  61.0%  V-AUROC: 0.6448  LR: 2.00e-04
2026-08-03 16:38:40,689 | [FULL    ] | INFO | full_experiments_using.model_trainers.mobile_vit_trainer | Ep [054/500] T-Acc:  59.5%  V-Acc:  60.7%  V-AUROC: 0.6453  LR: 2.00e-04
2026-08-03 16:39:08,825 | [FULL    ] | INFO | full_experiments_using.model_trainers.mobile_vit_trainer | Ep [055/500] T-Acc:  60.3%  V-Acc:  61.1%  V-AUROC: 0.6480  LR: 2.00e-04
2026-08-03 16:39:36,869 | [FULL    ] | INFO | full_experiments_using.model_trainers.mobile_vit_trainer | Ep [056/500] T-Acc:  60.3%  V-Acc:  61.1%  V-AUROC: 0.6469  LR: 2.00e-04
2026-08-03 16:40:04,864 | [FULL    ] | INFO | full_experiments_using.model_trainers.mobile_vit_trainer | Ep [057/500] T-Acc:  61.0%  V-Acc:  61.0%  V-AUROC: 0.6488  LR: 4.00e-05
2026-08-03 16:40:33,044 | [FULL    ] | INFO | full_experiments_using.model_trainers.mobile_vit_trainer | Ep [058/500] T-Acc:  58.7%  V-Acc:  61.0%  V-AUROC: 0.6482  LR: 4.00e-05
2026-08-03 16:41:01,203 | [FULL    ] | INFO | full_experiments_using.model_trainers.mobile_vit_trainer | Ep [059/500] T-Acc:  60.4%  V-Acc:  61.3%  V-AUROC: 0.6470  LR: 4.00e-05
2026-08-03 16:41:29,384 | [FULL    ] | INFO | full_experiments_using.model_trainers.mobile_vit_trainer | Ep [060/500] T-Acc:  60.6%  V-Acc:  61.2%  V-AUROC: 0.6480  LR: 4.00e-05
2026-08-03 16:41:57,683 | [FULL    ] | INFO | full_experiments_using.model_trainers.mobile_vit_trainer | Ep [061/500] T-Acc:  59.9%  V-Acc:  61.7%  V-AUROC: 0.6497  LR: 4.00e-05
2026-08-03 16:42:25,768 | [FULL    ] | INFO | full_experiments_using.model_trainers.mobile_vit_trainer | Ep [062/500] T-Acc:  59.9%  V-Acc:  61.1%  V-AUROC: 0.6483  LR: 4.00e-05
2026-08-03 16:42:53,880 | [FULL    ] | INFO | full_experiments_using.model_trainers.mobile_vit_trainer | Ep [063/500] T-Acc:  59.4%  V-Acc:  60.6%  V-AUROC: 0.6494  LR: 4.00e-05
2026-08-03 16:43:22,067 | [FULL    ] | INFO | full_experiments_using.model_trainers.mobile_vit_trainer | Ep [064/500] T-Acc:  60.1%  V-Acc:  60.5%  V-AUROC: 0.6491  LR: 4.00e-05
2026-08-03 16:43:22,068 | [FULL    ] | INFO | full_experiments_using.model_trainers.mobile_vit_trainer | Early stop — best AUROC 0.6648 at epoch 34 (no improvement for 30 epochs)
2026-08-03 16:43:22,068 | [FULL    ] | INFO | full_experiments_using.model_trainers.mobile_vit_trainer | Done. Best AUROC: 0.6648 (epoch 34) → /home/oem/choihyunsu/VOGBasedMCIDetection/outputs/checkpoints/run_20260803_091255_full_wvote_artifact30_w0-5-10-10-0-10-20-20_strat_4err/fold_15_best.pth
2026-08-03 16:43:31,437 | [FULL    ] | INFO | full_experiments_using.evaluators.monte_carlo_evaluator | -> Fold 16 Result | Acc=0.909 Sens=1.000 Spec=0.750 AUROC=1.000
2026-08-03 16:43:31,459 | [FULL    ] | INFO | full_experiments_using.evaluators.monte_carlo_evaluator | === Fold 17/30 | train: 25 subj (HC=10 MCI=15) / 3884 win | test: 12 subj (HC=4 MCI=8) / 1831 win ===
2026-08-03 16:43:31,708 | [FULL    ] | INFO | httpx | HTTP Request: HEAD https://huggingface.co/apple/mobilevit-small/resolve/main/config.json "HTTP/1.1 307 Temporary Redirect"
2026-08-03 16:43:31,725 | [FULL    ] | INFO | httpx | HTTP Request: HEAD https://huggingface.co/api/resolve-cache/models/apple/mobilevit-small/6c8612545dc98676d27bc518fa521d9e9af23e34/config.json "HTTP/1.1 200 OK"
2026-08-03 16:43:32,004 | [FULL    ] | INFO | httpx | HTTP Request: HEAD https://huggingface.co/apple/mobilevit-small/resolve/main/model.safetensors "HTTP/1.1 404 Not Found"
2026-08-03 16:43:32,216 | [FULL    ] | INFO | httpx | HTTP Request: HEAD https://huggingface.co/apple/mobilevit-small/resolve/main/model.safetensors.index.json "HTTP/1.1 404 Not Found"
2026-08-03 16:43:32,436 | [FULL    ] | INFO | httpx | HTTP Request: HEAD https://huggingface.co/apple/mobilevit-small/resolve/main/pytorch_model.bin "HTTP/1.1 302 Found"
2026-08-03 16:43:32,652 | [FULL    ] | INFO | httpx | HTTP Request: HEAD https://huggingface.co/apple/mobilevit-small/resolve/main/model.safetensors "HTTP/1.1 404 Not Found"
2026-08-03 16:43:32,869 | [FULL    ] | INFO | httpx | HTTP Request: GET https://huggingface.co/api/models/apple/mobilevit-small "HTTP/1.1 200 OK"
2026-08-03 16:43:33,136 | [FULL    ] | INFO | httpx | HTTP Request: GET https://huggingface.co/api/models/apple/mobilevit-small/commits/main "HTTP/1.1 200 OK"
2026-08-03 16:43:33,364 | [FULL    ] | INFO | httpx | HTTP Request: GET https://huggingface.co/api/models/apple/mobilevit-small/discussions?p=0 "HTTP/1.1 200 OK"
2026-08-03 16:43:33,589 | [FULL    ] | INFO | httpx | HTTP Request: GET https://huggingface.co/api/models/apple/mobilevit-small/commits/refs%2Fpr%2F6 "HTTP/1.1 200 OK"
2026-08-03 16:43:33,805 | [FULL    ] | INFO | httpx | HTTP Request: HEAD https://huggingface.co/apple/mobilevit-small/resolve/refs%2Fpr%2F6/model.safetensors.index.json "HTTP/1.1 404 Not Found"
2026-08-03 16:43:34,019 | [FULL    ] | INFO | httpx | HTTP Request: HEAD https://huggingface.co/apple/mobilevit-small/resolve/refs%2Fpr%2F6/model.safetensors "HTTP/1.1 302 Found"
2026-08-03 16:43:34,546 | [FULL    ] | INFO | full_experiments_using.model_trainers.mobile_vit_trainer | Device: cuda | max_epochs=500 | batch=32 | eval_batch=256 | es_patience=30
2026-08-03 16:43:34,555 | [FULL    ] | INFO | full_experiments_using.model_trainers.mobile_vit_trainer | CE weights — HC: 1.084  MCI: 0.928
2026-08-03 16:44:10,292 | [FULL    ] | INFO | full_experiments_using.model_trainers.mobile_vit_trainer | Ep [001/500] T-Acc:  47.3%  V-Acc:  46.6%  V-AUROC: 0.4348  LR: 2.00e-04
2026-08-03 16:44:10,356 | [FULL    ] | INFO | full_experiments_using.model_trainers.mobile_vit_trainer |   ↳ new best AUROC; saved checkpoint: /home/oem/choihyunsu/VOGBasedMCIDetection/outputs/checkpoints/run_20260803_091255_full_wvote_artifact30_w0-5-10-10-0-10-20-20_strat_4err/fold_16_best.pth
2026-08-03 16:44:36,540 | [FULL    ] | INFO | full_experiments_using.model_trainers.mobile_vit_trainer | Ep [002/500] T-Acc:  48.9%  V-Acc:  45.9%  V-AUROC: 0.4409  LR: 4.00e-04
2026-08-03 16:44:36,753 | [FULL    ] | INFO | full_experiments_using.model_trainers.mobile_vit_trainer |   ↳ new best AUROC; saved checkpoint: /home/oem/choihyunsu/VOGBasedMCIDetection/outputs/checkpoints/run_20260803_091255_full_wvote_artifact30_w0-5-10-10-0-10-20-20_strat_4err/fold_16_best.pth
2026-08-03 16:45:04,985 | [FULL    ] | INFO | full_experiments_using.model_trainers.mobile_vit_trainer | Ep [003/500] T-Acc:  48.8%  V-Acc:  45.8%  V-AUROC: 0.4403  LR: 6.00e-04
2026-08-03 16:45:33,237 | [FULL    ] | INFO | full_experiments_using.model_trainers.mobile_vit_trainer | Ep [004/500] T-Acc:  49.6%  V-Acc:  45.5%  V-AUROC: 0.4406  LR: 8.00e-04
2026-08-03 16:46:01,455 | [FULL    ] | INFO | full_experiments_using.model_trainers.mobile_vit_trainer | Ep [005/500] T-Acc:  49.3%  V-Acc:  46.3%  V-AUROC: 0.4459  LR: 1.00e-03
2026-08-03 16:46:01,700 | [FULL    ] | INFO | full_experiments_using.model_trainers.mobile_vit_trainer |   ↳ new best AUROC; saved checkpoint: /home/oem/choihyunsu/VOGBasedMCIDetection/outputs/checkpoints/run_20260803_091255_full_wvote_artifact30_w0-5-10-10-0-10-20-20_strat_4err/fold_16_best.pth
2026-08-03 16:46:30,069 | [FULL    ] | INFO | full_experiments_using.model_trainers.mobile_vit_trainer | Ep [006/500] T-Acc:  52.5%  V-Acc:  46.5%  V-AUROC: 0.4637  LR: 1.00e-03
2026-08-03 16:46:30,244 | [FULL    ] | INFO | full_experiments_using.model_trainers.mobile_vit_trainer |   ↳ new best AUROC; saved checkpoint: /home/oem/choihyunsu/VOGBasedMCIDetection/outputs/checkpoints/run_20260803_091255_full_wvote_artifact30_w0-5-10-10-0-10-20-20_strat_4err/fold_16_best.pth
2026-08-03 16:46:58,565 | [FULL    ] | INFO | full_experiments_using.model_trainers.mobile_vit_trainer | Ep [007/500] T-Acc:  51.7%  V-Acc:  49.4%  V-AUROC: 0.4873  LR: 1.00e-03
2026-08-03 16:46:58,751 | [FULL    ] | INFO | full_experiments_using.model_trainers.mobile_vit_trainer |   ↳ new best AUROC; saved checkpoint: /home/oem/choihyunsu/VOGBasedMCIDetection/outputs/checkpoints/run_20260803_091255_full_wvote_artifact30_w0-5-10-10-0-10-20-20_strat_4err/fold_16_best.pth
2026-08-03 16:47:27,039 | [FULL    ] | INFO | full_experiments_using.model_trainers.mobile_vit_trainer | Ep [008/500] T-Acc:  54.6%  V-Acc:  48.4%  V-AUROC: 0.4805  LR: 1.00e-03
2026-08-03 16:47:55,257 | [FULL    ] | INFO | full_experiments_using.model_trainers.mobile_vit_trainer | Ep [009/500] T-Acc:  56.3%  V-Acc:  49.2%  V-AUROC: 0.5067  LR: 1.00e-03
2026-08-03 16:47:55,408 | [FULL    ] | INFO | full_experiments_using.model_trainers.mobile_vit_trainer |   ↳ new best AUROC; saved checkpoint: /home/oem/choihyunsu/VOGBasedMCIDetection/outputs/checkpoints/run_20260803_091255_full_wvote_artifact30_w0-5-10-10-0-10-20-20_strat_4err/fold_16_best.pth
2026-08-03 16:48:23,716 | [FULL    ] | INFO | full_experiments_using.model_trainers.mobile_vit_trainer | Ep [010/500] T-Acc:  56.9%  V-Acc:  50.1%  V-AUROC: 0.5161  LR: 1.00e-03
2026-08-03 16:48:23,836 | [FULL    ] | INFO | full_experiments_using.model_trainers.mobile_vit_trainer |   ↳ new best AUROC; saved checkpoint: /home/oem/choihyunsu/VOGBasedMCIDetection/outputs/checkpoints/run_20260803_091255_full_wvote_artifact30_w0-5-10-10-0-10-20-20_strat_4err/fold_16_best.pth
2026-08-03 16:48:52,048 | [FULL    ] | INFO | full_experiments_using.model_trainers.mobile_vit_trainer | Ep [011/500] T-Acc:  56.7%  V-Acc:  51.4%  V-AUROC: 0.5174  LR: 1.00e-03
2026-08-03 16:48:52,240 | [FULL    ] | INFO | full_experiments_using.model_trainers.mobile_vit_trainer |   ↳ new best AUROC; saved checkpoint: /home/oem/choihyunsu/VOGBasedMCIDetection/outputs/checkpoints/run_20260803_091255_full_wvote_artifact30_w0-5-10-10-0-10-20-20_strat_4err/fold_16_best.pth
2026-08-03 16:49:20,462 | [FULL    ] | INFO | full_experiments_using.model_trainers.mobile_vit_trainer | Ep [012/500] T-Acc:  56.3%  V-Acc:  53.5%  V-AUROC: 0.5347  LR: 1.00e-03
2026-08-03 16:49:20,579 | [FULL    ] | INFO | full_experiments_using.model_trainers.mobile_vit_trainer |   ↳ new best AUROC; saved checkpoint: /home/oem/choihyunsu/VOGBasedMCIDetection/outputs/checkpoints/run_20260803_091255_full_wvote_artifact30_w0-5-10-10-0-10-20-20_strat_4err/fold_16_best.pth
2026-08-03 16:49:48,712 | [FULL    ] | INFO | full_experiments_using.model_trainers.mobile_vit_trainer | Ep [013/500] T-Acc:  57.6%  V-Acc:  52.4%  V-AUROC: 0.5272  LR: 1.00e-03
2026-08-03 16:50:16,844 | [FULL    ] | INFO | full_experiments_using.model_trainers.mobile_vit_trainer | Ep [014/500] T-Acc:  57.4%  V-Acc:  50.1%  V-AUROC: 0.5324  LR: 1.00e-03
2026-08-03 16:50:45,240 | [FULL    ] | INFO | full_experiments_using.model_trainers.mobile_vit_trainer | Ep [015/500] T-Acc:  59.1%  V-Acc:  54.2%  V-AUROC: 0.5278  LR: 1.00e-03
2026-08-03 16:51:14,071 | [FULL    ] | INFO | full_experiments_using.model_trainers.mobile_vit_trainer | Ep [016/500] T-Acc:  59.9%  V-Acc:  50.2%  V-AUROC: 0.5413  LR: 1.00e-03
2026-08-03 16:51:14,195 | [FULL    ] | INFO | full_experiments_using.model_trainers.mobile_vit_trainer |   ↳ new best AUROC; saved checkpoint: /home/oem/choihyunsu/VOGBasedMCIDetection/outputs/checkpoints/run_20260803_091255_full_wvote_artifact30_w0-5-10-10-0-10-20-20_strat_4err/fold_16_best.pth
2026-08-03 16:51:42,444 | [FULL    ] | INFO | full_experiments_using.model_trainers.mobile_vit_trainer | Ep [017/500] T-Acc:  59.5%  V-Acc:  50.6%  V-AUROC: 0.5355  LR: 1.00e-03
2026-08-03 16:52:10,881 | [FULL    ] | INFO | full_experiments_using.model_trainers.mobile_vit_trainer | Ep [018/500] T-Acc:  59.8%  V-Acc:  50.1%  V-AUROC: 0.5338  LR: 1.00e-03
2026-08-03 16:52:39,060 | [FULL    ] | INFO | full_experiments_using.model_trainers.mobile_vit_trainer | Ep [019/500] T-Acc:  58.8%  V-Acc:  51.7%  V-AUROC: 0.5460  LR: 1.00e-03
2026-08-03 16:52:39,191 | [FULL    ] | INFO | full_experiments_using.model_trainers.mobile_vit_trainer |   ↳ new best AUROC; saved checkpoint: /home/oem/choihyunsu/VOGBasedMCIDetection/outputs/checkpoints/run_20260803_091255_full_wvote_artifact30_w0-5-10-10-0-10-20-20_strat_4err/fold_16_best.pth
2026-08-03 16:53:07,410 | [FULL    ] | INFO | full_experiments_using.model_trainers.mobile_vit_trainer | Ep [020/500] T-Acc:  60.3%  V-Acc:  51.4%  V-AUROC: 0.5444  LR: 1.00e-03
2026-08-03 16:53:35,556 | [FULL    ] | INFO | full_experiments_using.model_trainers.mobile_vit_trainer | Ep [021/500] T-Acc:  60.6%  V-Acc:  50.6%  V-AUROC: 0.5454  LR: 1.00e-03
2026-08-03 16:54:01,977 | [FULL    ] | INFO | full_experiments_using.model_trainers.mobile_vit_trainer | Ep [022/500] T-Acc:  61.0%  V-Acc:  49.8%  V-AUROC: 0.5396  LR: 1.00e-03
2026-08-03 16:54:30,002 | [FULL    ] | INFO | full_experiments_using.model_trainers.mobile_vit_trainer | Ep [023/500] T-Acc:  61.5%  V-Acc:  51.4%  V-AUROC: 0.5433  LR: 1.00e-03
2026-08-03 16:54:56,707 | [FULL    ] | INFO | full_experiments_using.model_trainers.mobile_vit_trainer | Ep [024/500] T-Acc:  61.1%  V-Acc:  51.6%  V-AUROC: 0.5436  LR: 1.00e-03
2026-08-03 16:55:24,949 | [FULL    ] | INFO | full_experiments_using.model_trainers.mobile_vit_trainer | Ep [025/500] T-Acc:  62.6%  V-Acc:  51.1%  V-AUROC: 0.5407  LR: 1.00e-03
2026-08-03 16:55:53,275 | [FULL    ] | INFO | full_experiments_using.model_trainers.mobile_vit_trainer | Ep [026/500] T-Acc:  62.1%  V-Acc:  52.0%  V-AUROC: 0.5423  LR: 1.00e-03
2026-08-03 16:56:21,372 | [FULL    ] | INFO | full_experiments_using.model_trainers.mobile_vit_trainer | Ep [027/500] T-Acc:  61.5%  V-Acc:  50.8%  V-AUROC: 0.5436  LR: 1.00e-03
2026-08-03 16:56:49,691 | [FULL    ] | INFO | full_experiments_using.model_trainers.mobile_vit_trainer | Ep [028/500] T-Acc:  61.7%  V-Acc:  53.7%  V-AUROC: 0.5405  LR: 1.00e-03
2026-08-03 16:57:18,092 | [FULL    ] | INFO | full_experiments_using.model_trainers.mobile_vit_trainer | Ep [029/500] T-Acc:  62.3%  V-Acc:  50.8%  V-AUROC: 0.5398  LR: 1.00e-03
2026-08-03 16:57:46,441 | [FULL    ] | INFO | full_experiments_using.model_trainers.mobile_vit_trainer | Ep [030/500] T-Acc:  62.2%  V-Acc:  51.1%  V-AUROC: 0.5415  LR: 1.00e-03
2026-08-03 16:58:14,903 | [FULL    ] | INFO | full_experiments_using.model_trainers.mobile_vit_trainer | Ep [031/500] T-Acc:  63.0%  V-Acc:  51.4%  V-AUROC: 0.5418  LR: 2.00e-04
2026-08-03 16:58:41,221 | [FULL    ] | INFO | full_experiments_using.model_trainers.mobile_vit_trainer | Ep [032/500] T-Acc:  62.5%  V-Acc:  51.6%  V-AUROC: 0.5411  LR: 2.00e-04
2026-08-03 16:59:09,179 | [FULL    ] | INFO | full_experiments_using.model_trainers.mobile_vit_trainer | Ep [033/500] T-Acc:  62.4%  V-Acc:  50.5%  V-AUROC: 0.5394  LR: 2.00e-04
2026-08-03 16:59:35,885 | [FULL    ] | INFO | full_experiments_using.model_trainers.mobile_vit_trainer | Ep [034/500] T-Acc:  62.0%  V-Acc:  51.7%  V-AUROC: 0.5422  LR: 2.00e-04
2026-08-03 17:00:03,983 | [FULL    ] | INFO | full_experiments_using.model_trainers.mobile_vit_trainer | Ep [035/500] T-Acc:  62.5%  V-Acc:  51.0%  V-AUROC: 0.5421  LR: 2.00e-04
2026-08-03 17:00:32,280 | [FULL    ] | INFO | full_experiments_using.model_trainers.mobile_vit_trainer | Ep [036/500] T-Acc:  61.9%  V-Acc:  51.2%  V-AUROC: 0.5417  LR: 2.00e-04
2026-08-03 17:01:00,521 | [FULL    ] | INFO | full_experiments_using.model_trainers.mobile_vit_trainer | Ep [037/500] T-Acc:  61.9%  V-Acc:  50.6%  V-AUROC: 0.5397  LR: 2.00e-04
2026-08-03 17:01:28,843 | [FULL    ] | INFO | full_experiments_using.model_trainers.mobile_vit_trainer | Ep [038/500] T-Acc:  62.6%  V-Acc:  50.9%  V-AUROC: 0.5418  LR: 2.00e-04
2026-08-03 17:01:57,424 | [FULL    ] | INFO | full_experiments_using.model_trainers.mobile_vit_trainer | Ep [039/500] T-Acc:  62.2%  V-Acc:  51.2%  V-AUROC: 0.5417  LR: 2.00e-04
2026-08-03 17:02:25,995 | [FULL    ] | INFO | full_experiments_using.model_trainers.mobile_vit_trainer | Ep [040/500] T-Acc:  63.0%  V-Acc:  50.2%  V-AUROC: 0.5430  LR: 2.00e-04
2026-08-03 17:02:54,471 | [FULL    ] | INFO | full_experiments_using.model_trainers.mobile_vit_trainer | Ep [041/500] T-Acc:  62.4%  V-Acc:  50.2%  V-AUROC: 0.5429  LR: 2.00e-04
2026-08-03 17:03:22,652 | [FULL    ] | INFO | full_experiments_using.model_trainers.mobile_vit_trainer | Ep [042/500] T-Acc:  62.6%  V-Acc:  50.0%  V-AUROC: 0.5441  LR: 4.00e-05
2026-08-03 17:03:50,932 | [FULL    ] | INFO | full_experiments_using.model_trainers.mobile_vit_trainer | Ep [043/500] T-Acc:  62.0%  V-Acc:  49.8%  V-AUROC: 0.5428  LR: 4.00e-05
2026-08-03 17:04:19,064 | [FULL    ] | INFO | full_experiments_using.model_trainers.mobile_vit_trainer | Ep [044/500] T-Acc:  63.2%  V-Acc:  50.0%  V-AUROC: 0.5416  LR: 4.00e-05
2026-08-03 17:04:47,299 | [FULL    ] | INFO | full_experiments_using.model_trainers.mobile_vit_trainer | Ep [045/500] T-Acc:  63.1%  V-Acc:  50.4%  V-AUROC: 0.5437  LR: 4.00e-05
2026-08-03 17:05:13,704 | [FULL    ] | INFO | full_experiments_using.model_trainers.mobile_vit_trainer | Ep [046/500] T-Acc:  61.8%  V-Acc:  50.9%  V-AUROC: 0.5436  LR: 4.00e-05
2026-08-03 17:05:41,484 | [FULL    ] | INFO | full_experiments_using.model_trainers.mobile_vit_trainer | Ep [047/500] T-Acc:  63.0%  V-Acc:  50.4%  V-AUROC: 0.5441  LR: 4.00e-05
2026-08-03 17:06:07,777 | [FULL    ] | INFO | full_experiments_using.model_trainers.mobile_vit_trainer | Ep [048/500] T-Acc:  63.1%  V-Acc:  49.9%  V-AUROC: 0.5429  LR: 4.00e-05
2026-08-03 17:06:36,155 | [FULL    ] | INFO | full_experiments_using.model_trainers.mobile_vit_trainer | Ep [049/500] T-Acc:  62.9%  V-Acc:  50.2%  V-AUROC: 0.5452  LR: 4.00e-05
2026-08-03 17:06:36,155 | [FULL    ] | INFO | full_experiments_using.model_trainers.mobile_vit_trainer | Early stop — best AUROC 0.5460 at epoch 19 (no improvement for 30 epochs)
2026-08-03 17:06:36,155 | [FULL    ] | INFO | full_experiments_using.model_trainers.mobile_vit_trainer | Done. Best AUROC: 0.5460 (epoch 19) → /home/oem/choihyunsu/VOGBasedMCIDetection/outputs/checkpoints/run_20260803_091255_full_wvote_artifact30_w0-5-10-10-0-10-20-20_strat_4err/fold_16_best.pth
2026-08-03 17:06:45,299 | [FULL    ] | INFO | full_experiments_using.evaluators.monte_carlo_evaluator | -> Fold 17 Result | Acc=0.455 Sens=0.375 Spec=0.667 AUROC=0.667
2026-08-03 17:06:45,309 | [FULL    ] | INFO | full_experiments_using.evaluators.monte_carlo_evaluator | === Fold 18/30 | train: 25 subj (HC=10 MCI=15) / 3809 win | test: 12 subj (HC=4 MCI=8) / 1906 win ===
2026-08-03 17:06:45,545 | [FULL    ] | INFO | httpx | HTTP Request: HEAD https://huggingface.co/apple/mobilevit-small/resolve/main/config.json "HTTP/1.1 307 Temporary Redirect"
2026-08-03 17:06:45,561 | [FULL    ] | INFO | httpx | HTTP Request: HEAD https://huggingface.co/api/resolve-cache/models/apple/mobilevit-small/6c8612545dc98676d27bc518fa521d9e9af23e34/config.json "HTTP/1.1 200 OK"
2026-08-03 17:06:45,799 | [FULL    ] | INFO | httpx | HTTP Request: HEAD https://huggingface.co/apple/mobilevit-small/resolve/main/model.safetensors "HTTP/1.1 404 Not Found"
2026-08-03 17:06:46,058 | [FULL    ] | INFO | httpx | HTTP Request: HEAD https://huggingface.co/apple/mobilevit-small/resolve/main/model.safetensors.index.json "HTTP/1.1 404 Not Found"
2026-08-03 17:06:46,271 | [FULL    ] | INFO | httpx | HTTP Request: HEAD https://huggingface.co/apple/mobilevit-small/resolve/main/pytorch_model.bin "HTTP/1.1 302 Found"
2026-08-03 17:06:46,477 | [FULL    ] | INFO | httpx | HTTP Request: HEAD https://huggingface.co/apple/mobilevit-small/resolve/main/model.safetensors "HTTP/1.1 404 Not Found"
2026-08-03 17:06:46,784 | [FULL    ] | INFO | httpx | HTTP Request: GET https://huggingface.co/api/models/apple/mobilevit-small "HTTP/1.1 200 OK"
2026-08-03 17:06:47,024 | [FULL    ] | INFO | httpx | HTTP Request: GET https://huggingface.co/api/models/apple/mobilevit-small/commits/main "HTTP/1.1 200 OK"
2026-08-03 17:06:47,258 | [FULL    ] | INFO | httpx | HTTP Request: GET https://huggingface.co/api/models/apple/mobilevit-small/discussions?p=0 "HTTP/1.1 200 OK"
2026-08-03 17:06:47,479 | [FULL    ] | INFO | httpx | HTTP Request: GET https://huggingface.co/api/models/apple/mobilevit-small/commits/refs%2Fpr%2F6 "HTTP/1.1 200 OK"
2026-08-03 17:06:47,681 | [FULL    ] | INFO | httpx | HTTP Request: HEAD https://huggingface.co/apple/mobilevit-small/resolve/refs%2Fpr%2F6/model.safetensors.index.json "HTTP/1.1 404 Not Found"
2026-08-03 17:06:47,888 | [FULL    ] | INFO | httpx | HTTP Request: HEAD https://huggingface.co/apple/mobilevit-small/resolve/refs%2Fpr%2F6/model.safetensors "HTTP/1.1 302 Found"
2026-08-03 17:06:48,597 | [FULL    ] | INFO | full_experiments_using.model_trainers.mobile_vit_trainer | Device: cuda | max_epochs=500 | batch=32 | eval_batch=256 | es_patience=30
2026-08-03 17:06:48,609 | [FULL    ] | INFO | full_experiments_using.model_trainers.mobile_vit_trainer | CE weights — HC: 1.084  MCI: 0.928
2026-08-03 17:07:30,630 | [FULL    ] | INFO | full_experiments_using.model_trainers.mobile_vit_trainer | Ep [001/500] T-Acc:  50.7%  V-Acc:  51.2%  V-AUROC: 0.5038  LR: 2.00e-04
2026-08-03 17:07:30,740 | [FULL    ] | INFO | full_experiments_using.model_trainers.mobile_vit_trainer |   ↳ new best AUROC; saved checkpoint: /home/oem/choihyunsu/VOGBasedMCIDetection/outputs/checkpoints/run_20260803_091255_full_wvote_artifact30_w0-5-10-10-0-10-20-20_strat_4err/fold_17_best.pth
2026-08-03 17:07:59,093 | [FULL    ] | INFO | full_experiments_using.model_trainers.mobile_vit_trainer | Ep [002/500] T-Acc:  51.2%  V-Acc:  53.0%  V-AUROC: 0.5205  LR: 4.00e-04
2026-08-03 17:07:59,213 | [FULL    ] | INFO | full_experiments_using.model_trainers.mobile_vit_trainer |   ↳ new best AUROC; saved checkpoint: /home/oem/choihyunsu/VOGBasedMCIDetection/outputs/checkpoints/run_20260803_091255_full_wvote_artifact30_w0-5-10-10-0-10-20-20_strat_4err/fold_17_best.pth
2026-08-03 17:08:27,240 | [FULL    ] | INFO | full_experiments_using.model_trainers.mobile_vit_trainer | Ep [003/500] T-Acc:  50.7%  V-Acc:  54.2%  V-AUROC: 0.5153  LR: 6.00e-04
2026-08-03 17:08:55,090 | [FULL    ] | INFO | full_experiments_using.model_trainers.mobile_vit_trainer | Ep [004/500] T-Acc:  53.4%  V-Acc:  55.5%  V-AUROC: 0.5361  LR: 8.00e-04
2026-08-03 17:08:55,277 | [FULL    ] | INFO | full_experiments_using.model_trainers.mobile_vit_trainer |   ↳ new best AUROC; saved checkpoint: /home/oem/choihyunsu/VOGBasedMCIDetection/outputs/checkpoints/run_20260803_091255_full_wvote_artifact30_w0-5-10-10-0-10-20-20_strat_4err/fold_17_best.pth
2026-08-03 17:09:23,146 | [FULL    ] | INFO | full_experiments_using.model_trainers.mobile_vit_trainer | Ep [005/500] T-Acc:  50.3%  V-Acc:  55.1%  V-AUROC: 0.5475  LR: 1.00e-03
2026-08-03 17:09:23,270 | [FULL    ] | INFO | full_experiments_using.model_trainers.mobile_vit_trainer |   ↳ new best AUROC; saved checkpoint: /home/oem/choihyunsu/VOGBasedMCIDetection/outputs/checkpoints/run_20260803_091255_full_wvote_artifact30_w0-5-10-10-0-10-20-20_strat_4err/fold_17_best.pth
2026-08-03 17:09:51,373 | [FULL    ] | INFO | full_experiments_using.model_trainers.mobile_vit_trainer | Ep [006/500] T-Acc:  52.6%  V-Acc:  56.3%  V-AUROC: 0.5708  LR: 1.00e-03
2026-08-03 17:09:51,496 | [FULL    ] | INFO | full_experiments_using.model_trainers.mobile_vit_trainer |   ↳ new best AUROC; saved checkpoint: /home/oem/choihyunsu/VOGBasedMCIDetection/outputs/checkpoints/run_20260803_091255_full_wvote_artifact30_w0-5-10-10-0-10-20-20_strat_4err/fold_17_best.pth
2026-08-03 17:10:19,562 | [FULL    ] | INFO | full_experiments_using.model_trainers.mobile_vit_trainer | Ep [007/500] T-Acc:  53.5%  V-Acc:  56.4%  V-AUROC: 0.5882  LR: 1.00e-03
2026-08-03 17:10:19,684 | [FULL    ] | INFO | full_experiments_using.model_trainers.mobile_vit_trainer |   ↳ new best AUROC; saved checkpoint: /home/oem/choihyunsu/VOGBasedMCIDetection/outputs/checkpoints/run_20260803_091255_full_wvote_artifact30_w0-5-10-10-0-10-20-20_strat_4err/fold_17_best.pth
2026-08-03 17:10:47,744 | [FULL    ] | INFO | full_experiments_using.model_trainers.mobile_vit_trainer | Ep [008/500] T-Acc:  54.0%  V-Acc:  56.2%  V-AUROC: 0.5794  LR: 1.00e-03
2026-08-03 17:11:15,696 | [FULL    ] | INFO | full_experiments_using.model_trainers.mobile_vit_trainer | Ep [009/500] T-Acc:  54.7%  V-Acc:  57.5%  V-AUROC: 0.6091  LR: 1.00e-03
2026-08-03 17:11:15,829 | [FULL    ] | INFO | full_experiments_using.model_trainers.mobile_vit_trainer |   ↳ new best AUROC; saved checkpoint: /home/oem/choihyunsu/VOGBasedMCIDetection/outputs/checkpoints/run_20260803_091255_full_wvote_artifact30_w0-5-10-10-0-10-20-20_strat_4err/fold_17_best.pth
2026-08-03 17:11:43,871 | [FULL    ] | INFO | full_experiments_using.model_trainers.mobile_vit_trainer | Ep [010/500] T-Acc:  53.9%  V-Acc:  56.2%  V-AUROC: 0.5918  LR: 1.00e-03
2026-08-03 17:12:11,777 | [FULL    ] | INFO | full_experiments_using.model_trainers.mobile_vit_trainer | Ep [011/500] T-Acc:  54.6%  V-Acc:  57.6%  V-AUROC: 0.6106  LR: 1.00e-03
2026-08-03 17:12:11,897 | [FULL    ] | INFO | full_experiments_using.model_trainers.mobile_vit_trainer |   ↳ new best AUROC; saved checkpoint: /home/oem/choihyunsu/VOGBasedMCIDetection/outputs/checkpoints/run_20260803_091255_full_wvote_artifact30_w0-5-10-10-0-10-20-20_strat_4err/fold_17_best.pth
2026-08-03 17:12:39,872 | [FULL    ] | INFO | full_experiments_using.model_trainers.mobile_vit_trainer | Ep [012/500] T-Acc:  54.4%  V-Acc:  58.5%  V-AUROC: 0.6167  LR: 1.00e-03
2026-08-03 17:12:39,993 | [FULL    ] | INFO | full_experiments_using.model_trainers.mobile_vit_trainer |   ↳ new best AUROC; saved checkpoint: /home/oem/choihyunsu/VOGBasedMCIDetection/outputs/checkpoints/run_20260803_091255_full_wvote_artifact30_w0-5-10-10-0-10-20-20_strat_4err/fold_17_best.pth
2026-08-03 17:13:08,139 | [FULL    ] | INFO | full_experiments_using.model_trainers.mobile_vit_trainer | Ep [013/500] T-Acc:  56.2%  V-Acc:  57.5%  V-AUROC: 0.6165  LR: 1.00e-03
2026-08-03 17:13:35,979 | [FULL    ] | INFO | full_experiments_using.model_trainers.mobile_vit_trainer | Ep [014/500] T-Acc:  57.2%  V-Acc:  58.1%  V-AUROC: 0.6116  LR: 1.00e-03
2026-08-03 17:14:04,084 | [FULL    ] | INFO | full_experiments_using.model_trainers.mobile_vit_trainer | Ep [015/500] T-Acc:  55.2%  V-Acc:  59.0%  V-AUROC: 0.6218  LR: 1.00e-03
2026-08-03 17:14:04,237 | [FULL    ] | INFO | full_experiments_using.model_trainers.mobile_vit_trainer |   ↳ new best AUROC; saved checkpoint: /home/oem/choihyunsu/VOGBasedMCIDetection/outputs/checkpoints/run_20260803_091255_full_wvote_artifact30_w0-5-10-10-0-10-20-20_strat_4err/fold_17_best.pth
2026-08-03 17:14:32,379 | [FULL    ] | INFO | full_experiments_using.model_trainers.mobile_vit_trainer | Ep [016/500] T-Acc:  56.9%  V-Acc:  58.6%  V-AUROC: 0.6171  LR: 1.00e-03
2026-08-03 17:15:00,371 | [FULL    ] | INFO | full_experiments_using.model_trainers.mobile_vit_trainer | Ep [017/500] T-Acc:  56.6%  V-Acc:  57.9%  V-AUROC: 0.6133  LR: 1.00e-03
2026-08-03 17:15:28,456 | [FULL    ] | INFO | full_experiments_using.model_trainers.mobile_vit_trainer | Ep [018/500] T-Acc:  55.3%  V-Acc:  58.3%  V-AUROC: 0.6198  LR: 1.00e-03
2026-08-03 17:15:56,349 | [FULL    ] | INFO | full_experiments_using.model_trainers.mobile_vit_trainer | Ep [019/500] T-Acc:  56.1%  V-Acc:  57.1%  V-AUROC: 0.6109  LR: 1.00e-03
2026-08-03 17:16:24,333 | [FULL    ] | INFO | full_experiments_using.model_trainers.mobile_vit_trainer | Ep [020/500] T-Acc:  56.7%  V-Acc:  58.6%  V-AUROC: 0.6225  LR: 1.00e-03
2026-08-03 17:16:24,470 | [FULL    ] | INFO | full_experiments_using.model_trainers.mobile_vit_trainer |   ↳ new best AUROC; saved checkpoint: /home/oem/choihyunsu/VOGBasedMCIDetection/outputs/checkpoints/run_20260803_091255_full_wvote_artifact30_w0-5-10-10-0-10-20-20_strat_4err/fold_17_best.pth
2026-08-03 17:16:52,622 | [FULL    ] | INFO | full_experiments_using.model_trainers.mobile_vit_trainer | Ep [021/500] T-Acc:  57.4%  V-Acc:  56.5%  V-AUROC: 0.6254  LR: 1.00e-03
2026-08-03 17:16:52,739 | [FULL    ] | INFO | full_experiments_using.model_trainers.mobile_vit_trainer |   ↳ new best AUROC; saved checkpoint: /home/oem/choihyunsu/VOGBasedMCIDetection/outputs/checkpoints/run_20260803_091255_full_wvote_artifact30_w0-5-10-10-0-10-20-20_strat_4err/fold_17_best.pth
2026-08-03 17:17:20,943 | [FULL    ] | INFO | full_experiments_using.model_trainers.mobile_vit_trainer | Ep [022/500] T-Acc:  56.8%  V-Acc:  58.8%  V-AUROC: 0.6269  LR: 1.00e-03
2026-08-03 17:17:21,128 | [FULL    ] | INFO | full_experiments_using.model_trainers.mobile_vit_trainer |   ↳ new best AUROC; saved checkpoint: /home/oem/choihyunsu/VOGBasedMCIDetection/outputs/checkpoints/run_20260803_091255_full_wvote_artifact30_w0-5-10-10-0-10-20-20_strat_4err/fold_17_best.pth
2026-08-03 17:17:49,030 | [FULL    ] | INFO | full_experiments_using.model_trainers.mobile_vit_trainer | Ep [023/500] T-Acc:  56.9%  V-Acc:  60.0%  V-AUROC: 0.6306  LR: 1.00e-03
2026-08-03 17:17:49,146 | [FULL    ] | INFO | full_experiments_using.model_trainers.mobile_vit_trainer |   ↳ new best AUROC; saved checkpoint: /home/oem/choihyunsu/VOGBasedMCIDetection/outputs/checkpoints/run_20260803_091255_full_wvote_artifact30_w0-5-10-10-0-10-20-20_strat_4err/fold_17_best.pth
2026-08-03 17:18:15,569 | [FULL    ] | INFO | full_experiments_using.model_trainers.mobile_vit_trainer | Ep [024/500] T-Acc:  56.9%  V-Acc:  59.1%  V-AUROC: 0.6340  LR: 1.00e-03
2026-08-03 17:18:15,690 | [FULL    ] | INFO | full_experiments_using.model_trainers.mobile_vit_trainer |   ↳ new best AUROC; saved checkpoint: /home/oem/choihyunsu/VOGBasedMCIDetection/outputs/checkpoints/run_20260803_091255_full_wvote_artifact30_w0-5-10-10-0-10-20-20_strat_4err/fold_17_best.pth
2026-08-03 17:18:41,983 | [FULL    ] | INFO | full_experiments_using.model_trainers.mobile_vit_trainer | Ep [025/500] T-Acc:  56.7%  V-Acc:  57.9%  V-AUROC: 0.6346  LR: 1.00e-03
2026-08-03 17:18:42,168 | [FULL    ] | INFO | full_experiments_using.model_trainers.mobile_vit_trainer |   ↳ new best AUROC; saved checkpoint: /home/oem/choihyunsu/VOGBasedMCIDetection/outputs/checkpoints/run_20260803_091255_full_wvote_artifact30_w0-5-10-10-0-10-20-20_strat_4err/fold_17_best.pth
2026-08-03 17:19:09,502 | [FULL    ] | INFO | full_experiments_using.model_trainers.mobile_vit_trainer | Ep [026/500] T-Acc:  56.4%  V-Acc:  57.5%  V-AUROC: 0.6195  LR: 1.00e-03
2026-08-03 17:19:37,539 | [FULL    ] | INFO | full_experiments_using.model_trainers.mobile_vit_trainer | Ep [027/500] T-Acc:  58.5%  V-Acc:  58.1%  V-AUROC: 0.6204  LR: 1.00e-03
2026-08-03 17:20:05,228 | [FULL    ] | INFO | full_experiments_using.model_trainers.mobile_vit_trainer | Ep [028/500] T-Acc:  57.8%  V-Acc:  57.8%  V-AUROC: 0.6381  LR: 1.00e-03
2026-08-03 17:20:05,349 | [FULL    ] | INFO | full_experiments_using.model_trainers.mobile_vit_trainer |   ↳ new best AUROC; saved checkpoint: /home/oem/choihyunsu/VOGBasedMCIDetection/outputs/checkpoints/run_20260803_091255_full_wvote_artifact30_w0-5-10-10-0-10-20-20_strat_4err/fold_17_best.pth
2026-08-03 17:20:33,335 | [FULL    ] | INFO | full_experiments_using.model_trainers.mobile_vit_trainer | Ep [029/500] T-Acc:  57.5%  V-Acc:  61.1%  V-AUROC: 0.6449  LR: 1.00e-03
2026-08-03 17:20:33,457 | [FULL    ] | INFO | full_experiments_using.model_trainers.mobile_vit_trainer |   ↳ new best AUROC; saved checkpoint: /home/oem/choihyunsu/VOGBasedMCIDetection/outputs/checkpoints/run_20260803_091255_full_wvote_artifact30_w0-5-10-10-0-10-20-20_strat_4err/fold_17_best.pth
2026-08-03 17:21:01,306 | [FULL    ] | INFO | full_experiments_using.model_trainers.mobile_vit_trainer | Ep [030/500] T-Acc:  57.1%  V-Acc:  59.4%  V-AUROC: 0.6369  LR: 1.00e-03
2026-08-03 17:21:29,053 | [FULL    ] | INFO | full_experiments_using.model_trainers.mobile_vit_trainer | Ep [031/500] T-Acc:  57.1%  V-Acc:  59.1%  V-AUROC: 0.6315  LR: 1.00e-03
2026-08-03 17:21:56,867 | [FULL    ] | INFO | full_experiments_using.model_trainers.mobile_vit_trainer | Ep [032/500] T-Acc:  58.4%  V-Acc:  59.4%  V-AUROC: 0.6309  LR: 1.00e-03
2026-08-03 17:22:24,816 | [FULL    ] | INFO | full_experiments_using.model_trainers.mobile_vit_trainer | Ep [033/500] T-Acc:  57.9%  V-Acc:  58.0%  V-AUROC: 0.6450  LR: 1.00e-03
2026-08-03 17:22:24,970 | [FULL    ] | INFO | full_experiments_using.model_trainers.mobile_vit_trainer |   ↳ new best AUROC; saved checkpoint: /home/oem/choihyunsu/VOGBasedMCIDetection/outputs/checkpoints/run_20260803_091255_full_wvote_artifact30_w0-5-10-10-0-10-20-20_strat_4err/fold_17_best.pth
2026-08-03 17:22:53,081 | [FULL    ] | INFO | full_experiments_using.model_trainers.mobile_vit_trainer | Ep [034/500] T-Acc:  57.7%  V-Acc:  58.2%  V-AUROC: 0.6316  LR: 1.00e-03
2026-08-03 17:23:21,242 | [FULL    ] | INFO | full_experiments_using.model_trainers.mobile_vit_trainer | Ep [035/500] T-Acc:  57.9%  V-Acc:  59.8%  V-AUROC: 0.6404  LR: 1.00e-03
2026-08-03 17:23:49,433 | [FULL    ] | INFO | full_experiments_using.model_trainers.mobile_vit_trainer | Ep [036/500] T-Acc:  57.6%  V-Acc:  60.0%  V-AUROC: 0.6318  LR: 1.00e-03
2026-08-03 17:24:17,409 | [FULL    ] | INFO | full_experiments_using.model_trainers.mobile_vit_trainer | Ep [037/500] T-Acc:  58.4%  V-Acc:  57.2%  V-AUROC: 0.6372  LR: 1.00e-03
2026-08-03 17:24:45,459 | [FULL    ] | INFO | full_experiments_using.model_trainers.mobile_vit_trainer | Ep [038/500] T-Acc:  59.1%  V-Acc:  58.3%  V-AUROC: 0.6313  LR: 1.00e-03
2026-08-03 17:25:13,776 | [FULL    ] | INFO | full_experiments_using.model_trainers.mobile_vit_trainer | Ep [039/500] T-Acc:  57.7%  V-Acc:  57.9%  V-AUROC: 0.6438  LR: 1.00e-03
2026-08-03 17:25:41,735 | [FULL    ] | INFO | full_experiments_using.model_trainers.mobile_vit_trainer | Ep [040/500] T-Acc:  58.5%  V-Acc:  59.3%  V-AUROC: 0.6346  LR: 1.00e-03
2026-08-03 17:26:09,785 | [FULL    ] | INFO | full_experiments_using.model_trainers.mobile_vit_trainer | Ep [041/500] T-Acc:  59.0%  V-Acc:  59.7%  V-AUROC: 0.6283  LR: 1.00e-03
2026-08-03 17:26:37,799 | [FULL    ] | INFO | full_experiments_using.model_trainers.mobile_vit_trainer | Ep [042/500] T-Acc:  57.9%  V-Acc:  56.8%  V-AUROC: 0.6283  LR: 1.00e-03
2026-08-03 17:27:05,901 | [FULL    ] | INFO | full_experiments_using.model_trainers.mobile_vit_trainer | Ep [043/500] T-Acc:  58.7%  V-Acc:  59.1%  V-AUROC: 0.6427  LR: 1.00e-03
2026-08-03 17:27:34,024 | [FULL    ] | INFO | full_experiments_using.model_trainers.mobile_vit_trainer | Ep [044/500] T-Acc:  58.9%  V-Acc:  60.0%  V-AUROC: 0.6277  LR: 1.00e-03
2026-08-03 17:28:02,163 | [FULL    ] | INFO | full_experiments_using.model_trainers.mobile_vit_trainer | Ep [045/500] T-Acc:  59.3%  V-Acc:  57.7%  V-AUROC: 0.6315  LR: 2.00e-04
2026-08-03 17:28:28,767 | [FULL    ] | INFO | full_experiments_using.model_trainers.mobile_vit_trainer | Ep [046/500] T-Acc:  59.4%  V-Acc:  58.1%  V-AUROC: 0.6325  LR: 2.00e-04
2026-08-03 17:28:56,269 | [FULL    ] | INFO | full_experiments_using.model_trainers.mobile_vit_trainer | Ep [047/500] T-Acc:  60.2%  V-Acc:  58.9%  V-AUROC: 0.6365  LR: 2.00e-04
2026-08-03 17:29:21,924 | [FULL    ] | INFO | full_experiments_using.model_trainers.mobile_vit_trainer | Ep [048/500] T-Acc:  59.9%  V-Acc:  59.1%  V-AUROC: 0.6395  LR: 2.00e-04
2026-08-03 17:29:50,057 | [FULL    ] | INFO | full_experiments_using.model_trainers.mobile_vit_trainer | Ep [049/500] T-Acc:  60.2%  V-Acc:  58.1%  V-AUROC: 0.6368  LR: 2.00e-04
2026-08-03 17:30:18,127 | [FULL    ] | INFO | full_experiments_using.model_trainers.mobile_vit_trainer | Ep [050/500] T-Acc:  59.9%  V-Acc:  58.4%  V-AUROC: 0.6385  LR: 2.00e-04
2026-08-03 17:30:46,275 | [FULL    ] | INFO | full_experiments_using.model_trainers.mobile_vit_trainer | Ep [051/500] T-Acc:  59.7%  V-Acc:  58.7%  V-AUROC: 0.6400  LR: 2.00e-04
2026-08-03 17:31:14,731 | [FULL    ] | INFO | full_experiments_using.model_trainers.mobile_vit_trainer | Ep [052/500] T-Acc:  60.0%  V-Acc:  58.6%  V-AUROC: 0.6347  LR: 2.00e-04
2026-08-03 17:31:42,775 | [FULL    ] | INFO | full_experiments_using.model_trainers.mobile_vit_trainer | Ep [053/500] T-Acc:  59.1%  V-Acc:  59.1%  V-AUROC: 0.6389  LR: 2.00e-04
2026-08-03 17:32:10,645 | [FULL    ] | INFO | full_experiments_using.model_trainers.mobile_vit_trainer | Ep [054/500] T-Acc:  60.0%  V-Acc:  58.4%  V-AUROC: 0.6367  LR: 2.00e-04
2026-08-03 17:32:38,795 | [FULL    ] | INFO | full_experiments_using.model_trainers.mobile_vit_trainer | Ep [055/500] T-Acc:  59.3%  V-Acc:  58.5%  V-AUROC: 0.6360  LR: 2.00e-04
2026-08-03 17:33:06,679 | [FULL    ] | INFO | full_experiments_using.model_trainers.mobile_vit_trainer | Ep [056/500] T-Acc:  60.3%  V-Acc:  59.6%  V-AUROC: 0.6368  LR: 4.00e-05
2026-08-03 17:33:34,526 | [FULL    ] | INFO | full_experiments_using.model_trainers.mobile_vit_trainer | Ep [057/500] T-Acc:  58.8%  V-Acc:  59.5%  V-AUROC: 0.6360  LR: 4.00e-05
2026-08-03 17:34:02,645 | [FULL    ] | INFO | full_experiments_using.model_trainers.mobile_vit_trainer | Ep [058/500] T-Acc:  60.6%  V-Acc:  59.3%  V-AUROC: 0.6393  LR: 4.00e-05
2026-08-03 17:34:30,555 | [FULL    ] | INFO | full_experiments_using.model_trainers.mobile_vit_trainer | Ep [059/500] T-Acc:  59.8%  V-Acc:  59.2%  V-AUROC: 0.6385  LR: 4.00e-05
2026-08-03 17:34:58,535 | [FULL    ] | INFO | full_experiments_using.model_trainers.mobile_vit_trainer | Ep [060/500] T-Acc:  58.8%  V-Acc:  58.2%  V-AUROC: 0.6353  LR: 4.00e-05
2026-08-03 17:35:26,691 | [FULL    ] | INFO | full_experiments_using.model_trainers.mobile_vit_trainer | Ep [061/500] T-Acc:  59.8%  V-Acc:  59.6%  V-AUROC: 0.6370  LR: 4.00e-05
2026-08-03 17:35:54,718 | [FULL    ] | INFO | full_experiments_using.model_trainers.mobile_vit_trainer | Ep [062/500] T-Acc:  60.5%  V-Acc:  58.7%  V-AUROC: 0.6355  LR: 4.00e-05
2026-08-03 17:36:22,710 | [FULL    ] | INFO | full_experiments_using.model_trainers.mobile_vit_trainer | Ep [063/500] T-Acc:  60.1%  V-Acc:  58.9%  V-AUROC: 0.6360  LR: 4.00e-05
2026-08-03 17:36:22,710 | [FULL    ] | INFO | full_experiments_using.model_trainers.mobile_vit_trainer | Early stop — best AUROC 0.6450 at epoch 33 (no improvement for 30 epochs)
2026-08-03 17:36:22,710 | [FULL    ] | INFO | full_experiments_using.model_trainers.mobile_vit_trainer | Done. Best AUROC: 0.6450 (epoch 33) → /home/oem/choihyunsu/VOGBasedMCIDetection/outputs/checkpoints/run_20260803_091255_full_wvote_artifact30_w0-5-10-10-0-10-20-20_strat_4err/fold_17_best.pth
2026-08-03 17:36:32,528 | [FULL    ] | INFO | full_experiments_using.evaluators.monte_carlo_evaluator | -> Fold 18 Result | Acc=0.818 Sens=0.714 Spec=1.000 AUROC=0.929
2026-08-03 17:36:32,535 | [FULL    ] | INFO | full_experiments_using.evaluators.monte_carlo_evaluator | === Fold 19/30 | train: 25 subj (HC=10 MCI=15) / 3899 win | test: 12 subj (HC=4 MCI=8) / 1816 win ===
2026-08-03 17:36:32,764 | [FULL    ] | INFO | httpx | HTTP Request: HEAD https://huggingface.co/apple/mobilevit-small/resolve/main/config.json "HTTP/1.1 307 Temporary Redirect"
2026-08-03 17:36:32,778 | [FULL    ] | INFO | httpx | HTTP Request: HEAD https://huggingface.co/api/resolve-cache/models/apple/mobilevit-small/6c8612545dc98676d27bc518fa521d9e9af23e34/config.json "HTTP/1.1 200 OK"
2026-08-03 17:36:33,082 | [FULL    ] | INFO | httpx | HTTP Request: HEAD https://huggingface.co/apple/mobilevit-small/resolve/main/model.safetensors "HTTP/1.1 404 Not Found"
2026-08-03 17:36:33,290 | [FULL    ] | INFO | httpx | HTTP Request: HEAD https://huggingface.co/apple/mobilevit-small/resolve/main/model.safetensors.index.json "HTTP/1.1 404 Not Found"
2026-08-03 17:36:33,498 | [FULL    ] | INFO | httpx | HTTP Request: HEAD https://huggingface.co/apple/mobilevit-small/resolve/main/pytorch_model.bin "HTTP/1.1 302 Found"
2026-08-03 17:36:33,713 | [FULL    ] | INFO | httpx | HTTP Request: HEAD https://huggingface.co/apple/mobilevit-small/resolve/main/model.safetensors "HTTP/1.1 404 Not Found"
2026-08-03 17:36:33,917 | [FULL    ] | INFO | httpx | HTTP Request: GET https://huggingface.co/api/models/apple/mobilevit-small "HTTP/1.1 200 OK"
2026-08-03 17:36:34,159 | [FULL    ] | INFO | httpx | HTTP Request: GET https://huggingface.co/api/models/apple/mobilevit-small/commits/main "HTTP/1.1 200 OK"
2026-08-03 17:36:34,385 | [FULL    ] | INFO | httpx | HTTP Request: GET https://huggingface.co/api/models/apple/mobilevit-small/discussions?p=0 "HTTP/1.1 200 OK"
2026-08-03 17:36:34,608 | [FULL    ] | INFO | httpx | HTTP Request: GET https://huggingface.co/api/models/apple/mobilevit-small/commits/refs%2Fpr%2F6 "HTTP/1.1 200 OK"
2026-08-03 17:36:34,821 | [FULL    ] | INFO | httpx | HTTP Request: HEAD https://huggingface.co/apple/mobilevit-small/resolve/refs%2Fpr%2F6/model.safetensors.index.json "HTTP/1.1 404 Not Found"
2026-08-03 17:36:35,034 | [FULL    ] | INFO | httpx | HTTP Request: HEAD https://huggingface.co/apple/mobilevit-small/resolve/refs%2Fpr%2F6/model.safetensors "HTTP/1.1 302 Found"
2026-08-03 17:36:35,885 | [FULL    ] | INFO | full_experiments_using.model_trainers.mobile_vit_trainer | Device: cuda | max_epochs=500 | batch=32 | eval_batch=256 | es_patience=30
2026-08-03 17:36:35,902 | [FULL    ] | INFO | full_experiments_using.model_trainers.mobile_vit_trainer | CE weights — HC: 1.093  MCI: 0.922
2026-08-03 17:37:12,451 | [FULL    ] | INFO | full_experiments_using.model_trainers.mobile_vit_trainer | Ep [001/500] T-Acc:  52.7%  V-Acc:  54.0%  V-AUROC: 0.5226  LR: 2.00e-04
2026-08-03 17:37:12,554 | [FULL    ] | INFO | full_experiments_using.model_trainers.mobile_vit_trainer |   ↳ new best AUROC; saved checkpoint: /home/oem/choihyunsu/VOGBasedMCIDetection/outputs/checkpoints/run_20260803_091255_full_wvote_artifact30_w0-5-10-10-0-10-20-20_strat_4err/fold_18_best.pth
2026-08-03 17:37:40,824 | [FULL    ] | INFO | full_experiments_using.model_trainers.mobile_vit_trainer | Ep [002/500] T-Acc:  54.8%  V-Acc:  53.5%  V-AUROC: 0.5172  LR: 4.00e-04
2026-08-03 17:38:09,246 | [FULL    ] | INFO | full_experiments_using.model_trainers.mobile_vit_trainer | Ep [003/500] T-Acc:  53.9%  V-Acc:  54.4%  V-AUROC: 0.5210  LR: 6.00e-04
2026-08-03 17:38:37,535 | [FULL    ] | INFO | full_experiments_using.model_trainers.mobile_vit_trainer | Ep [004/500] T-Acc:  54.9%  V-Acc:  53.8%  V-AUROC: 0.5248  LR: 8.00e-04
2026-08-03 17:38:37,723 | [FULL    ] | INFO | full_experiments_using.model_trainers.mobile_vit_trainer |   ↳ new best AUROC; saved checkpoint: /home/oem/choihyunsu/VOGBasedMCIDetection/outputs/checkpoints/run_20260803_091255_full_wvote_artifact30_w0-5-10-10-0-10-20-20_strat_4err/fold_18_best.pth
2026-08-03 17:39:06,010 | [FULL    ] | INFO | full_experiments_using.model_trainers.mobile_vit_trainer | Ep [005/500] T-Acc:  55.7%  V-Acc:  51.5%  V-AUROC: 0.5244  LR: 1.00e-03
2026-08-03 17:39:34,563 | [FULL    ] | INFO | full_experiments_using.model_trainers.mobile_vit_trainer | Ep [006/500] T-Acc:  55.4%  V-Acc:  54.0%  V-AUROC: 0.5508  LR: 1.00e-03
2026-08-03 17:39:34,723 | [FULL    ] | INFO | full_experiments_using.model_trainers.mobile_vit_trainer |   ↳ new best AUROC; saved checkpoint: /home/oem/choihyunsu/VOGBasedMCIDetection/outputs/checkpoints/run_20260803_091255_full_wvote_artifact30_w0-5-10-10-0-10-20-20_strat_4err/fold_18_best.pth
2026-08-03 17:40:02,914 | [FULL    ] | INFO | full_experiments_using.model_trainers.mobile_vit_trainer | Ep [007/500] T-Acc:  56.6%  V-Acc:  54.8%  V-AUROC: 0.5542  LR: 1.00e-03
2026-08-03 17:40:03,133 | [FULL    ] | INFO | full_experiments_using.model_trainers.mobile_vit_trainer |   ↳ new best AUROC; saved checkpoint: /home/oem/choihyunsu/VOGBasedMCIDetection/outputs/checkpoints/run_20260803_091255_full_wvote_artifact30_w0-5-10-10-0-10-20-20_strat_4err/fold_18_best.pth
2026-08-03 17:40:31,543 | [FULL    ] | INFO | full_experiments_using.model_trainers.mobile_vit_trainer | Ep [008/500] T-Acc:  57.2%  V-Acc:  52.8%  V-AUROC: 0.5436  LR: 1.00e-03
2026-08-03 17:40:59,642 | [FULL    ] | INFO | full_experiments_using.model_trainers.mobile_vit_trainer | Ep [009/500] T-Acc:  57.7%  V-Acc:  52.0%  V-AUROC: 0.5433  LR: 1.00e-03
2026-08-03 17:41:28,370 | [FULL    ] | INFO | full_experiments_using.model_trainers.mobile_vit_trainer | Ep [010/500] T-Acc:  57.6%  V-Acc:  50.8%  V-AUROC: 0.5307  LR: 1.00e-03
2026-08-03 17:41:56,597 | [FULL    ] | INFO | full_experiments_using.model_trainers.mobile_vit_trainer | Ep [011/500] T-Acc:  58.4%  V-Acc:  50.8%  V-AUROC: 0.5356  LR: 1.00e-03
2026-08-03 17:42:24,737 | [FULL    ] | INFO | full_experiments_using.model_trainers.mobile_vit_trainer | Ep [012/500] T-Acc:  59.7%  V-Acc:  51.6%  V-AUROC: 0.5455  LR: 1.00e-03
2026-08-03 17:42:53,211 | [FULL    ] | INFO | full_experiments_using.model_trainers.mobile_vit_trainer | Ep [013/500] T-Acc:  59.2%  V-Acc:  51.9%  V-AUROC: 0.5455  LR: 1.00e-03
2026-08-03 17:43:21,212 | [FULL    ] | INFO | full_experiments_using.model_trainers.mobile_vit_trainer | Ep [014/500] T-Acc:  60.0%  V-Acc:  52.6%  V-AUROC: 0.5523  LR: 1.00e-03
2026-08-03 17:43:49,434 | [FULL    ] | INFO | full_experiments_using.model_trainers.mobile_vit_trainer | Ep [015/500] T-Acc:  59.8%  V-Acc:  50.6%  V-AUROC: 0.5356  LR: 1.00e-03
2026-08-03 17:44:17,810 | [FULL    ] | INFO | full_experiments_using.model_trainers.mobile_vit_trainer | Ep [016/500] T-Acc:  60.5%  V-Acc:  51.3%  V-AUROC: 0.5482  LR: 1.00e-03
2026-08-03 17:44:46,397 | [FULL    ] | INFO | full_experiments_using.model_trainers.mobile_vit_trainer | Ep [017/500] T-Acc:  60.7%  V-Acc:  52.4%  V-AUROC: 0.5507  LR: 1.00e-03
2026-08-03 17:45:14,725 | [FULL    ] | INFO | full_experiments_using.model_trainers.mobile_vit_trainer | Ep [018/500] T-Acc:  60.3%  V-Acc:  50.7%  V-AUROC: 0.5529  LR: 1.00e-03
2026-08-03 17:45:43,160 | [FULL    ] | INFO | full_experiments_using.model_trainers.mobile_vit_trainer | Ep [019/500] T-Acc:  60.2%  V-Acc:  50.1%  V-AUROC: 0.5473  LR: 2.00e-04
2026-08-03 17:46:11,468 | [FULL    ] | INFO | full_experiments_using.model_trainers.mobile_vit_trainer | Ep [020/500] T-Acc:  60.6%  V-Acc:  49.9%  V-AUROC: 0.5470  LR: 2.00e-04
2026-08-03 17:46:39,742 | [FULL    ] | INFO | full_experiments_using.model_trainers.mobile_vit_trainer | Ep [021/500] T-Acc:  60.6%  V-Acc:  50.4%  V-AUROC: 0.5468  LR: 2.00e-04
2026-08-03 17:47:08,089 | [FULL    ] | INFO | full_experiments_using.model_trainers.mobile_vit_trainer | Ep [022/500] T-Acc:  60.5%  V-Acc:  50.3%  V-AUROC: 0.5484  LR: 2.00e-04
2026-08-03 17:47:36,613 | [FULL    ] | INFO | full_experiments_using.model_trainers.mobile_vit_trainer | Ep [023/500] T-Acc:  62.1%  V-Acc:  50.6%  V-AUROC: 0.5450  LR: 2.00e-04
2026-08-03 17:48:02,791 | [FULL    ] | INFO | full_experiments_using.model_trainers.mobile_vit_trainer | Ep [024/500] T-Acc:  61.0%  V-Acc:  50.7%  V-AUROC: 0.5483  LR: 2.00e-04
2026-08-03 17:48:28,943 | [FULL    ] | INFO | full_experiments_using.model_trainers.mobile_vit_trainer | Ep [025/500] T-Acc:  61.9%  V-Acc:  51.0%  V-AUROC: 0.5478  LR: 2.00e-04
2026-08-03 17:48:55,326 | [FULL    ] | INFO | full_experiments_using.model_trainers.mobile_vit_trainer | Ep [026/500] T-Acc:  60.7%  V-Acc:  51.2%  V-AUROC: 0.5510  LR: 2.00e-04
2026-08-03 17:49:23,521 | [FULL    ] | INFO | full_experiments_using.model_trainers.mobile_vit_trainer | Ep [027/500] T-Acc:  61.8%  V-Acc:  51.8%  V-AUROC: 0.5520  LR: 2.00e-04
2026-08-03 17:49:49,598 | [FULL    ] | INFO | full_experiments_using.model_trainers.mobile_vit_trainer | Ep [028/500] T-Acc:  61.6%  V-Acc:  52.4%  V-AUROC: 0.5536  LR: 2.00e-04
2026-08-03 17:50:18,129 | [FULL    ] | INFO | full_experiments_using.model_trainers.mobile_vit_trainer | Ep [029/500] T-Acc:  62.0%  V-Acc:  50.8%  V-AUROC: 0.5460  LR: 2.00e-04
2026-08-03 17:50:46,271 | [FULL    ] | INFO | full_experiments_using.model_trainers.mobile_vit_trainer | Ep [030/500] T-Acc:  61.4%  V-Acc:  51.4%  V-AUROC: 0.5468  LR: 4.00e-05
2026-08-03 17:51:14,372 | [FULL    ] | INFO | full_experiments_using.model_trainers.mobile_vit_trainer | Ep [031/500] T-Acc:  61.8%  V-Acc:  50.4%  V-AUROC: 0.5466  LR: 4.00e-05
2026-08-03 17:51:42,797 | [FULL    ] | INFO | full_experiments_using.model_trainers.mobile_vit_trainer | Ep [032/500] T-Acc:  61.1%  V-Acc:  50.9%  V-AUROC: 0.5486  LR: 4.00e-05
2026-08-03 17:52:10,129 | [FULL    ] | INFO | full_experiments_using.model_trainers.mobile_vit_trainer | Ep [033/500] T-Acc:  60.8%  V-Acc:  50.9%  V-AUROC: 0.5484  LR: 4.00e-05
2026-08-03 17:52:37,695 | [FULL    ] | INFO | full_experiments_using.model_trainers.mobile_vit_trainer | Ep [034/500] T-Acc:  62.3%  V-Acc:  51.2%  V-AUROC: 0.5483  LR: 4.00e-05
2026-08-03 17:53:04,400 | [FULL    ] | INFO | full_experiments_using.model_trainers.mobile_vit_trainer | Ep [035/500] T-Acc:  62.5%  V-Acc:  50.9%  V-AUROC: 0.5495  LR: 4.00e-05
2026-08-03 17:53:32,577 | [FULL    ] | INFO | full_experiments_using.model_trainers.mobile_vit_trainer | Ep [036/500] T-Acc:  61.6%  V-Acc:  50.9%  V-AUROC: 0.5498  LR: 4.00e-05
2026-08-03 17:54:01,035 | [FULL    ] | INFO | full_experiments_using.model_trainers.mobile_vit_trainer | Ep [037/500] T-Acc:  61.2%  V-Acc:  50.7%  V-AUROC: 0.5490  LR: 4.00e-05
2026-08-03 17:54:01,036 | [FULL    ] | INFO | full_experiments_using.model_trainers.mobile_vit_trainer | Early stop — best AUROC 0.5542 at epoch 7 (no improvement for 30 epochs)
2026-08-03 17:54:01,036 | [FULL    ] | INFO | full_experiments_using.model_trainers.mobile_vit_trainer | Done. Best AUROC: 0.5542 (epoch 7) → /home/oem/choihyunsu/VOGBasedMCIDetection/outputs/checkpoints/run_20260803_091255_full_wvote_artifact30_w0-5-10-10-0-10-20-20_strat_4err/fold_18_best.pth
2026-08-03 17:54:10,203 | [FULL    ] | INFO | full_experiments_using.evaluators.monte_carlo_evaluator | -> Fold 19 Result | Acc=0.600 Sens=0.571 Spec=0.667 AUROC=0.714
2026-08-03 17:54:10,217 | [FULL    ] | INFO | full_experiments_using.evaluators.monte_carlo_evaluator | === Fold 20/30 | train: 25 subj (HC=10 MCI=15) / 3868 win | test: 12 subj (HC=4 MCI=8) / 1847 win ===
2026-08-03 17:54:10,461 | [FULL    ] | INFO | httpx | HTTP Request: HEAD https://huggingface.co/apple/mobilevit-small/resolve/main/config.json "HTTP/1.1 307 Temporary Redirect"
2026-08-03 17:54:10,471 | [FULL    ] | INFO | httpx | HTTP Request: HEAD https://huggingface.co/api/resolve-cache/models/apple/mobilevit-small/6c8612545dc98676d27bc518fa521d9e9af23e34/config.json "HTTP/1.1 200 OK"
2026-08-03 17:54:10,759 | [FULL    ] | INFO | httpx | HTTP Request: HEAD https://huggingface.co/apple/mobilevit-small/resolve/main/model.safetensors "HTTP/1.1 404 Not Found"
2026-08-03 17:54:10,969 | [FULL    ] | INFO | httpx | HTTP Request: HEAD https://huggingface.co/apple/mobilevit-small/resolve/main/model.safetensors.index.json "HTTP/1.1 404 Not Found"
2026-08-03 17:54:11,188 | [FULL    ] | INFO | httpx | HTTP Request: HEAD https://huggingface.co/apple/mobilevit-small/resolve/main/pytorch_model.bin "HTTP/1.1 302 Found"
2026-08-03 17:54:11,401 | [FULL    ] | INFO | httpx | HTTP Request: HEAD https://huggingface.co/apple/mobilevit-small/resolve/main/model.safetensors "HTTP/1.1 404 Not Found"
2026-08-03 17:54:11,609 | [FULL    ] | INFO | httpx | HTTP Request: GET https://huggingface.co/api/models/apple/mobilevit-small "HTTP/1.1 200 OK"
2026-08-03 17:54:11,832 | [FULL    ] | INFO | httpx | HTTP Request: GET https://huggingface.co/api/models/apple/mobilevit-small/commits/main "HTTP/1.1 200 OK"
2026-08-03 17:54:12,052 | [FULL    ] | INFO | httpx | HTTP Request: GET https://huggingface.co/api/models/apple/mobilevit-small/discussions?p=0 "HTTP/1.1 200 OK"
2026-08-03 17:54:12,326 | [FULL    ] | INFO | httpx | HTTP Request: GET https://huggingface.co/api/models/apple/mobilevit-small/commits/refs%2Fpr%2F6 "HTTP/1.1 200 OK"
2026-08-03 17:54:12,531 | [FULL    ] | INFO | httpx | HTTP Request: HEAD https://huggingface.co/apple/mobilevit-small/resolve/refs%2Fpr%2F6/model.safetensors.index.json "HTTP/1.1 404 Not Found"
2026-08-03 17:54:12,729 | [FULL    ] | INFO | httpx | HTTP Request: HEAD https://huggingface.co/apple/mobilevit-small/resolve/refs%2Fpr%2F6/model.safetensors "HTTP/1.1 302 Found"
2026-08-03 17:54:13,515 | [FULL    ] | INFO | full_experiments_using.model_trainers.mobile_vit_trainer | Device: cuda | max_epochs=500 | batch=32 | eval_batch=256 | es_patience=30
2026-08-03 17:54:13,521 | [FULL    ] | INFO | full_experiments_using.model_trainers.mobile_vit_trainer | CE weights — HC: 1.090  MCI: 0.924
2026-08-03 17:54:50,366 | [FULL    ] | INFO | full_experiments_using.model_trainers.mobile_vit_trainer | Ep [001/500] T-Acc:  53.0%  V-Acc:  53.4%  V-AUROC: 0.5248  LR: 2.00e-04
2026-08-03 17:54:50,491 | [FULL    ] | INFO | full_experiments_using.model_trainers.mobile_vit_trainer |   ↳ new best AUROC; saved checkpoint: /home/oem/choihyunsu/VOGBasedMCIDetection/outputs/checkpoints/run_20260803_091255_full_wvote_artifact30_w0-5-10-10-0-10-20-20_strat_4err/fold_19_best.pth
2026-08-03 17:55:18,652 | [FULL    ] | INFO | full_experiments_using.model_trainers.mobile_vit_trainer | Ep [002/500] T-Acc:  53.3%  V-Acc:  55.5%  V-AUROC: 0.5410  LR: 4.00e-04
2026-08-03 17:55:18,830 | [FULL    ] | INFO | full_experiments_using.model_trainers.mobile_vit_trainer |   ↳ new best AUROC; saved checkpoint: /home/oem/choihyunsu/VOGBasedMCIDetection/outputs/checkpoints/run_20260803_091255_full_wvote_artifact30_w0-5-10-10-0-10-20-20_strat_4err/fold_19_best.pth
2026-08-03 17:55:46,979 | [FULL    ] | INFO | full_experiments_using.model_trainers.mobile_vit_trainer | Ep [003/500] T-Acc:  52.8%  V-Acc:  54.8%  V-AUROC: 0.5515  LR: 6.00e-04
2026-08-03 17:55:47,097 | [FULL    ] | INFO | full_experiments_using.model_trainers.mobile_vit_trainer |   ↳ new best AUROC; saved checkpoint: /home/oem/choihyunsu/VOGBasedMCIDetection/outputs/checkpoints/run_20260803_091255_full_wvote_artifact30_w0-5-10-10-0-10-20-20_strat_4err/fold_19_best.pth
2026-08-03 17:56:15,188 | [FULL    ] | INFO | full_experiments_using.model_trainers.mobile_vit_trainer | Ep [004/500] T-Acc:  53.4%  V-Acc:  55.0%  V-AUROC: 0.5517  LR: 8.00e-04
2026-08-03 17:56:15,327 | [FULL    ] | INFO | full_experiments_using.model_trainers.mobile_vit_trainer |   ↳ new best AUROC; saved checkpoint: /home/oem/choihyunsu/VOGBasedMCIDetection/outputs/checkpoints/run_20260803_091255_full_wvote_artifact30_w0-5-10-10-0-10-20-20_strat_4err/fold_19_best.pth
2026-08-03 17:56:43,599 | [FULL    ] | INFO | full_experiments_using.model_trainers.mobile_vit_trainer | Ep [005/500] T-Acc:  55.4%  V-Acc:  56.6%  V-AUROC: 0.5705  LR: 1.00e-03
2026-08-03 17:56:43,785 | [FULL    ] | INFO | full_experiments_using.model_trainers.mobile_vit_trainer |   ↳ new best AUROC; saved checkpoint: /home/oem/choihyunsu/VOGBasedMCIDetection/outputs/checkpoints/run_20260803_091255_full_wvote_artifact30_w0-5-10-10-0-10-20-20_strat_4err/fold_19_best.pth
2026-08-03 17:57:11,684 | [FULL    ] | INFO | full_experiments_using.model_trainers.mobile_vit_trainer | Ep [006/500] T-Acc:  54.7%  V-Acc:  55.0%  V-AUROC: 0.5771  LR: 1.00e-03
2026-08-03 17:57:11,835 | [FULL    ] | INFO | full_experiments_using.model_trainers.mobile_vit_trainer |   ↳ new best AUROC; saved checkpoint: /home/oem/choihyunsu/VOGBasedMCIDetection/outputs/checkpoints/run_20260803_091255_full_wvote_artifact30_w0-5-10-10-0-10-20-20_strat_4err/fold_19_best.pth
2026-08-03 17:57:39,886 | [FULL    ] | INFO | full_experiments_using.model_trainers.mobile_vit_trainer | Ep [007/500] T-Acc:  54.7%  V-Acc:  56.6%  V-AUROC: 0.5749  LR: 1.00e-03
2026-08-03 17:58:07,974 | [FULL    ] | INFO | full_experiments_using.model_trainers.mobile_vit_trainer | Ep [008/500] T-Acc:  57.4%  V-Acc:  55.9%  V-AUROC: 0.5862  LR: 1.00e-03
2026-08-03 17:58:08,131 | [FULL    ] | INFO | full_experiments_using.model_trainers.mobile_vit_trainer |   ↳ new best AUROC; saved checkpoint: /home/oem/choihyunsu/VOGBasedMCIDetection/outputs/checkpoints/run_20260803_091255_full_wvote_artifact30_w0-5-10-10-0-10-20-20_strat_4err/fold_19_best.pth
2026-08-03 17:58:36,287 | [FULL    ] | INFO | full_experiments_using.model_trainers.mobile_vit_trainer | Ep [009/500] T-Acc:  57.4%  V-Acc:  56.1%  V-AUROC: 0.5808  LR: 1.00e-03
2026-08-03 17:59:04,485 | [FULL    ] | INFO | full_experiments_using.model_trainers.mobile_vit_trainer | Ep [010/500] T-Acc:  57.0%  V-Acc:  55.8%  V-AUROC: 0.5911  LR: 1.00e-03
2026-08-03 17:59:04,603 | [FULL    ] | INFO | full_experiments_using.model_trainers.mobile_vit_trainer |   ↳ new best AUROC; saved checkpoint: /home/oem/choihyunsu/VOGBasedMCIDetection/outputs/checkpoints/run_20260803_091255_full_wvote_artifact30_w0-5-10-10-0-10-20-20_strat_4err/fold_19_best.pth
2026-08-03 17:59:32,892 | [FULL    ] | INFO | full_experiments_using.model_trainers.mobile_vit_trainer | Ep [011/500] T-Acc:  57.7%  V-Acc:  56.8%  V-AUROC: 0.5853  LR: 1.00e-03
2026-08-03 18:00:01,415 | [FULL    ] | INFO | full_experiments_using.model_trainers.mobile_vit_trainer | Ep [012/500] T-Acc:  57.8%  V-Acc:  55.3%  V-AUROC: 0.5870  LR: 1.00e-03
2026-08-03 18:00:29,400 | [FULL    ] | INFO | full_experiments_using.model_trainers.mobile_vit_trainer | Ep [013/500] T-Acc:  58.0%  V-Acc:  54.7%  V-AUROC: 0.5902  LR: 1.00e-03
2026-08-03 18:00:57,618 | [FULL    ] | INFO | full_experiments_using.model_trainers.mobile_vit_trainer | Ep [014/500] T-Acc:  58.0%  V-Acc:  56.2%  V-AUROC: 0.5866  LR: 1.00e-03
2026-08-03 18:01:25,815 | [FULL    ] | INFO | full_experiments_using.model_trainers.mobile_vit_trainer | Ep [015/500] T-Acc:  58.0%  V-Acc:  55.4%  V-AUROC: 0.5891  LR: 1.00e-03
2026-08-03 18:01:54,172 | [FULL    ] | INFO | full_experiments_using.model_trainers.mobile_vit_trainer | Ep [016/500] T-Acc:  58.4%  V-Acc:  53.9%  V-AUROC: 0.5846  LR: 1.00e-03
2026-08-03 18:02:22,211 | [FULL    ] | INFO | full_experiments_using.model_trainers.mobile_vit_trainer | Ep [017/500] T-Acc:  59.1%  V-Acc:  54.7%  V-AUROC: 0.5887  LR: 1.00e-03
2026-08-03 18:02:50,277 | [FULL    ] | INFO | full_experiments_using.model_trainers.mobile_vit_trainer | Ep [018/500] T-Acc:  59.8%  V-Acc:  55.7%  V-AUROC: 0.5893  LR: 1.00e-03
2026-08-03 18:03:18,511 | [FULL    ] | INFO | full_experiments_using.model_trainers.mobile_vit_trainer | Ep [019/500] T-Acc:  59.9%  V-Acc:  55.3%  V-AUROC: 0.5915  LR: 1.00e-03
2026-08-03 18:03:18,633 | [FULL    ] | INFO | full_experiments_using.model_trainers.mobile_vit_trainer |   ↳ new best AUROC; saved checkpoint: /home/oem/choihyunsu/VOGBasedMCIDetection/outputs/checkpoints/run_20260803_091255_full_wvote_artifact30_w0-5-10-10-0-10-20-20_strat_4err/fold_19_best.pth
2026-08-03 18:03:46,542 | [FULL    ] | INFO | full_experiments_using.model_trainers.mobile_vit_trainer | Ep [020/500] T-Acc:  59.5%  V-Acc:  55.7%  V-AUROC: 0.5858  LR: 1.00e-03
2026-08-03 18:04:14,641 | [FULL    ] | INFO | full_experiments_using.model_trainers.mobile_vit_trainer | Ep [021/500] T-Acc:  60.7%  V-Acc:  53.9%  V-AUROC: 0.5844  LR: 1.00e-03
2026-08-03 18:04:42,675 | [FULL    ] | INFO | full_experiments_using.model_trainers.mobile_vit_trainer | Ep [022/500] T-Acc:  60.6%  V-Acc:  54.2%  V-AUROC: 0.5769  LR: 1.00e-03
2026-08-03 18:05:10,998 | [FULL    ] | INFO | full_experiments_using.model_trainers.mobile_vit_trainer | Ep [023/500] T-Acc:  60.2%  V-Acc:  53.7%  V-AUROC: 0.5730  LR: 1.00e-03
2026-08-03 18:05:39,206 | [FULL    ] | INFO | full_experiments_using.model_trainers.mobile_vit_trainer | Ep [024/500] T-Acc:  60.9%  V-Acc:  54.3%  V-AUROC: 0.5805  LR: 1.00e-03
2026-08-03 18:06:07,477 | [FULL    ] | INFO | full_experiments_using.model_trainers.mobile_vit_trainer | Ep [025/500] T-Acc:  61.5%  V-Acc:  54.1%  V-AUROC: 0.5811  LR: 1.00e-03
2026-08-03 18:06:35,503 | [FULL    ] | INFO | full_experiments_using.model_trainers.mobile_vit_trainer | Ep [026/500] T-Acc:  61.7%  V-Acc:  54.6%  V-AUROC: 0.5909  LR: 1.00e-03
2026-08-03 18:07:03,932 | [FULL    ] | INFO | full_experiments_using.model_trainers.mobile_vit_trainer | Ep [027/500] T-Acc:  60.3%  V-Acc:  53.7%  V-AUROC: 0.5821  LR: 1.00e-03
2026-08-03 18:07:31,972 | [FULL    ] | INFO | full_experiments_using.model_trainers.mobile_vit_trainer | Ep [028/500] T-Acc:  62.3%  V-Acc:  53.8%  V-AUROC: 0.5781  LR: 1.00e-03
2026-08-03 18:08:00,274 | [FULL    ] | INFO | full_experiments_using.model_trainers.mobile_vit_trainer | Ep [029/500] T-Acc:  62.9%  V-Acc:  53.7%  V-AUROC: 0.5773  LR: 1.00e-03
2026-08-03 18:08:26,387 | [FULL    ] | INFO | full_experiments_using.model_trainers.mobile_vit_trainer | Ep [030/500] T-Acc:  62.0%  V-Acc:  54.5%  V-AUROC: 0.5841  LR: 1.00e-03
2026-08-03 18:08:53,625 | [FULL    ] | INFO | full_experiments_using.model_trainers.mobile_vit_trainer | Ep [031/500] T-Acc:  62.4%  V-Acc:  54.5%  V-AUROC: 0.5846  LR: 2.00e-04
2026-08-03 18:09:20,790 | [FULL    ] | INFO | full_experiments_using.model_trainers.mobile_vit_trainer | Ep [032/500] T-Acc:  63.2%  V-Acc:  55.1%  V-AUROC: 0.5841  LR: 2.00e-04
2026-08-03 18:09:48,930 | [FULL    ] | INFO | full_experiments_using.model_trainers.mobile_vit_trainer | Ep [033/500] T-Acc:  62.7%  V-Acc:  54.5%  V-AUROC: 0.5835  LR: 2.00e-04
2026-08-03 18:10:17,058 | [FULL    ] | INFO | full_experiments_using.model_trainers.mobile_vit_trainer | Ep [034/500] T-Acc:  62.6%  V-Acc:  55.0%  V-AUROC: 0.5845  LR: 2.00e-04
2026-08-03 18:10:45,158 | [FULL    ] | INFO | full_experiments_using.model_trainers.mobile_vit_trainer | Ep [035/500] T-Acc:  62.2%  V-Acc:  54.4%  V-AUROC: 0.5835  LR: 2.00e-04
2026-08-03 18:11:13,333 | [FULL    ] | INFO | full_experiments_using.model_trainers.mobile_vit_trainer | Ep [036/500] T-Acc:  62.3%  V-Acc:  53.9%  V-AUROC: 0.5846  LR: 2.00e-04
2026-08-03 18:11:41,399 | [FULL    ] | INFO | full_experiments_using.model_trainers.mobile_vit_trainer | Ep [037/500] T-Acc:  62.4%  V-Acc:  54.8%  V-AUROC: 0.5846  LR: 2.00e-04
2026-08-03 18:12:09,513 | [FULL    ] | INFO | full_experiments_using.model_trainers.mobile_vit_trainer | Ep [038/500] T-Acc:  63.1%  V-Acc:  54.7%  V-AUROC: 0.5852  LR: 2.00e-04
2026-08-03 18:12:37,701 | [FULL    ] | INFO | full_experiments_using.model_trainers.mobile_vit_trainer | Ep [039/500] T-Acc:  61.6%  V-Acc:  54.5%  V-AUROC: 0.5855  LR: 2.00e-04
2026-08-03 18:13:04,178 | [FULL    ] | INFO | full_experiments_using.model_trainers.mobile_vit_trainer | Ep [040/500] T-Acc:  63.2%  V-Acc:  55.4%  V-AUROC: 0.5855  LR: 2.00e-04
2026-08-03 18:13:32,084 | [FULL    ] | INFO | full_experiments_using.model_trainers.mobile_vit_trainer | Ep [041/500] T-Acc:  63.4%  V-Acc:  54.9%  V-AUROC: 0.5848  LR: 2.00e-04
2026-08-03 18:13:58,398 | [FULL    ] | INFO | full_experiments_using.model_trainers.mobile_vit_trainer | Ep [042/500] T-Acc:  63.5%  V-Acc:  54.6%  V-AUROC: 0.5858  LR: 4.00e-05
2026-08-03 18:14:26,574 | [FULL    ] | INFO | full_experiments_using.model_trainers.mobile_vit_trainer | Ep [043/500] T-Acc:  63.1%  V-Acc:  54.3%  V-AUROC: 0.5847  LR: 4.00e-05
2026-08-03 18:14:54,636 | [FULL    ] | INFO | full_experiments_using.model_trainers.mobile_vit_trainer | Ep [044/500] T-Acc:  63.2%  V-Acc:  54.2%  V-AUROC: 0.5836  LR: 4.00e-05
2026-08-03 18:15:22,806 | [FULL    ] | INFO | full_experiments_using.model_trainers.mobile_vit_trainer | Ep [045/500] T-Acc:  62.2%  V-Acc:  54.5%  V-AUROC: 0.5837  LR: 4.00e-05
2026-08-03 18:15:50,890 | [FULL    ] | INFO | full_experiments_using.model_trainers.mobile_vit_trainer | Ep [046/500] T-Acc:  63.3%  V-Acc:  54.1%  V-AUROC: 0.5850  LR: 4.00e-05
2026-08-03 18:16:19,061 | [FULL    ] | INFO | full_experiments_using.model_trainers.mobile_vit_trainer | Ep [047/500] T-Acc:  63.4%  V-Acc:  55.0%  V-AUROC: 0.5847  LR: 4.00e-05
2026-08-03 18:16:47,310 | [FULL    ] | INFO | full_experiments_using.model_trainers.mobile_vit_trainer | Ep [048/500] T-Acc:  63.4%  V-Acc:  55.6%  V-AUROC: 0.5878  LR: 4.00e-05
2026-08-03 18:17:15,207 | [FULL    ] | INFO | full_experiments_using.model_trainers.mobile_vit_trainer | Ep [049/500] T-Acc:  62.2%  V-Acc:  55.1%  V-AUROC: 0.5841  LR: 4.00e-05
2026-08-03 18:17:15,208 | [FULL    ] | INFO | full_experiments_using.model_trainers.mobile_vit_trainer | Early stop — best AUROC 0.5915 at epoch 19 (no improvement for 30 epochs)
2026-08-03 18:17:15,208 | [FULL    ] | INFO | full_experiments_using.model_trainers.mobile_vit_trainer | Done. Best AUROC: 0.5915 (epoch 19) → /home/oem/choihyunsu/VOGBasedMCIDetection/outputs/checkpoints/run_20260803_091255_full_wvote_artifact30_w0-5-10-10-0-10-20-20_strat_4err/fold_19_best.pth
2026-08-03 18:17:24,246 | [FULL    ] | INFO | full_experiments_using.evaluators.monte_carlo_evaluator | -> Fold 20 Result | Acc=0.818 Sens=0.750 Spec=1.000 AUROC=0.792
2026-08-03 18:17:24,260 | [FULL    ] | INFO | full_experiments_using.evaluators.monte_carlo_evaluator | === Fold 21/30 | train: 25 subj (HC=10 MCI=15) / 3950 win | test: 12 subj (HC=4 MCI=8) / 1765 win ===
2026-08-03 18:17:24,494 | [FULL    ] | INFO | httpx | HTTP Request: HEAD https://huggingface.co/apple/mobilevit-small/resolve/main/config.json "HTTP/1.1 307 Temporary Redirect"
2026-08-03 18:17:24,508 | [FULL    ] | INFO | httpx | HTTP Request: HEAD https://huggingface.co/api/resolve-cache/models/apple/mobilevit-small/6c8612545dc98676d27bc518fa521d9e9af23e34/config.json "HTTP/1.1 200 OK"
2026-08-03 18:17:24,787 | [FULL    ] | INFO | httpx | HTTP Request: HEAD https://huggingface.co/apple/mobilevit-small/resolve/main/model.safetensors "HTTP/1.1 404 Not Found"
2026-08-03 18:17:24,984 | [FULL    ] | INFO | httpx | HTTP Request: HEAD https://huggingface.co/apple/mobilevit-small/resolve/main/model.safetensors.index.json "HTTP/1.1 404 Not Found"
2026-08-03 18:17:25,191 | [FULL    ] | INFO | httpx | HTTP Request: HEAD https://huggingface.co/apple/mobilevit-small/resolve/main/pytorch_model.bin "HTTP/1.1 302 Found"
2026-08-03 18:17:25,439 | [FULL    ] | INFO | httpx | HTTP Request: HEAD https://huggingface.co/apple/mobilevit-small/resolve/main/model.safetensors "HTTP/1.1 404 Not Found"
2026-08-03 18:17:25,697 | [FULL    ] | INFO | httpx | HTTP Request: GET https://huggingface.co/api/models/apple/mobilevit-small "HTTP/1.1 200 OK"
2026-08-03 18:17:25,957 | [FULL    ] | INFO | httpx | HTTP Request: GET https://huggingface.co/api/models/apple/mobilevit-small/commits/main "HTTP/1.1 200 OK"
2026-08-03 18:17:26,196 | [FULL    ] | INFO | httpx | HTTP Request: GET https://huggingface.co/api/models/apple/mobilevit-small/discussions?p=0 "HTTP/1.1 200 OK"
2026-08-03 18:17:26,415 | [FULL    ] | INFO | httpx | HTTP Request: GET https://huggingface.co/api/models/apple/mobilevit-small/commits/refs%2Fpr%2F6 "HTTP/1.1 200 OK"
2026-08-03 18:17:26,619 | [FULL    ] | INFO | httpx | HTTP Request: HEAD https://huggingface.co/apple/mobilevit-small/resolve/refs%2Fpr%2F6/model.safetensors.index.json "HTTP/1.1 404 Not Found"
2026-08-03 18:17:26,829 | [FULL    ] | INFO | httpx | HTTP Request: HEAD https://huggingface.co/apple/mobilevit-small/resolve/refs%2Fpr%2F6/model.safetensors "HTTP/1.1 302 Found"
2026-08-03 18:17:27,623 | [FULL    ] | INFO | full_experiments_using.model_trainers.mobile_vit_trainer | Device: cuda | max_epochs=500 | batch=32 | eval_batch=256 | es_patience=30
2026-08-03 18:17:27,634 | [FULL    ] | INFO | full_experiments_using.model_trainers.mobile_vit_trainer | CE weights — HC: 1.106  MCI: 0.913
2026-08-03 18:18:15,104 | [FULL    ] | INFO | full_experiments_using.model_trainers.mobile_vit_trainer | Ep [001/500] T-Acc:  49.8%  V-Acc:  49.3%  V-AUROC: 0.4851  LR: 2.00e-04
2026-08-03 18:18:15,225 | [FULL    ] | INFO | full_experiments_using.model_trainers.mobile_vit_trainer |   ↳ new best AUROC; saved checkpoint: /home/oem/choihyunsu/VOGBasedMCIDetection/outputs/checkpoints/run_20260803_091255_full_wvote_artifact30_w0-5-10-10-0-10-20-20_strat_4err/fold_20_best.pth
2026-08-03 18:18:43,907 | [FULL    ] | INFO | full_experiments_using.model_trainers.mobile_vit_trainer | Ep [002/500] T-Acc:  50.5%  V-Acc:  48.0%  V-AUROC: 0.4822  LR: 4.00e-04
2026-08-03 18:19:12,518 | [FULL    ] | INFO | full_experiments_using.model_trainers.mobile_vit_trainer | Ep [003/500] T-Acc:  50.9%  V-Acc:  48.4%  V-AUROC: 0.4768  LR: 6.00e-04
2026-08-03 18:19:41,222 | [FULL    ] | INFO | full_experiments_using.model_trainers.mobile_vit_trainer | Ep [004/500] T-Acc:  52.0%  V-Acc:  50.1%  V-AUROC: 0.4870  LR: 8.00e-04
2026-08-03 18:19:41,351 | [FULL    ] | INFO | full_experiments_using.model_trainers.mobile_vit_trainer |   ↳ new best AUROC; saved checkpoint: /home/oem/choihyunsu/VOGBasedMCIDetection/outputs/checkpoints/run_20260803_091255_full_wvote_artifact30_w0-5-10-10-0-10-20-20_strat_4err/fold_20_best.pth
2026-08-03 18:20:10,070 | [FULL    ] | INFO | full_experiments_using.model_trainers.mobile_vit_trainer | Ep [005/500] T-Acc:  52.3%  V-Acc:  50.8%  V-AUROC: 0.4956  LR: 1.00e-03
2026-08-03 18:20:10,148 | [FULL    ] | INFO | full_experiments_using.model_trainers.mobile_vit_trainer |   ↳ new best AUROC; saved checkpoint: /home/oem/choihyunsu/VOGBasedMCIDetection/outputs/checkpoints/run_20260803_091255_full_wvote_artifact30_w0-5-10-10-0-10-20-20_strat_4err/fold_20_best.pth
2026-08-03 18:20:38,649 | [FULL    ] | INFO | full_experiments_using.model_trainers.mobile_vit_trainer | Ep [006/500] T-Acc:  54.4%  V-Acc:  54.3%  V-AUROC: 0.5427  LR: 1.00e-03
2026-08-03 18:20:38,766 | [FULL    ] | INFO | full_experiments_using.model_trainers.mobile_vit_trainer |   ↳ new best AUROC; saved checkpoint: /home/oem/choihyunsu/VOGBasedMCIDetection/outputs/checkpoints/run_20260803_091255_full_wvote_artifact30_w0-5-10-10-0-10-20-20_strat_4err/fold_20_best.pth
2026-08-03 18:21:07,433 | [FULL    ] | INFO | full_experiments_using.model_trainers.mobile_vit_trainer | Ep [007/500] T-Acc:  54.9%  V-Acc:  52.1%  V-AUROC: 0.5273  LR: 1.00e-03
2026-08-03 18:21:36,140 | [FULL    ] | INFO | full_experiments_using.model_trainers.mobile_vit_trainer | Ep [008/500] T-Acc:  54.9%  V-Acc:  53.4%  V-AUROC: 0.5321  LR: 1.00e-03
2026-08-03 18:22:04,820 | [FULL    ] | INFO | full_experiments_using.model_trainers.mobile_vit_trainer | Ep [009/500] T-Acc:  54.9%  V-Acc:  54.7%  V-AUROC: 0.5530  LR: 1.00e-03
2026-08-03 18:22:04,938 | [FULL    ] | INFO | full_experiments_using.model_trainers.mobile_vit_trainer |   ↳ new best AUROC; saved checkpoint: /home/oem/choihyunsu/VOGBasedMCIDetection/outputs/checkpoints/run_20260803_091255_full_wvote_artifact30_w0-5-10-10-0-10-20-20_strat_4err/fold_20_best.pth
2026-08-03 18:22:33,620 | [FULL    ] | INFO | full_experiments_using.model_trainers.mobile_vit_trainer | Ep [010/500] T-Acc:  55.3%  V-Acc:  53.0%  V-AUROC: 0.5460  LR: 1.00e-03
2026-08-03 18:23:02,016 | [FULL    ] | INFO | full_experiments_using.model_trainers.mobile_vit_trainer | Ep [011/500] T-Acc:  55.4%  V-Acc:  54.1%  V-AUROC: 0.5378  LR: 1.00e-03
2026-08-03 18:23:29,796 | [FULL    ] | INFO | full_experiments_using.model_trainers.mobile_vit_trainer | Ep [012/500] T-Acc:  55.7%  V-Acc:  53.3%  V-AUROC: 0.5490  LR: 1.00e-03
2026-08-03 18:23:57,505 | [FULL    ] | INFO | full_experiments_using.model_trainers.mobile_vit_trainer | Ep [013/500] T-Acc:  55.8%  V-Acc:  54.9%  V-AUROC: 0.5570  LR: 1.00e-03
2026-08-03 18:23:57,622 | [FULL    ] | INFO | full_experiments_using.model_trainers.mobile_vit_trainer |   ↳ new best AUROC; saved checkpoint: /home/oem/choihyunsu/VOGBasedMCIDetection/outputs/checkpoints/run_20260803_091255_full_wvote_artifact30_w0-5-10-10-0-10-20-20_strat_4err/fold_20_best.pth
2026-08-03 18:24:23,832 | [FULL    ] | INFO | full_experiments_using.model_trainers.mobile_vit_trainer | Ep [014/500] T-Acc:  58.0%  V-Acc:  56.5%  V-AUROC: 0.5659  LR: 1.00e-03
2026-08-03 18:24:23,950 | [FULL    ] | INFO | full_experiments_using.model_trainers.mobile_vit_trainer |   ↳ new best AUROC; saved checkpoint: /home/oem/choihyunsu/VOGBasedMCIDetection/outputs/checkpoints/run_20260803_091255_full_wvote_artifact30_w0-5-10-10-0-10-20-20_strat_4err/fold_20_best.pth
2026-08-03 18:24:52,600 | [FULL    ] | INFO | full_experiments_using.model_trainers.mobile_vit_trainer | Ep [015/500] T-Acc:  56.0%  V-Acc:  54.3%  V-AUROC: 0.5675  LR: 1.00e-03
2026-08-03 18:24:52,719 | [FULL    ] | INFO | full_experiments_using.model_trainers.mobile_vit_trainer |   ↳ new best AUROC; saved checkpoint: /home/oem/choihyunsu/VOGBasedMCIDetection/outputs/checkpoints/run_20260803_091255_full_wvote_artifact30_w0-5-10-10-0-10-20-20_strat_4err/fold_20_best.pth
2026-08-03 18:25:21,540 | [FULL    ] | INFO | full_experiments_using.model_trainers.mobile_vit_trainer | Ep [016/500] T-Acc:  57.8%  V-Acc:  55.1%  V-AUROC: 0.5612  LR: 1.00e-03
2026-08-03 18:25:49,831 | [FULL    ] | INFO | full_experiments_using.model_trainers.mobile_vit_trainer | Ep [017/500] T-Acc:  58.0%  V-Acc:  55.8%  V-AUROC: 0.5733  LR: 1.00e-03
2026-08-03 18:25:50,013 | [FULL    ] | INFO | full_experiments_using.model_trainers.mobile_vit_trainer |   ↳ new best AUROC; saved checkpoint: /home/oem/choihyunsu/VOGBasedMCIDetection/outputs/checkpoints/run_20260803_091255_full_wvote_artifact30_w0-5-10-10-0-10-20-20_strat_4err/fold_20_best.pth
2026-08-03 18:26:18,593 | [FULL    ] | INFO | full_experiments_using.model_trainers.mobile_vit_trainer | Ep [018/500] T-Acc:  57.6%  V-Acc:  54.5%  V-AUROC: 0.5525  LR: 1.00e-03
2026-08-03 18:26:47,287 | [FULL    ] | INFO | full_experiments_using.model_trainers.mobile_vit_trainer | Ep [019/500] T-Acc:  59.0%  V-Acc:  55.8%  V-AUROC: 0.5624  LR: 1.00e-03
2026-08-03 18:27:15,940 | [FULL    ] | INFO | full_experiments_using.model_trainers.mobile_vit_trainer | Ep [020/500] T-Acc:  58.2%  V-Acc:  54.1%  V-AUROC: 0.5540  LR: 1.00e-03
2026-08-03 18:27:44,382 | [FULL    ] | INFO | full_experiments_using.model_trainers.mobile_vit_trainer | Ep [021/500] T-Acc:  58.3%  V-Acc:  54.5%  V-AUROC: 0.5575  LR: 1.00e-03
2026-08-03 18:28:12,935 | [FULL    ] | INFO | full_experiments_using.model_trainers.mobile_vit_trainer | Ep [022/500] T-Acc:  59.6%  V-Acc:  54.4%  V-AUROC: 0.5577  LR: 1.00e-03
2026-08-03 18:28:41,265 | [FULL    ] | INFO | full_experiments_using.model_trainers.mobile_vit_trainer | Ep [023/500] T-Acc:  60.3%  V-Acc:  55.9%  V-AUROC: 0.5705  LR: 1.00e-03
2026-08-03 18:29:09,827 | [FULL    ] | INFO | full_experiments_using.model_trainers.mobile_vit_trainer | Ep [024/500] T-Acc:  59.5%  V-Acc:  53.8%  V-AUROC: 0.5564  LR: 1.00e-03
2026-08-03 18:29:38,298 | [FULL    ] | INFO | full_experiments_using.model_trainers.mobile_vit_trainer | Ep [025/500] T-Acc:  59.4%  V-Acc:  55.8%  V-AUROC: 0.5605  LR: 1.00e-03
2026-08-03 18:30:06,857 | [FULL    ] | INFO | full_experiments_using.model_trainers.mobile_vit_trainer | Ep [026/500] T-Acc:  59.0%  V-Acc:  54.2%  V-AUROC: 0.5564  LR: 1.00e-03
2026-08-03 18:30:35,509 | [FULL    ] | INFO | full_experiments_using.model_trainers.mobile_vit_trainer | Ep [027/500] T-Acc:  59.3%  V-Acc:  54.8%  V-AUROC: 0.5546  LR: 1.00e-03
2026-08-03 18:31:02,423 | [FULL    ] | INFO | full_experiments_using.model_trainers.mobile_vit_trainer | Ep [028/500] T-Acc:  61.1%  V-Acc:  54.2%  V-AUROC: 0.5652  LR: 1.00e-03
2026-08-03 18:31:30,499 | [FULL    ] | INFO | full_experiments_using.model_trainers.mobile_vit_trainer | Ep [029/500] T-Acc:  61.0%  V-Acc:  55.1%  V-AUROC: 0.5621  LR: 2.00e-04
2026-08-03 18:31:56,870 | [FULL    ] | INFO | full_experiments_using.model_trainers.mobile_vit_trainer | Ep [030/500] T-Acc:  60.5%  V-Acc:  54.7%  V-AUROC: 0.5584  LR: 2.00e-04
2026-08-03 18:32:25,314 | [FULL    ] | INFO | full_experiments_using.model_trainers.mobile_vit_trainer | Ep [031/500] T-Acc:  61.9%  V-Acc:  54.1%  V-AUROC: 0.5571  LR: 2.00e-04
2026-08-03 18:32:53,579 | [FULL    ] | INFO | full_experiments_using.model_trainers.mobile_vit_trainer | Ep [032/500] T-Acc:  59.6%  V-Acc:  54.4%  V-AUROC: 0.5571  LR: 2.00e-04
2026-08-03 18:33:21,753 | [FULL    ] | INFO | full_experiments_using.model_trainers.mobile_vit_trainer | Ep [033/500] T-Acc:  61.2%  V-Acc:  55.3%  V-AUROC: 0.5587  LR: 2.00e-04
2026-08-03 18:33:50,292 | [FULL    ] | INFO | full_experiments_using.model_trainers.mobile_vit_trainer | Ep [034/500] T-Acc:  60.2%  V-Acc:  54.7%  V-AUROC: 0.5595  LR: 2.00e-04
2026-08-03 18:34:18,735 | [FULL    ] | INFO | full_experiments_using.model_trainers.mobile_vit_trainer | Ep [035/500] T-Acc:  61.5%  V-Acc:  55.3%  V-AUROC: 0.5549  LR: 2.00e-04
2026-08-03 18:34:47,549 | [FULL    ] | INFO | full_experiments_using.model_trainers.mobile_vit_trainer | Ep [036/500] T-Acc:  60.3%  V-Acc:  55.0%  V-AUROC: 0.5592  LR: 2.00e-04
2026-08-03 18:35:16,211 | [FULL    ] | INFO | full_experiments_using.model_trainers.mobile_vit_trainer | Ep [037/500] T-Acc:  61.4%  V-Acc:  55.7%  V-AUROC: 0.5595  LR: 2.00e-04
2026-08-03 18:35:44,903 | [FULL    ] | INFO | full_experiments_using.model_trainers.mobile_vit_trainer | Ep [038/500] T-Acc:  60.8%  V-Acc:  55.4%  V-AUROC: 0.5570  LR: 2.00e-04
2026-08-03 18:36:12,919 | [FULL    ] | INFO | full_experiments_using.model_trainers.mobile_vit_trainer | Ep [039/500] T-Acc:  60.1%  V-Acc:  54.6%  V-AUROC: 0.5571  LR: 2.00e-04
2026-08-03 18:36:40,160 | [FULL    ] | INFO | full_experiments_using.model_trainers.mobile_vit_trainer | Ep [040/500] T-Acc:  60.7%  V-Acc:  55.0%  V-AUROC: 0.5569  LR: 4.00e-05
2026-08-03 18:37:06,308 | [FULL    ] | INFO | full_experiments_using.model_trainers.mobile_vit_trainer | Ep [041/500] T-Acc:  60.6%  V-Acc:  54.9%  V-AUROC: 0.5583  LR: 4.00e-05
2026-08-03 18:37:34,779 | [FULL    ] | INFO | full_experiments_using.model_trainers.mobile_vit_trainer | Ep [042/500] T-Acc:  60.6%  V-Acc:  54.8%  V-AUROC: 0.5556  LR: 4.00e-05
2026-08-03 18:38:03,361 | [FULL    ] | INFO | full_experiments_using.model_trainers.mobile_vit_trainer | Ep [043/500] T-Acc:  61.4%  V-Acc:  54.8%  V-AUROC: 0.5555  LR: 4.00e-05
2026-08-03 18:38:32,164 | [FULL    ] | INFO | full_experiments_using.model_trainers.mobile_vit_trainer | Ep [044/500] T-Acc:  60.6%  V-Acc:  54.7%  V-AUROC: 0.5549  LR: 4.00e-05
2026-08-03 18:39:00,625 | [FULL    ] | INFO | full_experiments_using.model_trainers.mobile_vit_trainer | Ep [045/500] T-Acc:  61.1%  V-Acc:  54.7%  V-AUROC: 0.5562  LR: 4.00e-05
2026-08-03 18:39:29,269 | [FULL    ] | INFO | full_experiments_using.model_trainers.mobile_vit_trainer | Ep [046/500] T-Acc:  61.4%  V-Acc:  54.6%  V-AUROC: 0.5541  LR: 4.00e-05
2026-08-03 18:39:57,660 | [FULL    ] | INFO | full_experiments_using.model_trainers.mobile_vit_trainer | Ep [047/500] T-Acc:  61.8%  V-Acc:  54.3%  V-AUROC: 0.5540  LR: 4.00e-05
2026-08-03 18:39:57,660 | [FULL    ] | INFO | full_experiments_using.model_trainers.mobile_vit_trainer | Early stop — best AUROC 0.5733 at epoch 17 (no improvement for 30 epochs)
2026-08-03 18:39:57,660 | [FULL    ] | INFO | full_experiments_using.model_trainers.mobile_vit_trainer | Done. Best AUROC: 0.5733 (epoch 17) → /home/oem/choihyunsu/VOGBasedMCIDetection/outputs/checkpoints/run_20260803_091255_full_wvote_artifact30_w0-5-10-10-0-10-20-20_strat_4err/fold_20_best.pth
2026-08-03 18:40:08,135 | [FULL    ] | INFO | full_experiments_using.evaluators.monte_carlo_evaluator | -> Fold 21 Result | Acc=0.800 Sens=0.857 Spec=0.667 AUROC=0.810
2026-08-03 18:40:08,142 | [FULL    ] | INFO | full_experiments_using.evaluators.monte_carlo_evaluator | === Fold 22/30 | train: 25 subj (HC=10 MCI=15) / 3905 win | test: 12 subj (HC=4 MCI=8) / 1810 win ===
2026-08-03 18:40:08,410 | [FULL    ] | INFO | httpx | HTTP Request: HEAD https://huggingface.co/apple/mobilevit-small/resolve/main/config.json "HTTP/1.1 307 Temporary Redirect"
2026-08-03 18:40:08,425 | [FULL    ] | INFO | httpx | HTTP Request: HEAD https://huggingface.co/api/resolve-cache/models/apple/mobilevit-small/6c8612545dc98676d27bc518fa521d9e9af23e34/config.json "HTTP/1.1 200 OK"
2026-08-03 18:40:08,697 | [FULL    ] | INFO | httpx | HTTP Request: HEAD https://huggingface.co/apple/mobilevit-small/resolve/main/model.safetensors "HTTP/1.1 404 Not Found"
2026-08-03 18:40:08,909 | [FULL    ] | INFO | httpx | HTTP Request: HEAD https://huggingface.co/apple/mobilevit-small/resolve/main/model.safetensors.index.json "HTTP/1.1 404 Not Found"
2026-08-03 18:40:09,140 | [FULL    ] | INFO | httpx | HTTP Request: HEAD https://huggingface.co/apple/mobilevit-small/resolve/main/pytorch_model.bin "HTTP/1.1 302 Found"
2026-08-03 18:40:09,349 | [FULL    ] | INFO | httpx | HTTP Request: HEAD https://huggingface.co/apple/mobilevit-small/resolve/main/model.safetensors "HTTP/1.1 404 Not Found"
2026-08-03 18:40:09,563 | [FULL    ] | INFO | httpx | HTTP Request: GET https://huggingface.co/api/models/apple/mobilevit-small "HTTP/1.1 200 OK"
2026-08-03 18:40:09,830 | [FULL    ] | INFO | httpx | HTTP Request: GET https://huggingface.co/api/models/apple/mobilevit-small/commits/main "HTTP/1.1 200 OK"
2026-08-03 18:40:10,046 | [FULL    ] | INFO | httpx | HTTP Request: GET https://huggingface.co/api/models/apple/mobilevit-small/discussions?p=0 "HTTP/1.1 200 OK"
2026-08-03 18:40:10,264 | [FULL    ] | INFO | httpx | HTTP Request: GET https://huggingface.co/api/models/apple/mobilevit-small/commits/refs%2Fpr%2F6 "HTTP/1.1 200 OK"
2026-08-03 18:40:10,469 | [FULL    ] | INFO | httpx | HTTP Request: HEAD https://huggingface.co/apple/mobilevit-small/resolve/refs%2Fpr%2F6/model.safetensors.index.json "HTTP/1.1 404 Not Found"
2026-08-03 18:40:10,696 | [FULL    ] | INFO | httpx | HTTP Request: HEAD https://huggingface.co/apple/mobilevit-small/resolve/refs%2Fpr%2F6/model.safetensors "HTTP/1.1 302 Found"
2026-08-03 18:40:11,502 | [FULL    ] | INFO | full_experiments_using.model_trainers.mobile_vit_trainer | Device: cuda | max_epochs=500 | batch=32 | eval_batch=256 | es_patience=30
2026-08-03 18:40:11,515 | [FULL    ] | INFO | full_experiments_using.model_trainers.mobile_vit_trainer | CE weights — HC: 1.088  MCI: 0.925
2026-08-03 18:40:47,929 | [FULL    ] | INFO | full_experiments_using.model_trainers.mobile_vit_trainer | Ep [001/500] T-Acc:  49.9%  V-Acc:  57.8%  V-AUROC: 0.5171  LR: 2.00e-04
2026-08-03 18:40:48,048 | [FULL    ] | INFO | full_experiments_using.model_trainers.mobile_vit_trainer |   ↳ new best AUROC; saved checkpoint: /home/oem/choihyunsu/VOGBasedMCIDetection/outputs/checkpoints/run_20260803_091255_full_wvote_artifact30_w0-5-10-10-0-10-20-20_strat_4err/fold_21_best.pth
2026-08-03 18:41:16,184 | [FULL    ] | INFO | full_experiments_using.model_trainers.mobile_vit_trainer | Ep [002/500] T-Acc:  52.8%  V-Acc:  57.5%  V-AUROC: 0.5219  LR: 4.00e-04
2026-08-03 18:41:16,406 | [FULL    ] | INFO | full_experiments_using.model_trainers.mobile_vit_trainer |   ↳ new best AUROC; saved checkpoint: /home/oem/choihyunsu/VOGBasedMCIDetection/outputs/checkpoints/run_20260803_091255_full_wvote_artifact30_w0-5-10-10-0-10-20-20_strat_4err/fold_21_best.pth
2026-08-03 18:41:44,955 | [FULL    ] | INFO | full_experiments_using.model_trainers.mobile_vit_trainer | Ep [003/500] T-Acc:  52.1%  V-Acc:  57.6%  V-AUROC: 0.5346  LR: 6.00e-04
2026-08-03 18:41:45,151 | [FULL    ] | INFO | full_experiments_using.model_trainers.mobile_vit_trainer |   ↳ new best AUROC; saved checkpoint: /home/oem/choihyunsu/VOGBasedMCIDetection/outputs/checkpoints/run_20260803_091255_full_wvote_artifact30_w0-5-10-10-0-10-20-20_strat_4err/fold_21_best.pth
2026-08-03 18:42:13,703 | [FULL    ] | INFO | full_experiments_using.model_trainers.mobile_vit_trainer | Ep [004/500] T-Acc:  51.2%  V-Acc:  56.5%  V-AUROC: 0.5393  LR: 8.00e-04
2026-08-03 18:42:13,891 | [FULL    ] | INFO | full_experiments_using.model_trainers.mobile_vit_trainer |   ↳ new best AUROC; saved checkpoint: /home/oem/choihyunsu/VOGBasedMCIDetection/outputs/checkpoints/run_20260803_091255_full_wvote_artifact30_w0-5-10-10-0-10-20-20_strat_4err/fold_21_best.pth
2026-08-03 18:42:42,345 | [FULL    ] | INFO | full_experiments_using.model_trainers.mobile_vit_trainer | Ep [005/500] T-Acc:  50.9%  V-Acc:  56.2%  V-AUROC: 0.5380  LR: 1.00e-03
2026-08-03 18:43:10,806 | [FULL    ] | INFO | full_experiments_using.model_trainers.mobile_vit_trainer | Ep [006/500] T-Acc:  53.0%  V-Acc:  55.6%  V-AUROC: 0.5400  LR: 1.00e-03
2026-08-03 18:43:10,926 | [FULL    ] | INFO | full_experiments_using.model_trainers.mobile_vit_trainer |   ↳ new best AUROC; saved checkpoint: /home/oem/choihyunsu/VOGBasedMCIDetection/outputs/checkpoints/run_20260803_091255_full_wvote_artifact30_w0-5-10-10-0-10-20-20_strat_4err/fold_21_best.pth
2026-08-03 18:43:39,511 | [FULL    ] | INFO | full_experiments_using.model_trainers.mobile_vit_trainer | Ep [007/500] T-Acc:  51.5%  V-Acc:  57.0%  V-AUROC: 0.5391  LR: 1.00e-03
2026-08-03 18:44:07,776 | [FULL    ] | INFO | full_experiments_using.model_trainers.mobile_vit_trainer | Ep [008/500] T-Acc:  52.4%  V-Acc:  57.6%  V-AUROC: 0.5726  LR: 1.00e-03
2026-08-03 18:44:07,948 | [FULL    ] | INFO | full_experiments_using.model_trainers.mobile_vit_trainer |   ↳ new best AUROC; saved checkpoint: /home/oem/choihyunsu/VOGBasedMCIDetection/outputs/checkpoints/run_20260803_091255_full_wvote_artifact30_w0-5-10-10-0-10-20-20_strat_4err/fold_21_best.pth
2026-08-03 18:44:36,457 | [FULL    ] | INFO | full_experiments_using.model_trainers.mobile_vit_trainer | Ep [009/500] T-Acc:  52.9%  V-Acc:  57.4%  V-AUROC: 0.5812  LR: 1.00e-03
2026-08-03 18:44:36,644 | [FULL    ] | INFO | full_experiments_using.model_trainers.mobile_vit_trainer |   ↳ new best AUROC; saved checkpoint: /home/oem/choihyunsu/VOGBasedMCIDetection/outputs/checkpoints/run_20260803_091255_full_wvote_artifact30_w0-5-10-10-0-10-20-20_strat_4err/fold_21_best.pth
2026-08-03 18:45:04,970 | [FULL    ] | INFO | full_experiments_using.model_trainers.mobile_vit_trainer | Ep [010/500] T-Acc:  54.0%  V-Acc:  56.5%  V-AUROC: 0.5691  LR: 1.00e-03
2026-08-03 18:45:33,530 | [FULL    ] | INFO | full_experiments_using.model_trainers.mobile_vit_trainer | Ep [011/500] T-Acc:  53.6%  V-Acc:  57.1%  V-AUROC: 0.5904  LR: 1.00e-03
2026-08-03 18:45:33,668 | [FULL    ] | INFO | full_experiments_using.model_trainers.mobile_vit_trainer |   ↳ new best AUROC; saved checkpoint: /home/oem/choihyunsu/VOGBasedMCIDetection/outputs/checkpoints/run_20260803_091255_full_wvote_artifact30_w0-5-10-10-0-10-20-20_strat_4err/fold_21_best.pth
2026-08-03 18:46:02,101 | [FULL    ] | INFO | full_experiments_using.model_trainers.mobile_vit_trainer | Ep [012/500] T-Acc:  53.0%  V-Acc:  57.2%  V-AUROC: 0.5872  LR: 1.00e-03
2026-08-03 18:46:30,858 | [FULL    ] | INFO | full_experiments_using.model_trainers.mobile_vit_trainer | Ep [013/500] T-Acc:  54.6%  V-Acc:  56.6%  V-AUROC: 0.5885  LR: 1.00e-03
2026-08-03 18:46:59,288 | [FULL    ] | INFO | full_experiments_using.model_trainers.mobile_vit_trainer | Ep [014/500] T-Acc:  54.9%  V-Acc:  58.6%  V-AUROC: 0.5992  LR: 1.00e-03
2026-08-03 18:46:59,495 | [FULL    ] | INFO | full_experiments_using.model_trainers.mobile_vit_trainer |   ↳ new best AUROC; saved checkpoint: /home/oem/choihyunsu/VOGBasedMCIDetection/outputs/checkpoints/run_20260803_091255_full_wvote_artifact30_w0-5-10-10-0-10-20-20_strat_4err/fold_21_best.pth
2026-08-03 18:47:26,456 | [FULL    ] | INFO | full_experiments_using.model_trainers.mobile_vit_trainer | Ep [015/500] T-Acc:  55.6%  V-Acc:  57.8%  V-AUROC: 0.5981  LR: 1.00e-03
2026-08-03 18:47:54,530 | [FULL    ] | INFO | full_experiments_using.model_trainers.mobile_vit_trainer | Ep [016/500] T-Acc:  55.8%  V-Acc:  57.6%  V-AUROC: 0.6056  LR: 1.00e-03
2026-08-03 18:47:54,718 | [FULL    ] | INFO | full_experiments_using.model_trainers.mobile_vit_trainer |   ↳ new best AUROC; saved checkpoint: /home/oem/choihyunsu/VOGBasedMCIDetection/outputs/checkpoints/run_20260803_091255_full_wvote_artifact30_w0-5-10-10-0-10-20-20_strat_4err/fold_21_best.pth
2026-08-03 18:48:21,639 | [FULL    ] | INFO | full_experiments_using.model_trainers.mobile_vit_trainer | Ep [017/500] T-Acc:  54.6%  V-Acc:  57.6%  V-AUROC: 0.6148  LR: 1.00e-03
2026-08-03 18:48:21,757 | [FULL    ] | INFO | full_experiments_using.model_trainers.mobile_vit_trainer |   ↳ new best AUROC; saved checkpoint: /home/oem/choihyunsu/VOGBasedMCIDetection/outputs/checkpoints/run_20260803_091255_full_wvote_artifact30_w0-5-10-10-0-10-20-20_strat_4err/fold_21_best.pth
2026-08-03 18:48:50,165 | [FULL    ] | INFO | full_experiments_using.model_trainers.mobile_vit_trainer | Ep [018/500] T-Acc:  55.5%  V-Acc:  57.2%  V-AUROC: 0.6098  LR: 1.00e-03
2026-08-03 18:49:18,579 | [FULL    ] | INFO | full_experiments_using.model_trainers.mobile_vit_trainer | Ep [019/500] T-Acc:  56.4%  V-Acc:  57.8%  V-AUROC: 0.6056  LR: 1.00e-03
2026-08-03 18:49:47,030 | [FULL    ] | INFO | full_experiments_using.model_trainers.mobile_vit_trainer | Ep [020/500] T-Acc:  57.4%  V-Acc:  56.7%  V-AUROC: 0.6105  LR: 1.00e-03
2026-08-03 18:50:15,523 | [FULL    ] | INFO | full_experiments_using.model_trainers.mobile_vit_trainer | Ep [021/500] T-Acc:  55.5%  V-Acc:  58.5%  V-AUROC: 0.6128  LR: 1.00e-03
2026-08-03 18:50:44,019 | [FULL    ] | INFO | full_experiments_using.model_trainers.mobile_vit_trainer | Ep [022/500] T-Acc:  58.4%  V-Acc:  58.9%  V-AUROC: 0.6135  LR: 1.00e-03
2026-08-03 18:51:12,475 | [FULL    ] | INFO | full_experiments_using.model_trainers.mobile_vit_trainer | Ep [023/500] T-Acc:  57.1%  V-Acc:  57.8%  V-AUROC: 0.6277  LR: 1.00e-03
2026-08-03 18:51:12,596 | [FULL    ] | INFO | full_experiments_using.model_trainers.mobile_vit_trainer |   ↳ new best AUROC; saved checkpoint: /home/oem/choihyunsu/VOGBasedMCIDetection/outputs/checkpoints/run_20260803_091255_full_wvote_artifact30_w0-5-10-10-0-10-20-20_strat_4err/fold_21_best.pth
2026-08-03 18:51:41,113 | [FULL    ] | INFO | full_experiments_using.model_trainers.mobile_vit_trainer | Ep [024/500] T-Acc:  58.2%  V-Acc:  59.3%  V-AUROC: 0.6272  LR: 1.00e-03
2026-08-03 18:52:09,474 | [FULL    ] | INFO | full_experiments_using.model_trainers.mobile_vit_trainer | Ep [025/500] T-Acc:  58.1%  V-Acc:  59.0%  V-AUROC: 0.6291  LR: 1.00e-03
2026-08-03 18:52:09,612 | [FULL    ] | INFO | full_experiments_using.model_trainers.mobile_vit_trainer |   ↳ new best AUROC; saved checkpoint: /home/oem/choihyunsu/VOGBasedMCIDetection/outputs/checkpoints/run_20260803_091255_full_wvote_artifact30_w0-5-10-10-0-10-20-20_strat_4err/fold_21_best.pth
2026-08-03 18:52:38,122 | [FULL    ] | INFO | full_experiments_using.model_trainers.mobile_vit_trainer | Ep [026/500] T-Acc:  58.9%  V-Acc:  59.0%  V-AUROC: 0.6283  LR: 1.00e-03
2026-08-03 18:53:06,674 | [FULL    ] | INFO | full_experiments_using.model_trainers.mobile_vit_trainer | Ep [027/500] T-Acc:  58.2%  V-Acc:  58.4%  V-AUROC: 0.6263  LR: 1.00e-03
2026-08-03 18:53:35,002 | [FULL    ] | INFO | full_experiments_using.model_trainers.mobile_vit_trainer | Ep [028/500] T-Acc:  58.0%  V-Acc:  58.2%  V-AUROC: 0.6263  LR: 1.00e-03
2026-08-03 18:54:03,712 | [FULL    ] | INFO | full_experiments_using.model_trainers.mobile_vit_trainer | Ep [029/500] T-Acc:  58.2%  V-Acc:  58.6%  V-AUROC: 0.6339  LR: 1.00e-03
2026-08-03 18:54:03,917 | [FULL    ] | INFO | full_experiments_using.model_trainers.mobile_vit_trainer |   ↳ new best AUROC; saved checkpoint: /home/oem/choihyunsu/VOGBasedMCIDetection/outputs/checkpoints/run_20260803_091255_full_wvote_artifact30_w0-5-10-10-0-10-20-20_strat_4err/fold_21_best.pth
2026-08-03 18:54:32,329 | [FULL    ] | INFO | full_experiments_using.model_trainers.mobile_vit_trainer | Ep [030/500] T-Acc:  57.9%  V-Acc:  59.9%  V-AUROC: 0.6376  LR: 1.00e-03
2026-08-03 18:54:32,513 | [FULL    ] | INFO | full_experiments_using.model_trainers.mobile_vit_trainer |   ↳ new best AUROC; saved checkpoint: /home/oem/choihyunsu/VOGBasedMCIDetection/outputs/checkpoints/run_20260803_091255_full_wvote_artifact30_w0-5-10-10-0-10-20-20_strat_4err/fold_21_best.pth
2026-08-03 18:55:01,210 | [FULL    ] | INFO | full_experiments_using.model_trainers.mobile_vit_trainer | Ep [031/500] T-Acc:  59.2%  V-Acc:  60.4%  V-AUROC: 0.6324  LR: 1.00e-03
2026-08-03 18:55:29,668 | [FULL    ] | INFO | full_experiments_using.model_trainers.mobile_vit_trainer | Ep [032/500] T-Acc:  57.2%  V-Acc:  59.7%  V-AUROC: 0.6233  LR: 1.00e-03
2026-08-03 18:55:58,057 | [FULL    ] | INFO | full_experiments_using.model_trainers.mobile_vit_trainer | Ep [033/500] T-Acc:  59.1%  V-Acc:  57.7%  V-AUROC: 0.6154  LR: 1.00e-03
2026-08-03 18:56:26,611 | [FULL    ] | INFO | full_experiments_using.model_trainers.mobile_vit_trainer | Ep [034/500] T-Acc:  58.9%  V-Acc:  58.4%  V-AUROC: 0.6298  LR: 1.00e-03
2026-08-03 18:56:55,042 | [FULL    ] | INFO | full_experiments_using.model_trainers.mobile_vit_trainer | Ep [035/500] T-Acc:  58.4%  V-Acc:  58.3%  V-AUROC: 0.6291  LR: 1.00e-03
2026-08-03 18:57:23,424 | [FULL    ] | INFO | full_experiments_using.model_trainers.mobile_vit_trainer | Ep [036/500] T-Acc:  57.4%  V-Acc:  57.6%  V-AUROC: 0.6240  LR: 1.00e-03
2026-08-03 18:57:52,117 | [FULL    ] | INFO | full_experiments_using.model_trainers.mobile_vit_trainer | Ep [037/500] T-Acc:  58.9%  V-Acc:  57.0%  V-AUROC: 0.6210  LR: 1.00e-03
2026-08-03 18:58:20,560 | [FULL    ] | INFO | full_experiments_using.model_trainers.mobile_vit_trainer | Ep [038/500] T-Acc:  58.1%  V-Acc:  57.8%  V-AUROC: 0.6264  LR: 1.00e-03
2026-08-03 18:58:49,047 | [FULL    ] | INFO | full_experiments_using.model_trainers.mobile_vit_trainer | Ep [039/500] T-Acc:  59.6%  V-Acc:  57.5%  V-AUROC: 0.6248  LR: 1.00e-03
2026-08-03 18:59:17,579 | [FULL    ] | INFO | full_experiments_using.model_trainers.mobile_vit_trainer | Ep [040/500] T-Acc:  59.5%  V-Acc:  58.5%  V-AUROC: 0.6336  LR: 1.00e-03
2026-08-03 18:59:46,093 | [FULL    ] | INFO | full_experiments_using.model_trainers.mobile_vit_trainer | Ep [041/500] T-Acc:  59.6%  V-Acc:  58.8%  V-AUROC: 0.6362  LR: 1.00e-03
2026-08-03 19:00:14,779 | [FULL    ] | INFO | full_experiments_using.model_trainers.mobile_vit_trainer | Ep [042/500] T-Acc:  61.3%  V-Acc:  58.1%  V-AUROC: 0.6336  LR: 2.00e-04
2026-08-03 19:00:43,079 | [FULL    ] | INFO | full_experiments_using.model_trainers.mobile_vit_trainer | Ep [043/500] T-Acc:  59.9%  V-Acc:  59.3%  V-AUROC: 0.6275  LR: 2.00e-04
2026-08-03 19:01:11,631 | [FULL    ] | INFO | full_experiments_using.model_trainers.mobile_vit_trainer | Ep [044/500] T-Acc:  60.2%  V-Acc:  58.8%  V-AUROC: 0.6287  LR: 2.00e-04
2026-08-03 19:01:40,139 | [FULL    ] | INFO | full_experiments_using.model_trainers.mobile_vit_trainer | Ep [045/500] T-Acc:  59.9%  V-Acc:  58.4%  V-AUROC: 0.6316  LR: 2.00e-04
2026-08-03 19:02:08,529 | [FULL    ] | INFO | full_experiments_using.model_trainers.mobile_vit_trainer | Ep [046/500] T-Acc:  60.0%  V-Acc:  58.3%  V-AUROC: 0.6279  LR: 2.00e-04
2026-08-03 19:02:37,110 | [FULL    ] | INFO | full_experiments_using.model_trainers.mobile_vit_trainer | Ep [047/500] T-Acc:  59.7%  V-Acc:  58.6%  V-AUROC: 0.6291  LR: 2.00e-04
2026-08-03 19:03:05,614 | [FULL    ] | INFO | full_experiments_using.model_trainers.mobile_vit_trainer | Ep [048/500] T-Acc:  61.2%  V-Acc:  57.7%  V-AUROC: 0.6259  LR: 2.00e-04
2026-08-03 19:03:34,069 | [FULL    ] | INFO | full_experiments_using.model_trainers.mobile_vit_trainer | Ep [049/500] T-Acc:  59.5%  V-Acc:  57.2%  V-AUROC: 0.6223  LR: 2.00e-04
2026-08-03 19:04:02,721 | [FULL    ] | INFO | full_experiments_using.model_trainers.mobile_vit_trainer | Ep [050/500] T-Acc:  59.2%  V-Acc:  58.0%  V-AUROC: 0.6212  LR: 2.00e-04
2026-08-03 19:04:31,383 | [FULL    ] | INFO | full_experiments_using.model_trainers.mobile_vit_trainer | Ep [051/500] T-Acc:  59.4%  V-Acc:  57.5%  V-AUROC: 0.6223  LR: 2.00e-04
2026-08-03 19:04:59,957 | [FULL    ] | INFO | full_experiments_using.model_trainers.mobile_vit_trainer | Ep [052/500] T-Acc:  59.5%  V-Acc:  57.1%  V-AUROC: 0.6234  LR: 2.00e-04
2026-08-03 19:05:28,316 | [FULL    ] | INFO | full_experiments_using.model_trainers.mobile_vit_trainer | Ep [053/500] T-Acc:  59.9%  V-Acc:  57.3%  V-AUROC: 0.6257  LR: 4.00e-05
2026-08-03 19:05:57,091 | [FULL    ] | INFO | full_experiments_using.model_trainers.mobile_vit_trainer | Ep [054/500] T-Acc:  60.2%  V-Acc:  58.7%  V-AUROC: 0.6207  LR: 4.00e-05
2026-08-03 19:06:25,736 | [FULL    ] | INFO | full_experiments_using.model_trainers.mobile_vit_trainer | Ep [055/500] T-Acc:  60.5%  V-Acc:  57.3%  V-AUROC: 0.6226  LR: 4.00e-05
2026-08-03 19:06:54,269 | [FULL    ] | INFO | full_experiments_using.model_trainers.mobile_vit_trainer | Ep [056/500] T-Acc:  61.3%  V-Acc:  57.2%  V-AUROC: 0.6234  LR: 4.00e-05
2026-08-03 19:07:22,619 | [FULL    ] | INFO | full_experiments_using.model_trainers.mobile_vit_trainer | Ep [057/500] T-Acc:  59.9%  V-Acc:  58.4%  V-AUROC: 0.6230  LR: 4.00e-05
2026-08-03 19:07:51,117 | [FULL    ] | INFO | full_experiments_using.model_trainers.mobile_vit_trainer | Ep [058/500] T-Acc:  59.7%  V-Acc:  57.1%  V-AUROC: 0.6252  LR: 4.00e-05
2026-08-03 19:08:19,493 | [FULL    ] | INFO | full_experiments_using.model_trainers.mobile_vit_trainer | Ep [059/500] T-Acc:  60.9%  V-Acc:  58.2%  V-AUROC: 0.6220  LR: 4.00e-05
2026-08-03 19:08:48,034 | [FULL    ] | INFO | full_experiments_using.model_trainers.mobile_vit_trainer | Ep [060/500] T-Acc:  60.1%  V-Acc:  58.4%  V-AUROC: 0.6202  LR: 4.00e-05
2026-08-03 19:08:48,035 | [FULL    ] | INFO | full_experiments_using.model_trainers.mobile_vit_trainer | Early stop — best AUROC 0.6376 at epoch 30 (no improvement for 30 epochs)
2026-08-03 19:08:48,035 | [FULL    ] | INFO | full_experiments_using.model_trainers.mobile_vit_trainer | Done. Best AUROC: 0.6376 (epoch 30) → /home/oem/choihyunsu/VOGBasedMCIDetection/outputs/checkpoints/run_20260803_091255_full_wvote_artifact30_w0-5-10-10-0-10-20-20_strat_4err/fold_21_best.pth
2026-08-03 19:08:56,998 | [FULL    ] | INFO | full_experiments_using.evaluators.monte_carlo_evaluator | -> Fold 22 Result | Acc=0.900 Sens=0.857 Spec=1.000 AUROC=1.000
2026-08-03 19:08:57,005 | [FULL    ] | INFO | full_experiments_using.evaluators.monte_carlo_evaluator | === Fold 23/30 | train: 25 subj (HC=10 MCI=15) / 3955 win | test: 12 subj (HC=4 MCI=8) / 1760 win ===
2026-08-03 19:08:57,239 | [FULL    ] | INFO | httpx | HTTP Request: HEAD https://huggingface.co/apple/mobilevit-small/resolve/main/config.json "HTTP/1.1 307 Temporary Redirect"
2026-08-03 19:08:57,253 | [FULL    ] | INFO | httpx | HTTP Request: HEAD https://huggingface.co/api/resolve-cache/models/apple/mobilevit-small/6c8612545dc98676d27bc518fa521d9e9af23e34/config.json "HTTP/1.1 200 OK"
2026-08-03 19:08:57,540 | [FULL    ] | INFO | httpx | HTTP Request: HEAD https://huggingface.co/apple/mobilevit-small/resolve/main/model.safetensors "HTTP/1.1 404 Not Found"
2026-08-03 19:08:57,736 | [FULL    ] | INFO | httpx | HTTP Request: HEAD https://huggingface.co/apple/mobilevit-small/resolve/main/model.safetensors.index.json "HTTP/1.1 404 Not Found"
2026-08-03 19:08:57,940 | [FULL    ] | INFO | httpx | HTTP Request: HEAD https://huggingface.co/apple/mobilevit-small/resolve/main/pytorch_model.bin "HTTP/1.1 302 Found"
2026-08-03 19:08:58,142 | [FULL    ] | INFO | httpx | HTTP Request: HEAD https://huggingface.co/apple/mobilevit-small/resolve/main/model.safetensors "HTTP/1.1 404 Not Found"
2026-08-03 19:08:58,461 | [FULL    ] | INFO | httpx | HTTP Request: GET https://huggingface.co/api/models/apple/mobilevit-small "HTTP/1.1 200 OK"
2026-08-03 19:08:58,702 | [FULL    ] | INFO | httpx | HTTP Request: GET https://huggingface.co/api/models/apple/mobilevit-small/commits/main "HTTP/1.1 200 OK"
2026-08-03 19:08:58,931 | [FULL    ] | INFO | httpx | HTTP Request: GET https://huggingface.co/api/models/apple/mobilevit-small/discussions?p=0 "HTTP/1.1 200 OK"
2026-08-03 19:08:59,152 | [FULL    ] | INFO | httpx | HTTP Request: GET https://huggingface.co/api/models/apple/mobilevit-small/commits/refs%2Fpr%2F6 "HTTP/1.1 200 OK"
2026-08-03 19:08:59,354 | [FULL    ] | INFO | httpx | HTTP Request: HEAD https://huggingface.co/apple/mobilevit-small/resolve/refs%2Fpr%2F6/model.safetensors.index.json "HTTP/1.1 404 Not Found"
2026-08-03 19:08:59,564 | [FULL    ] | INFO | httpx | HTTP Request: HEAD https://huggingface.co/apple/mobilevit-small/resolve/refs%2Fpr%2F6/model.safetensors "HTTP/1.1 302 Found"
2026-08-03 19:09:00,444 | [FULL    ] | INFO | full_experiments_using.model_trainers.mobile_vit_trainer | Device: cuda | max_epochs=500 | batch=32 | eval_batch=256 | es_patience=30
2026-08-03 19:09:00,449 | [FULL    ] | INFO | full_experiments_using.model_trainers.mobile_vit_trainer | CE weights — HC: 1.096  MCI: 0.919
2026-08-03 19:09:47,192 | [FULL    ] | INFO | full_experiments_using.model_trainers.mobile_vit_trainer | Ep [001/500] T-Acc:  46.4%  V-Acc:  44.9%  V-AUROC: 0.4884  LR: 2.00e-04
2026-08-03 19:09:47,311 | [FULL    ] | INFO | full_experiments_using.model_trainers.mobile_vit_trainer |   ↳ new best AUROC; saved checkpoint: /home/oem/choihyunsu/VOGBasedMCIDetection/outputs/checkpoints/run_20260803_091255_full_wvote_artifact30_w0-5-10-10-0-10-20-20_strat_4err/fold_22_best.pth
2026-08-03 19:10:14,347 | [FULL    ] | INFO | full_experiments_using.model_trainers.mobile_vit_trainer | Ep [002/500] T-Acc:  46.6%  V-Acc:  45.6%  V-AUROC: 0.4945  LR: 4.00e-04
2026-08-03 19:10:14,465 | [FULL    ] | INFO | full_experiments_using.model_trainers.mobile_vit_trainer |   ↳ new best AUROC; saved checkpoint: /home/oem/choihyunsu/VOGBasedMCIDetection/outputs/checkpoints/run_20260803_091255_full_wvote_artifact30_w0-5-10-10-0-10-20-20_strat_4err/fold_22_best.pth
2026-08-03 19:10:43,041 | [FULL    ] | INFO | full_experiments_using.model_trainers.mobile_vit_trainer | Ep [003/500] T-Acc:  47.4%  V-Acc:  47.0%  V-AUROC: 0.5019  LR: 6.00e-04
2026-08-03 19:10:43,164 | [FULL    ] | INFO | full_experiments_using.model_trainers.mobile_vit_trainer |   ↳ new best AUROC; saved checkpoint: /home/oem/choihyunsu/VOGBasedMCIDetection/outputs/checkpoints/run_20260803_091255_full_wvote_artifact30_w0-5-10-10-0-10-20-20_strat_4err/fold_22_best.pth
2026-08-03 19:11:09,994 | [FULL    ] | INFO | full_experiments_using.model_trainers.mobile_vit_trainer | Ep [004/500] T-Acc:  49.3%  V-Acc:  48.8%  V-AUROC: 0.5155  LR: 8.00e-04
2026-08-03 19:11:10,115 | [FULL    ] | INFO | full_experiments_using.model_trainers.mobile_vit_trainer |   ↳ new best AUROC; saved checkpoint: /home/oem/choihyunsu/VOGBasedMCIDetection/outputs/checkpoints/run_20260803_091255_full_wvote_artifact30_w0-5-10-10-0-10-20-20_strat_4err/fold_22_best.pth
2026-08-03 19:11:38,530 | [FULL    ] | INFO | full_experiments_using.model_trainers.mobile_vit_trainer | Ep [005/500] T-Acc:  49.7%  V-Acc:  48.2%  V-AUROC: 0.5306  LR: 1.00e-03
2026-08-03 19:11:38,669 | [FULL    ] | INFO | full_experiments_using.model_trainers.mobile_vit_trainer |   ↳ new best AUROC; saved checkpoint: /home/oem/choihyunsu/VOGBasedMCIDetection/outputs/checkpoints/run_20260803_091255_full_wvote_artifact30_w0-5-10-10-0-10-20-20_strat_4err/fold_22_best.pth
2026-08-03 19:12:06,984 | [FULL    ] | INFO | full_experiments_using.model_trainers.mobile_vit_trainer | Ep [006/500] T-Acc:  49.7%  V-Acc:  52.2%  V-AUROC: 0.5500  LR: 1.00e-03
2026-08-03 19:12:07,101 | [FULL    ] | INFO | full_experiments_using.model_trainers.mobile_vit_trainer |   ↳ new best AUROC; saved checkpoint: /home/oem/choihyunsu/VOGBasedMCIDetection/outputs/checkpoints/run_20260803_091255_full_wvote_artifact30_w0-5-10-10-0-10-20-20_strat_4err/fold_22_best.pth
2026-08-03 19:12:34,207 | [FULL    ] | INFO | full_experiments_using.model_trainers.mobile_vit_trainer | Ep [007/500] T-Acc:  51.0%  V-Acc:  52.7%  V-AUROC: 0.5543  LR: 1.00e-03
2026-08-03 19:12:34,386 | [FULL    ] | INFO | full_experiments_using.model_trainers.mobile_vit_trainer |   ↳ new best AUROC; saved checkpoint: /home/oem/choihyunsu/VOGBasedMCIDetection/outputs/checkpoints/run_20260803_091255_full_wvote_artifact30_w0-5-10-10-0-10-20-20_strat_4err/fold_22_best.pth
2026-08-03 19:13:00,843 | [FULL    ] | INFO | full_experiments_using.model_trainers.mobile_vit_trainer | Ep [008/500] T-Acc:  52.5%  V-Acc:  52.4%  V-AUROC: 0.5542  LR: 1.00e-03
2026-08-03 19:13:29,428 | [FULL    ] | INFO | full_experiments_using.model_trainers.mobile_vit_trainer | Ep [009/500] T-Acc:  53.3%  V-Acc:  54.4%  V-AUROC: 0.5792  LR: 1.00e-03
2026-08-03 19:13:29,585 | [FULL    ] | INFO | full_experiments_using.model_trainers.mobile_vit_trainer |   ↳ new best AUROC; saved checkpoint: /home/oem/choihyunsu/VOGBasedMCIDetection/outputs/checkpoints/run_20260803_091255_full_wvote_artifact30_w0-5-10-10-0-10-20-20_strat_4err/fold_22_best.pth
2026-08-03 19:13:58,197 | [FULL    ] | INFO | full_experiments_using.model_trainers.mobile_vit_trainer | Ep [010/500] T-Acc:  52.7%  V-Acc:  55.9%  V-AUROC: 0.5950  LR: 1.00e-03
2026-08-03 19:13:58,325 | [FULL    ] | INFO | full_experiments_using.model_trainers.mobile_vit_trainer |   ↳ new best AUROC; saved checkpoint: /home/oem/choihyunsu/VOGBasedMCIDetection/outputs/checkpoints/run_20260803_091255_full_wvote_artifact30_w0-5-10-10-0-10-20-20_strat_4err/fold_22_best.pth
2026-08-03 19:14:26,837 | [FULL    ] | INFO | full_experiments_using.model_trainers.mobile_vit_trainer | Ep [011/500] T-Acc:  52.9%  V-Acc:  56.1%  V-AUROC: 0.5803  LR: 1.00e-03
2026-08-03 19:14:53,451 | [FULL    ] | INFO | full_experiments_using.model_trainers.mobile_vit_trainer | Ep [012/500] T-Acc:  55.4%  V-Acc:  56.4%  V-AUROC: 0.5963  LR: 1.00e-03
2026-08-03 19:14:53,574 | [FULL    ] | INFO | full_experiments_using.model_trainers.mobile_vit_trainer |   ↳ new best AUROC; saved checkpoint: /home/oem/choihyunsu/VOGBasedMCIDetection/outputs/checkpoints/run_20260803_091255_full_wvote_artifact30_w0-5-10-10-0-10-20-20_strat_4err/fold_22_best.pth
2026-08-03 19:15:22,050 | [FULL    ] | INFO | full_experiments_using.model_trainers.mobile_vit_trainer | Ep [013/500] T-Acc:  55.3%  V-Acc:  56.8%  V-AUROC: 0.5868  LR: 1.00e-03
2026-08-03 19:15:48,942 | [FULL    ] | INFO | full_experiments_using.model_trainers.mobile_vit_trainer | Ep [014/500] T-Acc:  56.3%  V-Acc:  57.6%  V-AUROC: 0.6027  LR: 1.00e-03
2026-08-03 19:15:49,124 | [FULL    ] | INFO | full_experiments_using.model_trainers.mobile_vit_trainer |   ↳ new best AUROC; saved checkpoint: /home/oem/choihyunsu/VOGBasedMCIDetection/outputs/checkpoints/run_20260803_091255_full_wvote_artifact30_w0-5-10-10-0-10-20-20_strat_4err/fold_22_best.pth
2026-08-03 19:16:17,704 | [FULL    ] | INFO | full_experiments_using.model_trainers.mobile_vit_trainer | Ep [015/500] T-Acc:  55.5%  V-Acc:  57.7%  V-AUROC: 0.6047  LR: 1.00e-03
2026-08-03 19:16:17,904 | [FULL    ] | INFO | full_experiments_using.model_trainers.mobile_vit_trainer |   ↳ new best AUROC; saved checkpoint: /home/oem/choihyunsu/VOGBasedMCIDetection/outputs/checkpoints/run_20260803_091255_full_wvote_artifact30_w0-5-10-10-0-10-20-20_strat_4err/fold_22_best.pth
2026-08-03 19:16:46,903 | [FULL    ] | INFO | full_experiments_using.model_trainers.mobile_vit_trainer | Ep [016/500] T-Acc:  55.9%  V-Acc:  58.0%  V-AUROC: 0.5950  LR: 1.00e-03
2026-08-03 19:17:15,334 | [FULL    ] | INFO | full_experiments_using.model_trainers.mobile_vit_trainer | Ep [017/500] T-Acc:  57.9%  V-Acc:  57.4%  V-AUROC: 0.6001  LR: 1.00e-03
2026-08-03 19:17:43,950 | [FULL    ] | INFO | full_experiments_using.model_trainers.mobile_vit_trainer | Ep [018/500] T-Acc:  57.5%  V-Acc:  58.0%  V-AUROC: 0.6114  LR: 1.00e-03
2026-08-03 19:17:44,068 | [FULL    ] | INFO | full_experiments_using.model_trainers.mobile_vit_trainer |   ↳ new best AUROC; saved checkpoint: /home/oem/choihyunsu/VOGBasedMCIDetection/outputs/checkpoints/run_20260803_091255_full_wvote_artifact30_w0-5-10-10-0-10-20-20_strat_4err/fold_22_best.pth
2026-08-03 19:18:12,542 | [FULL    ] | INFO | full_experiments_using.model_trainers.mobile_vit_trainer | Ep [019/500] T-Acc:  59.2%  V-Acc:  58.1%  V-AUROC: 0.6086  LR: 1.00e-03
2026-08-03 19:18:41,050 | [FULL    ] | INFO | full_experiments_using.model_trainers.mobile_vit_trainer | Ep [020/500] T-Acc:  57.8%  V-Acc:  57.7%  V-AUROC: 0.5987  LR: 1.00e-03
2026-08-03 19:19:09,499 | [FULL    ] | INFO | full_experiments_using.model_trainers.mobile_vit_trainer | Ep [021/500] T-Acc:  57.5%  V-Acc:  57.0%  V-AUROC: 0.6041  LR: 1.00e-03
2026-08-03 19:19:38,085 | [FULL    ] | INFO | full_experiments_using.model_trainers.mobile_vit_trainer | Ep [022/500] T-Acc:  58.9%  V-Acc:  57.9%  V-AUROC: 0.6018  LR: 1.00e-03
2026-08-03 19:20:06,483 | [FULL    ] | INFO | full_experiments_using.model_trainers.mobile_vit_trainer | Ep [023/500] T-Acc:  58.2%  V-Acc:  57.7%  V-AUROC: 0.5971  LR: 1.00e-03
2026-08-03 19:20:35,127 | [FULL    ] | INFO | full_experiments_using.model_trainers.mobile_vit_trainer | Ep [024/500] T-Acc:  59.4%  V-Acc:  58.6%  V-AUROC: 0.6032  LR: 1.00e-03
2026-08-03 19:21:03,578 | [FULL    ] | INFO | full_experiments_using.model_trainers.mobile_vit_trainer | Ep [025/500] T-Acc:  58.3%  V-Acc:  57.4%  V-AUROC: 0.5941  LR: 1.00e-03
2026-08-03 19:21:32,115 | [FULL    ] | INFO | full_experiments_using.model_trainers.mobile_vit_trainer | Ep [026/500] T-Acc:  59.9%  V-Acc:  57.7%  V-AUROC: 0.5962  LR: 1.00e-03
2026-08-03 19:22:00,720 | [FULL    ] | INFO | full_experiments_using.model_trainers.mobile_vit_trainer | Ep [027/500] T-Acc:  59.7%  V-Acc:  58.2%  V-AUROC: 0.6080  LR: 1.00e-03
2026-08-03 19:22:29,333 | [FULL    ] | INFO | full_experiments_using.model_trainers.mobile_vit_trainer | Ep [028/500] T-Acc:  59.6%  V-Acc:  59.1%  V-AUROC: 0.6059  LR: 1.00e-03
2026-08-03 19:22:57,954 | [FULL    ] | INFO | full_experiments_using.model_trainers.mobile_vit_trainer | Ep [029/500] T-Acc:  59.7%  V-Acc:  58.5%  V-AUROC: 0.6043  LR: 1.00e-03
2026-08-03 19:23:26,728 | [FULL    ] | INFO | full_experiments_using.model_trainers.mobile_vit_trainer | Ep [030/500] T-Acc:  60.4%  V-Acc:  58.6%  V-AUROC: 0.6031  LR: 2.00e-04
2026-08-03 19:23:55,125 | [FULL    ] | INFO | full_experiments_using.model_trainers.mobile_vit_trainer | Ep [031/500] T-Acc:  60.6%  V-Acc:  58.5%  V-AUROC: 0.6022  LR: 2.00e-04
2026-08-03 19:24:23,841 | [FULL    ] | INFO | full_experiments_using.model_trainers.mobile_vit_trainer | Ep [032/500] T-Acc:  61.1%  V-Acc:  58.4%  V-AUROC: 0.6068  LR: 2.00e-04
2026-08-03 19:24:52,522 | [FULL    ] | INFO | full_experiments_using.model_trainers.mobile_vit_trainer | Ep [033/500] T-Acc:  61.3%  V-Acc:  59.0%  V-AUROC: 0.6042  LR: 2.00e-04
2026-08-03 19:25:21,042 | [FULL    ] | INFO | full_experiments_using.model_trainers.mobile_vit_trainer | Ep [034/500] T-Acc:  60.8%  V-Acc:  58.9%  V-AUROC: 0.6077  LR: 2.00e-04
2026-08-03 19:25:49,390 | [FULL    ] | INFO | full_experiments_using.model_trainers.mobile_vit_trainer | Ep [035/500] T-Acc:  60.8%  V-Acc:  58.9%  V-AUROC: 0.6051  LR: 2.00e-04
2026-08-03 19:26:17,860 | [FULL    ] | INFO | full_experiments_using.model_trainers.mobile_vit_trainer | Ep [036/500] T-Acc:  61.0%  V-Acc:  59.0%  V-AUROC: 0.6066  LR: 2.00e-04
2026-08-03 19:26:46,458 | [FULL    ] | INFO | full_experiments_using.model_trainers.mobile_vit_trainer | Ep [037/500] T-Acc:  60.0%  V-Acc:  58.5%  V-AUROC: 0.6068  LR: 2.00e-04
2026-08-03 19:27:15,099 | [FULL    ] | INFO | full_experiments_using.model_trainers.mobile_vit_trainer | Ep [038/500] T-Acc:  60.1%  V-Acc:  58.7%  V-AUROC: 0.6057  LR: 2.00e-04
2026-08-03 19:27:43,788 | [FULL    ] | INFO | full_experiments_using.model_trainers.mobile_vit_trainer | Ep [039/500] T-Acc:  61.1%  V-Acc:  58.5%  V-AUROC: 0.6075  LR: 2.00e-04
2026-08-03 19:28:12,243 | [FULL    ] | INFO | full_experiments_using.model_trainers.mobile_vit_trainer | Ep [040/500] T-Acc:  60.0%  V-Acc:  58.3%  V-AUROC: 0.6091  LR: 2.00e-04
2026-08-03 19:28:41,080 | [FULL    ] | INFO | full_experiments_using.model_trainers.mobile_vit_trainer | Ep [041/500] T-Acc:  62.3%  V-Acc:  58.0%  V-AUROC: 0.6056  LR: 4.00e-05
2026-08-03 19:29:09,640 | [FULL    ] | INFO | full_experiments_using.model_trainers.mobile_vit_trainer | Ep [042/500] T-Acc:  61.8%  V-Acc:  58.2%  V-AUROC: 0.6047  LR: 4.00e-05
2026-08-03 19:29:38,418 | [FULL    ] | INFO | full_experiments_using.model_trainers.mobile_vit_trainer | Ep [043/500] T-Acc:  61.0%  V-Acc:  58.4%  V-AUROC: 0.6063  LR: 4.00e-05
2026-08-03 19:30:06,912 | [FULL    ] | INFO | full_experiments_using.model_trainers.mobile_vit_trainer | Ep [044/500] T-Acc:  60.9%  V-Acc:  58.6%  V-AUROC: 0.6051  LR: 4.00e-05
2026-08-03 19:30:35,601 | [FULL    ] | INFO | full_experiments_using.model_trainers.mobile_vit_trainer | Ep [045/500] T-Acc:  61.5%  V-Acc:  58.2%  V-AUROC: 0.6051  LR: 4.00e-05
2026-08-03 19:31:04,077 | [FULL    ] | INFO | full_experiments_using.model_trainers.mobile_vit_trainer | Ep [046/500] T-Acc:  61.4%  V-Acc:  58.2%  V-AUROC: 0.6066  LR: 4.00e-05
2026-08-03 19:31:32,656 | [FULL    ] | INFO | full_experiments_using.model_trainers.mobile_vit_trainer | Ep [047/500] T-Acc:  61.1%  V-Acc:  58.7%  V-AUROC: 0.6049  LR: 4.00e-05
2026-08-03 19:32:01,274 | [FULL    ] | INFO | full_experiments_using.model_trainers.mobile_vit_trainer | Ep [048/500] T-Acc:  60.8%  V-Acc:  58.2%  V-AUROC: 0.6052  LR: 4.00e-05
2026-08-03 19:32:01,274 | [FULL    ] | INFO | full_experiments_using.model_trainers.mobile_vit_trainer | Early stop — best AUROC 0.6114 at epoch 18 (no improvement for 30 epochs)
2026-08-03 19:32:01,275 | [FULL    ] | INFO | full_experiments_using.model_trainers.mobile_vit_trainer | Done. Best AUROC: 0.6114 (epoch 18) → /home/oem/choihyunsu/VOGBasedMCIDetection/outputs/checkpoints/run_20260803_091255_full_wvote_artifact30_w0-5-10-10-0-10-20-20_strat_4err/fold_22_best.pth
2026-08-03 19:32:11,470 | [FULL    ] | INFO | full_experiments_using.evaluators.monte_carlo_evaluator | -> Fold 23 Result | Acc=0.800 Sens=1.000 Spec=0.333 AUROC=0.857
2026-08-03 19:32:11,477 | [FULL    ] | INFO | full_experiments_using.evaluators.monte_carlo_evaluator | === Fold 24/30 | train: 25 subj (HC=10 MCI=15) / 3836 win | test: 12 subj (HC=4 MCI=8) / 1879 win ===
2026-08-03 19:32:11,719 | [FULL    ] | INFO | httpx | HTTP Request: HEAD https://huggingface.co/apple/mobilevit-small/resolve/main/config.json "HTTP/1.1 307 Temporary Redirect"
2026-08-03 19:32:11,732 | [FULL    ] | INFO | httpx | HTTP Request: HEAD https://huggingface.co/api/resolve-cache/models/apple/mobilevit-small/6c8612545dc98676d27bc518fa521d9e9af23e34/config.json "HTTP/1.1 200 OK"
2026-08-03 19:32:12,002 | [FULL    ] | INFO | httpx | HTTP Request: HEAD https://huggingface.co/apple/mobilevit-small/resolve/main/model.safetensors "HTTP/1.1 404 Not Found"
2026-08-03 19:32:12,207 | [FULL    ] | INFO | httpx | HTTP Request: HEAD https://huggingface.co/apple/mobilevit-small/resolve/main/model.safetensors.index.json "HTTP/1.1 404 Not Found"
2026-08-03 19:32:12,419 | [FULL    ] | INFO | httpx | HTTP Request: HEAD https://huggingface.co/apple/mobilevit-small/resolve/main/pytorch_model.bin "HTTP/1.1 302 Found"
2026-08-03 19:32:12,634 | [FULL    ] | INFO | httpx | HTTP Request: HEAD https://huggingface.co/apple/mobilevit-small/resolve/main/model.safetensors "HTTP/1.1 404 Not Found"
2026-08-03 19:32:12,863 | [FULL    ] | INFO | httpx | HTTP Request: GET https://huggingface.co/api/models/apple/mobilevit-small "HTTP/1.1 200 OK"
2026-08-03 19:32:13,080 | [FULL    ] | INFO | httpx | HTTP Request: GET https://huggingface.co/api/models/apple/mobilevit-small/commits/main "HTTP/1.1 200 OK"
2026-08-03 19:32:13,297 | [FULL    ] | INFO | httpx | HTTP Request: GET https://huggingface.co/api/models/apple/mobilevit-small/discussions?p=0 "HTTP/1.1 200 OK"
2026-08-03 19:32:13,517 | [FULL    ] | INFO | httpx | HTTP Request: GET https://huggingface.co/api/models/apple/mobilevit-small/commits/refs%2Fpr%2F6 "HTTP/1.1 200 OK"
2026-08-03 19:32:13,719 | [FULL    ] | INFO | httpx | HTTP Request: HEAD https://huggingface.co/apple/mobilevit-small/resolve/refs%2Fpr%2F6/model.safetensors.index.json "HTTP/1.1 404 Not Found"
2026-08-03 19:32:13,933 | [FULL    ] | INFO | httpx | HTTP Request: HEAD https://huggingface.co/apple/mobilevit-small/resolve/refs%2Fpr%2F6/model.safetensors "HTTP/1.1 302 Found"
2026-08-03 19:32:14,762 | [FULL    ] | INFO | full_experiments_using.model_trainers.mobile_vit_trainer | Device: cuda | max_epochs=500 | batch=32 | eval_batch=256 | es_patience=30
2026-08-03 19:32:14,783 | [FULL    ] | INFO | full_experiments_using.model_trainers.mobile_vit_trainer | CE weights — HC: 1.100  MCI: 0.916
2026-08-03 19:32:54,790 | [FULL    ] | INFO | full_experiments_using.model_trainers.mobile_vit_trainer | Ep [001/500] T-Acc:  48.8%  V-Acc:  47.2%  V-AUROC: 0.4800  LR: 2.00e-04
2026-08-03 19:32:54,854 | [FULL    ] | INFO | full_experiments_using.model_trainers.mobile_vit_trainer |   ↳ new best AUROC; saved checkpoint: /home/oem/choihyunsu/VOGBasedMCIDetection/outputs/checkpoints/run_20260803_091255_full_wvote_artifact30_w0-5-10-10-0-10-20-20_strat_4err/fold_23_best.pth
2026-08-03 19:33:22,596 | [FULL    ] | INFO | full_experiments_using.model_trainers.mobile_vit_trainer | Ep [002/500] T-Acc:  49.2%  V-Acc:  48.0%  V-AUROC: 0.4933  LR: 4.00e-04
2026-08-03 19:33:22,728 | [FULL    ] | INFO | full_experiments_using.model_trainers.mobile_vit_trainer |   ↳ new best AUROC; saved checkpoint: /home/oem/choihyunsu/VOGBasedMCIDetection/outputs/checkpoints/run_20260803_091255_full_wvote_artifact30_w0-5-10-10-0-10-20-20_strat_4err/fold_23_best.pth
2026-08-03 19:33:50,992 | [FULL    ] | INFO | full_experiments_using.model_trainers.mobile_vit_trainer | Ep [003/500] T-Acc:  49.0%  V-Acc:  49.8%  V-AUROC: 0.5066  LR: 6.00e-04
2026-08-03 19:33:51,096 | [FULL    ] | INFO | full_experiments_using.model_trainers.mobile_vit_trainer |   ↳ new best AUROC; saved checkpoint: /home/oem/choihyunsu/VOGBasedMCIDetection/outputs/checkpoints/run_20260803_091255_full_wvote_artifact30_w0-5-10-10-0-10-20-20_strat_4err/fold_23_best.pth
2026-08-03 19:34:19,152 | [FULL    ] | INFO | full_experiments_using.model_trainers.mobile_vit_trainer | Ep [004/500] T-Acc:  50.1%  V-Acc:  51.6%  V-AUROC: 0.5276  LR: 8.00e-04
2026-08-03 19:34:19,337 | [FULL    ] | INFO | full_experiments_using.model_trainers.mobile_vit_trainer |   ↳ new best AUROC; saved checkpoint: /home/oem/choihyunsu/VOGBasedMCIDetection/outputs/checkpoints/run_20260803_091255_full_wvote_artifact30_w0-5-10-10-0-10-20-20_strat_4err/fold_23_best.pth
2026-08-03 19:34:47,406 | [FULL    ] | INFO | full_experiments_using.model_trainers.mobile_vit_trainer | Ep [005/500] T-Acc:  50.4%  V-Acc:  54.3%  V-AUROC: 0.5467  LR: 1.00e-03
2026-08-03 19:34:47,543 | [FULL    ] | INFO | full_experiments_using.model_trainers.mobile_vit_trainer |   ↳ new best AUROC; saved checkpoint: /home/oem/choihyunsu/VOGBasedMCIDetection/outputs/checkpoints/run_20260803_091255_full_wvote_artifact30_w0-5-10-10-0-10-20-20_strat_4err/fold_23_best.pth
2026-08-03 19:35:15,474 | [FULL    ] | INFO | full_experiments_using.model_trainers.mobile_vit_trainer | Ep [006/500] T-Acc:  52.6%  V-Acc:  54.3%  V-AUROC: 0.5541  LR: 1.00e-03
2026-08-03 19:35:15,663 | [FULL    ] | INFO | full_experiments_using.model_trainers.mobile_vit_trainer |   ↳ new best AUROC; saved checkpoint: /home/oem/choihyunsu/VOGBasedMCIDetection/outputs/checkpoints/run_20260803_091255_full_wvote_artifact30_w0-5-10-10-0-10-20-20_strat_4err/fold_23_best.pth
2026-08-03 19:35:43,749 | [FULL    ] | INFO | full_experiments_using.model_trainers.mobile_vit_trainer | Ep [007/500] T-Acc:  51.3%  V-Acc:  54.7%  V-AUROC: 0.5616  LR: 1.00e-03
2026-08-03 19:35:43,873 | [FULL    ] | INFO | full_experiments_using.model_trainers.mobile_vit_trainer |   ↳ new best AUROC; saved checkpoint: /home/oem/choihyunsu/VOGBasedMCIDetection/outputs/checkpoints/run_20260803_091255_full_wvote_artifact30_w0-5-10-10-0-10-20-20_strat_4err/fold_23_best.pth
2026-08-03 19:36:11,890 | [FULL    ] | INFO | full_experiments_using.model_trainers.mobile_vit_trainer | Ep [008/500] T-Acc:  53.6%  V-Acc:  55.3%  V-AUROC: 0.5786  LR: 1.00e-03
2026-08-03 19:36:11,994 | [FULL    ] | INFO | full_experiments_using.model_trainers.mobile_vit_trainer |   ↳ new best AUROC; saved checkpoint: /home/oem/choihyunsu/VOGBasedMCIDetection/outputs/checkpoints/run_20260803_091255_full_wvote_artifact30_w0-5-10-10-0-10-20-20_strat_4err/fold_23_best.pth
2026-08-03 19:36:38,356 | [FULL    ] | INFO | full_experiments_using.model_trainers.mobile_vit_trainer | Ep [009/500] T-Acc:  53.6%  V-Acc:  55.3%  V-AUROC: 0.5791  LR: 1.00e-03
2026-08-03 19:36:38,473 | [FULL    ] | INFO | full_experiments_using.model_trainers.mobile_vit_trainer |   ↳ new best AUROC; saved checkpoint: /home/oem/choihyunsu/VOGBasedMCIDetection/outputs/checkpoints/run_20260803_091255_full_wvote_artifact30_w0-5-10-10-0-10-20-20_strat_4err/fold_23_best.pth
2026-08-03 19:37:04,215 | [FULL    ] | INFO | full_experiments_using.model_trainers.mobile_vit_trainer | Ep [010/500] T-Acc:  54.1%  V-Acc:  55.7%  V-AUROC: 0.5836  LR: 1.00e-03
2026-08-03 19:37:04,345 | [FULL    ] | INFO | full_experiments_using.model_trainers.mobile_vit_trainer |   ↳ new best AUROC; saved checkpoint: /home/oem/choihyunsu/VOGBasedMCIDetection/outputs/checkpoints/run_20260803_091255_full_wvote_artifact30_w0-5-10-10-0-10-20-20_strat_4err/fold_23_best.pth
2026-08-03 19:37:32,140 | [FULL    ] | INFO | full_experiments_using.model_trainers.mobile_vit_trainer | Ep [011/500] T-Acc:  54.0%  V-Acc:  56.0%  V-AUROC: 0.5889  LR: 1.00e-03
2026-08-03 19:37:32,300 | [FULL    ] | INFO | full_experiments_using.model_trainers.mobile_vit_trainer |   ↳ new best AUROC; saved checkpoint: /home/oem/choihyunsu/VOGBasedMCIDetection/outputs/checkpoints/run_20260803_091255_full_wvote_artifact30_w0-5-10-10-0-10-20-20_strat_4err/fold_23_best.pth
2026-08-03 19:38:00,252 | [FULL    ] | INFO | full_experiments_using.model_trainers.mobile_vit_trainer | Ep [012/500] T-Acc:  54.4%  V-Acc:  55.5%  V-AUROC: 0.5890  LR: 1.00e-03
2026-08-03 19:38:00,387 | [FULL    ] | INFO | full_experiments_using.model_trainers.mobile_vit_trainer |   ↳ new best AUROC; saved checkpoint: /home/oem/choihyunsu/VOGBasedMCIDetection/outputs/checkpoints/run_20260803_091255_full_wvote_artifact30_w0-5-10-10-0-10-20-20_strat_4err/fold_23_best.pth
2026-08-03 19:38:28,311 | [FULL    ] | INFO | full_experiments_using.model_trainers.mobile_vit_trainer | Ep [013/500] T-Acc:  53.7%  V-Acc:  56.9%  V-AUROC: 0.5874  LR: 1.00e-03
2026-08-03 19:38:56,310 | [FULL    ] | INFO | full_experiments_using.model_trainers.mobile_vit_trainer | Ep [014/500] T-Acc:  55.1%  V-Acc:  56.4%  V-AUROC: 0.5921  LR: 1.00e-03
2026-08-03 19:38:56,425 | [FULL    ] | INFO | full_experiments_using.model_trainers.mobile_vit_trainer |   ↳ new best AUROC; saved checkpoint: /home/oem/choihyunsu/VOGBasedMCIDetection/outputs/checkpoints/run_20260803_091255_full_wvote_artifact30_w0-5-10-10-0-10-20-20_strat_4err/fold_23_best.pth
2026-08-03 19:39:24,515 | [FULL    ] | INFO | full_experiments_using.model_trainers.mobile_vit_trainer | Ep [015/500] T-Acc:  55.2%  V-Acc:  56.0%  V-AUROC: 0.5988  LR: 1.00e-03
2026-08-03 19:39:24,705 | [FULL    ] | INFO | full_experiments_using.model_trainers.mobile_vit_trainer |   ↳ new best AUROC; saved checkpoint: /home/oem/choihyunsu/VOGBasedMCIDetection/outputs/checkpoints/run_20260803_091255_full_wvote_artifact30_w0-5-10-10-0-10-20-20_strat_4err/fold_23_best.pth
2026-08-03 19:39:52,628 | [FULL    ] | INFO | full_experiments_using.model_trainers.mobile_vit_trainer | Ep [016/500] T-Acc:  56.0%  V-Acc:  56.1%  V-AUROC: 0.5904  LR: 1.00e-03
2026-08-03 19:40:20,551 | [FULL    ] | INFO | full_experiments_using.model_trainers.mobile_vit_trainer | Ep [017/500] T-Acc:  55.8%  V-Acc:  55.6%  V-AUROC: 0.5819  LR: 1.00e-03
2026-08-03 19:40:48,458 | [FULL    ] | INFO | full_experiments_using.model_trainers.mobile_vit_trainer | Ep [018/500] T-Acc:  57.6%  V-Acc:  56.9%  V-AUROC: 0.5938  LR: 1.00e-03
2026-08-03 19:41:16,513 | [FULL    ] | INFO | full_experiments_using.model_trainers.mobile_vit_trainer | Ep [019/500] T-Acc:  56.3%  V-Acc:  55.8%  V-AUROC: 0.5880  LR: 1.00e-03
2026-08-03 19:41:44,471 | [FULL    ] | INFO | full_experiments_using.model_trainers.mobile_vit_trainer | Ep [020/500] T-Acc:  57.0%  V-Acc:  55.7%  V-AUROC: 0.5993  LR: 1.00e-03
2026-08-03 19:41:44,593 | [FULL    ] | INFO | full_experiments_using.model_trainers.mobile_vit_trainer |   ↳ new best AUROC; saved checkpoint: /home/oem/choihyunsu/VOGBasedMCIDetection/outputs/checkpoints/run_20260803_091255_full_wvote_artifact30_w0-5-10-10-0-10-20-20_strat_4err/fold_23_best.pth
2026-08-03 19:42:12,846 | [FULL    ] | INFO | full_experiments_using.model_trainers.mobile_vit_trainer | Ep [021/500] T-Acc:  56.8%  V-Acc:  56.1%  V-AUROC: 0.5952  LR: 1.00e-03
2026-08-03 19:42:40,920 | [FULL    ] | INFO | full_experiments_using.model_trainers.mobile_vit_trainer | Ep [022/500] T-Acc:  56.4%  V-Acc:  54.6%  V-AUROC: 0.5953  LR: 1.00e-03
2026-08-03 19:43:08,826 | [FULL    ] | INFO | full_experiments_using.model_trainers.mobile_vit_trainer | Ep [023/500] T-Acc:  57.2%  V-Acc:  56.5%  V-AUROC: 0.6019  LR: 1.00e-03
2026-08-03 19:43:08,986 | [FULL    ] | INFO | full_experiments_using.model_trainers.mobile_vit_trainer |   ↳ new best AUROC; saved checkpoint: /home/oem/choihyunsu/VOGBasedMCIDetection/outputs/checkpoints/run_20260803_091255_full_wvote_artifact30_w0-5-10-10-0-10-20-20_strat_4err/fold_23_best.pth
2026-08-03 19:43:37,065 | [FULL    ] | INFO | full_experiments_using.model_trainers.mobile_vit_trainer | Ep [024/500] T-Acc:  57.4%  V-Acc:  56.5%  V-AUROC: 0.6012  LR: 1.00e-03
2026-08-03 19:44:01,561 | [FULL    ] | INFO | full_experiments_using.model_trainers.mobile_vit_trainer | Ep [025/500] T-Acc:  57.2%  V-Acc:  57.6%  V-AUROC: 0.6099  LR: 1.00e-03
2026-08-03 19:44:01,716 | [FULL    ] | INFO | full_experiments_using.model_trainers.mobile_vit_trainer |   ↳ new best AUROC; saved checkpoint: /home/oem/choihyunsu/VOGBasedMCIDetection/outputs/checkpoints/run_20260803_091255_full_wvote_artifact30_w0-5-10-10-0-10-20-20_strat_4err/fold_23_best.pth
2026-08-03 19:44:27,629 | [FULL    ] | INFO | full_experiments_using.model_trainers.mobile_vit_trainer | Ep [026/500] T-Acc:  57.6%  V-Acc:  56.2%  V-AUROC: 0.6074  LR: 1.00e-03
2026-08-03 19:44:54,280 | [FULL    ] | INFO | full_experiments_using.model_trainers.mobile_vit_trainer | Ep [027/500] T-Acc:  56.5%  V-Acc:  58.6%  V-AUROC: 0.6123  LR: 1.00e-03
2026-08-03 19:44:54,464 | [FULL    ] | INFO | full_experiments_using.model_trainers.mobile_vit_trainer |   ↳ new best AUROC; saved checkpoint: /home/oem/choihyunsu/VOGBasedMCIDetection/outputs/checkpoints/run_20260803_091255_full_wvote_artifact30_w0-5-10-10-0-10-20-20_strat_4err/fold_23_best.pth
2026-08-03 19:45:22,475 | [FULL    ] | INFO | full_experiments_using.model_trainers.mobile_vit_trainer | Ep [028/500] T-Acc:  57.4%  V-Acc:  58.2%  V-AUROC: 0.6129  LR: 1.00e-03
2026-08-03 19:45:22,663 | [FULL    ] | INFO | full_experiments_using.model_trainers.mobile_vit_trainer |   ↳ new best AUROC; saved checkpoint: /home/oem/choihyunsu/VOGBasedMCIDetection/outputs/checkpoints/run_20260803_091255_full_wvote_artifact30_w0-5-10-10-0-10-20-20_strat_4err/fold_23_best.pth
2026-08-03 19:45:50,677 | [FULL    ] | INFO | full_experiments_using.model_trainers.mobile_vit_trainer | Ep [029/500] T-Acc:  58.6%  V-Acc:  58.6%  V-AUROC: 0.6175  LR: 1.00e-03
2026-08-03 19:45:50,805 | [FULL    ] | INFO | full_experiments_using.model_trainers.mobile_vit_trainer |   ↳ new best AUROC; saved checkpoint: /home/oem/choihyunsu/VOGBasedMCIDetection/outputs/checkpoints/run_20260803_091255_full_wvote_artifact30_w0-5-10-10-0-10-20-20_strat_4err/fold_23_best.pth
2026-08-03 19:46:18,532 | [FULL    ] | INFO | full_experiments_using.model_trainers.mobile_vit_trainer | Ep [030/500] T-Acc:  57.2%  V-Acc:  58.6%  V-AUROC: 0.6177  LR: 1.00e-03
2026-08-03 19:46:18,654 | [FULL    ] | INFO | full_experiments_using.model_trainers.mobile_vit_trainer |   ↳ new best AUROC; saved checkpoint: /home/oem/choihyunsu/VOGBasedMCIDetection/outputs/checkpoints/run_20260803_091255_full_wvote_artifact30_w0-5-10-10-0-10-20-20_strat_4err/fold_23_best.pth
2026-08-03 19:46:46,532 | [FULL    ] | INFO | full_experiments_using.model_trainers.mobile_vit_trainer | Ep [031/500] T-Acc:  57.7%  V-Acc:  58.2%  V-AUROC: 0.6187  LR: 1.00e-03
2026-08-03 19:46:46,664 | [FULL    ] | INFO | full_experiments_using.model_trainers.mobile_vit_trainer |   ↳ new best AUROC; saved checkpoint: /home/oem/choihyunsu/VOGBasedMCIDetection/outputs/checkpoints/run_20260803_091255_full_wvote_artifact30_w0-5-10-10-0-10-20-20_strat_4err/fold_23_best.pth
2026-08-03 19:47:14,552 | [FULL    ] | INFO | full_experiments_using.model_trainers.mobile_vit_trainer | Ep [032/500] T-Acc:  58.1%  V-Acc:  59.7%  V-AUROC: 0.6241  LR: 1.00e-03
2026-08-03 19:47:14,687 | [FULL    ] | INFO | full_experiments_using.model_trainers.mobile_vit_trainer |   ↳ new best AUROC; saved checkpoint: /home/oem/choihyunsu/VOGBasedMCIDetection/outputs/checkpoints/run_20260803_091255_full_wvote_artifact30_w0-5-10-10-0-10-20-20_strat_4err/fold_23_best.pth
2026-08-03 19:47:42,529 | [FULL    ] | INFO | full_experiments_using.model_trainers.mobile_vit_trainer | Ep [033/500] T-Acc:  59.3%  V-Acc:  59.7%  V-AUROC: 0.6169  LR: 1.00e-03
2026-08-03 19:48:10,419 | [FULL    ] | INFO | full_experiments_using.model_trainers.mobile_vit_trainer | Ep [034/500] T-Acc:  57.4%  V-Acc:  58.6%  V-AUROC: 0.6205  LR: 1.00e-03
2026-08-03 19:48:38,480 | [FULL    ] | INFO | full_experiments_using.model_trainers.mobile_vit_trainer | Ep [035/500] T-Acc:  58.0%  V-Acc:  59.1%  V-AUROC: 0.6135  LR: 1.00e-03
2026-08-03 19:49:06,240 | [FULL    ] | INFO | full_experiments_using.model_trainers.mobile_vit_trainer | Ep [036/500] T-Acc:  58.2%  V-Acc:  57.5%  V-AUROC: 0.6141  LR: 1.00e-03
2026-08-03 19:49:34,162 | [FULL    ] | INFO | full_experiments_using.model_trainers.mobile_vit_trainer | Ep [037/500] T-Acc:  59.2%  V-Acc:  58.7%  V-AUROC: 0.6148  LR: 1.00e-03
2026-08-03 19:50:02,158 | [FULL    ] | INFO | full_experiments_using.model_trainers.mobile_vit_trainer | Ep [038/500] T-Acc:  59.1%  V-Acc:  58.6%  V-AUROC: 0.6137  LR: 1.00e-03
2026-08-03 19:50:30,142 | [FULL    ] | INFO | full_experiments_using.model_trainers.mobile_vit_trainer | Ep [039/500] T-Acc:  59.6%  V-Acc:  58.1%  V-AUROC: 0.6176  LR: 1.00e-03
2026-08-03 19:50:58,087 | [FULL    ] | INFO | full_experiments_using.model_trainers.mobile_vit_trainer | Ep [040/500] T-Acc:  58.2%  V-Acc:  58.4%  V-AUROC: 0.6129  LR: 1.00e-03
2026-08-03 19:51:26,300 | [FULL    ] | INFO | full_experiments_using.model_trainers.mobile_vit_trainer | Ep [041/500] T-Acc:  59.7%  V-Acc:  58.9%  V-AUROC: 0.6127  LR: 1.00e-03
2026-08-03 19:51:54,293 | [FULL    ] | INFO | full_experiments_using.model_trainers.mobile_vit_trainer | Ep [042/500] T-Acc:  58.5%  V-Acc:  58.8%  V-AUROC: 0.6175  LR: 1.00e-03
2026-08-03 19:52:22,434 | [FULL    ] | INFO | full_experiments_using.model_trainers.mobile_vit_trainer | Ep [043/500] T-Acc:  58.2%  V-Acc:  59.4%  V-AUROC: 0.6188  LR: 1.00e-03
2026-08-03 19:52:50,205 | [FULL    ] | INFO | full_experiments_using.model_trainers.mobile_vit_trainer | Ep [044/500] T-Acc:  59.0%  V-Acc:  59.4%  V-AUROC: 0.6166  LR: 2.00e-04
2026-08-03 19:53:18,091 | [FULL    ] | INFO | full_experiments_using.model_trainers.mobile_vit_trainer | Ep [045/500] T-Acc:  59.6%  V-Acc:  58.5%  V-AUROC: 0.6164  LR: 2.00e-04
2026-08-03 19:53:46,088 | [FULL    ] | INFO | full_experiments_using.model_trainers.mobile_vit_trainer | Ep [046/500] T-Acc:  61.2%  V-Acc:  59.4%  V-AUROC: 0.6178  LR: 2.00e-04
2026-08-03 19:54:14,033 | [FULL    ] | INFO | full_experiments_using.model_trainers.mobile_vit_trainer | Ep [047/500] T-Acc:  60.5%  V-Acc:  59.1%  V-AUROC: 0.6167  LR: 2.00e-04
2026-08-03 19:54:41,950 | [FULL    ] | INFO | full_experiments_using.model_trainers.mobile_vit_trainer | Ep [048/500] T-Acc:  60.2%  V-Acc:  59.2%  V-AUROC: 0.6148  LR: 2.00e-04
2026-08-03 19:55:09,994 | [FULL    ] | INFO | full_experiments_using.model_trainers.mobile_vit_trainer | Ep [049/500] T-Acc:  59.7%  V-Acc:  59.7%  V-AUROC: 0.6168  LR: 2.00e-04
2026-08-03 19:55:38,215 | [FULL    ] | INFO | full_experiments_using.model_trainers.mobile_vit_trainer | Ep [050/500] T-Acc:  60.1%  V-Acc:  59.1%  V-AUROC: 0.6173  LR: 2.00e-04
2026-08-03 19:56:06,203 | [FULL    ] | INFO | full_experiments_using.model_trainers.mobile_vit_trainer | Ep [051/500] T-Acc:  60.1%  V-Acc:  59.5%  V-AUROC: 0.6171  LR: 2.00e-04
2026-08-03 19:56:34,266 | [FULL    ] | INFO | full_experiments_using.model_trainers.mobile_vit_trainer | Ep [052/500] T-Acc:  59.2%  V-Acc:  59.8%  V-AUROC: 0.6167  LR: 2.00e-04
2026-08-03 19:57:02,235 | [FULL    ] | INFO | full_experiments_using.model_trainers.mobile_vit_trainer | Ep [053/500] T-Acc:  59.6%  V-Acc:  59.3%  V-AUROC: 0.6168  LR: 2.00e-04
2026-08-03 19:57:30,197 | [FULL    ] | INFO | full_experiments_using.model_trainers.mobile_vit_trainer | Ep [054/500] T-Acc:  59.9%  V-Acc:  59.4%  V-AUROC: 0.6174  LR: 2.00e-04
2026-08-03 19:57:58,120 | [FULL    ] | INFO | full_experiments_using.model_trainers.mobile_vit_trainer | Ep [055/500] T-Acc:  60.7%  V-Acc:  59.0%  V-AUROC: 0.6173  LR: 4.00e-05
2026-08-03 19:58:26,307 | [FULL    ] | INFO | full_experiments_using.model_trainers.mobile_vit_trainer | Ep [056/500] T-Acc:  60.1%  V-Acc:  58.4%  V-AUROC: 0.6153  LR: 4.00e-05
2026-08-03 19:58:54,268 | [FULL    ] | INFO | full_experiments_using.model_trainers.mobile_vit_trainer | Ep [057/500] T-Acc:  59.8%  V-Acc:  59.0%  V-AUROC: 0.6169  LR: 4.00e-05
2026-08-03 19:59:22,125 | [FULL    ] | INFO | full_experiments_using.model_trainers.mobile_vit_trainer | Ep [058/500] T-Acc:  60.5%  V-Acc:  59.4%  V-AUROC: 0.6177  LR: 4.00e-05
2026-08-03 19:59:50,016 | [FULL    ] | INFO | full_experiments_using.model_trainers.mobile_vit_trainer | Ep [059/500] T-Acc:  62.0%  V-Acc:  59.5%  V-AUROC: 0.6158  LR: 4.00e-05
2026-08-03 20:00:18,198 | [FULL    ] | INFO | full_experiments_using.model_trainers.mobile_vit_trainer | Ep [060/500] T-Acc:  61.0%  V-Acc:  58.7%  V-AUROC: 0.6162  LR: 4.00e-05
2026-08-03 20:00:46,110 | [FULL    ] | INFO | full_experiments_using.model_trainers.mobile_vit_trainer | Ep [061/500] T-Acc:  61.3%  V-Acc:  59.3%  V-AUROC: 0.6181  LR: 4.00e-05
2026-08-03 20:01:12,400 | [FULL    ] | INFO | full_experiments_using.model_trainers.mobile_vit_trainer | Ep [062/500] T-Acc:  60.3%  V-Acc:  58.9%  V-AUROC: 0.6150  LR: 4.00e-05
2026-08-03 20:01:12,400 | [FULL    ] | INFO | full_experiments_using.model_trainers.mobile_vit_trainer | Early stop — best AUROC 0.6241 at epoch 32 (no improvement for 30 epochs)
2026-08-03 20:01:12,400 | [FULL    ] | INFO | full_experiments_using.model_trainers.mobile_vit_trainer | Done. Best AUROC: 0.6241 (epoch 32) → /home/oem/choihyunsu/VOGBasedMCIDetection/outputs/checkpoints/run_20260803_091255_full_wvote_artifact30_w0-5-10-10-0-10-20-20_strat_4err/fold_23_best.pth
2026-08-03 20:01:21,812 | [FULL    ] | INFO | full_experiments_using.evaluators.monte_carlo_evaluator | -> Fold 24 Result | Acc=0.909 Sens=0.857 Spec=1.000 AUROC=1.000
2026-08-03 20:01:21,819 | [FULL    ] | INFO | full_experiments_using.evaluators.monte_carlo_evaluator | === Fold 25/30 | train: 25 subj (HC=10 MCI=15) / 3816 win | test: 12 subj (HC=4 MCI=8) / 1899 win ===
2026-08-03 20:01:22,033 | [FULL    ] | INFO | httpx | HTTP Request: HEAD https://huggingface.co/apple/mobilevit-small/resolve/main/config.json "HTTP/1.1 307 Temporary Redirect"
2026-08-03 20:01:22,046 | [FULL    ] | INFO | httpx | HTTP Request: HEAD https://huggingface.co/api/resolve-cache/models/apple/mobilevit-small/6c8612545dc98676d27bc518fa521d9e9af23e34/config.json "HTTP/1.1 200 OK"
2026-08-03 20:01:22,322 | [FULL    ] | INFO | httpx | HTTP Request: HEAD https://huggingface.co/apple/mobilevit-small/resolve/main/model.safetensors "HTTP/1.1 404 Not Found"
2026-08-03 20:01:22,531 | [FULL    ] | INFO | httpx | HTTP Request: HEAD https://huggingface.co/apple/mobilevit-small/resolve/main/model.safetensors.index.json "HTTP/1.1 404 Not Found"
2026-08-03 20:01:22,744 | [FULL    ] | INFO | httpx | HTTP Request: HEAD https://huggingface.co/apple/mobilevit-small/resolve/main/pytorch_model.bin "HTTP/1.1 302 Found"
2026-08-03 20:01:22,946 | [FULL    ] | INFO | httpx | HTTP Request: HEAD https://huggingface.co/apple/mobilevit-small/resolve/main/model.safetensors "HTTP/1.1 404 Not Found"
2026-08-03 20:01:23,154 | [FULL    ] | INFO | httpx | HTTP Request: GET https://huggingface.co/api/models/apple/mobilevit-small "HTTP/1.1 200 OK"
2026-08-03 20:01:23,399 | [FULL    ] | INFO | httpx | HTTP Request: GET https://huggingface.co/api/models/apple/mobilevit-small/commits/main "HTTP/1.1 200 OK"
2026-08-03 20:01:23,650 | [FULL    ] | INFO | httpx | HTTP Request: GET https://huggingface.co/api/models/apple/mobilevit-small/discussions?p=0 "HTTP/1.1 200 OK"
2026-08-03 20:01:23,878 | [FULL    ] | INFO | httpx | HTTP Request: GET https://huggingface.co/api/models/apple/mobilevit-small/commits/refs%2Fpr%2F6 "HTTP/1.1 200 OK"
2026-08-03 20:01:24,081 | [FULL    ] | INFO | httpx | HTTP Request: HEAD https://huggingface.co/apple/mobilevit-small/resolve/refs%2Fpr%2F6/model.safetensors.index.json "HTTP/1.1 404 Not Found"
2026-08-03 20:01:24,291 | [FULL    ] | INFO | httpx | HTTP Request: HEAD https://huggingface.co/apple/mobilevit-small/resolve/refs%2Fpr%2F6/model.safetensors "HTTP/1.1 302 Found"
2026-08-03 20:01:25,137 | [FULL    ] | INFO | full_experiments_using.model_trainers.mobile_vit_trainer | Device: cuda | max_epochs=500 | batch=32 | eval_batch=256 | es_patience=30
2026-08-03 20:01:25,147 | [FULL    ] | INFO | full_experiments_using.model_trainers.mobile_vit_trainer | CE weights — HC: 1.107  MCI: 0.912
2026-08-03 20:02:04,391 | [FULL    ] | INFO | full_experiments_using.model_trainers.mobile_vit_trainer | Ep [001/500] T-Acc:  51.7%  V-Acc:  51.4%  V-AUROC: 0.5345  LR: 2.00e-04
2026-08-03 20:02:04,486 | [FULL    ] | INFO | full_experiments_using.model_trainers.mobile_vit_trainer |   ↳ new best AUROC; saved checkpoint: /home/oem/choihyunsu/VOGBasedMCIDetection/outputs/checkpoints/run_20260803_091255_full_wvote_artifact30_w0-5-10-10-0-10-20-20_strat_4err/fold_24_best.pth
2026-08-03 20:02:32,298 | [FULL    ] | INFO | full_experiments_using.model_trainers.mobile_vit_trainer | Ep [002/500] T-Acc:  52.3%  V-Acc:  50.9%  V-AUROC: 0.5320  LR: 4.00e-04
2026-08-03 20:03:00,130 | [FULL    ] | INFO | full_experiments_using.model_trainers.mobile_vit_trainer | Ep [003/500] T-Acc:  52.2%  V-Acc:  52.1%  V-AUROC: 0.5403  LR: 6.00e-04
2026-08-03 20:03:00,314 | [FULL    ] | INFO | full_experiments_using.model_trainers.mobile_vit_trainer |   ↳ new best AUROC; saved checkpoint: /home/oem/choihyunsu/VOGBasedMCIDetection/outputs/checkpoints/run_20260803_091255_full_wvote_artifact30_w0-5-10-10-0-10-20-20_strat_4err/fold_24_best.pth
2026-08-03 20:03:28,495 | [FULL    ] | INFO | full_experiments_using.model_trainers.mobile_vit_trainer | Ep [004/500] T-Acc:  53.6%  V-Acc:  52.6%  V-AUROC: 0.5373  LR: 8.00e-04
2026-08-03 20:03:56,577 | [FULL    ] | INFO | full_experiments_using.model_trainers.mobile_vit_trainer | Ep [005/500] T-Acc:  53.3%  V-Acc:  53.6%  V-AUROC: 0.5525  LR: 1.00e-03
2026-08-03 20:03:56,695 | [FULL    ] | INFO | full_experiments_using.model_trainers.mobile_vit_trainer |   ↳ new best AUROC; saved checkpoint: /home/oem/choihyunsu/VOGBasedMCIDetection/outputs/checkpoints/run_20260803_091255_full_wvote_artifact30_w0-5-10-10-0-10-20-20_strat_4err/fold_24_best.pth
2026-08-03 20:04:24,675 | [FULL    ] | INFO | full_experiments_using.model_trainers.mobile_vit_trainer | Ep [006/500] T-Acc:  54.4%  V-Acc:  53.8%  V-AUROC: 0.5558  LR: 1.00e-03
2026-08-03 20:04:24,844 | [FULL    ] | INFO | full_experiments_using.model_trainers.mobile_vit_trainer |   ↳ new best AUROC; saved checkpoint: /home/oem/choihyunsu/VOGBasedMCIDetection/outputs/checkpoints/run_20260803_091255_full_wvote_artifact30_w0-5-10-10-0-10-20-20_strat_4err/fold_24_best.pth
2026-08-03 20:04:52,770 | [FULL    ] | INFO | full_experiments_using.model_trainers.mobile_vit_trainer | Ep [007/500] T-Acc:  55.6%  V-Acc:  52.9%  V-AUROC: 0.5550  LR: 1.00e-03
2026-08-03 20:05:20,795 | [FULL    ] | INFO | full_experiments_using.model_trainers.mobile_vit_trainer | Ep [008/500] T-Acc:  56.1%  V-Acc:  54.1%  V-AUROC: 0.5626  LR: 1.00e-03
2026-08-03 20:05:20,940 | [FULL    ] | INFO | full_experiments_using.model_trainers.mobile_vit_trainer |   ↳ new best AUROC; saved checkpoint: /home/oem/choihyunsu/VOGBasedMCIDetection/outputs/checkpoints/run_20260803_091255_full_wvote_artifact30_w0-5-10-10-0-10-20-20_strat_4err/fold_24_best.pth
2026-08-03 20:05:48,946 | [FULL    ] | INFO | full_experiments_using.model_trainers.mobile_vit_trainer | Ep [009/500] T-Acc:  56.6%  V-Acc:  53.4%  V-AUROC: 0.5658  LR: 1.00e-03
2026-08-03 20:05:49,195 | [FULL    ] | INFO | full_experiments_using.model_trainers.mobile_vit_trainer |   ↳ new best AUROC; saved checkpoint: /home/oem/choihyunsu/VOGBasedMCIDetection/outputs/checkpoints/run_20260803_091255_full_wvote_artifact30_w0-5-10-10-0-10-20-20_strat_4err/fold_24_best.pth
2026-08-03 20:06:17,200 | [FULL    ] | INFO | full_experiments_using.model_trainers.mobile_vit_trainer | Ep [010/500] T-Acc:  57.1%  V-Acc:  54.5%  V-AUROC: 0.5706  LR: 1.00e-03
2026-08-03 20:06:17,332 | [FULL    ] | INFO | full_experiments_using.model_trainers.mobile_vit_trainer |   ↳ new best AUROC; saved checkpoint: /home/oem/choihyunsu/VOGBasedMCIDetection/outputs/checkpoints/run_20260803_091255_full_wvote_artifact30_w0-5-10-10-0-10-20-20_strat_4err/fold_24_best.pth
2026-08-03 20:06:45,377 | [FULL    ] | INFO | full_experiments_using.model_trainers.mobile_vit_trainer | Ep [011/500] T-Acc:  58.6%  V-Acc:  53.9%  V-AUROC: 0.5641  LR: 1.00e-03
2026-08-03 20:07:13,424 | [FULL    ] | INFO | full_experiments_using.model_trainers.mobile_vit_trainer | Ep [012/500] T-Acc:  58.1%  V-Acc:  54.2%  V-AUROC: 0.5712  LR: 1.00e-03
2026-08-03 20:07:13,541 | [FULL    ] | INFO | full_experiments_using.model_trainers.mobile_vit_trainer |   ↳ new best AUROC; saved checkpoint: /home/oem/choihyunsu/VOGBasedMCIDetection/outputs/checkpoints/run_20260803_091255_full_wvote_artifact30_w0-5-10-10-0-10-20-20_strat_4err/fold_24_best.pth
2026-08-03 20:07:41,506 | [FULL    ] | INFO | full_experiments_using.model_trainers.mobile_vit_trainer | Ep [013/500] T-Acc:  59.3%  V-Acc:  53.7%  V-AUROC: 0.5709  LR: 1.00e-03
2026-08-03 20:08:09,707 | [FULL    ] | INFO | full_experiments_using.model_trainers.mobile_vit_trainer | Ep [014/500] T-Acc:  58.9%  V-Acc:  53.9%  V-AUROC: 0.5730  LR: 1.00e-03
2026-08-03 20:08:09,825 | [FULL    ] | INFO | full_experiments_using.model_trainers.mobile_vit_trainer |   ↳ new best AUROC; saved checkpoint: /home/oem/choihyunsu/VOGBasedMCIDetection/outputs/checkpoints/run_20260803_091255_full_wvote_artifact30_w0-5-10-10-0-10-20-20_strat_4err/fold_24_best.pth
2026-08-03 20:08:37,775 | [FULL    ] | INFO | full_experiments_using.model_trainers.mobile_vit_trainer | Ep [015/500] T-Acc:  59.1%  V-Acc:  54.1%  V-AUROC: 0.5739  LR: 1.00e-03
2026-08-03 20:08:37,894 | [FULL    ] | INFO | full_experiments_using.model_trainers.mobile_vit_trainer |   ↳ new best AUROC; saved checkpoint: /home/oem/choihyunsu/VOGBasedMCIDetection/outputs/checkpoints/run_20260803_091255_full_wvote_artifact30_w0-5-10-10-0-10-20-20_strat_4err/fold_24_best.pth
2026-08-03 20:09:05,968 | [FULL    ] | INFO | full_experiments_using.model_trainers.mobile_vit_trainer | Ep [016/500] T-Acc:  60.6%  V-Acc:  54.4%  V-AUROC: 0.5701  LR: 1.00e-03
2026-08-03 20:09:34,229 | [FULL    ] | INFO | full_experiments_using.model_trainers.mobile_vit_trainer | Ep [017/500] T-Acc:  60.2%  V-Acc:  54.3%  V-AUROC: 0.5706  LR: 1.00e-03
2026-08-03 20:10:02,299 | [FULL    ] | INFO | full_experiments_using.model_trainers.mobile_vit_trainer | Ep [018/500] T-Acc:  59.9%  V-Acc:  54.3%  V-AUROC: 0.5693  LR: 1.00e-03
2026-08-03 20:10:30,487 | [FULL    ] | INFO | full_experiments_using.model_trainers.mobile_vit_trainer | Ep [019/500] T-Acc:  60.4%  V-Acc:  54.9%  V-AUROC: 0.5770  LR: 1.00e-03
2026-08-03 20:10:30,608 | [FULL    ] | INFO | full_experiments_using.model_trainers.mobile_vit_trainer |   ↳ new best AUROC; saved checkpoint: /home/oem/choihyunsu/VOGBasedMCIDetection/outputs/checkpoints/run_20260803_091255_full_wvote_artifact30_w0-5-10-10-0-10-20-20_strat_4err/fold_24_best.pth
2026-08-03 20:10:56,612 | [FULL    ] | INFO | full_experiments_using.model_trainers.mobile_vit_trainer | Ep [020/500] T-Acc:  60.7%  V-Acc:  55.2%  V-AUROC: 0.5814  LR: 1.00e-03
2026-08-03 20:10:56,732 | [FULL    ] | INFO | full_experiments_using.model_trainers.mobile_vit_trainer |   ↳ new best AUROC; saved checkpoint: /home/oem/choihyunsu/VOGBasedMCIDetection/outputs/checkpoints/run_20260803_091255_full_wvote_artifact30_w0-5-10-10-0-10-20-20_strat_4err/fold_24_best.pth
2026-08-03 20:11:22,971 | [FULL    ] | INFO | full_experiments_using.model_trainers.mobile_vit_trainer | Ep [021/500] T-Acc:  60.8%  V-Acc:  55.3%  V-AUROC: 0.5811  LR: 1.00e-03
2026-08-03 20:11:50,684 | [FULL    ] | INFO | full_experiments_using.model_trainers.mobile_vit_trainer | Ep [022/500] T-Acc:  60.1%  V-Acc:  54.6%  V-AUROC: 0.5818  LR: 1.00e-03
2026-08-03 20:11:50,828 | [FULL    ] | INFO | full_experiments_using.model_trainers.mobile_vit_trainer |   ↳ new best AUROC; saved checkpoint: /home/oem/choihyunsu/VOGBasedMCIDetection/outputs/checkpoints/run_20260803_091255_full_wvote_artifact30_w0-5-10-10-0-10-20-20_strat_4err/fold_24_best.pth
2026-08-03 20:12:18,954 | [FULL    ] | INFO | full_experiments_using.model_trainers.mobile_vit_trainer | Ep [023/500] T-Acc:  60.9%  V-Acc:  55.5%  V-AUROC: 0.5773  LR: 1.00e-03
2026-08-03 20:12:46,869 | [FULL    ] | INFO | full_experiments_using.model_trainers.mobile_vit_trainer | Ep [024/500] T-Acc:  61.8%  V-Acc:  53.9%  V-AUROC: 0.5821  LR: 1.00e-03
2026-08-03 20:12:47,059 | [FULL    ] | INFO | full_experiments_using.model_trainers.mobile_vit_trainer |   ↳ new best AUROC; saved checkpoint: /home/oem/choihyunsu/VOGBasedMCIDetection/outputs/checkpoints/run_20260803_091255_full_wvote_artifact30_w0-5-10-10-0-10-20-20_strat_4err/fold_24_best.pth
2026-08-03 20:13:15,156 | [FULL    ] | INFO | full_experiments_using.model_trainers.mobile_vit_trainer | Ep [025/500] T-Acc:  61.7%  V-Acc:  55.1%  V-AUROC: 0.5777  LR: 1.00e-03
2026-08-03 20:13:43,526 | [FULL    ] | INFO | full_experiments_using.model_trainers.mobile_vit_trainer | Ep [026/500] T-Acc:  61.2%  V-Acc:  55.2%  V-AUROC: 0.5804  LR: 1.00e-03
2026-08-03 20:14:11,304 | [FULL    ] | INFO | full_experiments_using.model_trainers.mobile_vit_trainer | Ep [027/500] T-Acc:  62.1%  V-Acc:  55.2%  V-AUROC: 0.5836  LR: 1.00e-03
2026-08-03 20:14:11,436 | [FULL    ] | INFO | full_experiments_using.model_trainers.mobile_vit_trainer |   ↳ new best AUROC; saved checkpoint: /home/oem/choihyunsu/VOGBasedMCIDetection/outputs/checkpoints/run_20260803_091255_full_wvote_artifact30_w0-5-10-10-0-10-20-20_strat_4err/fold_24_best.pth
2026-08-03 20:14:39,622 | [FULL    ] | INFO | full_experiments_using.model_trainers.mobile_vit_trainer | Ep [028/500] T-Acc:  61.3%  V-Acc:  55.9%  V-AUROC: 0.5784  LR: 1.00e-03
2026-08-03 20:15:07,760 | [FULL    ] | INFO | full_experiments_using.model_trainers.mobile_vit_trainer | Ep [029/500] T-Acc:  62.3%  V-Acc:  55.3%  V-AUROC: 0.5852  LR: 1.00e-03
2026-08-03 20:15:07,881 | [FULL    ] | INFO | full_experiments_using.model_trainers.mobile_vit_trainer |   ↳ new best AUROC; saved checkpoint: /home/oem/choihyunsu/VOGBasedMCIDetection/outputs/checkpoints/run_20260803_091255_full_wvote_artifact30_w0-5-10-10-0-10-20-20_strat_4err/fold_24_best.pth
2026-08-03 20:15:35,716 | [FULL    ] | INFO | full_experiments_using.model_trainers.mobile_vit_trainer | Ep [030/500] T-Acc:  61.8%  V-Acc:  54.3%  V-AUROC: 0.5830  LR: 1.00e-03
2026-08-03 20:16:03,572 | [FULL    ] | INFO | full_experiments_using.model_trainers.mobile_vit_trainer | Ep [031/500] T-Acc:  61.5%  V-Acc:  54.8%  V-AUROC: 0.5808  LR: 1.00e-03
2026-08-03 20:16:31,624 | [FULL    ] | INFO | full_experiments_using.model_trainers.mobile_vit_trainer | Ep [032/500] T-Acc:  62.3%  V-Acc:  55.1%  V-AUROC: 0.5876  LR: 1.00e-03
2026-08-03 20:16:31,844 | [FULL    ] | INFO | full_experiments_using.model_trainers.mobile_vit_trainer |   ↳ new best AUROC; saved checkpoint: /home/oem/choihyunsu/VOGBasedMCIDetection/outputs/checkpoints/run_20260803_091255_full_wvote_artifact30_w0-5-10-10-0-10-20-20_strat_4err/fold_24_best.pth
2026-08-03 20:16:59,919 | [FULL    ] | INFO | full_experiments_using.model_trainers.mobile_vit_trainer | Ep [033/500] T-Acc:  60.9%  V-Acc:  55.8%  V-AUROC: 0.5874  LR: 1.00e-03
2026-08-03 20:17:28,061 | [FULL    ] | INFO | full_experiments_using.model_trainers.mobile_vit_trainer | Ep [034/500] T-Acc:  62.7%  V-Acc:  55.7%  V-AUROC: 0.5871  LR: 1.00e-03
2026-08-03 20:17:56,476 | [FULL    ] | INFO | full_experiments_using.model_trainers.mobile_vit_trainer | Ep [035/500] T-Acc:  63.1%  V-Acc:  55.7%  V-AUROC: 0.5940  LR: 1.00e-03
2026-08-03 20:17:56,599 | [FULL    ] | INFO | full_experiments_using.model_trainers.mobile_vit_trainer |   ↳ new best AUROC; saved checkpoint: /home/oem/choihyunsu/VOGBasedMCIDetection/outputs/checkpoints/run_20260803_091255_full_wvote_artifact30_w0-5-10-10-0-10-20-20_strat_4err/fold_24_best.pth
2026-08-03 20:18:24,577 | [FULL    ] | INFO | full_experiments_using.model_trainers.mobile_vit_trainer | Ep [036/500] T-Acc:  61.2%  V-Acc:  55.5%  V-AUROC: 0.5914  LR: 1.00e-03
2026-08-03 20:18:52,817 | [FULL    ] | INFO | full_experiments_using.model_trainers.mobile_vit_trainer | Ep [037/500] T-Acc:  63.2%  V-Acc:  55.6%  V-AUROC: 0.5949  LR: 1.00e-03
2026-08-03 20:18:52,937 | [FULL    ] | INFO | full_experiments_using.model_trainers.mobile_vit_trainer |   ↳ new best AUROC; saved checkpoint: /home/oem/choihyunsu/VOGBasedMCIDetection/outputs/checkpoints/run_20260803_091255_full_wvote_artifact30_w0-5-10-10-0-10-20-20_strat_4err/fold_24_best.pth
2026-08-03 20:19:19,672 | [FULL    ] | INFO | full_experiments_using.model_trainers.mobile_vit_trainer | Ep [038/500] T-Acc:  62.6%  V-Acc:  55.7%  V-AUROC: 0.5909  LR: 1.00e-03
2026-08-03 20:19:44,997 | [FULL    ] | INFO | full_experiments_using.model_trainers.mobile_vit_trainer | Ep [039/500] T-Acc:  63.3%  V-Acc:  55.8%  V-AUROC: 0.5893  LR: 1.00e-03
2026-08-03 20:20:10,723 | [FULL    ] | INFO | full_experiments_using.model_trainers.mobile_vit_trainer | Ep [040/500] T-Acc:  63.3%  V-Acc:  55.3%  V-AUROC: 0.5939  LR: 1.00e-03
2026-08-03 20:20:38,650 | [FULL    ] | INFO | full_experiments_using.model_trainers.mobile_vit_trainer | Ep [041/500] T-Acc:  62.4%  V-Acc:  56.3%  V-AUROC: 0.5936  LR: 1.00e-03
2026-08-03 20:21:06,445 | [FULL    ] | INFO | full_experiments_using.model_trainers.mobile_vit_trainer | Ep [042/500] T-Acc:  62.0%  V-Acc:  56.2%  V-AUROC: 0.5925  LR: 1.00e-03
2026-08-03 20:21:34,557 | [FULL    ] | INFO | full_experiments_using.model_trainers.mobile_vit_trainer | Ep [043/500] T-Acc:  64.1%  V-Acc:  56.0%  V-AUROC: 0.5930  LR: 1.00e-03
2026-08-03 20:22:02,296 | [FULL    ] | INFO | full_experiments_using.model_trainers.mobile_vit_trainer | Ep [044/500] T-Acc:  63.7%  V-Acc:  55.2%  V-AUROC: 0.5878  LR: 1.00e-03
2026-08-03 20:22:30,467 | [FULL    ] | INFO | full_experiments_using.model_trainers.mobile_vit_trainer | Ep [045/500] T-Acc:  63.5%  V-Acc:  56.0%  V-AUROC: 0.5912  LR: 1.00e-03
2026-08-03 20:22:58,417 | [FULL    ] | INFO | full_experiments_using.model_trainers.mobile_vit_trainer | Ep [046/500] T-Acc:  63.6%  V-Acc:  56.1%  V-AUROC: 0.5913  LR: 1.00e-03
2026-08-03 20:23:26,377 | [FULL    ] | INFO | full_experiments_using.model_trainers.mobile_vit_trainer | Ep [047/500] T-Acc:  64.0%  V-Acc:  55.8%  V-AUROC: 0.5892  LR: 1.00e-03
2026-08-03 20:23:54,443 | [FULL    ] | INFO | full_experiments_using.model_trainers.mobile_vit_trainer | Ep [048/500] T-Acc:  62.8%  V-Acc:  56.3%  V-AUROC: 0.5895  LR: 1.00e-03
2026-08-03 20:24:22,314 | [FULL    ] | INFO | full_experiments_using.model_trainers.mobile_vit_trainer | Ep [049/500] T-Acc:  64.2%  V-Acc:  55.8%  V-AUROC: 0.5932  LR: 2.00e-04
2026-08-03 20:24:50,209 | [FULL    ] | INFO | full_experiments_using.model_trainers.mobile_vit_trainer | Ep [050/500] T-Acc:  63.7%  V-Acc:  56.1%  V-AUROC: 0.5944  LR: 2.00e-04
2026-08-03 20:25:18,515 | [FULL    ] | INFO | full_experiments_using.model_trainers.mobile_vit_trainer | Ep [051/500] T-Acc:  63.6%  V-Acc:  55.5%  V-AUROC: 0.5891  LR: 2.00e-04
2026-08-03 20:25:46,452 | [FULL    ] | INFO | full_experiments_using.model_trainers.mobile_vit_trainer | Ep [052/500] T-Acc:  63.3%  V-Acc:  55.7%  V-AUROC: 0.5933  LR: 2.00e-04
2026-08-03 20:26:14,778 | [FULL    ] | INFO | full_experiments_using.model_trainers.mobile_vit_trainer | Ep [053/500] T-Acc:  62.9%  V-Acc:  56.2%  V-AUROC: 0.5886  LR: 2.00e-04
2026-08-03 20:26:42,946 | [FULL    ] | INFO | full_experiments_using.model_trainers.mobile_vit_trainer | Ep [054/500] T-Acc:  63.8%  V-Acc:  54.3%  V-AUROC: 0.5900  LR: 2.00e-04
2026-08-03 20:27:11,283 | [FULL    ] | INFO | full_experiments_using.model_trainers.mobile_vit_trainer | Ep [055/500] T-Acc:  64.0%  V-Acc:  55.5%  V-AUROC: 0.5908  LR: 2.00e-04
2026-08-03 20:27:39,380 | [FULL    ] | INFO | full_experiments_using.model_trainers.mobile_vit_trainer | Ep [056/500] T-Acc:  63.4%  V-Acc:  56.0%  V-AUROC: 0.5912  LR: 2.00e-04
2026-08-03 20:28:07,292 | [FULL    ] | INFO | full_experiments_using.model_trainers.mobile_vit_trainer | Ep [057/500] T-Acc:  63.4%  V-Acc:  55.4%  V-AUROC: 0.5920  LR: 2.00e-04
2026-08-03 20:28:35,371 | [FULL    ] | INFO | full_experiments_using.model_trainers.mobile_vit_trainer | Ep [058/500] T-Acc:  63.6%  V-Acc:  55.5%  V-AUROC: 0.5908  LR: 2.00e-04
2026-08-03 20:29:03,385 | [FULL    ] | INFO | full_experiments_using.model_trainers.mobile_vit_trainer | Ep [059/500] T-Acc:  62.6%  V-Acc:  55.9%  V-AUROC: 0.5895  LR: 2.00e-04
2026-08-03 20:29:31,067 | [FULL    ] | INFO | full_experiments_using.model_trainers.mobile_vit_trainer | Ep [060/500] T-Acc:  65.0%  V-Acc:  55.3%  V-AUROC: 0.5914  LR: 4.00e-05
2026-08-03 20:29:59,237 | [FULL    ] | INFO | full_experiments_using.model_trainers.mobile_vit_trainer | Ep [061/500] T-Acc:  64.2%  V-Acc:  55.0%  V-AUROC: 0.5900  LR: 4.00e-05
2026-08-03 20:30:27,721 | [FULL    ] | INFO | full_experiments_using.model_trainers.mobile_vit_trainer | Ep [062/500] T-Acc:  64.6%  V-Acc:  54.8%  V-AUROC: 0.5924  LR: 4.00e-05
2026-08-03 20:30:55,755 | [FULL    ] | INFO | full_experiments_using.model_trainers.mobile_vit_trainer | Ep [063/500] T-Acc:  63.8%  V-Acc:  55.9%  V-AUROC: 0.5909  LR: 4.00e-05
2026-08-03 20:31:23,818 | [FULL    ] | INFO | full_experiments_using.model_trainers.mobile_vit_trainer | Ep [064/500] T-Acc:  63.4%  V-Acc:  54.9%  V-AUROC: 0.5912  LR: 4.00e-05
2026-08-03 20:31:52,000 | [FULL    ] | INFO | full_experiments_using.model_trainers.mobile_vit_trainer | Ep [065/500] T-Acc:  64.7%  V-Acc:  55.6%  V-AUROC: 0.5915  LR: 4.00e-05
2026-08-03 20:32:19,923 | [FULL    ] | INFO | full_experiments_using.model_trainers.mobile_vit_trainer | Ep [066/500] T-Acc:  63.9%  V-Acc:  55.6%  V-AUROC: 0.5909  LR: 4.00e-05
2026-08-03 20:32:47,955 | [FULL    ] | INFO | full_experiments_using.model_trainers.mobile_vit_trainer | Ep [067/500] T-Acc:  64.7%  V-Acc:  54.5%  V-AUROC: 0.5917  LR: 4.00e-05
2026-08-03 20:32:47,955 | [FULL    ] | INFO | full_experiments_using.model_trainers.mobile_vit_trainer | Early stop — best AUROC 0.5949 at epoch 37 (no improvement for 30 epochs)
2026-08-03 20:32:47,955 | [FULL    ] | INFO | full_experiments_using.model_trainers.mobile_vit_trainer | Done. Best AUROC: 0.5949 (epoch 37) → /home/oem/choihyunsu/VOGBasedMCIDetection/outputs/checkpoints/run_20260803_091255_full_wvote_artifact30_w0-5-10-10-0-10-20-20_strat_4err/fold_24_best.pth
2026-08-03 20:32:57,762 | [FULL    ] | INFO | full_experiments_using.evaluators.monte_carlo_evaluator | -> Fold 25 Result | Acc=0.727 Sens=0.571 Spec=1.000 AUROC=0.929
2026-08-03 20:32:57,769 | [FULL    ] | INFO | full_experiments_using.evaluators.monte_carlo_evaluator | === Fold 26/30 | train: 25 subj (HC=10 MCI=15) / 3904 win | test: 12 subj (HC=4 MCI=8) / 1811 win ===
2026-08-03 20:32:58,027 | [FULL    ] | INFO | httpx | HTTP Request: HEAD https://huggingface.co/apple/mobilevit-small/resolve/main/config.json "HTTP/1.1 307 Temporary Redirect"
2026-08-03 20:32:58,049 | [FULL    ] | INFO | httpx | HTTP Request: HEAD https://huggingface.co/api/resolve-cache/models/apple/mobilevit-small/6c8612545dc98676d27bc518fa521d9e9af23e34/config.json "HTTP/1.1 200 OK"
2026-08-03 20:32:58,347 | [FULL    ] | INFO | httpx | HTTP Request: HEAD https://huggingface.co/apple/mobilevit-small/resolve/main/model.safetensors "HTTP/1.1 404 Not Found"
2026-08-03 20:32:58,559 | [FULL    ] | INFO | httpx | HTTP Request: HEAD https://huggingface.co/apple/mobilevit-small/resolve/main/model.safetensors.index.json "HTTP/1.1 404 Not Found"
2026-08-03 20:32:58,776 | [FULL    ] | INFO | httpx | HTTP Request: HEAD https://huggingface.co/apple/mobilevit-small/resolve/main/pytorch_model.bin "HTTP/1.1 302 Found"
2026-08-03 20:32:58,990 | [FULL    ] | INFO | httpx | HTTP Request: HEAD https://huggingface.co/apple/mobilevit-small/resolve/main/model.safetensors "HTTP/1.1 404 Not Found"
2026-08-03 20:32:59,211 | [FULL    ] | INFO | httpx | HTTP Request: GET https://huggingface.co/api/models/apple/mobilevit-small "HTTP/1.1 200 OK"
2026-08-03 20:32:59,458 | [FULL    ] | INFO | httpx | HTTP Request: GET https://huggingface.co/api/models/apple/mobilevit-small/commits/main "HTTP/1.1 200 OK"
2026-08-03 20:32:59,672 | [FULL    ] | INFO | httpx | HTTP Request: GET https://huggingface.co/api/models/apple/mobilevit-small/discussions?p=0 "HTTP/1.1 200 OK"
2026-08-03 20:32:59,888 | [FULL    ] | INFO | httpx | HTTP Request: GET https://huggingface.co/api/models/apple/mobilevit-small/commits/refs%2Fpr%2F6 "HTTP/1.1 200 OK"
2026-08-03 20:33:00,183 | [FULL    ] | INFO | httpx | HTTP Request: HEAD https://huggingface.co/apple/mobilevit-small/resolve/refs%2Fpr%2F6/model.safetensors.index.json "HTTP/1.1 404 Not Found"
2026-08-03 20:33:00,410 | [FULL    ] | INFO | httpx | HTTP Request: HEAD https://huggingface.co/apple/mobilevit-small/resolve/refs%2Fpr%2F6/model.safetensors "HTTP/1.1 302 Found"
2026-08-03 20:33:01,110 | [FULL    ] | INFO | full_experiments_using.model_trainers.mobile_vit_trainer | Device: cuda | max_epochs=500 | batch=32 | eval_batch=256 | es_patience=30
2026-08-03 20:33:01,123 | [FULL    ] | INFO | full_experiments_using.model_trainers.mobile_vit_trainer | CE weights — HC: 1.090  MCI: 0.924
2026-08-03 20:33:37,590 | [FULL    ] | INFO | full_experiments_using.model_trainers.mobile_vit_trainer | Ep [001/500] T-Acc:  51.4%  V-Acc:  50.1%  V-AUROC: 0.4928  LR: 2.00e-04
2026-08-03 20:33:37,684 | [FULL    ] | INFO | full_experiments_using.model_trainers.mobile_vit_trainer |   ↳ new best AUROC; saved checkpoint: /home/oem/choihyunsu/VOGBasedMCIDetection/outputs/checkpoints/run_20260803_091255_full_wvote_artifact30_w0-5-10-10-0-10-20-20_strat_4err/fold_25_best.pth
2026-08-03 20:34:06,247 | [FULL    ] | INFO | full_experiments_using.model_trainers.mobile_vit_trainer | Ep [002/500] T-Acc:  53.1%  V-Acc:  50.6%  V-AUROC: 0.4935  LR: 4.00e-04
2026-08-03 20:34:06,437 | [FULL    ] | INFO | full_experiments_using.model_trainers.mobile_vit_trainer |   ↳ new best AUROC; saved checkpoint: /home/oem/choihyunsu/VOGBasedMCIDetection/outputs/checkpoints/run_20260803_091255_full_wvote_artifact30_w0-5-10-10-0-10-20-20_strat_4err/fold_25_best.pth
2026-08-03 20:34:35,246 | [FULL    ] | INFO | full_experiments_using.model_trainers.mobile_vit_trainer | Ep [003/500] T-Acc:  52.7%  V-Acc:  50.4%  V-AUROC: 0.5011  LR: 6.00e-04
2026-08-03 20:34:35,396 | [FULL    ] | INFO | full_experiments_using.model_trainers.mobile_vit_trainer |   ↳ new best AUROC; saved checkpoint: /home/oem/choihyunsu/VOGBasedMCIDetection/outputs/checkpoints/run_20260803_091255_full_wvote_artifact30_w0-5-10-10-0-10-20-20_strat_4err/fold_25_best.pth
2026-08-03 20:35:03,964 | [FULL    ] | INFO | full_experiments_using.model_trainers.mobile_vit_trainer | Ep [004/500] T-Acc:  52.3%  V-Acc:  50.6%  V-AUROC: 0.5182  LR: 8.00e-04
2026-08-03 20:35:04,144 | [FULL    ] | INFO | full_experiments_using.model_trainers.mobile_vit_trainer |   ↳ new best AUROC; saved checkpoint: /home/oem/choihyunsu/VOGBasedMCIDetection/outputs/checkpoints/run_20260803_091255_full_wvote_artifact30_w0-5-10-10-0-10-20-20_strat_4err/fold_25_best.pth
2026-08-03 20:35:32,701 | [FULL    ] | INFO | full_experiments_using.model_trainers.mobile_vit_trainer | Ep [005/500] T-Acc:  51.9%  V-Acc:  51.6%  V-AUROC: 0.5202  LR: 1.00e-03
2026-08-03 20:35:32,847 | [FULL    ] | INFO | full_experiments_using.model_trainers.mobile_vit_trainer |   ↳ new best AUROC; saved checkpoint: /home/oem/choihyunsu/VOGBasedMCIDetection/outputs/checkpoints/run_20260803_091255_full_wvote_artifact30_w0-5-10-10-0-10-20-20_strat_4err/fold_25_best.pth
2026-08-03 20:36:01,419 | [FULL    ] | INFO | full_experiments_using.model_trainers.mobile_vit_trainer | Ep [006/500] T-Acc:  52.9%  V-Acc:  52.9%  V-AUROC: 0.5190  LR: 1.00e-03
2026-08-03 20:36:27,824 | [FULL    ] | INFO | full_experiments_using.model_trainers.mobile_vit_trainer | Ep [007/500] T-Acc:  53.8%  V-Acc:  51.8%  V-AUROC: 0.5301  LR: 1.00e-03
2026-08-03 20:36:28,031 | [FULL    ] | INFO | full_experiments_using.model_trainers.mobile_vit_trainer |   ↳ new best AUROC; saved checkpoint: /home/oem/choihyunsu/VOGBasedMCIDetection/outputs/checkpoints/run_20260803_091255_full_wvote_artifact30_w0-5-10-10-0-10-20-20_strat_4err/fold_25_best.pth
2026-08-03 20:36:54,020 | [FULL    ] | INFO | full_experiments_using.model_trainers.mobile_vit_trainer | Ep [008/500] T-Acc:  55.5%  V-Acc:  52.3%  V-AUROC: 0.5326  LR: 1.00e-03
2026-08-03 20:36:54,266 | [FULL    ] | INFO | full_experiments_using.model_trainers.mobile_vit_trainer |   ↳ new best AUROC; saved checkpoint: /home/oem/choihyunsu/VOGBasedMCIDetection/outputs/checkpoints/run_20260803_091255_full_wvote_artifact30_w0-5-10-10-0-10-20-20_strat_4err/fold_25_best.pth
2026-08-03 20:37:22,540 | [FULL    ] | INFO | full_experiments_using.model_trainers.mobile_vit_trainer | Ep [009/500] T-Acc:  54.8%  V-Acc:  51.6%  V-AUROC: 0.5286  LR: 1.00e-03
2026-08-03 20:37:50,914 | [FULL    ] | INFO | full_experiments_using.model_trainers.mobile_vit_trainer | Ep [010/500] T-Acc:  55.5%  V-Acc:  51.2%  V-AUROC: 0.5279  LR: 1.00e-03
2026-08-03 20:38:19,332 | [FULL    ] | INFO | full_experiments_using.model_trainers.mobile_vit_trainer | Ep [011/500] T-Acc:  56.3%  V-Acc:  52.8%  V-AUROC: 0.5409  LR: 1.00e-03
2026-08-03 20:38:19,519 | [FULL    ] | INFO | full_experiments_using.model_trainers.mobile_vit_trainer |   ↳ new best AUROC; saved checkpoint: /home/oem/choihyunsu/VOGBasedMCIDetection/outputs/checkpoints/run_20260803_091255_full_wvote_artifact30_w0-5-10-10-0-10-20-20_strat_4err/fold_25_best.pth
2026-08-03 20:38:47,925 | [FULL    ] | INFO | full_experiments_using.model_trainers.mobile_vit_trainer | Ep [012/500] T-Acc:  57.2%  V-Acc:  52.2%  V-AUROC: 0.5502  LR: 1.00e-03
2026-08-03 20:38:48,114 | [FULL    ] | INFO | full_experiments_using.model_trainers.mobile_vit_trainer |   ↳ new best AUROC; saved checkpoint: /home/oem/choihyunsu/VOGBasedMCIDetection/outputs/checkpoints/run_20260803_091255_full_wvote_artifact30_w0-5-10-10-0-10-20-20_strat_4err/fold_25_best.pth
2026-08-03 20:39:16,626 | [FULL    ] | INFO | full_experiments_using.model_trainers.mobile_vit_trainer | Ep [013/500] T-Acc:  55.4%  V-Acc:  54.0%  V-AUROC: 0.5644  LR: 1.00e-03
2026-08-03 20:39:16,759 | [FULL    ] | INFO | full_experiments_using.model_trainers.mobile_vit_trainer |   ↳ new best AUROC; saved checkpoint: /home/oem/choihyunsu/VOGBasedMCIDetection/outputs/checkpoints/run_20260803_091255_full_wvote_artifact30_w0-5-10-10-0-10-20-20_strat_4err/fold_25_best.pth
2026-08-03 20:39:45,120 | [FULL    ] | INFO | full_experiments_using.model_trainers.mobile_vit_trainer | Ep [014/500] T-Acc:  56.1%  V-Acc:  53.0%  V-AUROC: 0.5545  LR: 1.00e-03
2026-08-03 20:40:13,400 | [FULL    ] | INFO | full_experiments_using.model_trainers.mobile_vit_trainer | Ep [015/500] T-Acc:  56.9%  V-Acc:  53.2%  V-AUROC: 0.5500  LR: 1.00e-03
2026-08-03 20:40:41,959 | [FULL    ] | INFO | full_experiments_using.model_trainers.mobile_vit_trainer | Ep [016/500] T-Acc:  58.5%  V-Acc:  54.5%  V-AUROC: 0.5709  LR: 1.00e-03
2026-08-03 20:40:42,084 | [FULL    ] | INFO | full_experiments_using.model_trainers.mobile_vit_trainer |   ↳ new best AUROC; saved checkpoint: /home/oem/choihyunsu/VOGBasedMCIDetection/outputs/checkpoints/run_20260803_091255_full_wvote_artifact30_w0-5-10-10-0-10-20-20_strat_4err/fold_25_best.pth
2026-08-03 20:41:09,991 | [FULL    ] | INFO | full_experiments_using.model_trainers.mobile_vit_trainer | Ep [017/500] T-Acc:  56.6%  V-Acc:  54.6%  V-AUROC: 0.5669  LR: 1.00e-03
2026-08-03 20:41:37,226 | [FULL    ] | INFO | full_experiments_using.model_trainers.mobile_vit_trainer | Ep [018/500] T-Acc:  59.2%  V-Acc:  54.8%  V-AUROC: 0.5759  LR: 1.00e-03
2026-08-03 20:41:37,408 | [FULL    ] | INFO | full_experiments_using.model_trainers.mobile_vit_trainer |   ↳ new best AUROC; saved checkpoint: /home/oem/choihyunsu/VOGBasedMCIDetection/outputs/checkpoints/run_20260803_091255_full_wvote_artifact30_w0-5-10-10-0-10-20-20_strat_4err/fold_25_best.pth
2026-08-03 20:42:03,283 | [FULL    ] | INFO | full_experiments_using.model_trainers.mobile_vit_trainer | Ep [019/500] T-Acc:  58.2%  V-Acc:  53.2%  V-AUROC: 0.5704  LR: 1.00e-03
2026-08-03 20:42:31,553 | [FULL    ] | INFO | full_experiments_using.model_trainers.mobile_vit_trainer | Ep [020/500] T-Acc:  58.9%  V-Acc:  54.8%  V-AUROC: 0.5667  LR: 1.00e-03
2026-08-03 20:42:59,894 | [FULL    ] | INFO | full_experiments_using.model_trainers.mobile_vit_trainer | Ep [021/500] T-Acc:  57.9%  V-Acc:  53.9%  V-AUROC: 0.5563  LR: 1.00e-03
2026-08-03 20:43:28,534 | [FULL    ] | INFO | full_experiments_using.model_trainers.mobile_vit_trainer | Ep [022/500] T-Acc:  58.4%  V-Acc:  54.2%  V-AUROC: 0.5605  LR: 1.00e-03
2026-08-03 20:43:56,800 | [FULL    ] | INFO | full_experiments_using.model_trainers.mobile_vit_trainer | Ep [023/500] T-Acc:  60.0%  V-Acc:  52.1%  V-AUROC: 0.5538  LR: 1.00e-03
2026-08-03 20:44:25,227 | [FULL    ] | INFO | full_experiments_using.model_trainers.mobile_vit_trainer | Ep [024/500] T-Acc:  58.9%  V-Acc:  54.5%  V-AUROC: 0.5728  LR: 1.00e-03
2026-08-03 20:44:53,888 | [FULL    ] | INFO | full_experiments_using.model_trainers.mobile_vit_trainer | Ep [025/500] T-Acc:  58.9%  V-Acc:  53.7%  V-AUROC: 0.5664  LR: 1.00e-03
2026-08-03 20:45:22,166 | [FULL    ] | INFO | full_experiments_using.model_trainers.mobile_vit_trainer | Ep [026/500] T-Acc:  59.2%  V-Acc:  54.7%  V-AUROC: 0.5619  LR: 1.00e-03
2026-08-03 20:45:50,518 | [FULL    ] | INFO | full_experiments_using.model_trainers.mobile_vit_trainer | Ep [027/500] T-Acc:  60.1%  V-Acc:  55.0%  V-AUROC: 0.5647  LR: 1.00e-03
2026-08-03 20:46:19,052 | [FULL    ] | INFO | full_experiments_using.model_trainers.mobile_vit_trainer | Ep [028/500] T-Acc:  59.8%  V-Acc:  54.2%  V-AUROC: 0.5582  LR: 1.00e-03
2026-08-03 20:46:47,453 | [FULL    ] | INFO | full_experiments_using.model_trainers.mobile_vit_trainer | Ep [029/500] T-Acc:  60.8%  V-Acc:  54.5%  V-AUROC: 0.5689  LR: 1.00e-03
2026-08-03 20:47:16,034 | [FULL    ] | INFO | full_experiments_using.model_trainers.mobile_vit_trainer | Ep [030/500] T-Acc:  61.4%  V-Acc:  54.2%  V-AUROC: 0.5710  LR: 2.00e-04
2026-08-03 20:47:44,524 | [FULL    ] | INFO | full_experiments_using.model_trainers.mobile_vit_trainer | Ep [031/500] T-Acc:  59.5%  V-Acc:  54.0%  V-AUROC: 0.5704  LR: 2.00e-04
2026-08-03 20:48:12,959 | [FULL    ] | INFO | full_experiments_using.model_trainers.mobile_vit_trainer | Ep [032/500] T-Acc:  61.0%  V-Acc:  54.6%  V-AUROC: 0.5724  LR: 2.00e-04
2026-08-03 20:48:41,441 | [FULL    ] | INFO | full_experiments_using.model_trainers.mobile_vit_trainer | Ep [033/500] T-Acc:  60.0%  V-Acc:  55.0%  V-AUROC: 0.5712  LR: 2.00e-04
2026-08-03 20:49:10,035 | [FULL    ] | INFO | full_experiments_using.model_trainers.mobile_vit_trainer | Ep [034/500] T-Acc:  61.6%  V-Acc:  54.8%  V-AUROC: 0.5688  LR: 2.00e-04
2026-08-03 20:49:38,392 | [FULL    ] | INFO | full_experiments_using.model_trainers.mobile_vit_trainer | Ep [035/500] T-Acc:  60.6%  V-Acc:  55.3%  V-AUROC: 0.5721  LR: 2.00e-04
2026-08-03 20:50:06,874 | [FULL    ] | INFO | full_experiments_using.model_trainers.mobile_vit_trainer | Ep [036/500] T-Acc:  59.9%  V-Acc:  54.9%  V-AUROC: 0.5728  LR: 2.00e-04
2026-08-03 20:50:35,287 | [FULL    ] | INFO | full_experiments_using.model_trainers.mobile_vit_trainer | Ep [037/500] T-Acc:  60.5%  V-Acc:  54.8%  V-AUROC: 0.5707  LR: 2.00e-04
2026-08-03 20:51:03,660 | [FULL    ] | INFO | full_experiments_using.model_trainers.mobile_vit_trainer | Ep [038/500] T-Acc:  60.3%  V-Acc:  54.7%  V-AUROC: 0.5752  LR: 2.00e-04
2026-08-03 20:51:32,070 | [FULL    ] | INFO | full_experiments_using.model_trainers.mobile_vit_trainer | Ep [039/500] T-Acc:  60.3%  V-Acc:  54.8%  V-AUROC: 0.5735  LR: 2.00e-04
2026-08-03 20:52:00,457 | [FULL    ] | INFO | full_experiments_using.model_trainers.mobile_vit_trainer | Ep [040/500] T-Acc:  61.3%  V-Acc:  55.4%  V-AUROC: 0.5702  LR: 2.00e-04
2026-08-03 20:52:29,120 | [FULL    ] | INFO | full_experiments_using.model_trainers.mobile_vit_trainer | Ep [041/500] T-Acc:  60.9%  V-Acc:  54.7%  V-AUROC: 0.5699  LR: 4.00e-05
2026-08-03 20:52:57,813 | [FULL    ] | INFO | full_experiments_using.model_trainers.mobile_vit_trainer | Ep [042/500] T-Acc:  61.2%  V-Acc:  54.6%  V-AUROC: 0.5729  LR: 4.00e-05
2026-08-03 20:53:26,031 | [FULL    ] | INFO | full_experiments_using.model_trainers.mobile_vit_trainer | Ep [043/500] T-Acc:  61.4%  V-Acc:  54.8%  V-AUROC: 0.5735  LR: 4.00e-05
2026-08-03 20:53:54,582 | [FULL    ] | INFO | full_experiments_using.model_trainers.mobile_vit_trainer | Ep [044/500] T-Acc:  61.5%  V-Acc:  55.6%  V-AUROC: 0.5712  LR: 4.00e-05
2026-08-03 20:54:23,226 | [FULL    ] | INFO | full_experiments_using.model_trainers.mobile_vit_trainer | Ep [045/500] T-Acc:  60.0%  V-Acc:  55.1%  V-AUROC: 0.5711  LR: 4.00e-05
2026-08-03 20:54:51,556 | [FULL    ] | INFO | full_experiments_using.model_trainers.mobile_vit_trainer | Ep [046/500] T-Acc:  60.6%  V-Acc:  55.3%  V-AUROC: 0.5719  LR: 4.00e-05
2026-08-03 20:55:19,989 | [FULL    ] | INFO | full_experiments_using.model_trainers.mobile_vit_trainer | Ep [047/500] T-Acc:  60.9%  V-Acc:  55.0%  V-AUROC: 0.5716  LR: 4.00e-05
2026-08-03 20:55:48,344 | [FULL    ] | INFO | full_experiments_using.model_trainers.mobile_vit_trainer | Ep [048/500] T-Acc:  60.9%  V-Acc:  55.4%  V-AUROC: 0.5716  LR: 4.00e-05
2026-08-03 20:55:48,344 | [FULL    ] | INFO | full_experiments_using.model_trainers.mobile_vit_trainer | Early stop — best AUROC 0.5759 at epoch 18 (no improvement for 30 epochs)
2026-08-03 20:55:48,344 | [FULL    ] | INFO | full_experiments_using.model_trainers.mobile_vit_trainer | Done. Best AUROC: 0.5759 (epoch 18) → /home/oem/choihyunsu/VOGBasedMCIDetection/outputs/checkpoints/run_20260803_091255_full_wvote_artifact30_w0-5-10-10-0-10-20-20_strat_4err/fold_25_best.pth
2026-08-03 20:55:56,973 | [FULL    ] | INFO | full_experiments_using.evaluators.monte_carlo_evaluator | -> Fold 26 Result | Acc=0.600 Sens=0.571 Spec=0.667 AUROC=0.857
2026-08-03 20:55:56,987 | [FULL    ] | INFO | full_experiments_using.evaluators.monte_carlo_evaluator | === Fold 27/30 | train: 25 subj (HC=10 MCI=15) / 3866 win | test: 12 subj (HC=4 MCI=8) / 1849 win ===
2026-08-03 20:55:57,213 | [FULL    ] | INFO | httpx | HTTP Request: HEAD https://huggingface.co/apple/mobilevit-small/resolve/main/config.json "HTTP/1.1 307 Temporary Redirect"
2026-08-03 20:55:57,232 | [FULL    ] | INFO | httpx | HTTP Request: HEAD https://huggingface.co/api/resolve-cache/models/apple/mobilevit-small/6c8612545dc98676d27bc518fa521d9e9af23e34/config.json "HTTP/1.1 200 OK"
2026-08-03 20:55:57,511 | [FULL    ] | INFO | httpx | HTTP Request: HEAD https://huggingface.co/apple/mobilevit-small/resolve/main/model.safetensors "HTTP/1.1 404 Not Found"
2026-08-03 20:55:57,718 | [FULL    ] | INFO | httpx | HTTP Request: HEAD https://huggingface.co/apple/mobilevit-small/resolve/main/model.safetensors.index.json "HTTP/1.1 404 Not Found"
2026-08-03 20:55:57,944 | [FULL    ] | INFO | httpx | HTTP Request: HEAD https://huggingface.co/apple/mobilevit-small/resolve/main/pytorch_model.bin "HTTP/1.1 302 Found"
2026-08-03 20:55:58,154 | [FULL    ] | INFO | httpx | HTTP Request: HEAD https://huggingface.co/apple/mobilevit-small/resolve/main/model.safetensors "HTTP/1.1 404 Not Found"
2026-08-03 20:55:58,370 | [FULL    ] | INFO | httpx | HTTP Request: GET https://huggingface.co/api/models/apple/mobilevit-small "HTTP/1.1 200 OK"
2026-08-03 20:55:58,613 | [FULL    ] | INFO | httpx | HTTP Request: GET https://huggingface.co/api/models/apple/mobilevit-small/commits/main "HTTP/1.1 200 OK"
2026-08-03 20:55:58,842 | [FULL    ] | INFO | httpx | HTTP Request: GET https://huggingface.co/api/models/apple/mobilevit-small/discussions?p=0 "HTTP/1.1 200 OK"
2026-08-03 20:55:59,068 | [FULL    ] | INFO | httpx | HTTP Request: GET https://huggingface.co/api/models/apple/mobilevit-small/commits/refs%2Fpr%2F6 "HTTP/1.1 200 OK"
2026-08-03 20:55:59,275 | [FULL    ] | INFO | httpx | HTTP Request: HEAD https://huggingface.co/apple/mobilevit-small/resolve/refs%2Fpr%2F6/model.safetensors.index.json "HTTP/1.1 404 Not Found"
2026-08-03 20:55:59,503 | [FULL    ] | INFO | httpx | HTTP Request: HEAD https://huggingface.co/apple/mobilevit-small/resolve/refs%2Fpr%2F6/model.safetensors "HTTP/1.1 302 Found"
2026-08-03 20:55:59,909 | [FULL    ] | INFO | full_experiments_using.model_trainers.mobile_vit_trainer | Device: cuda | max_epochs=500 | batch=32 | eval_batch=256 | es_patience=30
2026-08-03 20:55:59,933 | [FULL    ] | INFO | full_experiments_using.model_trainers.mobile_vit_trainer | CE weights — HC: 1.085  MCI: 0.927
2026-08-03 20:56:27,913 | [FULL    ] | INFO | full_experiments_using.model_trainers.mobile_vit_trainer | Ep [001/500] T-Acc:  48.8%  V-Acc:  47.6%  V-AUROC: 0.4604  LR: 2.00e-04
2026-08-03 20:56:28,011 | [FULL    ] | INFO | full_experiments_using.model_trainers.mobile_vit_trainer |   ↳ new best AUROC; saved checkpoint: /home/oem/choihyunsu/VOGBasedMCIDetection/outputs/checkpoints/run_20260803_091255_full_wvote_artifact30_w0-5-10-10-0-10-20-20_strat_4err/fold_26_best.pth
2026-08-03 20:56:56,154 | [FULL    ] | INFO | full_experiments_using.model_trainers.mobile_vit_trainer | Ep [002/500] T-Acc:  49.9%  V-Acc:  48.0%  V-AUROC: 0.4603  LR: 4.00e-04
2026-08-03 20:57:24,539 | [FULL    ] | INFO | full_experiments_using.model_trainers.mobile_vit_trainer | Ep [003/500] T-Acc:  49.6%  V-Acc:  46.7%  V-AUROC: 0.4547  LR: 6.00e-04
2026-08-03 20:57:52,543 | [FULL    ] | INFO | full_experiments_using.model_trainers.mobile_vit_trainer | Ep [004/500] T-Acc:  50.9%  V-Acc:  48.1%  V-AUROC: 0.4711  LR: 8.00e-04
2026-08-03 20:57:52,702 | [FULL    ] | INFO | full_experiments_using.model_trainers.mobile_vit_trainer |   ↳ new best AUROC; saved checkpoint: /home/oem/choihyunsu/VOGBasedMCIDetection/outputs/checkpoints/run_20260803_091255_full_wvote_artifact30_w0-5-10-10-0-10-20-20_strat_4err/fold_26_best.pth
2026-08-03 20:58:20,731 | [FULL    ] | INFO | full_experiments_using.model_trainers.mobile_vit_trainer | Ep [005/500] T-Acc:  49.6%  V-Acc:  48.8%  V-AUROC: 0.4648  LR: 1.00e-03
2026-08-03 20:58:47,851 | [FULL    ] | INFO | full_experiments_using.model_trainers.mobile_vit_trainer | Ep [006/500] T-Acc:  52.6%  V-Acc:  49.8%  V-AUROC: 0.4874  LR: 1.00e-03
2026-08-03 20:58:48,020 | [FULL    ] | INFO | full_experiments_using.model_trainers.mobile_vit_trainer |   ↳ new best AUROC; saved checkpoint: /home/oem/choihyunsu/VOGBasedMCIDetection/outputs/checkpoints/run_20260803_091255_full_wvote_artifact30_w0-5-10-10-0-10-20-20_strat_4err/fold_26_best.pth
2026-08-03 20:59:14,265 | [FULL    ] | INFO | full_experiments_using.model_trainers.mobile_vit_trainer | Ep [007/500] T-Acc:  53.0%  V-Acc:  51.4%  V-AUROC: 0.5104  LR: 1.00e-03
2026-08-03 20:59:14,385 | [FULL    ] | INFO | full_experiments_using.model_trainers.mobile_vit_trainer |   ↳ new best AUROC; saved checkpoint: /home/oem/choihyunsu/VOGBasedMCIDetection/outputs/checkpoints/run_20260803_091255_full_wvote_artifact30_w0-5-10-10-0-10-20-20_strat_4err/fold_26_best.pth
2026-08-03 20:59:41,688 | [FULL    ] | INFO | full_experiments_using.model_trainers.mobile_vit_trainer | Ep [008/500] T-Acc:  53.0%  V-Acc:  51.8%  V-AUROC: 0.5079  LR: 1.00e-03
2026-08-03 21:00:09,613 | [FULL    ] | INFO | full_experiments_using.model_trainers.mobile_vit_trainer | Ep [009/500] T-Acc:  54.7%  V-Acc:  52.7%  V-AUROC: 0.5236  LR: 1.00e-03
2026-08-03 21:00:09,786 | [FULL    ] | INFO | full_experiments_using.model_trainers.mobile_vit_trainer |   ↳ new best AUROC; saved checkpoint: /home/oem/choihyunsu/VOGBasedMCIDetection/outputs/checkpoints/run_20260803_091255_full_wvote_artifact30_w0-5-10-10-0-10-20-20_strat_4err/fold_26_best.pth
2026-08-03 21:00:37,820 | [FULL    ] | INFO | full_experiments_using.model_trainers.mobile_vit_trainer | Ep [010/500] T-Acc:  53.8%  V-Acc:  52.1%  V-AUROC: 0.5253  LR: 1.00e-03
2026-08-03 21:00:37,963 | [FULL    ] | INFO | full_experiments_using.model_trainers.mobile_vit_trainer |   ↳ new best AUROC; saved checkpoint: /home/oem/choihyunsu/VOGBasedMCIDetection/outputs/checkpoints/run_20260803_091255_full_wvote_artifact30_w0-5-10-10-0-10-20-20_strat_4err/fold_26_best.pth
2026-08-03 21:01:06,254 | [FULL    ] | INFO | full_experiments_using.model_trainers.mobile_vit_trainer | Ep [011/500] T-Acc:  55.8%  V-Acc:  53.2%  V-AUROC: 0.5289  LR: 1.00e-03
2026-08-03 21:01:06,380 | [FULL    ] | INFO | full_experiments_using.model_trainers.mobile_vit_trainer |   ↳ new best AUROC; saved checkpoint: /home/oem/choihyunsu/VOGBasedMCIDetection/outputs/checkpoints/run_20260803_091255_full_wvote_artifact30_w0-5-10-10-0-10-20-20_strat_4err/fold_26_best.pth
2026-08-03 21:01:34,502 | [FULL    ] | INFO | full_experiments_using.model_trainers.mobile_vit_trainer | Ep [012/500] T-Acc:  54.4%  V-Acc:  52.4%  V-AUROC: 0.5384  LR: 1.00e-03
2026-08-03 21:01:34,688 | [FULL    ] | INFO | full_experiments_using.model_trainers.mobile_vit_trainer |   ↳ new best AUROC; saved checkpoint: /home/oem/choihyunsu/VOGBasedMCIDetection/outputs/checkpoints/run_20260803_091255_full_wvote_artifact30_w0-5-10-10-0-10-20-20_strat_4err/fold_26_best.pth
2026-08-03 21:02:00,974 | [FULL    ] | INFO | full_experiments_using.model_trainers.mobile_vit_trainer | Ep [013/500] T-Acc:  56.5%  V-Acc:  53.0%  V-AUROC: 0.5434  LR: 1.00e-03
2026-08-03 21:02:01,102 | [FULL    ] | INFO | full_experiments_using.model_trainers.mobile_vit_trainer |   ↳ new best AUROC; saved checkpoint: /home/oem/choihyunsu/VOGBasedMCIDetection/outputs/checkpoints/run_20260803_091255_full_wvote_artifact30_w0-5-10-10-0-10-20-20_strat_4err/fold_26_best.pth
2026-08-03 21:02:29,147 | [FULL    ] | INFO | full_experiments_using.model_trainers.mobile_vit_trainer | Ep [014/500] T-Acc:  55.9%  V-Acc:  54.1%  V-AUROC: 0.5454  LR: 1.00e-03
2026-08-03 21:02:29,322 | [FULL    ] | INFO | full_experiments_using.model_trainers.mobile_vit_trainer |   ↳ new best AUROC; saved checkpoint: /home/oem/choihyunsu/VOGBasedMCIDetection/outputs/checkpoints/run_20260803_091255_full_wvote_artifact30_w0-5-10-10-0-10-20-20_strat_4err/fold_26_best.pth
2026-08-03 21:02:57,258 | [FULL    ] | INFO | full_experiments_using.model_trainers.mobile_vit_trainer | Ep [015/500] T-Acc:  56.5%  V-Acc:  54.1%  V-AUROC: 0.5505  LR: 1.00e-03
2026-08-03 21:02:57,414 | [FULL    ] | INFO | full_experiments_using.model_trainers.mobile_vit_trainer |   ↳ new best AUROC; saved checkpoint: /home/oem/choihyunsu/VOGBasedMCIDetection/outputs/checkpoints/run_20260803_091255_full_wvote_artifact30_w0-5-10-10-0-10-20-20_strat_4err/fold_26_best.pth
2026-08-03 21:03:25,586 | [FULL    ] | INFO | full_experiments_using.model_trainers.mobile_vit_trainer | Ep [016/500] T-Acc:  56.7%  V-Acc:  54.0%  V-AUROC: 0.5558  LR: 1.00e-03
2026-08-03 21:03:25,751 | [FULL    ] | INFO | full_experiments_using.model_trainers.mobile_vit_trainer |   ↳ new best AUROC; saved checkpoint: /home/oem/choihyunsu/VOGBasedMCIDetection/outputs/checkpoints/run_20260803_091255_full_wvote_artifact30_w0-5-10-10-0-10-20-20_strat_4err/fold_26_best.pth
2026-08-03 21:03:53,882 | [FULL    ] | INFO | full_experiments_using.model_trainers.mobile_vit_trainer | Ep [017/500] T-Acc:  58.3%  V-Acc:  53.5%  V-AUROC: 0.5513  LR: 1.00e-03
2026-08-03 21:04:22,061 | [FULL    ] | INFO | full_experiments_using.model_trainers.mobile_vit_trainer | Ep [018/500] T-Acc:  57.6%  V-Acc:  55.2%  V-AUROC: 0.5624  LR: 1.00e-03
2026-08-03 21:04:22,182 | [FULL    ] | INFO | full_experiments_using.model_trainers.mobile_vit_trainer |   ↳ new best AUROC; saved checkpoint: /home/oem/choihyunsu/VOGBasedMCIDetection/outputs/checkpoints/run_20260803_091255_full_wvote_artifact30_w0-5-10-10-0-10-20-20_strat_4err/fold_26_best.pth
2026-08-03 21:04:50,050 | [FULL    ] | INFO | full_experiments_using.model_trainers.mobile_vit_trainer | Ep [019/500] T-Acc:  56.4%  V-Acc:  54.8%  V-AUROC: 0.5635  LR: 1.00e-03
2026-08-03 21:04:50,172 | [FULL    ] | INFO | full_experiments_using.model_trainers.mobile_vit_trainer |   ↳ new best AUROC; saved checkpoint: /home/oem/choihyunsu/VOGBasedMCIDetection/outputs/checkpoints/run_20260803_091255_full_wvote_artifact30_w0-5-10-10-0-10-20-20_strat_4err/fold_26_best.pth
2026-08-03 21:05:18,323 | [FULL    ] | INFO | full_experiments_using.model_trainers.mobile_vit_trainer | Ep [020/500] T-Acc:  57.5%  V-Acc:  54.5%  V-AUROC: 0.5613  LR: 1.00e-03
2026-08-03 21:05:46,226 | [FULL    ] | INFO | full_experiments_using.model_trainers.mobile_vit_trainer | Ep [021/500] T-Acc:  58.5%  V-Acc:  56.5%  V-AUROC: 0.5712  LR: 1.00e-03
2026-08-03 21:05:46,350 | [FULL    ] | INFO | full_experiments_using.model_trainers.mobile_vit_trainer |   ↳ new best AUROC; saved checkpoint: /home/oem/choihyunsu/VOGBasedMCIDetection/outputs/checkpoints/run_20260803_091255_full_wvote_artifact30_w0-5-10-10-0-10-20-20_strat_4err/fold_26_best.pth
2026-08-03 21:06:14,144 | [FULL    ] | INFO | full_experiments_using.model_trainers.mobile_vit_trainer | Ep [022/500] T-Acc:  57.3%  V-Acc:  55.3%  V-AUROC: 0.5694  LR: 1.00e-03
2026-08-03 21:06:41,868 | [FULL    ] | INFO | full_experiments_using.model_trainers.mobile_vit_trainer | Ep [023/500] T-Acc:  57.1%  V-Acc:  56.9%  V-AUROC: 0.5714  LR: 1.00e-03
2026-08-03 21:06:42,011 | [FULL    ] | INFO | full_experiments_using.model_trainers.mobile_vit_trainer |   ↳ new best AUROC; saved checkpoint: /home/oem/choihyunsu/VOGBasedMCIDetection/outputs/checkpoints/run_20260803_091255_full_wvote_artifact30_w0-5-10-10-0-10-20-20_strat_4err/fold_26_best.pth
2026-08-03 21:07:10,158 | [FULL    ] | INFO | full_experiments_using.model_trainers.mobile_vit_trainer | Ep [024/500] T-Acc:  58.8%  V-Acc:  53.7%  V-AUROC: 0.5636  LR: 1.00e-03
2026-08-03 21:07:38,105 | [FULL    ] | INFO | full_experiments_using.model_trainers.mobile_vit_trainer | Ep [025/500] T-Acc:  59.1%  V-Acc:  56.1%  V-AUROC: 0.5756  LR: 1.00e-03
2026-08-03 21:07:38,229 | [FULL    ] | INFO | full_experiments_using.model_trainers.mobile_vit_trainer |   ↳ new best AUROC; saved checkpoint: /home/oem/choihyunsu/VOGBasedMCIDetection/outputs/checkpoints/run_20260803_091255_full_wvote_artifact30_w0-5-10-10-0-10-20-20_strat_4err/fold_26_best.pth
2026-08-03 21:08:06,256 | [FULL    ] | INFO | full_experiments_using.model_trainers.mobile_vit_trainer | Ep [026/500] T-Acc:  59.5%  V-Acc:  55.5%  V-AUROC: 0.5781  LR: 1.00e-03
2026-08-03 21:08:06,411 | [FULL    ] | INFO | full_experiments_using.model_trainers.mobile_vit_trainer |   ↳ new best AUROC; saved checkpoint: /home/oem/choihyunsu/VOGBasedMCIDetection/outputs/checkpoints/run_20260803_091255_full_wvote_artifact30_w0-5-10-10-0-10-20-20_strat_4err/fold_26_best.pth
2026-08-03 21:08:34,518 | [FULL    ] | INFO | full_experiments_using.model_trainers.mobile_vit_trainer | Ep [027/500] T-Acc:  59.0%  V-Acc:  54.7%  V-AUROC: 0.5688  LR: 1.00e-03
2026-08-03 21:09:02,583 | [FULL    ] | INFO | full_experiments_using.model_trainers.mobile_vit_trainer | Ep [028/500] T-Acc:  59.1%  V-Acc:  54.7%  V-AUROC: 0.5745  LR: 1.00e-03
2026-08-03 21:09:30,688 | [FULL    ] | INFO | full_experiments_using.model_trainers.mobile_vit_trainer | Ep [029/500] T-Acc:  60.3%  V-Acc:  56.7%  V-AUROC: 0.5833  LR: 1.00e-03
2026-08-03 21:09:30,811 | [FULL    ] | INFO | full_experiments_using.model_trainers.mobile_vit_trainer |   ↳ new best AUROC; saved checkpoint: /home/oem/choihyunsu/VOGBasedMCIDetection/outputs/checkpoints/run_20260803_091255_full_wvote_artifact30_w0-5-10-10-0-10-20-20_strat_4err/fold_26_best.pth
2026-08-03 21:09:58,626 | [FULL    ] | INFO | full_experiments_using.model_trainers.mobile_vit_trainer | Ep [030/500] T-Acc:  58.2%  V-Acc:  55.3%  V-AUROC: 0.5763  LR: 1.00e-03
2026-08-03 21:10:25,182 | [FULL    ] | INFO | full_experiments_using.model_trainers.mobile_vit_trainer | Ep [031/500] T-Acc:  58.9%  V-Acc:  56.4%  V-AUROC: 0.5762  LR: 1.00e-03
2026-08-03 21:10:53,232 | [FULL    ] | INFO | full_experiments_using.model_trainers.mobile_vit_trainer | Ep [032/500] T-Acc:  60.3%  V-Acc:  56.0%  V-AUROC: 0.5721  LR: 1.00e-03
2026-08-03 21:11:21,471 | [FULL    ] | INFO | full_experiments_using.model_trainers.mobile_vit_trainer | Ep [033/500] T-Acc:  59.9%  V-Acc:  55.2%  V-AUROC: 0.5760  LR: 1.00e-03
2026-08-03 21:11:49,469 | [FULL    ] | INFO | full_experiments_using.model_trainers.mobile_vit_trainer | Ep [034/500] T-Acc:  59.6%  V-Acc:  55.7%  V-AUROC: 0.5772  LR: 1.00e-03
2026-08-03 21:12:17,891 | [FULL    ] | INFO | full_experiments_using.model_trainers.mobile_vit_trainer | Ep [035/500] T-Acc:  60.3%  V-Acc:  56.8%  V-AUROC: 0.5766  LR: 1.00e-03
2026-08-03 21:12:45,854 | [FULL    ] | INFO | full_experiments_using.model_trainers.mobile_vit_trainer | Ep [036/500] T-Acc:  59.2%  V-Acc:  56.5%  V-AUROC: 0.5789  LR: 1.00e-03
2026-08-03 21:13:13,592 | [FULL    ] | INFO | full_experiments_using.model_trainers.mobile_vit_trainer | Ep [037/500] T-Acc:  60.2%  V-Acc:  56.4%  V-AUROC: 0.5849  LR: 1.00e-03
2026-08-03 21:13:13,718 | [FULL    ] | INFO | full_experiments_using.model_trainers.mobile_vit_trainer |   ↳ new best AUROC; saved checkpoint: /home/oem/choihyunsu/VOGBasedMCIDetection/outputs/checkpoints/run_20260803_091255_full_wvote_artifact30_w0-5-10-10-0-10-20-20_strat_4err/fold_26_best.pth
2026-08-03 21:13:41,983 | [FULL    ] | INFO | full_experiments_using.model_trainers.mobile_vit_trainer | Ep [038/500] T-Acc:  61.6%  V-Acc:  57.3%  V-AUROC: 0.5832  LR: 1.00e-03
2026-08-03 21:14:09,932 | [FULL    ] | INFO | full_experiments_using.model_trainers.mobile_vit_trainer | Ep [039/500] T-Acc:  58.9%  V-Acc:  56.8%  V-AUROC: 0.5765  LR: 1.00e-03
2026-08-03 21:14:37,875 | [FULL    ] | INFO | full_experiments_using.model_trainers.mobile_vit_trainer | Ep [040/500] T-Acc:  60.1%  V-Acc:  56.1%  V-AUROC: 0.5820  LR: 1.00e-03
2026-08-03 21:15:06,010 | [FULL    ] | INFO | full_experiments_using.model_trainers.mobile_vit_trainer | Ep [041/500] T-Acc:  60.6%  V-Acc:  56.8%  V-AUROC: 0.5843  LR: 1.00e-03
2026-08-03 21:15:34,126 | [FULL    ] | INFO | full_experiments_using.model_trainers.mobile_vit_trainer | Ep [042/500] T-Acc:  60.9%  V-Acc:  56.7%  V-AUROC: 0.5911  LR: 1.00e-03
2026-08-03 21:15:34,279 | [FULL    ] | INFO | full_experiments_using.model_trainers.mobile_vit_trainer |   ↳ new best AUROC; saved checkpoint: /home/oem/choihyunsu/VOGBasedMCIDetection/outputs/checkpoints/run_20260803_091255_full_wvote_artifact30_w0-5-10-10-0-10-20-20_strat_4err/fold_26_best.pth
2026-08-03 21:16:02,474 | [FULL    ] | INFO | full_experiments_using.model_trainers.mobile_vit_trainer | Ep [043/500] T-Acc:  61.0%  V-Acc:  56.8%  V-AUROC: 0.5859  LR: 1.00e-03
2026-08-03 21:16:30,494 | [FULL    ] | INFO | full_experiments_using.model_trainers.mobile_vit_trainer | Ep [044/500] T-Acc:  60.8%  V-Acc:  55.3%  V-AUROC: 0.5785  LR: 1.00e-03
2026-08-03 21:16:59,079 | [FULL    ] | INFO | full_experiments_using.model_trainers.mobile_vit_trainer | Ep [045/500] T-Acc:  60.5%  V-Acc:  55.1%  V-AUROC: 0.5832  LR: 1.00e-03
2026-08-03 21:17:26,998 | [FULL    ] | INFO | full_experiments_using.model_trainers.mobile_vit_trainer | Ep [046/500] T-Acc:  60.2%  V-Acc:  54.9%  V-AUROC: 0.5801  LR: 1.00e-03
2026-08-03 21:17:54,967 | [FULL    ] | INFO | full_experiments_using.model_trainers.mobile_vit_trainer | Ep [047/500] T-Acc:  60.9%  V-Acc:  56.4%  V-AUROC: 0.5907  LR: 1.00e-03
2026-08-03 21:18:22,918 | [FULL    ] | INFO | full_experiments_using.model_trainers.mobile_vit_trainer | Ep [048/500] T-Acc:  61.2%  V-Acc:  57.2%  V-AUROC: 0.5833  LR: 1.00e-03
2026-08-03 21:18:50,999 | [FULL    ] | INFO | full_experiments_using.model_trainers.mobile_vit_trainer | Ep [049/500] T-Acc:  60.5%  V-Acc:  56.5%  V-AUROC: 0.5857  LR: 1.00e-03
2026-08-03 21:19:19,004 | [FULL    ] | INFO | full_experiments_using.model_trainers.mobile_vit_trainer | Ep [050/500] T-Acc:  61.1%  V-Acc:  56.3%  V-AUROC: 0.5920  LR: 1.00e-03
2026-08-03 21:19:19,190 | [FULL    ] | INFO | full_experiments_using.model_trainers.mobile_vit_trainer |   ↳ new best AUROC; saved checkpoint: /home/oem/choihyunsu/VOGBasedMCIDetection/outputs/checkpoints/run_20260803_091255_full_wvote_artifact30_w0-5-10-10-0-10-20-20_strat_4err/fold_26_best.pth
2026-08-03 21:19:47,424 | [FULL    ] | INFO | full_experiments_using.model_trainers.mobile_vit_trainer | Ep [051/500] T-Acc:  60.9%  V-Acc:  56.7%  V-AUROC: 0.5866  LR: 1.00e-03
2026-08-03 21:20:15,429 | [FULL    ] | INFO | full_experiments_using.model_trainers.mobile_vit_trainer | Ep [052/500] T-Acc:  60.6%  V-Acc:  57.2%  V-AUROC: 0.5935  LR: 1.00e-03
2026-08-03 21:20:15,581 | [FULL    ] | INFO | full_experiments_using.model_trainers.mobile_vit_trainer |   ↳ new best AUROC; saved checkpoint: /home/oem/choihyunsu/VOGBasedMCIDetection/outputs/checkpoints/run_20260803_091255_full_wvote_artifact30_w0-5-10-10-0-10-20-20_strat_4err/fold_26_best.pth
2026-08-03 21:20:43,848 | [FULL    ] | INFO | full_experiments_using.model_trainers.mobile_vit_trainer | Ep [053/500] T-Acc:  63.2%  V-Acc:  57.7%  V-AUROC: 0.5962  LR: 1.00e-03
2026-08-03 21:20:44,006 | [FULL    ] | INFO | full_experiments_using.model_trainers.mobile_vit_trainer |   ↳ new best AUROC; saved checkpoint: /home/oem/choihyunsu/VOGBasedMCIDetection/outputs/checkpoints/run_20260803_091255_full_wvote_artifact30_w0-5-10-10-0-10-20-20_strat_4err/fold_26_best.pth
2026-08-03 21:21:12,172 | [FULL    ] | INFO | full_experiments_using.model_trainers.mobile_vit_trainer | Ep [054/500] T-Acc:  62.2%  V-Acc:  56.2%  V-AUROC: 0.5904  LR: 1.00e-03
2026-08-03 21:21:40,457 | [FULL    ] | INFO | full_experiments_using.model_trainers.mobile_vit_trainer | Ep [055/500] T-Acc:  60.8%  V-Acc:  56.1%  V-AUROC: 0.5946  LR: 1.00e-03
2026-08-03 21:22:08,567 | [FULL    ] | INFO | full_experiments_using.model_trainers.mobile_vit_trainer | Ep [056/500] T-Acc:  62.1%  V-Acc:  57.1%  V-AUROC: 0.5930  LR: 1.00e-03
2026-08-03 21:22:36,480 | [FULL    ] | INFO | full_experiments_using.model_trainers.mobile_vit_trainer | Ep [057/500] T-Acc:  62.1%  V-Acc:  55.8%  V-AUROC: 0.5953  LR: 1.00e-03
2026-08-03 21:23:04,393 | [FULL    ] | INFO | full_experiments_using.model_trainers.mobile_vit_trainer | Ep [058/500] T-Acc:  61.4%  V-Acc:  56.6%  V-AUROC: 0.5942  LR: 1.00e-03
2026-08-03 21:23:32,382 | [FULL    ] | INFO | full_experiments_using.model_trainers.mobile_vit_trainer | Ep [059/500] T-Acc:  62.0%  V-Acc:  56.1%  V-AUROC: 0.5834  LR: 1.00e-03
2026-08-03 21:24:00,565 | [FULL    ] | INFO | full_experiments_using.model_trainers.mobile_vit_trainer | Ep [060/500] T-Acc:  61.2%  V-Acc:  56.8%  V-AUROC: 0.5885  LR: 1.00e-03
2026-08-03 21:24:28,597 | [FULL    ] | INFO | full_experiments_using.model_trainers.mobile_vit_trainer | Ep [061/500] T-Acc:  61.5%  V-Acc:  56.6%  V-AUROC: 0.5886  LR: 1.00e-03
2026-08-03 21:24:56,689 | [FULL    ] | INFO | full_experiments_using.model_trainers.mobile_vit_trainer | Ep [062/500] T-Acc:  62.7%  V-Acc:  56.7%  V-AUROC: 0.5898  LR: 1.00e-03
2026-08-03 21:25:24,811 | [FULL    ] | INFO | full_experiments_using.model_trainers.mobile_vit_trainer | Ep [063/500] T-Acc:  62.1%  V-Acc:  56.5%  V-AUROC: 0.5882  LR: 1.00e-03
2026-08-03 21:25:53,030 | [FULL    ] | INFO | full_experiments_using.model_trainers.mobile_vit_trainer | Ep [064/500] T-Acc:  62.0%  V-Acc:  56.6%  V-AUROC: 0.5910  LR: 1.00e-03
2026-08-03 21:26:21,153 | [FULL    ] | INFO | full_experiments_using.model_trainers.mobile_vit_trainer | Ep [065/500] T-Acc:  62.5%  V-Acc:  56.2%  V-AUROC: 0.5933  LR: 2.00e-04
2026-08-03 21:26:49,509 | [FULL    ] | INFO | full_experiments_using.model_trainers.mobile_vit_trainer | Ep [066/500] T-Acc:  62.9%  V-Acc:  56.2%  V-AUROC: 0.5908  LR: 2.00e-04
2026-08-03 21:27:17,841 | [FULL    ] | INFO | full_experiments_using.model_trainers.mobile_vit_trainer | Ep [067/500] T-Acc:  62.4%  V-Acc:  56.0%  V-AUROC: 0.5906  LR: 2.00e-04
2026-08-03 21:27:46,102 | [FULL    ] | INFO | full_experiments_using.model_trainers.mobile_vit_trainer | Ep [068/500] T-Acc:  62.2%  V-Acc:  56.4%  V-AUROC: 0.5900  LR: 2.00e-04
2026-08-03 21:28:14,086 | [FULL    ] | INFO | full_experiments_using.model_trainers.mobile_vit_trainer | Ep [069/500] T-Acc:  62.5%  V-Acc:  56.3%  V-AUROC: 0.5887  LR: 2.00e-04
2026-08-03 21:28:42,261 | [FULL    ] | INFO | full_experiments_using.model_trainers.mobile_vit_trainer | Ep [070/500] T-Acc:  63.0%  V-Acc:  55.9%  V-AUROC: 0.5909  LR: 2.00e-04
2026-08-03 21:29:10,368 | [FULL    ] | INFO | full_experiments_using.model_trainers.mobile_vit_trainer | Ep [071/500] T-Acc:  62.1%  V-Acc:  56.4%  V-AUROC: 0.5899  LR: 2.00e-04
2026-08-03 21:29:38,447 | [FULL    ] | INFO | full_experiments_using.model_trainers.mobile_vit_trainer | Ep [072/500] T-Acc:  62.0%  V-Acc:  56.2%  V-AUROC: 0.5851  LR: 2.00e-04
2026-08-03 21:30:06,076 | [FULL    ] | INFO | full_experiments_using.model_trainers.mobile_vit_trainer | Ep [073/500] T-Acc:  61.6%  V-Acc:  56.6%  V-AUROC: 0.5861  LR: 2.00e-04
2026-08-03 21:30:32,737 | [FULL    ] | INFO | full_experiments_using.model_trainers.mobile_vit_trainer | Ep [074/500] T-Acc:  62.3%  V-Acc:  55.8%  V-AUROC: 0.5880  LR: 2.00e-04
2026-08-03 21:30:58,820 | [FULL    ] | INFO | full_experiments_using.model_trainers.mobile_vit_trainer | Ep [075/500] T-Acc:  61.9%  V-Acc:  56.2%  V-AUROC: 0.5852  LR: 2.00e-04
2026-08-03 21:31:27,041 | [FULL    ] | INFO | full_experiments_using.model_trainers.mobile_vit_trainer | Ep [076/500] T-Acc:  62.1%  V-Acc:  56.6%  V-AUROC: 0.5874  LR: 4.00e-05
2026-08-03 21:31:54,800 | [FULL    ] | INFO | full_experiments_using.model_trainers.mobile_vit_trainer | Ep [077/500] T-Acc:  62.7%  V-Acc:  56.4%  V-AUROC: 0.5888  LR: 4.00e-05
2026-08-03 21:32:22,883 | [FULL    ] | INFO | full_experiments_using.model_trainers.mobile_vit_trainer | Ep [078/500] T-Acc:  62.0%  V-Acc:  55.7%  V-AUROC: 0.5855  LR: 4.00e-05
2026-08-03 21:32:51,005 | [FULL    ] | INFO | full_experiments_using.model_trainers.mobile_vit_trainer | Ep [079/500] T-Acc:  62.3%  V-Acc:  56.4%  V-AUROC: 0.5868  LR: 4.00e-05
2026-08-03 21:33:19,074 | [FULL    ] | INFO | full_experiments_using.model_trainers.mobile_vit_trainer | Ep [080/500] T-Acc:  62.7%  V-Acc:  55.9%  V-AUROC: 0.5865  LR: 4.00e-05
2026-08-03 21:33:47,361 | [FULL    ] | INFO | full_experiments_using.model_trainers.mobile_vit_trainer | Ep [081/500] T-Acc:  62.9%  V-Acc:  55.8%  V-AUROC: 0.5837  LR: 4.00e-05
2026-08-03 21:34:15,617 | [FULL    ] | INFO | full_experiments_using.model_trainers.mobile_vit_trainer | Ep [082/500] T-Acc:  62.2%  V-Acc:  56.1%  V-AUROC: 0.5861  LR: 4.00e-05
2026-08-03 21:34:43,844 | [FULL    ] | INFO | full_experiments_using.model_trainers.mobile_vit_trainer | Ep [083/500] T-Acc:  63.0%  V-Acc:  56.4%  V-AUROC: 0.5884  LR: 4.00e-05
2026-08-03 21:34:43,845 | [FULL    ] | INFO | full_experiments_using.model_trainers.mobile_vit_trainer | Early stop — best AUROC 0.5962 at epoch 53 (no improvement for 30 epochs)
2026-08-03 21:34:43,845 | [FULL    ] | INFO | full_experiments_using.model_trainers.mobile_vit_trainer | Done. Best AUROC: 0.5962 (epoch 53) → /home/oem/choihyunsu/VOGBasedMCIDetection/outputs/checkpoints/run_20260803_091255_full_wvote_artifact30_w0-5-10-10-0-10-20-20_strat_4err/fold_26_best.pth
2026-08-03 21:34:49,591 | [FULL    ] | INFO | full_experiments_using.evaluators.monte_carlo_evaluator | -> Fold 27 Result | Acc=0.818 Sens=0.750 Spec=1.000 AUROC=1.000
2026-08-03 21:34:49,598 | [FULL    ] | INFO | full_experiments_using.evaluators.monte_carlo_evaluator | === Fold 28/30 | train: 25 subj (HC=10 MCI=15) / 3886 win | test: 12 subj (HC=4 MCI=8) / 1829 win ===
2026-08-03 21:34:49,840 | [FULL    ] | INFO | httpx | HTTP Request: HEAD https://huggingface.co/apple/mobilevit-small/resolve/main/config.json "HTTP/1.1 307 Temporary Redirect"
2026-08-03 21:34:49,854 | [FULL    ] | INFO | httpx | HTTP Request: HEAD https://huggingface.co/api/resolve-cache/models/apple/mobilevit-small/6c8612545dc98676d27bc518fa521d9e9af23e34/config.json "HTTP/1.1 200 OK"
2026-08-03 21:34:50,166 | [FULL    ] | INFO | httpx | HTTP Request: HEAD https://huggingface.co/apple/mobilevit-small/resolve/main/model.safetensors "HTTP/1.1 404 Not Found"
2026-08-03 21:34:50,369 | [FULL    ] | INFO | httpx | HTTP Request: HEAD https://huggingface.co/apple/mobilevit-small/resolve/main/model.safetensors.index.json "HTTP/1.1 404 Not Found"
2026-08-03 21:34:50,588 | [FULL    ] | INFO | httpx | HTTP Request: HEAD https://huggingface.co/apple/mobilevit-small/resolve/main/pytorch_model.bin "HTTP/1.1 302 Found"
2026-08-03 21:34:50,800 | [FULL    ] | INFO | httpx | HTTP Request: HEAD https://huggingface.co/apple/mobilevit-small/resolve/main/model.safetensors "HTTP/1.1 404 Not Found"
2026-08-03 21:34:51,003 | [FULL    ] | INFO | httpx | HTTP Request: GET https://huggingface.co/api/models/apple/mobilevit-small "HTTP/1.1 200 OK"
2026-08-03 21:34:51,223 | [FULL    ] | INFO | httpx | HTTP Request: GET https://huggingface.co/api/models/apple/mobilevit-small/commits/main "HTTP/1.1 200 OK"
2026-08-03 21:34:51,450 | [FULL    ] | INFO | httpx | HTTP Request: GET https://huggingface.co/api/models/apple/mobilevit-small/discussions?p=0 "HTTP/1.1 200 OK"
2026-08-03 21:34:51,664 | [FULL    ] | INFO | httpx | HTTP Request: GET https://huggingface.co/api/models/apple/mobilevit-small/commits/refs%2Fpr%2F6 "HTTP/1.1 200 OK"
2026-08-03 21:34:51,917 | [FULL    ] | INFO | httpx | HTTP Request: HEAD https://huggingface.co/apple/mobilevit-small/resolve/refs%2Fpr%2F6/model.safetensors.index.json "HTTP/1.1 404 Not Found"
2026-08-03 21:34:52,126 | [FULL    ] | INFO | httpx | HTTP Request: HEAD https://huggingface.co/apple/mobilevit-small/resolve/refs%2Fpr%2F6/model.safetensors "HTTP/1.1 302 Found"
2026-08-03 21:34:53,029 | [FULL    ] | INFO | full_experiments_using.model_trainers.mobile_vit_trainer | Device: cuda | max_epochs=500 | batch=32 | eval_batch=256 | es_patience=30
2026-08-03 21:34:53,047 | [FULL    ] | INFO | full_experiments_using.model_trainers.mobile_vit_trainer | CE weights — HC: 1.095  MCI: 0.920
2026-08-03 21:35:30,361 | [FULL    ] | INFO | full_experiments_using.model_trainers.mobile_vit_trainer | Ep [001/500] T-Acc:  51.1%  V-Acc:  54.3%  V-AUROC: 0.5566  LR: 2.00e-04
2026-08-03 21:35:30,465 | [FULL    ] | INFO | full_experiments_using.model_trainers.mobile_vit_trainer |   ↳ new best AUROC; saved checkpoint: /home/oem/choihyunsu/VOGBasedMCIDetection/outputs/checkpoints/run_20260803_091255_full_wvote_artifact30_w0-5-10-10-0-10-20-20_strat_4err/fold_27_best.pth
2026-08-03 21:35:58,787 | [FULL    ] | INFO | full_experiments_using.model_trainers.mobile_vit_trainer | Ep [002/500] T-Acc:  52.6%  V-Acc:  55.8%  V-AUROC: 0.5679  LR: 4.00e-04
2026-08-03 21:35:58,944 | [FULL    ] | INFO | full_experiments_using.model_trainers.mobile_vit_trainer |   ↳ new best AUROC; saved checkpoint: /home/oem/choihyunsu/VOGBasedMCIDetection/outputs/checkpoints/run_20260803_091255_full_wvote_artifact30_w0-5-10-10-0-10-20-20_strat_4err/fold_27_best.pth
2026-08-03 21:36:27,261 | [FULL    ] | INFO | full_experiments_using.model_trainers.mobile_vit_trainer | Ep [003/500] T-Acc:  49.2%  V-Acc:  57.2%  V-AUROC: 0.5650  LR: 6.00e-04
2026-08-03 21:36:55,580 | [FULL    ] | INFO | full_experiments_using.model_trainers.mobile_vit_trainer | Ep [004/500] T-Acc:  52.5%  V-Acc:  55.6%  V-AUROC: 0.5831  LR: 8.00e-04
2026-08-03 21:36:55,767 | [FULL    ] | INFO | full_experiments_using.model_trainers.mobile_vit_trainer |   ↳ new best AUROC; saved checkpoint: /home/oem/choihyunsu/VOGBasedMCIDetection/outputs/checkpoints/run_20260803_091255_full_wvote_artifact30_w0-5-10-10-0-10-20-20_strat_4err/fold_27_best.pth
2026-08-03 21:37:23,906 | [FULL    ] | INFO | full_experiments_using.model_trainers.mobile_vit_trainer | Ep [005/500] T-Acc:  52.7%  V-Acc:  56.0%  V-AUROC: 0.5620  LR: 1.00e-03
2026-08-03 21:37:52,175 | [FULL    ] | INFO | full_experiments_using.model_trainers.mobile_vit_trainer | Ep [006/500] T-Acc:  51.3%  V-Acc:  56.5%  V-AUROC: 0.5679  LR: 1.00e-03
2026-08-03 21:38:19,753 | [FULL    ] | INFO | full_experiments_using.model_trainers.mobile_vit_trainer | Ep [007/500] T-Acc:  54.4%  V-Acc:  56.8%  V-AUROC: 0.5766  LR: 1.00e-03
2026-08-03 21:38:47,678 | [FULL    ] | INFO | full_experiments_using.model_trainers.mobile_vit_trainer | Ep [008/500] T-Acc:  54.8%  V-Acc:  56.2%  V-AUROC: 0.5990  LR: 1.00e-03
2026-08-03 21:38:47,858 | [FULL    ] | INFO | full_experiments_using.model_trainers.mobile_vit_trainer |   ↳ new best AUROC; saved checkpoint: /home/oem/choihyunsu/VOGBasedMCIDetection/outputs/checkpoints/run_20260803_091255_full_wvote_artifact30_w0-5-10-10-0-10-20-20_strat_4err/fold_27_best.pth
2026-08-03 21:39:14,316 | [FULL    ] | INFO | full_experiments_using.model_trainers.mobile_vit_trainer | Ep [009/500] T-Acc:  53.6%  V-Acc:  56.2%  V-AUROC: 0.5937  LR: 1.00e-03
2026-08-03 21:39:42,463 | [FULL    ] | INFO | full_experiments_using.model_trainers.mobile_vit_trainer | Ep [010/500] T-Acc:  54.3%  V-Acc:  56.8%  V-AUROC: 0.6011  LR: 1.00e-03
2026-08-03 21:39:42,611 | [FULL    ] | INFO | full_experiments_using.model_trainers.mobile_vit_trainer |   ↳ new best AUROC; saved checkpoint: /home/oem/choihyunsu/VOGBasedMCIDetection/outputs/checkpoints/run_20260803_091255_full_wvote_artifact30_w0-5-10-10-0-10-20-20_strat_4err/fold_27_best.pth
2026-08-03 21:40:10,900 | [FULL    ] | INFO | full_experiments_using.model_trainers.mobile_vit_trainer | Ep [011/500] T-Acc:  55.0%  V-Acc:  58.7%  V-AUROC: 0.6114  LR: 1.00e-03
2026-08-03 21:40:11,081 | [FULL    ] | INFO | full_experiments_using.model_trainers.mobile_vit_trainer |   ↳ new best AUROC; saved checkpoint: /home/oem/choihyunsu/VOGBasedMCIDetection/outputs/checkpoints/run_20260803_091255_full_wvote_artifact30_w0-5-10-10-0-10-20-20_strat_4err/fold_27_best.pth
2026-08-03 21:40:39,314 | [FULL    ] | INFO | full_experiments_using.model_trainers.mobile_vit_trainer | Ep [012/500] T-Acc:  55.8%  V-Acc:  57.4%  V-AUROC: 0.5945  LR: 1.00e-03
2026-08-03 21:41:07,684 | [FULL    ] | INFO | full_experiments_using.model_trainers.mobile_vit_trainer | Ep [013/500] T-Acc:  53.8%  V-Acc:  57.3%  V-AUROC: 0.5959  LR: 1.00e-03
2026-08-03 21:41:35,809 | [FULL    ] | INFO | full_experiments_using.model_trainers.mobile_vit_trainer | Ep [014/500] T-Acc:  56.1%  V-Acc:  57.6%  V-AUROC: 0.6065  LR: 1.00e-03
2026-08-03 21:42:04,097 | [FULL    ] | INFO | full_experiments_using.model_trainers.mobile_vit_trainer | Ep [015/500] T-Acc:  55.8%  V-Acc:  57.8%  V-AUROC: 0.5804  LR: 1.00e-03
2026-08-03 21:42:32,434 | [FULL    ] | INFO | full_experiments_using.model_trainers.mobile_vit_trainer | Ep [016/500] T-Acc:  56.7%  V-Acc:  58.9%  V-AUROC: 0.5842  LR: 1.00e-03
2026-08-03 21:43:00,734 | [FULL    ] | INFO | full_experiments_using.model_trainers.mobile_vit_trainer | Ep [017/500] T-Acc:  55.2%  V-Acc:  57.9%  V-AUROC: 0.6207  LR: 1.00e-03
2026-08-03 21:43:00,922 | [FULL    ] | INFO | full_experiments_using.model_trainers.mobile_vit_trainer |   ↳ new best AUROC; saved checkpoint: /home/oem/choihyunsu/VOGBasedMCIDetection/outputs/checkpoints/run_20260803_091255_full_wvote_artifact30_w0-5-10-10-0-10-20-20_strat_4err/fold_27_best.pth
2026-08-03 21:43:29,459 | [FULL    ] | INFO | full_experiments_using.model_trainers.mobile_vit_trainer | Ep [018/500] T-Acc:  56.4%  V-Acc:  56.6%  V-AUROC: 0.6014  LR: 1.00e-03
2026-08-03 21:43:57,691 | [FULL    ] | INFO | full_experiments_using.model_trainers.mobile_vit_trainer | Ep [019/500] T-Acc:  56.3%  V-Acc:  56.6%  V-AUROC: 0.6043  LR: 1.00e-03
2026-08-03 21:44:25,953 | [FULL    ] | INFO | full_experiments_using.model_trainers.mobile_vit_trainer | Ep [020/500] T-Acc:  56.9%  V-Acc:  57.3%  V-AUROC: 0.6177  LR: 1.00e-03
2026-08-03 21:44:53,214 | [FULL    ] | INFO | full_experiments_using.model_trainers.mobile_vit_trainer | Ep [021/500] T-Acc:  57.5%  V-Acc:  58.5%  V-AUROC: 0.6063  LR: 1.00e-03
2026-08-03 21:45:19,541 | [FULL    ] | INFO | full_experiments_using.model_trainers.mobile_vit_trainer | Ep [022/500] T-Acc:  58.7%  V-Acc:  58.0%  V-AUROC: 0.6141  LR: 1.00e-03
2026-08-03 21:45:47,608 | [FULL    ] | INFO | full_experiments_using.model_trainers.mobile_vit_trainer | Ep [023/500] T-Acc:  58.0%  V-Acc:  59.0%  V-AUROC: 0.6128  LR: 1.00e-03
2026-08-03 21:46:15,907 | [FULL    ] | INFO | full_experiments_using.model_trainers.mobile_vit_trainer | Ep [024/500] T-Acc:  59.4%  V-Acc:  58.8%  V-AUROC: 0.6079  LR: 1.00e-03
2026-08-03 21:46:44,252 | [FULL    ] | INFO | full_experiments_using.model_trainers.mobile_vit_trainer | Ep [025/500] T-Acc:  59.2%  V-Acc:  57.5%  V-AUROC: 0.6294  LR: 1.00e-03
2026-08-03 21:46:44,431 | [FULL    ] | INFO | full_experiments_using.model_trainers.mobile_vit_trainer |   ↳ new best AUROC; saved checkpoint: /home/oem/choihyunsu/VOGBasedMCIDetection/outputs/checkpoints/run_20260803_091255_full_wvote_artifact30_w0-5-10-10-0-10-20-20_strat_4err/fold_27_best.pth
2026-08-03 21:47:12,571 | [FULL    ] | INFO | full_experiments_using.model_trainers.mobile_vit_trainer | Ep [026/500] T-Acc:  59.0%  V-Acc:  58.8%  V-AUROC: 0.6249  LR: 1.00e-03
2026-08-03 21:47:40,927 | [FULL    ] | INFO | full_experiments_using.model_trainers.mobile_vit_trainer | Ep [027/500] T-Acc:  59.1%  V-Acc:  56.5%  V-AUROC: 0.6126  LR: 1.00e-03
2026-08-03 21:48:09,194 | [FULL    ] | INFO | full_experiments_using.model_trainers.mobile_vit_trainer | Ep [028/500] T-Acc:  58.5%  V-Acc:  58.7%  V-AUROC: 0.6064  LR: 1.00e-03
2026-08-03 21:48:37,388 | [FULL    ] | INFO | full_experiments_using.model_trainers.mobile_vit_trainer | Ep [029/500] T-Acc:  60.0%  V-Acc:  58.8%  V-AUROC: 0.6115  LR: 1.00e-03
2026-08-03 21:49:05,635 | [FULL    ] | INFO | full_experiments_using.model_trainers.mobile_vit_trainer | Ep [030/500] T-Acc:  58.8%  V-Acc:  59.0%  V-AUROC: 0.6276  LR: 1.00e-03
2026-08-03 21:49:34,138 | [FULL    ] | INFO | full_experiments_using.model_trainers.mobile_vit_trainer | Ep [031/500] T-Acc:  60.2%  V-Acc:  56.8%  V-AUROC: 0.6284  LR: 1.00e-03
2026-08-03 21:49:59,864 | [FULL    ] | INFO | full_experiments_using.model_trainers.mobile_vit_trainer | Ep [032/500] T-Acc:  60.1%  V-Acc:  58.9%  V-AUROC: 0.6254  LR: 1.00e-03
2026-08-03 21:50:27,627 | [FULL    ] | INFO | full_experiments_using.model_trainers.mobile_vit_trainer | Ep [033/500] T-Acc:  58.6%  V-Acc:  58.2%  V-AUROC: 0.6331  LR: 1.00e-03
2026-08-03 21:50:27,801 | [FULL    ] | INFO | full_experiments_using.model_trainers.mobile_vit_trainer |   ↳ new best AUROC; saved checkpoint: /home/oem/choihyunsu/VOGBasedMCIDetection/outputs/checkpoints/run_20260803_091255_full_wvote_artifact30_w0-5-10-10-0-10-20-20_strat_4err/fold_27_best.pth
2026-08-03 21:50:54,981 | [FULL    ] | INFO | full_experiments_using.model_trainers.mobile_vit_trainer | Ep [034/500] T-Acc:  59.2%  V-Acc:  59.8%  V-AUROC: 0.6015  LR: 1.00e-03
2026-08-03 21:51:23,407 | [FULL    ] | INFO | full_experiments_using.model_trainers.mobile_vit_trainer | Ep [035/500] T-Acc:  59.9%  V-Acc:  57.4%  V-AUROC: 0.6223  LR: 1.00e-03
2026-08-03 21:51:51,479 | [FULL    ] | INFO | full_experiments_using.model_trainers.mobile_vit_trainer | Ep [036/500] T-Acc:  59.3%  V-Acc:  58.3%  V-AUROC: 0.6341  LR: 1.00e-03
2026-08-03 21:51:51,648 | [FULL    ] | INFO | full_experiments_using.model_trainers.mobile_vit_trainer |   ↳ new best AUROC; saved checkpoint: /home/oem/choihyunsu/VOGBasedMCIDetection/outputs/checkpoints/run_20260803_091255_full_wvote_artifact30_w0-5-10-10-0-10-20-20_strat_4err/fold_27_best.pth
2026-08-03 21:52:19,873 | [FULL    ] | INFO | full_experiments_using.model_trainers.mobile_vit_trainer | Ep [037/500] T-Acc:  60.5%  V-Acc:  58.2%  V-AUROC: 0.6060  LR: 1.00e-03
2026-08-03 21:52:48,048 | [FULL    ] | INFO | full_experiments_using.model_trainers.mobile_vit_trainer | Ep [038/500] T-Acc:  59.9%  V-Acc:  60.2%  V-AUROC: 0.6262  LR: 1.00e-03
2026-08-03 21:53:16,489 | [FULL    ] | INFO | full_experiments_using.model_trainers.mobile_vit_trainer | Ep [039/500] T-Acc:  60.0%  V-Acc:  58.3%  V-AUROC: 0.6317  LR: 1.00e-03
2026-08-03 21:53:44,569 | [FULL    ] | INFO | full_experiments_using.model_trainers.mobile_vit_trainer | Ep [040/500] T-Acc:  61.2%  V-Acc:  58.8%  V-AUROC: 0.6330  LR: 1.00e-03
2026-08-03 21:54:12,938 | [FULL    ] | INFO | full_experiments_using.model_trainers.mobile_vit_trainer | Ep [041/500] T-Acc:  60.5%  V-Acc:  58.0%  V-AUROC: 0.6319  LR: 1.00e-03
2026-08-03 21:54:41,317 | [FULL    ] | INFO | full_experiments_using.model_trainers.mobile_vit_trainer | Ep [042/500] T-Acc:  60.6%  V-Acc:  57.6%  V-AUROC: 0.6298  LR: 1.00e-03
2026-08-03 21:55:09,684 | [FULL    ] | INFO | full_experiments_using.model_trainers.mobile_vit_trainer | Ep [043/500] T-Acc:  60.5%  V-Acc:  57.1%  V-AUROC: 0.6281  LR: 1.00e-03
2026-08-03 21:55:37,853 | [FULL    ] | INFO | full_experiments_using.model_trainers.mobile_vit_trainer | Ep [044/500] T-Acc:  59.7%  V-Acc:  58.6%  V-AUROC: 0.6303  LR: 1.00e-03
2026-08-03 21:56:06,173 | [FULL    ] | INFO | full_experiments_using.model_trainers.mobile_vit_trainer | Ep [045/500] T-Acc:  60.5%  V-Acc:  58.7%  V-AUROC: 0.6326  LR: 1.00e-03
2026-08-03 21:56:34,471 | [FULL    ] | INFO | full_experiments_using.model_trainers.mobile_vit_trainer | Ep [046/500] T-Acc:  60.2%  V-Acc:  58.3%  V-AUROC: 0.6303  LR: 1.00e-03
2026-08-03 21:57:02,962 | [FULL    ] | INFO | full_experiments_using.model_trainers.mobile_vit_trainer | Ep [047/500] T-Acc:  62.0%  V-Acc:  58.6%  V-AUROC: 0.6352  LR: 1.00e-03
2026-08-03 21:57:03,189 | [FULL    ] | INFO | full_experiments_using.model_trainers.mobile_vit_trainer |   ↳ new best AUROC; saved checkpoint: /home/oem/choihyunsu/VOGBasedMCIDetection/outputs/checkpoints/run_20260803_091255_full_wvote_artifact30_w0-5-10-10-0-10-20-20_strat_4err/fold_27_best.pth
2026-08-03 21:57:31,574 | [FULL    ] | INFO | full_experiments_using.model_trainers.mobile_vit_trainer | Ep [048/500] T-Acc:  60.5%  V-Acc:  59.0%  V-AUROC: 0.6111  LR: 1.00e-03
2026-08-03 21:57:59,890 | [FULL    ] | INFO | full_experiments_using.model_trainers.mobile_vit_trainer | Ep [049/500] T-Acc:  60.8%  V-Acc:  57.8%  V-AUROC: 0.6307  LR: 1.00e-03
2026-08-03 21:58:28,358 | [FULL    ] | INFO | full_experiments_using.model_trainers.mobile_vit_trainer | Ep [050/500] T-Acc:  60.4%  V-Acc:  57.2%  V-AUROC: 0.6208  LR: 1.00e-03
2026-08-03 21:58:56,707 | [FULL    ] | INFO | full_experiments_using.model_trainers.mobile_vit_trainer | Ep [051/500] T-Acc:  61.9%  V-Acc:  57.4%  V-AUROC: 0.6161  LR: 1.00e-03
2026-08-03 21:59:25,060 | [FULL    ] | INFO | full_experiments_using.model_trainers.mobile_vit_trainer | Ep [052/500] T-Acc:  60.8%  V-Acc:  58.7%  V-AUROC: 0.5990  LR: 1.00e-03
2026-08-03 21:59:53,510 | [FULL    ] | INFO | full_experiments_using.model_trainers.mobile_vit_trainer | Ep [053/500] T-Acc:  60.9%  V-Acc:  57.4%  V-AUROC: 0.6215  LR: 1.00e-03
2026-08-03 22:00:21,997 | [FULL    ] | INFO | full_experiments_using.model_trainers.mobile_vit_trainer | Ep [054/500] T-Acc:  61.3%  V-Acc:  57.3%  V-AUROC: 0.6243  LR: 1.00e-03
2026-08-03 22:00:50,361 | [FULL    ] | INFO | full_experiments_using.model_trainers.mobile_vit_trainer | Ep [055/500] T-Acc:  61.5%  V-Acc:  57.7%  V-AUROC: 0.6218  LR: 1.00e-03
2026-08-03 22:01:18,643 | [FULL    ] | INFO | full_experiments_using.model_trainers.mobile_vit_trainer | Ep [056/500] T-Acc:  60.6%  V-Acc:  59.3%  V-AUROC: 0.6352  LR: 1.00e-03
2026-08-03 22:01:18,803 | [FULL    ] | INFO | full_experiments_using.model_trainers.mobile_vit_trainer |   ↳ new best AUROC; saved checkpoint: /home/oem/choihyunsu/VOGBasedMCIDetection/outputs/checkpoints/run_20260803_091255_full_wvote_artifact30_w0-5-10-10-0-10-20-20_strat_4err/fold_27_best.pth
2026-08-03 22:01:47,101 | [FULL    ] | INFO | full_experiments_using.model_trainers.mobile_vit_trainer | Ep [057/500] T-Acc:  61.1%  V-Acc:  58.6%  V-AUROC: 0.6289  LR: 1.00e-03
2026-08-03 22:02:15,561 | [FULL    ] | INFO | full_experiments_using.model_trainers.mobile_vit_trainer | Ep [058/500] T-Acc:  61.9%  V-Acc:  58.3%  V-AUROC: 0.6294  LR: 1.00e-03
2026-08-03 22:02:44,075 | [FULL    ] | INFO | full_experiments_using.model_trainers.mobile_vit_trainer | Ep [059/500] T-Acc:  60.7%  V-Acc:  58.6%  V-AUROC: 0.6283  LR: 2.00e-04
2026-08-03 22:03:12,224 | [FULL    ] | INFO | full_experiments_using.model_trainers.mobile_vit_trainer | Ep [060/500] T-Acc:  61.8%  V-Acc:  58.1%  V-AUROC: 0.6276  LR: 2.00e-04
2026-08-03 22:03:40,381 | [FULL    ] | INFO | full_experiments_using.model_trainers.mobile_vit_trainer | Ep [061/500] T-Acc:  61.0%  V-Acc:  58.0%  V-AUROC: 0.6254  LR: 2.00e-04
2026-08-03 22:04:08,608 | [FULL    ] | INFO | full_experiments_using.model_trainers.mobile_vit_trainer | Ep [062/500] T-Acc:  62.1%  V-Acc:  58.2%  V-AUROC: 0.6257  LR: 2.00e-04
2026-08-03 22:04:36,906 | [FULL    ] | INFO | full_experiments_using.model_trainers.mobile_vit_trainer | Ep [063/500] T-Acc:  61.8%  V-Acc:  58.1%  V-AUROC: 0.6268  LR: 2.00e-04
2026-08-03 22:05:05,360 | [FULL    ] | INFO | full_experiments_using.model_trainers.mobile_vit_trainer | Ep [064/500] T-Acc:  61.9%  V-Acc:  58.3%  V-AUROC: 0.6283  LR: 2.00e-04
2026-08-03 22:05:33,774 | [FULL    ] | INFO | full_experiments_using.model_trainers.mobile_vit_trainer | Ep [065/500] T-Acc:  62.2%  V-Acc:  58.3%  V-AUROC: 0.6282  LR: 2.00e-04
2026-08-03 22:06:02,042 | [FULL    ] | INFO | full_experiments_using.model_trainers.mobile_vit_trainer | Ep [066/500] T-Acc:  61.8%  V-Acc:  58.3%  V-AUROC: 0.6306  LR: 2.00e-04
2026-08-03 22:06:30,284 | [FULL    ] | INFO | full_experiments_using.model_trainers.mobile_vit_trainer | Ep [067/500] T-Acc:  62.5%  V-Acc:  58.1%  V-AUROC: 0.6266  LR: 2.00e-04
2026-08-03 22:06:58,662 | [FULL    ] | INFO | full_experiments_using.model_trainers.mobile_vit_trainer | Ep [068/500] T-Acc:  61.5%  V-Acc:  57.4%  V-AUROC: 0.6290  LR: 2.00e-04
2026-08-03 22:07:26,898 | [FULL    ] | INFO | full_experiments_using.model_trainers.mobile_vit_trainer | Ep [069/500] T-Acc:  62.1%  V-Acc:  56.9%  V-AUROC: 0.6240  LR: 2.00e-04
2026-08-03 22:07:55,228 | [FULL    ] | INFO | full_experiments_using.model_trainers.mobile_vit_trainer | Ep [070/500] T-Acc:  62.5%  V-Acc:  57.8%  V-AUROC: 0.6240  LR: 4.00e-05
2026-08-03 22:08:21,647 | [FULL    ] | INFO | full_experiments_using.model_trainers.mobile_vit_trainer | Ep [071/500] T-Acc:  61.7%  V-Acc:  57.7%  V-AUROC: 0.6231  LR: 4.00e-05
2026-08-03 22:08:46,306 | [FULL    ] | INFO | full_experiments_using.model_trainers.mobile_vit_trainer | Ep [072/500] T-Acc:  61.5%  V-Acc:  57.6%  V-AUROC: 0.6239  LR: 4.00e-05
2026-08-03 22:09:06,878 | [FULL    ] | INFO | full_experiments_using.model_trainers.mobile_vit_trainer | Ep [073/500] T-Acc:  62.0%  V-Acc:  57.5%  V-AUROC: 0.6242  LR: 4.00e-05
2026-08-03 22:09:28,219 | [FULL    ] | INFO | full_experiments_using.model_trainers.mobile_vit_trainer | Ep [074/500] T-Acc:  61.2%  V-Acc:  57.4%  V-AUROC: 0.6243  LR: 4.00e-05
2026-08-03 22:09:49,672 | [FULL    ] | INFO | full_experiments_using.model_trainers.mobile_vit_trainer | Ep [075/500] T-Acc:  61.6%  V-Acc:  57.7%  V-AUROC: 0.6248  LR: 4.00e-05
2026-08-03 22:10:11,219 | [FULL    ] | INFO | full_experiments_using.model_trainers.mobile_vit_trainer | Ep [076/500] T-Acc:  62.5%  V-Acc:  57.4%  V-AUROC: 0.6225  LR: 4.00e-05
2026-08-03 22:10:32,247 | [FULL    ] | INFO | full_experiments_using.model_trainers.mobile_vit_trainer | Ep [077/500] T-Acc:  62.7%  V-Acc:  57.3%  V-AUROC: 0.6224  LR: 4.00e-05
2026-08-03 22:10:53,418 | [FULL    ] | INFO | full_experiments_using.model_trainers.mobile_vit_trainer | Ep [078/500] T-Acc:  61.8%  V-Acc:  57.5%  V-AUROC: 0.6251  LR: 4.00e-05
2026-08-03 22:11:14,720 | [FULL    ] | INFO | full_experiments_using.model_trainers.mobile_vit_trainer | Ep [079/500] T-Acc:  62.4%  V-Acc:  57.5%  V-AUROC: 0.6242  LR: 4.00e-05
2026-08-03 22:11:36,052 | [FULL    ] | INFO | full_experiments_using.model_trainers.mobile_vit_trainer | Ep [080/500] T-Acc:  60.9%  V-Acc:  57.3%  V-AUROC: 0.6241  LR: 4.00e-05
2026-08-03 22:11:57,244 | [FULL    ] | INFO | full_experiments_using.model_trainers.mobile_vit_trainer | Ep [081/500] T-Acc:  62.1%  V-Acc:  57.6%  V-AUROC: 0.6256  LR: 8.00e-06
2026-08-03 22:12:18,605 | [FULL    ] | INFO | full_experiments_using.model_trainers.mobile_vit_trainer | Ep [082/500] T-Acc:  62.5%  V-Acc:  57.6%  V-AUROC: 0.6249  LR: 8.00e-06
2026-08-03 22:12:39,667 | [FULL    ] | INFO | full_experiments_using.model_trainers.mobile_vit_trainer | Ep [083/500] T-Acc:  63.3%  V-Acc:  57.6%  V-AUROC: 0.6262  LR: 8.00e-06
2026-08-03 22:13:00,624 | [FULL    ] | INFO | full_experiments_using.model_trainers.mobile_vit_trainer | Ep [084/500] T-Acc:  61.6%  V-Acc:  58.1%  V-AUROC: 0.6235  LR: 8.00e-06
2026-08-03 22:13:21,830 | [FULL    ] | INFO | full_experiments_using.model_trainers.mobile_vit_trainer | Ep [085/500] T-Acc:  62.3%  V-Acc:  58.0%  V-AUROC: 0.6265  LR: 8.00e-06
2026-08-03 22:13:42,893 | [FULL    ] | INFO | full_experiments_using.model_trainers.mobile_vit_trainer | Ep [086/500] T-Acc:  62.6%  V-Acc:  57.6%  V-AUROC: 0.6262  LR: 8.00e-06
2026-08-03 22:13:42,893 | [FULL    ] | INFO | full_experiments_using.model_trainers.mobile_vit_trainer | Early stop — best AUROC 0.6352 at epoch 56 (no improvement for 30 epochs)
2026-08-03 22:13:42,894 | [FULL    ] | INFO | full_experiments_using.model_trainers.mobile_vit_trainer | Done. Best AUROC: 0.6352 (epoch 56) → /home/oem/choihyunsu/VOGBasedMCIDetection/outputs/checkpoints/run_20260803_091255_full_wvote_artifact30_w0-5-10-10-0-10-20-20_strat_4err/fold_27_best.pth
2026-08-03 22:13:49,355 | [FULL    ] | INFO | full_experiments_using.evaluators.monte_carlo_evaluator | -> Fold 28 Result | Acc=0.909 Sens=0.875 Spec=1.000 AUROC=0.917
2026-08-03 22:13:49,362 | [FULL    ] | INFO | full_experiments_using.evaluators.monte_carlo_evaluator | === Fold 29/30 | train: 25 subj (HC=10 MCI=15) / 3878 win | test: 12 subj (HC=4 MCI=8) / 1837 win ===
2026-08-03 22:13:49,610 | [FULL    ] | INFO | httpx | HTTP Request: HEAD https://huggingface.co/apple/mobilevit-small/resolve/main/config.json "HTTP/1.1 307 Temporary Redirect"
2026-08-03 22:13:49,628 | [FULL    ] | INFO | httpx | HTTP Request: HEAD https://huggingface.co/api/resolve-cache/models/apple/mobilevit-small/6c8612545dc98676d27bc518fa521d9e9af23e34/config.json "HTTP/1.1 200 OK"
2026-08-03 22:13:49,916 | [FULL    ] | INFO | httpx | HTTP Request: HEAD https://huggingface.co/apple/mobilevit-small/resolve/main/model.safetensors "HTTP/1.1 404 Not Found"
2026-08-03 22:13:50,129 | [FULL    ] | INFO | httpx | HTTP Request: HEAD https://huggingface.co/apple/mobilevit-small/resolve/main/model.safetensors.index.json "HTTP/1.1 404 Not Found"
2026-08-03 22:13:50,350 | [FULL    ] | INFO | httpx | HTTP Request: HEAD https://huggingface.co/apple/mobilevit-small/resolve/main/pytorch_model.bin "HTTP/1.1 302 Found"
2026-08-03 22:13:50,556 | [FULL    ] | INFO | httpx | HTTP Request: HEAD https://huggingface.co/apple/mobilevit-small/resolve/main/model.safetensors "HTTP/1.1 404 Not Found"
2026-08-03 22:13:50,763 | [FULL    ] | INFO | httpx | HTTP Request: GET https://huggingface.co/api/models/apple/mobilevit-small "HTTP/1.1 200 OK"
2026-08-03 22:13:51,182 | [FULL    ] | INFO | httpx | HTTP Request: GET https://huggingface.co/api/models/apple/mobilevit-small/commits/main "HTTP/1.1 200 OK"
2026-08-03 22:13:51,415 | [FULL    ] | INFO | httpx | HTTP Request: GET https://huggingface.co/api/models/apple/mobilevit-small/discussions?p=0 "HTTP/1.1 200 OK"
2026-08-03 22:13:51,654 | [FULL    ] | INFO | httpx | HTTP Request: GET https://huggingface.co/api/models/apple/mobilevit-small/commits/refs%2Fpr%2F6 "HTTP/1.1 200 OK"
2026-08-03 22:13:51,867 | [FULL    ] | INFO | httpx | HTTP Request: HEAD https://huggingface.co/apple/mobilevit-small/resolve/refs%2Fpr%2F6/model.safetensors.index.json "HTTP/1.1 404 Not Found"
2026-08-03 22:13:51,970 | [FULL    ] | INFO | full_experiments_using.model_trainers.mobile_vit_trainer | Device: cuda | max_epochs=500 | batch=32 | eval_batch=256 | es_patience=30
2026-08-03 22:13:51,983 | [FULL    ] | INFO | full_experiments_using.model_trainers.mobile_vit_trainer | CE weights — HC: 1.093  MCI: 0.922
2026-08-03 22:13:52,089 | [FULL    ] | INFO | httpx | HTTP Request: HEAD https://huggingface.co/apple/mobilevit-small/resolve/refs%2Fpr%2F6/model.safetensors "HTTP/1.1 302 Found"
2026-08-03 22:14:19,663 | [FULL    ] | INFO | full_experiments_using.model_trainers.mobile_vit_trainer | Ep [001/500] T-Acc:  50.7%  V-Acc:  53.2%  V-AUROC: 0.4427  LR: 2.00e-04
2026-08-03 22:14:19,723 | [FULL    ] | INFO | full_experiments_using.model_trainers.mobile_vit_trainer |   ↳ new best AUROC; saved checkpoint: /home/oem/choihyunsu/VOGBasedMCIDetection/outputs/checkpoints/run_20260803_091255_full_wvote_artifact30_w0-5-10-10-0-10-20-20_strat_4err/fold_28_best.pth
2026-08-03 22:14:41,182 | [FULL    ] | INFO | full_experiments_using.model_trainers.mobile_vit_trainer | Ep [002/500] T-Acc:  49.1%  V-Acc:  54.5%  V-AUROC: 0.4689  LR: 4.00e-04
2026-08-03 22:14:41,429 | [FULL    ] | INFO | full_experiments_using.model_trainers.mobile_vit_trainer |   ↳ new best AUROC; saved checkpoint: /home/oem/choihyunsu/VOGBasedMCIDetection/outputs/checkpoints/run_20260803_091255_full_wvote_artifact30_w0-5-10-10-0-10-20-20_strat_4err/fold_28_best.pth
2026-08-03 22:15:03,015 | [FULL    ] | INFO | full_experiments_using.model_trainers.mobile_vit_trainer | Ep [003/500] T-Acc:  51.2%  V-Acc:  53.7%  V-AUROC: 0.4653  LR: 6.00e-04
2026-08-03 22:15:24,375 | [FULL    ] | INFO | full_experiments_using.model_trainers.mobile_vit_trainer | Ep [004/500] T-Acc:  51.1%  V-Acc:  52.5%  V-AUROC: 0.4759  LR: 8.00e-04
2026-08-03 22:15:24,566 | [FULL    ] | INFO | full_experiments_using.model_trainers.mobile_vit_trainer |   ↳ new best AUROC; saved checkpoint: /home/oem/choihyunsu/VOGBasedMCIDetection/outputs/checkpoints/run_20260803_091255_full_wvote_artifact30_w0-5-10-10-0-10-20-20_strat_4err/fold_28_best.pth
2026-08-03 22:15:45,746 | [FULL    ] | INFO | full_experiments_using.model_trainers.mobile_vit_trainer | Ep [005/500] T-Acc:  51.2%  V-Acc:  51.9%  V-AUROC: 0.5031  LR: 1.00e-03
2026-08-03 22:15:45,934 | [FULL    ] | INFO | full_experiments_using.model_trainers.mobile_vit_trainer |   ↳ new best AUROC; saved checkpoint: /home/oem/choihyunsu/VOGBasedMCIDetection/outputs/checkpoints/run_20260803_091255_full_wvote_artifact30_w0-5-10-10-0-10-20-20_strat_4err/fold_28_best.pth
2026-08-03 22:16:07,014 | [FULL    ] | INFO | full_experiments_using.model_trainers.mobile_vit_trainer | Ep [006/500] T-Acc:  52.7%  V-Acc:  54.8%  V-AUROC: 0.5229  LR: 1.00e-03
2026-08-03 22:16:07,147 | [FULL    ] | INFO | full_experiments_using.model_trainers.mobile_vit_trainer |   ↳ new best AUROC; saved checkpoint: /home/oem/choihyunsu/VOGBasedMCIDetection/outputs/checkpoints/run_20260803_091255_full_wvote_artifact30_w0-5-10-10-0-10-20-20_strat_4err/fold_28_best.pth
2026-08-03 22:16:28,391 | [FULL    ] | INFO | full_experiments_using.model_trainers.mobile_vit_trainer | Ep [007/500] T-Acc:  52.6%  V-Acc:  55.4%  V-AUROC: 0.5405  LR: 1.00e-03
2026-08-03 22:16:28,509 | [FULL    ] | INFO | full_experiments_using.model_trainers.mobile_vit_trainer |   ↳ new best AUROC; saved checkpoint: /home/oem/choihyunsu/VOGBasedMCIDetection/outputs/checkpoints/run_20260803_091255_full_wvote_artifact30_w0-5-10-10-0-10-20-20_strat_4err/fold_28_best.pth
2026-08-03 22:16:49,819 | [FULL    ] | INFO | full_experiments_using.model_trainers.mobile_vit_trainer | Ep [008/500] T-Acc:  53.7%  V-Acc:  52.8%  V-AUROC: 0.5459  LR: 1.00e-03
2026-08-03 22:16:49,992 | [FULL    ] | INFO | full_experiments_using.model_trainers.mobile_vit_trainer |   ↳ new best AUROC; saved checkpoint: /home/oem/choihyunsu/VOGBasedMCIDetection/outputs/checkpoints/run_20260803_091255_full_wvote_artifact30_w0-5-10-10-0-10-20-20_strat_4err/fold_28_best.pth
2026-08-03 22:17:11,172 | [FULL    ] | INFO | full_experiments_using.model_trainers.mobile_vit_trainer | Ep [009/500] T-Acc:  55.3%  V-Acc:  56.1%  V-AUROC: 0.5686  LR: 1.00e-03
2026-08-03 22:17:11,291 | [FULL    ] | INFO | full_experiments_using.model_trainers.mobile_vit_trainer |   ↳ new best AUROC; saved checkpoint: /home/oem/choihyunsu/VOGBasedMCIDetection/outputs/checkpoints/run_20260803_091255_full_wvote_artifact30_w0-5-10-10-0-10-20-20_strat_4err/fold_28_best.pth
2026-08-03 22:17:32,047 | [FULL    ] | INFO | full_experiments_using.model_trainers.mobile_vit_trainer | Ep [010/500] T-Acc:  54.0%  V-Acc:  56.2%  V-AUROC: 0.5689  LR: 1.00e-03
2026-08-03 22:17:32,168 | [FULL    ] | INFO | full_experiments_using.model_trainers.mobile_vit_trainer |   ↳ new best AUROC; saved checkpoint: /home/oem/choihyunsu/VOGBasedMCIDetection/outputs/checkpoints/run_20260803_091255_full_wvote_artifact30_w0-5-10-10-0-10-20-20_strat_4err/fold_28_best.pth
2026-08-03 22:17:51,886 | [FULL    ] | INFO | full_experiments_using.model_trainers.mobile_vit_trainer | Ep [011/500] T-Acc:  55.1%  V-Acc:  55.5%  V-AUROC: 0.5589  LR: 1.00e-03
2026-08-03 22:18:10,668 | [FULL    ] | INFO | full_experiments_using.model_trainers.mobile_vit_trainer | Ep [012/500] T-Acc:  54.6%  V-Acc:  55.1%  V-AUROC: 0.5734  LR: 1.00e-03
2026-08-03 22:18:10,852 | [FULL    ] | INFO | full_experiments_using.model_trainers.mobile_vit_trainer |   ↳ new best AUROC; saved checkpoint: /home/oem/choihyunsu/VOGBasedMCIDetection/outputs/checkpoints/run_20260803_091255_full_wvote_artifact30_w0-5-10-10-0-10-20-20_strat_4err/fold_28_best.pth
2026-08-03 22:18:32,206 | [FULL    ] | INFO | full_experiments_using.model_trainers.mobile_vit_trainer | Ep [013/500] T-Acc:  56.1%  V-Acc:  56.2%  V-AUROC: 0.5983  LR: 1.00e-03
2026-08-03 22:18:32,363 | [FULL    ] | INFO | full_experiments_using.model_trainers.mobile_vit_trainer |   ↳ new best AUROC; saved checkpoint: /home/oem/choihyunsu/VOGBasedMCIDetection/outputs/checkpoints/run_20260803_091255_full_wvote_artifact30_w0-5-10-10-0-10-20-20_strat_4err/fold_28_best.pth
2026-08-03 22:18:53,531 | [FULL    ] | INFO | full_experiments_using.model_trainers.mobile_vit_trainer | Ep [014/500] T-Acc:  57.2%  V-Acc:  56.8%  V-AUROC: 0.5944  LR: 1.00e-03
2026-08-03 22:19:14,832 | [FULL    ] | INFO | full_experiments_using.model_trainers.mobile_vit_trainer | Ep [015/500] T-Acc:  57.5%  V-Acc:  58.2%  V-AUROC: 0.5912  LR: 1.00e-03
2026-08-03 22:19:36,337 | [FULL    ] | INFO | full_experiments_using.model_trainers.mobile_vit_trainer | Ep [016/500] T-Acc:  56.8%  V-Acc:  57.3%  V-AUROC: 0.5958  LR: 1.00e-03
2026-08-03 22:19:57,576 | [FULL    ] | INFO | full_experiments_using.model_trainers.mobile_vit_trainer | Ep [017/500] T-Acc:  58.6%  V-Acc:  55.9%  V-AUROC: 0.5930  LR: 1.00e-03
2026-08-03 22:20:18,917 | [FULL    ] | INFO | full_experiments_using.model_trainers.mobile_vit_trainer | Ep [018/500] T-Acc:  59.5%  V-Acc:  57.2%  V-AUROC: 0.5846  LR: 1.00e-03
2026-08-03 22:20:40,265 | [FULL    ] | INFO | full_experiments_using.model_trainers.mobile_vit_trainer | Ep [019/500] T-Acc:  58.7%  V-Acc:  57.2%  V-AUROC: 0.5918  LR: 1.00e-03
2026-08-03 22:21:01,468 | [FULL    ] | INFO | full_experiments_using.model_trainers.mobile_vit_trainer | Ep [020/500] T-Acc:  58.9%  V-Acc:  56.3%  V-AUROC: 0.5895  LR: 1.00e-03
2026-08-03 22:21:22,612 | [FULL    ] | INFO | full_experiments_using.model_trainers.mobile_vit_trainer | Ep [021/500] T-Acc:  60.6%  V-Acc:  57.4%  V-AUROC: 0.5926  LR: 1.00e-03
2026-08-03 22:21:43,842 | [FULL    ] | INFO | full_experiments_using.model_trainers.mobile_vit_trainer | Ep [022/500] T-Acc:  59.1%  V-Acc:  57.3%  V-AUROC: 0.5876  LR: 1.00e-03
2026-08-03 22:22:05,176 | [FULL    ] | INFO | full_experiments_using.model_trainers.mobile_vit_trainer | Ep [023/500] T-Acc:  59.9%  V-Acc:  56.6%  V-AUROC: 0.5915  LR: 1.00e-03
2026-08-03 22:22:26,434 | [FULL    ] | INFO | full_experiments_using.model_trainers.mobile_vit_trainer | Ep [024/500] T-Acc:  60.3%  V-Acc:  56.9%  V-AUROC: 0.5848  LR: 1.00e-03
2026-08-03 22:22:47,484 | [FULL    ] | INFO | full_experiments_using.model_trainers.mobile_vit_trainer | Ep [025/500] T-Acc:  60.2%  V-Acc:  57.3%  V-AUROC: 0.5880  LR: 2.00e-04
2026-08-03 22:23:08,782 | [FULL    ] | INFO | full_experiments_using.model_trainers.mobile_vit_trainer | Ep [026/500] T-Acc:  60.3%  V-Acc:  56.3%  V-AUROC: 0.5836  LR: 2.00e-04
2026-08-03 22:23:29,918 | [FULL    ] | INFO | full_experiments_using.model_trainers.mobile_vit_trainer | Ep [027/500] T-Acc:  60.3%  V-Acc:  56.1%  V-AUROC: 0.5876  LR: 2.00e-04
2026-08-03 22:23:51,129 | [FULL    ] | INFO | full_experiments_using.model_trainers.mobile_vit_trainer | Ep [028/500] T-Acc:  60.6%  V-Acc:  57.2%  V-AUROC: 0.5833  LR: 2.00e-04
2026-08-03 22:24:10,126 | [FULL    ] | INFO | full_experiments_using.model_trainers.mobile_vit_trainer | Ep [029/500] T-Acc:  60.8%  V-Acc:  56.1%  V-AUROC: 0.5841  LR: 2.00e-04
2026-08-03 22:24:30,861 | [FULL    ] | INFO | full_experiments_using.model_trainers.mobile_vit_trainer | Ep [030/500] T-Acc:  60.3%  V-Acc:  57.3%  V-AUROC: 0.5860  LR: 2.00e-04
2026-08-03 22:24:51,316 | [FULL    ] | INFO | full_experiments_using.model_trainers.mobile_vit_trainer | Ep [031/500] T-Acc:  61.4%  V-Acc:  56.7%  V-AUROC: 0.5868  LR: 2.00e-04
2026-08-03 22:25:12,404 | [FULL    ] | INFO | full_experiments_using.model_trainers.mobile_vit_trainer | Ep [032/500] T-Acc:  59.6%  V-Acc:  57.0%  V-AUROC: 0.5854  LR: 2.00e-04
2026-08-03 22:25:33,684 | [FULL    ] | INFO | full_experiments_using.model_trainers.mobile_vit_trainer | Ep [033/500] T-Acc:  60.8%  V-Acc:  56.7%  V-AUROC: 0.5892  LR: 2.00e-04
2026-08-03 22:25:54,695 | [FULL    ] | INFO | full_experiments_using.model_trainers.mobile_vit_trainer | Ep [034/500] T-Acc:  60.3%  V-Acc:  56.6%  V-AUROC: 0.5869  LR: 2.00e-04
2026-08-03 22:26:16,098 | [FULL    ] | INFO | full_experiments_using.model_trainers.mobile_vit_trainer | Ep [035/500] T-Acc:  60.5%  V-Acc:  56.4%  V-AUROC: 0.5860  LR: 2.00e-04
2026-08-03 22:26:37,625 | [FULL    ] | INFO | full_experiments_using.model_trainers.mobile_vit_trainer | Ep [036/500] T-Acc:  60.1%  V-Acc:  56.0%  V-AUROC: 0.5849  LR: 4.00e-05
2026-08-03 22:26:58,809 | [FULL    ] | INFO | full_experiments_using.model_trainers.mobile_vit_trainer | Ep [037/500] T-Acc:  60.2%  V-Acc:  56.5%  V-AUROC: 0.5855  LR: 4.00e-05
2026-08-03 22:27:20,099 | [FULL    ] | INFO | full_experiments_using.model_trainers.mobile_vit_trainer | Ep [038/500] T-Acc:  60.0%  V-Acc:  56.8%  V-AUROC: 0.5846  LR: 4.00e-05
2026-08-03 22:27:41,565 | [FULL    ] | INFO | full_experiments_using.model_trainers.mobile_vit_trainer | Ep [039/500] T-Acc:  61.1%  V-Acc:  56.2%  V-AUROC: 0.5857  LR: 4.00e-05
2026-08-03 22:28:02,844 | [FULL    ] | INFO | full_experiments_using.model_trainers.mobile_vit_trainer | Ep [040/500] T-Acc:  61.4%  V-Acc:  56.6%  V-AUROC: 0.5855  LR: 4.00e-05
2026-08-03 22:28:24,049 | [FULL    ] | INFO | full_experiments_using.model_trainers.mobile_vit_trainer | Ep [041/500] T-Acc:  60.6%  V-Acc:  56.3%  V-AUROC: 0.5852  LR: 4.00e-05
2026-08-03 22:28:45,342 | [FULL    ] | INFO | full_experiments_using.model_trainers.mobile_vit_trainer | Ep [042/500] T-Acc:  59.7%  V-Acc:  56.7%  V-AUROC: 0.5853  LR: 4.00e-05
2026-08-03 22:29:06,608 | [FULL    ] | INFO | full_experiments_using.model_trainers.mobile_vit_trainer | Ep [043/500] T-Acc:  59.8%  V-Acc:  56.3%  V-AUROC: 0.5853  LR: 4.00e-05
2026-08-03 22:29:06,608 | [FULL    ] | INFO | full_experiments_using.model_trainers.mobile_vit_trainer | Early stop — best AUROC 0.5983 at epoch 13 (no improvement for 30 epochs)
2026-08-03 22:29:06,608 | [FULL    ] | INFO | full_experiments_using.model_trainers.mobile_vit_trainer | Done. Best AUROC: 0.5983 (epoch 13) → /home/oem/choihyunsu/VOGBasedMCIDetection/outputs/checkpoints/run_20260803_091255_full_wvote_artifact30_w0-5-10-10-0-10-20-20_strat_4err/fold_28_best.pth
2026-08-03 22:29:13,027 | [FULL    ] | INFO | full_experiments_using.evaluators.monte_carlo_evaluator | -> Fold 29 Result | Acc=0.636 Sens=0.625 Spec=0.667 AUROC=0.875
2026-08-03 22:29:13,078 | [FULL    ] | INFO | full_experiments_using.evaluators.monte_carlo_evaluator | === Fold 30/30 | train: 25 subj (HC=10 MCI=15) / 3928 win | test: 12 subj (HC=4 MCI=8) / 1787 win ===
2026-08-03 22:29:13,302 | [FULL    ] | INFO | httpx | HTTP Request: HEAD https://huggingface.co/apple/mobilevit-small/resolve/main/config.json "HTTP/1.1 307 Temporary Redirect"
2026-08-03 22:29:13,314 | [FULL    ] | INFO | httpx | HTTP Request: HEAD https://huggingface.co/api/resolve-cache/models/apple/mobilevit-small/6c8612545dc98676d27bc518fa521d9e9af23e34/config.json "HTTP/1.1 200 OK"
2026-08-03 22:29:13,621 | [FULL    ] | INFO | httpx | HTTP Request: HEAD https://huggingface.co/apple/mobilevit-small/resolve/main/model.safetensors "HTTP/1.1 404 Not Found"
2026-08-03 22:29:13,821 | [FULL    ] | INFO | httpx | HTTP Request: HEAD https://huggingface.co/apple/mobilevit-small/resolve/main/model.safetensors.index.json "HTTP/1.1 404 Not Found"
2026-08-03 22:29:14,079 | [FULL    ] | INFO | httpx | HTTP Request: HEAD https://huggingface.co/apple/mobilevit-small/resolve/main/pytorch_model.bin "HTTP/1.1 302 Found"
2026-08-03 22:29:14,293 | [FULL    ] | INFO | httpx | HTTP Request: HEAD https://huggingface.co/apple/mobilevit-small/resolve/main/model.safetensors "HTTP/1.1 404 Not Found"
2026-08-03 22:29:14,515 | [FULL    ] | INFO | httpx | HTTP Request: GET https://huggingface.co/api/models/apple/mobilevit-small "HTTP/1.1 200 OK"
2026-08-03 22:29:14,751 | [FULL    ] | INFO | httpx | HTTP Request: GET https://huggingface.co/api/models/apple/mobilevit-small/commits/main "HTTP/1.1 200 OK"
2026-08-03 22:29:14,975 | [FULL    ] | INFO | httpx | HTTP Request: GET https://huggingface.co/api/models/apple/mobilevit-small/discussions?p=0 "HTTP/1.1 200 OK"
2026-08-03 22:29:15,195 | [FULL    ] | INFO | httpx | HTTP Request: GET https://huggingface.co/api/models/apple/mobilevit-small/commits/refs%2Fpr%2F6 "HTTP/1.1 200 OK"
2026-08-03 22:29:15,408 | [FULL    ] | INFO | httpx | HTTP Request: HEAD https://huggingface.co/apple/mobilevit-small/resolve/refs%2Fpr%2F6/model.safetensors.index.json "HTTP/1.1 404 Not Found"
2026-08-03 22:29:15,634 | [FULL    ] | INFO | httpx | HTTP Request: HEAD https://huggingface.co/apple/mobilevit-small/resolve/refs%2Fpr%2F6/model.safetensors "HTTP/1.1 302 Found"
2026-08-03 22:29:15,770 | [FULL    ] | INFO | full_experiments_using.model_trainers.mobile_vit_trainer | Device: cuda | max_epochs=500 | batch=32 | eval_batch=256 | es_patience=30
2026-08-03 22:29:15,778 | [FULL    ] | INFO | full_experiments_using.model_trainers.mobile_vit_trainer | CE weights — HC: 1.089  MCI: 0.924
2026-08-03 22:29:51,511 | [FULL    ] | INFO | full_experiments_using.model_trainers.mobile_vit_trainer | Ep [001/500] T-Acc:  50.1%  V-Acc:  43.6%  V-AUROC: 0.5472  LR: 2.00e-04
2026-08-03 22:29:51,572 | [FULL    ] | INFO | full_experiments_using.model_trainers.mobile_vit_trainer |   ↳ new best AUROC; saved checkpoint: /home/oem/choihyunsu/VOGBasedMCIDetection/outputs/checkpoints/run_20260803_091255_full_wvote_artifact30_w0-5-10-10-0-10-20-20_strat_4err/fold_29_best.pth
2026-08-03 22:30:12,953 | [FULL    ] | INFO | full_experiments_using.model_trainers.mobile_vit_trainer | Ep [002/500] T-Acc:  49.5%  V-Acc:  44.1%  V-AUROC: 0.5457  LR: 4.00e-04
2026-08-03 22:30:34,271 | [FULL    ] | INFO | full_experiments_using.model_trainers.mobile_vit_trainer | Ep [003/500] T-Acc:  50.2%  V-Acc:  47.3%  V-AUROC: 0.5512  LR: 6.00e-04
2026-08-03 22:30:34,389 | [FULL    ] | INFO | full_experiments_using.model_trainers.mobile_vit_trainer |   ↳ new best AUROC; saved checkpoint: /home/oem/choihyunsu/VOGBasedMCIDetection/outputs/checkpoints/run_20260803_091255_full_wvote_artifact30_w0-5-10-10-0-10-20-20_strat_4err/fold_29_best.pth
2026-08-03 22:30:55,824 | [FULL    ] | INFO | full_experiments_using.model_trainers.mobile_vit_trainer | Ep [004/500] T-Acc:  51.7%  V-Acc:  49.3%  V-AUROC: 0.5424  LR: 8.00e-04
2026-08-03 22:31:17,266 | [FULL    ] | INFO | full_experiments_using.model_trainers.mobile_vit_trainer | Ep [005/500] T-Acc:  52.2%  V-Acc:  51.3%  V-AUROC: 0.5610  LR: 1.00e-03
2026-08-03 22:31:17,386 | [FULL    ] | INFO | full_experiments_using.model_trainers.mobile_vit_trainer |   ↳ new best AUROC; saved checkpoint: /home/oem/choihyunsu/VOGBasedMCIDetection/outputs/checkpoints/run_20260803_091255_full_wvote_artifact30_w0-5-10-10-0-10-20-20_strat_4err/fold_29_best.pth
2026-08-03 22:31:38,899 | [FULL    ] | INFO | full_experiments_using.model_trainers.mobile_vit_trainer | Ep [006/500] T-Acc:  53.4%  V-Acc:  52.0%  V-AUROC: 0.5588  LR: 1.00e-03
2026-08-03 22:32:00,322 | [FULL    ] | INFO | full_experiments_using.model_trainers.mobile_vit_trainer | Ep [007/500] T-Acc:  52.0%  V-Acc:  51.7%  V-AUROC: 0.5547  LR: 1.00e-03
2026-08-03 22:32:21,712 | [FULL    ] | INFO | full_experiments_using.model_trainers.mobile_vit_trainer | Ep [008/500] T-Acc:  53.5%  V-Acc:  54.3%  V-AUROC: 0.5588  LR: 1.00e-03
2026-08-03 22:32:42,940 | [FULL    ] | INFO | full_experiments_using.model_trainers.mobile_vit_trainer | Ep [009/500] T-Acc:  55.0%  V-Acc:  53.0%  V-AUROC: 0.5625  LR: 1.00e-03
2026-08-03 22:32:43,062 | [FULL    ] | INFO | full_experiments_using.model_trainers.mobile_vit_trainer |   ↳ new best AUROC; saved checkpoint: /home/oem/choihyunsu/VOGBasedMCIDetection/outputs/checkpoints/run_20260803_091255_full_wvote_artifact30_w0-5-10-10-0-10-20-20_strat_4err/fold_29_best.pth
2026-08-03 22:33:04,549 | [FULL    ] | INFO | full_experiments_using.model_trainers.mobile_vit_trainer | Ep [010/500] T-Acc:  53.9%  V-Acc:  54.4%  V-AUROC: 0.5600  LR: 1.00e-03
2026-08-03 22:33:25,892 | [FULL    ] | INFO | full_experiments_using.model_trainers.mobile_vit_trainer | Ep [011/500] T-Acc:  55.2%  V-Acc:  55.3%  V-AUROC: 0.5744  LR: 1.00e-03
2026-08-03 22:33:26,064 | [FULL    ] | INFO | full_experiments_using.model_trainers.mobile_vit_trainer |   ↳ new best AUROC; saved checkpoint: /home/oem/choihyunsu/VOGBasedMCIDetection/outputs/checkpoints/run_20260803_091255_full_wvote_artifact30_w0-5-10-10-0-10-20-20_strat_4err/fold_29_best.pth
2026-08-03 22:33:45,510 | [FULL    ] | INFO | full_experiments_using.model_trainers.mobile_vit_trainer | Ep [012/500] T-Acc:  54.3%  V-Acc:  56.1%  V-AUROC: 0.5812  LR: 1.00e-03
2026-08-03 22:33:45,629 | [FULL    ] | INFO | full_experiments_using.model_trainers.mobile_vit_trainer |   ↳ new best AUROC; saved checkpoint: /home/oem/choihyunsu/VOGBasedMCIDetection/outputs/checkpoints/run_20260803_091255_full_wvote_artifact30_w0-5-10-10-0-10-20-20_strat_4err/fold_29_best.pth
2026-08-03 22:34:06,831 | [FULL    ] | INFO | full_experiments_using.model_trainers.mobile_vit_trainer | Ep [013/500] T-Acc:  56.6%  V-Acc:  54.6%  V-AUROC: 0.5625  LR: 1.00e-03
2026-08-03 22:34:26,863 | [FULL    ] | INFO | full_experiments_using.model_trainers.mobile_vit_trainer | Ep [014/500] T-Acc:  55.3%  V-Acc:  54.2%  V-AUROC: 0.5799  LR: 1.00e-03
2026-08-03 22:34:48,256 | [FULL    ] | INFO | full_experiments_using.model_trainers.mobile_vit_trainer | Ep [015/500] T-Acc:  56.7%  V-Acc:  54.8%  V-AUROC: 0.5784  LR: 1.00e-03
2026-08-03 22:35:09,661 | [FULL    ] | INFO | full_experiments_using.model_trainers.mobile_vit_trainer | Ep [016/500] T-Acc:  57.0%  V-Acc:  54.9%  V-AUROC: 0.5787  LR: 1.00e-03
2026-08-03 22:35:30,879 | [FULL    ] | INFO | full_experiments_using.model_trainers.mobile_vit_trainer | Ep [017/500] T-Acc:  56.8%  V-Acc:  55.6%  V-AUROC: 0.5872  LR: 1.00e-03
2026-08-03 22:35:31,006 | [FULL    ] | INFO | full_experiments_using.model_trainers.mobile_vit_trainer |   ↳ new best AUROC; saved checkpoint: /home/oem/choihyunsu/VOGBasedMCIDetection/outputs/checkpoints/run_20260803_091255_full_wvote_artifact30_w0-5-10-10-0-10-20-20_strat_4err/fold_29_best.pth
2026-08-03 22:35:52,186 | [FULL    ] | INFO | full_experiments_using.model_trainers.mobile_vit_trainer | Ep [018/500] T-Acc:  57.5%  V-Acc:  54.8%  V-AUROC: 0.5752  LR: 1.00e-03
2026-08-03 22:36:13,499 | [FULL    ] | INFO | full_experiments_using.model_trainers.mobile_vit_trainer | Ep [019/500] T-Acc:  58.8%  V-Acc:  55.3%  V-AUROC: 0.5833  LR: 1.00e-03
2026-08-03 22:36:35,021 | [FULL    ] | INFO | full_experiments_using.model_trainers.mobile_vit_trainer | Ep [020/500] T-Acc:  57.3%  V-Acc:  55.6%  V-AUROC: 0.5883  LR: 1.00e-03
2026-08-03 22:36:35,142 | [FULL    ] | INFO | full_experiments_using.model_trainers.mobile_vit_trainer |   ↳ new best AUROC; saved checkpoint: /home/oem/choihyunsu/VOGBasedMCIDetection/outputs/checkpoints/run_20260803_091255_full_wvote_artifact30_w0-5-10-10-0-10-20-20_strat_4err/fold_29_best.pth
2026-08-03 22:36:56,476 | [FULL    ] | INFO | full_experiments_using.model_trainers.mobile_vit_trainer | Ep [021/500] T-Acc:  58.7%  V-Acc:  55.8%  V-AUROC: 0.5818  LR: 1.00e-03
2026-08-03 22:37:17,684 | [FULL    ] | INFO | full_experiments_using.model_trainers.mobile_vit_trainer | Ep [022/500] T-Acc:  58.6%  V-Acc:  55.6%  V-AUROC: 0.5807  LR: 1.00e-03
2026-08-03 22:37:38,971 | [FULL    ] | INFO | full_experiments_using.model_trainers.mobile_vit_trainer | Ep [023/500] T-Acc:  58.4%  V-Acc:  54.7%  V-AUROC: 0.5693  LR: 1.00e-03
2026-08-03 22:38:00,160 | [FULL    ] | INFO | full_experiments_using.model_trainers.mobile_vit_trainer | Ep [024/500] T-Acc:  59.4%  V-Acc:  55.6%  V-AUROC: 0.5822  LR: 1.00e-03
2026-08-03 22:38:21,391 | [FULL    ] | INFO | full_experiments_using.model_trainers.mobile_vit_trainer | Ep [025/500] T-Acc:  59.1%  V-Acc:  57.1%  V-AUROC: 0.5871  LR: 1.00e-03
2026-08-03 22:38:42,725 | [FULL    ] | INFO | full_experiments_using.model_trainers.mobile_vit_trainer | Ep [026/500] T-Acc:  59.4%  V-Acc:  55.2%  V-AUROC: 0.5821  LR: 1.00e-03
2026-08-03 22:39:04,016 | [FULL    ] | INFO | full_experiments_using.model_trainers.mobile_vit_trainer | Ep [027/500] T-Acc:  57.6%  V-Acc:  54.0%  V-AUROC: 0.5906  LR: 1.00e-03
2026-08-03 22:39:04,135 | [FULL    ] | INFO | full_experiments_using.model_trainers.mobile_vit_trainer |   ↳ new best AUROC; saved checkpoint: /home/oem/choihyunsu/VOGBasedMCIDetection/outputs/checkpoints/run_20260803_091255_full_wvote_artifact30_w0-5-10-10-0-10-20-20_strat_4err/fold_29_best.pth
2026-08-03 22:39:25,488 | [FULL    ] | INFO | full_experiments_using.model_trainers.mobile_vit_trainer | Ep [028/500] T-Acc:  58.8%  V-Acc:  55.5%  V-AUROC: 0.5954  LR: 1.00e-03
2026-08-03 22:39:25,588 | [FULL    ] | INFO | full_experiments_using.model_trainers.mobile_vit_trainer |   ↳ new best AUROC; saved checkpoint: /home/oem/choihyunsu/VOGBasedMCIDetection/outputs/checkpoints/run_20260803_091255_full_wvote_artifact30_w0-5-10-10-0-10-20-20_strat_4err/fold_29_best.pth
2026-08-03 22:39:46,913 | [FULL    ] | INFO | full_experiments_using.model_trainers.mobile_vit_trainer | Ep [029/500] T-Acc:  59.2%  V-Acc:  56.6%  V-AUROC: 0.5875  LR: 1.00e-03
2026-08-03 22:40:08,232 | [FULL    ] | INFO | full_experiments_using.model_trainers.mobile_vit_trainer | Ep [030/500] T-Acc:  58.5%  V-Acc:  56.3%  V-AUROC: 0.5933  LR: 1.00e-03
2026-08-03 22:40:29,451 | [FULL    ] | INFO | full_experiments_using.model_trainers.mobile_vit_trainer | Ep [031/500] T-Acc:  59.8%  V-Acc:  56.9%  V-AUROC: 0.5915  LR: 1.00e-03
2026-08-03 22:40:50,841 | [FULL    ] | INFO | full_experiments_using.model_trainers.mobile_vit_trainer | Ep [032/500] T-Acc:  59.6%  V-Acc:  55.8%  V-AUROC: 0.5753  LR: 1.00e-03
2026-08-03 22:41:12,163 | [FULL    ] | INFO | full_experiments_using.model_trainers.mobile_vit_trainer | Ep [033/500] T-Acc:  60.3%  V-Acc:  55.1%  V-AUROC: 0.5763  LR: 1.00e-03
2026-08-03 22:41:33,455 | [FULL    ] | INFO | full_experiments_using.model_trainers.mobile_vit_trainer | Ep [034/500] T-Acc:  60.2%  V-Acc:  55.8%  V-AUROC: 0.5793  LR: 1.00e-03
2026-08-03 22:41:54,866 | [FULL    ] | INFO | full_experiments_using.model_trainers.mobile_vit_trainer | Ep [035/500] T-Acc:  60.3%  V-Acc:  56.9%  V-AUROC: 0.5771  LR: 1.00e-03
2026-08-03 22:42:16,039 | [FULL    ] | INFO | full_experiments_using.model_trainers.mobile_vit_trainer | Ep [036/500] T-Acc:  60.8%  V-Acc:  54.8%  V-AUROC: 0.5735  LR: 1.00e-03
2026-08-03 22:42:37,498 | [FULL    ] | INFO | full_experiments_using.model_trainers.mobile_vit_trainer | Ep [037/500] T-Acc:  60.1%  V-Acc:  54.4%  V-AUROC: 0.5728  LR: 1.00e-03
2026-08-03 22:42:58,820 | [FULL    ] | INFO | full_experiments_using.model_trainers.mobile_vit_trainer | Ep [038/500] T-Acc:  60.3%  V-Acc:  55.0%  V-AUROC: 0.5885  LR: 1.00e-03
2026-08-03 22:43:20,014 | [FULL    ] | INFO | full_experiments_using.model_trainers.mobile_vit_trainer | Ep [039/500] T-Acc:  59.3%  V-Acc:  56.5%  V-AUROC: 0.5793  LR: 1.00e-03
2026-08-03 22:43:41,318 | [FULL    ] | INFO | full_experiments_using.model_trainers.mobile_vit_trainer | Ep [040/500] T-Acc:  60.0%  V-Acc:  56.4%  V-AUROC: 0.5868  LR: 2.00e-04
2026-08-03 22:44:02,802 | [FULL    ] | INFO | full_experiments_using.model_trainers.mobile_vit_trainer | Ep [041/500] T-Acc:  61.0%  V-Acc:  55.0%  V-AUROC: 0.5836  LR: 2.00e-04
2026-08-03 22:44:23,967 | [FULL    ] | INFO | full_experiments_using.model_trainers.mobile_vit_trainer | Ep [042/500] T-Acc:  62.2%  V-Acc:  55.7%  V-AUROC: 0.5872  LR: 2.00e-04
2026-08-03 22:44:41,235 | [FULL    ] | INFO | full_experiments_using.model_trainers.mobile_vit_trainer | Ep [043/500] T-Acc:  60.1%  V-Acc:  56.9%  V-AUROC: 0.5843  LR: 2.00e-04
2026-08-03 22:44:55,595 | [FULL    ] | INFO | full_experiments_using.model_trainers.mobile_vit_trainer | Ep [044/500] T-Acc:  61.3%  V-Acc:  55.6%  V-AUROC: 0.5859  LR: 2.00e-04
2026-08-03 22:45:09,235 | [FULL    ] | INFO | full_experiments_using.model_trainers.mobile_vit_trainer | Ep [045/500] T-Acc:  61.7%  V-Acc:  55.7%  V-AUROC: 0.5865  LR: 2.00e-04
2026-08-03 22:45:23,667 | [FULL    ] | INFO | full_experiments_using.model_trainers.mobile_vit_trainer | Ep [046/500] T-Acc:  61.0%  V-Acc:  56.2%  V-AUROC: 0.5829  LR: 2.00e-04
2026-08-03 22:45:38,128 | [FULL    ] | INFO | full_experiments_using.model_trainers.mobile_vit_trainer | Ep [047/500] T-Acc:  60.8%  V-Acc:  55.5%  V-AUROC: 0.5893  LR: 2.00e-04
2026-08-03 22:45:52,528 | [FULL    ] | INFO | full_experiments_using.model_trainers.mobile_vit_trainer | Ep [048/500] T-Acc:  60.5%  V-Acc:  55.7%  V-AUROC: 0.5850  LR: 2.00e-04
2026-08-03 22:46:06,701 | [FULL    ] | INFO | full_experiments_using.model_trainers.mobile_vit_trainer | Ep [049/500] T-Acc:  60.7%  V-Acc:  55.6%  V-AUROC: 0.5902  LR: 2.00e-04
2026-08-03 22:46:20,911 | [FULL    ] | INFO | full_experiments_using.model_trainers.mobile_vit_trainer | Ep [050/500] T-Acc:  61.6%  V-Acc:  56.2%  V-AUROC: 0.5871  LR: 2.00e-04
2026-08-03 22:46:35,291 | [FULL    ] | INFO | full_experiments_using.model_trainers.mobile_vit_trainer | Ep [051/500] T-Acc:  62.7%  V-Acc:  55.7%  V-AUROC: 0.5880  LR: 4.00e-05
2026-08-03 22:46:49,487 | [FULL    ] | INFO | full_experiments_using.model_trainers.mobile_vit_trainer | Ep [052/500] T-Acc:  62.2%  V-Acc:  56.4%  V-AUROC: 0.5875  LR: 4.00e-05
2026-08-03 22:47:03,858 | [FULL    ] | INFO | full_experiments_using.model_trainers.mobile_vit_trainer | Ep [053/500] T-Acc:  60.9%  V-Acc:  55.1%  V-AUROC: 0.5901  LR: 4.00e-05
2026-08-03 22:47:18,095 | [FULL    ] | INFO | full_experiments_using.model_trainers.mobile_vit_trainer | Ep [054/500] T-Acc:  61.0%  V-Acc:  55.3%  V-AUROC: 0.5858  LR: 4.00e-05
2026-08-03 22:47:32,322 | [FULL    ] | INFO | full_experiments_using.model_trainers.mobile_vit_trainer | Ep [055/500] T-Acc:  61.4%  V-Acc:  56.0%  V-AUROC: 0.5879  LR: 4.00e-05
2026-08-03 22:47:46,556 | [FULL    ] | INFO | full_experiments_using.model_trainers.mobile_vit_trainer | Ep [056/500] T-Acc:  61.2%  V-Acc:  55.7%  V-AUROC: 0.5859  LR: 4.00e-05
2026-08-03 22:48:00,783 | [FULL    ] | INFO | full_experiments_using.model_trainers.mobile_vit_trainer | Ep [057/500] T-Acc:  60.9%  V-Acc:  56.0%  V-AUROC: 0.5861  LR: 4.00e-05
2026-08-03 22:48:15,155 | [FULL    ] | INFO | full_experiments_using.model_trainers.mobile_vit_trainer | Ep [058/500] T-Acc:  61.2%  V-Acc:  55.6%  V-AUROC: 0.5870  LR: 4.00e-05
2026-08-03 22:48:15,155 | [FULL    ] | INFO | full_experiments_using.model_trainers.mobile_vit_trainer | Early stop — best AUROC 0.5954 at epoch 28 (no improvement for 30 epochs)
2026-08-03 22:48:15,155 | [FULL    ] | INFO | full_experiments_using.model_trainers.mobile_vit_trainer | Done. Best AUROC: 0.5954 (epoch 28) → /home/oem/choihyunsu/VOGBasedMCIDetection/outputs/checkpoints/run_20260803_091255_full_wvote_artifact30_w0-5-10-10-0-10-20-20_strat_4err/fold_29_best.pth
2026-08-03 22:48:20,303 | [FULL    ] | INFO | full_experiments_using.evaluators.monte_carlo_evaluator | -> Fold 30 Result | Acc=0.800 Sens=1.000 Spec=0.333 AUROC=0.905
2026-08-03 22:48:20,303 | [FULL    ] | INFO | full_experiments_using.evaluators.monte_carlo_evaluator | ============================================================
2026-08-03 22:48:20,303 | [FULL    ] | INFO | full_experiments_using.evaluators.monte_carlo_evaluator |   MC-CV Results [stratified-group sampling] (30 folds)
2026-08-03 22:48:20,303 | [FULL    ] | INFO | full_experiments_using.evaluators.monte_carlo_evaluator |   Accuracy    : 0.738 ± 0.143
2026-08-03 22:48:20,303 | [FULL    ] | INFO | full_experiments_using.evaluators.monte_carlo_evaluator |   Sensitivity : 0.732 ± 0.215
2026-08-03 22:48:20,303 | [FULL    ] | INFO | full_experiments_using.evaluators.monte_carlo_evaluator |   Specificity : 0.753 ± 0.220
2026-08-03 22:48:20,304 | [FULL    ] | INFO | full_experiments_using.evaluators.monte_carlo_evaluator |   AUROC       : 0.876 ± 0.102
2026-08-03 22:48:20,304 | [FULL    ] | INFO | full_experiments_using.evaluators.monte_carlo_evaluator | ============================================================
2026-08-03 22:48:20,304 | [FULL    ] | INFO | full_experiments_using.evaluators.monte_carlo_evaluator | Evaluator lifecycle end: writing probe report...
2026-08-03 22:48:20,893 | [FULL    ] | INFO | probe_generators.probe_generator | Task-Contribution Probe report written: /home/oem/choihyunsu/VOGBasedMCIDetection/outputs/reports/run_20260803_091255_full_wvote_artifact30_w0-5-10-10-0-10-20-20_strat_4err_task_wise_probe.md
